x,y,mean_speed,mean_motion_angle,var_speed,var_motion_angle,coef,weight
-41.09400177001953,-2.753999948501587,1.2656755447387695,2.077057361602783,0.8353439569473267,2.2410061359405518,-0.030356258153915405,0.08428303897380829
-41.09400177001953,-2.753999948501587,1.4811495542526245,3.0918731689453125,0.29755067825317383,0.07292066514492035,-0.33869704604148865,0.9152752161026001
-41.09400177001953,-2.753999948501587,1.210938572883606,0.3676287829875946,0.5676931738853455,0.5757007002830505,0.1983899623155594,0.0004417751624714583
-41.09400177001953,-1.753999948501587,0.6244838237762451,0.020686304196715355,0.08143384009599686,2.6394870281219482,0.018138788640499115,0.02868220955133438
-41.09400177001953,-1.753999948501587,1.1678941249847412,2.6564090251922607,0.08615048229694366,0.026818884536623955,-0.17938558757305145,0.9711306095123291
-41.09400177001953,-1.753999948501587,0.9714967012405396,5.636012554168701,0.21539542078971863,0.6057420969009399,0.1297425925731659,0.0001871736894827336
-40.09400177001953,-3.753999948501587,0.19995629787445068,0.027981853112578392,0.0018434273079037666,3.444605827331543,0.04178302735090256,0.5530025959014893
-40.09400177001953,-3.753999948501587,1.0105068683624268,3.947420358657837,0.10327563434839249,0.09350405633449554,-0.5711206793785095,0.4469907581806183
-40.09400177001953,-3.753999948501587,0.8404496908187866,4.283440589904785,0.2422003597021103,0.09500651061534882,0.5077337026596069,6.654062417510431e-06
-40.09400177001953,-2.753999948501587,1.085683822631836,4.544399261474609,1.3121601343154907,2.823124408721924,0.10524172335863113,0.026310542598366737
-40.09400177001953,-2.753999948501587,1.1140791177749634,3.0069286823272705,0.09231395274400711,0.07255684584379196,-0.17278602719306946,0.9730104207992554
-40.09400177001953,-2.753999948501587,0.9215154647827148,6.102138042449951,0.1726912409067154,0.6964536309242249,-0.09502808004617691,0.0006789814797230065
-40.09400177001953,-1.753999948501587,0.7962495684623718,3.436495780944824,0.08220254629850388,1.7774314880371094,-0.040232304483652115,0.34951508045196533
-40.09400177001953,-1.753999948501587,1.2389918565750122,2.3082737922668457,0.21014082431793213,0.026605166494846344,0.018684860318899155,0.6402079463005066
-40.09400177001953,-1.753999948501587,0.9855066537857056,5.518542289733887,0.12264013290405273,0.061291374266147614,0.0438186451792717,0.010277040302753448
-39.09400177001953,-3.753999948501587,0.42931756377220154,5.6312336921691895,0.010449918918311596,3.8203654289245605,0.05925929546356201,0.019927503541111946
-39.09400177001953,-3.753999948501587,0.8929987549781799,3.655853271484375,0.04090588912367821,0.04769827425479889,-0.4530998468399048,0.9800675511360168
-39.09400177001953,-3.753999948501587,0.9522479176521301,4.969415664672852,0.32694265246391296,0.2983916103839874,0.37799468636512756,4.853742211707868e-06
-39.09400177001953,-2.753999948501587,1.2632663249969482,5.4396586418151855,3.4399819374084473,2.9798996448516846,0.11151867359876633,0.01628781110048294
-39.09400177001953,-2.753999948501587,1.1640534400939941,2.9933483600616455,0.0959278792142868,0.07655724883079529,-0.07366020977497101,0.9803556203842163
-39.09400177001953,-2.753999948501587,1.0093790292739868,6.064263343811035,0.1435748189687729,0.2917746603488922,-0.11203603446483612,0.0033565331250429153
-39.09400177001953,-1.753999948501587,0.9808345437049866,6.146348476409912,0.10637900978326797,0.9448736310005188,0.20041078329086304,0.17213572561740875
-39.09400177001953,-1.753999948501587,1.0518739223480225,1.9835046529769897,0.2513870596885681,0.15236134827136993,-0.026973381638526917,0.8230811953544617
-39.09400177001953,-1.753999948501587,0.8700019717216492,5.616275787353516,0.18421946465969086,0.6746114492416382,0.21482738852500916,0.00478310277685523
-38.09400177001953,-4.754000186920166,0.39177507162094116,4.921609878540039,0.014661065302789211,0.46078062057495117,-0.07145622372627258,0.15243567526340485
-38.09400177001953,-4.754000186920166,0.7886939644813538,3.659238338470459,0.2581116855144501,0.07495084404945374,0.22495734691619873,0.8475635051727295
-38.09400177001953,-4.754000186920166,0.639967143535614,5.706688404083252,0.607556939125061,8.028619766235352,0.44697079062461853,8.566884730498714e-07
-38.09400177001953,-3.753999948501587,0.7071748971939087,5.843247890472412,0.045928217470645905,1.386282205581665,0.056632254272699356,0.0716995894908905
-38.09400177001953,-3.753999948501587,0.8954716920852661,2.98990535736084,0.0591995045542717,0.10194563120603561,-0.07663064450025558,0.9270117282867432
-38.09400177001953,-3.753999948501587,0.9288060069084167,6.215149402618408,0.1650250405073166,0.7413973212242126,-0.0022825479973107576,0.0012886463664472103
-38.09400177001953,-2.753999948501587,1.2099387645721436,1.1302608251571655,1.1924983263015747,2.521049976348877,0.1257266402244568,0.0472392737865448
-38.09400177001953,-2.753999948501587,1.1258618831634521,3.083343744277954,0.07968687266111374,0.07183874398469925,0.10170997679233551,0.9462329745292664
-38.09400177001953,-2.753999948501587,1.144927978515625,5.995404243469238,0.16969065368175507,0.13626976311206818,-0.04369528964161873,0.006527721416205168
-38.09400177001953,-1.753999948501587,1.1896345615386963,0.07092386484146118,0.11811945587396622,0.6616594791412354,0.1799781620502472,0.38095784187316895
-38.09400177001953,-1.753999948501587,1.002011775970459,1.3654106855392456,0.3290869891643524,2.126906156539917,-0.44951924681663513,0.6169306039810181
-38.09400177001953,-1.753999948501587,0.8528501391410828,5.29779577255249,0.10140253603458405,6.292675495147705,0.39392024278640747,0.0021115338895469904
-37.09400177001953,-4.754000186920166,0.7053285837173462,5.046041488647461,0.04695943370461464,0.5292878746986389,-0.18505652248859406,0.08022672683000565
-37.09400177001953,-4.754000186920166,0.7380829453468323,3.8301548957824707,0.13238465785980225,0.1048496812582016,-0.08820264041423798,0.9197469353675842
-37.09400177001953,-4.754000186920166,0.6178122162818909,4.084150314331055,0.20097889006137848,1.934810757637024,0.5110431909561157,2.6335485017625615e-05
-37.09400177001953,-3.753999948501587,0.9713177680969238,1.2085479497909546,0.17331521213054657,2.214900493621826,0.04699103906750679,0.02891826070845127
-37.09400177001953,-3.753999948501587,1.0702167749404907,3.2450263500213623,0.06316586583852768,0.05778772756457329,0.08233248442411423,0.9527570009231567
-37.09400177001953,-3.753999948501587,1.0848407745361328,0.045359618961811066,0.10117457062005997,0.1522461622953415,0.04193407669663429,0.018324676901102066
-37.09400177001953,-2.753999948501587,1.2014186382293701,0.9404225945472717,0.7560187578201294,2.646306276321411,0.13137514889240265,0.08550955355167389
-37.09400177001953,-2.753999948501587,1.120102047920227,3.319850444793701,0.06759350001811981,0.08181216567754745,0.013870015740394592,0.8494343757629395
-37.09400177001953,-2.753999948501587,1.1561017036437988,0.08899352699518204,0.11269205063581467,0.07702948898077011,-0.1030854806303978,0.0650559812784195
-37.09400177001953,-1.753999948501587,1.1320221424102783,1.6918466091156006,0.25914493203163147,1.1417502164840698,0.10393638908863068,0.3301337659358978
-37.09400177001953,-1.753999948501587,1.0085029602050781,2.9453747272491455,0.19976752996444702,0.2656039595603943,-0.12312524765729904,0.6660338640213013
-37.09400177001953,-1.753999948501587,0.9576558470726013,0.24215832352638245,0.16778768599033356,0.8152728080749512,0.3940727114677429,0.003832315793260932
-37.09400177001953,0.2460000067949295,0.7527768611907959,4.365780353546143,0.03353544697165489,1.0612999200820923,0.1296909898519516,0.8578712940216064
-37.09400177001953,0.2460000067949295,0.7402283549308777,2.798433303833008,0.06242363154888153,0.36224302649497986,-0.0780046284198761,0.1413378119468689
-37.09400177001953,0.2460000067949295,0.9824081063270569,0.6455782055854797,0.5481964349746704,1.0278838872909546,-0.09218166768550873,0.0007908278494141996
-37.09400177001953,1.246000051498413,0.861097514629364,6.009566783905029,0.15000435709953308,3.0524065494537354,0.12598425149917603,0.00031761371064931154
-37.09400177001953,1.246000051498413,0.6901687383651733,2.7465944290161133,0.02075052820146084,0.12332484126091003,0.05348403751850128,0.9995094537734985
-37.09400177001953,1.246000051498413,0.6874337792396545,6.233192443847656,0.23148542642593384,3.9801828861236572,0.1361253410577774,0.00017284603381995112
-36.09400177001953,-4.754000186920166,0.8443100452423096,3.6370627880096436,0.18845351040363312,0.9255238771438599,0.18228957056999207,0.009790059179067612
-36.09400177001953,-4.754000186920166,0.6848006248474121,3.5850608348846436,0.08493521064519882,0.47051525115966797,-0.41187596321105957,0.42370301485061646
-36.09400177001953,-4.754000186920166,0.6278510093688965,4.23555850982666,0.021035201847553253,0.10025915503501892,0.2549671232700348,0.5665068626403809
-36.09400177001953,-3.753999948501587,0.7316296100616455,1.0121387243270874,0.03084796667098999,1.9898130893707275,-0.018893366679549217,0.36040204763412476
-36.09400177001953,-3.753999948501587,1.0102968215942383,3.346456289291382,0.07980026304721832,0.06695785373449326,0.13962475955486298,0.5183776021003723
-36.09400177001953,-3.753999948501587,1.1054105758666992,0.09566960483789444,0.08236914128065109,0.08119640499353409,0.09139671921730042,0.12122040241956711
-36.09400177001953,-2.753999948501587,1.1352062225341797,1.1696803569793701,0.5015676617622375,2.3664963245391846,0.11493130028247833,0.043116070330142975
-36.09400177001953,-2.753999948501587,1.0949345827102661,3.3936245441436768,0.06235511973500252,0.090080626308918,-0.13616295158863068,0.7942884564399719
-36.09400177001953,-2.753999948501587,1.0888216495513916,0.25841039419174194,0.08712586015462875,0.09260132908821106,-0.09083208441734314,0.16259551048278809
-36.09400177001953,-1.753999948501587,0.7466158866882324,0.9466163516044617,0.06715260446071625,1.7018524408340454,0.012247756123542786,0.28275713324546814
-36.09400177001953,-1.753999948501587,1.1645745038986206,3.8748228549957275,0.09978295862674713,0.026686089113354683,-0.06580466032028198,0.46929097175598145
-36.09400177001953,-1.753999948501587,1.31094491481781,0.5311040878295898,0.12835510075092316,0.061373934149742126,0.06400060653686523,0.24795183539390564
-36.09400177001953,-0.7540000081062317,0.9873214364051819,1.2304936647415161,0.06162022799253464,1.035478949546814,0.09119561314582825,0.9423491358757019
-36.09400177001953,-0.7540000081062317,1.10905122756958,3.416379451751709,0.23735526204109192,0.8303581476211548,-0.26782843470573425,0.053915075957775116
-36.09400177001953,-0.7540000081062317,1.2710188627243042,0.8279979825019836,0.24553881585597992,0.25119778513908386,0.043424203991889954,0.003735914593562484
-36.09400177001953,0.2460000067949295,0.6415320634841919,0.11841392517089844,0.02511569671332836,0.5790064334869385,-0.18095973134040833,0.31382495164871216
-36.09400177001953,0.2460000067949295,0.6785226464271545,1.7819684743881226,0.056006141006946564,0.4236346185207367,0.0463702529668808,0.6858161687850952
-36.09400177001953,0.2460000067949295,0.9813724756240845,1.4135570526123047,1.3809980154037476,3.3740198612213135,0.09859021753072739,0.0003588120162021369
-36.09400177001953,1.246000051498413,0.9809198975563049,0.5784333348274231,0.13948483765125275,2.4690966606140137,0.06570413708686829,0.038244880735874176
-36.09400177001953,1.246000051498413,0.8923323154449463,3.127318859100342,0.08347057551145554,0.197405144572258,0.1615644097328186,0.38754868507385254
-36.09400177001953,1.246000051498413,0.8044662475585938,0.7924894690513611,0.0755695104598999,0.053763777017593384,0.018992045894265175,0.5742064118385315
-35.09400177001953,-4.754000186920166,0.7480080723762512,4.751338005065918,0.0291244238615036,0.33648812770843506,0.004713526926934719,0.24552546441555023
-35.09400177001953,-4.754000186920166,0.7968229055404663,3.019047737121582,0.16307613253593445,0.9014096260070801,0.007953952066600323,0.010823682881891727
-35.09400177001953,-4.754000186920166,0.9081093668937683,6.002072811126709,0.031766388565301895,0.05685758590698242,0.16745129227638245,0.7436508536338806
-35.09400177001953,-3.753999948501587,0.7044733166694641,0.17108549177646637,0.028962282463908195,2.1920504570007324,0.0009907466592267156,0.3122937083244324
-35.09400177001953,-3.753999948501587,1.0826836824417114,3.5237948894500732,0.10247316211462021,0.05905688554048538,0.1901007741689682,0.5466461181640625
-35.09400177001953,-3.753999948501587,1.1928397417068481,0.16514500975608826,0.10225780308246613,0.09898451715707779,0.08181840181350708,0.14106009900569916
-35.09400177001953,-2.753999948501587,1.064002275466919,2.277235507965088,0.29890838265419006,1.7913804054260254,0.06436263024806976,0.07378631085157394
-35.09400177001953,-2.753999948501587,1.1261062622070312,3.5690841674804688,0.05814090371131897,0.04710938408970833,-0.16884851455688477,0.7243422269821167
-35.09400177001953,-2.753999948501587,1.1615781784057617,0.32577529549598694,0.08562447130680084,0.07414471358060837,-0.05422262102365494,0.20187146961688995
-35.09400177001953,-1.753999948501587,0.7659952640533447,0.487211674451828,0.0669587105512619,1.8477048873901367,0.0036725271493196487,0.2810981571674347
-35.09400177001953,-1.753999948501587,1.1038224697113037,3.833921432495117,0.0733724907040596,0.028794478625059128,-0.061743658035993576,0.4063091278076172
-35.09400177001953,-1.753999948501587,1.245858073234558,0.5067203044891357,0.09748831391334534,0.05405765399336815,-0.0630568340420723,0.31259265542030334
-35.09400177001953,-0.7540000081062317,0.7079836130142212,2.1920011043548584,0.03423392400145531,1.4931083917617798,0.021587692201137543,0.5452014207839966
-35.09400177001953,-0.7540000081062317,0.9786680936813354,3.870523452758789,0.09810454398393631,0.043137576431035995,-0.19985394179821014,0.29679369926452637
-35.09400177001953,-0.7540000081062317,1.2071495056152344,0.8446170091629028,0.1551252156496048,0.0788169652223587,0.1834976077079773,0.15800483524799347
-35.09400177001953,0.2460000067949295,0.8442394137382507,1.5277764797210693,0.08856220543384552,0.913722574710846,-0.24586200714111328,0.1574212908744812
-35.09400177001953,0.2460000067949295,0.6956070065498352,1.8364700078964233,0.03590433672070503,0.47578731179237366,0.18188555538654327,0.841056227684021
-35.09400177001953,0.2460000067949295,0.8899341821670532,1.7188997268676758,0.6387233138084412,2.281550407409668,0.14094845950603485,0.0015224759699776769
-34.09400177001953,-4.754000186920166,0.7771775126457214,4.502969264984131,0.038267362862825394,0.7035533785820007,0.025612564757466316,0.8657068014144897
-34.09400177001953,-4.754000186920166,0.8368265628814697,2.420353651046753,0.1390949934720993,0.21721959114074707,0.05336754024028778,0.08091573417186737
-34.09400177001953,-4.754000186920166,0.7026468515396118,5.394102096557617,0.03309528902173042,0.2068922072649002,0.2448771893978119,0.05337749049067497
-34.09400177001953,-3.753999948501587,0.754108726978302,3.9887030124664307,0.030400190502405167,1.6864756345748901,0.05719311907887459,0.6475896835327148
-34.09400177001953,-3.753999948501587,0.9944242238998413,3.486832857131958,0.11581869423389435,0.15441018342971802,0.12965604662895203,0.31421035528182983
-34.09400177001953,-3.753999948501587,1.2110342979431152,0.18563923239707947,0.20138926804065704,0.20366351306438446,0.011962080374360085,0.0382000133395195
-34.09400177001953,-2.753999948501587,0.8263636231422424,3.697174072265625,0.07589471340179443,1.7400238513946533,0.015945173799991608,0.21363793313503265
-34.09400177001953,-2.753999948501587,1.1810632944107056,3.7172446250915527,0.06538902968168259,0.029316803440451622,-0.12740960717201233,0.6456796526908875
-34.09400177001953,-2.753999948501587,1.1606488227844238,0.4102749228477478,0.09496049582958221,0.07284301519393921,0.1307375431060791,0.14068235456943512
-34.09400177001953,-1.753999948501587,0.9975448846817017,0.19600296020507812,0.23671358823776245,2.4296929836273193,0.07438459992408752,0.2020319402217865
-34.09400177001953,-1.753999948501587,1.1520129442214966,3.7035105228424072,0.07609698921442032,0.030858619138598442,-0.12459731847047806,0.5219363570213318
-34.09400177001953,-1.753999948501587,1.1775245666503906,0.44310709834098816,0.07828488945960999,0.04669198393821716,-0.04444562643766403,0.2760316729545593
-34.09400177001953,-0.7540000081062317,0.7299210429191589,1.1912838220596313,0.0462614931166172,1.9720200300216675,0.06569576263427734,0.2223331481218338
-34.09400177001953,-0.7540000081062317,1.0874465703964233,3.8806052207946777,0.08531570434570312,0.015706902369856834,-0.18752190470695496,0.3334207534790039
-34.09400177001953,-0.7540000081062317,1.228195071220398,0.6659748554229736,0.11473029851913452,0.04504671320319176,0.06280585378408432,0.4442460834980011
-34.09400177001953,0.2460000067949295,0.6332049369812012,2.021240234375,0.044833678752183914,1.4935728311538696,-0.029060114175081253,0.5374936461448669
-34.09400177001953,0.2460000067949295,0.5549499988555908,3.238975763320923,0.01991965062916279,0.34187284111976624,0.026644907891750336,0.4444269835948944
-34.09400177001953,0.2460000067949295,0.7027738690376282,1.1823962926864624,0.06700889021158218,0.7872564792633057,0.0668279379606247,0.018079359084367752
-34.09400177001953,1.246000051498413,0.7658880352973938,2.2730071544647217,0.17099234461784363,1.761918067932129,0.0040767076425254345,0.022484127432107925
-34.09400177001953,1.246000051498413,0.6794352531433105,2.752734899520874,0.021025925874710083,0.25280046463012695,0.28384652733802795,0.9032487869262695
-34.09400177001953,1.246000051498413,0.678892195224762,2.3341286182403564,0.04062886908650398,0.21666663885116577,-0.09215200692415237,0.07426711171865463
-33.09400177001953,-5.754000186920166,0.7862396240234375,6.148210048675537,0.02639184333384037,3.6635499000549316,-0.0851738378405571,0.0059151677414774895
-33.09400177001953,-5.754000186920166,0.6459798812866211,3.254101514816284,0.03773677721619606,0.4066176414489746,0.39429518580436707,0.30135202407836914
-33.09400177001953,-5.754000186920166,0.7414804100990295,4.324541091918945,0.10274036973714828,0.1630687564611435,-0.02422793209552765,0.6927328109741211
-33.09400177001953,-4.754000186920166,0.8111905455589294,2.4615976810455322,0.12609469890594482,1.0304123163223267,0.20036879181861877,0.2964748442173004
-33.09400177001953,-4.754000186920166,0.7258527874946594,2.183138608932495,0.03486478701233864,0.1892079859972,-0.1028091087937355,0.35991767048835754
-33.09400177001953,-4.754000186920166,0.6503920555114746,4.4869794845581055,0.015216371975839138,0.43445885181427,0.284344345331192,0.34360748529434204
-33.09400177001953,-3.753999948501587,0.8907158374786377,4.211296081542969,0.060272958129644394,1.2124098539352417,0.06060377508401871,0.7060325741767883
-33.09400177001953,-3.753999948501587,0.9558629393577576,3.5627617835998535,0.0750739723443985,0.20252348482608795,0.08953917026519775,0.26997247338294983
-33.09400177001953,-3.753999948501587,1.1809664964675903,0.14688700437545776,0.2007898986339569,0.5115638971328735,-0.11374206840991974,0.02399493008852005
-33.09400177001953,-2.753999948501587,0.7611382007598877,3.2567853927612305,0.05384816229343414,1.9279930591583252,0.03370773792266846,0.2428651750087738
-33.09400177001953,-2.753999948501587,1.1696451902389526,3.5985476970672607,0.07300552725791931,0.022449791431427002,-0.017047278583049774,0.5737789869308472
-33.09400177001953,-2.753999948501587,1.0459539890289307,0.3104945123195648,0.09049671143293381,0.09664851427078247,0.32521551847457886,0.18335582315921783
-33.09400177001953,-1.753999948501587,1.2016074657440186,0.5338869690895081,0.5209605097770691,2.5276107788085938,0.10028817504644394,0.15552936494350433
-33.09400177001953,-1.753999948501587,1.2119734287261963,3.609408140182495,0.05651180073618889,0.01854286901652813,-0.02333800308406353,0.6774330139160156
-33.09400177001953,-1.753999948501587,1.2104706764221191,0.4116854965686798,0.06867808103561401,0.03857312723994255,-0.037889908999204636,0.16703766584396362
-33.09400177001953,-0.7540000081062317,0.7257294058799744,0.4766775071620941,0.022356387227773666,1.5290272235870361,0.07997986674308777,0.7084511518478394
-33.09400177001953,-0.7540000081062317,1.0422322750091553,3.7716922760009766,0.07996734976768494,0.05687977001070976,-0.026140529662370682,0.16754628717899323
-33.09400177001953,-0.7540000081062317,1.1805065870285034,0.6502593159675598,0.09095893055200577,0.07266095280647278,-0.05865068733692169,0.12400254607200623
-33.09400177001953,0.2460000067949295,0.6130858659744263,4.070568084716797,0.017242351546883583,1.5025358200073242,-0.0972907692193985,0.8865612745285034
-33.09400177001953,0.2460000067949295,1.205209493637085,3.6885781288146973,0.2572588622570038,0.022702110931277275,-0.1004868596792221,0.05826820805668831
-33.09400177001953,0.2460000067949295,1.1357202529907227,0.7027163505554199,0.14509110152721405,0.049536727368831635,0.036069538444280624,0.055170465260744095
-33.09400177001953,1.246000051498413,0.40017595887184143,1.9859282970428467,0.017007846385240555,0.9875472784042358,0.019673889502882957,0.4782547056674957
-33.09400177001953,1.246000051498413,0.5536598563194275,2.7929065227508545,0.04040958732366562,0.434425950050354,-0.045853909105062485,0.03144082427024841
-33.09400177001953,1.246000051498413,0.7687691450119019,1.0192703008651733,0.020208945497870445,0.09923839569091797,0.02476099133491516,0.49030449986457825
-33.09400177001953,2.246000051498413,0.6532187461853027,1.641318917274475,0.027750901877880096,1.7209235429763794,0.24168851971626282,0.6421353816986084
-33.09400177001953,2.246000051498413,0.6656305193901062,3.541659355163574,0.0708707645535469,2.2715797424316406,0.07877587527036667,0.20505832135677338
-33.09400177001953,2.246000051498413,0.9069167971611023,0.45148852467536926,0.07667344063520432,0.17121778428554535,0.17522995173931122,0.152806356549263
-32.09400177001953,-6.754000186920166,0.8538116812705994,4.004228115081787,0.020909173414111137,0.27526387572288513,-0.26097238063812256,0.12138098478317261
-32.09400177001953,-6.754000186920166,0.8669219017028809,1.7744929790496826,0.05723195523023605,0.6962414979934692,-0.02110425941646099,0.0017133180517703295
-32.09400177001953,-6.754000186920166,0.7511632442474365,4.479948997497559,0.007176325190812349,0.06731303036212921,-0.1705651879310608,0.8769056797027588
-32.09400177001953,-5.754000186920166,0.6443287134170532,4.070587635040283,0.02688497118651867,0.9632402062416077,-0.04075228050351143,0.16124731302261353
-32.09400177001953,-5.754000186920166,0.8273664116859436,3.409635543823242,0.11995691806077957,0.3713688254356384,0.05406980589032173,0.33707118034362793
-32.09400177001953,-5.754000186920166,1.055074691772461,5.003938674926758,0.14440929889678955,0.1123088151216507,-0.09557106345891953,0.5016815662384033
-32.09400177001953,-4.754000186920166,0.8267045617103577,4.668389320373535,0.08700782805681229,1.5380367040634155,0.25567227602005005,0.4368020296096802
-32.09400177001953,-4.754000186920166,0.8171094655990601,2.449294328689575,0.08255220204591751,0.21807992458343506,-0.06565304845571518,0.26266977190971375
-32.09400177001953,-4.754000186920166,0.885670006275177,5.485684394836426,0.06891918927431107,0.1344682276248932,0.1035037636756897,0.30052822828292847
-32.09400177001953,-3.753999948501587,0.9756428599357605,6.057366371154785,0.15664517879486084,1.5283968448638916,0.07131519913673401,0.43232783675193787
-32.09400177001953,-3.753999948501587,1.0150854587554932,3.916161060333252,0.06994803249835968,0.07161694020032883,-0.07467144727706909,0.5630220770835876
-32.09400177001953,-3.753999948501587,0.9920368790626526,0.2496371865272522,0.12755021452903748,0.11107926815748215,0.048344533890485764,0.004650093149393797
-32.09400177001953,-2.753999948501587,0.7846735119819641,3.4114437103271484,0.034438345581293106,1.9194951057434082,-0.009795458056032658,0.657558798789978
-32.09400177001953,-2.753999948501587,1.2268563508987427,3.628572940826416,0.08571505546569824,0.014165321364998817,-0.015726983547210693,0.3034781813621521
-32.09400177001953,-2.753999948501587,1.1535226106643677,0.4268617033958435,0.11369576305150986,0.06560837477445602,0.23349407315254211,0.03896303474903107
-32.09400177001953,-1.753999948501587,1.0606849193572998,0.5223075151443481,0.3345223665237427,2.0186145305633545,0.06232146546244621,0.16145417094230652
-32.09400177001953,-1.753999948501587,1.2242743968963623,3.6178057193756104,0.08349171280860901,0.019128546118736267,-0.09440594911575317,0.6223728656768799
-32.09400177001953,-1.753999948501587,1.1094849109649658,0.4125899374485016,0.07584377378225327,0.04476505145430565,0.06582698971033096,0.2161729782819748
-32.09400177001953,-0.7540000081062317,0.8869521021842957,0.7544889450073242,0.11750765144824982,1.931570291519165,0.028295135125517845,0.27986088395118713
-32.09400177001953,-0.7540000081062317,1.180857539176941,3.4982800483703613,0.10334879159927368,0.02783464454114437,-0.12363944947719574,0.4319727420806885
-32.09400177001953,-0.7540000081062317,1.1824603080749512,0.34500405192375183,0.08245044946670532,0.03190183639526367,-0.03126963600516319,0.2881664037704468
-32.09400177001953,0.2460000067949295,0.6487460136413574,2.0846903324127197,0.02651875466108322,2.398669719696045,-0.10860627144575119,0.7984991669654846
-32.09400177001953,0.2460000067949295,1.2211374044418335,3.856544256210327,0.2666342258453369,0.013651938177645206,-0.01720447465777397,0.1139688789844513
-32.09400177001953,0.2460000067949295,1.0912024974822998,0.757696807384491,0.10771407186985016,0.08623301237821579,-0.14839975535869598,0.08753202855587006
-32.09400177001953,1.246000051498413,0.595262348651886,1.332215428352356,0.02306356467306614,1.3550076484680176,-0.08119727671146393,0.8495995402336121
-32.09400177001953,1.246000051498413,1.0408885478973389,3.8696439266204834,0.14414003491401672,0.04715210571885109,0.02557111717760563,0.08292021602392197
-32.09400177001953,1.246000051498413,1.2500219345092773,0.6244539022445679,0.13730603456497192,0.03346811980009079,-0.035425275564193726,0.06748028844594955
-32.09400177001953,2.246000051498413,0.5640543699264526,2.7928860187530518,0.008596680127084255,0.9145110845565796,0.03539126738905907,0.9897052645683289
-32.09400177001953,2.246000051498413,0.7876535654067993,3.957303524017334,0.20158898830413818,0.6893123984336853,0.10707130283117294,0.004667182918637991
-32.09400177001953,2.246000051498413,1.1153614521026611,0.4102500081062317,0.1646450161933899,0.0813179537653923,0.2147134244441986,0.005627617239952087
-32.09400177001953,3.246000051498413,0.9865627884864807,2.515244722366333,0.5182844400405884,3.4892055988311768,0.16790051758289337,0.0007325015030801296
-32.09400177001953,3.246000051498413,0.7595294117927551,1.8086341619491577,0.023012055084109306,0.08332721143960953,0.5144384503364563,0.9981234669685364
-32.09400177001953,3.246000051498413,0.9107070565223694,1.8855669498443604,0.3841363787651062,0.2647331655025482,-0.07366657257080078,0.0011440141825005412
-32.09400177001953,4.245999813079834,1.121842861175537,3.1065027713775635,0.6829553246498108,1.8198193311691284,0.2403240203857422,0.010908752679824829
-32.09400177001953,4.245999813079834,0.8751310110092163,1.2068865299224854,0.1040753647685051,0.19993805885314941,-0.07113651931285858,0.9883021712303162
-32.09400177001953,4.245999813079834,0.920519232749939,0.9048510193824768,0.624504029750824,1.0262484550476074,0.014953887090086937,0.0007891403511166573
-31.0939998626709,-6.754000186920166,0.6229302883148193,6.059421062469482,0.0013987697893753648,0.44500988721847534,-0.1063605323433876,0.9950137734413147
-31.0939998626709,-6.754000186920166,0.903169572353363,2.2834694385528564,0.14072562754154205,3.5433402061462402,-0.10642719268798828,0.0026705320924520493
-31.0939998626709,-6.754000186920166,0.815069854259491,5.453847408294678,0.04960441216826439,0.5104232430458069,-0.18177662789821625,0.0023156714159995317
-31.0939998626709,-5.754000186920166,0.7670777440071106,6.146751403808594,0.016406159847974777,0.19832409918308258,0.025838537141680717,0.7440969944000244
-31.0939998626709,-5.754000186920166,1.0449626445770264,3.2656047344207764,0.24564483761787415,1.379833698272705,0.08280539512634277,0.0064607709646224976
-31.0939998626709,-5.754000186920166,1.126475214958191,5.9712042808532715,0.10788655281066895,0.09917224198579788,-0.01091837976127863,0.2494422048330307
-31.0939998626709,-4.754000186920166,0.72427898645401,0.32940196990966797,0.026978179812431335,2.3870785236358643,0.12146729230880737,0.7225043773651123
-31.0939998626709,-4.754000186920166,0.8504459261894226,3.679227113723755,0.16369980573654175,0.598608136177063,-0.19517111778259277,0.20958881080150604
-31.0939998626709,-4.754000186920166,1.0385823249816895,5.122012138366699,0.11983317136764526,0.10404971241950989,-0.0033346996642649174,0.06790690124034882
-31.0939998626709,-3.753999948501587,0.8882279992103577,0.40836820006370544,0.0368925966322422,1.3694549798965454,0.09845869243144989,0.6465327739715576
-31.0939998626709,-3.753999948501587,0.9536330699920654,4.4149274826049805,0.04923996329307556,0.30093762278556824,-0.23514370620250702,0.35279780626296997
-31.0939998626709,-3.753999948501587,1.0592187643051147,6.233822822570801,0.08953516185283661,0.053611814975738525,0.10802065581083298,0.0006694549228996038
-31.0939998626709,-2.753999948501587,0.8724405765533447,2.9862401485443115,0.05260179936885834,2.1991565227508545,0.010452013462781906,0.7496951222419739
-31.0939998626709,-2.753999948501587,1.2799800634384155,3.7505173683166504,0.1302892565727234,0.010853659361600876,-0.014687852002680302,0.22388802468776703
-31.0939998626709,-2.753999948501587,1.0842205286026,0.644611656665802,0.10068206489086151,0.08335892856121063,0.174809068441391,0.026416758075356483
-31.0939998626709,-1.753999948501587,1.125595211982727,1.0200468301773071,0.37040525674819946,2.43587064743042,0.02589472569525242,0.2181989997625351
-31.0939998626709,-1.753999948501587,1.3101919889450073,3.5663163661956787,0.07066848874092102,0.020395582541823387,-0.02776658907532692,0.6670001745223999
-31.0939998626709,-1.753999948501587,1.0922152996063232,0.2990987300872803,0.053254980593919754,0.053435150533914566,-0.08739974349737167,0.11480080336332321
-31.0939998626709,-0.7540000081062317,1.2468234300613403,1.079398274421692,1.0645915269851685,3.3617444038391113,0.06463206559419632,0.022986609488725662
-31.0939998626709,-0.7540000081062317,1.3764095306396484,3.5624256134033203,0.09193199872970581,0.01769975572824478,-0.2263762503862381,0.6363078951835632
-31.0939998626709,-0.7540000081062317,1.2091199159622192,0.3765772581100464,0.06920731067657471,0.035220950841903687,-0.012157280929386616,0.3407055139541626
-31.0939998626709,0.2460000067949295,0.6127024292945862,1.6645894050598145,0.018816744908690453,2.294132947921753,-0.09056127071380615,0.9011051654815674
-31.0939998626709,0.2460000067949295,1.0862014293670654,3.738992691040039,0.25386521220207214,0.022537624463438988,0.19080744683742523,0.046344392001628876
-31.0939998626709,0.2460000067949295,1.1428649425506592,0.6187498569488525,0.10278037935495377,0.08828154951334,-0.12593010067939758,0.05255047231912613
-31.0939998626709,1.246000051498413,0.6186373233795166,0.595303475856781,0.018675431609153748,1.5326099395751953,-0.12509196996688843,0.6535254716873169
-31.0939998626709,1.246000051498413,1.0235320329666138,3.8916573524475098,0.09233418107032776,0.025534845888614655,0.12789057195186615,0.23082734644412994
-31.0939998626709,1.246000051498413,1.436279535293579,0.6968531012535095,0.2125709354877472,0.06257104128599167,-0.05667928233742714,0.11564715206623077
-31.0939998626709,2.246000051498413,0.6763352155685425,3.5699028968811035,0.024972839280962944,1.502404808998108,-0.01569955423474312,0.7124027609825134
-31.0939998626709,2.246000051498413,0.9725498557090759,3.8801043033599854,0.07642878592014313,0.020290372893214226,0.04480157792568207,0.11407429724931717
-31.0939998626709,2.246000051498413,1.0866574048995972,0.650671660900116,0.09037202596664429,0.03580579161643982,0.26029568910598755,0.17352300882339478
-31.0939998626709,3.246000051498413,0.7616569399833679,0.5952678918838501,0.04049796983599663,1.1651887893676758,0.06058267876505852,0.5089340806007385
-31.0939998626709,3.246000051498413,0.8513637781143188,3.2116878032684326,0.08070656657218933,0.33663642406463623,-0.06426370143890381,0.4805111587047577
-31.0939998626709,3.246000051498413,1.0012763738632202,5.89854621887207,0.15024277567863464,0.36308905482292175,0.11347002536058426,0.01055467501282692
-31.0939998626709,4.245999813079834,0.8209396004676819,2.3460917472839355,0.12912410497665405,1.1477073431015015,-0.19921718537807465,0.11917184293270111
-31.0939998626709,4.245999813079834,0.579129159450531,3.748565435409546,0.020454026758670807,0.3682323396205902,-0.02288968488574028,0.5605825185775757
-31.0939998626709,4.245999813079834,0.588075578212738,4.298954010009766,0.029476221650838852,0.44423937797546387,0.25156867504119873,0.3202456831932068
-31.0939998626709,5.245999813079834,1.2710721492767334,6.046560287475586,1.5697219371795654,0.7255977988243103,0.09729562699794769,0.16051830351352692
-31.0939998626709,5.245999813079834,1.2909284830093384,1.915900468826294,0.08056993037462234,0.008693346753716469,-0.4807632267475128,0.514602541923523
-31.0939998626709,5.245999813079834,1.051070213317871,5.837900161743164,0.07133220881223679,0.05233275145292282,-0.007172661367803812,0.32487916946411133
-30.0939998626709,-5.754000186920166,0.9027599692344666,4.910755157470703,0.18685343861579895,0.8829558491706848,0.049771226942539215,0.05954251438379288
-30.0939998626709,-5.754000186920166,1.0309538841247559,3.0973668098449707,0.16295161843299866,0.1807756870985031,0.03094486892223358,0.05715770646929741
-30.0939998626709,-5.754000186920166,0.912349283695221,5.877062797546387,0.05426732823252678,0.09669237583875656,-0.09808089584112167,0.8832997679710388
-30.0939998626709,-4.754000186920166,1.1055049896240234,5.0380167961120605,0.17803966999053955,0.37538501620292664,-0.00902765616774559,0.047625187784433365
-30.0939998626709,-4.754000186920166,0.7940630316734314,2.5461864471435547,0.09034337103366852,0.5176827311515808,0.307982861995697,0.024181567132472992
-30.0939998626709,-4.754000186920166,0.8503637909889221,4.735086917877197,0.04380331560969353,0.050362005829811096,0.15309388935565948,0.9281932711601257
-30.0939998626709,-3.753999948501587,1.2310843467712402,2.5624423027038574,2.6794822216033936,1.806711196899414,0.1070149838924408,0.0010601995745673776
-30.0939998626709,-3.753999948501587,0.8306586146354675,4.725168704986572,0.007163104601204395,0.053815074265003204,0.004509995691478252,0.9987336993217468
-30.0939998626709,-3.753999948501587,0.6355768442153931,0.7394647002220154,0.048772696405649185,1.6957662105560303,0.44836679100990295,0.0002061303093796596
-30.0939998626709,-2.753999948501587,0.9691799283027649,2.156083583831787,0.11994542181491852,1.2729227542877197,0.11260658502578735,0.3285646438598633
-30.0939998626709,-2.753999948501587,0.9453538060188293,4.35472297668457,0.07761800289154053,0.07965224236249924,0.01836513727903366,0.2065051794052124
-30.0939998626709,-2.753999948501587,0.9761171340942383,1.0382411479949951,0.04456965625286102,0.07901041954755783,-0.18855762481689453,0.4649301767349243
-30.0939998626709,-1.753999948501587,0.8990399241447449,3.349966287612915,0.10695046931505203,1.5503346920013428,-0.02936686761677265,0.1855696737766266
-30.0939998626709,-1.753999948501587,1.1350421905517578,3.911659002304077,0.06866268813610077,0.020985199138522148,0.09882339835166931,0.6760932803153992
-30.0939998626709,-1.753999948501587,1.1698838472366333,0.7788957357406616,0.10167989879846573,0.12861983478069305,-0.06301289796829224,0.13833704590797424
-30.0939998626709,-0.7540000081062317,1.072727918624878,1.565798044204712,0.3889122009277344,2.330556869506836,0.028014497831463814,0.11681312322616577
-30.0939998626709,-0.7540000081062317,1.2188513278961182,3.7144031524658203,0.06730407476425171,0.02503194287419319,-0.11010127514600754,0.6835190057754517
-30.0939998626709,-0.7540000081062317,1.2597953081130981,0.4306698143482208,0.09122564643621445,0.04072090983390808,-0.019523711875081062,0.19966784119606018
-30.0939998626709,0.2460000067949295,0.726420521736145,1.5353201627731323,0.04546891525387764,2.0862107276916504,-0.03346763551235199,0.3776313066482544
-30.0939998626709,0.2460000067949295,1.0890427827835083,3.916426420211792,0.09176453948020935,0.039197176694869995,0.07538313418626785,0.4387936294078827
-30.0939998626709,0.2460000067949295,1.3426133394241333,0.5306835174560547,0.15025709569454193,0.07721010595560074,-0.09251116961240768,0.18357506394386292
-30.0939998626709,1.246000051498413,0.5911726355552673,0.5061690807342529,0.02059742622077465,1.8121718168258667,-0.035088084638118744,0.7497133612632751
-30.0939998626709,1.246000051498413,1.0169068574905396,3.9671995639801025,0.08612929284572601,0.02346435934305191,0.08261498063802719,0.19570982456207275
-30.0939998626709,1.246000051498413,1.263673186302185,0.651374340057373,0.1436675786972046,0.081973597407341,-0.03656219318509102,0.05457686260342598
-30.0939998626709,2.246000051498413,0.8580999374389648,3.491122245788574,0.0772557184100151,1.9774624109268188,-0.02171580120921135,0.3262805640697479
-30.0939998626709,2.246000051498413,1.2246142625808716,3.7400271892547607,0.11521012336015701,0.010298141278326511,0.00913217756897211,0.2804407477378845
-30.0939998626709,2.246000051498413,1.1555860042572021,0.5870686173439026,0.06454881280660629,0.02342522144317627,0.13673432171344757,0.39327865839004517
-30.0939998626709,3.246000051498413,0.7117558717727661,5.539189338684082,0.03650471195578575,1.2765264511108398,0.15188170969486237,0.6382066607475281
-30.0939998626709,3.246000051498413,0.8219388127326965,3.6380856037139893,0.07305439561605453,0.2605242431163788,0.038826778531074524,0.1814977079629898
-30.0939998626709,3.246000051498413,0.9804920554161072,0.7190721035003662,0.0967482477426529,0.11480645090341568,0.010546292178332806,0.18029563128948212
-30.0939998626709,4.245999813079834,0.7388177514076233,3.4958102703094482,0.16268734633922577,1.3073443174362183,0.08975637704133987,0.05389709398150444
-30.0939998626709,4.245999813079834,0.5662883520126343,1.9490857124328613,0.01686709187924862,0.2559434771537781,-0.21282951533794403,0.60063236951828
-30.0939998626709,4.245999813079834,0.6249337792396545,6.000582218170166,0.02387586608529091,0.10800501704216003,0.03451553359627724,0.34547045826911926
-30.0939998626709,5.245999813079834,0.8776128888130188,6.184537887573242,0.10247895121574402,0.8210482597351074,0.08748886734247208,0.5102531313896179
-30.0939998626709,5.245999813079834,0.8984594345092773,1.8534313440322876,0.10138802975416183,0.033005665987730026,-0.169225811958313,0.4681394398212433
-30.0939998626709,5.245999813079834,0.9633615016937256,0.036595143377780914,0.21940234303474426,0.1435377299785614,-0.03710772469639778,0.021607408300042152
-29.0939998626709,-1.753999948501587,0.8097825646400452,3.9794933795928955,0.21510669589042664,0.9360710978507996,0.033765759319067,0.0200277641415596
-29.0939998626709,-1.753999948501587,0.9297353029251099,4.28328800201416,0.0661471039056778,0.09967517852783203,0.04299328476190567,0.36567801237106323
-29.0939998626709,-1.753999948501587,1.0651147365570068,1.0629723072052002,0.11374960839748383,0.1689581423997879,-0.06795185059309006,0.614294171333313
-29.0939998626709,-0.7540000081062317,1.2171446084976196,1.9880592823028564,0.9170602560043335,2.1276016235351562,0.05906032770872116,0.04129898175597191
-29.0939998626709,-0.7540000081062317,1.2616366147994995,3.9257051944732666,0.08849508315324783,0.026061592623591423,-0.04952568560838699,0.7927922606468201
-29.0939998626709,-0.7540000081062317,1.2518593072891235,0.6074824333190918,0.09563302248716354,0.04861228168010712,-0.036294009536504745,0.16590876877307892
-29.0939998626709,0.2460000067949295,1.1882367134094238,3.300982713699341,0.7686511874198914,3.1399824619293213,0.04882853850722313,0.043273355811834335
-29.0939998626709,0.2460000067949295,1.2763285636901855,3.901038646697998,0.08167369663715363,0.023403851315379143,-0.10575584322214127,0.5852721929550171
-29.0939998626709,0.2460000067949295,1.2819105386734009,0.5694376230239868,0.08169907331466675,0.0436316579580307,-0.05832314118742943,0.3714544475078583
-29.0939998626709,1.246000051498413,0.8356319069862366,1.8613733053207397,0.12792716920375824,1.8451461791992188,0.030351174995303154,0.3287479281425476
-29.0939998626709,1.246000051498413,1.0328660011291504,3.954010486602783,0.07966557890176773,0.03103611432015896,0.10631152987480164,0.4672321677207947
-29.0939998626709,1.246000051498413,1.1157172918319702,0.7943146228790283,0.1076517105102539,0.08541584014892578,0.024042615666985512,0.20401985943317413
-29.0939998626709,2.246000051498413,0.8373066782951355,1.7721936702728271,0.059371739625930786,1.7221530675888062,-0.0028348537161946297,0.643784761428833
-29.0939998626709,2.246000051498413,1.2143285274505615,3.611551523208618,0.11104527115821838,0.014029581099748611,0.049516461789608,0.22311773896217346
-29.0939998626709,2.246000051498413,1.2337931394577026,0.36341288685798645,0.07821007817983627,0.02994457446038723,0.03727558255195618,0.1330975592136383
-29.0939998626709,3.246000051498413,0.7656254768371582,6.281439304351807,0.032927993685007095,1.6306931972503662,0.07922961562871933,0.5916476845741272
-29.0939998626709,3.246000051498413,0.9789837002754211,3.6127421855926514,0.09407538175582886,0.05942055210471153,0.08706841617822647,0.16789689660072327
-29.0939998626709,3.246000051498413,1.2851295471191406,0.6098350286483765,0.15315185487270355,0.04371258243918419,0.008786707185208797,0.24045541882514954
-29.0939998626709,4.245999813079834,0.7707415819168091,3.540182590484619,0.09941340237855911,1.4883846044540405,0.1531136929988861,0.09225519001483917
-29.0939998626709,4.245999813079834,0.5335520505905151,2.338648796081543,0.013710605911910534,1.9814916849136353,0.10965924710035324,0.8080919981002808
-29.0939998626709,4.245999813079834,0.9199413657188416,0.8149280548095703,0.06578951328992844,0.1000429168343544,0.007847562432289124,0.09965280443429947
-29.0939998626709,5.245999813079834,0.5904680490493774,3.3262834548950195,0.08320750296115875,1.0168581008911133,0.025699369609355927,0.025545984506607056
-29.0939998626709,5.245999813079834,0.5326550006866455,2.3120250701904297,0.021386437118053436,0.43775278329849243,-0.23077411949634552,0.9231721758842468
-29.0939998626709,5.245999813079834,0.6025758385658264,4.828934669494629,0.03119143284857273,0.4904750883579254,0.0922485738992691,0.05128186568617821
-29.0939998626709,6.245999813079834,0.9780632257461548,2.693070888519287,0.3542396128177643,2.9754626750946045,0.2582564055919647,0.039219316095113754
-29.0939998626709,6.245999813079834,0.7339776754379272,3.2293314933776855,0.05043063685297966,0.25406593084335327,0.0615009181201458,0.818855345249176
-29.0939998626709,6.245999813079834,0.7778937816619873,1.1773266792297363,0.08461856096982956,0.1135338842868805,-0.2681806683540344,0.14192530512809753
-28.0939998626709,-0.7540000081062317,1.1845210790634155,1.6885690689086914,0.9142668843269348,2.503864288330078,0.13140279054641724,0.1264134794473648
-28.0939998626709,-0.7540000081062317,1.109820008277893,3.9263763427734375,0.07719188183546066,0.06699809432029724,-0.10203320533037186,0.7190505862236023
-28.0939998626709,-0.7540000081062317,1.0532029867172241,0.42410150170326233,0.0868651419878006,0.08569689095020294,-0.12360794097185135,0.15453599393367767
-28.0939998626709,0.2460000067949295,1.0948121547698975,3.510972499847412,0.375154972076416,2.188122034072876,0.03907863423228264,0.12919610738754272
-28.0939998626709,0.2460000067949295,1.2350537776947021,3.954216241836548,0.11006952077150345,0.03413630649447441,-0.06659990549087524,0.5677586793899536
-28.0939998626709,0.2460000067949295,1.1826019287109375,0.6018570065498352,0.0945405662059784,0.07541067153215408,-0.01377863995730877,0.30304521322250366
-28.0939998626709,1.246000051498413,0.9542834162712097,2.6111326217651367,0.15685540437698364,2.1122701168060303,-0.0020923863630741835,0.18089447915554047
-28.0939998626709,1.246000051498413,1.14072847366333,3.778916597366333,0.08514531701803207,0.025182466953992844,-0.03586173802614212,0.3888017535209656
-28.0939998626709,1.246000051498413,1.1466175317764282,0.6942704916000366,0.09048815071582794,0.049999091774225235,0.07982247322797775,0.4303038418292999
-28.0939998626709,2.246000051498413,0.8117513656616211,1.9913864135742188,0.0350462831556797,1.3887670040130615,-0.021528130397200584,0.7376929521560669
-28.0939998626709,2.246000051498413,1.1352176666259766,3.792149305343628,0.07671263068914413,0.033434558659791946,0.07509920746088028,0.17327384650707245
-28.0939998626709,2.246000051498413,1.3185206651687622,0.6139216423034668,0.09341296553611755,0.040552716702222824,-0.02534935064613819,0.08903323858976364
-28.0939998626709,3.246000051498413,0.9147694706916809,1.5551810264587402,0.08417917042970657,1.9181861877441406,0.022246716544032097,0.5276057720184326
-28.0939998626709,3.246000051498413,1.150740146636963,3.6860992908477783,0.1019502505660057,0.029175186529755592,0.11562739312648773,0.25117939710617065
-28.0939998626709,3.246000051498413,1.2715260982513428,0.527877688407898,0.12022456526756287,0.03982570394873619,0.05633659288287163,0.22121486067771912
-28.0939998626709,4.245999813079834,0.5992134809494019,5.436823844909668,0.020646972581744194,1.3236322402954102,0.06996200233697891,0.6002010703086853
-28.0939998626709,4.245999813079834,0.8301888704299927,3.1823883056640625,0.09156182408332825,0.19917051494121552,0.14235065877437592,0.11677003651857376
-28.0939998626709,4.245999813079834,1.1966227293014526,0.5876525640487671,0.17444704473018646,0.026338374242186546,-0.1049487441778183,0.2830289900302887
-28.0939998626709,5.245999813079834,0.5628032684326172,5.045865058898926,0.019560128450393677,1.1381475925445557,0.04543277993798256,0.7912493348121643
-28.0939998626709,5.245999813079834,0.7709727883338928,2.6510233879089355,0.07574653625488281,0.4436890184879303,-0.14956285059452057,0.13189515471458435
-28.0939998626709,5.245999813079834,0.963433027267456,0.5439963936805725,0.08490633964538574,0.11855179816484451,-0.02487880177795887,0.07685554772615433
-28.0939998626709,6.245999813079834,0.9102284908294678,3.9007303714752197,0.20636491477489471,1.6328697204589844,0.10601723939180374,0.0321701355278492
-28.0939998626709,6.245999813079834,0.8288822770118713,3.15099835395813,0.08333849906921387,0.2514423131942749,-0.055960968136787415,0.10870398581027985
-28.0939998626709,6.245999813079834,0.8404333591461182,1.148668646812439,0.040042534470558167,0.02905595675110817,-0.20886611938476562,0.8591258525848389
-27.0939998626709,-0.7540000081062317,1.2024719715118408,2.3217616081237793,0.8513972759246826,2.35009765625,0.21895907819271088,0.005525385029613972
-27.0939998626709,-0.7540000081062317,0.8006802201271057,4.666618347167969,0.0652555599808693,0.3898257613182068,0.11727205663919449,0.9818940758705139
-27.0939998626709,-0.7540000081062317,0.7107044458389282,0.09881196171045303,0.10905405133962631,0.5468031167984009,-0.0930221751332283,0.012580516748130322
-27.0939998626709,0.2460000067949295,0.6481845378875732,2.1988680362701416,0.02346041612327099,1.2307672500610352,0.0907943844795227,0.8311295509338379
-27.0939998626709,0.2460000067949295,0.9956477284431458,4.276403903961182,0.16137441992759705,0.13542278110980988,-0.15349580347537994,0.13806964457035065
-27.0939998626709,0.2460000067949295,1.0570876598358154,0.16525809466838837,0.14489807188510895,0.09749814867973328,0.21281744539737701,0.030800793319940567
-27.0939998626709,1.246000051498413,0.9045974612236023,2.6851751804351807,0.09982284158468246,1.8050248622894287,-0.05775623768568039,0.2858339250087738
-27.0939998626709,1.246000051498413,1.208899736404419,3.672318935394287,0.10501459985971451,0.037899941205978394,-0.08791807293891907,0.5473393797874451
-27.0939998626709,1.246000051498413,1.1982313394546509,0.45313310623168945,0.112964928150177,0.05457358807325363,0.20962922275066376,0.16682669520378113
-27.0939998626709,2.246000051498413,1.0671980381011963,2.3051908016204834,0.15947102010250092,1.7796752452850342,0.03985762968659401,0.3859563171863556
-27.0939998626709,2.246000051498413,1.1278876066207886,3.827547550201416,0.05670185387134552,0.02598053216934204,0.036754265427589417,0.3591713309288025
-27.0939998626709,2.246000051498413,1.266377329826355,0.6863291263580322,0.07612090557813644,0.031555164605379105,-0.0020683554466813803,0.25487229228019714
-27.0939998626709,3.246000051498413,0.8180119395256042,1.4948369264602661,0.03875012323260307,1.5434057712554932,0.05317818000912666,0.6299512982368469
-27.0939998626709,3.246000051498413,1.0889637470245361,3.6643123626708984,0.09614255279302597,0.07477863132953644,0.10042591392993927,0.2504694163799286
-27.0939998626709,3.246000051498413,1.1371830701828003,0.4231222867965698,0.11663724482059479,0.0800856426358223,0.1981632262468338,0.11957928538322449
-27.0939998626709,4.245999813079834,0.7615162134170532,1.1917626857757568,0.040681492537260056,1.9519438743591309,0.0491306409239769,0.5987834930419922
-27.0939998626709,4.245999813079834,1.1752383708953857,3.710512399673462,0.12094777077436447,0.028876908123493195,0.08266657590866089,0.2199973315000534
-27.0939998626709,4.245999813079834,1.2333279848098755,0.47096291184425354,0.12598048150539398,0.04931790381669998,0.08120542764663696,0.18121914565563202
-27.0939998626709,5.245999813079834,0.7907533049583435,1.3837660551071167,0.05284997448325157,1.2700965404510498,0.04131091386079788,0.13629591464996338
-27.0939998626709,5.245999813079834,1.120443344116211,3.511005401611328,0.13854765892028809,0.05904305726289749,0.07150294631719589,0.3874237835407257
-27.0939998626709,5.245999813079834,1.2080984115600586,0.5361496806144714,0.12712348997592926,0.08684658259153366,0.1602826863527298,0.4762803018093109
-27.0939998626709,6.245999813079834,0.7050870060920715,1.303138256072998,0.07556610554456711,0.7821418642997742,-0.02208777330815792,0.12125720083713531
-27.0939998626709,6.245999813079834,0.9858192205429077,3.2987964153289795,0.19905176758766174,0.20397897064685822,-0.12332993745803833,0.021210715174674988
-27.0939998626709,6.245999813079834,1.1235723495483398,0.5023967027664185,0.07082793861627579,0.03469832241535187,-0.007064289879053831,0.8575320839881897
-27.0939998626709,7.245999813079834,1.0983161926269531,1.5861598253250122,0.4887613356113434,0.7176908850669861,0.03806354105472565,0.01688876561820507
-27.0939998626709,7.245999813079834,0.8838504552841187,3.1421520709991455,0.1941113919019699,5.3884711265563965,-0.428652286529541,0.004155963193625212
-27.0939998626709,7.245999813079834,0.8154019117355347,0.6302083730697632,0.015068067237734795,0.05942822992801666,-0.1764417141675949,0.9789552688598633
-26.0939998626709,-0.7540000081062317,1.1183923482894897,5.227631568908691,0.3944537043571472,2.533742666244507,0.2772589325904846,0.07947593927383423
-26.0939998626709,-0.7540000081062317,0.8659496903419495,3.8317999839782715,0.1086670458316803,0.5075562596321106,-0.03049864061176777,0.3830687403678894
-26.0939998626709,-0.7540000081062317,0.7343449592590332,0.1288118213415146,0.06420708447694778,0.12161673605442047,-0.05186936631798744,0.5374553203582764
-26.0939998626709,0.2460000067949295,0.7016717195510864,5.35589075088501,0.045374806970357895,1.0880756378173828,0.04586995765566826,0.47663968801498413
-26.0939998626709,0.2460000067949295,0.6764592528343201,4.321331024169922,0.04703916981816292,0.2368532121181488,-0.1735018491744995,0.3537670373916626
-26.0939998626709,0.2460000067949295,0.763802707195282,4.948924541473389,0.05713038891553879,0.17468807101249695,0.26712465286254883,0.1695932149887085
-26.0939998626709,1.246000051498413,0.8019812703132629,2.6543235778808594,0.05669471621513367,1.5674622058868408,-0.0945802628993988,0.5259817242622375
-26.0939998626709,1.246000051498413,1.216813564300537,3.531978130340576,0.1799016147851944,0.056042060256004333,-0.10530388355255127,0.37737780809402466
-26.0939998626709,1.246000051498413,1.1834155321121216,0.386665016412735,0.14616580307483673,0.07484819740056992,0.24328166246414185,0.0966404601931572
-26.0939998626709,2.246000051498413,1.0733704566955566,1.9934651851654053,0.28858962655067444,1.7930012941360474,0.03262504190206528,0.38122642040252686
-26.0939998626709,2.246000051498413,1.171802282333374,3.817265748977661,0.07322591543197632,0.03535303473472595,-0.010753259994089603,0.44240713119506836
-26.0939998626709,2.246000051498413,1.2208900451660156,0.5070754885673523,0.08837269246578217,0.04533771425485611,0.10608319193124771,0.17636646330356598
-26.0939998626709,3.246000051498413,0.9921802282333374,1.5206265449523926,0.1369938999414444,1.8446300029754639,0.04205397516489029,0.2559525668621063
-26.0939998626709,3.246000051498413,1.1641374826431274,3.7334985733032227,0.09667164832353592,0.08769577741622925,0.015558245591819286,0.4355930685997009
-26.0939998626709,3.246000051498413,1.1740230321884155,0.49191078543663025,0.0999056026339531,0.08459240198135376,0.13607750833034515,0.30845439434051514
-26.0939998626709,4.245999813079834,0.8503614664077759,1.5477657318115234,0.06335119158029556,1.6784582138061523,0.0856182873249054,0.3136914372444153
-26.0939998626709,4.245999813079834,1.203916311264038,3.6962382793426514,0.09627562016248703,0.025548985227942467,0.1764770746231079,0.3980492651462555
-26.0939998626709,4.245999813079834,1.2009429931640625,0.41716277599334717,0.11071672290563583,0.10241077840328217,0.18457025289535522,0.2882592976093292
-26.0939998626709,5.245999813079834,0.8529648780822754,1.2878276109695435,0.08581434935331345,1.2957524061203003,0.08536523580551147,0.03811981901526451
-26.0939998626709,5.245999813079834,1.2393609285354614,3.64357590675354,0.12330387532711029,0.025516429916024208,0.09225494414567947,0.4758390486240387
-26.0939998626709,5.245999813079834,1.2843800783157349,0.4638778269290924,0.13726048171520233,0.081647589802742,0.2989216148853302,0.4860411286354065
-26.0939998626709,6.245999813079834,0.6454280018806458,5.4560723304748535,0.03395120054483414,0.998971164226532,0.00962534174323082,0.33375072479248047
-26.0939998626709,6.245999813079834,1.0347133874893188,3.4426043033599854,0.14877131581306458,0.11725172400474548,-0.12076921761035919,0.1059042364358902
-26.0939998626709,6.245999813079834,1.3389701843261719,0.5480050444602966,0.14937373995780945,0.05414948612451553,0.048588864505290985,0.5603450536727905
-26.0939998626709,7.245999813079834,0.9732648730278015,0.0678197517991066,0.22955049574375153,0.7369055151939392,0.05506691709160805,0.038844238966703415
-26.0939998626709,7.245999813079834,0.9691603183746338,3.131563901901245,0.168926402926445,1.8718674182891846,-0.37548643350601196,0.009124941192567348
-26.0939998626709,7.245999813079834,1.0526856184005737,0.4013562500476837,0.03613842651247978,0.05626743659377098,-0.1300271898508072,0.9520307779312134
-25.0939998626709,0.2460000067949295,0.9305115938186646,4.757103443145752,0.1989043951034546,0.9669432640075684,0.08544081449508667,0.2160811424255371
-25.0939998626709,0.2460000067949295,0.6041343808174133,4.115199565887451,0.04481517896056175,0.9736123085021973,-0.162527933716774,0.7233385443687439
-25.0939998626709,0.2460000067949295,0.5737025737762451,4.42306661605835,0.034118473529815674,0.6855894327163696,0.1446608155965805,0.060580331832170486
-25.0939998626709,1.246000051498413,0.627731204032898,2.724966526031494,0.017513209953904152,1.2427849769592285,0.028237607330083847,0.809897243976593
-25.0939998626709,1.246000051498413,0.8819951415061951,3.4684178829193115,0.14831258356571198,0.36325836181640625,-0.11904215812683105,0.14749638736248016
-25.0939998626709,1.246000051498413,0.8816024661064148,5.987608432769775,0.16929659247398376,0.22981126606464386,0.19822077453136444,0.04260636121034622
-25.0939998626709,2.246000051498413,0.919006884098053,1.4888557195663452,0.12737920880317688,1.5310070514678955,-0.013991431333124638,0.49371856451034546
-25.0939998626709,2.246000051498413,1.282640814781189,3.788872241973877,0.139387309551239,0.038129772990942,0.0157314520329237,0.40429121255874634
-25.0939998626709,2.246000051498413,1.2229571342468262,0.4442432224750519,0.1085841953754425,0.05026786029338837,0.290883332490921,0.10199017822742462
-25.0939998626709,3.246000051498413,1.0663347244262695,1.1220502853393555,0.3018231987953186,1.692492961883545,0.026537401601672173,0.15055888891220093
-25.0939998626709,3.246000051498413,1.2361361980438232,3.7768967151641846,0.11930051445960999,0.05468188226222992,0.0010441199410706758,0.6281139850616455
-25.0939998626709,3.246000051498413,1.1731230020523071,0.4336574375629425,0.08153849840164185,0.06364384293556213,0.14126062393188477,0.22132715582847595
-25.0939998626709,4.245999813079834,0.9184138774871826,2.0213143825531006,0.12874875962734222,1.494001030921936,0.13125523924827576,0.12266947329044342
-25.0939998626709,4.245999813079834,1.1616641283035278,3.629403591156006,0.0968819186091423,0.07484608888626099,0.04806653782725334,0.34553423523902893
-25.0939998626709,4.245999813079834,1.1517606973648071,0.43422529101371765,0.08420773595571518,0.11821268498897552,0.011946643702685833,0.5317962169647217
-25.0939998626709,5.245999813079834,0.8780753016471863,1.5029584169387817,0.08655520528554916,1.6617240905761719,0.06124712526798248,0.20879428088665009
-25.0939998626709,5.245999813079834,1.2401518821716309,3.662473678588867,0.12502765655517578,0.022773636505007744,-0.09647801518440247,0.46485182642936707
-25.0939998626709,5.245999813079834,1.2937116622924805,0.4526097774505615,0.1629750281572342,0.07534629851579666,0.18408450484275818,0.3263539671897888
-25.0939998626709,6.245999813079834,0.8056031465530396,1.059235692024231,0.060008782893419266,1.6448198556900024,0.006798189133405685,0.2981001138687134
-25.0939998626709,6.245999813079834,1.259381651878357,3.67864990234375,0.18295367062091827,0.018123295158147812,-0.09147908538579941,0.2708238661289215
-25.0939998626709,6.245999813079834,1.299385905265808,0.429474800825119,0.1617712378501892,0.052082762122154236,0.17317406833171844,0.4310759902000427
-25.0939998626709,7.245999813079834,0.7180519700050354,1.9914913177490234,0.04702526703476906,0.9209179282188416,0.0166860893368721,0.7228790521621704
-25.0939998626709,7.245999813079834,0.8561183214187622,3.5715696811676025,0.12171196937561035,0.08096638321876526,-0.00912458822131157,0.0503835566341877
-25.0939998626709,7.245999813079834,1.0480316877365112,0.5549151301383972,0.15451650321483612,0.27539435029029846,0.0996704176068306,0.2267373502254486
-25.0939998626709,8.246000289916992,0.5828568935394287,2.4136321544647217,0.010666640475392342,1.4385253190994263,-0.09994139522314072,0.7826014757156372
-25.0939998626709,8.246000289916992,0.7644636034965515,3.9909141063690186,0.04108547791838646,2.4444406032562256,-0.23326630890369415,0.06828904896974564
-25.0939998626709,8.246000289916992,0.9526463747024536,1.7838890552520752,0.0157204270362854,0.2137184739112854,-0.15960387885570526,0.14910951256752014
-24.0939998626709,-0.7540000081062317,1.2249176502227783,4.39267110824585,0.4977879822254181,1.019904375076294,-0.021756034344434738,0.5036851763725281
-24.0939998626709,-0.7540000081062317,1.3208979368209839,3.0282156467437744,0.15656977891921997,0.05040847137570381,-0.19819612801074982,0.4028890132904053
-24.0939998626709,-0.7540000081062317,1.35593843460083,6.192146301269531,0.12158725410699844,0.03231074661016464,-0.1634713113307953,0.09342575073242188
-24.0939998626709,0.2460000067949295,0.9115406274795532,5.602199077606201,0.19629870355129242,0.6040496230125427,0.10660722851753235,0.27263307571411133
-24.0939998626709,0.2460000067949295,0.6205740571022034,3.654660701751709,0.11771874874830246,1.5733222961425781,0.0195531714707613,0.5208419561386108
-24.0939998626709,0.2460000067949295,0.5820878148078918,4.80686092376709,0.05137747526168823,0.596525251865387,0.1018819808959961,0.20652492344379425
-24.0939998626709,1.246000051498413,0.9008286595344543,2.878464460372925,0.25632157921791077,1.743864893913269,0.03708630055189133,0.1515604704618454
-24.0939998626709,1.246000051498413,0.5874671339988708,2.767106533050537,0.030594686046242714,0.5110493302345276,-0.06632239371538162,0.708401083946228
-24.0939998626709,1.246000051498413,0.6039227843284607,5.692140102386475,0.04676523804664612,0.5790870785713196,0.17833545804023743,0.14003846049308777
-24.0939998626709,2.246000051498413,0.7816635966300964,1.025626540184021,0.05781331658363342,1.264579176902771,-0.034790780395269394,0.7555329203605652
-24.0939998626709,2.246000051498413,1.2694147825241089,3.8125741481781006,0.20448751747608185,0.05095645785331726,-0.046671804040670395,0.19692009687423706
-24.0939998626709,2.246000051498413,1.2102348804473877,0.36224687099456787,0.14019232988357544,0.06402643024921417,0.28538399934768677,0.04754706844687462
-24.0939998626709,3.246000051498413,0.850683867931366,1.8553217649459839,0.07478228956460953,1.491225242614746,-0.06384847313165665,0.43428221344947815
-24.0939998626709,3.246000051498413,1.1949272155761719,3.6950526237487793,0.11580731719732285,0.04806704819202423,0.036274850368499756,0.38912102580070496
-24.0939998626709,3.246000051498413,1.2736756801605225,0.3880561590194702,0.08891722559928894,0.04576427862048149,0.12508724629878998,0.17659682035446167
-24.0939998626709,4.245999813079834,0.9767323136329651,1.822633981704712,0.157759889960289,1.553070306777954,0.07264518737792969,0.10749983787536621
-24.0939998626709,4.245999813079834,1.1904405355453491,3.582639217376709,0.09995227307081223,0.08489635586738586,-0.006369388662278652,0.7130195498466492
-24.0939998626709,4.245999813079834,1.331716775894165,0.26530638337135315,0.12366396933794022,0.09111084043979645,0.021962828934192657,0.17948052287101746
-24.0939998626709,5.245999813079834,0.8969441056251526,0.23757658898830414,0.0918700098991394,1.8152998685836792,0.0867602676153183,0.17138004302978516
-24.0939998626709,5.245999813079834,1.2407042980194092,3.59954833984375,0.11045343428850174,0.04102211073040962,-0.1281934678554535,0.4152190685272217
-24.0939998626709,5.245999813079834,1.3208339214324951,0.3168624937534332,0.14669093489646912,0.07213743776082993,0.06580761820077896,0.41340091824531555
-24.0939998626709,6.245999813079834,0.7686882615089417,1.7237775325775146,0.040039099752902985,1.554017424583435,-0.038688767701387405,0.4266812205314636
-24.0939998626709,6.245999813079834,1.246774673461914,3.6107516288757324,0.19111023843288422,0.020015636458992958,-0.08257170021533966,0.22464120388031006
-24.0939998626709,6.245999813079834,1.2380226850509644,0.40081968903541565,0.16629691421985626,0.05203237012028694,0.1855069398880005,0.3486775755882263
-24.0939998626709,7.245999813079834,0.8701782822608948,3.767212390899658,0.12516814470291138,1.2170648574829102,-0.004732129164040089,0.2552282214164734
-24.0939998626709,7.245999813079834,1.1431041955947876,3.570218801498413,0.17637453973293304,0.02688496559858322,0.05030127242207527,0.10795320570468903
-24.0939998626709,7.245999813079834,1.0219385623931885,0.3611751198768616,0.10706208646297455,0.0893300399184227,0.34736430644989014,0.6368186473846436
-24.0939998626709,8.246000289916992,0.4577443599700928,2.4121928215026855,0.004129140637814999,0.40290123224258423,-0.008165398612618446,0.937996506690979
-24.0939998626709,8.246000289916992,0.9330838918685913,4.113183975219727,0.3569498658180237,0.4258049428462982,-0.14787134528160095,0.006149988155812025
-24.0939998626709,8.246000289916992,1.2409559488296509,0.6613432168960571,0.14310438930988312,0.07367812097072601,0.1445704847574234,0.055853478610515594
-24.0939998626709,15.246000289916992,0.854518711566925,3.255692958831787,0.05235329642891884,1.9231207370758057,-0.054930560290813446,0.44466209411621094
-24.0939998626709,15.246000289916992,0.9358734488487244,2.6041886806488037,0.05580241233110428,0.020175516605377197,-0.025309666991233826,0.5280453562736511
-24.0939998626709,15.246000289916992,1.056081771850586,0.42091765999794006,0.12374050170183182,0.053678832948207855,-0.1898936927318573,0.027292540296912193
-24.0939998626709,16.246000289916992,1.1246907711029053,1.4767720699310303,1.188252568244934,1.5116955041885376,0.15133191645145416,0.00024771250900812447
-24.0939998626709,16.246000289916992,0.8876566886901855,3.03586745262146,0.040077053010463715,0.05364290997385979,0.08114065229892731,0.9728671312332153
-24.0939998626709,16.246000289916992,0.8989669680595398,2.3901028633117676,0.22080004215240479,0.5044947862625122,-0.04205094277858734,0.02688518352806568
-23.0939998626709,-0.7540000081062317,1.053694725036621,3.90549373626709,0.3495940566062927,1.8204056024551392,0.01056976430118084,0.10946283489465714
-23.0939998626709,-0.7540000081062317,1.3943679332733154,2.941786766052246,0.09614026546478271,0.014576982706785202,0.02685007080435753,0.34679940342903137
-23.0939998626709,-0.7540000081062317,1.3340147733688354,5.968900680541992,0.08809483796358109,0.028570696711540222,-0.0645521879196167,0.5437377691268921
-23.0939998626709,0.2460000067949295,0.9824089407920837,0.11942564696073532,0.530907392501831,0.8062829971313477,0.16150176525115967,0.1272648572921753
-23.0939998626709,0.2460000067949295,0.6801722645759583,3.6572067737579346,0.13390079140663147,1.5077407360076904,0.017807014286518097,0.33657947182655334
-23.0939998626709,0.2460000067949295,0.6638614535331726,5.026376247406006,0.05442802980542183,0.35766488313674927,0.06530731916427612,0.5361555814743042
-23.0939998626709,1.246000051498413,0.650388240814209,3.81173038482666,0.06505399197340012,0.9909839630126953,-0.0030466890893876553,0.3183479607105255
-23.0939998626709,1.246000051498413,0.5608103275299072,2.229923725128174,0.022958140820264816,0.5075736045837402,-0.0535743311047554,0.5091805458068848
-23.0939998626709,1.246000051498413,0.6631248593330383,4.813589572906494,0.018231580033898354,0.5272312164306641,0.0315677672624588,0.1724715530872345
-23.0939998626709,2.246000051498413,0.667833149433136,6.203868389129639,0.017482372000813484,0.9765619039535522,-0.029912298545241356,0.8440018892288208
-23.0939998626709,2.246000051498413,1.0196682214736938,3.520630121231079,0.1792915314435959,0.23090964555740356,0.07538831979036331,0.12732714414596558
-23.0939998626709,2.246000051498413,1.0601764917373657,0.17481538653373718,0.15644656121730804,0.062035106122493744,0.06989749521017075,0.02867092192173004
-23.0939998626709,3.246000051498413,0.6704729795455933,1.4289299249649048,0.03912002593278885,1.8238195180892944,-0.04624206945300102,0.7638800144195557
-23.0939998626709,3.246000051498413,1.2067992687225342,3.502448797225952,0.15619848668575287,0.058530695736408234,-0.19406284391880035,0.18274351954460144
-23.0939998626709,3.246000051498413,1.33285391330719,0.30709221959114075,0.18231715261936188,0.055924415588378906,0.18208293616771698,0.053376492112874985
-23.0939998626709,4.245999813079834,0.936525821685791,0.14973290264606476,0.14653541147708893,1.318673014640808,0.04040439426898956,0.03781605511903763
-23.0939998626709,4.245999813079834,1.2587920427322388,3.445904493331909,0.1128954365849495,0.0823758989572525,-0.07127232849597931,0.654593825340271
-23.0939998626709,4.245999813079834,1.3965743780136108,0.16685359179973602,0.14164507389068604,0.08057292550802231,0.05201829597353935,0.30759015679359436
-23.0939998626709,5.245999813079834,0.8524611592292786,5.140397071838379,0.06280354410409927,2.23087215423584,0.08388227224349976,0.14085249602794647
-23.0939998626709,5.245999813079834,1.209726095199585,3.6549582481384277,0.09568063914775848,0.057493336498737335,-0.09582048654556274,0.6411499381065369
-23.0939998626709,5.245999813079834,1.3887532949447632,0.12511181831359863,0.15286190807819366,0.08856140077114105,0.04342564567923546,0.21799753606319427
-23.0939998626709,6.245999813079834,0.7212693095207214,0.8422908782958984,0.03615103289484978,1.9803636074066162,-0.0027276508044451475,0.4272514581680298
-23.0939998626709,6.245999813079834,1.2700786590576172,3.718940019607544,0.12240045517683029,0.022707946598529816,-0.056368667632341385,0.36785849928855896
-23.0939998626709,6.245999813079834,1.3521188497543335,0.3525247275829315,0.16405771672725677,0.04787188023328781,0.12083365768194199,0.20489007234573364
-23.0939998626709,7.245999813079834,1.0866937637329102,1.9499694108963013,0.39091792702674866,1.5444377660751343,0.032609421759843826,0.08707805722951889
-23.0939998626709,7.245999813079834,1.3162904977798462,3.722998857498169,0.11094915121793747,0.019886832684278488,-0.022586436942219734,0.3625556528568268
-23.0939998626709,7.245999813079834,1.3330042362213135,0.35357025265693665,0.13550341129302979,0.05460100993514061,0.1946556717157364,0.5503663420677185
-23.0939998626709,8.246000289916992,0.870414137840271,2.2069578170776367,0.02825021557509899,0.5651032328605652,0.06576307117938995,0.9390612840652466
-23.0939998626709,8.246000289916992,1.1015496253967285,3.4311230182647705,0.2264983206987381,0.23832404613494873,0.3254747688770294,0.007936246693134308
-23.0939998626709,8.246000289916992,1.4877972602844238,0.6333269476890564,0.22340288758277893,0.06244755536317825,0.24721267819404602,0.053002484142780304
-23.0939998626709,14.246000289916992,0.8001089096069336,0.038915716111660004,0.094817154109478,1.8149704933166504,0.0025352141819894314,0.027232041582465172
-23.0939998626709,14.246000289916992,1.1299197673797607,2.431424379348755,0.09374850243330002,0.021658992394804955,0.046821724623441696,0.9677519202232361
-23.0939998626709,14.246000289916992,1.1208648681640625,5.560922622680664,0.23297354578971863,0.40391772985458374,0.1696830689907074,0.005016045644879341
-23.0939998626709,15.246000289916992,0.7590243220329285,2.7230422496795654,0.048111867159605026,1.8652422428131104,-0.030795421451330185,0.1791006624698639
-23.0939998626709,15.246000289916992,0.9630368947982788,2.2796573638916016,0.06634648889303207,0.047962039709091187,0.01383702177554369,0.8200317025184631
-23.0939998626709,15.246000289916992,1.0802147388458252,0.6236612200737,0.27932196855545044,0.17771872878074646,-0.09383352100849152,0.0008675834396854043
-23.0939998626709,16.246000289916992,0.9051840901374817,0.5418902635574341,0.12270023673772812,1.788635015487671,0.01756972447037697,0.038687415421009064
-23.0939998626709,16.246000289916992,0.8379548192024231,2.2459781169891357,0.054892681539058685,0.15281963348388672,0.13211949169635773,0.9480985403060913
-23.0939998626709,16.246000289916992,0.964405357837677,0.8156370520591736,0.2044306844472885,0.1859896034002304,-0.08945822715759277,0.013214084319770336
-23.0939998626709,17.246000289916992,1.0909124612808228,4.469578266143799,0.1763521134853363,1.019221544265747,0.12975458800792694,0.12410435825586319
-23.0939998626709,17.246000289916992,0.9091606140136719,2.2994134426116943,0.07388424873352051,0.08760260045528412,-0.1122097298502922,0.8753883242607117
-23.0939998626709,17.246000289916992,0.9670794010162354,5.072582244873047,0.19188903272151947,2.139826774597168,0.1407485008239746,0.0005073770880699158
-23.0939998626709,18.246000289916992,0.9192138910293579,1.8394719362258911,0.22571371495723724,2.663121223449707,0.08870531618595123,0.04890438914299011
-23.0939998626709,18.246000289916992,0.987190306186676,1.8993310928344727,0.06440658122301102,0.038766924291849136,-0.009832389652729034,0.9408933520317078
-23.0939998626709,18.246000289916992,1.0621132850646973,0.48513397574424744,0.19101378321647644,0.07885684818029404,0.09060590714216232,0.01020222157239914
-22.0939998626709,-10.753999710083008,1.1165454387664795,2.412846326828003,0.8699541687965393,0.8048073649406433,-0.1326732337474823,0.0008940559346228838
-22.0939998626709,-10.753999710083008,0.6063662171363831,3.561312198638916,0.0043379170820117,0.08780007064342499,0.34454602003097534,0.9685677289962769
-22.0939998626709,-10.753999710083008,0.5882478952407837,5.008094787597656,0.011626556515693665,1.2327033281326294,0.2897421717643738,0.030538316816091537
-22.0939998626709,-9.753999710083008,0.6290918588638306,5.792118549346924,0.04517814889550209,3.013542413711548,-0.01159418374300003,0.018832730129361153
-22.0939998626709,-9.753999710083008,0.9745321869850159,2.892679214477539,0.06950569897890091,0.022629523649811745,0.050380103290081024,0.9808658361434937
-22.0939998626709,-9.753999710083008,0.9843224287033081,6.072417259216309,0.21819153428077698,0.7216430306434631,-0.0705554187297821,0.00030149699887260795
-22.0939998626709,-7.754000186920166,0.7740296721458435,1.6243844032287598,0.09808026999235153,1.8765816688537598,0.06452877074480057,0.07173000276088715
-22.0939998626709,-7.754000186920166,0.7508813142776489,3.0627472400665283,0.01909157820045948,0.027816373854875565,-0.04855378344655037,0.9229892492294312
-22.0939998626709,-7.754000186920166,0.8569720983505249,5.790863037109375,0.07326554507017136,0.5279762744903564,-0.028141211718320847,0.005280674900859594
-22.0939998626709,-6.754000186920166,0.7784367799758911,2.2248892784118652,0.10900866240262985,4.217535495758057,0.26434653997421265,0.006480919197201729
-22.0939998626709,-6.754000186920166,0.7817403078079224,3.6957833766937256,0.06621024757623672,0.1371852308511734,-0.236890971660614,0.9933781027793884
-22.0939998626709,-6.754000186920166,0.8770304322242737,5.7543864250183105,0.386253297328949,0.8607222437858582,0.20170265436172485,0.00014101766282692552
-22.0939998626709,-5.754000186920166,0.5783963203430176,2.9447648525238037,0.018949992954730988,1.4116955995559692,0.09953337162733078,0.8834075927734375
-22.0939998626709,-5.754000186920166,0.7514426112174988,3.411552906036377,0.09578832983970642,0.3520797789096832,0.22559106349945068,0.11409695446491241
-22.0939998626709,-5.754000186920166,0.8933274745941162,0.6535513401031494,0.15475405752658844,0.4011700749397278,0.11444848030805588,0.0024954061955213547
-22.0939998626709,-0.7540000081062317,0.7835280895233154,3.8055238723754883,0.10788902640342712,1.3364425897598267,0.02635975182056427,0.16850702464580536
-22.0939998626709,-0.7540000081062317,1.2093453407287598,2.616905450820923,0.11762078106403351,0.024276072159409523,0.18124550580978394,0.21151122450828552
-22.0939998626709,-0.7540000081062317,1.2504229545593262,5.720865249633789,0.1082158088684082,0.03506147861480713,0.0291714109480381,0.6199817657470703
-22.0939998626709,0.2460000067949295,1.0640456676483154,1.1944581270217896,0.1838965266942978,0.8431034684181213,0.04795956611633301,0.42145663499832153
-22.0939998626709,0.2460000067949295,0.7368618845939636,3.2126266956329346,0.15561926364898682,2.0443427562713623,0.22230641543865204,0.11983367800712585
-22.0939998626709,0.2460000067949295,0.745625913143158,5.478137493133545,0.06192408874630928,0.22707684338092804,0.14700044691562653,0.45870959758758545
-22.0939998626709,1.246000051498413,0.7774409055709839,5.8674798011779785,0.06319492310285568,0.5489994287490845,-0.052290115505456924,0.20051705837249756
-22.0939998626709,1.246000051498413,0.6048716902732849,1.8642791509628296,0.12998582422733307,3.6581406593322754,0.11707127839326859,0.0023986301384866238
-22.0939998626709,1.246000051498413,0.6973209381103516,5.83181095123291,0.01671040989458561,0.16122880578041077,0.008888041600584984,0.7970843315124512
-22.0939998626709,2.246000051498413,0.5086948275566101,3.279233455657959,0.061921339482069016,0.9998824596405029,-0.06919697672128677,0.2711900472640991
-22.0939998626709,2.246000051498413,0.5398426055908203,2.385951519012451,0.02128819189965725,0.5967957377433777,-0.1827579140663147,0.6662425994873047
-22.0939998626709,2.246000051498413,0.6007670164108276,6.035274028778076,0.03909141942858696,1.423811435699463,-0.02525547705590725,0.06256738305091858
-22.0939998626709,3.246000051498413,0.7380385398864746,1.0688891410827637,0.04666914790868759,2.2493464946746826,0.019624169915914536,0.6374638676643372
-22.0939998626709,3.246000051498413,1.1980438232421875,3.4463160037994385,0.1729392111301422,0.09025624394416809,-0.11375169456005096,0.2602911591529846
-22.0939998626709,3.246000051498413,1.3172950744628906,0.22635042667388916,0.18412652611732483,0.059021707624197006,0.24504169821739197,0.10224494338035583
-22.0939998626709,4.245999813079834,0.9146478772163391,6.036542892456055,0.11796174198389053,1.1892362833023071,0.02049810253083706,0.05584672838449478
-22.0939998626709,4.245999813079834,1.2914947271347046,3.419233798980713,0.14542847871780396,0.0992218405008316,-0.07259538769721985,0.613274872303009
-22.0939998626709,4.245999813079834,1.3319194316864014,0.14916318655014038,0.11675562709569931,0.08116021007299423,0.05786202475428581,0.330878347158432
-22.0939998626709,5.245999813079834,0.809968113899231,5.427084922790527,0.04727799445390701,2.0032055377960205,0.09961360692977905,0.1394040435552597
-22.0939998626709,5.245999813079834,1.1581302881240845,3.7378499507904053,0.08437791466712952,0.1466444432735443,-0.11821021139621735,0.690146803855896
-22.0939998626709,5.245999813079834,1.3368555307388306,0.23106440901756287,0.12804654240608215,0.10598330199718475,0.027978818863630295,0.1704491376876831
-22.0939998626709,6.245999813079834,0.7569793462753296,0.13383014500141144,0.056042980402708054,2.1905617713928223,0.03962408006191254,0.16547633707523346
-22.0939998626709,6.245999813079834,1.2306787967681885,3.7797627449035645,0.08885186910629272,0.040548231452703476,-0.03755056858062744,0.6653658151626587
-22.0939998626709,6.245999813079834,1.3669190406799316,0.33976370096206665,0.14926719665527344,0.06839349865913391,-0.035022903233766556,0.16915784776210785
-22.0939998626709,7.245999813079834,0.8596643805503845,1.5714346170425415,0.06630793958902359,1.1871933937072754,0.04367511346936226,0.16580015420913696
-22.0939998626709,7.245999813079834,1.2842950820922852,3.8477721214294434,0.08415669947862625,0.022442737594246864,-0.09273353964090347,0.40129703283309937
-22.0939998626709,7.245999813079834,1.5353776216506958,0.425870418548584,0.2548882067203522,0.046208206564188004,0.14844699203968048,0.43290281295776367
-22.0939998626709,8.246000289916992,1.1793638467788696,0.5188828706741333,0.1708516627550125,0.8270728588104248,0.11801975965499878,0.16586264967918396
-22.0939998626709,8.246000289916992,1.2655037641525269,3.2671828269958496,0.09920515865087509,0.041631750762462616,0.4065586030483246,0.11622027307748795
-22.0939998626709,8.246000289916992,1.3873822689056396,0.5210517048835754,0.12093378603458405,0.12058227509260178,0.221343994140625,0.7179170250892639
-22.0939998626709,9.246000289916992,0.740631103515625,1.2135711908340454,0.005959223490208387,0.3529890179634094,-0.14046284556388855,0.9905608296394348
-22.0939998626709,9.246000289916992,1.0236831903457642,2.4417989253997803,0.27199289202690125,0.11640330404043198,0.19483889639377594,0.0009995396248996258
-22.0939998626709,9.246000289916992,0.8858827948570251,5.869765281677246,0.07749707251787186,0.0942588523030281,0.148570254445076,0.008439529687166214
-22.0939998626709,13.246000289916992,0.9490106105804443,1.5110628604888916,0.1500118225812912,1.866175889968872,-0.002024172805249691,0.06050647050142288
-22.0939998626709,13.246000289916992,1.0900481939315796,2.4706790447235107,0.07421524077653885,0.038507796823978424,0.01439970824867487,0.930098831653595
-22.0939998626709,13.246000289916992,1.0774624347686768,5.791443347930908,0.15292131900787354,0.21625681221485138,0.043429046869277954,0.009394681081175804
-22.0939998626709,14.246000289916992,1.0754351615905762,4.332888603210449,0.27415305376052856,2.564171075820923,0.03560895845293999,0.007591793779283762
-22.0939998626709,14.246000289916992,1.14696204662323,2.3596863746643066,0.03693465515971184,0.021289948374032974,0.03530522808432579,0.991907000541687
-22.0939998626709,14.246000289916992,1.0507416725158691,5.322902202606201,0.1371922641992569,0.9286189675331116,0.0949321836233139,0.0005011812318116426
-22.0939998626709,15.246000289916992,0.8766450881958008,1.365195631980896,0.11322521418333054,1.591709852218628,-0.0353257954120636,0.029590852558612823
-22.0939998626709,15.246000289916992,1.1149859428405762,2.410966634750366,0.05585720017552376,0.07558931410312653,-0.036485038697719574,0.9694706797599792
-22.0939998626709,15.246000289916992,1.260656714439392,0.6034263372421265,0.3193631172180176,0.18399538099765778,0.02240137569606304,0.00093840277986601
-22.0939998626709,16.246000289916992,0.9198034405708313,0.20656222105026245,0.190334290266037,2.0410315990448,-0.02188410982489586,0.02630801685154438
-22.0939998626709,16.246000289916992,1.1541123390197754,2.1487252712249756,0.08068430423736572,0.02377225086092949,-0.1706102341413498,0.9694162607192993
-22.0939998626709,16.246000289916992,1.2058773040771484,5.647464275360107,0.35143446922302246,0.46774742007255554,0.04776499420404434,0.004275760147720575
-22.0939998626709,17.246000289916992,0.8520052433013916,6.101471900939941,0.053686682134866714,1.8096808195114136,0.11376500874757767,0.03261115774512291
-22.0939998626709,17.246000289916992,1.0770012140274048,2.012979507446289,0.06727582216262817,0.027331361547112465,0.05534447357058525,0.9673708081245422
-22.0939998626709,17.246000289916992,0.9157426357269287,6.0344367027282715,0.2907447814941406,3.508767604827881,0.03335295990109444,1.8069906218443066e-05
-22.0939998626709,18.246000289916992,1.0295274257659912,2.6195058822631836,0.38752636313438416,2.6690969467163086,0.1506541520357132,0.01675792783498764
-22.0939998626709,18.246000289916992,0.9246717095375061,1.7965682744979858,0.04455294460058212,0.07382832467556,0.30857086181640625,0.9505255222320557
-22.0939998626709,18.246000289916992,1.0127522945404053,1.2614271640777588,0.19920456409454346,0.05854099616408348,-0.03644365072250366,0.032716501504182816
-21.0939998626709,-10.753999710083008,0.9503872394561768,0.10846231132745743,0.6710361242294312,1.3024903535842896,-0.045804914087057114,0.002166217425838113
-21.0939998626709,-10.753999710083008,0.6323376893997192,3.9354004859924316,0.006822825409471989,0.11887048929929733,-0.24014060199260712,0.9755368232727051
-21.0939998626709,-10.753999710083008,0.6465675234794617,4.246903419494629,0.00859142281115055,1.167654275894165,0.24727660417556763,0.022296935319900513
-21.0939998626709,-9.753999710083008,0.8758030533790588,2.0149896144866943,0.055888719856739044,1.2927137613296509,-0.05556610971689224,0.1147380843758583
-21.0939998626709,-9.753999710083008,1.1023154258728027,3.1766746044158936,0.1194809302687645,0.09513162821531296,0.09406176209449768,0.8849063515663147
-21.0939998626709,-9.753999710083008,0.9637622237205505,6.213600158691406,0.18069592118263245,0.2428877204656601,-0.19204889237880707,0.0003555319271981716
-21.0939998626709,-6.754000186920166,0.9130495190620422,0.3358428478240967,0.47854581475257874,2.1129088401794434,0.21343111991882324,0.044131070375442505
-21.0939998626709,-6.754000186920166,0.9314719438552856,3.7854089736938477,0.07535804808139801,0.05354128032922745,-0.3336085081100464,0.9545700550079346
-21.0939998626709,-6.754000186920166,0.9096077680587769,5.437754154205322,0.24452191591262817,0.5456900000572205,0.30370068550109863,0.0012988571543246508
-21.0939998626709,-5.754000186920166,0.6568557024002075,4.18870210647583,0.05691611021757126,1.3001857995986938,-0.041826844215393066,0.26659858226776123
-21.0939998626709,-5.754000186920166,1.0068533420562744,3.577016592025757,0.08501172810792923,0.037233639508485794,0.09712111949920654,0.7150265574455261
-21.0939998626709,-5.754000186920166,0.9898406863212585,0.32261890172958374,0.11365917325019836,0.3487481474876404,-0.03430214896798134,0.018374839797616005
-21.0939998626709,-4.754000186920166,0.8441367149353027,3.4137299060821533,0.12601608037948608,2.1337525844573975,-0.0025520166382193565,0.06757287681102753
-21.0939998626709,-4.754000186920166,0.9208521842956543,3.7240710258483887,0.031090978533029556,0.008872131817042828,0.29315412044525146,0.9268979430198669
-21.0939998626709,-4.754000186920166,1.0751692056655884,1.1199644804000854,0.23023492097854614,0.16278541088104248,0.10846149921417236,0.00552917318418622
-21.0939998626709,-1.753999948501587,0.9407103061676025,3.2275826930999756,0.08491747081279755,1.3654191493988037,-0.1051335409283638,0.04660700261592865
-21.0939998626709,-1.753999948501587,0.7134578227996826,1.2941595315933228,0.07483013719320297,0.3785029947757721,0.35516130924224854,0.907386064529419
-21.0939998626709,-1.753999948501587,0.8178499937057495,4.192530632019043,0.18392778933048248,0.2541992664337158,0.32128584384918213,0.04600691795349121
-21.0939998626709,-0.7540000081062317,1.0076884031295776,5.911671161651611,0.2682511508464813,1.7479217052459717,0.067188560962677,0.0651157945394516
-21.0939998626709,-0.7540000081062317,1.0784823894500732,3.040391206741333,0.05575355514883995,0.055073559284210205,-0.06755975633859634,0.7961751222610474
-21.0939998626709,-0.7540000081062317,1.2558388710021973,6.163608074188232,0.10677795112133026,0.0382043719291687,-0.08387181162834167,0.13870897889137268
-21.0939998626709,1.246000051498413,0.7498947381973267,5.873047828674316,0.0914246141910553,0.7843112945556641,-0.028659285977482796,0.5512009263038635
-21.0939998626709,1.246000051498413,0.6152306795120239,2.661039352416992,0.10650983452796936,0.379398912191391,0.027668600901961327,0.036398641765117645
-21.0939998626709,1.246000051498413,0.7416489124298096,5.711297512054443,0.045096348971128464,0.24357888102531433,-0.06603188067674637,0.412400484085083
-21.0939998626709,2.246000051498413,0.5892932415008545,5.858791351318359,0.06223404407501221,1.5068577527999878,-0.09897154569625854,0.2813807427883148
-21.0939998626709,2.246000051498413,0.5614618062973022,3.810175895690918,0.020260730758309364,0.41562679409980774,-0.07001195102930069,0.22301359474658966
-21.0939998626709,2.246000051498413,0.6756352782249451,5.899016380310059,0.017493246123194695,0.12307094782590866,0.07440394908189774,0.4956056773662567
-21.0939998626709,3.246000051498413,0.6802474856376648,2.2841813564300537,0.02326204441487789,1.632669448852539,-0.044530853629112244,0.7942153215408325
-21.0939998626709,3.246000051498413,1.1028697490692139,3.267043113708496,0.13089805841445923,0.08974625170230865,-0.0022048084065318108,0.15354792773723602
-21.0939998626709,3.246000051498413,1.2369290590286255,0.24305397272109985,0.13590162992477417,0.08288221806287766,0.14794234931468964,0.05223669111728668
-21.0939998626709,4.245999813079834,0.7565444707870483,2.3314545154571533,0.02480817399919033,1.05125892162323,0.012662198394536972,0.7305141091346741
-21.0939998626709,4.245999813079834,1.0975028276443481,3.3680858612060547,0.08974257111549377,0.08639484643936157,0.08349872380495071,0.14837245643138885
-21.0939998626709,4.245999813079834,1.1982612609863281,0.15680693089962006,0.10479812324047089,0.055425290018320084,0.2417949140071869,0.12111344933509827
-21.0939998626709,5.245999813079834,0.9023476243019104,1.441421627998352,0.06354104727506638,1.3497685194015503,0.014331566169857979,0.18241646885871887
-21.0939998626709,5.245999813079834,1.1140389442443848,3.3681206703186035,0.08858435600996017,0.14327870309352875,0.10702912509441376,0.5833228230476379
-21.0939998626709,5.245999813079834,1.2502658367156982,0.18963319063186646,0.1209539994597435,0.1038036122918129,0.05058855563402176,0.2342607080936432
-21.0939998626709,6.245999813079834,0.8375439047813416,0.924645721912384,0.07408759742975235,1.8218401670455933,0.05001789703965187,0.20506998896598816
-21.0939998626709,6.245999813079834,1.158758521080017,3.773869037628174,0.09899584203958511,0.06460624188184738,0.016169602051377296,0.5923065543174744
-21.0939998626709,6.245999813079834,1.277718186378479,0.43682339787483215,0.13792286813259125,0.10085617750883102,-0.04400233179330826,0.20262345671653748
-21.0939998626709,7.245999813079834,0.8560390472412109,2.7033400535583496,0.07062247395515442,1.6310417652130127,0.03858475014567375,0.25370854139328003
-21.0939998626709,7.245999813079834,1.206318974494934,3.9003584384918213,0.08524861186742783,0.023534640669822693,-0.031028693541884422,0.5434253811836243
-21.0939998626709,7.245999813079834,1.3403315544128418,0.5352027416229248,0.15198557078838348,0.07581613212823868,0.13348104059696198,0.20286604762077332
-21.0939998626709,8.246000289916992,1.0875688791275024,1.9283795356750488,0.2210659682750702,1.6109987497329712,0.13064968585968018,0.21938836574554443
-21.0939998626709,8.246000289916992,1.2229866981506348,3.6903228759765625,0.09052496403455734,0.012823524884879589,0.24820244312286377,0.33418038487434387
-21.0939998626709,8.246000289916992,1.3128632307052612,0.5355818271636963,0.12559668719768524,0.07135120779275894,0.1678021401166916,0.4464312195777893
-21.0939998626709,9.246000289916992,1.0607481002807617,0.7983065843582153,0.10491764545440674,1.052606225013733,0.0704876184463501,0.5202915072441101
-21.0939998626709,9.246000289916992,1.1625269651412964,3.418368339538574,0.12329782545566559,0.04729856923222542,0.04710200056433678,0.10225524753332138
-21.0939998626709,9.246000289916992,1.089393973350525,0.40626877546310425,0.05974556505680084,0.03213469311594963,0.0378541573882103,0.3774532377719879
-21.0939998626709,12.246000289916992,0.8345985412597656,5.6364264488220215,0.037887655198574066,1.1634835004806519,-0.042432744055986404,0.3352620303630829
-21.0939998626709,12.246000289916992,1.0665184259414673,2.478832960128784,0.09515468031167984,0.042785294353961945,0.16585418581962585,0.5999476909637451
-21.0939998626709,12.246000289916992,1.2024695873260498,5.732191562652588,0.11741277575492859,0.08580900728702545,-0.0019575818441808224,0.0647902861237526
-21.0939998626709,13.246000289916992,0.9896838665008545,0.4277881681919098,0.1915876269340515,1.9977691173553467,0.17317135632038116,0.006055646110326052
-21.0939998626709,13.246000289916992,1.2486532926559448,2.3506100177764893,0.09091474115848541,0.03796428069472313,0.07501222938299179,0.9930880665779114
-21.0939998626709,13.246000289916992,1.0587832927703857,6.1075334548950195,0.13631844520568848,0.2242046594619751,-0.08535297960042953,0.0008563190931454301
-21.0939998626709,14.246000289916992,1.1881790161132812,5.955014228820801,0.6346039772033691,1.6649892330169678,0.08731245994567871,0.011048530228435993
-21.0939998626709,14.246000289916992,1.0911695957183838,2.4299111366271973,0.04583514854311943,0.025916291400790215,0.14427725970745087,0.9822073578834534
-21.0939998626709,14.246000289916992,0.90763920545578,4.363441467285156,0.10729154944419861,1.0868253707885742,0.21219350397586823,0.006744086742401123
-21.0939998626709,15.246000289916992,1.082291841506958,0.41592270135879517,1.2173231840133667,2.3011014461517334,0.05437079817056656,0.026410730555653572
-21.0939998626709,15.246000289916992,1.1156800985336304,2.19944429397583,0.07371934503316879,0.03748376667499542,-0.13993489742279053,0.9586424231529236
-21.0939998626709,15.246000289916992,1.1029161214828491,6.118128299713135,0.1764642894268036,0.16712287068367004,0.03609208017587662,0.014946851879358292
-21.0939998626709,16.246000289916992,0.7685966491699219,5.303946495056152,0.12580624222755432,2.7887468338012695,0.023825623095035553,0.09777815639972687
-21.0939998626709,16.246000289916992,0.9585898518562317,2.2207934856414795,0.07544279098510742,0.03459541127085686,-0.09752726554870605,0.8268706798553467
-21.0939998626709,16.246000289916992,0.9799177646636963,5.735417366027832,0.1306532472372055,0.1155104711651802,0.04897879809141159,0.07535117864608765
-21.0939998626709,17.246000289916992,0.7318581342697144,0.44633087515830994,0.023367321118712425,1.5624191761016846,-0.04837513342499733,0.031016726046800613
-21.0939998626709,17.246000289916992,1.0581791400909424,2.2571425437927246,0.07760246098041534,0.1002148985862732,0.16139234602451324,0.9689485430717468
-21.0939998626709,17.246000289916992,1.0861377716064453,4.356561183929443,0.30314499139785767,0.9341559410095215,0.12594826519489288,3.471597665338777e-05
-20.0939998626709,-10.753999710083008,0.6070758104324341,3.244187831878662,0.17128346860408783,0.7223959565162659,0.1049928143620491,0.008451838046312332
-20.0939998626709,-10.753999710083008,0.4815996289253235,3.166595220565796,0.08524046093225479,2.5375328063964844,-0.458217978477478,0.006885189097374678
-20.0939998626709,-10.753999710083008,0.6412497758865356,4.340122222900391,0.009458346292376518,0.15534250438213348,0.09400993585586548,0.9846630096435547
-20.0939998626709,-9.753999710083008,0.9363079071044922,2.693758249282837,0.022715289145708084,0.5463783144950867,-0.13434356451034546,0.2737644910812378
-20.0939998626709,-9.753999710083008,0.9913161396980286,3.473897933959961,0.07789140194654465,0.25197240710258484,0.11238378286361694,0.7252869606018066
-20.0939998626709,-9.753999710083008,0.8645029067993164,4.490231990814209,0.09798348695039749,0.10790358483791351,0.005547351203858852,0.0009485445916652679
-20.0939998626709,-8.753999710083008,0.6610960364341736,3.2861311435699463,0.015040544793009758,0.5579012036323547,-0.328114777803421,0.1267855018377304
-20.0939998626709,-8.753999710083008,0.6132354736328125,2.168333053588867,0.02596324309706688,0.16789691150188446,-0.17798712849617004,0.8517268896102905
-20.0939998626709,-8.753999710083008,0.8225958347320557,3.594217538833618,0.07213114202022552,0.36046287417411804,0.09483783692121506,0.021487556397914886
-20.0939998626709,-6.754000186920166,1.1047229766845703,4.857269763946533,1.0407472848892212,1.731308937072754,0.06795713305473328,0.5585618615150452
-20.0939998626709,-6.754000186920166,1.0170984268188477,3.8614771366119385,0.08771788328886032,0.21811996400356293,-0.26737549901008606,0.18587538599967957
-20.0939998626709,-6.754000186920166,1.0422664880752563,5.5367751121521,0.0683179497718811,0.18416300415992737,0.20786429941654205,0.25556281208992004
-20.0939998626709,-5.754000186920166,0.7663178443908691,2.6863842010498047,0.17649422585964203,1.1591321229934692,-0.022169142961502075,0.08333887904882431
-20.0939998626709,-5.754000186920166,1.1532542705535889,3.3545656204223633,0.10936538130044937,0.038718946278095245,-0.006059207487851381,0.9042597413063049
-20.0939998626709,-5.754000186920166,1.0362125635147095,0.06835652142763138,0.1501455157995224,0.4966392517089844,-0.05090252682566643,0.012401437386870384
-20.0939998626709,-4.754000186920166,0.898184061050415,2.153109550476074,0.1059376522898674,3.471684217453003,0.17412495613098145,0.10861841589212418
-20.0939998626709,-4.754000186920166,0.9761024117469788,3.5706515312194824,0.08601121604442596,0.03039415366947651,-0.07198015600442886,0.863601803779602
-20.0939998626709,-4.754000186920166,0.8357298970222473,0.5743178129196167,0.1035565435886383,0.19200554490089417,0.1060681939125061,0.027779841795563698
-20.0939998626709,-3.753999948501587,1.1370933055877686,2.3066048622131348,0.4610483944416046,3.0302531719207764,0.23357440531253815,0.007974429056048393
-20.0939998626709,-3.753999948501587,0.9090593457221985,4.05256986618042,0.02678488940000534,0.007481747306883335,-0.06348751485347748,0.6336583495140076
-20.0939998626709,-3.753999948501587,0.8838668465614319,0.5948739647865295,0.05994183197617531,0.2129134088754654,-0.07849285006523132,0.35836726427078247
-20.0939998626709,-2.753999948501587,0.9392012357711792,0.6883277893066406,0.13579680025577545,2.822674036026001,0.09045364707708359,0.05846801772713661
-20.0939998626709,-2.753999948501587,1.1767570972442627,3.8463363647460938,0.059940461069345474,0.01914292760193348,-0.046876948326826096,0.6809733510017395
-20.0939998626709,-2.753999948501587,0.9925876259803772,0.9117129445075989,0.05514894425868988,0.05596928671002388,-0.17714986205101013,0.2605586349964142
-20.0939998626709,-1.753999948501587,1.39988112449646,4.3245038986206055,0.27795279026031494,0.8280747532844543,-0.23958954215049744,0.011892980895936489
-20.0939998626709,-1.753999948501587,1.0780713558197021,1.7231693267822266,0.003372173523530364,0.02328222617506981,-0.45932185649871826,0.988031268119812
-20.0939998626709,-1.753999948501587,0.777170717716217,1.626112461090088,0.025742102414369583,11.294360160827637,0.6036291122436523,7.578373333672062e-05
-20.0939998626709,-0.7540000081062317,1.0202826261520386,4.736259937286377,0.16487090289592743,0.6101133227348328,0.08516567945480347,0.20301467180252075
-20.0939998626709,-0.7540000081062317,1.1890678405761719,2.90519380569458,0.09173601865768433,0.07926373183727264,-0.13493812084197998,0.48336082696914673
-20.0939998626709,-0.7540000081062317,1.0760178565979004,6.263658046722412,0.08614510297775269,0.07171281427145004,-0.18682479858398438,0.31362447142601013
-20.0939998626709,0.2460000067949295,0.7016949653625488,0.09745319187641144,0.13774771988391876,1.2542126178741455,-0.19263094663619995,0.02172444388270378
-20.0939998626709,0.2460000067949295,0.6651262640953064,3.705504894256592,0.02256433479487896,0.28887197375297546,-0.29572170972824097,0.9398056268692017
-20.0939998626709,0.2460000067949295,0.6286724209785461,4.7107062339782715,0.009866365231573582,4.209486484527588,0.03394114598631859,0.03846995532512665
-20.0939998626709,1.246000051498413,0.8857415914535522,4.936705589294434,0.36246412992477417,1.3690049648284912,-0.13811862468719482,0.05324185639619827
-20.0939998626709,1.246000051498413,0.5930270552635193,2.9511775970458984,0.03821835666894913,0.13842441141605377,0.21062538027763367,0.6987086534500122
-20.0939998626709,1.246000051498413,0.690566897392273,5.566857814788818,0.026039419695734978,0.6408795714378357,0.0745537132024765,0.2480495423078537
-20.0939998626709,2.246000051498413,0.7931300401687622,5.78704833984375,0.20753301680088043,3.6816372871398926,0.08391372859477997,0.3104352355003357
-20.0939998626709,2.246000051498413,0.6823654770851135,3.1366145610809326,0.022909870371222496,0.19792738556861877,-0.29324448108673096,0.6766206622123718
-20.0939998626709,2.246000051498413,0.7348805665969849,5.997373104095459,0.033163636922836304,0.3310575485229492,0.1588928997516632,0.012944096699357033
-20.0939998626709,3.246000051498413,0.6551523208618164,1.3535950183868408,0.02050529047846794,1.9335709810256958,-0.04362289234995842,0.7205480337142944
-20.0939998626709,3.246000051498413,1.0867395401000977,3.1508939266204834,0.10802008211612701,0.08494901657104492,0.04091915488243103,0.1801007241010666
-20.0939998626709,3.246000051498413,1.2218999862670898,6.252817153930664,0.1196492612361908,0.037555992603302,0.20303457975387573,0.0993511900305748
-20.0939998626709,4.245999813079834,0.6628797054290771,1.5810163021087646,0.01479322649538517,1.9235382080078125,-0.015890218317508698,0.6691924333572388
-20.0939998626709,4.245999813079834,1.0203279256820679,3.221458911895752,0.08276040107011795,0.08161080628633499,0.1488054096698761,0.24988533556461334
-20.0939998626709,4.245999813079834,1.2360382080078125,0.07824120670557022,0.15060196816921234,0.08280109614133835,0.3616551160812378,0.0809222087264061
-20.0939998626709,5.245999813079834,0.8738713264465332,0.010409703478217125,0.06343911588191986,1.2805461883544922,-0.0060042208060622215,0.24761250615119934
-20.0939998626709,5.245999813079834,1.1043661832809448,3.2207553386688232,0.09218141436576843,0.08865632116794586,0.20637060701847076,0.5612272620201111
-20.0939998626709,5.245999813079834,1.2281839847564697,0.0650663748383522,0.1253955364227295,0.09376951307058334,0.027173053473234177,0.19116023182868958
-20.0939998626709,6.245999813079834,0.9599271416664124,1.2406749725341797,0.1497776359319687,1.5218358039855957,0.07626410573720932,0.17699885368347168
-20.0939998626709,6.245999813079834,1.1211541891098022,3.609483480453491,0.10263683646917343,0.06326161324977875,0.18278329074382782,0.6349977850914001
-20.0939998626709,6.245999813079834,1.154856562614441,0.3546564280986786,0.13336347043514252,0.19992227852344513,0.021630404517054558,0.1880032867193222
-20.0939998626709,7.245999813079834,0.9043082594871521,2.3560330867767334,0.08436349779367447,1.4764734506607056,0.095100998878479,0.19458144903182983
-20.0939998626709,7.245999813079834,1.231547474861145,3.9184701442718506,0.09222716093063354,0.06101813539862633,0.08974402397871017,0.567503035068512
-20.0939998626709,7.245999813079834,1.2509058713912964,0.5586807131767273,0.10948604345321655,0.12175184488296509,0.19947320222854614,0.23791548609733582
-20.0939998626709,8.246000289916992,1.2088866233825684,5.904547691345215,0.65659499168396,2.7376863956451416,0.2596738040447235,0.18151016533374786
-20.0939998626709,8.246000289916992,1.2283121347427368,3.9484739303588867,0.09150420874357224,0.05069243162870407,-0.10309775173664093,0.5940734148025513
-20.0939998626709,8.246000289916992,1.1847859621047974,0.6305961608886719,0.09435843676328659,0.08947087079286575,0.10696367919445038,0.22441647946834564
-20.0939998626709,9.246000289916992,1.11702299118042,6.226934909820557,0.3394618332386017,1.6725815534591675,0.15078642964363098,0.22498272359371185
-20.0939998626709,9.246000289916992,1.1414011716842651,4.221957206726074,0.10520026087760925,0.0945630893111229,-0.13556796312332153,0.317704975605011
-20.0939998626709,9.246000289916992,1.3740119934082031,0.8009667992591858,0.13095344603061676,0.03436175733804703,-0.03970349207520485,0.45731228590011597
-20.0939998626709,10.246000289916992,1.1409552097320557,4.000332355499268,0.16423864662647247,0.4669511914253235,0.1841372549533844,0.5280265212059021
-20.0939998626709,10.246000289916992,1.0622808933258057,2.8183681964874268,0.15950024127960205,0.677699625492096,-0.26467153429985046,0.09810762852430344
-20.0939998626709,10.246000289916992,1.1141141653060913,6.188596725463867,0.1420106440782547,0.2988029718399048,0.042809873819351196,0.37386584281921387
-20.0939998626709,11.246000289916992,1.2290105819702148,5.728015422821045,1.4131968021392822,1.7617427110671997,0.28281110525131226,0.018421657383441925
-20.0939998626709,11.246000289916992,1.1113773584365845,2.317188262939453,0.09116505086421967,0.14464682340621948,-0.2706993520259857,0.9809034466743469
-20.0939998626709,11.246000289916992,1.067147135734558,4.339081287384033,0.4578430652618408,5.2846455574035645,0.45458677411079407,0.0006747683510184288
-20.0939998626709,12.246000289916992,1.022569179534912,5.448457717895508,0.20810361206531525,1.6775933504104614,-0.04105890914797783,0.0110922334715724
-20.0939998626709,12.246000289916992,1.244864583015442,2.267930746078491,0.07223590463399887,0.07542870938777924,-0.19309240579605103,0.9887479543685913
-20.0939998626709,12.246000289916992,1.4628831148147583,0.4017501771450043,0.8337404131889343,0.7528794407844543,0.1163446307182312,0.00015981514297891408
-20.0939998626709,13.246000289916992,0.9483821392059326,4.796416282653809,0.2184380739927292,1.9131468534469604,0.3232400715351105,0.0006032742676325142
-20.0939998626709,13.246000289916992,1.1629674434661865,2.1872758865356445,0.09642189741134644,0.09562358260154724,0.07179981470108032,0.9988055229187012
-20.0939998626709,13.246000289916992,0.9961746335029602,5.4827961921691895,0.09002607315778732,0.30668601393699646,-0.035902541130781174,0.0005911772605031729
-20.0939998626709,14.246000289916992,1.2447376251220703,1.6503167152404785,0.6801734566688538,0.9526299834251404,0.2393915206193924,0.07179027795791626
-20.0939998626709,14.246000289916992,1.1509093046188354,2.2346293926239014,0.09572657197713852,0.06208474934101105,-0.0014524661237373948,0.9106259346008301
-20.0939998626709,14.246000289916992,0.9662425518035889,4.904736518859863,0.13382761180400848,0.8850241899490356,0.19233214855194092,0.017583701759576797
-20.0939998626709,15.246000289916992,1.0817539691925049,0.7282143235206604,0.706226110458374,2.156435251235962,0.05478057265281677,0.002838026499375701
-20.0939998626709,15.246000289916992,0.9842477440834045,2.464925765991211,0.03906555473804474,0.018205812200903893,0.09093654900789261,0.9924972057342529
-20.0939998626709,15.246000289916992,1.0492823123931885,5.795487403869629,0.13516560196876526,0.10406578332185745,-0.015665723010897636,0.004664778709411621
-20.0939998626709,16.246000289916992,0.8855627179145813,5.637417316436768,0.3695274889469147,4.719728946685791,0.06883496046066284,0.005364975426346064
-20.0939998626709,16.246000289916992,1.046172022819519,2.3889946937561035,0.05981871113181114,0.020829210057854652,-0.1129613146185875,0.9339789152145386
-20.0939998626709,16.246000289916992,0.8995104432106018,5.665842056274414,0.08363242447376251,0.14346006512641907,0.04229556396603584,0.0606561154127121
-20.0939998626709,19.246000289916992,1.122435450553894,4.331982612609863,0.4116111397743225,1.3341715335845947,0.0767277330160141,0.44164901971817017
-20.0939998626709,19.246000289916992,1.1897614002227783,2.5962347984313965,0.11004365235567093,0.05936361476778984,-0.129214808344841,0.3528657555580139
-20.0939998626709,19.246000289916992,1.1233829259872437,5.932407379150391,0.10873051732778549,0.16943684220314026,-0.07092231512069702,0.20548520982265472
-20.0939998626709,20.246000289916992,1.332206130027771,2.9801993370056152,0.6611111164093018,0.8342567086219788,0.029779735952615738,0.02773645892739296
-20.0939998626709,20.246000289916992,1.058084487915039,2.291339635848999,0.05784234032034874,0.03791089728474617,-0.04699662700295448,0.9417550563812256
-20.0939998626709,20.246000289916992,1.368123173713684,5.531258583068848,0.1263565719127655,0.08984096348285675,0.07625066488981247,0.030508462339639664
-19.0939998626709,-11.753999710083008,0.6648281812667847,3.5677998065948486,0.09427280724048615,1.0343610048294067,0.20068016648292542,0.05263378843665123
-19.0939998626709,-11.753999710083008,0.4066283702850342,3.11164927482605,0.14309999346733093,2.317991256713867,-0.09119130671024323,0.0038558836095035076
-19.0939998626709,-11.753999710083008,0.6954400539398193,4.26077938079834,0.0358932800590992,0.07127466052770615,0.08999477326869965,0.9435103535652161
-19.0939998626709,-10.753999710083008,0.6488367319107056,5.250678539276123,0.06268841028213501,0.723449170589447,-0.03779111057519913,0.09393788874149323
-19.0939998626709,-10.753999710083008,0.5865913033485413,2.7948496341705322,0.050326813012361526,1.1587210893630981,-0.3706279397010803,0.026229465380311012
-19.0939998626709,-10.753999710083008,0.6819870471954346,4.220831871032715,0.012998872436583042,0.14686600863933563,0.11889464408159256,0.8798326849937439
-19.0939998626709,-9.753999710083008,0.8305178880691528,1.4466913938522339,0.03828605264425278,0.9709751009941101,-0.11019240319728851,0.5035486221313477
-19.0939998626709,-9.753999710083008,0.7092195153236389,2.7274692058563232,0.04516974836587906,1.446702241897583,-0.23912958800792694,0.4774591028690338
-19.0939998626709,-9.753999710083008,0.7353622317314148,4.335799217224121,0.03003261797130108,0.24149015545845032,-0.03957071527838707,0.01899232156574726
-19.0939998626709,-8.753999710083008,1.188159704208374,0.13124145567417145,0.1500176191329956,1.0059728622436523,-0.2546001076698303,0.12100931257009506
-19.0939998626709,-8.753999710083008,0.7788004279136658,1.0543826818466187,0.01689670793712139,0.198722705245018,-0.13589255511760712,0.8038451671600342
-19.0939998626709,-8.753999710083008,0.8463271260261536,3.873058795928955,0.02854253724217415,0.2719874978065491,0.014754468575119972,0.07514551281929016
-19.0939998626709,-7.754000186920166,0.9024974703788757,3.826728582382202,0.014194279909133911,0.1930190473794937,-0.31045159697532654,0.6188366413116455
-19.0939998626709,-7.754000186920166,0.875110387802124,0.0874565839767456,0.03974265232682228,0.38305413722991943,0.28933754563331604,0.1610119789838791
-19.0939998626709,-7.754000186920166,0.8815029263496399,4.159680366516113,0.033495597541332245,0.06853760778903961,0.31064945459365845,0.2201513648033142
-19.0939998626709,-6.754000186920166,0.9505410194396973,4.472060680389404,0.22531186044216156,1.4537147283554077,-0.021990329027175903,0.6272069215774536
-19.0939998626709,-6.754000186920166,1.0136497020721436,3.102498769760132,0.08425266295671463,0.1907859891653061,-0.0636422410607338,0.26414573192596436
-19.0939998626709,-6.754000186920166,1.0652050971984863,6.163010120391846,0.07703819870948792,0.13337603211402893,-0.10496100038290024,0.10864727199077606
-19.0939998626709,-5.754000186920166,0.9553492069244385,3.0308327674865723,0.15972155332565308,1.056242823600769,-0.08269157260656357,0.3242327868938446
-19.0939998626709,-5.754000186920166,1.072744607925415,3.405461311340332,0.09650329500436783,0.20644252002239227,-0.05795367807149887,0.4806283712387085
-19.0939998626709,-5.754000186920166,1.156531810760498,0.3182113766670227,0.09356006979942322,0.04926295205950737,-0.04960626736283302,0.19513888657093048
-19.0939998626709,-4.754000186920166,1.011263132095337,2.197981357574463,0.11060748994350433,2.113914966583252,0.12024299055337906,0.11095301806926727
-19.0939998626709,-4.754000186920166,0.995873749256134,3.630002737045288,0.05042460188269615,0.04957970231771469,0.020681850612163544,0.37213122844696045
-19.0939998626709,-4.754000186920166,0.9610011577606201,0.5581375956535339,0.05023224279284477,0.0432937853038311,0.05505120009183884,0.5169157385826111
-19.0939998626709,-3.753999948501587,0.9763966202735901,2.3124701976776123,0.18083946406841278,1.8375238180160522,0.1928919404745102,0.026287946850061417
-19.0939998626709,-3.753999948501587,0.8766758441925049,3.856269598007202,0.03862493857741356,0.02401217818260193,0.11720648407936096,0.5691628456115723
-19.0939998626709,-3.753999948501587,0.9075404405593872,0.9450058341026306,0.0661831945180893,0.14856484532356262,-0.07619397342205048,0.404549241065979
-19.0939998626709,-2.753999948501587,0.7726641893386841,0.3371051847934723,0.038905851542949677,2.350895404815674,0.03172973915934563,0.16896285116672516
-19.0939998626709,-2.753999948501587,1.0602060556411743,4.096651554107666,0.06880450993776321,0.08098846673965454,0.0032669920474290848,0.6593981385231018
-19.0939998626709,-2.753999948501587,1.0636870861053467,1.138819932937622,0.0761256068944931,0.07323762029409409,-0.24513579905033112,0.17163898050785065
-19.0939998626709,-1.753999948501587,1.1083621978759766,4.591897487640381,0.068327397108078,0.49588388204574585,-0.20905140042304993,0.4694361090660095
-19.0939998626709,-1.753999948501587,0.9462226033210754,1.6340558528900146,0.04738983139395714,0.2739519774913788,-0.20096123218536377,0.47567200660705566
-19.0939998626709,-1.753999948501587,0.8913753032684326,4.9291510581970215,0.06807085871696472,1.2786686420440674,0.06490577012300491,0.0548919141292572
-19.0939998626709,-0.7540000081062317,0.9769310355186462,0.17177730798721313,0.044980861246585846,1.2147396802902222,-0.03102700598537922,0.7126349210739136
-19.0939998626709,-0.7540000081062317,1.0547062158584595,2.9107205867767334,0.09877356886863708,0.2699236273765564,-0.1400396227836609,0.18345527350902557
-19.0939998626709,-0.7540000081062317,1.2224334478378296,0.16794639825820923,0.10967705398797989,0.07749836146831512,-0.1633361428976059,0.10390985757112503
-19.0939998626709,0.2460000067949295,0.9453979134559631,5.153957366943359,0.07650798559188843,1.5358067750930786,-0.18399855494499207,0.24028067290782928
-19.0939998626709,0.2460000067949295,0.9357451796531677,2.321678638458252,0.057179033756256104,0.24303896725177765,-0.4442981481552124,0.7462227940559387
-19.0939998626709,0.2460000067949295,0.8657351136207581,4.998129844665527,0.03352651745080948,1.6154038906097412,0.0061903600580990314,0.01349661685526371
-19.0939998626709,1.246000051498413,0.8890799283981323,1.0997397899627686,0.2847706377506256,1.2070400714874268,-0.08763634413480759,0.15614300966262817
-19.0939998626709,1.246000051498413,0.5941066741943359,2.930433750152588,0.021768983453512192,0.24592725932598114,0.0194846224039793,0.724307119846344
-19.0939998626709,1.246000051498413,0.7345249652862549,5.6269612312316895,0.029955413192510605,0.32525259256362915,0.07051960378885269,0.11954984813928604
-19.0939998626709,2.246000051498413,0.8859937191009521,0.03234889358282089,0.1610814779996872,2.1289730072021484,0.01173187606036663,0.1968832165002823
-19.0939998626709,2.246000051498413,0.89323890209198,2.4903197288513184,0.058122582733631134,0.05695870891213417,0.15049460530281067,0.5792351365089417
-19.0939998626709,2.246000051498413,0.9803078174591064,5.838329315185547,0.08883274346590042,0.08482305705547333,0.09723348170518875,0.22388164699077606
-19.0939998626709,3.246000051498413,0.7879847884178162,0.7647497057914734,0.0462784618139267,1.8602020740509033,-0.021936433389782906,0.4186781048774719
-19.0939998626709,3.246000051498413,1.064595103263855,3.0233802795410156,0.0947481170296669,0.08526290208101273,-0.051655467599630356,0.40123793482780457
-19.0939998626709,3.246000051498413,1.2361259460449219,6.198441982269287,0.12228383868932724,0.031601738184690475,0.20535171031951904,0.18008394539356232
-19.0939998626709,4.245999813079834,0.7296779751777649,0.12934610247612,0.02396269701421261,1.8610222339630127,-0.022460659965872765,0.36538150906562805
-19.0939998626709,4.245999813079834,1.0739749670028687,3.051511287689209,0.07385267317295074,0.09663496166467667,0.09436491131782532,0.46054384112358093
-19.0939998626709,4.245999813079834,1.2846043109893799,6.281721591949463,0.13832630217075348,0.05399896949529648,0.23104912042617798,0.17407464981079102
-19.0939998626709,5.245999813079834,0.9921863675117493,0.06268741935491562,0.0737115889787674,1.3795067071914673,0.06233850494027138,0.3015172779560089
-19.0939998626709,5.245999813079834,1.1069949865341187,3.1311452388763428,0.0668216273188591,0.1389530748128891,0.20271696150302887,0.4733722507953644
-19.0939998626709,5.245999813079834,1.3213320970535278,0.04880174249410629,0.10430621355772018,0.043497730046510696,0.04658442735671997,0.2251104712486267
-19.0939998626709,6.245999813079834,0.854321300983429,6.031735420227051,0.08952987194061279,1.5080628395080566,0.13895578682422638,0.3066083788871765
-19.0939998626709,6.245999813079834,1.005753517150879,3.4538488388061523,0.0964793860912323,0.22451838850975037,0.10474222153425217,0.44100114703178406
-19.0939998626709,6.245999813079834,1.2228912115097046,0.1744559109210968,0.14672988653182983,0.10466865450143814,-0.022523991763591766,0.2523905038833618
-19.0939998626709,7.245999813079834,0.862468421459198,1.0052441358566284,0.057413309812545776,1.5622564554214478,0.11176981031894684,0.43151983618736267
-19.0939998626709,7.245999813079834,1.0842186212539673,3.754188060760498,0.1024918258190155,0.15500570833683014,0.15106169879436493,0.447721004486084
-19.0939998626709,7.245999813079834,1.258597731590271,0.5401400327682495,0.1326715052127838,0.12947262823581696,0.0016954740276560187,0.12075915932655334
-19.0939998626709,8.246000289916992,1.0230860710144043,6.098097324371338,0.1806805282831192,2.311265230178833,0.1902303695678711,0.4663219153881073
-19.0939998626709,8.246000289916992,1.1660754680633545,3.9825668334960938,0.08803059160709381,0.055764563381671906,-0.026158234104514122,0.4258827567100525
-19.0939998626709,8.246000289916992,1.2018882036209106,0.7506706118583679,0.09380701184272766,0.08047042787075043,0.05876592546701431,0.10779529809951782
-19.0939998626709,9.246000289916992,1.065659999847412,0.09139139950275421,0.19551238417625427,1.8496989011764526,0.11590633541345596,0.4026201367378235
-19.0939998626709,9.246000289916992,1.1559009552001953,4.058645248413086,0.08110063523054123,0.05708131939172745,-0.006061634514480829,0.34525758028030396
-19.0939998626709,9.246000289916992,1.321962833404541,0.7200675010681152,0.10868121683597565,0.04614783078432083,-0.07873960584402084,0.2521224021911621
-19.0939998626709,10.246000289916992,0.9569170475006104,5.147833824157715,0.06568125635385513,0.6886046528816223,0.14138613641262054,0.7109766602516174
-19.0939998626709,10.246000289916992,1.0297905206680298,2.545928478240967,0.10580854117870331,0.48572859168052673,-0.06793256103992462,0.11844215542078018
-19.0939998626709,10.246000289916992,1.1853641271591187,1.3624738454818726,0.1368398815393448,0.08500633388757706,-0.10182780027389526,0.17058119177818298
-19.0939998626709,11.246000289916992,1.209289312362671,5.6226582527160645,0.6438407897949219,1.573793888092041,0.20288455486297607,0.05060528218746185
-19.0939998626709,11.246000289916992,1.2187615633010864,2.134006977081299,0.09195003658533096,0.09016674757003784,-0.10089967399835587,0.9408116936683655
-19.0939998626709,11.246000289916992,1.192340612411499,5.190736770629883,0.23764707148075104,0.7573800683021545,0.2224116325378418,0.008583073504269123
-19.0939998626709,12.246000289916992,0.8195394277572632,5.527985572814941,0.05639069527387619,1.322204828262329,0.007713078986853361,0.126151442527771
-19.0939998626709,12.246000289916992,1.1519187688827515,2.305830240249634,0.09532082080841064,0.07901382446289062,-0.15979252755641937,0.8736117482185364
-19.0939998626709,12.246000289916992,1.2464678287506104,8.446723222732544e-05,0.7938902378082275,1.1979942321777344,0.06253063678741455,0.0002367694251006469
-19.0939998626709,13.246000289916992,0.8696921467781067,0.2838954031467438,0.05643948167562485,0.9823749661445618,0.10474109649658203,0.02990451268851757
-19.0939998626709,13.246000289916992,1.0988364219665527,2.249218702316284,0.09291066974401474,0.06007795408368111,0.007262035738676786,0.9691442251205444
-19.0939998626709,13.246000289916992,1.1325088739395142,5.6579718589782715,0.19917529821395874,0.2696182131767273,0.027444500476121902,0.0009512515389360487
-19.0939998626709,14.246000289916992,0.971163809299469,2.6275901794433594,0.19429439306259155,0.8469281792640686,0.12405578047037125,0.20309101045131683
-19.0939998626709,14.246000289916992,0.8596237301826477,2.144627332687378,0.06599118560552597,0.08340194076299667,0.20440632104873657,0.7897810935974121
-19.0939998626709,14.246000289916992,0.8549022674560547,6.129423141479492,0.28493863344192505,0.43835723400115967,0.3159152865409851,0.007127868011593819
-19.0939998626709,15.246000289916992,0.8726780414581299,0.67184978723526,0.3740834891796112,2.4913973808288574,0.08413630723953247,0.09463049471378326
-19.0939998626709,15.246000289916992,0.8443676829338074,2.718240976333618,0.07709420472383499,0.08467119187116623,-0.04858997091650963,0.8770790100097656
-19.0939998626709,15.246000289916992,0.9510284066200256,5.65194034576416,0.12177696079015732,0.10945950448513031,0.005784919485449791,0.02829059399664402
-19.0939998626709,16.246000289916992,0.7694196701049805,4.978954315185547,0.30019068717956543,2.651419162750244,0.10273724049329758,0.003782690968364477
-19.0939998626709,16.246000289916992,1.1155644655227661,3.1543936729431152,0.09990986436605453,0.029291456565260887,-0.21708916127681732,0.9795800447463989
-19.0939998626709,16.246000289916992,0.8979794383049011,5.702573776245117,0.12799522280693054,0.20777295529842377,-0.0026183126028627157,0.016637247055768967
-19.0939998626709,17.246000289916992,1.0719413757324219,4.654038429260254,0.07051188498735428,1.3140796422958374,0.03994826227426529,0.017061159014701843
-19.0939998626709,17.246000289916992,1.1516920328140259,2.185408115386963,0.07366364449262619,0.09222505241632462,0.1995251625776291,0.981214165687561
-19.0939998626709,17.246000289916992,1.1158092021942139,5.1730170249938965,0.11696397513151169,0.16690443456172943,0.19614385068416595,0.001724728848785162
-19.0939998626709,18.246000289916992,1.1600620746612549,1.1450344324111938,0.3281852602958679,1.63803231716156,0.01319774892181158,0.0022290481720119715
-19.0939998626709,18.246000289916992,1.0895308256149292,3.0830905437469482,0.007414223160594702,0.0021891689393669367,-0.08946997672319412,0.9968716502189636
-19.0939998626709,18.246000289916992,1.0618727207183838,5.266101837158203,0.12803679704666138,0.2547582983970642,0.20178666710853577,0.0008993594674393535
-19.0939998626709,19.246000289916992,1.019925594329834,2.8314647674560547,0.2184799164533615,1.4132859706878662,0.12738321721553802,0.12024042010307312
-19.0939998626709,19.246000289916992,1.1667309999465942,2.241523265838623,0.07157836854457855,0.03825632482767105,0.024404043331742287,0.8629955053329468
-19.0939998626709,19.246000289916992,1.1853148937225342,6.157578945159912,0.17573629319667816,0.2226182371377945,0.020464176312088966,0.016764065250754356
-19.0939998626709,20.246000289916992,1.2552849054336548,1.8361316919326782,0.34228914976119995,0.893101155757904,0.09380041062831879,0.14189258217811584
-19.0939998626709,20.246000289916992,0.9607220888137817,2.374269962310791,0.07328533381223679,0.07211126387119293,0.014942748472094536,0.8563387393951416
-19.0939998626709,20.246000289916992,1.1525309085845947,5.6501240730285645,0.15941698849201202,0.2810702323913574,0.10899972915649414,0.0017687227809801698
-19.0939998626709,21.246000289916992,1.0303096771240234,3.370945930480957,0.03105432167649269,0.42434272170066833,-0.0354963019490242,0.41757699847221375
-19.0939998626709,21.246000289916992,1.0547114610671997,2.2668347358703613,0.09664689749479294,0.0697612315416336,0.15562444925308228,0.581953763961792
-19.0939998626709,21.246000289916992,1.1332969665527344,5.467248916625977,0.14272703230381012,0.42002347111701965,0.19424067437648773,0.00046921841567382216
-18.0939998626709,-11.753999710083008,0.692928671836853,4.337587833404541,0.024207912385463715,0.35786300897598267,0.015515992417931557,0.6065404415130615
-18.0939998626709,-11.753999710083008,0.5934998393058777,1.8336777687072754,0.044827383011579514,0.9617860913276672,-0.06702259927988052,0.03934081643819809
-18.0939998626709,-11.753999710083008,0.7597538828849792,5.278661251068115,0.02047804370522499,0.10372859984636307,-0.0683661699295044,0.35411879420280457
-18.0939998626709,-10.753999710083008,0.8821185827255249,4.965237617492676,0.21389305591583252,0.8558116555213928,-0.008617991581559181,0.06083133816719055
-18.0939998626709,-10.753999710083008,0.587576150894165,2.114405632019043,0.04942062497138977,1.459213137626648,-0.1273217648267746,0.04365702345967293
-18.0939998626709,-10.753999710083008,0.6707780361175537,4.4589362144470215,0.019598832353949547,0.3973751664161682,-0.03757298365235329,0.8955115675926208
-18.0939998626709,-9.753999710083008,0.8108898401260376,4.639416217803955,0.05507082864642143,1.6412838697433472,0.047011855989694595,0.5081936717033386
-18.0939998626709,-9.753999710083008,0.6671276092529297,1.5097274780273438,0.03145751357078552,0.731597363948822,-0.019900763407349586,0.4130891263484955
-18.0939998626709,-9.753999710083008,0.8082095384597778,4.600516319274902,0.042675554752349854,0.31680792570114136,0.17950144410133362,0.07871716469526291
-18.0939998626709,-8.753999710083008,1.100418210029602,0.1499798744916916,0.10056918859481812,1.0452752113342285,-0.01913170889019966,0.14860489964485168
-18.0939998626709,-8.753999710083008,0.9108858108520508,1.1244659423828125,0.04792075604200363,0.26052913069725037,-0.06391111761331558,0.6406193375587463
-18.0939998626709,-8.753999710083008,0.9081185460090637,4.369711875915527,0.0375690683722496,0.18840132653713226,0.22734352946281433,0.21077574789524078
-18.0939998626709,-7.754000186920166,1.0003137588500977,5.938532829284668,0.047015298157930374,0.6747362017631531,-0.17296843230724335,0.20341330766677856
-18.0939998626709,-7.754000186920166,0.9130830764770508,1.0042155981063843,0.03619964420795441,0.17567482590675354,-0.10891211032867432,0.2028515338897705
-18.0939998626709,-7.754000186920166,0.9331991672515869,4.260510444641113,0.025813577696681023,0.08136418461799622,0.17878058552742004,0.5937351584434509
-18.0939998626709,-6.754000186920166,0.92415452003479,4.4345784187316895,0.02632799744606018,1.0038752555847168,-0.008485096506774426,0.6459606289863586
-18.0939998626709,-6.754000186920166,0.8739814162254333,2.3056833744049072,0.05659906938672066,0.366666316986084,0.16658788919448853,0.2729378044605255
-18.0939998626709,-6.754000186920166,1.2840750217437744,5.959342956542969,0.14784014225006104,0.047558944672346115,-0.07917632162570953,0.08110152184963226
-18.0939998626709,-5.754000186920166,0.861752450466156,5.557815074920654,0.036731135100126266,0.5942246913909912,-0.049346499145030975,0.5311212539672852
-18.0939998626709,-5.754000186920166,0.9791746735572815,3.3039638996124268,0.10047991573810577,0.4967939555644989,-0.1649732142686844,0.3250109851360321
-18.0939998626709,-5.754000186920166,1.2254705429077148,0.2920812666416168,0.09929443895816803,0.027572978287935257,-0.09245636314153671,0.14386777579784393
-18.0939998626709,-4.754000186920166,1.0295788049697876,6.0690765380859375,0.09034419059753418,1.7232226133346558,0.15056023001670837,0.5465651750564575
-18.0939998626709,-4.754000186920166,0.9250937700271606,3.6498937606811523,0.042719122022390366,0.10950925201177597,0.26971253752708435,0.2087550312280655
-18.0939998626709,-4.754000186920166,1.1181414127349854,0.44607582688331604,0.057664740830659866,0.04764433577656746,-0.11653722077608109,0.2446797490119934
-18.0939998626709,-3.753999948501587,0.8433699011802673,1.2685942649841309,0.02634679712355137,1.3163859844207764,0.00018351674953009933,0.6890183091163635
-18.0939998626709,-3.753999948501587,1.0490530729293823,3.7967796325683594,0.1551002860069275,0.5002155900001526,-0.04372548311948776,0.19929297268390656
-18.0939998626709,-3.753999948501587,1.099746823310852,0.7846420407295227,0.11611497402191162,0.20608767867088318,0.0001791464164853096,0.11168865859508514
-18.0939998626709,-2.753999948501587,0.7422506213188171,5.633437156677246,0.011207972653210163,1.1715354919433594,0.07314140349626541,0.9324180483818054
-18.0939998626709,-2.753999948501587,0.9423020482063293,4.2375993728637695,0.1243850588798523,1.0238248109817505,0.24741970002651215,0.03027377277612686
-18.0939998626709,-2.753999948501587,1.1938844919204712,1.5968900918960571,0.13367992639541626,0.09947656095027924,-0.06527994573116302,0.037308137863874435
-18.0939998626709,-1.753999948501587,0.9352046251296997,4.940093994140625,0.04118282347917557,0.7616192698478699,0.10594427585601807,0.49898383021354675
-18.0939998626709,-1.753999948501587,0.872459888458252,2.439997434616089,0.08236616104841232,0.5292547941207886,-0.07985732704401016,0.3850184381008148
-18.0939998626709,-1.753999948501587,1.0716341733932495,0.48554858565330505,0.14820998907089233,0.44529780745506287,0.03716820478439331,0.11599767208099365
-18.0939998626709,-0.7540000081062317,1.0357295274734497,5.72641658782959,0.05377368628978729,1.1701807975769043,0.1064298152923584,0.6757572293281555
-18.0939998626709,-0.7540000081062317,0.980489194393158,1.9178529977798462,0.16728930175304413,2.665294647216797,-0.36912408471107483,0.2549784779548645
-18.0939998626709,-0.7540000081062317,0.8688964247703552,4.774936676025391,0.06485901027917862,1.8868743181228638,0.04698433354496956,0.06926418095827103
-18.0939998626709,0.2460000067949295,1.0768609046936035,5.570435047149658,0.12686173617839813,1.6149362325668335,0.19063445925712585,0.3312833607196808
-18.0939998626709,0.2460000067949295,0.9373105764389038,2.2041425704956055,0.07382656633853912,0.4024675786495209,-0.398359477519989,0.5585094094276428
-18.0939998626709,0.2460000067949295,1.021904706954956,5.041807174682617,0.08457931131124496,0.2466224879026413,0.03452885150909424,0.11020719259977341
-18.0939998626709,1.246000051498413,0.9166933298110962,3.9659080505371094,0.09499093145132065,1.0442960262298584,0.08356226980686188,0.2449788749217987
-18.0939998626709,1.246000051498413,0.9799897074699402,2.4443020820617676,0.1221279576420784,0.24249394237995148,-0.18167036771774292,0.4710625410079956
-18.0939998626709,1.246000051498413,0.963675856590271,5.252292633056641,0.09283167123794556,0.23736998438835144,0.016607068479061127,0.2839585542678833
-18.0939998626709,2.246000051498413,0.8277353048324585,5.293684482574463,0.08222300559282303,1.9934886693954468,0.035726264119148254,0.6763068437576294
-18.0939998626709,2.246000051498413,0.9571326971054077,2.596290111541748,0.10341662168502808,0.12254566699266434,0.051162924617528915,0.2658075988292694
-18.0939998626709,2.246000051498413,1.0832377672195435,5.883987903594971,0.10844878107309341,0.049545399844646454,0.1400073617696762,0.05788547545671463
-18.0939998626709,3.246000051498413,0.8247824907302856,0.593967616558075,0.050002094358205795,1.6497644186019897,-0.005621662829071283,0.4731232225894928
-18.0939998626709,3.246000051498413,1.064491629600525,2.8645241260528564,0.12364289164543152,0.12294580042362213,-0.004856965970247984,0.39374226331710815
-18.0939998626709,3.246000051498413,1.2712373733520508,6.160175800323486,0.13072456419467926,0.027411747723817825,0.20711158215999603,0.13313452899456024
-18.0939998626709,4.245999813079834,0.8403404951095581,6.118065357208252,0.04684152826666832,1.7330597639083862,-0.0026442096568644047,0.2336767613887787
-18.0939998626709,4.245999813079834,1.1068826913833618,3.030381441116333,0.07284963130950928,0.09908703714609146,-0.016713246703147888,0.5054385662078857
-18.0939998626709,4.245999813079834,1.2366288900375366,6.225879192352295,0.10152046382427216,0.04980506747961044,0.034861426800489426,0.26088473200798035
-18.0939998626709,5.245999813079834,1.1267708539962769,0.08584189414978027,0.1235186979174614,1.6339397430419922,0.09551872313022614,0.42968112230300903
-18.0939998626709,5.245999813079834,1.1332799196243286,3.0977466106414795,0.06603784114122391,0.1405327022075653,0.16160690784454346,0.4159635007381439
-18.0939998626709,5.245999813079834,1.289626955986023,0.02563125640153885,0.07996296137571335,0.0330350287258625,-0.00306346220895648,0.15435542166233063
-18.0939998626709,6.245999813079834,0.8659403920173645,5.817885875701904,0.049336016178131104,1.3741897344589233,0.057946112006902695,0.5399385690689087
-18.0939998626709,6.245999813079834,1.078168511390686,3.4748873710632324,0.09591259807348251,0.2720598578453064,0.12291520833969116,0.3937203884124756
-18.0939998626709,6.245999813079834,1.3497668504714966,6.199966907501221,0.12145128846168518,0.04287200793623924,-0.12069904059171677,0.06634099781513214
-18.0939998626709,7.245999813079834,0.6999421119689941,0.22175084054470062,0.02255597710609436,1.2019472122192383,0.0165975671261549,0.7982361912727356
-18.0939998626709,7.245999813079834,1.030887246131897,3.5205018520355225,0.19102810323238373,0.6384196281433105,0.050102464854717255,0.16183780133724213
-18.0939998626709,7.245999813079834,1.1180123090744019,0.29340022802352905,0.12558165192604065,0.11752878129482269,-0.13432691991329193,0.039926011115312576
-18.0939998626709,8.246000289916992,0.8258575797080994,0.6760103702545166,0.03744944557547569,1.6083199977874756,0.0496772825717926,0.7061358094215393
-18.0939998626709,8.246000289916992,1.0375841856002808,3.9162161350250244,0.05889433994889259,0.06189654394984245,0.019582509994506836,0.2433720827102661
-18.0939998626709,8.246000289916992,1.156402587890625,0.5471288561820984,0.08113378286361694,0.0706171914935112,-0.04484848305583,0.05049210041761398
-18.0939998626709,9.246000289916992,1.0128200054168701,1.1329004764556885,0.09577113389968872,1.6863888502120972,0.06895904242992401,0.6132609844207764
-18.0939998626709,9.246000289916992,1.1640937328338623,4.081569194793701,0.055737074464559555,0.026807619258761406,-0.058036018162965775,0.30575284361839294
-18.0939998626709,9.246000289916992,1.2328468561172485,0.6825200915336609,0.07033753395080566,0.03216781094670296,-0.11198969930410385,0.08098617941141129
-18.0939998626709,10.246000289916992,1.1063308715820312,1.7685738801956177,0.10575197637081146,2.3598880767822266,0.1077011302113533,0.5924625396728516
-18.0939998626709,10.246000289916992,1.2190228700637817,4.102178573608398,0.07341162860393524,0.040986184030771255,0.03843751922249794,0.2873355448246002
-18.0939998626709,10.246000289916992,1.26069176197052,0.8245574831962585,0.07167435437440872,0.029556531459093094,-0.08598332107067108,0.12020193040370941
-18.0939998626709,11.246000289916992,1.187105655670166,4.7608442306518555,0.18208858370780945,1.3470624685287476,0.10700957477092743,0.27507516741752625
-18.0939998626709,11.246000289916992,1.0411348342895508,2.589400291442871,0.08471135795116425,0.40485650300979614,0.12465468794107437,0.6664488315582275
-18.0939998626709,11.246000289916992,1.191496729850769,0.37671178579330444,0.160479336977005,0.07069262117147446,-0.027672981843352318,0.0584760420024395
-18.0939998626709,12.246000289916992,0.7170425653457642,5.6586713790893555,0.031373437494039536,1.5215764045715332,0.08938402682542801,0.11543995887041092
-18.0939998626709,12.246000289916992,1.1299504041671753,2.4870567321777344,0.08468572795391083,0.0786275863647461,-0.09174845367670059,0.8842308521270752
-18.0939998626709,12.246000289916992,1.1091216802597046,5.592284202575684,0.318264901638031,0.9923811554908752,0.0871521383523941,0.0003292190667707473
-18.0939998626709,13.246000289916992,0.8381885290145874,1.5303705930709839,0.029229646548628807,0.8621453642845154,-0.009784136898815632,0.6965129375457764
-18.0939998626709,13.246000289916992,0.9617770910263062,2.1755213737487793,0.08301398903131485,0.05774621665477753,-0.3094483017921448,0.29350998997688293
-18.0939998626709,13.246000289916992,1.0946645736694336,5.895031929016113,0.2530268132686615,0.35388562083244324,0.12325925379991531,0.009977172128856182
-18.0939998626709,14.246000289916992,0.6803433895111084,2.4996137619018555,0.026503419503569603,1.018646478652954,0.11471420526504517,0.18170589208602905
-18.0939998626709,14.246000289916992,0.8207224011421204,2.030540704727173,0.06350556015968323,0.04921920970082283,0.14957119524478912,0.8179333806037903
-18.0939998626709,14.246000289916992,0.9261811971664429,1.106887936592102,0.6965191960334778,0.34342676401138306,0.43742474913597107,0.0003606480604503304
-18.0939998626709,15.246000289916992,0.6539603471755981,3.5526957511901855,0.05433138459920883,1.9952359199523926,-0.13221387565135956,0.005554825998842716
-18.0939998626709,15.246000289916992,0.765863835811615,2.1341559886932373,0.051791001111269,0.15509772300720215,0.41442644596099854,0.9939253926277161
-18.0939998626709,15.246000289916992,0.8015302419662476,0.8543444275856018,0.23225638270378113,0.30543676018714905,-0.24077774584293365,0.00051982665900141
-18.0939998626709,16.246000289916992,0.9685670137405396,2.313849449157715,0.2634323537349701,0.9455534219741821,0.09135270118713379,0.0049353246577084064
-18.0939998626709,16.246000289916992,1.120174527168274,2.4754250049591064,0.07433389127254486,0.09366369992494583,-0.19040566682815552,0.9573794007301331
-18.0939998626709,16.246000289916992,1.215338945388794,1.161592960357666,0.1772574484348297,0.1997869610786438,-0.06205645948648453,0.037685222923755646
-18.0939998626709,17.246000289916992,0.8759980797767639,6.1143269538879395,0.05259999260306358,1.0163171291351318,-0.09683745354413986,0.03672051057219505
-18.0939998626709,17.246000289916992,1.1957850456237793,1.932599663734436,0.10350853204727173,0.05950568616390228,0.2886064052581787,0.9595402479171753
-18.0939998626709,17.246000289916992,1.0972298383712769,5.587133407592773,0.1782631129026413,0.1954333782196045,0.17339089512825012,0.0037393211387097836
-18.0939998626709,18.246000289916992,1.0885568857192993,1.8587726354599,0.33374080061912537,1.5069979429244995,-0.11091261357069016,0.0291794054210186
-18.0939998626709,18.246000289916992,1.125699520111084,2.2396836280822754,0.09069380909204483,0.06814414262771606,0.03381608426570892,0.9665036797523499
-18.0939998626709,18.246000289916992,1.2381430864334106,0.4727839231491089,0.5231353044509888,0.11397574841976166,0.22191159427165985,0.0043169595301151276
-18.0939998626709,19.246000289916992,0.8137263059616089,5.2923736572265625,0.03208083286881447,1.0681450366973877,-0.04870467633008957,0.059024564921855927
-18.0939998626709,19.246000289916992,1.0872031450271606,1.9479938745498657,0.1001771092414856,0.0670241042971611,0.34096550941467285,0.9387901425361633
-18.0939998626709,19.246000289916992,1.2070631980895996,6.274740695953369,0.2207695096731186,0.12975378334522247,0.018627647310495377,0.0021853672806173563
-18.0939998626709,20.246000289916992,1.0859013795852661,0.5675265789031982,0.10580127686262131,1.3174629211425781,0.030470184981822968,0.04222336411476135
-18.0939998626709,20.246000289916992,1.0851258039474487,2.27846622467041,0.11000317335128784,0.10069433599710464,0.2099025845527649,0.9570441842079163
-18.0939998626709,20.246000289916992,1.131779670715332,5.52916145324707,0.1992379128932953,0.533116340637207,0.14068928360939026,0.0007324159378185868
-18.0939998626709,21.246000289916992,1.1726500988006592,0.8758592009544373,0.08115450292825699,0.9342495203018188,-0.04474850744009018,0.035480797290802
-18.0939998626709,21.246000289916992,1.0344130992889404,2.1778812408447266,0.11137367784976959,0.12673120200634003,0.13903798162937164,0.9638926982879639
-18.0939998626709,21.246000289916992,1.0236530303955078,5.48780632019043,0.1658409833908081,0.867239236831665,0.08365421742200851,0.0006265189149416983
-18.0939998626709,22.246000289916992,1.0865386724472046,1.8729056119918823,0.02995912730693817,0.5205252766609192,-0.18955445289611816,0.034693796187639236
-18.0939998626709,22.246000289916992,1.048926830291748,2.0144541263580322,0.14341963827610016,0.13661690056324005,0.08787121623754501,0.9645127058029175
-18.0939998626709,22.246000289916992,0.9591095447540283,5.433556079864502,0.158954456448555,1.0481430292129517,0.021503426134586334,0.0007934325840324163
-17.0939998626709,-12.753999710083008,0.7283177375793457,4.972894191741943,0.17024172842502594,1.4234927892684937,0.03986380249261856,0.01586848683655262
-17.0939998626709,-12.753999710083008,0.692193329334259,2.777721881866455,0.07243216037750244,0.41264772415161133,0.07494239509105682,0.032099399715662
-17.0939998626709,-12.753999710083008,0.7782525420188904,4.81748628616333,0.03929748758673668,0.11157252639532089,0.015653157606720924,0.9520320892333984
-17.0939998626709,-11.753999710083008,0.7461222410202026,4.380136966705322,0.03621997311711311,0.44638991355895996,0.016412267461419106,0.1942177712917328
-17.0939998626709,-11.753999710083008,0.6370313167572021,1.5046199560165405,0.05355721339583397,0.7928732633590698,-0.06328364461660385,0.01325251068919897
-17.0939998626709,-11.753999710083008,0.8055292963981628,5.215667724609375,0.019217144697904587,0.08316351473331451,-0.0682181715965271,0.7925297617912292
-17.0939998626709,-10.753999710083008,1.0450199842453003,5.4595208168029785,0.2947807312011719,0.5797033905982971,0.06642276048660278,0.1147717535495758
-17.0939998626709,-10.753999710083008,0.6648393869400024,1.739438533782959,0.06275606155395508,1.276676058769226,0.06272851675748825,0.1423323154449463
-17.0939998626709,-10.753999710083008,0.6956857442855835,4.901935577392578,0.029312344267964363,0.38749274611473083,-0.06595774739980698,0.7428959012031555
-17.0939998626709,-9.753999710083008,0.8559556603431702,3.7247555255889893,0.06740916520357132,1.2499933242797852,0.10252465307712555,0.527941107749939
-17.0939998626709,-9.753999710083008,0.6546249389648438,1.4765257835388184,0.02047959715127945,0.8924416303634644,-0.12434854358434677,0.40573588013648987
-17.0939998626709,-9.753999710083008,0.8599796295166016,4.580808162689209,0.043764326721429825,0.6380520462989807,0.21792428195476532,0.06632295995950699
-17.0939998626709,-8.753999710083008,1.1075814962387085,6.041021823883057,0.10279934853315353,1.164696216583252,0.02157757617533207,0.2962914705276489
-17.0939998626709,-8.753999710083008,0.848899245262146,0.9982139468193054,0.03700373321771622,0.33131128549575806,-0.1741044819355011,0.5168460011482239
-17.0939998626709,-8.753999710083008,0.9480690360069275,4.504586696624756,0.05195586010813713,0.38080883026123047,0.23945704102516174,0.18686248362064362
-17.0939998626709,-7.754000186920166,0.9889616370201111,5.942142963409424,0.06410839408636093,0.927777111530304,-0.1308554857969284,0.3306269645690918
-17.0939998626709,-7.754000186920166,0.8705166578292847,1.2055137157440186,0.05000955983996391,0.3394249975681305,-0.10536044090986252,0.23123608529567719
-17.0939998626709,-7.754000186920166,0.8937759399414062,4.565755844116211,0.02639741823077202,0.10381252318620682,0.11155412346124649,0.43813690543174744
-17.0939998626709,-6.754000186920166,1.0051562786102295,4.249055862426758,0.05862073227763176,0.9037567377090454,0.03409881889820099,0.43263494968414307
-17.0939998626709,-6.754000186920166,0.8388316631317139,1.8233263492584229,0.06336709856987,1.0734877586364746,0.007331389002501965,0.4261417090892792
-17.0939998626709,-6.754000186920166,1.0427277088165283,5.094122409820557,0.03946710005402565,0.3574509620666504,0.10990648716688156,0.14122334122657776
-17.0939998626709,-5.754000186920166,0.8415901064872742,4.841760635375977,0.034870073199272156,0.6626695990562439,0.06316541880369186,0.7747094631195068
-17.0939998626709,-5.754000186920166,0.8501513600349426,3.1794164180755615,0.08241326361894608,1.0536831617355347,-0.2022349238395691,0.17648343741893768
-17.0939998626709,-5.754000186920166,1.0808557271957397,0.19798758625984192,0.08578503876924515,0.06331086158752441,-0.0760904923081398,0.04880712926387787
-17.0939998626709,-4.754000186920166,1.038496971130371,6.272724151611328,0.0805121511220932,1.6482460498809814,0.11267538368701935,0.5749377608299255
-17.0939998626709,-4.754000186920166,1.0299118757247925,3.5426747798919678,0.06390905380249023,0.20605719089508057,0.23962882161140442,0.2317754328250885
-17.0939998626709,-4.754000186920166,1.3195230960845947,0.3334648311138153,0.08590985089540482,0.025346657261252403,-0.029951782897114754,0.19328680634498596
-17.0939998626709,-3.753999948501587,0.9455024600028992,6.253718376159668,0.03387210890650749,0.9861496686935425,0.08443237096071243,0.7869693636894226
-17.0939998626709,-3.753999948501587,1.0008025169372559,3.154283285140991,0.10568520426750183,0.8175024390220642,-0.0707864835858345,0.11635284870862961
-17.0939998626709,-3.753999948501587,1.1445637941360474,0.7328001856803894,0.09753572195768356,0.17934180796146393,0.049773577600717545,0.0966777503490448
-17.0939998626709,-2.753999948501587,0.8722852468490601,5.9987945556640625,0.02723059058189392,1.1975973844528198,0.09482058882713318,0.8592767715454102
-17.0939998626709,-2.753999948501587,0.8995838165283203,3.4266295433044434,0.07818390429019928,1.5769445896148682,0.37598174810409546,0.07752523571252823
-17.0939998626709,-2.753999948501587,1.1200555562973022,1.7906545400619507,0.08430687338113785,0.08372537791728973,-0.0661047175526619,0.06319792568683624
-17.0939998626709,-1.753999948501587,1.0238544940948486,5.197028636932373,0.04695504531264305,1.290087342262268,0.03601014241576195,0.526392936706543
-17.0939998626709,-1.753999948501587,0.9066636562347412,1.8517072200775146,0.04854070767760277,0.45723116397857666,0.06711551547050476,0.2713419795036316
-17.0939998626709,-1.753999948501587,1.0806983709335327,1.540115237236023,0.04974283650517464,0.08881266415119171,-0.16815829277038574,0.20226506888866425
-17.0939998626709,-0.7540000081062317,1.0513880252838135,5.550197124481201,0.14947198331356049,0.9921250939369202,0.170749694108963,0.3928970694541931
-17.0939998626709,-0.7540000081062317,0.7666696310043335,2.231951951980591,0.060593947768211365,1.5800442695617676,-0.5099728107452393,0.4073095917701721
-17.0939998626709,-0.7540000081062317,0.708771288394928,4.169830322265625,0.022476525977253914,0.8235719203948975,0.21422964334487915,0.19979333877563477
-17.0939998626709,0.2460000067949295,0.8580134510993958,5.080266952514648,0.027515850961208344,1.1291732788085938,0.07999533414840698,0.5267660617828369
-17.0939998626709,0.2460000067949295,0.9085131883621216,2.221203088760376,0.08140196651220322,0.2789502739906311,-0.32623809576034546,0.36896637082099915
-17.0939998626709,0.2460000067949295,1.0542964935302734,5.266499042510986,0.12323698401451111,0.2049822062253952,-0.08904986828565598,0.10426760464906693
-17.0939998626709,1.246000051498413,0.9863846302032471,4.179327964782715,0.12481949478387833,1.260298252105713,0.063250832259655,0.11705970764160156
-17.0939998626709,1.246000051498413,1.0103856325149536,2.295253038406372,0.08559152483940125,0.1661524772644043,-0.14407087862491608,0.4436851739883423
-17.0939998626709,1.246000051498413,0.932030439376831,5.8813605308532715,0.06863021850585938,0.2577272057533264,-0.12575949728488922,0.43925511837005615
-17.0939998626709,2.246000051498413,0.9245612621307373,5.601237773895264,0.14916715025901794,1.8435739278793335,-0.0008571033831685781,0.5300086140632629
-17.0939998626709,2.246000051498413,0.8914541602134705,2.5814623832702637,0.08536174893379211,0.11983111500740051,-0.03591633588075638,0.3866710364818573
-17.0939998626709,2.246000051498413,1.1063666343688965,5.973165988922119,0.11609257757663727,0.04229253903031349,0.09457715600728989,0.08332037925720215
-17.0939998626709,3.246000051498413,0.8934302926063538,6.056183338165283,0.08314348757266998,1.8745648860931396,-0.009031303226947784,0.3917458653450012
-17.0939998626709,3.246000051498413,1.093916654586792,3.0238983631134033,0.08906438201665878,0.12072092294692993,-0.07586603611707687,0.486296683549881
-17.0939998626709,3.246000051498413,1.2720420360565186,6.181633472442627,0.11018885672092438,0.03079630620777607,0.018603675067424774,0.12195742130279541
-17.0939998626709,4.245999813079834,0.9413973093032837,5.902629852294922,0.07165881991386414,1.6606374979019165,0.01854931190609932,0.32296258211135864
-17.0939998626709,4.245999813079834,1.1419529914855957,3.0801212787628174,0.0710344985127449,0.0728759840130806,-0.028955349698662758,0.44964873790740967
-17.0939998626709,4.245999813079834,1.2429507970809937,6.271627902984619,0.09100884199142456,0.03584412485361099,-0.002295832382515073,0.22738872468471527
-17.0939998626709,5.245999813079834,1.0042262077331543,0.001161998137831688,0.06998611241579056,1.3906768560409546,0.027063559740781784,0.5835484266281128
-17.0939998626709,5.245999813079834,1.0788174867630005,3.089416980743408,0.08137396723031998,0.13630835711956024,0.15029270946979523,0.30960798263549805
-17.0939998626709,5.245999813079834,1.2216073274612427,0.1454964131116867,0.09374421089887619,0.033310357481241226,0.01038374938070774,0.10684359818696976
-17.0939998626709,6.245999813079834,0.8793324828147888,5.868239402770996,0.03599683195352554,1.2650442123413086,0.037039246410131454,0.6938088536262512
-17.0939998626709,6.245999813079834,1.0617998838424683,3.2930691242218018,0.08353914320468903,0.3128929138183594,0.1534145623445511,0.2541218400001526
-17.0939998626709,6.245999813079834,1.3829469680786133,0.06349456310272217,0.12522974610328674,0.043687764555215836,-0.07087036967277527,0.052069395780563354
-17.0939998626709,7.245999813079834,0.7665959596633911,5.709900856018066,0.021464934572577477,0.9694849252700806,0.004106466192752123,0.8264201879501343
-17.0939998626709,7.245999813079834,0.9903784990310669,3.093480348587036,0.14447858929634094,0.8074649572372437,0.09638442099094391,0.1180478036403656
-17.0939998626709,7.245999813079834,1.1063988208770752,0.29734405875205994,0.14659623801708221,0.18372532725334167,-0.10528897494077682,0.055532049387693405
-17.0939998626709,8.246000289916992,0.9866098165512085,0.9521629810333252,0.04833477735519409,1.5346131324768066,0.07510441541671753,0.7998437285423279
-17.0939998626709,8.246000289916992,1.0428624153137207,3.73457407951355,0.09273132681846619,0.5826109647750854,-0.0047672162763774395,0.17999844253063202
-17.0939998626709,8.246000289916992,1.0995725393295288,0.6547688841819763,0.09274052828550339,0.16685248911380768,-0.0018803251441568136,0.020157892256975174
-17.0939998626709,9.246000289916992,0.998026430606842,0.31582799553871155,0.06281041353940964,1.412806510925293,0.060939688235521317,0.5536627173423767
-17.0939998626709,9.246000289916992,1.108715295791626,3.5970659255981445,0.08496254682540894,0.48386335372924805,0.020238399505615234,0.3825478255748749
-17.0939998626709,9.246000289916992,1.2370284795761108,0.7170554399490356,0.09545370191335678,0.07733176648616791,-0.07109839469194412,0.06378946453332901
-17.0939998626709,10.246000289916992,1.1037675142288208,0.6825012564659119,0.08239860832691193,2.0760862827301025,0.16501285135746002,0.6448765993118286
-17.0939998626709,10.246000289916992,1.2224839925765991,4.093321323394775,0.06537821143865585,0.07606274634599686,0.046601034700870514,0.2678881883621216
-17.0939998626709,10.246000289916992,1.2734650373458862,0.814853847026825,0.06479664146900177,0.0427447073161602,-0.11096218973398209,0.0872352123260498
-17.0939998626709,11.246000289916992,1.151869773864746,4.053863525390625,0.08569582551717758,1.0897231101989746,0.03481288254261017,0.5427374243736267
-17.0939998626709,11.246000289916992,1.0257611274719238,1.6803089380264282,0.12079068273305893,1.147912621498108,-0.004520890302956104,0.22173762321472168
-17.0939998626709,11.246000289916992,1.160072684288025,0.6917217373847961,0.09386265277862549,0.136053666472435,-0.12455405294895172,0.23552493751049042
-17.0939998626709,12.246000289916992,0.9375544786453247,3.9619815349578857,0.060155581682920456,0.770875096321106,0.1141834408044815,0.3255586326122284
-17.0939998626709,12.246000289916992,0.9838211536407471,1.6657559871673584,0.10541138797998428,0.23594515025615692,-0.27049148082733154,0.6288115382194519
-17.0939998626709,12.246000289916992,1.06916344165802,5.210700988769531,0.18950940668582916,0.803002119064331,0.049149028956890106,0.045629799365997314
-17.0939998626709,13.246000289916992,0.8530508875846863,2.0691049098968506,0.04117361456155777,0.9537748098373413,-0.0017038420774042606,0.3251228332519531
-17.0939998626709,13.246000289916992,1.1128439903259277,1.8270014524459839,0.0936758890748024,0.04327792301774025,-0.17564348876476288,0.6671091318130493
-17.0939998626709,13.246000289916992,1.2489902973175049,5.782224178314209,0.30977779626846313,0.2769703269004822,0.186214879155159,0.007768011651933193
-17.0939998626709,14.246000289916992,0.8437873125076294,2.7761709690093994,0.07914933562278748,1.232195258140564,0.055582962930202484,0.0963706448674202
-17.0939998626709,14.246000289916992,0.9375953674316406,1.9772825241088867,0.05150042101740837,0.027923034504055977,0.04957681894302368,0.9013419151306152
-17.0939998626709,14.246000289916992,1.0670270919799805,1.1595906019210815,0.513452410697937,0.13994647562503815,0.33408865332603455,0.002287422539666295
-17.0939998626709,15.246000289916992,0.6770223379135132,3.097252368927002,0.0793093666434288,2.796813488006592,0.011794466525316238,0.004413230810314417
-17.0939998626709,15.246000289916992,0.7769111394882202,1.4835158586502075,0.030838599428534508,0.09600672125816345,0.14501504600048065,0.9943074584007263
-17.0939998626709,15.246000289916992,0.6889814734458923,1.098978042602539,0.0987643375992775,0.552797257900238,-0.24213649332523346,0.001279253396205604
-17.0939998626709,16.246000289916992,1.0413532257080078,2.476630449295044,0.29382938146591187,0.8176108598709106,0.027382168918848038,0.014614169485867023
-17.0939998626709,16.246000289916992,1.168843150138855,1.9630720615386963,0.08576802164316177,0.07465749979019165,0.1259486973285675,0.930562436580658
-17.0939998626709,16.246000289916992,1.4248406887054443,1.5023304224014282,0.27571144700050354,0.10285641998052597,-0.042032986879348755,0.054823458194732666
-17.0939998626709,17.246000289916992,0.9217718839645386,4.253633499145508,0.0706670731306076,1.310218095779419,-0.04969032108783722,0.016574541106820107
-17.0939998626709,17.246000289916992,1.160243272781372,1.9850053787231445,0.08411289006471634,0.08041193336248398,0.3571934700012207,0.9822831749916077
-17.0939998626709,17.246000289916992,1.0076302289962769,0.20982372760772705,0.15904773771762848,0.22113783657550812,-0.033311083912849426,0.0011422388488426805
-17.0939998626709,18.246000289916992,1.0203346014022827,1.3369983434677124,0.2948010265827179,1.523130178451538,-0.05432124063372612,0.03812095522880554
-17.0939998626709,18.246000289916992,1.202553629875183,2.135432243347168,0.11938533931970596,0.0689907819032669,-0.06930245459079742,0.9586450457572937
-17.0939998626709,18.246000289916992,1.2397346496582031,0.6451810002326965,0.3513047993183136,0.13565824925899506,0.039258215576410294,0.0032339971512556076
-17.0939998626709,19.246000289916992,0.8971842527389526,5.905799388885498,0.05507638305425644,1.2226908206939697,-0.062497638165950775,0.12420529872179031
-17.0939998626709,19.246000289916992,1.0538455247879028,2.0352654457092285,0.1199454739689827,0.07609931379556656,0.18172293901443481,0.8618005514144897
-17.0939998626709,19.246000289916992,1.1274480819702148,6.125794410705566,0.14571616053581238,0.10731114447116852,-0.009412800893187523,0.013994080014526844
-17.0939998626709,20.246000289916992,1.141157865524292,1.2617541551589966,0.23633866012096405,1.2883450984954834,0.03587285429239273,0.02743319794535637
-17.0939998626709,20.246000289916992,1.016901969909668,2.2322192192077637,0.08258005231618881,0.08833460509777069,-0.013746895827353,0.9711785316467285
-17.0939998626709,20.246000289916992,1.0725772380828857,5.371805667877197,0.15949676930904388,0.3163284361362457,0.11905012279748917,0.0013881882186979055
-17.0939998626709,21.246000289916992,1.0085291862487793,0.4855126142501831,0.17166541516780853,1.618661880493164,-0.010513667948544025,0.002241898328065872
-17.0939998626709,21.246000289916992,1.0209343433380127,2.081209659576416,0.08793223649263382,0.05144042521715164,0.00019277371757198125,0.9952450394630432
-17.0939998626709,21.246000289916992,0.9121584892272949,5.153022289276123,0.1587279587984085,0.47635385394096375,0.18361519277095795,0.002513121347874403
-17.0939998626709,22.246000289916992,0.8573830127716064,5.8372297286987305,0.09868989139795303,1.3252876996994019,-0.0010322554735466838,0.001775916083715856
-17.0939998626709,22.246000289916992,1.0250316858291626,1.9764868021011353,0.09141404181718826,0.043149638921022415,-0.0029933347832411528,0.9931210875511169
-17.0939998626709,22.246000289916992,0.8766810297966003,5.125701427459717,0.145198792219162,0.28162938356399536,0.1706903576850891,0.005102886818349361
-17.0939998626709,23.246000289916992,0.7735109329223633,5.063594341278076,0.07507089525461197,1.0758004188537598,0.00957251712679863,0.0014837211929261684
-17.0939998626709,23.246000289916992,1.0244680643081665,1.8375333547592163,0.08515819162130356,0.04298264533281326,-0.011173747479915619,0.9832964539527893
-17.0939998626709,23.246000289916992,0.8441283106803894,5.032674789428711,0.1203843280673027,0.16325430572032928,0.18335168063640594,0.01521987933665514
-16.0939998626709,-12.753999710083008,0.86161208152771,5.574329853057861,0.21443958580493927,0.9112346172332764,-0.02588777430355549,0.005481287837028503
-16.0939998626709,-12.753999710083008,0.6227226257324219,2.1916863918304443,0.10706591606140137,0.721813440322876,0.1559446156024933,0.0006254229811020195
-16.0939998626709,-12.753999710083008,0.6782453060150146,4.895347595214844,0.019684605300426483,0.09161488711833954,0.032821305096149445,0.9938932657241821
-16.0939998626709,-11.753999710083008,0.8277748823165894,4.664667129516602,0.08929335325956345,0.5245786905288696,0.01360965147614479,0.0830371230840683
-16.0939998626709,-11.753999710083008,0.7056334614753723,1.8182857036590576,0.05527987331151962,0.22933919727802277,-0.08705846965312958,0.015288718976080418
-16.0939998626709,-11.753999710083008,0.8185983300209045,4.6773223876953125,0.026698071509599686,0.06583499908447266,0.006508846301585436,0.9016741514205933
-16.0939998626709,-10.753999710083008,1.050864815711975,4.797014236450195,0.1646629422903061,0.47011736035346985,0.14274390041828156,0.0542541928589344
-16.0939998626709,-10.753999710083008,0.6824260950088501,1.7795554399490356,0.06481291353702545,0.7984680533409119,0.13898666203022003,0.03168585151433945
-16.0939998626709,-10.753999710083008,0.7556862235069275,4.963919639587402,0.02650836855173111,0.08919382095336914,-0.01663137599825859,0.9140599370002747
-16.0939998626709,-9.753999710083008,0.8605527877807617,5.186001777648926,0.042645253241062164,0.8885335922241211,-0.06626424938440323,0.346552312374115
-16.0939998626709,-9.753999710083008,0.7225039005279541,1.9524312019348145,0.04460333287715912,0.6475287675857544,-0.22600799798965454,0.11744135618209839
-16.0939998626709,-9.753999710083008,0.865172266960144,4.23447322845459,0.0331774540245533,0.30102619528770447,0.11503313481807709,0.5360063314437866
-16.0939998626709,-8.753999710083008,1.0680036544799805,5.297922134399414,0.0858163982629776,1.2239313125610352,-0.0630745217204094,0.41535815596580505
-16.0939998626709,-8.753999710083008,0.8722823262214661,1.4700363874435425,0.04196145385503769,0.19019949436187744,-0.24226045608520508,0.3828568160533905
-16.0939998626709,-8.753999710083008,0.9267179369926453,4.412691593170166,0.052468154579401016,0.4053178131580353,0.019713038578629494,0.20178505778312683
-16.0939998626709,-7.754000186920166,0.847856342792511,6.238015174865723,0.04691514000296593,0.9327830672264099,-0.19428394734859467,0.6715042591094971
-16.0939998626709,-7.754000186920166,0.7547889351844788,1.6713099479675293,0.05777408927679062,0.46096861362457275,-0.08683858811855316,0.23170273005962372
-16.0939998626709,-7.754000186920166,0.8921889066696167,4.516352653503418,0.04556117579340935,0.14016540348529816,0.11327251046895981,0.09679296612739563
-16.0939998626709,-6.754000186920166,1.1570019721984863,4.876693248748779,0.190900057554245,0.8284494876861572,-0.01968180388212204,0.1128157526254654
-16.0939998626709,-6.754000186920166,0.9291644096374512,1.5492902994155884,0.03641066327691078,0.4932066798210144,-0.06447602808475494,0.5567182302474976
-16.0939998626709,-6.754000186920166,0.9976406693458557,4.846704006195068,0.015294032171368599,0.6335163712501526,0.1251765787601471,0.33046603202819824
-16.0939998626709,-5.754000186920166,1.0670605897903442,4.532604694366455,0.07240888476371765,1.0321913957595825,0.12817758321762085,0.6430889964103699
-16.0939998626709,-5.754000186920166,0.950148344039917,3.012253761291504,0.09353131800889969,0.8803244233131409,-0.24432550370693207,0.33415940403938293
-16.0939998626709,-5.754000186920166,0.9880059957504272,6.274460792541504,0.06517383456230164,0.46589401364326477,-0.16107438504695892,0.022751562297344208
-16.0939998626709,-4.754000186920166,0.9138680100440979,5.6838202476501465,0.03324049338698387,1.5445985794067383,0.04054974392056465,0.7013633251190186
-16.0939998626709,-4.754000186920166,0.9916681051254272,3.249533176422119,0.08281665295362473,0.5368720293045044,0.10848024487495422,0.22976765036582947
-16.0939998626709,-4.754000186920166,1.3447176218032837,0.12454649060964584,0.12853458523750305,0.02987496182322502,-0.011414991691708565,0.06886900216341019
-16.0939998626709,-3.753999948501587,0.9630953073501587,5.1805853843688965,0.08494672924280167,1.2602895498275757,0.2501647174358368,0.49434083700180054
-16.0939998626709,-3.753999948501587,0.8723049163818359,2.1601991653442383,0.050936974585056305,0.15326768159866333,-0.2058631181716919,0.47665518522262573
-16.0939998626709,-3.753999948501587,1.0183261632919312,0.6070036888122559,0.13791513442993164,0.18907448649406433,-0.06178764998912811,0.029003942385315895
-16.0939998626709,-2.753999948501587,1.0711302757263184,5.0948872566223145,0.09329904615879059,1.3048876523971558,0.22983048856258392,0.30411890149116516
-16.0939998626709,-2.753999948501587,0.9246492981910706,1.9527338743209839,0.042658910155296326,0.38841161131858826,-0.17054960131645203,0.6233641505241394
-16.0939998626709,-2.753999948501587,0.9154462218284607,0.804760217666626,0.04813433066010475,0.1992642730474472,-0.08426330983638763,0.072517029941082
-16.0939998626709,-1.753999948501587,0.9907070994377136,5.467958450317383,0.043206486850976944,1.4591618776321411,-0.064449742436409,0.46377602219581604
-16.0939998626709,-1.753999948501587,0.934741199016571,1.8590244054794312,0.0371360145509243,0.20644992589950562,-0.10995541512966156,0.45361247658729553
-16.0939998626709,-1.753999948501587,0.882093071937561,1.4835411310195923,0.02883685939013958,0.11229044944047928,-0.26380717754364014,0.08261149376630783
-16.0939998626709,-0.7540000081062317,0.9579938650131226,6.250790596008301,0.053671348839998245,0.81926429271698,0.12433703243732452,0.6546028852462769
-16.0939998626709,-0.7540000081062317,0.8905605673789978,1.7513278722763062,0.10729838162660599,0.4710579812526703,0.03941069170832634,0.23974697291851044
-16.0939998626709,-0.7540000081062317,0.95946204662323,5.678899765014648,0.10314108431339264,0.17939868569374084,0.09507147967815399,0.10565021634101868
-16.0939998626709,0.2460000067949295,0.8859231472015381,5.966761112213135,0.038659192621707916,0.8731561899185181,-0.1702425330877304,0.45227715373039246
-16.0939998626709,0.2460000067949295,0.9365894794464111,2.0797119140625,0.05151325464248657,0.11321376264095306,-0.2797282636165619,0.35190531611442566
-16.0939998626709,0.2460000067949295,0.9571800231933594,4.887960910797119,0.0614619106054306,0.3461299538612366,-0.09885832667350769,0.19581753015518188
-16.0939998626709,1.246000051498413,1.0895774364471436,4.0169677734375,0.23263759911060333,1.859813928604126,0.07652030140161514,0.15581823885440826
-16.0939998626709,1.246000051498413,1.0480948686599731,2.5476362705230713,0.0919947698712349,0.10440292209386826,0.01775677688419819,0.5354597568511963
-16.0939998626709,1.246000051498413,0.8317539691925049,5.622008323669434,0.05248532071709633,0.24007689952850342,-0.0975538119673729,0.30872198939323425
-16.0939998626709,2.246000051498413,0.8725994825363159,5.580942630767822,0.06648273020982742,1.7278906106948853,0.02129352279007435,0.7161779999732971
-16.0939998626709,2.246000051498413,1.0105692148208618,2.8121111392974854,0.0984070673584938,0.10717322677373886,-0.029366115108132362,0.1859123259782791
-16.0939998626709,2.246000051498413,1.2608978748321533,6.159646511077881,0.11492705345153809,0.024385487660765648,0.02550642192363739,0.09790964424610138
-16.0939998626709,3.246000051498413,0.9190129041671753,5.983612537384033,0.08372054249048233,2.1360714435577393,-0.0690445825457573,0.389097660779953
-16.0939998626709,3.246000051498413,1.186272144317627,2.9638946056365967,0.0889957994222641,0.06517194211483002,-0.12353172153234482,0.4473826587200165
-16.0939998626709,3.246000051498413,1.2550523281097412,6.21742057800293,0.09006372839212418,0.01808771677315235,-0.01998245343565941,0.16351976990699768
-16.0939998626709,4.245999813079834,1.0016047954559326,0.20012369751930237,0.0937521681189537,1.443665862083435,-0.006707094609737396,0.28829920291900635
-16.0939998626709,4.245999813079834,1.150805115699768,3.0171072483062744,0.0704164132475853,0.07545620948076248,-0.04447860270738602,0.5022779703140259
-16.0939998626709,4.245999813079834,1.2511438131332397,0.01712382584810257,0.07662839442491531,0.024582665413618088,-0.028156232088804245,0.2094227820634842
-16.0939998626709,5.245999813079834,0.980570912361145,6.019151210784912,0.03708753362298012,1.1168153285980225,0.0035240338183939457,0.694890022277832
-16.0939998626709,5.245999813079834,1.0595976114273071,2.991889238357544,0.09915323555469513,0.23088394105434418,0.132705956697464,0.25024333596229553
-16.0939998626709,5.245999813079834,1.2857400178909302,0.11726812273263931,0.1115959957242012,0.03710832819342613,-0.06838478147983551,0.05486664921045303
-16.0939998626709,6.245999813079834,0.9278017282485962,5.4390106201171875,0.031408462673425674,1.0650105476379395,0.06794881820678711,0.7025600075721741
-16.0939998626709,6.245999813079834,1.0921164751052856,3.118864059448242,0.09473138302564621,0.3985550105571747,0.18242716789245605,0.2411048412322998
-16.0939998626709,6.245999813079834,1.355182409286499,0.1727287769317627,0.11778716742992401,0.041408050805330276,0.03274731710553169,0.05633518472313881
-16.0939998626709,7.245999813079834,1.042115330696106,4.881599426269531,0.08159063011407852,1.2959153652191162,0.0319458469748497,0.4857182800769806
-16.0939998626709,7.245999813079834,0.9489848613739014,2.449040651321411,0.06700576096773148,0.5433053374290466,0.19192324578762054,0.3971490263938904
-16.0939998626709,7.245999813079834,1.0385375022888184,0.5481583476066589,0.09154940396547318,0.16307833790779114,-0.06406717002391815,0.11713273823261261
-16.0939998626709,8.246000289916992,1.0498178005218506,5.951150417327881,0.1486477553844452,1.4113198518753052,0.24731068313121796,0.19567395746707916
-16.0939998626709,8.246000289916992,0.826788604259491,2.6551506519317627,0.0562179833650589,1.4405075311660767,0.06450141966342926,0.7601699233055115
-16.0939998626709,8.246000289916992,0.8943589925765991,5.572800159454346,0.05659722164273262,0.7284538149833679,0.2465365082025528,0.04415620490908623
-16.0939998626709,9.246000289916992,0.9874684810638428,4.970776081085205,0.035925257951021194,1.1834383010864258,0.15420818328857422,0.49129289388656616
-16.0939998626709,9.246000289916992,1.0154427289962769,2.537423849105835,0.0730791687965393,1.440111517906189,0.1606871336698532,0.49282974004745483
-16.0939998626709,9.246000289916992,1.1696288585662842,5.841505527496338,0.08591857552528381,0.42004716396331787,0.05811483412981033,0.015877295285463333
-16.0939998626709,10.246000289916992,0.8996950387954712,0.796449601650238,0.04334459826350212,1.4418805837631226,0.0679367408156395,0.6840595006942749
-16.0939998626709,10.246000289916992,1.1109720468521118,4.007993221282959,0.09503225237131119,0.3282082676887512,0.09692277014255524,0.2654487192630768
-16.0939998626709,10.246000289916992,1.2428468465805054,0.8461539149284363,0.09067309647798538,0.10739340633153915,-0.22824473679065704,0.050491780042648315
-16.0939998626709,11.246000289916992,1.1462931632995605,3.7174251079559326,0.07681141793727875,0.6338434815406799,0.1339438408613205,0.3195389211177826
-16.0939998626709,11.246000289916992,1.055296778678894,1.2506961822509766,0.07280856370925903,0.5230507850646973,-0.009604675695300102,0.5270246267318726
-16.0939998626709,11.246000289916992,1.1859142780303955,0.6116657257080078,0.12606805562973022,0.3092121183872223,0.009709571488201618,0.15343640744686127
-16.0939998626709,12.246000289916992,1.0865232944488525,4.2695722579956055,0.08790873736143112,0.515901505947113,0.04455457627773285,0.17766308784484863
-16.0939998626709,12.246000289916992,1.0075581073760986,1.1113530397415161,0.10863673686981201,0.09163371473550797,-0.3648023307323456,0.7946082949638367
-16.0939998626709,12.246000289916992,1.064735770225525,4.748033046722412,0.2075260728597641,2.8924975395202637,0.10812723636627197,0.027728693559765816
-16.0939998626709,13.246000289916992,0.9894007444381714,1.9677104949951172,0.12539993226528168,1.5574253797531128,0.23050712049007416,0.05932395160198212
-16.0939998626709,13.246000289916992,1.0874707698822021,1.2656872272491455,0.07690025120973587,0.10406385362148285,-0.11432234197854996,0.9368218183517456
-16.0939998626709,13.246000289916992,1.0648677349090576,5.67369270324707,0.21113066375255585,0.5592749118804932,0.19625209271907806,0.0038541893009096384
-16.0939998626709,14.246000289916992,1.025885820388794,1.788596749305725,0.5373216867446899,1.5836946964263916,0.11433184146881104,0.038731932640075684
-16.0939998626709,14.246000289916992,1.0198512077331543,1.6460977792739868,0.04387883469462395,0.08441083878278732,-0.2572844624519348,0.8770681023597717
-16.0939998626709,14.246000289916992,1.178343653678894,1.0926251411437988,0.1819024384021759,0.08465012162923813,-0.03407914564013481,0.0841999351978302
-16.0939998626709,15.246000289916992,0.9670918583869934,0.7706591486930847,0.22461111843585968,1.5524765253067017,0.14685727655887604,0.010674763470888138
-16.0939998626709,15.246000289916992,0.9075576663017273,1.5043898820877075,0.023725254461169243,0.119812972843647,-0.13163995742797852,0.9261367917060852
-16.0939998626709,15.246000289916992,1.0515038967132568,1.496353030204773,0.14768800139427185,0.2497577965259552,-0.04544195905327797,0.06318842619657516
-16.0939998626709,16.246000289916992,1.1150647401809692,0.6350079774856567,0.2393844574689865,0.8415572643280029,0.05469129979610443,0.026778124272823334
-16.0939998626709,16.246000289916992,1.0579628944396973,1.8765764236450195,0.06431844085454941,0.1812179535627365,0.12708570063114166,0.9645695686340332
-16.0939998626709,16.246000289916992,1.195080041885376,1.046447515487671,0.2744685709476471,0.10305406898260117,0.10797940939664841,0.008652308955788612
-16.0939998626709,17.246000289916992,1.2639620304107666,4.619387626647949,0.35624608397483826,2.531921863555908,0.10209216922521591,0.0030820576939731836
-16.0939998626709,17.246000289916992,1.210218071937561,1.9303277730941772,0.06962906569242477,0.07663009315729141,0.1419917345046997,0.9949830770492554
-16.0939998626709,17.246000289916992,1.119704008102417,1.062002182006836,0.14158770442008972,0.18177038431167603,-0.18574248254299164,0.0019347469788044691
-16.0939998626709,18.246000289916992,0.8920578360557556,5.293176651000977,0.0733291357755661,1.6820645332336426,0.18098215758800507,0.0342731699347496
-16.0939998626709,18.246000289916992,1.11552894115448,1.9409573078155518,0.0831843763589859,0.12883254885673523,-0.01600104384124279,0.9648257493972778
-16.0939998626709,18.246000289916992,1.1259678602218628,0.11304708570241928,0.20811519026756287,0.31028592586517334,0.06365503370761871,0.0009010161738842726
-16.0939998626709,19.246000289916992,1.0779707431793213,0.6746337413787842,0.1519002765417099,1.1792540550231934,0.09123273938894272,0.12827244400978088
-16.0939998626709,19.246000289916992,1.0566214323043823,1.963839054107666,0.10793060064315796,0.08643106371164322,0.0031513141002506018,0.8575381636619568
-16.0939998626709,19.246000289916992,1.0333662033081055,6.175088882446289,0.0976455882191658,0.14646649360656738,0.017397666350007057,0.01418947335332632
-16.0939998626709,20.246000289916992,0.9083420634269714,2.190023422241211,0.06449152529239655,0.9296705722808838,-0.03679754212498665,0.0784626305103302
-16.0939998626709,20.246000289916992,1.0528528690338135,1.7853360176086426,0.0863056629896164,0.06151794269680977,0.02342425473034382,0.9190468192100525
-16.0939998626709,20.246000289916992,1.0568135976791382,4.988554954528809,0.1789693385362625,0.33621951937675476,0.052233416587114334,0.0024905740283429623
-16.0939998626709,21.246000289916992,0.9465641379356384,0.9975891709327698,0.13573312759399414,1.641647219657898,-0.0021008909679949284,0.010047327727079391
-16.0939998626709,21.246000289916992,0.9901238083839417,1.754002332687378,0.08353147655725479,0.06491407006978989,0.07950223237276077,0.9890115261077881
-16.0939998626709,21.246000289916992,0.9849112033843994,4.674465179443359,0.3885151445865631,1.1800768375396729,0.12123317271471024,0.0009410274215042591
-16.0939998626709,22.246000289916992,0.8705049157142639,1.3348010778427124,0.1500256359577179,2.023192882537842,-0.02671469748020172,0.0019513103179633617
-16.0939998626709,22.246000289916992,0.9736724495887756,1.6572860479354858,0.07594025135040283,0.050472158938646317,0.061590585857629776,0.9978212118148804
-16.0939998626709,22.246000289916992,0.960834801197052,4.570853233337402,0.5534564852714539,1.2986994981765747,0.14856943488121033,0.00022741327120456845
-16.0939998626709,23.246000289916992,0.8473045825958252,0.9683709740638733,0.22748905420303345,2.4952049255371094,-0.014995379373431206,0.00039336015470325947
-16.0939998626709,23.246000289916992,0.9612131714820862,1.578965663909912,0.06815964728593826,0.043038737028837204,0.053287893533706665,0.9995267391204834
-16.0939998626709,23.246000289916992,0.9330945611000061,4.432755470275879,0.6117526888847351,1.396286129951477,0.17502954602241516,7.994085899554193e-05
-16.0939998626709,24.246000289916992,0.8307217359542847,0.6187894940376282,0.3245265483856201,3.0190589427948,-0.003034533467143774,0.00012912770034745336
-16.0939998626709,24.246000289916992,0.9352786540985107,1.5074963569641113,0.0628746896982193,0.03974981606006622,0.043688997626304626,0.9998230338096619
-16.0939998626709,24.246000289916992,0.911372184753418,4.328326225280762,0.6645757555961609,1.3013719320297241,0.18886537849903107,4.786317367688753e-05
-15.093999862670898,-12.753999710083008,0.8152118921279907,5.274924278259277,0.12973763048648834,1.1102629899978638,0.02820141427218914,0.1115667074918747
-15.093999862670898,-12.753999710083008,0.6648666858673096,2.419996500015259,0.09867765754461288,0.22415322065353394,0.16171033680438995,0.016149550676345825
-15.093999862670898,-12.753999710083008,0.7469200491905212,4.946290969848633,0.03972414880990982,0.08469627052545547,0.0742952823638916,0.8722837567329407
-15.093999862670898,-11.753999710083008,0.8989865183830261,5.149620056152344,0.1397254914045334,0.5232678651809692,0.011568847112357616,0.07091672718524933
-15.093999862670898,-11.753999710083008,0.7010335922241211,1.4023399353027344,0.05309365689754486,0.16007564961910248,-0.12839609384536743,0.010128157213330269
-15.093999862670898,-11.753999710083008,0.7118241786956787,4.680936813354492,0.020023759454488754,0.08146123588085175,-0.0054212757386267185,0.9189550876617432
-15.093999862670898,-10.753999710083008,1.1062266826629639,5.772355556488037,0.2565629184246063,0.5099020600318909,0.14809510111808777,0.011501622386276722
-15.093999862670898,-10.753999710083008,0.6618170738220215,1.580145001411438,0.07460842281579971,1.224368929862976,0.11242398619651794,0.007688653189688921
-15.093999862670898,-10.753999710083008,0.7172426581382751,4.8907647132873535,0.017169298604130745,0.08409055322408676,0.047602228820323944,0.98080974817276
-15.093999862670898,-9.753999710083008,0.8318104147911072,4.869411468505859,0.03145270049571991,0.6904734373092651,-0.11305662244558334,0.2555786073207855
-15.093999862670898,-9.753999710083008,0.6228271722793579,1.745061993598938,0.04215647280216217,0.6068338751792908,-0.0731767937541008,0.10062173753976822
-15.093999862670898,-9.753999710083008,0.7801265120506287,4.382680416107178,0.024832062423229218,0.26040321588516235,0.12455197423696518,0.6437996625900269
-15.093999862670898,-8.753999710083008,0.9432881474494934,5.128992080688477,0.033994704484939575,1.3201682567596436,-0.07123483717441559,0.6603699326515198
-15.093999862670898,-8.753999710083008,0.8928333520889282,1.8621220588684082,0.07387350499629974,0.28876712918281555,-0.24814361333847046,0.19449056684970856
-15.093999862670898,-8.753999710083008,0.9303123950958252,4.442370414733887,0.05779524892568588,0.3381673991680145,-0.012495708651840687,0.14513945579528809
-15.093999862670898,-7.754000186920166,0.8416318893432617,5.7114081382751465,0.02554210275411606,0.8599669933319092,-0.15685154497623444,0.8392282128334045
-15.093999862670898,-7.754000186920166,0.8037247657775879,1.543443202972412,0.06390533596277237,0.47207528352737427,-0.1228678897023201,0.1051771491765976
-15.093999862670898,-7.754000186920166,0.9315028190612793,4.5845746994018555,0.0497061088681221,0.15566399693489075,0.09088275581598282,0.05559464544057846
-15.093999862670898,-6.754000186920166,1.1928801536560059,5.60487699508667,0.17517852783203125,0.9253464341163635,0.06388606876134872,0.1283835768699646
-15.093999862670898,-6.754000186920166,0.9690259099006653,1.6153446435928345,0.04024628549814224,0.5467538237571716,-0.052340563386678696,0.651727020740509
-15.093999862670898,-6.754000186920166,1.0637404918670654,5.0532546043396,0.027785658836364746,0.9816122055053711,0.13341449201107025,0.21988943219184875
-15.093999862670898,-5.754000186920166,0.9856707453727722,3.9787955284118652,0.06894240528345108,0.9305880665779114,0.17677442729473114,0.290463387966156
-15.093999862670898,-5.754000186920166,0.8530076146125793,1.8982487916946411,0.046282365918159485,0.87871253490448,-0.25235965847969055,0.7041934132575989
-15.093999862670898,-5.754000186920166,0.9539186954498291,0.051307447254657745,0.07608728855848312,1.2687358856201172,-0.03139689937233925,0.005343229975551367
-15.093999862670898,-4.754000186920166,0.9863130450248718,4.552452564239502,0.03434031829237938,0.9176016449928284,0.17418360710144043,0.6613353490829468
-15.093999862670898,-4.754000186920166,1.0356751680374146,2.645998954772949,0.10494358837604523,0.9334283471107483,0.20713509619235992,0.2420639842748642
-15.093999862670898,-4.754000186920166,1.3606089353561401,0.1992318332195282,0.09676704555749893,0.018731091171503067,-0.020455418154597282,0.09660059958696365
-15.093999862670898,-3.753999948501587,1.0463223457336426,4.901899814605713,0.0913415178656578,0.7136632204055786,0.20585423707962036,0.5760838985443115
-15.093999862670898,-3.753999948501587,0.925076425075531,1.7071452140808105,0.05297191068530083,0.20526500046253204,-0.21849612891674042,0.3933032155036926
-15.093999862670898,-3.753999948501587,1.0603498220443726,0.29820555448532104,0.10165505856275558,0.18254737555980682,-0.04264184460043907,0.030612846836447716
-15.093999862670898,-2.753999948501587,0.9900003671646118,5.1488471031188965,0.06145542114973068,1.3808430433273315,0.21378159523010254,0.3958362340927124
-15.093999862670898,-2.753999948501587,1.0054854154586792,2.271756410598755,0.06545297801494598,0.18296049535274506,-0.26916468143463135,0.5620666146278381
-15.093999862670898,-2.753999948501587,0.9211766719818115,0.511268138885498,0.05379839986562729,0.16151678562164307,-0.07376730442047119,0.04209710285067558
-15.093999862670898,-1.753999948501587,0.9419825673103333,5.2857255935668945,0.03534303978085518,1.226790428161621,0.0015057249693199992,0.8873454332351685
-15.093999862670898,-1.753999948501587,0.9731055498123169,2.0456960201263428,0.05026687681674957,0.1476597785949707,-0.14568321406841278,0.0993557721376419
-15.093999862670898,-1.753999948501587,0.944865345954895,1.058714747428894,0.0511821024119854,0.1758342832326889,-0.08767981082201004,0.013298729434609413
-15.093999862670898,-0.7540000081062317,1.0490773916244507,5.026186943054199,0.05676567181944847,0.7630596160888672,0.08637318015098572,0.6594040989875793
-15.093999862670898,-0.7540000081062317,0.9735383987426758,1.627076506614685,0.0966201052069664,0.6016832590103149,0.19617058336734772,0.29682329297065735
-15.093999862670898,-0.7540000081062317,1.0263845920562744,5.71185302734375,0.13582997024059296,0.32388433814048767,0.06731288135051727,0.043772581964731216
-15.093999862670898,0.2460000067949295,1.1313667297363281,5.819441318511963,0.09054406732320786,0.8602838516235352,-0.1354363113641739,0.5530850887298584
-15.093999862670898,0.2460000067949295,0.9608783721923828,1.8194000720977783,0.0511254258453846,0.31388503313064575,-0.23679795861244202,0.37376105785369873
-15.093999862670898,0.2460000067949295,0.9302525520324707,4.759272575378418,0.04380914196372032,0.5006336569786072,-0.04355593025684357,0.07315376400947571
-15.093999862670898,1.246000051498413,1.0470727682113647,4.657596588134766,0.145768940448761,1.2008936405181885,-0.02479722909629345,0.4037550687789917
-15.093999862670898,1.246000051498413,0.9503929615020752,2.178189516067505,0.06324650347232819,0.23297461867332458,0.1411951780319214,0.45414501428604126
-15.093999862670898,1.246000051498413,0.8692145943641663,6.186970233917236,0.0418170690536499,0.29542815685272217,-0.11269325017929077,0.142099991440773
-15.093999862670898,2.246000051498413,0.845681369304657,6.192727088928223,0.053263235837221146,1.7115263938903809,-0.005947593133896589,0.6927106380462646
-15.093999862670898,2.246000051498413,1.0927178859710693,2.951181650161743,0.09569191187620163,0.08388814330101013,-0.007953383959829807,0.20230184495449066
-15.093999862670898,2.246000051498413,1.2446637153625488,6.192598819732666,0.09461084753274918,0.026735175400972366,-0.04121868684887886,0.1049875020980835
-15.093999862670898,3.246000051498413,0.9857986569404602,5.621086120605469,0.0972457081079483,1.941058874130249,-0.03328845649957657,0.35771462321281433
-15.093999862670898,3.246000051498413,1.2552111148834229,2.9831697940826416,0.0860423669219017,0.04540016129612923,-0.12376078218221664,0.4878413677215576
-15.093999862670898,3.246000051498413,1.3121883869171143,6.261191368103027,0.08669833093881607,0.016270462423563004,-0.014048594981431961,0.15444397926330566
-15.093999862670898,4.245999813079834,0.9999009966850281,6.113874435424805,0.08669961243867874,1.5362895727157593,0.002258277265354991,0.31105735898017883
-15.093999862670898,4.245999813079834,1.137480616569519,2.958548069000244,0.07124579697847366,0.06372901052236557,-0.023048480972647667,0.4459288418292999
-15.093999862670898,4.245999813079834,1.2306945323944092,6.267327308654785,0.07576028257608414,0.024355635046958923,-0.026509687304496765,0.24301378428936005
-15.093999862670898,5.245999813079834,0.9847805500030518,5.872333526611328,0.03805709630250931,1.227895975112915,0.023377330973744392,0.699539303779602
-15.093999862670898,5.245999813079834,1.0526208877563477,2.98348331451416,0.09838820993900299,0.25775206089019775,0.07062435150146484,0.23375745117664337
-15.093999862670898,5.245999813079834,1.268674373626709,0.08269239217042923,0.10122661292552948,0.04084311053156853,-0.07574917376041412,0.06670328229665756
-15.093999862670898,6.245999813079834,0.9644327759742737,5.39468240737915,0.03539449721574783,0.9836087822914124,0.05021173134446144,0.5610520839691162
-15.093999862670898,6.245999813079834,1.111419916152954,3.003769636154175,0.09484677761793137,0.4023591876029968,0.19375468790531158,0.33924171328544617
-15.093999862670898,6.245999813079834,1.3646888732910156,0.06847109645605087,0.10902935266494751,0.04496031999588013,0.01746234856545925,0.09970620274543762
-15.093999862670898,7.245999813079834,1.0433995723724365,5.244987487792969,0.0761740654706955,1.2779874801635742,-0.014195499941706657,0.49714595079421997
-15.093999862670898,7.245999813079834,1.021925449371338,2.691969871520996,0.06487809866666794,0.2772037088871002,0.19193357229232788,0.40043044090270996
-15.093999862670898,7.245999813079834,1.0125914812088013,0.18471957743167877,0.07115214318037033,0.1496559977531433,0.00014688346709590405,0.10242360085248947
-15.093999862670898,8.246000289916992,1.1210625171661377,0.3600662648677826,0.3088732659816742,1.5748686790466309,0.12429267168045044,0.09173455834388733
-15.093999862670898,8.246000289916992,1.055012822151184,2.1480417251586914,0.0797649547457695,0.29983603954315186,0.10758326947689056,0.70268315076828
-15.093999862670898,8.246000289916992,1.0625395774841309,5.236761093139648,0.05873358994722366,0.4006858468055725,0.28207385540008545,0.20558230578899384
-15.093999862670898,9.246000289916992,1.1245102882385254,5.0332512855529785,0.08601982891559601,1.4788503646850586,0.06745369732379913,0.3326258361339569
-15.093999862670898,9.246000289916992,1.0620002746582031,1.799906849861145,0.051135994493961334,0.43493878841400146,0.11943399161100388,0.4487612545490265
-15.093999862670898,9.246000289916992,1.0463887453079224,4.862778663635254,0.029306096956133842,0.3499433100223541,0.2079160213470459,0.21861295402050018
-15.093999862670898,10.246000289916992,0.8594818115234375,6.235131740570068,0.052586037665605545,1.3257906436920166,0.033563729375600815,0.3494359254837036
-15.093999862670898,10.246000289916992,1.0615185499191284,3.8176021575927734,0.09072207659482956,0.4664112329483032,0.1529996544122696,0.5457965731620789
-15.093999862670898,10.246000289916992,1.2507964372634888,0.7535626888275146,0.11612394452095032,0.14627502858638763,-0.24788756668567657,0.10476742684841156
-15.093999862670898,11.246000289916992,1.1155304908752441,3.5736615657806396,0.08703812211751938,0.4793950319290161,0.17587725818157196,0.39801937341690063
-15.093999862670898,11.246000289916992,1.009442687034607,1.0578148365020752,0.08321269601583481,0.35736995935440063,-0.18887348473072052,0.4836006164550781
-15.093999862670898,11.246000289916992,1.0953419208526611,6.232557773590088,0.120433509349823,0.7508291602134705,0.07090575248003006,0.11838002502918243
-15.093999862670898,12.246000289916992,1.1920065879821777,3.7116992473602295,0.11776324361562729,0.4403497278690338,0.001505160704255104,0.16054767370224
-15.093999862670898,12.246000289916992,1.0428662300109863,0.9553727507591248,0.09287550300359726,0.06968627870082855,-0.39363613724708557,0.7352392077445984
-15.093999862670898,12.246000289916992,1.0390260219573975,4.2972517013549805,0.1310785412788391,2.736640691757202,0.13259486854076385,0.10421314090490341
-15.093999862670898,13.246000289916992,1.1766729354858398,5.295526027679443,0.31926804780960083,1.990452527999878,0.24520725011825562,0.013785113580524921
-15.093999862670898,13.246000289916992,1.0595506429672241,1.4352269172668457,0.07379497587680817,0.2700273394584656,-0.10591091215610504,0.9703730344772339
-15.093999862670898,13.246000289916992,1.039130687713623,5.214649677276611,0.1164829209446907,0.47848954796791077,0.14260512590408325,0.015841787680983543
-15.093999862670898,14.246000289916992,0.9515215754508972,2.2268881797790527,0.27813291549682617,1.4867887496948242,0.1364401876926422,0.09070178121328354
-15.093999862670898,14.246000289916992,0.9772557020187378,1.8385897874832153,0.05210288241505623,0.30329570174217224,-0.28499647974967957,0.8957527279853821
-15.093999862670898,14.246000289916992,1.2190865278244019,1.14276921749115,0.2011333853006363,0.12146631628274918,-0.08286260068416595,0.013545521534979343
-15.093999862670898,15.246000289916992,1.1899889707565308,1.2194669246673584,0.9218348264694214,1.4065970182418823,0.2549540400505066,0.007716807536780834
-15.093999862670898,15.246000289916992,0.870091438293457,1.9820221662521362,0.016016479581594467,0.12337951362133026,-0.04942835867404938,0.7768721580505371
-15.093999862670898,15.246000289916992,1.0595842599868774,1.450501799583435,0.07607834041118622,0.11579831689596176,0.0009556845179758966,0.21541105210781097
-15.093999862670898,16.246000289916992,0.9755655527114868,0.9865034222602844,0.24279898405075073,1.3307377099990845,0.02401929534971714,0.00943039171397686
-15.093999862670898,16.246000289916992,1.0393638610839844,2.0013976097106934,0.04919804632663727,0.13118237257003784,0.07282190024852753,0.9884107112884521
-15.093999862670898,16.246000289916992,1.219688892364502,0.737431526184082,0.28616058826446533,0.10114466398954391,0.08576582372188568,0.0021589479874819517
-15.093999862670898,17.246000289916992,1.2307928800582886,4.989213943481445,0.22520938515663147,1.8984706401824951,0.19148816168308258,0.015766413882374763
-15.093999862670898,17.246000289916992,1.1336358785629272,2.0133583545684814,0.0726408138871193,0.10054855048656464,0.09044359624385834,0.9812152981758118
-15.093999862670898,17.246000289916992,1.1390005350112915,0.7736252546310425,0.145772784948349,0.21667438745498657,-0.02608511783182621,0.0030183130875229836
-15.093999862670898,18.246000289916992,0.9004455804824829,0.12359745800495148,0.06556959450244904,1.6830408573150635,0.16457651555538177,0.029788637533783913
-15.093999862670898,18.246000289916992,1.1057711839675903,1.8400697708129883,0.08605129271745682,0.12143993377685547,0.025373414158821106,0.9696767926216125
-15.093999862670898,18.246000289916992,1.062925934791565,6.219661235809326,0.19670498371124268,0.3937006890773773,0.07198212295770645,0.0005346167017705739
-15.093999862670898,19.246000289916992,1.0193299055099487,0.6483058929443359,0.09190550446510315,1.147417664527893,0.14283473789691925,0.08483628183603287
-15.093999862670898,19.246000289916992,1.0602391958236694,1.571718454360962,0.09526263922452927,0.0876912847161293,-0.050242140889167786,0.9060120582580566
-15.093999862670898,19.246000289916992,1.1212314367294312,0.19308122992515564,0.14306172728538513,0.2504991888999939,-0.01987297087907791,0.009151753969490528
-15.093999862670898,20.246000289916992,0.941598117351532,1.4931426048278809,0.10838282108306885,1.402539610862732,0.0974675789475441,0.09130369126796722
-15.093999862670898,20.246000289916992,1.0303447246551514,1.5637120008468628,0.0827798992395401,0.0638296902179718,-0.03569804131984711,0.9030646085739136
-15.093999862670898,20.246000289916992,1.0546969175338745,5.448619365692139,0.2065548449754715,0.4700462520122528,0.04363151267170906,0.005631689913570881
-15.093999862670898,21.246000289916992,0.9684174060821533,0.36047327518463135,0.1915830820798874,1.6177189350128174,0.05263804644346237,0.028604036197066307
-15.093999862670898,21.246000289916992,0.9962570071220398,1.6220489740371704,0.09090609103441238,0.06051093712449074,-0.053843528032302856,0.9688856601715088
-15.093999862670898,21.246000289916992,1.0170600414276123,4.626674652099609,0.3433625400066376,1.0800223350524902,0.16356387734413147,0.002510300138965249
-15.093999862670898,22.246000289916992,0.9075714945793152,2.5026485919952393,0.27726978063583374,2.0111725330352783,-0.06434262543916702,0.003525422653183341
-15.093999862670898,22.246000289916992,1.0624048709869385,1.6833471059799194,0.07886749505996704,0.02337457612156868,-0.03161989524960518,0.9957962036132812
-15.093999862670898,22.246000289916992,1.0536049604415894,4.418878555297852,0.35053321719169617,0.38316354155540466,0.23237204551696777,0.0006784204742871225
-15.093999862670898,23.246000289916992,0.9553081393241882,3.724167823791504,0.7302107214927673,2.6510555744171143,-0.08983968943357468,0.0006118745659478009
-15.093999862670898,23.246000289916992,1.0628587007522583,1.5612856149673462,0.07156055420637131,0.016302209347486496,-0.0363629050552845,0.9991260170936584
-15.093999862670898,23.246000289916992,1.0923700332641602,4.171852111816406,0.43008458614349365,0.24302512407302856,0.2835088074207306,0.00026214084937237203
-14.093999862670898,-12.753999710083008,0.8390930891036987,4.80732536315918,0.13553732633590698,1.5657024383544922,0.15754835307598114,0.014390028081834316
-14.093999862670898,-12.753999710083008,0.7463183999061584,3.163843870162964,0.10419652611017227,0.201908141374588,-0.1444767564535141,0.0027550722006708384
-14.093999862670898,-12.753999710083008,0.7234417796134949,4.877407550811768,0.02579534240067005,0.025968307629227638,0.04147537797689438,0.982854962348938
-14.093999862670898,-11.753999710083008,0.9196443557739258,5.198166370391846,0.05901595205068588,0.327054500579834,-0.0744004175066948,0.36075976490974426
-14.093999862670898,-11.753999710083008,0.7650864720344543,2.5791537761688232,0.11696746200323105,0.4828096330165863,0.09984517097473145,0.015510178171098232
-14.093999862670898,-11.753999710083008,0.7778446078300476,4.667141437530518,0.022895444184541702,0.08836662024259567,0.02175760269165039,0.6237300634384155
-14.093999862670898,-10.753999710083008,0.9119582176208496,4.957431793212891,0.09396836161613464,0.3716348111629486,-0.034887585788965225,0.08786725997924805
-14.093999862670898,-10.753999710083008,0.6503133177757263,2.041269063949585,0.0929497554898262,1.1825388669967651,0.11513921618461609,0.01201176829636097
-14.093999862670898,-10.753999710083008,0.6695873141288757,4.6230363845825195,0.015444502234458923,0.13789698481559753,0.018121208995580673,0.9001209735870361
-14.093999862670898,-9.753999710083008,0.856471061706543,4.717033386230469,0.0629386156797409,1.0147874355316162,0.05446428805589676,0.3605559170246124
-14.093999862670898,-9.753999710083008,0.6185696721076965,1.1141884326934814,0.030065229162573814,0.6678335070610046,0.051598284393548965,0.3871159851551056
-14.093999862670898,-9.753999710083008,0.7379968762397766,4.947630882263184,0.021225925534963608,0.23068657517433167,0.07547706365585327,0.25232815742492676
-14.093999862670898,-8.753999710083008,1.001829743385315,5.244819641113281,0.046428386121988297,1.5756133794784546,-0.1372266709804535,0.3191133737564087
-14.093999862670898,-8.753999710083008,0.8698238134384155,1.6288951635360718,0.06964143365621567,0.5379067063331604,-0.06767989695072174,0.552748441696167
-14.093999862670898,-8.753999710083008,0.8052334785461426,4.449784278869629,0.039799563586711884,0.5304378867149353,-0.052815716713666916,0.12813811004161835
-14.093999862670898,-7.754000186920166,0.9254279136657715,4.910707473754883,0.02501281164586544,0.9959741830825806,0.041361164301633835,0.7301403284072876
-14.093999862670898,-7.754000186920166,0.9422646760940552,1.6871750354766846,0.07271067053079605,0.42395374178886414,-0.16305473446846008,0.182929128408432
-14.093999862670898,-7.754000186920166,0.9981235265731812,4.396237373352051,0.05385088548064232,0.21638761460781097,0.19256377220153809,0.0869305431842804
-14.093999862670898,-6.754000186920166,0.9944278001785278,4.791033744812012,0.025418471544981003,0.6481730341911316,0.06127186864614487,0.6636761426925659
-14.093999862670898,-6.754000186920166,0.8842223882675171,1.7169177532196045,0.030405068770051003,1.3822096586227417,-0.25560709834098816,0.2945430874824524
-14.093999862670898,-6.754000186920166,1.206386923789978,5.758652687072754,0.07499559968709946,1.5364854335784912,0.09513036906719208,0.041780777275562286
-14.093999862670898,-5.754000186920166,0.9252249598503113,5.138360500335693,0.08318483084440231,0.8928709626197815,0.20593611896038055,0.3992232084274292
-14.093999862670898,-5.754000186920166,0.8578099012374878,2.0623443126678467,0.06200214847922325,0.5655508637428284,-0.2494078129529953,0.5313286185264587
-14.093999862670898,-5.754000186920166,1.0157476663589478,6.092552661895752,0.11014360189437866,0.6719074845314026,-0.07418997585773468,0.06944814324378967
-14.093999862670898,-4.754000186920166,0.9559304118156433,5.177469253540039,0.042517710477113724,0.7479572892189026,0.0613911896944046,0.6522076725959778
-14.093999862670898,-4.754000186920166,1.0622977018356323,2.409834384918213,0.12997888028621674,0.39800742268562317,0.3056890070438385,0.1789427101612091
-14.093999862670898,-4.754000186920166,1.3437350988388062,0.1601664274930954,0.09749185293912888,0.0201482605189085,-0.077493816614151,0.16884960234165192
-14.093999862670898,-3.753999948501587,1.1359052658081055,5.339603900909424,0.07234375923871994,0.7198643088340759,0.15755832195281982,0.571183979511261
-14.093999862670898,-3.753999948501587,1.0094579458236694,1.5278021097183228,0.033308085054159164,0.34936538338661194,-0.11835338920354843,0.3784893751144409
-14.093999862670898,-3.753999948501587,1.3104662895202637,0.3264419734477997,0.09248505532741547,0.10452515631914139,-0.11270105093717575,0.05032658949494362
-14.093999862670898,-2.753999948501587,1.0670156478881836,4.77497673034668,0.07032549381256104,1.2890104055404663,0.17997480928897858,0.7492409944534302
-14.093999862670898,-2.753999948501587,0.9774979948997498,3.0395801067352295,0.0709482952952385,1.5728682279586792,0.19723965227603912,0.18990521132946014
-14.093999862670898,-2.753999948501587,1.13961660861969,1.2568987607955933,0.04987805336713791,0.03206930309534073,-0.2343403846025467,0.060853712260723114
-14.093999862670898,-1.753999948501587,0.9989374279975891,4.917206764221191,0.0227613914757967,1.2371723651885986,0.18170464038848877,0.9781913161277771
-14.093999862670898,-1.753999948501587,0.999374270439148,2.619734525680542,0.11032836884260178,1.0322593450546265,0.10404577851295471,0.019142841920256615
-14.093999862670898,-1.753999948501587,1.2571643590927124,0.7807056903839111,0.18485714495182037,0.13650092482566833,0.025752907618880272,0.00266582565382123
-14.093999862670898,-0.7540000081062317,1.1214065551757812,5.765809059143066,0.051219504326581955,0.5162349939346313,-0.025599366053938866,0.403856486082077
-14.093999862670898,-0.7540000081062317,1.0341992378234863,1.3720954656600952,0.07369521260261536,1.1186102628707886,-0.08900587260723114,0.4340951442718506
-14.093999862670898,-0.7540000081062317,1.014554738998413,4.812831401824951,0.04276479780673981,0.4238220155239105,0.05486705154180527,0.16204833984375
-14.093999862670898,0.2460000067949295,1.1168925762176514,4.533512592315674,0.04799429699778557,0.48356154561042786,0.07787103950977325,0.5323549509048462
-14.093999862670898,0.2460000067949295,0.9735140800476074,2.2110838890075684,0.08823453634977341,0.6033157110214233,0.16027134656906128,0.3711621165275574
-14.093999862670898,0.2460000067949295,1.0498806238174438,4.152968406677246,0.05522508546710014,0.22899457812309265,0.2954605519771576,0.09648291021585464
-14.093999862670898,1.246000051498413,1.0397675037384033,4.5633320808410645,0.06506700068712234,0.6891787648200989,-0.1078997328877449,0.688942015171051
-14.093999862670898,1.246000051498413,0.913689911365509,1.611387848854065,0.054838959127664566,0.903400182723999,0.27373945713043213,0.26130691170692444
-14.093999862670898,1.246000051498413,0.9293441772460938,6.0501861572265625,0.030870944261550903,0.3769599199295044,-0.0375610888004303,0.049751102924346924
-14.093999862670898,2.246000051498413,1.0069499015808105,5.855973243713379,0.059643588960170746,1.4832031726837158,0.045623186975717545,0.6268727779388428
-14.093999862670898,2.246000051498413,1.1232155561447144,2.9452857971191406,0.06968674063682556,0.08055093139410019,0.09938153624534607,0.23833626508712769
-14.093999862670898,2.246000051498413,1.3295060396194458,6.219086170196533,0.09660868346691132,0.01942538656294346,0.05564991757273674,0.13479100167751312
-14.093999862670898,3.246000051498413,1.0250276327133179,5.320893287658691,0.07834386825561523,1.3682374954223633,0.08651520311832428,0.3074706792831421
-14.093999862670898,3.246000051498413,1.167412519454956,3.0083136558532715,0.06956680864095688,0.06758705526590347,0.051039256155490875,0.46902287006378174
-14.093999862670898,3.246000051498413,1.2541817426681519,6.259590148925781,0.07473771274089813,0.024968856945633888,0.11305691301822662,0.22350645065307617
-14.093999862670898,4.245999813079834,1.0224931240081787,5.590902328491211,0.0860883966088295,1.822296142578125,0.07908734679222107,0.26554664969444275
-14.093999862670898,4.245999813079834,1.12997567653656,2.9386520385742188,0.06732264161109924,0.06783045828342438,0.07422440499067307,0.4164033830165863
-14.093999862670898,4.245999813079834,1.217700719833374,6.207335948944092,0.0684657096862793,0.025198815390467644,0.001333471853286028,0.31804996728897095
-14.093999862670898,5.245999813079834,0.9094374179840088,5.383203983306885,0.036278821527957916,1.5504437685012817,0.021031830459833145,0.48364463448524475
-14.093999862670898,5.245999813079834,1.0727335214614868,3.1296114921569824,0.06535445898771286,0.14914283156394958,0.044031139463186264,0.38241392374038696
-14.093999862670898,5.245999813079834,1.2699979543685913,0.018005184829235077,0.09824685752391815,0.0394185371696949,-0.029254939407110214,0.13394150137901306
-14.093999862670898,6.245999813079834,0.9986888766288757,4.484958648681641,0.05466741323471069,0.9833499193191528,0.034126605838537216,0.5447430610656738
-14.093999862670898,6.245999813079834,1.1287142038345337,2.860994815826416,0.085782989859581,0.2002297192811966,0.1523319035768509,0.32287123799324036
-14.093999862670898,6.245999813079834,1.3118643760681152,0.052134476602077484,0.1134929358959198,0.09815985709428787,-0.0018113184487447143,0.1323857605457306
-14.093999862670898,7.245999813079834,1.1397215127944946,5.531853199005127,0.13371212780475616,1.5974925756454468,0.12918947637081146,0.24084100127220154
-14.093999862670898,7.245999813079834,1.0341460704803467,2.9005658626556396,0.06759575754404068,0.294916033744812,0.06589967757463455,0.570253312587738
-14.093999862670898,7.245999813079834,1.0848006010055542,6.269985675811768,0.08718696981668472,0.2722916603088379,-0.021667730063199997,0.1889057159423828
-14.093999862670898,8.246000289916992,1.035705327987671,6.250965595245361,0.19885645806789398,1.3940250873565674,0.053921960294246674,0.24695523083209991
-14.093999862670898,8.246000289916992,1.0653572082519531,2.5682342052459717,0.0647551640868187,0.08520039170980453,0.019367625936865807,0.5731737017631531
-14.093999862670898,8.246000289916992,1.0726947784423828,5.701510906219482,0.07940839976072311,0.31681182980537415,0.2138841152191162,0.17987102270126343
-14.093999862670898,9.246000289916992,1.0539312362670898,5.8443074226379395,0.3235149383544922,1.9758057594299316,0.10614125430583954,0.136562317609787
-14.093999862670898,9.246000289916992,0.9802384972572327,2.219062089920044,0.05961927771568298,0.20233678817749023,-0.043805014342069626,0.36635851860046387
-14.093999862670898,9.246000289916992,0.992384672164917,4.509918212890625,0.033244676887989044,0.10959310084581375,0.16652898490428925,0.49707913398742676
-14.093999862670898,10.246000289916992,0.7950767874717712,5.602964878082275,0.0429949052631855,1.6023036241531372,0.03129575774073601,0.3390185236930847
-14.093999862670898,10.246000289916992,0.9535202980041504,3.318110466003418,0.10487325489521027,0.24196666479110718,0.15498973429203033,0.4416871964931488
-14.093999862670898,10.246000289916992,1.0700676441192627,0.40579405426979065,0.13209614157676697,0.18288029730319977,-0.13874752819538116,0.2192942351102829
-14.093999862670898,11.246000289916992,1.0919137001037598,3.4747350215911865,0.10154200345277786,0.7627070546150208,0.11570879071950912,0.5622767210006714
-14.093999862670898,11.246000289916992,0.9869877696037292,0.9987662434577942,0.13762061297893524,0.4215404689311981,-0.27087506651878357,0.3452529311180115
-14.093999862670898,11.246000289916992,0.9849576950073242,6.046167373657227,0.09176966547966003,0.6358233094215393,-0.07205196470022202,0.09247029572725296
-14.093999862670898,12.246000289916992,1.169525146484375,2.748459815979004,0.06650041043758392,0.3604445159435272,0.15512888133525848,0.15594708919525146
-14.093999862670898,12.246000289916992,1.0795643329620361,1.1736831665039062,0.06361136585474014,0.3675858676433563,-0.21472693979740143,0.6794176697731018
-14.093999862670898,12.246000289916992,1.1664682626724243,4.582902908325195,0.09849490225315094,0.6946744918823242,0.10254059731960297,0.16463519632816315
-14.093999862670898,13.246000289916992,1.0062322616577148,5.036551475524902,0.08675873279571533,0.8978932499885559,0.10795934498310089,0.15248282253742218
-14.093999862670898,13.246000289916992,1.0138113498687744,1.559592604637146,0.12411566078662872,0.48816728591918945,-0.29961103200912476,0.7549340724945068
-14.093999862670898,13.246000289916992,1.060248851776123,4.267846584320068,0.07780680060386658,0.2256355583667755,0.21649616956710815,0.0925830751657486
-14.093999862670898,14.246000289916992,1.0454201698303223,1.531490445137024,0.43643537163734436,1.6819026470184326,0.11285829544067383,0.04062643274664879
-14.093999862670898,14.246000289916992,1.0091990232467651,1.6718116998672485,0.06794004887342453,0.3633591830730438,0.04517294466495514,0.9590975046157837
-14.093999862670898,14.246000289916992,1.2714570760726929,1.4947102069854736,0.6457632184028625,0.4371027946472168,0.01331903412938118,0.00027609875542111695
-14.093999862670898,15.246000289916992,1.2230937480926514,6.0492377281188965,0.5436650514602661,1.9175238609313965,0.3958497941493988,0.04329729452729225
-14.093999862670898,15.246000289916992,0.9293863773345947,2.107760190963745,0.020303932949900627,0.0923212319612503,0.09335606545209885,0.8284202218055725
-14.093999862670898,15.246000289916992,1.034430980682373,0.9743134379386902,0.040969036519527435,0.01637703739106655,-0.09568317234516144,0.12828250229358673
-14.093999862670898,16.246000289916992,0.8933783769607544,5.403185844421387,0.11097777634859085,1.7215075492858887,0.10365758836269379,0.030666286125779152
-14.093999862670898,16.246000289916992,0.9244133234024048,2.0321643352508545,0.05231286957859993,0.1210787296295166,-0.019192487001419067,0.9675861597061157
-14.093999862670898,16.246000289916992,1.0073974132537842,0.5355641841888428,0.2547733783721924,0.4359751045703888,0.04255528375506401,0.0017476355424150825
-14.093999862670898,17.246000289916992,1.0142724514007568,1.8153836727142334,0.10847660899162292,1.5954760313034058,0.11844275891780853,0.026094017550349236
-14.093999862670898,17.246000289916992,1.1115939617156982,2.224783182144165,0.07298103719949722,0.06151929125189781,0.04825643077492714,0.9738910794258118
-14.093999862670898,17.246000289916992,1.1567703485488892,6.231348037719727,0.41371095180511475,0.9453179240226746,0.2473808228969574,1.4840089534118306e-05
-14.093999862670898,18.246000289916992,0.7876467704772949,2.0834996700286865,0.05701605975627899,2.063164472579956,0.0864219069480896,0.01756986789405346
-14.093999862670898,18.246000289916992,1.134761929512024,1.6629492044448853,0.09130067378282547,0.05953153967857361,-0.05467221140861511,0.981965959072113
-14.093999862670898,18.246000289916992,1.1541038751602173,0.49902305006980896,0.289872407913208,0.20178404450416565,0.019753891974687576,0.00046413831296376884
-14.093999862670898,19.246000289916992,0.9512635469436646,1.7039358615875244,0.06455084681510925,1.3255577087402344,0.055999379605054855,0.14153149724006653
-14.093999862670898,19.246000289916992,1.0681029558181763,1.2238752841949463,0.07970365136861801,0.09558150917291641,-0.15094590187072754,0.8527161478996277
-14.093999862670898,19.246000289916992,1.2532507181167603,0.4410299062728882,0.33880946040153503,0.2659485638141632,0.0844189003109932,0.00575237674638629
-14.093999862670898,20.246000289916992,0.9463034868240356,0.016172459349036217,0.14485351741313934,1.6327749490737915,0.10056716203689575,0.037967342883348465
-14.093999862670898,20.246000289916992,1.082568883895874,1.0924955606460571,0.06015324220061302,0.05818457156419754,0.04315856099128723,0.9376814365386963
-14.093999862670898,20.246000289916992,1.254855751991272,0.7961620688438416,0.26193100214004517,0.11767687648534775,9.969133679987863e-05,0.024351241067051888
-14.093999862670898,21.246000289916992,0.9936762452125549,5.605640411376953,0.32471656799316406,1.9541051387786865,0.32522863149642944,0.016541078686714172
-14.093999862670898,21.246000289916992,0.9522156119346619,0.9592822194099426,0.036503832787275314,0.0726492777466774,-0.026666393503546715,0.9633693695068359
-14.093999862670898,21.246000289916992,0.964521050453186,0.2840385437011719,0.13898316025733948,0.38042378425598145,0.1575431078672409,0.02008957415819168
-14.093999862670898,22.246000289916992,0.9427787661552429,5.849516868591309,0.3328070342540741,1.6110321283340454,0.3870184123516083,0.02674788050353527
-14.093999862670898,22.246000289916992,0.9317666888237,0.6522894501686096,0.046930376440286636,0.08201375603675842,-0.20011642575263977,0.96714848279953
-14.093999862670898,22.246000289916992,0.9312732219696045,6.01586389541626,0.156532883644104,0.9525982141494751,0.24919237196445465,0.006103592459112406
-14.093999862670898,23.246000289916992,0.9152577519416809,0.741523802280426,0.6369912624359131,1.8512600660324097,0.42116105556488037,0.0027558680158108473
-14.093999862670898,23.246000289916992,0.8578763008117676,0.16663022339344025,0.038930829614400864,0.07911548763513565,-0.13490374386310577,0.9941816926002502
-14.093999862670898,23.246000289916992,0.8683874011039734,5.9776129722595215,0.16082729399204254,1.5435296297073364,0.34272634983062744,0.003062452655285597
-13.093999862670898,-12.753999710083008,0.938743531703949,5.823085308074951,0.2808692455291748,1.9934860467910767,0.20900945365428925,0.0009826511377468705
-13.093999862670898,-12.753999710083008,0.766732931137085,3.5033633708953857,0.1279592514038086,0.4363510310649872,-0.217949777841568,0.0008301792549900711
-13.093999862670898,-12.753999710083008,0.7740017175674438,4.615242958068848,0.025596726685762405,0.017459595575928688,0.11750292778015137,0.9981871247291565
-13.093999862670898,-11.753999710083008,1.0755603313446045,4.982009410858154,0.12146750092506409,0.529552161693573,-0.046224337071180344,0.11932352930307388
-13.093999862670898,-11.753999710083008,0.8471401929855347,3.8843257427215576,0.060867637395858765,0.12658827006816864,0.21605591475963593,0.03097042441368103
-13.093999862670898,-11.753999710083008,0.8457241058349609,4.46519136428833,0.01639210805296898,0.034259408712387085,0.10730099678039551,0.8497059941291809
-13.093999862670898,-10.753999710083008,0.8520961999893188,5.145944595336914,0.07365495711565018,0.3136617839336395,-0.12929466366767883,0.15872935950756073
-13.093999862670898,-10.753999710083008,0.6643703579902649,2.27016282081604,0.07726848125457764,0.8986420035362244,0.0992773026227951,0.019356703385710716
-13.093999862670898,-10.753999710083008,0.6504572033882141,4.802906036376953,0.01119885966181755,0.0891651138663292,0.03316636011004448,0.8219138979911804
-13.093999862670898,-9.753999710083008,0.6981285214424133,4.601573944091797,0.03644944354891777,1.055405616760254,-0.03243282437324524,0.7225409746170044
-13.093999862670898,-9.753999710083008,0.6157275438308716,1.1207624673843384,0.03698340430855751,0.5369634628295898,0.03777143731713295,0.15869197249412537
-13.093999862670898,-9.753999710083008,0.75737065076828,5.017168998718262,0.021523915231227875,0.2768178880214691,0.06373424828052521,0.11876700818538666
-13.093999862670898,-8.753999710083008,0.8469837307929993,5.678630828857422,0.03654155507683754,1.4010522365570068,-0.2421504408121109,0.4919084906578064
-13.093999862670898,-8.753999710083008,0.7600921392440796,1.5031869411468506,0.058003004640340805,0.254646897315979,-0.10653219372034073,0.46243125200271606
-13.093999862670898,-8.753999710083008,0.7588834166526794,4.581101417541504,0.03659662976861,0.5968866348266602,0.005550751928240061,0.04566023498773575
-13.093999862670898,-7.754000186920166,0.9230923652648926,4.872735977172852,0.02237229235470295,0.7802065014839172,0.09807737916707993,0.7517262101173401
-13.093999862670898,-7.754000186920166,1.0101451873779297,1.5602189302444458,0.07157038152217865,0.5830669403076172,-0.26669514179229736,0.18062539398670197
-13.093999862670898,-7.754000186920166,1.044818639755249,4.576103210449219,0.06859757006168365,0.641126275062561,0.13837175071239471,0.06764842569828033
-13.093999862670898,-6.754000186920166,1.0228363275527954,5.078193664550781,0.029434872791171074,0.5836806297302246,0.11006033420562744,0.6869220733642578
-13.093999862670898,-6.754000186920166,0.9292454123497009,1.9887869358062744,0.0494174100458622,1.8558751344680786,-0.36183401942253113,0.3089563846588135
-13.093999862670898,-6.754000186920166,1.3823256492614746,0.13683024048805237,0.43558621406555176,2.162973165512085,0.00649056863039732,0.004121601115912199
-13.093999862670898,-5.754000186920166,1.0206005573272705,5.297259330749512,0.07521145790815353,0.7688278555870056,0.177300363779068,0.5416940450668335
-13.093999862670898,-5.754000186920166,0.9760590195655823,1.8200336694717407,0.0739840716123581,0.6510720252990723,-0.12103404104709625,0.4018687605857849
-13.093999862670898,-5.754000186920166,1.0883982181549072,6.233218193054199,0.11267488449811935,0.7190870642662048,-0.05437856912612915,0.056437212973833084
-13.093999862670898,-4.754000186920166,1.0425089597702026,4.486568927764893,0.05167700722813606,0.5137401819229126,0.058529917150735855,0.7337701916694641
-13.093999862670898,-4.754000186920166,1.0223596096038818,1.7718877792358398,0.08767259120941162,0.32786861062049866,0.15320438146591187,0.17803993821144104
-13.093999862670898,-4.754000186920166,1.1401983499526978,0.29242536425590515,0.08717859536409378,0.07031992822885513,0.06223650276660919,0.08818995207548141
-13.093999862670898,-3.753999948501587,0.950750470161438,5.485300540924072,0.03280528262257576,0.8048107624053955,0.10599321871995926,0.7724875807762146
-13.093999862670898,-3.753999948501587,0.9294623136520386,1.5248557329177856,0.0332520492374897,0.3494040369987488,-0.009701447561383247,0.18404889106750488
-13.093999862670898,-3.753999948501587,1.391011357307434,0.4743553698062897,0.11530770361423492,0.05145751312375069,-0.14145943522453308,0.04346355423331261
-13.093999862670898,-2.753999948501587,1.0263175964355469,6.0343732833862305,0.026612093672156334,1.17618727684021,0.1625271737575531,0.9005600810050964
-13.093999862670898,-2.753999948501587,1.040942907333374,4.189720153808594,0.0751664787530899,0.7062506079673767,0.2468537986278534,0.08674327284097672
-13.093999862670898,-2.753999948501587,1.2856731414794922,1.3798420429229736,0.06295421719551086,0.0695168673992157,-0.31433191895484924,0.01269668061286211
-13.093999862670898,-1.753999948501587,0.9358433485031128,5.243646144866943,0.01927412860095501,0.8805309534072876,0.1299244612455368,0.9626135230064392
-13.093999862670898,-1.753999948501587,0.9604249000549316,1.8476186990737915,0.08927636593580246,2.389969825744629,0.18746741116046906,0.03302706405520439
-13.093999862670898,-1.753999948501587,1.3134897947311401,0.5816363096237183,0.16343489289283752,0.16352449357509613,0.03251759707927704,0.004359481856226921
-13.093999862670898,-0.7540000081062317,1.0069212913513184,5.355172634124756,0.02015254646539688,0.38945043087005615,0.030270341783761978,0.5993156433105469
-13.093999862670898,-0.7540000081062317,1.020818829536438,1.7216675281524658,0.07702194154262543,0.9185777306556702,-0.21181005239486694,0.21069230139255524
-13.093999862670898,-0.7540000081062317,1.0291203260421753,4.551788330078125,0.02479815110564232,0.23536162078380585,0.0028573249001055956,0.1899920254945755
-13.093999862670898,0.2460000067949295,0.9778943657875061,4.662525177001953,0.02936878241598606,0.5417563915252686,0.04194764047861099,0.45394977927207947
-13.093999862670898,0.2460000067949295,0.9869374632835388,2.3496649265289307,0.12269335985183716,0.568562388420105,0.17411813139915466,0.4165704846382141
-13.093999862670898,0.2460000067949295,1.1610270738601685,4.8255462646484375,0.06701879948377609,0.13115666806697845,0.2164679616689682,0.1294797658920288
-13.093999862670898,1.246000051498413,1.0594837665557861,5.340256690979004,0.08548565953969955,1.13639235496521,0.07350274920463562,0.5993152856826782
-13.093999862670898,1.246000051498413,0.861758291721344,1.5217822790145874,0.050167959183454514,1.195589542388916,0.1288202404975891,0.3650498390197754
-13.093999862670898,1.246000051498413,1.0128055810928345,5.74293851852417,0.028085190802812576,0.38333600759506226,-0.00015771154721733183,0.03563486784696579
-13.093999862670898,2.246000051498413,1.0702130794525146,5.520771026611328,0.055596377700567245,1.2861484289169312,0.005648013204336166,0.6811052560806274
-13.093999862670898,2.246000051498413,1.2376610040664673,2.9901812076568604,0.0860486701130867,0.051602546125650406,0.05495115742087364,0.20559847354888916
-13.093999862670898,2.246000051498413,1.3327934741973877,6.188015460968018,0.09775520861148834,0.023549098521471024,0.047750189900398254,0.11329630017280579
-13.093999862670898,3.246000051498413,1.0177953243255615,5.043058395385742,0.07977990806102753,1.3844398260116577,0.09814158082008362,0.27574002742767334
-13.093999862670898,3.246000051498413,1.1803239583969116,2.9684267044067383,0.0801716297864914,0.06055512651801109,0.11522652953863144,0.46490514278411865
-13.093999862670898,3.246000051498413,1.2314749956130981,6.230550289154053,0.07450146973133087,0.02493457868695259,0.15824532508850098,0.2593548595905304
-13.093999862670898,4.245999813079834,1.0479035377502441,4.835084915161133,0.12105529010295868,1.922961950302124,0.1273065209388733,0.22431744635105133
-13.093999862670898,4.245999813079834,1.0892692804336548,2.982891321182251,0.058332208544015884,0.08028580993413925,0.08786617964506149,0.4538710415363312
-13.093999862670898,4.245999813079834,1.2297747135162354,6.20734167098999,0.07033313810825348,0.02455364726483822,0.0015968929510563612,0.3218115270137787
-13.093999862670898,5.245999813079834,0.9344862103462219,5.821681976318359,0.03354236111044884,1.6791014671325684,-0.06827650219202042,0.5838586688041687
-13.093999862670898,5.245999813079834,1.086118221282959,2.9973578453063965,0.07936081290245056,0.12107209116220474,0.04294183850288391,0.2981571853160858
-13.093999862670898,5.245999813079834,1.216265082359314,6.26432466506958,0.09194272011518478,0.039397530257701874,-0.09332571178674698,0.11798417568206787
-13.093999862670898,6.245999813079834,1.0759121179580688,4.044281005859375,0.10946223884820938,1.234928011894226,-0.0007180128013715148,0.38889598846435547
-13.093999862670898,6.245999813079834,1.169860601425171,2.7304115295410156,0.10016182065010071,0.15361268818378448,0.2015022188425064,0.37122711539268494
-13.093999862670898,6.245999813079834,1.1926430463790894,6.187704086303711,0.09526199847459793,0.14557647705078125,-0.01728205941617489,0.239876851439476
-13.093999862670898,7.245999813079834,0.9887115955352783,5.7364654541015625,0.07842286676168442,1.549591302871704,0.13517417013645172,0.32189419865608215
-13.093999862670898,7.245999813079834,0.9892107844352722,3.0484964847564697,0.1051381528377533,0.3928183913230896,0.10226817429065704,0.4737568497657776
-13.093999862670898,7.245999813079834,1.0715004205703735,0.042632557451725006,0.10732332617044449,0.285295307636261,0.08257335424423218,0.20434890687465668
-13.093999862670898,8.246000289916992,0.9263137578964233,5.3359456062316895,0.3233119547367096,1.2446738481521606,0.10869590193033218,0.14251543581485748
-13.093999862670898,8.246000289916992,0.7614684104919434,3.3859663009643555,0.08951661735773087,0.3945728838443756,-0.05394039675593376,0.204659104347229
-13.093999862670898,8.246000289916992,0.7100798487663269,4.603664398193359,0.026988105848431587,0.33875879645347595,0.3412160277366638,0.6528255343437195
-13.093999862670898,9.246000289916992,0.8045801520347595,5.086542129516602,0.2659873366355896,1.5887727737426758,0.07632985711097717,0.05459016188979149
-13.093999862670898,9.246000289916992,0.7973986864089966,1.9763684272766113,0.06330455094575882,0.04832518845796585,0.1678837686777115,0.8932215571403503
-13.093999862670898,9.246000289916992,0.8142431378364563,5.168155670166016,0.1455661654472351,0.19731517136096954,0.08124139904975891,0.05218832567334175
-13.093999862670898,10.246000289916992,0.9617133736610413,4.9190592765808105,0.3476438820362091,1.4484599828720093,0.06193869188427925,0.18326090276241302
-13.093999862670898,10.246000289916992,0.7531887888908386,2.9411797523498535,0.06011143699288368,0.36837610602378845,-0.10222656279802322,0.2360871285200119
-13.093999862670898,10.246000289916992,0.7690992951393127,5.316722869873047,0.04495120793581009,0.3027617931365967,0.053288888186216354,0.5806519389152527
-13.093999862670898,11.246000289916992,0.9846705198287964,3.7365732192993164,0.08228690177202225,1.106357216835022,0.1014476865530014,0.3916224241256714
-13.093999862670898,11.246000289916992,0.9404295682907104,2.2306015491485596,0.10878364741802216,0.1985994428396225,-0.1675439029932022,0.575142502784729
-13.093999862670898,11.246000289916992,0.9079315662384033,5.571291923522949,0.07589652389287949,0.3064763844013214,-0.07245410978794098,0.0332350991666317
-13.093999862670898,12.246000289916992,1.0602915287017822,3.4857704639434814,0.07649054378271103,1.0468995571136475,0.2437438666820526,0.37398576736450195
-13.093999862670898,12.246000289916992,0.9563172459602356,1.9495849609375,0.06668978184461594,0.48929888010025024,0.03576122596859932,0.55704665184021
-13.093999862670898,12.246000289916992,1.1175018548965454,4.837128162384033,0.0706559419631958,0.14492115378379822,0.09702001512050629,0.06896763294935226
-13.093999862670898,13.246000289916992,0.808193027973175,4.359279632568359,0.030201401561498642,0.6250751614570618,0.11561298370361328,0.4183403551578522
-13.093999862670898,13.246000289916992,0.968666136264801,1.6700083017349243,0.11514891684055328,0.944607675075531,-0.33663326501846313,0.5183539986610413
-13.093999862670898,13.246000289916992,1.0365980863571167,4.458982467651367,0.0653102844953537,0.23736180365085602,0.23832984268665314,0.06330568343400955
-13.093999862670898,14.246000289916992,1.2297983169555664,1.9273878335952759,0.6283068060874939,2.666874408721924,0.15031306445598602,0.02437332272529602
-13.093999862670898,14.246000289916992,1.0584452152252197,1.6560224294662476,0.09451888501644135,0.3088637590408325,0.12529003620147705,0.9755786657333374
-13.093999862670898,14.246000289916992,1.2343864440917969,1.3902504444122314,0.9864796996116638,1.495095133781433,-0.05521015822887421,4.802975672646426e-05
-13.093999862670898,15.246000289916992,1.1470603942871094,6.030803680419922,0.3392767012119293,2.3530640602111816,0.31675657629966736,0.08709866553544998
-13.093999862670898,15.246000289916992,0.9255536794662476,1.9700580835342407,0.028071528300642967,0.10607010871171951,0.09810063242912292,0.6984196305274963
-13.093999862670898,15.246000289916992,1.0418275594711304,0.9512139558792114,0.030408868566155434,0.008946195244789124,-0.1326504498720169,0.2144816666841507
-13.093999862670898,16.246000289916992,1.0204288959503174,3.406385660171509,0.14984458684921265,0.7060478329658508,0.11360962688922882,0.09310323745012283
-13.093999862670898,16.246000289916992,1.0067890882492065,1.6560043096542358,0.07359126955270767,0.26553621888160706,-0.39953258633613586,0.8964003920555115
-13.093999862670898,16.246000289916992,0.9797183275222778,0.06272884458303452,0.2069905400276184,2.845857620239258,0.16654501855373383,0.010496335104107857
-13.093999862670898,17.246000289916992,1.0296401977539062,3.6165764331817627,0.10825800150632858,1.5294007062911987,0.11377888172864914,0.04957673326134682
-13.093999862670898,17.246000289916992,1.0472313165664673,1.4132881164550781,0.06961528956890106,0.11991505324840546,0.0487607978284359,0.9502402544021606
-13.093999862670898,17.246000289916992,1.1827878952026367,1.0323058366775513,0.2925017178058624,0.35229435563087463,0.07227727770805359,0.0001829680404625833
-13.093999862670898,20.246000289916992,1.0895203351974487,1.9907300472259521,0.3345947861671448,0.9131041169166565,-0.007889220491051674,0.029944581910967827
-13.093999862670898,20.246000289916992,1.0653162002563477,1.3384021520614624,0.0696134939789772,0.18419048190116882,-0.028026167303323746,0.9575004577636719
-13.093999862670898,20.246000289916992,1.2892998456954956,0.9638733863830566,0.4156368374824524,0.1898835003376007,0.23573702573776245,0.01255486998707056
-13.093999862670898,21.246000289916992,1.1566340923309326,1.9128634929656982,0.7089965343475342,0.8589884042739868,0.19984883069992065,0.10826535522937775
-13.093999862670898,21.246000289916992,0.9803023338317871,1.4732604026794434,0.057158999145030975,0.2965491712093353,-0.39082372188568115,0.5775129795074463
-13.093999862670898,21.246000289916992,1.190674901008606,1.1211663484573364,0.142181858420372,0.22918331623077393,0.2069862335920334,0.31422165036201477
-13.093999862670898,22.246000289916992,1.0700178146362305,3.77644681930542,0.8711526989936829,0.7020208239555359,0.3067740201950073,0.05560682341456413
-13.093999862670898,22.246000289916992,0.838649570941925,1.257769227027893,0.057921621948480606,1.4693946838378906,-0.46643322706222534,0.1574465036392212
-13.093999862670898,22.246000289916992,1.0702797174453735,1.6952803134918213,0.08427064120769501,0.23898464441299438,0.19722604751586914,0.786946713924408
-13.093999862670898,23.246000289916992,1.0532701015472412,5.720541954040527,1.1938146352767944,0.5685125589370728,0.39267757534980774,0.005664478056132793
-13.093999862670898,23.246000289916992,0.7191361784934998,1.11078941822052,0.07415275275707245,8.875327110290527,-0.45067474246025085,0.01193665899336338
-13.093999862670898,23.246000289916992,1.010214924812317,2.4564456939697266,0.06690017879009247,0.25338104367256165,0.1308433562517166,0.9823989272117615
-12.093999862670898,-12.753999710083008,0.8950355648994446,2.690748453140259,0.3575502038002014,2.4653539657592773,0.20813633501529694,0.020311769098043442
-12.093999862670898,-12.753999710083008,0.6470690965652466,4.463241100311279,0.02669055573642254,0.08498657494783401,-0.22381193935871124,0.9769338965415955
-12.093999862670898,-12.753999710083008,0.8157963752746582,5.6158246994018555,0.1572449654340744,1.670433759689331,0.2405615895986557,0.0027544163167476654
-12.093999862670898,-11.753999710083008,1.0178866386413574,5.160853385925293,0.2933536767959595,2.176182508468628,0.27666759490966797,0.033299047499895096
-12.093999862670898,-11.753999710083008,0.8293044567108154,4.250805377960205,0.022509872913360596,0.0448773093521595,0.015242376364767551,0.7900691032409668
-12.093999862670898,-11.753999710083008,0.8210713267326355,5.147451400756836,0.048509761691093445,0.413727343082428,0.16512224078178406,0.17663177847862244
-12.093999862670898,-10.753999710083008,0.8732333183288574,5.465676784515381,0.07359112799167633,0.6146153211593628,-0.10758981108665466,0.15584655106067657
-12.093999862670898,-10.753999710083008,0.6224496960639954,3.166768789291382,0.05058038607239723,0.8610644936561584,0.07075154781341553,0.047056619077920914
-12.093999862670898,-10.753999710083008,0.6830481886863708,4.553133010864258,0.011553225107491016,0.11339164525270462,0.11720320582389832,0.797096848487854
-12.093999862670898,-9.753999710083008,0.8474636673927307,4.494140625,0.06089266017079353,1.6680572032928467,-0.15500904619693756,0.607877790927887
-12.093999862670898,-9.753999710083008,0.7072749137878418,1.6072819232940674,0.03497416526079178,0.2664390504360199,-0.1882961392402649,0.24999073147773743
-12.093999862670898,-9.753999710083008,0.756931722164154,4.467364311218262,0.025445206090807915,0.43350380659103394,0.016671527177095413,0.14213138818740845
-12.093999862670898,-8.753999710083008,0.9444421529769897,5.44824743270874,0.03182677552103996,1.2084416151046753,-0.0049959574826061726,0.6141507625579834
-12.093999862670898,-8.753999710083008,0.8506510853767395,1.5675041675567627,0.05965179577469826,0.3427479565143585,-0.15872587263584137,0.32891732454299927
-12.093999862670898,-8.753999710083008,0.8801689743995667,4.914834022521973,0.06630069762468338,0.7275775671005249,-0.05153166875243187,0.056931957602500916
-12.093999862670898,-7.754000186920166,0.915367066860199,4.828318119049072,0.04181010276079178,1.0440731048583984,0.28383344411849976,0.5273725986480713
-12.093999862670898,-7.754000186920166,0.9559462666511536,1.8206843137741089,0.054621294140815735,1.248166799545288,-0.2543060779571533,0.4461778700351715
-12.093999862670898,-7.754000186920166,1.1581145524978638,0.4155612885951996,0.1103627011179924,0.50043123960495,-0.04764106497168541,0.02644948847591877
-12.093999862670898,-6.754000186920166,1.0157188177108765,5.894736289978027,0.08203518390655518,2.0694828033447266,0.22141237556934357,0.6173269152641296
-12.093999862670898,-6.754000186920166,0.8914060592651367,3.3455660343170166,0.08467289060354233,2.7686941623687744,-0.10292904824018478,0.3657417595386505
-12.093999862670898,-6.754000186920166,1.0939922332763672,1.238433599472046,0.12682054936885834,0.8603397011756897,-0.1802242547273636,0.0169313196092844
-12.093999862670898,-5.754000186920166,0.9518312811851501,5.7166748046875,0.03776400536298752,0.9640750288963318,0.03221181780099869,0.4287761449813843
-12.093999862670898,-5.754000186920166,0.9859389066696167,2.3977715969085693,0.07310102134943008,0.7251203656196594,-0.19128072261810303,0.49122118949890137
-12.093999862670898,-5.754000186920166,1.1329188346862793,0.6212874054908752,0.16289089620113373,0.664993405342102,-0.19220367074012756,0.08000270277261734
-12.093999862670898,-4.754000186920166,0.9762635827064514,5.2300825119018555,0.054242584854364395,0.8062047958374023,0.10941248387098312,0.7593228220939636
-12.093999862670898,-4.754000186920166,0.9765655994415283,1.722510576248169,0.07049234211444855,0.15856947004795074,0.2272603064775467,0.17731714248657227
-12.093999862670898,-4.754000186920166,1.0552096366882324,0.30005723237991333,0.058127835392951965,0.035108521580696106,0.14267364144325256,0.06336002051830292
-12.093999862670898,-3.753999948501587,1.0529282093048096,5.692637920379639,0.03045925311744213,1.5332316160202026,0.030500220134854317,0.893510103225708
-12.093999862670898,-3.753999948501587,1.0292291641235352,2.575857400894165,0.09378266334533691,0.7996376752853394,0.19735531508922577,0.07070831954479218
-12.093999862670898,-3.753999948501587,1.241470217704773,0.19168171286582947,0.0906851589679718,0.05107938498258591,-0.1709977090358734,0.03578156605362892
-12.093999862670898,-2.753999948501587,1.0555362701416016,5.968479156494141,0.041760608553886414,1.2357405424118042,0.09118696302175522,0.8910189270973206
-12.093999862670898,-2.753999948501587,0.8623723983764648,3.012150526046753,0.03732787445187569,1.2835352420806885,0.4055842459201813,0.053729165345430374
-12.093999862670898,-2.753999948501587,1.0657639503479004,1.906018614768982,0.030592162162065506,0.08238108456134796,-0.34100696444511414,0.05525195226073265
-12.093999862670898,-1.753999948501587,1.0910980701446533,4.960390567779541,0.06742236018180847,1.0762594938278198,-0.10065171867609024,0.5782681703567505
-12.093999862670898,-1.753999948501587,0.9881061911582947,1.6555935144424438,0.03944537043571472,0.5100561380386353,0.0245957113802433,0.3889605402946472
-12.093999862670898,-1.753999948501587,1.1286388635635376,5.973748683929443,0.04387138411402702,0.1919473260641098,-0.07275059819221497,0.0327712781727314
-12.093999862670898,-0.7540000081062317,1.1373867988586426,5.535527229309082,0.1675376296043396,1.0499557256698608,0.2343568652868271,0.5973187685012817
-12.093999862670898,-0.7540000081062317,0.9477654695510864,2.1610031127929688,0.06681811809539795,0.634893000125885,-0.020497646182775497,0.3632936477661133
-12.093999862670898,-0.7540000081062317,0.866966724395752,5.965583801269531,0.0341230109333992,0.25475698709487915,-0.030008606612682343,0.0393875427544117
-12.093999862670898,0.2460000067949295,0.7703975439071655,3.127580165863037,0.03185955807566643,0.49783560633659363,0.1941550374031067,0.8171499371528625
-12.093999862670898,0.2460000067949295,0.8572276830673218,2.480719566345215,0.13323767483234406,0.819108247756958,0.0052888463251292706,0.1693769246339798
-12.093999862670898,0.2460000067949295,1.0314029455184937,5.908251762390137,0.12294038385152817,0.16314131021499634,0.11050747334957123,0.013473089784383774
-12.093999862670898,1.246000051498413,0.9825218915939331,4.6723761558532715,0.11280718445777893,1.217173457145691,0.2118026465177536,0.35839027166366577
-12.093999862670898,1.246000051498413,0.8135020136833191,1.9769909381866455,0.053848303854465485,0.3081509470939636,-0.25100383162498474,0.615136981010437
-12.093999862670898,1.246000051498413,0.9862049221992493,0.1447915881872177,0.08734405785799026,0.2630636990070343,-0.12883229553699493,0.026472635567188263
-12.093999862670898,2.246000051498413,1.0438308715820312,5.6568450927734375,0.07539280503988266,1.4370161294937134,0.024456502869725227,0.5985503196716309
-12.093999862670898,2.246000051498413,1.1956855058670044,2.9830315113067627,0.09012273699045181,0.05404863506555557,0.06979552656412125,0.288272500038147
-12.093999862670898,2.246000051498413,1.282957911491394,6.201467037200928,0.09248813986778259,0.02710690163075924,0.11212846636772156,0.11317719519138336
-12.093999862670898,3.246000051498413,1.0564074516296387,5.724147319793701,0.16522446274757385,1.8508388996124268,0.08747293800115585,0.26868346333503723
-12.093999862670898,3.246000051498413,1.1724190711975098,2.9523887634277344,0.07534492015838623,0.04532737284898758,0.03512881323695183,0.4372689723968506
-12.093999862670898,3.246000051498413,1.2185626029968262,6.20476770401001,0.06789715588092804,0.019393660128116608,0.09645576030015945,0.29404765367507935
-12.093999862670898,4.245999813079834,1.025738000869751,5.1308183670043945,0.11029130965471268,1.8739131689071655,0.10128430277109146,0.3648226857185364
-12.093999862670898,4.245999813079834,1.100774884223938,2.8775899410247803,0.06108121946454048,0.06400516629219055,0.09813086688518524,0.36093786358833313
-12.093999862670898,4.245999813079834,1.2323912382125854,6.179222583770752,0.0698559358716011,0.02161633037030697,0.0032900674268603325,0.2742394208908081
-12.093999862670898,5.245999813079834,1.0062696933746338,5.751598358154297,0.052870769053697586,1.4795457124710083,-0.003159696701914072,0.6834065318107605
-12.093999862670898,5.245999813079834,1.0963184833526611,3.0161852836608887,0.07527494430541992,0.15619587898254395,0.007916683331131935,0.2155546098947525
-12.093999862670898,5.245999813079834,1.1603573560714722,0.028793685138225555,0.07523743063211441,0.048466213047504425,-0.06676115095615387,0.1010388508439064
-12.093999862670898,6.245999813079834,1.054861068725586,4.7998504638671875,0.11115053296089172,1.3304632902145386,0.054460253566503525,0.5255942940711975
-12.093999862670898,6.245999813079834,1.17887282371521,2.8942384719848633,0.12355398386716843,0.18539534509181976,0.108973428606987,0.3761354386806488
-12.093999862670898,6.245999813079834,1.1866865158081055,6.224128246307373,0.09390668570995331,0.09028872102499008,-0.006337300408631563,0.09827026724815369
-12.093999862670898,7.245999813079834,1.0124574899673462,5.23873233795166,0.05129502713680267,1.4405879974365234,0.18191011250019073,0.7578225135803223
-12.093999862670898,7.245999813079834,1.0749192237854004,3.127502918243408,0.1367928385734558,0.47172045707702637,0.09300317615270615,0.20007865130901337
-12.093999862670898,7.245999813079834,1.0774846076965332,6.252376079559326,0.0816546380519867,0.15834274888038635,0.09020671993494034,0.04209886118769646
-12.093999862670898,8.246000289916992,1.0803961753845215,5.585000038146973,0.12146011739969254,1.2598224878311157,0.04264042526483536,0.5805879831314087
-12.093999862670898,8.246000289916992,0.9117692112922668,2.524210214614868,0.11114544421434402,1.302480697631836,-0.013942617923021317,0.36783021688461304
-12.093999862670898,8.246000289916992,0.8694730401039124,5.781627178192139,0.05834019184112549,0.47784224152565,0.09513241797685623,0.05158178508281708
-12.093999862670898,9.246000289916992,1.0810737609863281,5.313409805297852,0.2883642017841339,1.2668622732162476,0.10801428556442261,0.14026165008544922
-12.093999862670898,9.246000289916992,0.7971967458724976,1.449452519416809,0.03769465163350105,0.16618876159191132,-0.08125217258930206,0.4373917281627655
-12.093999862670898,9.246000289916992,0.8218709230422974,5.016878128051758,0.03651509806513786,0.21616369485855103,0.08049297332763672,0.42234668135643005
-12.093999862670898,10.246000289916992,1.1768603324890137,5.697817802429199,0.37351250648498535,1.8615477085113525,0.04690322279930115,0.1395169496536255
-12.093999862670898,10.246000289916992,1.092833161354065,2.105955123901367,0.07729652523994446,0.1207963302731514,0.14294208586215973,0.5772374272346497
-12.093999862670898,10.246000289916992,1.0719035863876343,5.400303840637207,0.09093247354030609,0.2647690773010254,0.06335069984197617,0.28324568271636963
-12.093999862670898,11.246000289916992,1.014129400253296,5.3316497802734375,0.1377166509628296,1.4129960536956787,0.05254536494612694,0.14807170629501343
-12.093999862670898,11.246000289916992,1.0713820457458496,2.1797688007354736,0.07374986261129379,0.06472310423851013,0.036312833428382874,0.634749174118042
-12.093999862670898,11.246000289916992,1.1098648309707642,5.33172607421875,0.079434834420681,0.15230858325958252,0.10282153636217117,0.21717914938926697
-12.093999862670898,12.246000289916992,0.9930936098098755,5.003204822540283,0.14020021259784698,1.7255337238311768,0.10701444000005722,0.33322104811668396
-12.093999862670898,12.246000289916992,1.1151998043060303,2.154364824295044,0.07789905369281769,0.04986918345093727,-0.016890818253159523,0.6019175052642822
-12.093999862670898,12.246000289916992,1.165852665901184,5.369352340698242,0.1001393049955368,0.12730999290943146,0.21429893374443054,0.06486145406961441
-12.093999862670898,13.246000289916992,0.9575729370117188,0.36435583233833313,0.08302782475948334,0.980255126953125,0.12421994656324387,0.17352959513664246
-12.093999862670898,13.246000289916992,0.9984316825866699,2.0312540531158447,0.11939951777458191,0.21979813277721405,0.05274930223822594,0.7821564674377441
-12.093999862670898,13.246000289916992,0.9009737372398376,4.933759689331055,0.12196896225214005,0.3046206533908844,0.16741831600666046,0.04431396350264549
-12.093999862670898,14.246000289916992,1.1927636861801147,0.2719711661338806,0.37368735671043396,1.6948275566101074,0.21002554893493652,0.012784954160451889
-12.093999862670898,14.246000289916992,0.952287495136261,1.5825598239898682,0.04794149473309517,0.26838454604148865,0.061088960617780685,0.9867333769798279
-12.093999862670898,14.246000289916992,1.1116337776184082,1.3742923736572266,0.3364543318748474,0.5964981913566589,-0.09245254099369049,0.0004816437722183764
-12.093999862670898,15.246000289916992,1.2553033828735352,4.727816581726074,0.5586884021759033,1.4090008735656738,0.29950690269470215,0.03485223278403282
-12.093999862670898,15.246000289916992,0.9439423084259033,1.7141999006271362,0.03565290942788124,0.14293105900287628,-0.12626156210899353,0.4207558035850525
-12.093999862670898,15.246000289916992,1.0176790952682495,0.7646819353103638,0.03992553800344467,0.054747238755226135,-0.1880793422460556,0.544391930103302
-12.093999862670898,16.246000289916992,1.028870940208435,4.772727012634277,0.1641729325056076,0.9585580825805664,0.2189227044582367,0.03359348326921463
-12.093999862670898,16.246000289916992,1.0702908039093018,1.2215558290481567,0.05174090713262558,0.2092023342847824,-0.06082988530397415,0.9653529524803162
-12.093999862670898,16.246000289916992,1.201074481010437,0.41391637921333313,0.47045591473579407,0.939400851726532,0.23622390627861023,0.0010535265319049358
-12.093999862670898,17.246000289916992,1.1150567531585693,3.323951482772827,0.3404220938682556,1.5209075212478638,0.14841517806053162,0.00987200066447258
-12.093999862670898,17.246000289916992,1.0708352327346802,1.030992031097412,0.06242853030562401,0.11026930063962936,0.009024931117892265,0.9896349310874939
-12.093999862670898,17.246000289916992,1.170371174812317,1.5283713340759277,0.3067121207714081,0.20246905088424683,0.035415440797805786,0.0004930610884912312
-12.093999862670898,18.246000289916992,0.9761703014373779,2.443666934967041,0.0725671574473381,1.4601658582687378,0.025324402377009392,0.021683957427740097
-12.093999862670898,18.246000289916992,1.2031065225601196,1.4419952630996704,0.08674410730600357,0.08144544810056686,-0.010248955339193344,0.9781773090362549
-12.093999862670898,18.246000289916992,1.3650306463241577,0.7626885771751404,0.5442671775817871,0.1214250847697258,-0.0252706166356802,0.00013875997683499008
-12.093999862670898,19.246000289916992,0.8708337545394897,3.2598013877868652,0.06639640033245087,1.0133558511734009,-0.012937042862176895,0.24741552770137787
-12.093999862670898,19.246000289916992,1.02507483959198,1.7728420495986938,0.18729569017887115,0.13217906653881073,-0.19283224642276764,0.7514309883117676
-12.093999862670898,19.246000289916992,1.163467288017273,5.847810745239258,0.5946270227432251,0.7439353466033936,0.33682548999786377,0.0011534781660884619
-12.093999862670898,20.246000289916992,0.907677412033081,2.0959062576293945,0.11219771951436996,1.1751068830490112,-0.06418272107839584,0.07722363620996475
-12.093999862670898,20.246000289916992,1.0677293539047241,1.8815186023712158,0.11298510432243347,0.08167048543691635,-0.05504456162452698,0.9153821468353271
-12.093999862670898,20.246000289916992,1.217972755432129,6.20479154586792,0.42611250281333923,0.16891984641551971,0.31359830498695374,0.0073942444287240505
-12.093999862670898,21.246000289916992,0.812373161315918,0.9913092851638794,0.13495758175849915,1.4096269607543945,-0.049455128610134125,0.055411405861377716
-12.093999862670898,21.246000289916992,0.9708789587020874,1.9804292917251587,0.055783871561288834,0.06545200943946838,0.10657759755849838,0.9078941941261292
-12.093999862670898,21.246000289916992,1.1908081769943237,0.7801141738891602,0.2896653711795807,0.04696545749902725,0.21019844710826874,0.03669438883662224
-12.093999862670898,22.246000289916992,0.7352427244186401,1.2867974042892456,0.13318638503551483,1.0479966402053833,-0.004948682151734829,0.13256393373012543
-12.093999862670898,22.246000289916992,0.934823215007782,2.1910972595214844,0.05721777677536011,0.04839778319001198,-0.09597719460725784,0.539172351360321
-12.093999862670898,22.246000289916992,1.1578935384750366,0.8715064525604248,0.19300955533981323,0.06221327558159828,0.13612163066864014,0.3282637298107147
-12.093999862670898,23.246000289916992,0.7513888478279114,2.0786919593811035,0.176816925406456,0.8018222451210022,0.07987064868211746,0.07714569568634033
-12.093999862670898,23.246000289916992,0.9196932315826416,2.3921077251434326,0.055615123361349106,0.04168912395834923,-0.24714940786361694,0.1506313532590866
-12.093999862670898,23.246000289916992,1.1265878677368164,0.8687219619750977,0.11042265594005585,0.11738945543766022,0.09450419992208481,0.7722229957580566
-11.093999862670898,-12.753999710083008,0.6491056680679321,5.1200642585754395,0.11109306663274765,1.4208135604858398,0.1273428350687027,0.3068258464336395
-11.093999862670898,-12.753999710083008,0.48349636793136597,4.24813175201416,0.010229622945189476,0.05067180469632149,-0.22599582374095917,0.6896693706512451
-11.093999862670898,-12.753999710083008,0.7984879612922668,0.8394679427146912,0.11065800487995148,1.4475359916687012,0.12092850357294083,0.0035047384444624186
-11.093999862670898,-11.753999710083008,0.8639699816703796,2.1335017681121826,0.25858741998672485,2.145695447921753,0.2104998677968979,0.02118741348385811
-11.093999862670898,-11.753999710083008,0.7857047319412231,4.549587726593018,0.025255052372813225,0.030932264402508736,-0.0008604557951912284,0.724632978439331
-11.093999862670898,-11.753999710083008,0.7939488887786865,5.9112138748168945,0.06101240590214729,0.5495092868804932,0.31119346618652344,0.25417962670326233
-11.093999862670898,-10.753999710083008,0.9463099241256714,5.433349609375,0.08030559867620468,0.7948692440986633,-0.11544425785541534,0.3229122757911682
-11.093999862670898,-10.753999710083008,0.7652674913406372,3.376197576522827,0.10848891735076904,0.6915550827980042,0.08643927425146103,0.02327304519712925
-11.093999862670898,-10.753999710083008,0.7453920841217041,4.964716911315918,0.017570549622178078,0.23243573307991028,-0.005719067994505167,0.6538146734237671
-11.093999862670898,-9.753999710083008,0.74709552526474,4.629915714263916,0.0733984038233757,1.912310242652893,-0.1561674028635025,0.25831952691078186
-11.093999862670898,-9.753999710083008,0.6970731616020203,2.0434863567352295,0.014886085875332355,0.15007361769676208,-0.32866552472114563,0.09539059549570084
-11.093999862670898,-9.753999710083008,0.703985869884491,4.481008529663086,0.009638974443078041,0.3942070007324219,0.05896443501114845,0.6462898254394531
-11.093999862670898,-8.753999710083008,0.7882749438285828,5.25866174697876,0.02640429139137268,1.226987361907959,0.13880309462547302,0.5355299711227417
-11.093999862670898,-8.753999710083008,0.7614951133728027,2.174696445465088,0.08669821172952652,0.9553831219673157,-0.3761863112449646,0.3830370604991913
-11.093999862670898,-8.753999710083008,0.9572710394859314,5.431852340698242,0.13367584347724915,2.011544942855835,-0.1099536344408989,0.08143294602632523
-11.093999862670898,-7.754000186920166,0.9866119623184204,4.497721195220947,0.09392647445201874,0.9314725399017334,0.32705676555633545,0.34441718459129333
-11.093999862670898,-7.754000186920166,0.9291674494743347,2.8750600814819336,0.05295182019472122,1.5772655010223389,-0.30688732862472534,0.497384250164032
-11.093999862670898,-7.754000186920166,1.1181421279907227,1.0008093118667603,0.13810066878795624,0.5859960317611694,-0.0194834116846323,0.15819858014583588
-11.093999862670898,-6.754000186920166,0.7931811213493347,0.02077524922788143,0.05782271921634674,2.2079782485961914,0.05790171027183533,0.5235502123832703
-11.093999862670898,-6.754000186920166,1.0266209840774536,4.172205448150635,0.12588022649288177,0.15752358734607697,0.1240980327129364,0.37266889214515686
-11.093999862670898,-6.754000186920166,1.1423406600952148,1.1152831315994263,0.11541574448347092,0.23330095410346985,-0.29592594504356384,0.10378095507621765
-11.093999862670898,-5.754000186920166,0.930219292640686,5.547981262207031,0.03838116675615311,0.6353909969329834,-0.01845732145011425,0.3574860095977783
-11.093999862670898,-5.754000186920166,0.8497171998023987,2.6306209564208984,0.046437397599220276,3.0140156745910645,-0.21309947967529297,0.4850156307220459
-11.093999862670898,-5.754000186920166,1.103141188621521,1.3185690641403198,0.1953078657388687,1.6622529029846191,-0.2244700938463211,0.15749838948249817
-11.093999862670898,-4.754000186920166,0.9948395490646362,5.283651828765869,0.04106960445642471,0.8120375871658325,0.14332173764705658,0.3569503426551819
-11.093999862670898,-4.754000186920166,0.9768778085708618,1.4165971279144287,0.15321004390716553,0.4934629201889038,0.10719476640224457,0.6207464337348938
-11.093999862670898,-4.754000186920166,0.9606192111968994,5.608504772186279,0.06606879830360413,0.2439844310283661,0.15696808695793152,0.022303245961666107
-11.093999862670898,-3.753999948501587,0.9811376333236694,5.898333549499512,0.012277320958673954,1.138594627380371,-0.07370501011610031,0.9361018538475037
-11.093999862670898,-3.753999948501587,1.2683106660842896,3.154597043991089,0.40502724051475525,1.2130770683288574,0.13595297932624817,0.04154206067323685
-11.093999862670898,-3.753999948501587,1.224756121635437,0.3082437515258789,0.1338086873292923,0.03724605217576027,0.0012537071015685797,0.022356104105710983
-11.093999862670898,-2.753999948501587,1.0723564624786377,0.09304776787757874,0.05117099732160568,1.0836137533187866,0.07725078612565994,0.9210594892501831
-11.093999862670898,-2.753999948501587,0.9189773797988892,3.132028341293335,0.08515695482492447,0.4626157581806183,0.314775288105011,0.05778913199901581
-11.093999862670898,-2.753999948501587,0.9729324579238892,0.521001398563385,0.07694261521100998,0.07323820888996124,-0.21329639852046967,0.021151380613446236
-11.093999862670898,-1.753999948501587,1.0896251201629639,5.120981216430664,0.04326224327087402,1.2450238466262817,-0.22637036442756653,0.49943962693214417
-11.093999862670898,-1.753999948501587,1.0222597122192383,1.575963020324707,0.046578194946050644,0.1774686574935913,-0.19408942759037018,0.4519357681274414
-11.093999862670898,-1.753999948501587,1.064923644065857,5.324278354644775,0.039991263300180435,0.4362938702106476,-0.09879954159259796,0.04862457886338234
-11.093999862670898,-0.7540000081062317,1.1700150966644287,5.059441566467285,0.2031402289867401,1.6883518695831299,0.14596709609031677,0.5320935845375061
-11.093999862670898,-0.7540000081062317,1.0523005723953247,2.6756508350372314,0.1787882149219513,0.36586347222328186,-0.02474743127822876,0.2966073155403137
-11.093999862670898,-0.7540000081062317,1.0092508792877197,0.1131785586476326,0.09215735644102097,0.1403934210538864,0.074801504611969,0.1712990254163742
-11.093999862670898,0.2460000067949295,0.9304396510124207,3.0087063312530518,0.14648622274398804,1.2369780540466309,0.2521182894706726,0.4454764127731323
-11.093999862670898,0.2460000067949295,0.8574550151824951,3.0721991062164307,0.07997307181358337,0.3195066750049591,-0.3061951994895935,0.5403398275375366
-11.093999862670898,0.2460000067949295,0.931734561920166,5.708959102630615,0.07397826761007309,0.39014390110969543,0.1649530827999115,0.014183761551976204
-11.093999862670898,1.246000051498413,1.0311837196350098,0.04627232998609543,0.314145565032959,1.9485093355178833,0.1413348764181137,0.08883123844861984
-11.093999862670898,1.246000051498413,0.6261691451072693,3.127993106842041,0.027063390240073204,0.37883460521698,-0.350717693567276,0.88727205991745
-11.093999862670898,1.246000051498413,0.777489960193634,5.593929767608643,0.04352287948131561,0.39464330673217773,0.1835567206144333,0.023896800354123116
-11.093999862670898,2.246000051498413,1.0356884002685547,5.996835708618164,0.11246304959058762,1.6292827129364014,0.040712740272283554,0.46795719861984253
-11.093999862670898,2.246000051498413,1.1207412481307983,2.996262788772583,0.08569304645061493,0.06776770949363708,0.008717624470591545,0.4186069667339325
-11.093999862670898,2.246000051498413,1.2087489366531372,6.189069747924805,0.08136554807424545,0.0331101268529892,0.09156757593154907,0.11343583464622498
-11.093999862670898,3.246000051498413,1.1418495178222656,5.929815769195557,0.33913639187812805,1.8179383277893066,0.040704552084207535,0.25050678849220276
-11.093999862670898,3.246000051498413,1.2191507816314697,3.078023910522461,0.08496850728988647,0.04921184107661247,-0.0893111601471901,0.5045018196105957
-11.093999862670898,3.246000051498413,1.1509926319122314,6.233894348144531,0.05626306310296059,0.03096155636012554,-0.0300857275724411,0.24499131739139557
-11.093999862670898,4.245999813079834,1.029097318649292,5.118551731109619,0.08734086900949478,2.0314278602600098,0.07053010910749435,0.2809220254421234
-11.093999862670898,4.245999813079834,1.1350337266921997,2.8795652389526367,0.05595981329679489,0.07227185368537903,0.10941003262996674,0.46049171686172485
-11.093999862670898,4.245999813079834,1.3278852701187134,6.19736385345459,0.07683753967285156,0.024671560153365135,-0.0533142015337944,0.2585863471031189
-11.093999862670898,5.245999813079834,1.072038173675537,5.2394914627075195,0.08575763553380966,1.5119473934173584,0.06727981567382812,0.4651585519313812
-11.093999862670898,5.245999813079834,1.1252319812774658,3.0020360946655273,0.06945163011550903,0.1370142102241516,0.16042058169841766,0.3603215217590332
-11.093999862670898,5.245999813079834,1.1590193510055542,6.177524566650391,0.07207632064819336,0.0545622818171978,0.03925633057951927,0.174519881606102
-11.093999862670898,6.245999813079834,0.9591209888458252,4.69857120513916,0.0638033077120781,1.2276588678359985,0.1285863220691681,0.7083510160446167
-11.093999862670898,6.245999813079834,1.1260826587677002,2.9885966777801514,0.11547483503818512,0.19808588922023773,0.07061832398176193,0.24238693714141846
-11.093999862670898,6.245999813079834,1.3106086254119873,6.16731595993042,0.126506969332695,0.06589177995920181,0.12304815649986267,0.04926207289099693
-11.093999862670898,7.245999813079834,0.9971520304679871,4.946056842803955,0.04529372230172157,1.065609097480774,0.19768358767032623,0.5902565717697144
-11.093999862670898,7.245999813079834,0.9449795484542847,2.723135232925415,0.11827315390110016,1.0593568086624146,0.178616464138031,0.32390210032463074
-11.093999862670898,7.245999813079834,1.0353529453277588,0.015721537172794342,0.07989247143268585,0.142667755484581,0.17863301932811737,0.0858413353562355
-11.093999862670898,8.246000289916992,1.0432666540145874,4.902026176452637,0.06576307117938995,1.3638888597488403,0.12812286615371704,0.31448712944984436
-11.093999862670898,8.246000289916992,0.9424212574958801,2.4761269092559814,0.11307033896446228,3.1952927112579346,-0.042057182639837265,0.633472740650177
-11.093999862670898,8.246000289916992,0.9605407118797302,5.573526859283447,0.08812054991722107,1.506883978843689,0.055671755224466324,0.052040133625268936
-11.093999862670898,9.246000289916992,1.2298504114151,5.826663970947266,0.10538680851459503,0.9825131297111511,0.048035651445388794,0.41776978969573975
-11.093999862670898,9.246000289916992,1.0840888023376465,1.7629921436309814,0.10282716900110245,0.4365233778953552,0.02665865421295166,0.4991956055164337
-11.093999862670898,9.246000289916992,0.9980782270431519,4.793112277984619,0.06624839454889297,0.5468013286590576,0.11018694192171097,0.08303463459014893
-11.093999862670898,10.246000289916992,1.1765289306640625,1.3549317121505737,0.1696786731481552,1.1255086660385132,-0.09017530828714371,0.2436547428369522
-11.093999862670898,10.246000289916992,1.1749145984649658,2.290595531463623,0.07826456427574158,0.05097601190209389,0.2907553017139435,0.4346669018268585
-11.093999862670898,10.246000289916992,1.0975226163864136,5.160709381103516,0.10734886676073074,0.3629254996776581,0.07666058093309402,0.3216783404350281
-11.093999862670898,11.246000289916992,1.0458290576934814,0.4274648129940033,0.1328670084476471,1.1755551099777222,0.02336055412888527,0.12848062813282013
-11.093999862670898,11.246000289916992,1.129999041557312,2.077932357788086,0.08172177523374557,0.07525118440389633,0.10767591744661331,0.5967311859130859
-11.093999862670898,11.246000289916992,1.165885329246521,5.145049095153809,0.08564464002847672,0.1922549456357956,0.1807982623577118,0.2747882604598999
-11.093999862670898,12.246000289916992,1.1986172199249268,4.978245735168457,0.3785899579524994,1.925471544265747,0.07807933539152145,0.11159806698560715
-11.093999862670898,12.246000289916992,1.1322269439697266,1.9999581575393677,0.0840023010969162,0.05912090092897415,0.042135827243328094,0.6327099800109863
-11.093999862670898,12.246000289916992,0.9749876856803894,4.800313949584961,0.054611995816230774,0.2593308985233307,0.20077396929264069,0.2556919455528259
-11.093999862670898,13.246000289916992,1.0565381050109863,1.1949700117111206,0.0864793211221695,0.8612841963768005,-0.016794532537460327,0.060720428824424744
-11.093999862670898,13.246000289916992,1.0837370157241821,1.7430059909820557,0.09628037363290787,0.16163522005081177,0.33919572830200195,0.9301902055740356
-11.093999862670898,13.246000289916992,0.9282853007316589,5.026059150695801,0.16400228440761566,0.721070408821106,0.06740446388721466,0.009089331142604351
-11.093999862670898,14.246000289916992,1.0879347324371338,4.648404121398926,0.3512372076511383,1.1654638051986694,0.4307171702384949,0.008102198131382465
-11.093999862670898,14.246000289916992,0.8865023255348206,1.8130242824554443,0.024741316214203835,0.176656112074852,-0.19057154655456543,0.8355556130409241
-11.093999862670898,14.246000289916992,0.9327885508537292,0.5056567192077637,0.06653892993927002,0.27759525179862976,-0.02426031604409218,0.15634223818778992
-11.093999862670898,15.246000289916992,1.2118871212005615,4.83317756652832,0.820144772529602,1.0453547239303589,0.36497271060943604,0.017460592091083527
-11.093999862670898,15.246000289916992,0.9196791052818298,1.4355462789535522,0.030056700110435486,0.2541419565677643,-0.3539055287837982,0.9567081928253174
-11.093999862670898,15.246000289916992,1.1002415418624878,1.2638638019561768,0.15451613068580627,0.3339024484157562,-0.06959274411201477,0.025831229984760284
-11.093999862670898,16.246000289916992,1.0632030963897705,0.5147233009338379,0.3440244793891907,0.9939244389533997,0.18430475890636444,0.14360451698303223
-11.093999862670898,16.246000289916992,0.9996159076690674,1.2119060754776,0.05069423094391823,0.09376513212919235,-0.2931720018386841,0.8560193777084351
-11.093999862670898,16.246000289916992,1.256324291229248,0.7941896915435791,0.6967523097991943,1.008461594581604,0.16790629923343658,0.00037610254366882145
-11.093999862670898,17.246000289916992,1.4950765371322632,4.513434410095215,4.031765460968018,1.1617926359176636,0.2772124111652374,0.0016215116484090686
-11.093999862670898,17.246000289916992,1.1159052848815918,1.2169667482376099,0.028567509725689888,0.17581051588058472,-0.2903478443622589,0.9552050828933716
-11.093999862670898,17.246000289916992,1.4115878343582153,1.3209903240203857,0.24513299763202667,0.09652894735336304,-0.2543920874595642,0.04317343980073929
-11.093999862670898,18.246000289916992,1.116607666015625,0.666644275188446,0.12898105382919312,1.8081306219100952,-0.04282088205218315,0.02585594356060028
-11.093999862670898,18.246000289916992,1.076039433479309,1.5322182178497314,0.08214165270328522,0.17019888758659363,0.1464853733778,0.973171055316925
-11.093999862670898,18.246000289916992,1.3759313821792603,0.7731627225875854,0.3138406276702881,0.07251464575529099,-0.09399934858083725,0.0009730127057991922
-11.093999862670898,19.246000289916992,0.9412820935249329,2.4330368041992188,0.12013814598321915,1.8871185779571533,0.18312203884124756,0.010457346215844154
-11.093999862670898,19.246000289916992,1.1669628620147705,1.3781689405441284,0.10784630477428436,0.059730324894189835,-0.05079030245542526,0.9895337224006653
-11.093999862670898,19.246000289916992,1.1622246503829956,0.2152666449546814,0.3645147681236267,0.49422305822372437,0.06450268626213074,8.917734703572933e-06
-11.093999862670898,20.246000289916992,0.809564471244812,2.5840141773223877,0.06526816636323929,1.7077313661575317,0.06350106745958328,0.015546904876828194
-11.093999862670898,20.246000289916992,1.0987608432769775,1.5764702558517456,0.09746602922677994,0.057328805327415466,-0.1671781837940216,0.9844372272491455
-11.093999862670898,20.246000289916992,1.185400128364563,5.810675621032715,0.653597354888916,0.8929272890090942,0.10936015099287033,1.5797642845427617e-05
-11.093999862670898,21.246000289916992,0.7738156318664551,1.3447024822235107,0.050286535173654556,1.7034834623336792,-0.1134411096572876,0.06675545871257782
-11.093999862670898,21.246000289916992,1.011112093925476,1.6337511539459229,0.09837979078292847,0.0667574554681778,-0.16832126677036285,0.9315391778945923
-11.093999862670898,21.246000289916992,1.1166183948516846,5.677481174468994,0.5163191556930542,0.47692641615867615,0.02699483558535576,0.0017054007621482015
-11.093999862670898,22.246000289916992,0.7613468170166016,0.14405648410320282,0.0604487881064415,1.5881736278533936,-0.31458261609077454,0.033987171947956085
-11.093999862670898,22.246000289916992,1.0115702152252197,1.3951051235198975,0.08699595928192139,0.06739465892314911,-0.07244857400655746,0.9627944827079773
-11.093999862670898,22.246000289916992,1.1312965154647827,5.916151523590088,0.5735728740692139,0.5156742334365845,-0.1404133141040802,0.003218431491404772
-11.093999862670898,23.246000289916992,0.8365458846092224,5.8018364906311035,0.10425543785095215,1.637480616569519,-0.40136221051216125,0.0100008649751544
-11.093999862670898,23.246000289916992,1.1044822931289673,1.2942112684249878,0.09512124210596085,0.07915416359901428,-0.026691261678934097,0.9868890047073364
-11.093999862670898,23.246000289916992,1.1341127157211304,5.812007904052734,0.5402578115463257,0.5473349690437317,-0.2895810008049011,0.0031101496424525976
-10.093999862670898,-11.753999710083008,0.8790817856788635,1.3382753133773804,0.10951424390077591,1.365240216255188,0.18672756850719452,0.31510448455810547
-10.093999862670898,-11.753999710083008,0.768606960773468,4.409157752990723,0.03314831107854843,0.18697527050971985,0.022807633504271507,0.5845906734466553
-10.093999862670898,-11.753999710083008,0.9169286489486694,0.1379575878381729,0.08723652362823486,0.7034246921539307,0.057800423353910446,0.10030482709407806
-10.093999862670898,-10.753999710083008,0.7005642056465149,5.838865280151367,0.11014155298471451,1.5690505504608154,-0.07456277310848236,0.3718532621860504
-10.093999862670898,-10.753999710083008,0.6241732239723206,2.063570022583008,0.03962239995598793,0.19473566114902496,0.016459617763757706,0.3137425482273102
-10.093999862670898,-10.753999710083008,0.6991437673568726,4.474900245666504,0.027927987277507782,0.6452450752258301,0.09602159261703491,0.3144042491912842
-10.093999862670898,-9.753999710083008,0.6916964054107666,4.334385395050049,0.056277740746736526,0.9589574933052063,-0.10887698829174042,0.42073366045951843
-10.093999862670898,-9.753999710083008,0.6194313764572144,1.6723746061325073,0.0279926098883152,0.3016325533390045,-0.23834234476089478,0.21597275137901306
-10.093999862670898,-9.753999710083008,0.6761859655380249,4.936997413635254,0.018160900101065636,0.9747492074966431,-0.01745779812335968,0.3632936477661133
-10.093999862670898,-8.753999710083008,0.8799045085906982,4.768826484680176,0.034316107630729675,1.2799921035766602,0.11434338241815567,0.7115765810012817
-10.093999862670898,-8.753999710083008,0.8121264576911926,1.7099230289459229,0.04450834169983864,0.4099060595035553,-0.010048332624137402,0.2749407887458801
-10.093999862670898,-8.753999710083008,0.9072341322898865,4.983509540557861,0.06290154159069061,0.733244776725769,0.10305550694465637,0.013482625596225262
-10.093999862670898,-7.754000186920166,0.826941728591919,4.965684413909912,0.058116499334573746,1.8322123289108276,0.1937827318906784,0.4977911412715912
-10.093999862670898,-7.754000186920166,0.884484589099884,3.715606927871704,0.07740382105112076,1.2700879573822021,-0.13201658427715302,0.4057314991950989
-10.093999862670898,-7.754000186920166,1.0461692810058594,0.9482283592224121,0.07827305793762207,0.1403445303440094,-0.24743835628032684,0.09647741168737411
-10.093999862670898,-6.754000186920166,0.8433407545089722,6.129015922546387,0.046388983726501465,1.7942339181900024,0.1631922721862793,0.6178414225578308
-10.093999862670898,-6.754000186920166,0.876099169254303,4.097622871398926,0.08802840858697891,0.2650633454322815,0.1936216801404953,0.2740943729877472
-10.093999862670898,-6.754000186920166,0.985740602016449,1.1382784843444824,0.07179128378629684,0.21775799989700317,-0.18043330311775208,0.10806415975093842
-10.093999862670898,-5.754000186920166,0.9040780663490295,5.720513343811035,0.03459065407514572,1.4719103574752808,0.057703856378793716,0.3387468159198761
-10.093999862670898,-5.754000186920166,0.9655499458312988,3.488417148590088,0.07931350916624069,0.7379159331321716,0.03764504939317703,0.5892191529273987
-10.093999862670898,-5.754000186920166,1.0601811408996582,1.1403330564498901,0.17367799580097198,0.6648663282394409,-0.25977426767349243,0.07203404605388641
-10.093999862670898,-4.754000186920166,1.0103545188903809,4.568467617034912,0.035851046442985535,1.4996730089187622,0.14047406613826752,0.6202473640441895
-10.093999862670898,-4.754000186920166,1.0092356204986572,2.615032434463501,0.06616173684597015,0.5157973766326904,0.07246384024620056,0.2989106774330139
-10.093999862670898,-4.754000186920166,1.0636540651321411,0.32306337356567383,0.04201110452413559,0.10236288607120514,-0.09520075470209122,0.08084198832511902
-10.093999862670898,-3.753999948501587,1.0906245708465576,5.54583740234375,0.0735074132680893,1.4832319021224976,0.07473134994506836,0.7753142714500427
-10.093999862670898,-3.753999948501587,0.9803608655929565,3.3420183658599854,0.1292884200811386,1.110615849494934,0.08133314549922943,0.1518508940935135
-10.093999862670898,-3.753999948501587,1.2122527360916138,0.3477816879749298,0.10628505796194077,0.03306065499782562,-0.07274852693080902,0.07283490151166916
-10.093999862670898,-2.753999948501587,0.9836565256118774,5.429599761962891,0.043494537472724915,1.4227432012557983,0.17228685319423676,0.8569074273109436
-10.093999862670898,-2.753999948501587,0.9731003046035767,3.5300042629241943,0.08492662012577057,0.6897376775741577,0.07379679381847382,0.08556459099054337
-10.093999862670898,-2.753999948501587,1.2390722036361694,0.25710511207580566,0.09922247380018234,0.02103988640010357,-0.027688097208738327,0.05752792954444885
-10.093999862670898,-1.753999948501587,1.014951467514038,5.055816650390625,0.03637878969311714,0.6898974180221558,-0.05246957018971443,0.6570402383804321
-10.093999862670898,-1.753999948501587,0.9921990633010864,2.317822217941284,0.10845966637134552,0.6688115000724792,0.09283573925495148,0.2956031560897827
-10.093999862670898,-1.753999948501587,1.0644842386245728,5.9996137619018555,0.07010951638221741,0.1674288958311081,-0.0541529655456543,0.04735667258501053
-10.093999862670898,-0.7540000081062317,1.0843149423599243,5.049604892730713,0.06168472766876221,1.4120045900344849,0.07766629755496979,0.8052796125411987
-10.093999862670898,-0.7540000081062317,1.2333118915557861,2.6597940921783447,0.1763634830713272,0.3918585777282715,0.1840578019618988,0.17204415798187256
-10.093999862670898,-0.7540000081062317,1.057997703552246,6.116511821746826,0.07049278914928436,0.10761354863643646,-0.028350889682769775,0.02267628349363804
-10.093999862670898,0.2460000067949295,0.9961552023887634,4.687078475952148,0.1145733967423439,1.3362640142440796,-0.07248169183731079,0.4377605617046356
-10.093999862670898,0.2460000067949295,0.7484298348426819,1.4489575624465942,0.06492256373167038,1.7899130582809448,0.008240552619099617,0.12759482860565186
-10.093999862670898,0.2460000067949295,0.7304813265800476,0.02402947098016739,0.01295347511768341,0.24814359843730927,-0.045624859631061554,0.43464455008506775
-10.093999862670898,1.246000051498413,1.138559341430664,0.18720822036266327,0.42487579584121704,1.2050204277038574,-0.028022779151797295,0.3067803978919983
-10.093999862670898,1.246000051498413,0.754550576210022,2.8367748260498047,0.050851382315158844,0.8887186050415039,-0.007633311673998833,0.3867843449115753
-10.093999862670898,1.246000051498413,0.6656812429428101,6.181735992431641,0.018226763233542442,0.20793816447257996,0.027081813663244247,0.3064352571964264
-10.093999862670898,2.246000051498413,1.026242971420288,5.155024528503418,0.10515028983354568,2.3021039962768555,0.11030454188585281,0.37611398100852966
-10.093999862670898,2.246000051498413,1.171409010887146,3.0859792232513428,0.09230424463748932,0.05448542907834053,-0.057539522647857666,0.4834701716899872
-10.093999862670898,2.246000051498413,1.26716148853302,6.262600898742676,0.08870499581098557,0.02407485619187355,0.09454778581857681,0.14041586220264435
-10.093999862670898,3.246000051498413,1.0128693580627441,4.453266143798828,0.18909692764282227,2.0145764350891113,0.0417805016040802,0.17193469405174255
-10.093999862670898,3.246000051498413,1.2425589561462402,2.9451889991760254,0.095904141664505,0.04558638483285904,-0.06034914776682854,0.544770359992981
-10.093999862670898,3.246000051498413,1.2234591245651245,6.1799845695495605,0.07378663867712021,0.028453515842556953,-0.014654545113444328,0.2832949161529541
-10.093999862670898,4.245999813079834,1.0081052780151367,4.811192989349365,0.10456585884094238,1.6872607469558716,0.04674530774354935,0.4661644995212555
-10.093999862670898,4.245999813079834,1.1494026184082031,2.931309223175049,0.07333915680646896,0.07122572511434555,0.053661804646253586,0.3866967558860779
-10.093999862670898,4.245999813079834,1.204805850982666,6.195549488067627,0.07505695521831512,0.03481202572584152,-0.018400093540549278,0.14713867008686066
-10.093999862670898,5.245999813079834,1.0662357807159424,5.520395278930664,0.13290637731552124,1.5108215808868408,0.06631731241941452,0.48841536045074463
-10.093999862670898,5.245999813079834,1.0951135158538818,3.0151095390319824,0.08377940952777863,0.16560210287570953,0.10760669410228729,0.3431343138217926
-10.093999862670898,5.245999813079834,1.083451747894287,6.152026176452637,0.06835970282554626,0.05738876014947891,0.03461714833974838,0.16845035552978516
-10.093999862670898,6.245999813079834,1.0593698024749756,5.005239486694336,0.10340910404920578,1.366747498512268,0.08433641493320465,0.5119695067405701
-10.093999862670898,6.245999813079834,1.1807342767715454,2.9710683822631836,0.12151022255420685,0.18520624935626984,0.06732050329446793,0.40430957078933716
-10.093999862670898,6.245999813079834,1.086681842803955,6.197587490081787,0.07914663851261139,0.14214254915714264,0.006474121008068323,0.08372092247009277
-10.093999862670898,7.245999813079834,1.0105180740356445,4.232841491699219,0.06418856233358383,0.7099838256835938,0.2901187837123871,0.5185525417327881
-10.093999862670898,7.245999813079834,0.9529752731323242,2.4394259452819824,0.07523220777511597,1.4286224842071533,-0.02644496224820614,0.3338996171951294
-10.093999862670898,7.245999813079834,0.919080913066864,6.0817790031433105,0.052650872617959976,0.18685445189476013,0.09904710948467255,0.14754782617092133
-10.093999862670898,8.246000289916992,1.030797004699707,5.1747870445251465,0.06762774288654327,1.5293186902999878,0.06414508074522018,0.4459846317768097
-10.093999862670898,8.246000289916992,0.988305926322937,2.3853976726531982,0.10725609958171844,0.31166577339172363,0.0009566913940943778,0.34259912371635437
-10.093999862670898,8.246000289916992,0.9245625138282776,5.356992721557617,0.05524744838476181,0.2636696696281433,0.04914471134543419,0.21141619980335236
-10.093999862670898,9.246000289916992,1.0623767375946045,5.76171350479126,0.09943210333585739,1.573880910873413,-0.06452815234661102,0.3921787738800049
-10.093999862670898,9.246000289916992,1.173933744430542,2.392984390258789,0.07513102144002914,0.02930467203259468,0.06654863804578781,0.5006501078605652
-10.093999862670898,9.246000289916992,1.1364479064941406,5.469629287719727,0.07821311801671982,0.09231150895357132,0.0821111798286438,0.10717113316059113
-10.093999862670898,10.246000289916992,1.0581538677215576,0.8855541348457336,0.11520347744226456,1.8423130512237549,-0.08208059519529343,0.3068266808986664
-10.093999862670898,10.246000289916992,1.1845940351486206,2.260873794555664,0.06098137050867081,0.03339402377605438,0.1779385209083557,0.4779525399208069
-10.093999862670898,10.246000289916992,1.1908785104751587,5.166045665740967,0.08434557914733887,0.09237129986286163,0.17556801438331604,0.21522070467472076
-10.093999862670898,11.246000289916992,1.0817762613296509,5.181380748748779,0.12537816166877747,1.4403785467147827,0.018634174019098282,0.13373509049415588
-10.093999862670898,11.246000289916992,1.2127825021743774,2.0996313095092773,0.08936495333909988,0.04668706655502319,0.1549268662929535,0.48943760991096497
-10.093999862670898,11.246000289916992,1.1697415113449097,4.9384613037109375,0.07421863824129105,0.09966365247964859,0.18055599927902222,0.37682732939720154
-10.093999862670898,12.246000289916992,1.1531099081039429,5.8211870193481445,0.21816875040531158,1.3076432943344116,0.07015660405158997,0.04748035967350006
-10.093999862670898,12.246000289916992,1.15751051902771,1.772693395614624,0.09545572847127914,0.035790957510471344,0.06426970660686493,0.5534689426422119
-10.093999862670898,12.246000289916992,1.019808053970337,4.63306999206543,0.04498758539557457,0.10757361352443695,0.19997704029083252,0.39905065298080444
-10.093999862670898,13.246000289916992,0.904750406742096,0.3364426791667938,0.11719150096178055,1.1350154876708984,-0.11287197470664978,0.13786810636520386
-10.093999862670898,13.246000289916992,1.117191195487976,1.635160207748413,0.0643300786614418,0.028189972043037415,0.16049063205718994,0.8334163427352905
-10.093999862670898,13.246000289916992,1.2390217781066895,6.212389945983887,0.3014015257358551,0.15904122591018677,0.0685727596282959,0.028715504333376884
-10.093999862670898,14.246000289916992,1.177741527557373,0.8440073728561401,0.43554359674453735,1.078086018562317,0.31057751178741455,0.056115344166755676
-10.093999862670898,14.246000289916992,0.89113849401474,1.556370735168457,0.026143180206418037,0.05621283873915672,0.07208433002233505,0.8990375399589539
-10.093999862670898,14.246000289916992,1.0264155864715576,1.5850859880447388,0.10190290957689285,0.08548050373792648,-0.04140985384583473,0.044847119599580765
-10.093999862670898,15.246000289916992,1.049964189529419,0.33187615871429443,0.3409089148044586,1.1199007034301758,0.08816687017679214,0.04188895598053932
-10.093999862670898,15.246000289916992,0.9432787895202637,1.5077717304229736,0.028468377888202667,0.032017551362514496,-0.17791107296943665,0.8513554334640503
-10.093999862670898,15.246000289916992,1.105499267578125,1.1375007629394531,0.14942984282970428,0.12431369721889496,-0.1212119311094284,0.1067555621266365
-10.093999862670898,16.246000289916992,1.074129581451416,0.004062658175826073,0.14683972299098969,1.2462778091430664,0.20529885590076447,0.08466147631406784
-10.093999862670898,16.246000289916992,1.0918662548065186,1.283212423324585,0.055716268718242645,0.058871570974588394,-0.18172524869441986,0.9148304462432861
-10.093999862670898,16.246000289916992,1.2101950645446777,0.6637211441993713,0.4013062119483948,0.5256134867668152,0.10985174030065536,0.0005081312847323716
-10.093999862670898,17.246000289916992,0.9805610775947571,0.03731507807970047,0.20994140207767487,0.949705183506012,0.29543301463127136,0.04588647186756134
-10.093999862670898,17.246000289916992,1.075679898262024,1.0606085062026978,0.06576865166425705,0.1174265444278717,-0.25838255882263184,0.9477717280387878
-10.093999862670898,17.246000289916992,1.1118558645248413,0.23192951083183289,0.2655774652957916,0.24802802503108978,0.04950157180428505,0.006341828498989344
-10.093999862670898,18.246000289916992,0.9600706696510315,2.576904296875,0.10127979516983032,0.9908688068389893,0.13300499320030212,0.044312600046396255
-10.093999862670898,18.246000289916992,1.0730193853378296,1.1957005262374878,0.1295345425605774,0.15704850852489471,-0.3007630407810211,0.9555807709693909
-10.093999862670898,18.246000289916992,1.1262425184249878,0.026142723858356476,0.6380407810211182,0.7453637719154358,0.15859563648700714,0.00010660658881533891
-10.093999862670898,19.246000289916992,0.7637494206428528,1.1933923959732056,0.07339835166931152,1.3059083223342896,0.06135551631450653,0.023868372663855553
-10.093999862670898,19.246000289916992,0.9922589063644409,1.2662627696990967,0.0795435979962349,0.10380962491035461,0.019028062000870705,0.9754810333251953
-10.093999862670898,19.246000289916992,1.2142307758331299,0.4738079607486725,0.552925705909729,0.22023673355579376,0.1606871485710144,0.0006506230565719306
-10.093999862670898,20.246000289916992,0.781747043132782,4.866287708282471,0.08310985565185547,0.875143826007843,-0.12265262752771378,0.08296602964401245
-10.093999862670898,20.246000289916992,1.0286345481872559,1.532940149307251,0.11684055626392365,0.0723622515797615,-0.05592277646064758,0.8944406509399414
-10.093999862670898,20.246000289916992,1.1953457593917847,0.0327325239777565,0.7843811511993408,0.3024844527244568,0.25270217657089233,0.022593345493078232
-10.093999862670898,21.246000289916992,1.055688500404358,2.075639247894287,0.8800321221351624,1.2230260372161865,-0.12945422530174255,0.0010005381191149354
-10.093999862670898,21.246000289916992,1.0405149459838867,1.5083048343658447,0.07900698482990265,0.06261003762483597,-0.032621122896671295,0.9740821123123169
-10.093999862670898,21.246000289916992,1.1057683229446411,6.129458427429199,0.5419085621833801,0.41941794753074646,0.06559804826974869,0.02491736225783825
-10.093999862670898,22.246000289916992,1.2981021404266357,1.139127254486084,6.02812385559082,2.692304849624634,-0.11446809023618698,4.8534446250414476e-05
-10.093999862670898,22.246000289916992,0.987410843372345,1.7029261589050293,0.0646045133471489,0.08589567244052887,-0.015884187072515488,0.9899706244468689
-10.093999862670898,22.246000289916992,1.013527512550354,5.781583786010742,0.20887549221515656,0.2635171115398407,-0.21871808171272278,0.009980938397347927
-10.093999862670898,23.246000289916992,1.4160915613174438,5.308539867401123,19.240903854370117,3.790458917617798,-0.1040051057934761,7.4558020060067065e-06
-10.093999862670898,23.246000289916992,0.9852764010429382,1.8158950805664062,0.05530034378170967,0.10434513539075851,-0.07100510597229004,0.9938340187072754
-10.093999862670898,23.246000289916992,1.0200742483139038,5.4981889724731445,0.1534416675567627,0.227898508310318,-0.36911848187446594,0.006158585660159588
-9.093999862670898,-11.753999710083008,0.8399363160133362,3.341975688934326,0.0683898776769638,0.7276373505592346,0.01366457436233759,0.1459539234638214
-9.093999862670898,-11.753999710083008,0.7848962545394897,3.8258895874023438,0.05986027047038078,1.917942762374878,-0.056615155190229416,0.4694637954235077
-9.093999862670898,-11.753999710083008,1.0077012777328491,0.6840434074401855,0.10103892534971237,0.3720342218875885,-0.10449325293302536,0.3845822513103485
-9.093999862670898,-10.753999710083008,0.677276611328125,4.589734077453613,0.12480488419532776,1.0362548828125,0.010764013044536114,0.09615377336740494
-9.093999862670898,-10.753999710083008,0.5647377967834473,1.796537160873413,0.03178338706493378,1.01212477684021,-0.13368937373161316,0.07119584828615189
-9.093999862670898,-10.753999710083008,0.659500777721405,4.409402847290039,0.015369266271591187,0.7490915060043335,0.08103568106889725,0.8326504230499268
-9.093999862670898,-9.753999710083008,0.7187520265579224,4.68634033203125,0.09151090681552887,1.043391227722168,0.11429110914468765,0.18114925920963287
-9.093999862670898,-9.753999710083008,0.627191960811615,1.453487515449524,0.029464291408658028,0.5842161774635315,-0.014899740926921368,0.16257703304290771
-9.093999862670898,-9.753999710083008,0.6666050553321838,5.26092529296875,0.016708584502339363,0.6762329339981079,-0.060390740633010864,0.6562737226486206
-9.093999862670898,-8.753999710083008,0.9630897045135498,4.511664867401123,0.11860658973455429,0.9329898953437805,0.032525625079870224,0.2986294627189636
-9.093999862670898,-8.753999710083008,0.8019193410873413,1.27239990234375,0.03617842495441437,0.4700428545475006,0.06140303984284401,0.40503817796707153
-9.093999862670898,-8.753999710083008,0.8382659554481506,4.841277599334717,0.020884297788143158,0.35510653257369995,0.14846013486385345,0.29633232951164246
-9.093999862670898,-7.754000186920166,1.0216246843338013,1.7123243808746338,0.3920086920261383,2.025505304336548,0.15514084696769714,0.057232216000556946
-9.093999862670898,-7.754000186920166,0.7634662985801697,4.208592414855957,0.04761204123497009,0.7248551249504089,-0.0822237879037857,0.8476085662841797
-9.093999862670898,-7.754000186920166,0.9119293093681335,1.250638723373413,0.0784989595413208,0.642149806022644,-0.2800776958465576,0.09515924006700516
-9.093999862670898,-6.754000186920166,0.857187032699585,2.8640761375427246,0.03667203336954117,1.2402431964874268,0.08219442516565323,0.6128364205360413
-9.093999862670898,-6.754000186920166,0.89055997133255,4.117715358734131,0.08326100558042526,0.2128012776374817,0.07223588228225708,0.16396953165531158
-9.093999862670898,-6.754000186920166,0.9446523189544678,1.1379610300064087,0.05777788907289505,0.5679728388786316,-0.13597019016742706,0.22319403290748596
-9.093999862670898,-5.754000186920166,0.8000434041023254,5.897401332855225,0.01977616548538208,1.2546460628509521,0.12864315509796143,0.5605311989784241
-9.093999862670898,-5.754000186920166,1.0049123764038086,4.046525001525879,0.1128842681646347,0.9454027414321899,-0.004138713702559471,0.23252032697200775
-9.093999862670898,-5.754000186920166,1.1022584438323975,0.8926717042922974,0.0997951403260231,0.28106969594955444,-0.21858960390090942,0.20694854855537415
-9.093999862670898,-4.754000186920166,1.0324863195419312,0.5276313424110413,0.0423755869269371,1.4564430713653564,0.141834557056427,0.6278585195541382
-9.093999862670898,-4.754000186920166,1.0692890882492065,3.794637680053711,0.07115967571735382,0.4404652416706085,0.060805730521678925,0.3261215090751648
-9.093999862670898,-4.754000186920166,1.1539636850357056,0.6001664996147156,0.0719996839761734,0.06260484457015991,-0.12521860003471375,0.046019986271858215
-9.093999862670898,-3.753999948501587,1.1704156398773193,4.3624701499938965,0.12152143567800522,1.1885857582092285,0.18247276544570923,0.4812667667865753
-9.093999862670898,-3.753999948501587,0.7929757833480835,3.0384178161621094,0.07479575276374817,2.2792787551879883,0.3202008306980133,0.31755998730659485
-9.093999862670898,-3.753999948501587,1.0280739068984985,0.4933314919471741,0.0977388471364975,0.2119969129562378,-0.053248342126607895,0.20117323100566864
-9.093999862670898,-2.753999948501587,1.020982265472412,6.226526737213135,0.07482931762933731,1.6986645460128784,0.15739186108112335,0.7765772938728333
-9.093999862670898,-2.753999948501587,0.9602819085121155,3.4314334392547607,0.06279855221509933,0.5413234829902649,0.1116156205534935,0.18207988142967224
-9.093999862670898,-2.753999948501587,1.3538559675216675,0.12796622514724731,0.12139072269201279,0.018616607412695885,0.09368088096380234,0.04134276881814003
-9.093999862670898,-1.753999948501587,0.9982030987739563,4.955295085906982,0.0685700997710228,1.3782647848129272,0.19046173989772797,0.608246386051178
-9.093999862670898,-1.753999948501587,1.1696118116378784,2.772618055343628,0.19089898467063904,0.7506580352783203,-0.0014608011115342379,0.24637524783611298
-9.093999862670898,-1.753999948501587,1.2056612968444824,6.130346298217773,0.06384606659412384,0.050062812864780426,0.0013989269500598311,0.14537838101387024
-9.093999862670898,-0.7540000081062317,1.0461068153381348,5.217440128326416,0.05426472797989845,1.0100518465042114,0.1550425887107849,0.5713067054748535
-9.093999862670898,-0.7540000081062317,1.1838394403457642,2.6737782955169678,0.1301535815000534,0.3500027656555176,0.27921465039253235,0.3368150293827057
-9.093999862670898,-0.7540000081062317,1.0917819738388062,5.810501575469971,0.0717402994632721,0.07813498377799988,0.04194903373718262,0.09187822043895721
-9.093999862670898,0.2460000067949295,1.1399879455566406,5.305874824523926,0.09739355742931366,1.051435947418213,-0.13227148354053497,0.5299389362335205
-9.093999862670898,0.2460000067949295,1.0080034732818604,1.2890105247497559,0.07573514431715012,0.3917752504348755,0.06531550735235214,0.3047869801521301
-9.093999862670898,0.2460000067949295,0.9325035810470581,5.4107842445373535,0.04780014231801033,0.7597323656082153,0.1105336844921112,0.16527408361434937
-9.093999862670898,1.246000051498413,0.9235230088233948,5.070897102355957,0.08234310895204544,2.4613378047943115,0.18364815413951874,0.32685577869415283
-9.093999862670898,1.246000051498413,0.8074580430984497,2.93837833404541,0.10991171002388,0.9688549041748047,0.26733124256134033,0.5822452902793884
-9.093999862670898,1.246000051498413,0.8832807540893555,0.4983786940574646,0.13656283915042877,0.12605799734592438,0.04997614771127701,0.09089883416891098
-9.093999862670898,2.246000051498413,0.9162455201148987,6.089940547943115,0.05012470483779907,2.365938425064087,0.09308779239654541,0.42736896872520447
-9.093999862670898,2.246000051498413,1.2582415342330933,3.158783435821533,0.09759103506803513,0.06411811709403992,-0.06816807389259338,0.4592413008213043
-9.093999862670898,2.246000051498413,1.3003870248794556,6.230866432189941,0.09098903089761734,0.028976868838071823,0.15548217296600342,0.11338977515697479
-9.093999862670898,3.246000051498413,0.9544474482536316,5.3081488609313965,0.11134237796068192,1.4850400686264038,0.017677634954452515,0.2531532049179077
-9.093999862670898,3.246000051498413,1.2501541376113892,2.986142873764038,0.2010672688484192,0.07251240313053131,-0.06972334533929825,0.39963585138320923
-9.093999862670898,3.246000051498413,1.1928791999816895,6.240296363830566,0.0798378437757492,0.02352696657180786,-0.08284550905227661,0.34721097350120544
-9.093999862670898,4.245999813079834,0.9865827560424805,6.003930568695068,0.10211671143770218,1.5121159553527832,-0.00902095902711153,0.5024085640907288
-9.093999862670898,4.245999813079834,1.1210991144180298,3.0689661502838135,0.07868850231170654,0.1434200257062912,-0.025111481547355652,0.3793204724788666
-9.093999862670898,4.245999813079834,1.2324239015579224,6.2122697830200195,0.08711665868759155,0.04166823625564575,-0.07492464780807495,0.11827098578214645
-9.093999862670898,5.245999813079834,1.0614300966262817,5.068646430969238,0.21073153614997864,1.7330050468444824,0.10804619640111923,0.34306323528289795
-9.093999862670898,5.245999813079834,1.1063823699951172,2.9952027797698975,0.09947551786899567,0.18264484405517578,-0.012611845508217812,0.39113619923591614
-9.093999862670898,5.245999813079834,1.0359666347503662,6.138152122497559,0.06354010850191116,0.05772947520017624,0.07627948373556137,0.2658006250858307
-9.093999862670898,6.245999813079834,1.0450785160064697,4.0870466232299805,0.11704888939857483,1.53612220287323,0.05496034398674965,0.4274388551712036
-9.093999862670898,6.245999813079834,1.2530144453048706,2.895423173904419,0.139267697930336,0.1698591411113739,0.06992994993925095,0.45007091760635376
-9.093999862670898,6.245999813079834,1.0231695175170898,6.157480239868164,0.08577382564544678,0.26714470982551575,-0.038198377937078476,0.122490294277668
-9.093999862670898,7.245999813079834,1.0025129318237305,5.977446556091309,0.06158101186156273,0.9328742623329163,0.12630560994148254,0.28271588683128357
-9.093999862670898,7.245999813079834,0.9663578867912292,2.3355751037597656,0.051258791238069534,0.2175612449645996,0.23121891915798187,0.5839596390724182
-9.093999862670898,7.245999813079834,1.0133236646652222,5.43217134475708,0.05952603369951248,0.2405235320329666,0.14957010746002197,0.13332444429397583
-9.093999862670898,8.246000289916992,0.9662073254585266,5.385679721832275,0.07473478466272354,1.2545380592346191,0.035369981080293655,0.35483384132385254
-9.093999862670898,8.246000289916992,1.135164499282837,2.39642333984375,0.09155839681625366,0.04708974435925484,-0.023953095078468323,0.4013954997062683
-9.093999862670898,8.246000289916992,1.0882484912872314,5.590515613555908,0.07162623107433319,0.05927516520023346,0.1082991287112236,0.24377065896987915
-9.093999862670898,9.246000289916992,1.024346113204956,3.6912600994110107,0.12782283127307892,1.2427029609680176,0.010336681269109249,0.3305264413356781
-9.093999862670898,9.246000289916992,1.1488102674484253,2.346792459487915,0.060103513300418854,0.02649848535656929,-0.035969328135252,0.5175946950912476
-9.093999862670898,9.246000289916992,1.1911612749099731,5.555041790008545,0.08075056225061417,0.048355430364608765,0.030240481719374657,0.15187889337539673
-9.093999862670898,10.246000289916992,0.9896495938301086,5.7103400230407715,0.05715104192495346,1.3604366779327393,0.03679502755403519,0.4440040588378906
-9.093999862670898,10.246000289916992,1.1063957214355469,2.306248664855957,0.06400609761476517,0.13754810392856598,0.059873852878808975,0.41550835967063904
-9.093999862670898,10.246000289916992,1.3834633827209473,5.558360576629639,0.12049108743667603,0.05348648130893707,0.07212301343679428,0.14048758149147034
-9.093999862670898,11.246000289916992,1.073380470275879,0.34196943044662476,0.06386870890855789,0.6406080722808838,0.028076589107513428,0.24505451321601868
-9.093999862670898,11.246000289916992,1.0050126314163208,0.9949933886528015,0.07572145760059357,0.5047391653060913,0.17914827167987823,0.4354017674922943
-9.093999862670898,11.246000289916992,1.0076438188552856,0.2320772409439087,0.05300244316458702,0.09760904312133789,0.10884032398462296,0.319543719291687
-9.093999862670898,12.246000289916992,0.9349870681762695,2.87487530708313,0.06340877711772919,0.45187458395957947,0.0841418206691742,0.0182278323918581
-9.093999862670898,12.246000289916992,0.7009903788566589,1.052370309829712,0.03737097606062889,0.15396927297115326,0.16411252319812775,0.9799939393997192
-9.093999862670898,12.246000289916992,0.9821600914001465,4.878307342529297,0.3271004557609558,0.4184166491031647,0.11523907631635666,0.0017782250652089715
-9.093999862670898,13.246000289916992,0.6820236444473267,5.75978946685791,0.057019565254449844,0.8517974615097046,-0.08294731378555298,0.1943613886833191
-9.093999862670898,13.246000289916992,0.8033497333526611,0.805350124835968,0.0392937958240509,0.08930808305740356,0.24446165561676025,0.5891767740249634
-9.093999862670898,13.246000289916992,0.9230397343635559,0.7881825566291809,0.22486574947834015,0.08588436990976334,-0.07263226062059402,0.21646173298358917
-9.093999862670898,14.246000289916992,1.0789631605148315,0.14814530313014984,0.2251104861497879,0.8712411522865295,0.0907163918018341,0.08819989114999771
-9.093999862670898,14.246000289916992,0.9662287831306458,1.2554357051849365,0.045962460339069366,0.05045022815465927,-0.022168390452861786,0.6782667636871338
-9.093999862670898,14.246000289916992,1.0331509113311768,0.9586053490638733,0.08603320270776749,0.18472981452941895,-0.02864980883896351,0.23353329300880432
-9.093999862670898,15.246000289916992,1.0812060832977295,0.9634484052658081,0.15811099112033844,0.7246494889259338,-0.08445294946432114,0.27483460307121277
-9.093999862670898,15.246000289916992,1.0045907497406006,1.2839741706848145,0.05276883766055107,0.0679369866847992,-0.1523924171924591,0.5520459413528442
-9.093999862670898,15.246000289916992,1.1385743618011475,0.7338650226593018,0.20161660015583038,0.38126808404922485,-0.03463072329759598,0.1731194704771042
-9.093999862670898,16.246000289916992,1.2559634447097778,5.696162700653076,0.4276294708251953,2.1499598026275635,0.24253906309604645,0.042609214782714844
-9.093999862670898,16.246000289916992,1.0647408962249756,1.3224173784255981,0.04244442284107208,0.09107687324285507,-0.06813065707683563,0.9508737325668335
-9.093999862670898,16.246000289916992,1.2068685293197632,1.159641981124878,0.20386731624603271,0.10578107088804245,0.004749016370624304,0.006517153698951006
-9.093999862670898,17.246000289916992,0.9698866009712219,0.5051027536392212,0.24235926568508148,1.0114363431930542,-0.005873152986168861,0.01096366811543703
-9.093999862670898,17.246000289916992,1.206756353378296,1.0380311012268066,0.06481217592954636,0.044799186289310455,-0.09319606423377991,0.9883467555046082
-9.093999862670898,17.246000289916992,1.2034293413162231,5.827280521392822,0.4798116683959961,0.4756968915462494,0.34635061025619507,0.0006895718979649246
-9.093999862670898,18.246000289916992,0.718941867351532,2.858839750289917,0.022143026813864708,0.8036748170852661,-0.18013782799243927,0.2054234743118286
-9.093999862670898,18.246000289916992,1.1608563661575317,1.0765730142593384,0.18509384989738464,0.09075571596622467,-0.2544933557510376,0.7944369912147522
-9.093999862670898,18.246000289916992,1.2382045984268188,0.4553556740283966,0.9872905611991882,0.952075183391571,0.18579359352588654,0.0001395412109559402
-9.093999862670898,19.246000289916992,0.677710235118866,1.4224588871002197,0.024583391845226288,1.0025891065597534,-0.17944414913654327,0.1989026665687561
-9.093999862670898,19.246000289916992,1.0834717750549316,1.0321450233459473,0.1002621203660965,0.11489297449588776,-0.19560107588768005,0.7389741539955139
-9.093999862670898,19.246000289916992,1.3116142749786377,0.7024037837982178,0.7429489493370056,0.3426225483417511,-0.06693554669618607,0.06212317571043968
-9.093999862670898,20.246000289916992,0.7417778372764587,2.532231092453003,0.04986530542373657,0.46051326394081116,-0.06881051510572433,0.2422507256269455
-9.093999862670898,20.246000289916992,1.048503041267395,1.3236339092254639,0.14259740710258484,0.11780280619859695,-0.16281655430793762,0.7251705527305603
-9.093999862670898,20.246000289916992,1.175784945487976,6.088329315185547,1.061047077178955,1.5288180112838745,0.26475536823272705,0.03257875517010689
-9.093999862670898,21.246000289916992,1.1193113327026367,1.6004533767700195,0.4872889816761017,0.9382861852645874,-0.04721216484904289,0.0008946494199335575
-9.093999862670898,21.246000289916992,1.0492360591888428,1.5242128372192383,0.08377981185913086,0.11964375525712967,0.20847664773464203,0.9957296252250671
-9.093999862670898,21.246000289916992,0.9597724676132202,5.949588775634766,0.2890174090862274,0.9027432799339294,0.16095460951328278,0.003375671338289976
-9.093999862670898,22.246000289916992,1.10225248336792,0.21029043197631836,0.3044932782649994,0.9299760460853577,-0.013685843907296658,0.0003819759003818035
-9.093999862670898,22.246000289916992,0.9978681206703186,1.7586100101470947,0.09669617563486099,0.10255070775747299,0.08288201689720154,0.9988662004470825
-9.093999862670898,22.246000289916992,0.8317590951919556,5.41912317276001,0.1459214687347412,1.1879823207855225,0.051416125148534775,0.000751858635339886
-9.093999862670898,23.246000289916992,1.1317119598388672,0.4727015495300293,0.2593552768230438,1.2235982418060303,-0.0800180584192276,3.1958596082404256e-05
-9.093999862670898,23.246000289916992,0.9794923067092896,1.833243727684021,0.09930187463760376,0.12316854298114777,0.06223270297050476,0.9998914003372192
-9.093999862670898,23.246000289916992,0.8271646499633789,5.110455513000488,0.11787062883377075,1.157727837562561,-0.04637320339679718,7.669298793189228e-05
-8.093999862670898,-11.753999710083008,0.7613155245780945,2.589102268218994,0.10786175727844238,1.1821109056472778,-0.02602056972682476,0.3278484642505646
-8.093999862670898,-11.753999710083008,0.5912957787513733,2.5165748596191406,0.038207851350307465,0.486087828874588,-0.0998205915093422,0.4418392479419708
-8.093999862670898,-11.753999710083008,0.8129947185516357,6.276631832122803,0.08237892389297485,0.49534091353416443,0.011313207447528839,0.2303122878074646
-8.093999862670898,-10.753999710083008,0.6034961342811584,4.449935436248779,0.07180960476398468,2.343064546585083,0.04147617146372795,0.1334189772605896
-8.093999862670898,-10.753999710083008,0.5693696737289429,1.6893279552459717,0.013018133118748665,0.2873535454273224,-0.10359670221805573,0.38278084993362427
-8.093999862670898,-10.753999710083008,0.6469385623931885,4.814356803894043,0.009382020682096481,0.38046994805336,0.03695867955684662,0.4838002026081085
-8.093999862670898,-9.753999710083008,0.7780599594116211,5.481328010559082,0.10358911752700806,1.3115592002868652,0.030602894723415375,0.19955824315547943
-8.093999862670898,-9.753999710083008,0.610446572303772,1.983111023902893,0.02220894768834114,0.44516605138778687,-0.09574349224567413,0.4056893289089203
-8.093999862670898,-9.753999710083008,0.7306192517280579,5.421693801879883,0.024510225281119347,0.5629094243049622,-0.03406120836734772,0.3947524130344391
-8.093999862670898,-8.753999710083008,0.7282801270484924,0.0734371542930603,0.04320280998945236,0.7047370672225952,-0.1372329294681549,0.8557905554771423
-8.093999862670898,-8.753999710083008,0.7049837708473206,2.4051883220672607,0.06934429705142975,0.37083449959754944,0.07246106117963791,0.08151009678840637
-8.093999862670898,-8.753999710083008,0.7448132038116455,4.633131980895996,0.03340040147304535,0.40841129422187805,0.16687944531440735,0.06269940733909607
-8.093999862670898,-7.754000186920166,0.8377689719200134,1.4754873514175415,0.22170066833496094,1.8577675819396973,-0.04734017327427864,0.1275712251663208
-8.093999862670898,-7.754000186920166,0.6527352333068848,3.881762981414795,0.021549249067902565,0.6571521162986755,-0.056556131690740585,0.620543897151947
-8.093999862670898,-7.754000186920166,0.767413854598999,1.641154408454895,0.023167239502072334,0.3808276355266571,-0.30311983823776245,0.2518848776817322
-8.093999862670898,-6.754000186920166,0.8296878933906555,2.146426200866699,0.06726987659931183,1.3306413888931274,0.07669179141521454,0.45062366127967834
-8.093999862670898,-6.754000186920166,0.7415655255317688,3.6991493701934814,0.07281738519668579,0.47460663318634033,-0.0694202184677124,0.16453009843826294
-8.093999862670898,-6.754000186920166,0.7857193946838379,0.097579725086689,0.04185018315911293,0.8500373363494873,0.022637775167822838,0.3848462402820587
-8.093999862670898,-5.754000186920166,0.7267782092094421,6.219274520874023,0.01998247765004635,1.5420461893081665,0.07116260379552841,0.5840564966201782
-8.093999862670898,-5.754000186920166,1.0737860202789307,3.8562099933624268,0.11551135033369064,0.2841366231441498,0.029105346649885178,0.37728509306907654
-8.093999862670898,-5.754000186920166,1.193743109703064,0.48382508754730225,0.13406923413276672,0.1273632049560547,0.022412825375795364,0.03865833580493927
-8.093999862670898,-4.754000186920166,0.9220559000968933,1.0224007368087769,0.0571308508515358,1.717380166053772,0.1317126452922821,0.6968075037002563
-8.093999862670898,-4.754000186920166,0.9871311783790588,3.925215244293213,0.09424056112766266,0.15356381237506866,-0.028269918635487556,0.26818540692329407
-8.093999862670898,-4.754000186920166,1.0566368103027344,0.6470757126808167,0.10003843903541565,0.12315571308135986,-0.16152890026569366,0.035007085651159286
-8.093999862670898,-3.753999948501587,0.8804371953010559,0.17870941758155823,0.03711147978901863,1.4879382848739624,0.06146733835339546,0.7849550843238831
-8.093999862670898,-3.753999948501587,0.8377830982208252,3.518500804901123,0.07385244220495224,0.35402700304985046,0.24891208112239838,0.1655203253030777
-8.093999862670898,-3.753999948501587,1.1733523607254028,0.5973716974258423,0.11277451366186142,0.10523924976587296,-0.14843155443668365,0.049524519592523575
-8.093999862670898,-2.753999948501587,0.9872515201568604,5.965281963348389,0.08853910863399506,1.6779855489730835,0.1285668909549713,0.7152284383773804
-8.093999862670898,-2.753999948501587,0.9645950794219971,3.421552896499634,0.0643853023648262,0.3932042419910431,0.045842841267585754,0.2335796356201172
-8.093999862670898,-2.753999948501587,1.337641954421997,0.13225215673446655,0.12200532108545303,0.02589469775557518,0.08656961470842361,0.05119188874959946
-8.093999862670898,-1.753999948501587,0.8014766573905945,5.589704990386963,0.039107900112867355,1.5089008808135986,0.13585269451141357,0.6952802538871765
-8.093999862670898,-1.753999948501587,1.1007187366485596,2.89852237701416,0.15939198434352875,0.3219951093196869,-0.02962481416761875,0.24398697912693024
-8.093999862670898,-1.753999948501587,1.2042262554168701,6.011981964111328,0.09486959129571915,0.09094637632369995,0.13642750680446625,0.060732752084732056
-8.093999862670898,-0.7540000081062317,1.0578641891479492,4.923610687255859,0.17059099674224854,0.8572685718536377,0.14377379417419434,0.24916690587997437
-8.093999862670898,-0.7540000081062317,0.9155749678611755,2.420365333557129,0.09397609531879425,0.2347542643547058,-0.021452870219945908,0.42242395877838135
-8.093999862670898,-0.7540000081062317,0.9155986905097961,5.622898101806641,0.03892279043793678,0.15695855021476746,0.10493289679288864,0.32840919494628906
-8.093999862670898,0.2460000067949295,1.0889766216278076,5.600515842437744,0.18658331036567688,2.181988000869751,-0.02499675750732422,0.31466659903526306
-8.093999862670898,0.2460000067949295,0.8279634714126587,1.7132112979888916,0.06447681039571762,0.44327104091644287,-0.010158748365938663,0.6080110669136047
-8.093999862670898,0.2460000067949295,0.8133987188339233,5.709714412689209,0.035950303077697754,0.4511737525463104,-0.012158327735960484,0.0773223266005516
-8.093999862670898,1.246000051498413,0.7356074452400208,5.663827419281006,0.03592456504702568,1.5584899187088013,0.09711410850286484,0.4173458516597748
-8.093999862670898,1.246000051498413,0.6735109090805054,2.9710960388183594,0.039052557200193405,0.33865392208099365,0.29418912529945374,0.5556550621986389
-8.093999862670898,1.246000051498413,0.8438481092453003,0.5271774530410767,0.1375245451927185,0.8004940152168274,0.08104266226291656,0.02699911780655384
-8.093999862670898,2.246000051498413,0.843896210193634,0.36412695050239563,0.04716217890381813,2.238132953643799,0.07981809973716736,0.3870808482170105
-8.093999862670898,2.246000051498413,1.1455520391464233,3.2058675289154053,0.1017208993434906,0.09576590359210968,-0.07493839412927628,0.5138269066810608
-8.093999862670898,2.246000051498413,1.246198058128357,6.262761116027832,0.10610714554786682,0.04087904840707779,0.1156226322054863,0.09909220784902573
-8.093999862670898,3.246000051498413,0.8745483756065369,0.5319221615791321,0.06993716210126877,1.532745599746704,-0.007329932413995266,0.4528023898601532
-8.093999862670898,3.246000051498413,1.1763406991958618,2.951106071472168,0.1463300585746765,0.09323535859584808,-0.012325203977525234,0.2953775227069855
-8.093999862670898,3.246000051498413,1.2590240240097046,6.1842546463012695,0.09665286540985107,0.020721042528748512,0.013250544667243958,0.2518201470375061
-8.093999862670898,4.245999813079834,0.955953061580658,0.22899585962295532,0.07812187075614929,1.2348569631576538,-0.03730156645178795,0.35040372610092163
-8.093999862670898,4.245999813079834,1.0534604787826538,3.0040950775146484,0.06431126594543457,0.10893651843070984,-0.0017185057513415813,0.4834291636943817
-8.093999862670898,4.245999813079834,1.2458019256591797,6.126954555511475,0.09712352603673935,0.033392831683158875,-0.02304781973361969,0.16616708040237427
-8.093999862670898,5.245999813079834,0.9667462110519409,5.305183410644531,0.08887667953968048,1.4934951066970825,0.08728018403053284,0.48564234375953674
-8.093999862670898,5.245999813079834,1.0411344766616821,3.0450806617736816,0.0951920747756958,0.24981600046157837,0.012913218699395657,0.3846435248851776
-8.093999862670898,5.245999813079834,1.1001068353652954,6.199945449829102,0.08003374189138412,0.05757226049900055,0.07375036180019379,0.12971414625644684
-8.093999862670898,6.245999813079834,0.9214569330215454,5.437480449676514,0.039235979318618774,1.1824591159820557,-0.056002385914325714,0.622271716594696
-8.093999862670898,6.245999813079834,1.2153968811035156,2.7571821212768555,0.19376614689826965,0.106227807700634,0.06494859606027603,0.29479676485061646
-8.093999862670898,6.245999813079834,1.0720375776290894,6.030104637145996,0.09624335169792175,0.1418253630399704,-0.041050877422094345,0.08293148130178452
-8.093999862670898,7.245999813079834,0.9739770293235779,5.851940155029297,0.09061504900455475,1.1760263442993164,0.01629071868956089,0.4412524402141571
-8.093999862670898,7.245999813079834,1.1523149013519287,2.5198802947998047,0.1296679526567459,0.11074003577232361,0.06329168379306793,0.37872743606567383
-8.093999862670898,7.245999813079834,0.9695142507553101,5.468966960906982,0.05561309680342674,0.14799128472805023,0.1111253947019577,0.18002010881900787
-8.093999862670898,8.246000289916992,1.0127017498016357,5.2858567237854,0.19295726716518402,1.6469582319259644,-0.05347052961587906,0.2749785780906677
-8.093999862670898,8.246000289916992,1.3103140592575073,2.45168399810791,0.1670520007610321,0.03659817576408386,-0.019554942846298218,0.5290082097053528
-8.093999862670898,8.246000289916992,1.0987213850021362,5.54631233215332,0.07291395962238312,0.08232381194829941,-0.030993344262242317,0.19601325690746307
-8.093999862670898,9.246000289916992,0.9878994226455688,4.369439601898193,0.053258106112480164,1.065970778465271,-0.03608011454343796,0.6170515418052673
-8.093999862670898,9.246000289916992,1.261225938796997,2.2917070388793945,0.09371737390756607,0.02811337448656559,0.01242964155972004,0.30772361159324646
-8.093999862670898,9.246000289916992,1.220896601676941,5.505633354187012,0.09546296298503876,0.04907725006341934,0.043542105704545975,0.07522489875555038
-8.093999862670898,10.246000289916992,0.8933496475219727,3.7333271503448486,0.022236695513129234,0.11374494433403015,0.032817497849464417,0.9956556558609009
-8.093999862670898,10.246000289916992,0.9123349189758301,0.3169679045677185,0.06410346925258636,3.97241473197937,-0.024901531636714935,0.002853986108675599
-8.093999862670898,10.246000289916992,1.0185620784759521,6.25015926361084,0.11493237316608429,1.0890390872955322,0.06869558990001678,0.0014904356794431806
-8.093999862670898,11.246000289916992,0.8029364347457886,6.1925201416015625,0.08611191809177399,0.899423360824585,0.05755704268813133,0.07577607780694962
-8.093999862670898,11.246000289916992,1.0059560537338257,0.9237636923789978,0.06448715925216675,0.07846954464912415,-0.00371149810962379,0.9175010323524475
-8.093999862670898,11.246000289916992,0.9604578018188477,6.076776504516602,0.20431090891361237,0.5781295299530029,0.10421346127986908,0.006722891703248024
-8.093999862670898,12.246000289916992,0.8808557987213135,1.3349299430847168,0.07874784618616104,0.7460851073265076,0.013317701406776905,0.016290023922920227
-8.093999862670898,12.246000289916992,0.8899896144866943,0.9846909642219543,0.0509641133248806,0.04626961424946785,-0.0361025407910347,0.9822975397109985
-8.093999862670898,12.246000289916992,1.0252975225448608,5.710135459899902,0.22263768315315247,0.3286687433719635,-0.054234828799963,0.0014123899163678288
-8.093999862670898,13.246000289916992,0.8408530354499817,5.91657829284668,0.3448748290538788,0.8191906213760376,0.08542168885469437,0.042012523859739304
-8.093999862670898,13.246000289916992,0.6700116991996765,0.7081001400947571,0.020977135747671127,0.056012511253356934,0.13255450129508972,0.46269574761390686
-8.093999862670898,13.246000289916992,0.821795642375946,1.0311119556427002,0.1127609834074974,0.06839927285909653,-0.09612561017274857,0.4952917695045471
-8.093999862670898,14.246000289916992,1.0835723876953125,6.174343109130859,0.3525407016277313,1.226111650466919,0.1283082216978073,0.023834381252527237
-8.093999862670898,14.246000289916992,1.0534104108810425,1.0231847763061523,0.0417434386909008,0.04285300150513649,0.08831065893173218,0.8051003813743591
-8.093999862670898,14.246000289916992,1.1264548301696777,1.075368046760559,0.07830499112606049,0.08757490664720535,-0.018764659762382507,0.1710652858018875
-8.093999862670898,15.246000289916992,1.2671440839767456,6.197089195251465,0.5574969053268433,0.6476926207542419,0.043940674513578415,0.06992996484041214
-8.093999862670898,15.246000289916992,1.051680088043213,0.9385977387428284,0.03254258632659912,0.044457223266363144,-0.1359098106622696,0.6512424945831299
-8.093999862670898,15.246000289916992,1.173529028892517,0.9852981567382812,0.1477145403623581,0.06653828173875809,-0.06403965502977371,0.2788274586200714
-8.093999862670898,16.246000289916992,1.1557745933532715,0.8417227268218994,0.28754881024360657,1.463516116142273,0.17329862713813782,0.02817249484360218
-8.093999862670898,16.246000289916992,1.0228219032287598,0.9657369256019592,0.04576319083571434,0.09501217305660248,-0.08605524897575378,0.9701089859008789
-8.093999862670898,16.246000289916992,1.2191168069839478,1.1366844177246094,0.2982282042503357,0.18026810884475708,-0.033235564827919006,0.0017184836324304342
-8.093999862670898,17.246000289916992,0.8790881633758545,0.4067205786705017,0.08203299343585968,1.2072378396987915,0.03866149112582207,0.23789721727371216
-8.093999862670898,17.246000289916992,1.2232346534729004,1.2858301401138306,0.09477907419204712,0.07419779896736145,-0.1301562339067459,0.7051463723182678
-8.093999862670898,17.246000289916992,1.221629023551941,5.726006507873535,0.19692362844944,0.15236949920654297,0.2656337022781372,0.056956447660923004
-8.093999862670898,18.246000289916992,0.8624820113182068,0.2421519011259079,0.07835414260625839,1.4496604204177856,-0.25093984603881836,0.012065897695720196
-8.093999862670898,18.246000289916992,1.188177227973938,1.1668381690979004,0.11250332742929459,0.044997647404670715,0.007764789275825024,0.9878700375556946
-8.093999862670898,18.246000289916992,1.1893450021743774,0.6513597965240479,1.0381710529327393,0.7872301936149597,0.13929912447929382,6.409943307517096e-05
-8.093999862670898,19.246000289916992,0.705899178981781,0.5436882972717285,0.03600071743130684,0.8093182444572449,-0.14160257577896118,0.2428300678730011
-8.093999862670898,19.246000289916992,1.1717625856399536,0.970195472240448,0.15023410320281982,0.0692358911037445,-0.2430490404367447,0.7028946876525879
-8.093999862670898,19.246000289916992,1.245050311088562,0.50966876745224,0.7912450432777405,0.2385292500257492,0.15358364582061768,0.054275281727313995
-8.093999862670898,20.246000289916992,0.8826070427894592,0.38799935579299927,0.21122899651527405,1.4169096946716309,0.08202967047691345,0.047613658010959625
-8.093999862670898,20.246000289916992,0.9057311415672302,0.8907803297042847,0.061777565628290176,0.0974823459982872,0.0029669434297829866,0.940642774105072
-8.093999862670898,20.246000289916992,1.0592008829116821,0.1181914284825325,0.5378447771072388,0.5466869473457336,0.1735435128211975,0.011743650771677494
-8.093999862670898,21.246000289916992,1.167039155960083,5.1823577880859375,1.1885284185409546,0.8204421997070312,0.1730913668870926,0.024547213688492775
-8.093999862670898,21.246000289916992,0.9676033854484558,1.4278677701950073,0.0596085749566555,0.04113101586699486,-0.129804328083992,0.9633586406707764
-8.093999862670898,21.246000289916992,0.8493955731391907,5.496845245361328,0.24667514860630035,1.0964655876159668,0.42790499329566956,0.012094175443053246
-7.093999862670898,-11.753999710083008,0.9721365571022034,4.032342433929443,0.3566019535064697,0.7162153124809265,0.12925012409687042,0.44817212224006653
-7.093999862670898,-11.753999710083008,0.6554757356643677,2.5949044227600098,0.032392196357250214,0.1557423323392868,-0.2069295197725296,0.2270076721906662
-7.093999862670898,-11.753999710083008,0.5461476445198059,5.202597618103027,0.058536503463983536,1.48787260055542,0.43072089552879333,0.3248201906681061
-7.093999862670898,-10.753999710083008,1.0245311260223389,5.372117042541504,0.400512158870697,0.6852629780769348,0.2049763798713684,0.15779948234558105
-7.093999862670898,-10.753999710083008,0.5884736776351929,1.7731369733810425,0.02078680321574211,0.6549347043037415,-0.10716722160577774,0.056340936571359634
-7.093999862670898,-10.753999710083008,0.6613171100616455,5.822391510009766,0.009920385666191578,0.11617431789636612,0.03913930431008339,0.7858595848083496
-7.093999862670898,-9.753999710083008,0.8659722208976746,5.88952112197876,0.1239880695939064,2.146164894104004,0.07905660569667816,0.2792312204837799
-7.093999862670898,-9.753999710083008,0.6508283615112305,1.58094322681427,0.034157443791627884,0.43480241298675537,0.3832666277885437,0.6748253703117371
-7.093999862670898,-9.753999710083008,0.8072030544281006,0.1957547664642334,0.04244108498096466,0.45970916748046875,-0.0338229238986969,0.04594334959983826
-7.093999862670898,-8.753999710083008,0.8493465185165405,4.274435043334961,0.07521423697471619,0.7777662873268127,-0.07016753405332565,0.4130595028400421
-7.093999862670898,-8.753999710083008,0.6086803674697876,4.8065314292907715,0.02437523566186428,0.16069814562797546,0.049484606832265854,0.5519123077392578
-7.093999862670898,-8.753999710083008,0.8019939661026001,4.239426136016846,0.02353375405073166,0.13596056401729584,0.10869213938713074,0.03502822294831276
-7.093999862670898,-7.754000186920166,0.8688870668411255,0.7746776938438416,0.2313140332698822,0.7436687350273132,0.020131981000304222,0.1503010094165802
-7.093999862670898,-7.754000186920166,0.7443969249725342,3.6339571475982666,0.04998974874615669,0.3352265954017639,-0.007033861242234707,0.02972584031522274
-7.093999862670898,-7.754000186920166,0.6822709441184998,0.4721846580505371,0.024297473952174187,0.22953462600708008,0.03194710612297058,0.8199732303619385
-7.093999862670898,-6.754000186920166,0.8893144726753235,6.091381072998047,0.1895037442445755,1.7968937158584595,-0.021486196666955948,0.2670394778251648
-7.093999862670898,-6.754000186920166,0.5746760964393616,2.685171127319336,0.024327661842107773,0.49496445059776306,-0.14035838842391968,0.5813343524932861
-7.093999862670898,-6.754000186920166,0.6567801237106323,5.715381622314453,0.04251360520720482,2.1119024753570557,0.16149650514125824,0.15162618458271027
-7.093999862670898,-5.754000186920166,0.8350418210029602,5.78770637512207,0.04404311627149582,1.1410540342330933,0.040369175374507904,0.41289934515953064
-7.093999862670898,-5.754000186920166,0.9168839454650879,3.413470506668091,0.07479316741228104,0.5993184447288513,0.26487603783607483,0.4527871906757355
-7.093999862670898,-5.754000186920166,1.1378343105316162,0.6519672870635986,0.11403709650039673,0.0781003087759018,-0.0064165531657636166,0.13431349396705627
-7.093999862670898,-4.754000186920166,0.9443920850753784,6.010232448577881,0.066219262778759,1.9375892877578735,0.0784565806388855,0.7135193943977356
-7.093999862670898,-4.754000186920166,1.0202158689498901,3.9583098888397217,0.07852271944284439,0.04494158551096916,0.08517242968082428,0.1786891371011734
-7.093999862670898,-4.754000186920166,1.1095385551452637,0.5807012319564819,0.0744771882891655,0.11829960346221924,-0.24648158252239227,0.107791468501091
-7.093999862670898,-3.753999948501587,0.7634938955307007,0.24508430063724518,0.0639016181230545,1.5203580856323242,0.07413382083177567,0.8636763095855713
-7.093999862670898,-3.753999948501587,0.9748154878616333,3.908529758453369,0.06013106182217598,0.04949592798948288,0.013242133893072605,0.0918569266796112
-7.093999862670898,-3.753999948501587,1.1939032077789307,0.5873160362243652,0.0634884387254715,0.06408974528312683,-0.14594320952892303,0.0444667674601078
-7.093999862670898,-2.753999948501587,0.8201850056648254,0.2709410488605499,0.06114423647522926,1.1874487400054932,0.005465955473482609,0.6382849812507629
-7.093999862670898,-2.753999948501587,0.9197285771369934,3.5295870304107666,0.08049610257148743,0.3697131872177124,-0.12513399124145508,0.21262627840042114
-7.093999862670898,-2.753999948501587,1.1034740209579468,0.40029793977737427,0.08936095237731934,0.13282868266105652,-0.0951152816414833,0.14908866584300995
-7.093999862670898,-1.753999948501587,0.6695168018341064,0.9368476867675781,0.034749701619148254,1.160902500152588,0.07584952563047409,0.7099366188049316
-7.093999862670898,-1.753999948501587,0.9607917070388794,3.200425386428833,0.12499633431434631,0.2407444715499878,0.03169439360499382,0.21337835490703583
-7.093999862670898,-1.753999948501587,1.1058204174041748,0.028524748980998993,0.1115393117070198,0.12868599593639374,0.24425335228443146,0.07668507099151611
-7.093999862670898,-0.7540000081062317,0.9218249917030334,5.181246757507324,0.13653890788555145,0.962903618812561,0.06627551466226578,0.06287030130624771
-7.093999862670898,-0.7540000081062317,0.9091702699661255,2.461564064025879,0.061518073081970215,0.10215616226196289,0.23007158935070038,0.8461111187934875
-7.093999862670898,-0.7540000081062317,0.743655264377594,6.26853084564209,0.029335927218198776,0.2601495087146759,0.30198848247528076,0.09101848304271698
-7.093999862670898,0.2460000067949295,0.8430742621421814,3.0152292251586914,0.24563030898571014,1.1569650173187256,0.15462243556976318,0.0010814559645950794
-7.093999862670898,0.2460000067949295,0.5587106943130493,2.392789840698242,0.01390391681343317,1.1402817964553833,-0.5307460427284241,0.001017553498968482
-7.093999862670898,0.2460000067949295,0.5137547254562378,5.926808834075928,0.0009540800820104778,0.1013142541050911,0.09042051434516907,0.9979009628295898
-7.093999862670898,1.246000051498413,0.8002886772155762,5.507682800292969,0.03811752051115036,1.5620735883712769,0.1578451693058014,0.3309905529022217
-7.093999862670898,1.246000051498413,1.1976596117019653,3.3438572883605957,0.21161483228206635,0.08634570986032486,0.09311553090810776,0.23838897049427032
-7.093999862670898,1.246000051498413,1.1048016548156738,0.3267766833305359,0.12565314769744873,0.21668149530887604,0.10674311965703964,0.4306204617023468
-7.093999862670898,2.246000051498413,0.7517356872558594,5.841562271118164,0.034141287207603455,1.3454517126083374,0.06701212376356125,0.4139957129955292
-7.093999862670898,2.246000051498413,1.053415060043335,3.1396210193634033,0.12280447781085968,0.11291635036468506,-0.010039578191936016,0.42430293560028076
-7.093999862670898,2.246000051498413,1.171080470085144,6.272870063781738,0.12128753215074539,0.056460946798324585,0.041634317487478256,0.16170132160186768
-7.093999862670898,3.246000051498413,0.9047662019729614,5.3799567222595215,0.0682150349020958,1.93407142162323,0.04403221607208252,0.3026368021965027
-7.093999862670898,3.246000051498413,1.1695473194122314,3.0670559406280518,0.08349298685789108,0.06767790019512177,-0.042965009808540344,0.3736228942871094
-7.093999862670898,3.246000051498413,1.2990152835845947,6.202981472015381,0.10009712725877762,0.023226339370012283,0.05837920308113098,0.3237403333187103
-7.093999862670898,4.245999813079834,1.0112192630767822,5.684902191162109,0.07085366547107697,1.0100655555725098,0.00713739451020956,0.3179769814014435
-7.093999862670898,4.245999813079834,1.1048753261566162,2.8958513736724854,0.06929919123649597,0.09205590188503265,0.08895817399024963,0.4878227114677429
-7.093999862670898,4.245999813079834,1.3281913995742798,6.039919853210449,0.10499702394008636,0.030645497143268585,0.02018022909760475,0.194200336933136
-7.093999862670898,5.245999813079834,0.9974159002304077,5.256059646606445,0.1369858980178833,1.8856987953186035,0.03653145954012871,0.2725391983985901
-7.093999862670898,5.245999813079834,1.0873281955718994,2.829775810241699,0.09827478975057602,0.12094906717538834,-0.017533302307128906,0.553321897983551
-7.093999862670898,5.245999813079834,1.1392415761947632,6.050194263458252,0.095313660800457,0.07753817737102509,-0.02385295368731022,0.17413891851902008
-7.093999862670898,6.245999813079834,1.103135585784912,4.454607963562012,0.13484743237495422,1.7874157428741455,0.006295760162174702,0.18110503256320953
-7.093999862670898,6.245999813079834,1.1728745698928833,2.680941104888916,0.11871706694364548,0.10296575725078583,0.10558514297008514,0.6479266881942749
-7.093999862670898,6.245999813079834,0.9988531470298767,5.93157434463501,0.0628979429602623,0.1662355661392212,-0.052474744617938995,0.17096827924251556
-7.093999862670898,7.245999813079834,1.0431164503097534,5.380917549133301,0.1166650801897049,1.678539514541626,-0.02817370556294918,0.3810631036758423
-7.093999862670898,7.245999813079834,1.1730843782424927,2.5778255462646484,0.15941055119037628,0.07907213270664215,0.13674168288707733,0.40402737259864807
-7.093999862670898,7.245999813079834,1.11684250831604,5.714343547821045,0.08490556478500366,0.07334113121032715,-0.034245945513248444,0.21490952372550964
-7.093999862670898,8.246000289916992,0.7244997024536133,0.37613996863365173,0.04167604446411133,0.5812757611274719,-0.1377449780702591,0.7120559215545654
-7.093999862670898,8.246000289916992,1.1722955703735352,2.086336851119995,0.43828529119491577,0.12952211499214172,0.03996264189481735,0.052495647221803665
-7.093999862670898,8.246000289916992,0.876092255115509,6.0848283767700195,0.07950387895107269,0.08655039966106415,-0.19949282705783844,0.2354484498500824
-7.093999862670898,9.246000289916992,0.9142409563064575,5.697728633880615,0.01474058534950018,0.31112968921661377,-0.06887270510196686,0.9757333397865295
-7.093999862670898,9.246000289916992,1.0137622356414795,0.014557495713233948,0.4044683873653412,1.6100633144378662,0.13009300827980042,0.005478715058416128
-7.093999862670898,9.246000289916992,0.7965447902679443,0.2797893285751343,0.07556799799203873,0.22147904336452484,-0.14524054527282715,0.01878785714507103
-7.093999862670898,10.246000289916992,0.8663450479507446,4.575240612030029,0.01040212344378233,0.12134066224098206,-0.09676578640937805,0.9853476285934448
-7.093999862670898,10.246000289916992,0.8093534111976624,0.775417685508728,0.0688120573759079,3.4130373001098633,-0.19979198276996613,0.013067249208688736
-7.093999862670898,10.246000289916992,0.9057222008705139,5.866851329803467,0.15729548037052155,2.6774423122406006,0.04674791544675827,0.0015851131174713373
-7.093999862670898,11.246000289916992,0.8596165776252747,4.619555473327637,0.2740252912044525,1.7299916744232178,0.1400304138660431,0.02370287850499153
-7.093999862670898,11.246000289916992,0.6771329045295715,1.6308305263519287,0.041829872876405716,0.09576352685689926,-0.2578956186771393,0.9404577016830444
-7.093999862670898,11.246000289916992,1.0072599649429321,5.180834770202637,0.22630220651626587,0.8602955341339111,0.01728064939379692,0.03583943098783493
-7.093999862670898,12.246000289916992,0.9649773836135864,5.560900688171387,1.462394118309021,0.8771843910217285,0.34269145131111145,0.008421724662184715
-7.093999862670898,12.246000289916992,0.7470545768737793,0.8548057675361633,0.024872509762644768,0.053721364587545395,-0.31102654337882996,0.9529496431350708
-7.093999862670898,12.246000289916992,0.7912819385528564,0.16885939240455627,0.06592749804258347,0.4980907142162323,0.01367055345326662,0.03862861171364784
-7.093999862670898,13.246000289916992,0.9057227969169617,1.079958200454712,0.5589784979820251,1.4912135601043701,0.18900518119335175,0.04344683885574341
-7.093999862670898,13.246000289916992,0.6511632800102234,1.0394307374954224,0.023455467075109482,0.0604708269238472,-0.13740494847297668,0.5960678458213806
-7.093999862670898,13.246000289916992,0.8986698389053345,0.976240336894989,0.07287710905075073,0.04087318107485771,-0.15496407449245453,0.36048534512519836
-7.093999862670898,14.246000289916992,1.0701242685317993,6.059351921081543,1.025039792060852,1.5073713064193726,0.20911173522472382,0.01085897721350193
-7.093999862670898,14.246000289916992,0.9150385856628418,0.6381775736808777,0.014988345094025135,0.08926308155059814,0.27216294407844543,0.40043890476226807
-7.093999862670898,14.246000289916992,0.8987788558006287,1.4389268159866333,0.01932891458272934,0.0319717675447464,-0.07289446145296097,0.5887021422386169
-7.093999862670898,15.246000289916992,1.1870640516281128,1.1119754314422607,0.262323796749115,0.9685925245285034,0.08926381915807724,0.1146949902176857
-7.093999862670898,15.246000289916992,1.201576590538025,1.1730672121047974,0.05696525424718857,0.01742193102836609,-0.3796217739582062,0.8110441565513611
-7.093999862670898,15.246000289916992,1.1336983442306519,0.7397797107696533,0.170363187789917,0.2743591368198395,0.004426268395036459,0.07426083087921143
-7.093999862670898,16.246000289916992,0.7770640254020691,2.076775312423706,0.03304421529173851,1.1998292207717896,0.1450873464345932,0.02258877642452717
-7.093999862670898,16.246000289916992,1.0007809400558472,0.7332014441490173,0.07476162910461426,0.056427761912345886,0.10029449313879013,0.9773712158203125
-7.093999862670898,16.246000289916992,1.041866660118103,0.4174259305000305,0.4382173717021942,0.5192146301269531,-0.032041922211647034,3.995126826339401e-05
-7.093999862670898,17.246000289916992,1.1773161888122559,4.378711223602295,1.06557035446167,1.451369285583496,0.330452561378479,0.018400736153125763
-7.093999862670898,17.246000289916992,1.065923810005188,0.41039517521858215,0.07830379903316498,0.0626746192574501,-0.4694201648235321,0.5826079845428467
-7.093999862670898,17.246000289916992,0.9515743851661682,5.793985366821289,0.0976177528500557,0.34021908044815063,0.2622179090976715,0.3989911675453186
-7.093999862670898,18.246000289916992,0.9646850228309631,4.316270351409912,0.3999094069004059,1.1507266759872437,-0.10144826769828796,0.03478666767477989
-7.093999862670898,18.246000289916992,1.1126079559326172,1.3181748390197754,0.1200513020157814,0.06967737525701523,0.04133077710866928,0.9650153517723083
-7.093999862670898,18.246000289916992,1.1150171756744385,0.3014346659183502,0.9285275340080261,1.2161335945129395,0.21456843614578247,0.00019797333516180515
-7.093999862670898,19.246000289916992,0.7537059187889099,5.532692909240723,0.062281809747219086,0.46990102529525757,0.023895250633358955,0.02968633361160755
-7.093999862670898,19.246000289916992,1.075492262840271,0.8853641748428345,0.08549664914608002,0.035110533237457275,0.05976317450404167,0.964097797870636
-7.093999862670898,19.246000289916992,1.076517105102539,0.7806893587112427,0.4036610722541809,0.04424943029880524,0.30441173911094666,0.006215841043740511
-7.093999862670898,20.246000289916992,1.1256046295166016,1.656682014465332,0.42063137888908386,1.450606107711792,0.06654203683137894,0.13027435541152954
-7.093999862670898,20.246000289916992,1.0287375450134277,0.8718801736831665,0.07407467067241669,0.07941142469644547,-0.14035890996456146,0.8374888300895691
-7.093999862670898,20.246000289916992,1.046950101852417,0.22418418526649475,0.1972215622663498,0.3555607497692108,0.08918746560811996,0.032236818224191666
-6.093999862670898,-11.753999710083008,0.9552270174026489,2.5289294719696045,0.29307711124420166,0.5422604084014893,0.19281049072742462,0.3787181079387665
-6.093999862670898,-11.753999710083008,0.6236612796783447,2.0638468265533447,0.038272712379693985,0.35375428199768066,-0.021059609949588776,0.02955625019967556
-6.093999862670898,-11.753999710083008,0.5212545394897461,5.136927127838135,0.02823447249829769,0.3206980228424072,0.3108144998550415,0.5917257070541382
-6.093999862670898,-10.753999710083008,0.9512348175048828,4.649605751037598,0.1976759135723114,0.471219003200531,0.20612387359142303,0.48819881677627563
-6.093999862670898,-10.753999710083008,0.6131428480148315,2.1247949600219727,0.030249379575252533,0.9527548551559448,-0.14470387995243073,0.027462663128972054
-6.093999862670898,-10.753999710083008,0.6396344900131226,5.652423858642578,0.01304872240871191,0.149269700050354,0.11478233337402344,0.48433852195739746
-6.093999862670898,-9.753999710083008,0.9715028405189514,4.0930070877075195,0.14043331146240234,1.8429874181747437,0.10437840223312378,0.24328649044036865
-6.093999862670898,-9.753999710083008,0.5906836986541748,1.7631011009216309,0.01979812979698181,0.5145670771598816,0.273539274930954,0.6193795800209045
-6.093999862670898,-9.753999710083008,0.7614398002624512,5.447678565979004,0.02719292789697647,0.32564568519592285,0.10577595233917236,0.13733398914337158
-6.093999862670898,-8.753999710083008,0.9071617722511292,4.1551384925842285,0.08779282867908478,0.9471088647842407,-0.12121441960334778,0.301885187625885
-6.093999862670898,-8.753999710083008,0.694923460483551,4.263327121734619,0.022331738844513893,0.1630517691373825,-0.039905160665512085,0.6694055199623108
-6.093999862670898,-8.753999710083008,0.7788284420967102,4.32581901550293,0.021447936072945595,0.16030415892601013,0.13047084212303162,0.028709257021546364
-6.093999862670898,-7.754000186920166,0.9439986348152161,0.7756820321083069,0.263752818107605,0.5928593277931213,-0.0281023271381855,0.12736742198467255
-6.093999862670898,-7.754000186920166,0.6733818054199219,3.385277509689331,0.05224914848804474,0.37885546684265137,-0.021515225991606712,0.09205903857946396
-6.093999862670898,-7.754000186920166,0.622963011264801,4.949732780456543,0.018719617277383804,0.20757193863391876,0.0983673706650734,0.7805734872817993
-6.093999862670898,-6.754000186920166,0.9183772802352905,5.457977771759033,0.19776417315006256,1.6744732856750488,-0.05916205048561096,0.17967559397220612
-6.093999862670898,-6.754000186920166,0.6744434833526611,2.4607458114624023,0.03922630101442337,0.942155122756958,-0.17553681135177612,0.16795192658901215
-6.093999862670898,-6.754000186920166,0.6518107056617737,6.057375431060791,0.01795773394405842,0.8681893944740295,0.023554058745503426,0.6523724794387817
-6.093999862670898,-5.754000186920166,0.8056644201278687,0.04261057823896408,0.045448288321495056,0.9060431122779846,0.04692692309617996,0.4716901183128357
-6.093999862670898,-5.754000186920166,0.8080226182937622,2.3591556549072266,0.08325222879648209,1.215776801109314,0.1913679540157318,0.4685724675655365
-6.093999862670898,-5.754000186920166,1.0782196521759033,0.4364382028579712,0.1950397789478302,0.2910844683647156,-0.027296043932437897,0.0597374327480793
-6.093999862670898,-4.754000186920166,0.9496649503707886,0.1686590015888214,0.07100541889667511,1.730643391609192,0.06409010291099548,0.6916006803512573
-6.093999862670898,-4.754000186920166,0.9762576818466187,3.9631903171539307,0.07702738046646118,0.05937420204281807,0.19920681416988373,0.20495003461837769
-6.093999862670898,-4.754000186920166,1.1232017278671265,0.763228714466095,0.09331134706735611,0.16553498804569244,-0.2015770971775055,0.10344932228326797
-6.093999862670898,-3.753999948501587,0.8703418970108032,6.237951278686523,0.12717826664447784,1.9059923887252808,0.10543867945671082,0.6820865273475647
-6.093999862670898,-3.753999948501587,0.9439417719841003,3.885075330734253,0.050260718911886215,0.0569242388010025,-0.04455901309847832,0.2351822555065155
-6.093999862670898,-3.753999948501587,1.112681269645691,0.675252377986908,0.05578511953353882,0.07454068213701248,-0.14883343875408173,0.08273113518953323
-6.093999862670898,-2.753999948501587,0.7187013030052185,0.09288014471530914,0.034189511090517044,0.5986970067024231,0.041993822902441025,0.7064787149429321
-6.093999862670898,-2.753999948501587,0.8238155841827393,3.598381519317627,0.06601454317569733,0.5058401823043823,-0.10678066313266754,0.1706179827451706
-6.093999862670898,-2.753999948501587,1.0497885942459106,0.13173741102218628,0.12374894320964813,0.28998565673828125,-0.03012576512992382,0.12290330976247787
-6.093999862670898,-1.753999948501587,0.717515766620636,0.5667557120323181,0.06055091321468353,1.4741727113723755,0.11794324219226837,0.40517088770866394
-6.093999862670898,-1.753999948501587,0.8889646530151367,3.148658514022827,0.11010947078466415,0.20189933478832245,0.026001498103141785,0.2884316146373749
-6.093999862670898,-1.753999948501587,1.01006281375885,0.07044442743062973,0.10225214809179306,0.15586063265800476,0.2218059003353119,0.30639755725860596
-6.093999862670898,-0.7540000081062317,0.7521575093269348,0.7196406722068787,0.06938198208808899,0.7122908234596252,-0.06891922652721405,0.29089489579200745
-6.093999862670898,-0.7540000081062317,0.8942773938179016,2.6557295322418213,0.09793161600828171,0.08570888638496399,0.25963541865348816,0.5336946249008179
-6.093999862670898,-0.7540000081062317,0.7708573937416077,0.42174726724624634,0.05203232169151306,0.25517770648002625,0.26168936491012573,0.17541052401065826
-6.093999862670898,1.246000051498413,0.7143393754959106,5.1519269943237305,0.035780563950538635,1.3594262599945068,0.1537594348192215,0.26899296045303345
-6.093999862670898,1.246000051498413,1.2421146631240845,3.3293795585632324,0.3045293390750885,0.0593547560274601,0.10208293050527573,0.10104497522115707
-6.093999862670898,1.246000051498413,1.1381306648254395,0.1284564733505249,0.10977115482091904,0.10595852136611938,0.17601796984672546,0.6299620270729065
-6.093999862670898,2.246000051498413,0.8357380032539368,4.395824432373047,0.06195790693163872,1.3188865184783936,0.06255897134542465,0.27290859818458557
-6.093999862670898,2.246000051498413,1.221213698387146,3.059173583984375,0.15060117840766907,0.08061617612838745,-0.03659392148256302,0.44997888803482056
-6.093999862670898,2.246000051498413,1.2286173105239868,6.205198287963867,0.10638926178216934,0.03186296299099922,-0.09168677031993866,0.2771124839782715
-6.093999862670898,3.246000051498413,0.9577154517173767,5.781529426574707,0.12700921297073364,1.6760671138763428,0.0055479081347584724,0.39698201417922974
-6.093999862670898,3.246000051498413,1.2124487161636353,2.9977893829345703,0.09840298444032669,0.04945215582847595,-0.05961062014102936,0.34525421261787415
-6.093999862670898,3.246000051498413,1.2714439630508423,6.175675868988037,0.10113436728715897,0.027601564303040504,0.04646256938576698,0.2577638328075409
-6.093999862670898,4.245999813079834,0.9758284687995911,5.885542869567871,0.06858988106250763,1.2083419561386108,0.0034202574752271175,0.5276796817779541
-6.093999862670898,4.245999813079834,1.0909217596054077,2.874974012374878,0.0853201225399971,0.091890849173069,0.1044045239686966,0.35043737292289734
-6.093999862670898,4.245999813079834,1.2457969188690186,6.116543292999268,0.1077602282166481,0.034821972250938416,0.041755981743335724,0.12188292294740677
-6.093999862670898,5.245999813079834,1.0795109272003174,4.624688625335693,0.25548574328422546,1.8605490922927856,0.03215842321515083,0.19285309314727783
-6.093999862670898,5.245999813079834,1.1608647108078003,2.6952106952667236,0.09445258975028992,0.041609443724155426,0.02509516291320324,0.5201311111450195
-6.093999862670898,5.245999813079834,1.1323825120925903,5.962260723114014,0.09142505377531052,0.07539967447519302,-0.0402037538588047,0.28701579570770264
-6.093999862670898,6.245999813079834,1.0885906219482422,4.098165988922119,0.17874497175216675,1.948663353919983,-0.011601204983890057,0.17282693088054657
-6.093999862670898,6.245999813079834,1.1772289276123047,2.655971050262451,0.10877983272075653,0.05460982397198677,0.08467140048742294,0.5670244693756104
-6.093999862670898,6.245999813079834,1.0474486351013184,5.964797019958496,0.07150817662477493,0.10844875872135162,-0.10085925459861755,0.2601486146450043
-6.093999862670898,7.245999813079834,1.140309453010559,4.134214401245117,0.16841799020767212,1.6494871377944946,0.07237278670072556,0.16082973778247833
-6.093999862670898,7.245999813079834,1.0724287033081055,2.558556079864502,0.073282890021801,0.09737925231456757,0.13631662726402283,0.6512205600738525
-6.093999862670898,7.245999813079834,1.2756240367889404,5.90263032913208,0.1061343178153038,0.05855964869260788,0.008313116617500782,0.18794967234134674
-6.093999862670898,8.246000289916992,0.938295841217041,1.186964988708496,0.14930157363414764,0.4661569595336914,-0.04233420267701149,0.3354831337928772
-6.093999862670898,8.246000289916992,0.7464820742607117,0.2402544468641281,0.18448606133460999,1.3567376136779785,-0.046159349381923676,0.006092499475926161
-6.093999862670898,8.246000289916992,0.6535468101501465,1.0897325277328491,0.028236841782927513,0.16825172305107117,-0.40995916724205017,0.6584243774414062
-6.093999862670898,9.246000289916992,0.760566771030426,5.727049350738525,0.016638237982988358,0.47097358107566833,-0.11708031594753265,0.9336544275283813
-6.093999862670898,9.246000289916992,0.8711391091346741,0.4036681056022644,0.15657193958759308,0.7036712765693665,0.1441671997308731,0.04363933205604553
-6.093999862670898,9.246000289916992,0.7182986736297607,6.188002109527588,0.06490467488765717,0.3068997859954834,-0.003609772538766265,0.022706303745508194
-6.093999862670898,12.246000289916992,0.6727985739707947,2.3825907707214355,2.521247148513794,2.202871084213257,0.5688593983650208,6.062126431061188e-06
-6.093999862670898,12.246000289916992,0.34304380416870117,0.8486300706863403,0.0025686421431601048,0.34085404872894287,-0.49728935956954956,0.9998729228973389
-6.093999862670898,12.246000289916992,0.42602109909057617,0.10956339538097382,0.014976978302001953,3.7737998962402344,0.029392540454864502,0.00012094216072000563
-6.093999862670898,13.246000289916992,0.8688002824783325,5.813259601593018,0.5883910059928894,1.306857705116272,0.24551977217197418,0.01577460952103138
-6.093999862670898,13.246000289916992,0.6966750025749207,0.3131853938102722,0.021167242899537086,0.030649149790406227,-0.2437482625246048,0.965684175491333
-6.093999862670898,13.246000289916992,0.780032217502594,1.139580488204956,0.08786054700613022,0.11503827571868896,-0.23663689196109772,0.01854119636118412
-6.093999862670898,14.246000289916992,0.9425901770591736,5.738600254058838,0.20441825687885284,1.2679080963134766,0.13083703815937042,0.08877798169851303
-6.093999862670898,14.246000289916992,1.3080719709396362,2.0567703247070312,0.09266993403434753,0.021093690767884254,0.12326692789793015,0.15246081352233887
-6.093999862670898,14.246000289916992,1.4363293647766113,6.230865001678467,0.08027516305446625,0.008146143518388271,0.04541525989770889,0.7587611675262451
-6.093999862670898,15.246000289916992,1.0913362503051758,2.403702735900879,0.6113636493682861,1.692614197731018,0.30575188994407654,0.004057867918163538
-6.093999862670898,15.246000289916992,1.2805384397506714,0.7579593658447266,0.034368544816970825,0.006325361784547567,-0.37288445234298706,0.9951453804969788
-6.093999862670898,15.246000289916992,1.0969926118850708,0.4931914210319519,0.24538391828536987,0.6421689987182617,0.1641228348016739,0.0007967773708514869
-6.093999862670898,16.246000289916992,0.6456621885299683,4.851090908050537,0.01878580078482628,0.7560731768608093,0.03942349925637245,0.07186628133058548
-6.093999862670898,16.246000289916992,0.9999819993972778,0.6344137191772461,0.14812825620174408,0.04107443243265152,-0.016258416697382927,0.9280341863632202
-6.093999862670898,16.246000289916992,0.9424558281898499,0.1414295732975006,0.645537793636322,0.8376456499099731,0.12588252127170563,9.949176455847919e-05
-6.093999862670898,17.246000289916992,1.0848572254180908,5.004902362823486,0.8994251489639282,2.1711223125457764,0.39821451902389526,0.011965597979724407
-6.093999862670898,17.246000289916992,0.9927975535392761,0.4749023914337158,0.05782675743103027,0.05028780922293663,-0.383400022983551,0.8254566192626953
-6.093999862670898,17.246000289916992,0.9262065291404724,0.15726393461227417,0.09226094186306,0.18305668234825134,0.12193688750267029,0.162577822804451
-6.093999862670898,19.246000289916992,0.7663592100143433,0.4929484724998474,0.08815737068653107,0.4787163734436035,0.20462371408939362,0.00017197488341480494
-6.093999862670898,19.246000289916992,0.9669868350028992,6.221078872680664,0.021326476708054543,0.08360608667135239,0.17060932517051697,0.9998276233673096
-6.093999862670898,19.246000289916992,1.0912643671035767,1.4130710363388062,1.4386906623840332,0.6743031144142151,0.4140973389148712,3.3673691746116674e-07
-6.093999862670898,20.246000289916992,1.65186607837677,5.975394248962402,15.441985130310059,2.551665782928467,0.4205475449562073,1.6732872154534562e-07
-6.093999862670898,20.246000289916992,1.2922441959381104,1.0508700609207153,0.012379013001918793,0.04844250530004501,0.26869872212409973,0.9999954700469971
-6.093999862670898,20.246000289916992,1.3170580863952637,1.7922502756118774,0.29702356457710266,1.262515664100647,-0.07753098756074905,4.41335168943624e-06
-5.093999862670898,-11.753999710083008,0.7946411967277527,6.201011657714844,0.7218828201293945,1.315051794052124,0.18625007569789886,0.19741404056549072
-5.093999862670898,-11.753999710083008,0.4455394446849823,2.7057583332061768,0.020183473825454712,0.7578970789909363,-0.3449777066707611,0.06656116992235184
-5.093999862670898,-11.753999710083008,0.6020180583000183,5.070431232452393,0.01048225350677967,0.06994666159152985,0.19172877073287964,0.7360247373580933
-5.093999862670898,-10.753999710083008,0.6323786973953247,4.804027557373047,0.09698619693517685,0.822503387928009,-0.003326029283925891,0.47500449419021606
-5.093999862670898,-10.753999710083008,0.6072342395782471,2.212001085281372,0.03324823081493378,0.8822429776191711,-0.2106027454137802,0.18029001355171204
-5.093999862670898,-10.753999710083008,0.6246474385261536,4.874345302581787,0.019262483343482018,0.6856370568275452,0.12487399578094482,0.3447055518627167
-5.093999862670898,-9.753999710083008,0.773483395576477,4.0296430587768555,0.06464485079050064,1.2931504249572754,-0.019867345690727234,0.4778597950935364
-5.093999862670898,-9.753999710083008,0.5658185482025146,2.102224588394165,0.025884168222546577,0.7928034067153931,0.12833382189273834,0.21075162291526794
-5.093999862670898,-9.753999710083008,0.702212929725647,4.5629143714904785,0.02735811658203602,0.3706868886947632,0.2129216343164444,0.3113885521888733
-5.093999862670898,-8.753999710083008,0.8092888593673706,5.195135116577148,0.09821107238531113,1.5294371843338013,-0.04686836153268814,0.11129630357027054
-5.093999862670898,-8.753999710083008,0.6352492570877075,2.1062726974487305,0.02173112891614437,0.7827321290969849,-0.10944449156522751,0.40661272406578064
-5.093999862670898,-8.753999710083008,0.6930617094039917,5.511775016784668,0.0107201486825943,0.23899564146995544,-0.16660036146640778,0.4820910394191742
-5.093999862670898,-7.754000186920166,0.9601477980613708,5.957059383392334,0.14146579802036285,1.4200767278671265,-0.02529822289943695,0.06616981327533722
-5.093999862670898,-7.754000186920166,0.6455028057098389,1.6815543174743652,0.02348925732076168,0.3200356066226959,0.18155619502067566,0.760820209980011
-5.093999862670898,-7.754000186920166,0.8257163763046265,5.023695468902588,0.0552753247320652,0.25159499049186707,0.12315119802951813,0.17301003634929657
-5.093999862670898,-6.754000186920166,1.0572035312652588,5.122206687927246,0.11997879296541214,0.597926139831543,0.2056427150964737,0.3612145781517029
-5.093999862670898,-6.754000186920166,0.8713057637214661,2.212902307510376,0.09563785791397095,0.23955079913139343,-0.052656784653663635,0.3929044008255005
-5.093999862670898,-6.754000186920166,0.7887343168258667,5.90955924987793,0.049889661371707916,1.1006022691726685,0.22665530443191528,0.24588103592395782
-5.093999862670898,-5.754000186920166,0.9991596937179565,5.803006649017334,0.08591076731681824,1.4216625690460205,0.1404150277376175,0.5473758578300476
-5.093999862670898,-5.754000186920166,0.7649648189544678,1.4015166759490967,0.06402163207530975,0.7692341804504395,0.006386655382812023,0.43470698595046997
-5.093999862670898,-5.754000186920166,0.8679360151290894,5.638865947723389,0.13368965685367584,1.9191782474517822,-0.052094098180532455,0.017917243763804436
-5.093999862670898,-4.754000186920166,0.8739557266235352,0.1502152383327484,0.11150415986776352,1.4972456693649292,-0.03765656054019928,0.7269605994224548
-5.093999862670898,-4.754000186920166,0.7968043088912964,3.3855180740356445,0.039951007813215256,0.7047138214111328,-0.06105087324976921,0.1888533979654312
-5.093999862670898,-4.754000186920166,0.8190443515777588,0.7057124972343445,0.015581028535962105,1.2293459177017212,-0.16725167632102966,0.08418599516153336
-5.093999862670898,-3.753999948501587,0.9081211686134338,0.38225996494293213,0.13440409302711487,1.6142932176589966,0.12829962372779846,0.5780383944511414
-5.093999862670898,-3.753999948501587,0.7888369560241699,4.000378131866455,0.05336588993668556,0.1067570298910141,0.09904491156339645,0.27255767583847046
-5.093999862670898,-3.753999948501587,0.9482002258300781,0.9231074452400208,0.052499476820230484,0.10214189440011978,-0.26373717188835144,0.1494038999080658
-5.093999862670898,-2.753999948501587,0.6269351243972778,1.5831284523010254,0.026031702756881714,1.1367228031158447,-0.0002966694300994277,0.42978179454803467
-5.093999862670898,-2.753999948501587,0.9269540905952454,3.688764810562134,0.13947010040283203,0.4614165723323822,-0.05582963675260544,0.3489648401737213
-5.093999862670898,-2.753999948501587,1.06645667552948,0.5400171279907227,0.140290305018425,0.29716214537620544,-0.1069435402750969,0.22125343978405
-5.093999862670898,-1.753999948501587,0.9608245491981506,1.2155537605285645,0.15219005942344666,1.4247338771820068,-0.027281003072857857,0.10179403424263
-5.093999862670898,-1.753999948501587,1.1529178619384766,3.341630458831787,0.16502489149570465,0.13738128542900085,0.08718174695968628,0.5171929001808167
-5.093999862670898,-1.753999948501587,1.104935884475708,0.38857075572013855,0.13881929218769073,0.24624569714069366,-0.2638189196586609,0.38101300597190857
-5.093999862670898,-0.7540000081062317,0.6894552111625671,2.983644962310791,0.057565756142139435,1.1242802143096924,-0.01789509691298008,0.5328530669212341
-5.093999862670898,-0.7540000081062317,0.8519488573074341,3.3129072189331055,0.10835480690002441,0.1223258301615715,0.16924557089805603,0.2962454855442047
-5.093999862670898,-0.7540000081062317,0.8727943301200867,0.6100896596908569,0.1024392768740654,0.2784052789211273,0.02885878086090088,0.17090140283107758
-5.093999862670898,0.2460000067949295,0.4725764989852905,0.0708828866481781,0.02399020455777645,1.3292715549468994,-0.01699676737189293,0.6071945428848267
-5.093999862670898,0.2460000067949295,0.472662091255188,3.352100133895874,0.029424600303173065,1.5295512676239014,0.15765546262264252,0.37345215678215027
-5.093999862670898,0.2460000067949295,0.7466681599617004,0.8778144717216492,0.059972308576107025,0.6359019875526428,-0.06287406384944916,0.019353331997990608
-5.093999862670898,1.246000051498413,0.6399611234664917,5.2403244972229,0.023932430893182755,1.008018136024475,-0.03683323785662651,0.8701900839805603
-5.093999862670898,1.246000051498413,0.9989949464797974,3.002380609512329,0.0862928181886673,0.045426417142152786,0.03886285796761513,0.08611555397510529
-5.093999862670898,1.246000051498413,0.9834914207458496,5.937082290649414,0.0682850182056427,0.14930762350559235,0.2779642641544342,0.04369429126381874
-5.093999862670898,2.246000051498413,0.9351513385772705,5.402227401733398,0.11753048747777939,1.4975510835647583,-0.010089593939483166,0.19065262377262115
-5.093999862670898,2.246000051498413,1.3029431104660034,3.016284465789795,0.14038227498531342,0.07631658762693405,-0.03877917304635048,0.5411580801010132
-5.093999862670898,2.246000051498413,1.3696202039718628,6.23364782333374,0.1321517527103424,0.026266271248459816,-0.06221093609929085,0.26818928122520447
-5.093999862670898,3.246000051498413,1.0736063718795776,5.671432971954346,0.2926371395587921,2.0177359580993652,0.01283773873001337,0.1792866736650467
-5.093999862670898,3.246000051498413,1.2294118404388428,2.8949944972991943,0.09017270803451538,0.05527612939476967,-0.019223572686314583,0.5515665411949158
-5.093999862670898,3.246000051498413,1.2927334308624268,6.1604814529418945,0.09294716268777847,0.03864073380827904,-0.05086345970630646,0.26914677023887634
-5.093999862670898,4.245999813079834,0.9447649121284485,5.113534927368164,0.09647667407989502,1.731672763824463,-0.0005718781030736864,0.3490869700908661
-5.093999862670898,4.245999813079834,1.1449637413024902,2.7190449237823486,0.09465266019105911,0.06418154388666153,0.05534486100077629,0.43805575370788574
-5.093999862670898,4.245999813079834,1.269214391708374,6.083632469177246,0.10920800268650055,0.0571664534509182,-0.05248628556728363,0.21285727620124817
-5.093999862670898,5.245999813079834,1.1722490787506104,5.009096145629883,0.41115373373031616,1.7598947286605835,0.022598590701818466,0.17963625490665436
-5.093999862670898,5.245999813079834,1.1722530126571655,2.6343274116516113,0.07379812747240067,0.03201429918408394,0.012970631010830402,0.5933088660240173
-5.093999862670898,5.245999813079834,1.2143471240997314,5.858579635620117,0.1176779717206955,0.08567213267087936,-0.0025560881476849318,0.2270549088716507
-5.093999862670898,6.245999813079834,1.051377534866333,4.156050205230713,0.24301065504550934,1.8768986463546753,-0.025289127603173256,0.1729086935520172
-5.093999862670898,6.245999813079834,1.082086443901062,2.5346810817718506,0.05704333260655403,0.03408239036798477,-0.06251198798418045,0.5934093594551086
-5.093999862670898,6.245999813079834,1.268282175064087,5.891284942626953,0.15038380026817322,0.06751324236392975,-0.05341918393969536,0.23368191719055176
-5.093999862670898,7.245999813079834,0.834216833114624,0.40949374437332153,0.08165864646434784,1.5745776891708374,0.017558149993419647,0.4379718005657196
-5.093999862670898,7.245999813079834,0.9841850996017456,3.3358895778656006,0.0914904922246933,0.150538831949234,0.011306381784379482,0.46005627512931824
-5.093999862670898,7.245999813079834,1.2879618406295776,0.021500103175640106,0.16814525425434113,0.07112414389848709,0.034964755177497864,0.10197198390960693
-5.093999862670898,8.246000289916992,1.1138087511062622,5.844681739807129,0.6254672408103943,1.3978146314620972,0.03607063367962837,0.39451780915260315
-5.093999862670898,8.246000289916992,0.8005965948104858,2.5111401081085205,0.0591265931725502,0.4251750707626343,0.10721245408058167,0.549754798412323
-5.093999862670898,8.246000289916992,0.8658648133277893,0.7527292370796204,0.12783078849315643,0.7490432858467102,-0.21636110544204712,0.05572739243507385
-5.093999862670898,9.246000289916992,0.8512393832206726,5.246370315551758,0.11695658415555954,1.3858336210250854,-0.2811759412288666,0.2783679664134979
-5.093999862670898,9.246000289916992,0.7605996131896973,1.8047136068344116,0.023199962452054024,0.058936115354299545,0.046870891004800797,0.44975194334983826
-5.093999862670898,9.246000289916992,0.6851673126220703,4.686125755310059,0.02073095552623272,0.08860915899276733,0.1032022014260292,0.27188000082969666
-5.093999862670898,16.246000289916992,0.8653137683868408,3.4519710540771484,0.05846671015024185,0.5388476848602295,0.05389218404889107,0.20455598831176758
-5.093999862670898,16.246000289916992,1.0317779779434204,0.5579606890678406,0.14100612699985504,0.07056129723787308,-0.14723052084445953,0.7914674282073975
-5.093999862670898,16.246000289916992,1.1133086681365967,0.21242070198059082,0.8487737774848938,0.7854158282279968,0.28573527932167053,0.003976547624915838
-5.093999862670898,17.246000289916992,0.7321811318397522,5.022617340087891,0.08499415963888168,2.3940963745117188,0.30542728304862976,0.0013136002235114574
-5.093999862670898,17.246000289916992,0.8681186437606812,0.8528414964675903,0.04308492690324783,0.06581498682498932,0.017591392621397972,0.9986609220504761
-5.093999862670898,17.246000289916992,0.9333674311637878,5.951196193695068,0.45005106925964355,1.9852432012557983,-0.0441407710313797,2.546100404288154e-05
-5.093999862670898,18.246000289916992,0.6782990097999573,4.5472893714904785,0.03452928364276886,0.9623832702636719,0.0794864296913147,0.0056013744324445724
-5.093999862670898,18.246000289916992,1.0713261365890503,1.4206149578094482,0.08433956652879715,0.07486104965209961,-0.06142352521419525,0.9943963289260864
-5.093999862670898,18.246000289916992,1.1419742107391357,5.684162139892578,1.8946735858917236,4.099715709686279,0.22016142308712006,2.2348428956320276e-06
-4.093999862670898,-11.753999710083008,0.7055224180221558,5.720872402191162,0.8850315809249878,1.8753094673156738,0.1518077701330185,0.012107073329389095
-4.093999862670898,-11.753999710083008,0.4261876344680786,2.845181941986084,0.02225245162844658,1.2896833419799805,-0.37051695585250854,0.028138428926467896
-4.093999862670898,-11.753999710083008,0.5874980688095093,4.429759979248047,0.009395133703947067,0.16011151671409607,0.14906060695648193,0.959754467010498
-4.093999862670898,-10.753999710083008,0.5362079739570618,5.829744815826416,0.14359934628009796,1.5548943281173706,-0.0582372285425663,0.04262572154402733
-4.093999862670898,-10.753999710083008,0.6269099116325378,2.016389846801758,0.016072619706392288,0.15650375187397003,-0.30689555406570435,0.379736989736557
-4.093999862670898,-10.753999710083008,0.6621333956718445,4.572253704071045,0.010943564586341381,0.22166363894939423,0.18286935985088348,0.577637255191803
-4.093999862670898,-9.753999710083008,0.8176491856575012,4.462785720825195,0.07468213886022568,1.045568585395813,-0.005478693637996912,0.35203805565834045
-4.093999862670898,-9.753999710083008,0.6312662959098816,0.8506412506103516,0.02529221773147583,0.5626381635665894,0.04610076919198036,0.13919049501419067
-4.093999862670898,-9.753999710083008,0.690316915512085,4.993954658508301,0.01808672398328781,0.31305333971977234,0.11000906676054001,0.5087714791297913
-4.093999862670898,-8.753999710083008,0.7373253107070923,5.305830478668213,0.0483681857585907,1.3023728132247925,0.022393258288502693,0.6022156476974487
-4.093999862670898,-8.753999710083008,0.671156108379364,1.8073647022247314,0.07648371160030365,1.2353737354278564,-0.03213927894830704,0.06049570441246033
-4.093999862670898,-8.753999710083008,0.6680008769035339,5.39616060256958,0.017657706514000893,0.23534834384918213,-0.06610187888145447,0.33728867769241333
-4.093999862670898,-7.754000186920166,0.8641121983528137,0.04850342124700546,0.18937456607818604,1.5744266510009766,0.11976425349712372,0.06158671900629997
-4.093999862670898,-7.754000186920166,0.7238385677337646,1.4069815874099731,0.053802940994501114,0.3211270272731781,0.017257602885365486,0.7109555006027222
-4.093999862670898,-7.754000186920166,0.7805914282798767,4.901779651641846,0.08653595298528671,0.5567502379417419,0.09164023399353027,0.2274577021598816
-4.093999862670898,-6.754000186920166,1.1937294006347656,4.632422924041748,0.1765342801809311,0.5674510598182678,0.16644561290740967,0.2026364952325821
-4.093999862670898,-6.754000186920166,0.9901672005653381,1.688889980316162,0.08924676477909088,0.11183221638202667,0.1845640242099762,0.6410890817642212
-4.093999862670898,-6.754000186920166,0.8105855584144592,5.616776466369629,0.049740299582481384,1.3931083679199219,0.14916980266571045,0.15627442300319672
-4.093999862670898,-5.754000186920166,0.8761479258537292,5.0696635246276855,0.09349814802408218,1.013527274131775,0.03662595897912979,0.30581730604171753
-4.093999862670898,-5.754000186920166,0.7516502737998962,1.349843978881836,0.05324779450893402,0.44459906220436096,-0.14600540697574615,0.39998650550842285
-4.093999862670898,-5.754000186920166,0.6443331837654114,4.499757766723633,0.04773827642202377,2.1082241535186768,-0.12486085295677185,0.2941962778568268
-4.093999862670898,-4.754000186920166,0.7513289451599121,3.6243913173675537,0.0704517588019371,0.9468398094177246,-0.16838115453720093,0.4897259473800659
-4.093999862670898,-4.754000186920166,0.6641990542411804,1.8897595405578613,0.02313612960278988,1.314945936203003,-0.2564293146133423,0.44428911805152893
-4.093999862670898,-4.754000186920166,0.7104153037071228,0.09251179546117783,0.020056316629052162,1.7159157991409302,-0.1300506442785263,0.06598489731550217
-4.093999862670898,-3.753999948501587,1.1125019788742065,1.2580307722091675,0.3313882350921631,1.6793593168258667,0.2194267213344574,0.2698972523212433
-4.093999862670898,-3.753999948501587,0.8134397864341736,4.264326572418213,0.05337365344166756,0.24098660051822662,0.060096509754657745,0.5458994507789612
-4.093999862670898,-3.753999948501587,0.871661365032196,1.138584852218628,0.055502358824014664,0.27525171637535095,-0.2920604646205902,0.18420329689979553
-4.093999862670898,-2.753999948501587,0.6239691376686096,1.3902008533477783,0.023348992690443993,0.8739961385726929,-0.10459242016077042,0.3201340138912201
-4.093999862670898,-2.753999948501587,1.0705201625823975,3.913113594055176,0.21238327026367188,0.21811725199222565,0.048020005226135254,0.36360564827919006
-4.093999862670898,-2.753999948501587,1.0773017406463623,0.6234847903251648,0.13942217826843262,0.3149750530719757,-0.06035076081752777,0.31626033782958984
-4.093999862670898,-1.753999948501587,1.151046633720398,1.6830707788467407,0.30341631174087524,1.2354528903961182,-0.044013071805238724,0.154152974486351
-4.093999862670898,-1.753999948501587,1.186326265335083,3.525238513946533,0.19848418235778809,0.12321583181619644,0.09004361927509308,0.4825116693973541
-4.093999862670898,-1.753999948501587,1.0172306299209595,0.5194317698478699,0.10880856961011887,0.22119152545928955,-0.4365713596343994,0.36333543062210083
-4.093999862670898,-0.7540000081062317,0.8074043393135071,2.554395914077759,0.05237597972154617,1.5660066604614258,0.10654225200414658,0.44499024748802185
-4.093999862670898,-0.7540000081062317,0.8607985973358154,3.9096827507019043,0.043939825147390366,0.21121464669704437,0.22893007099628448,0.4330293536186218
-4.093999862670898,-0.7540000081062317,0.9439728260040283,1.314123272895813,0.06792498379945755,0.2830345630645752,-0.10492002218961716,0.12198047339916229
-4.093999862670898,0.2460000067949295,0.6775585412979126,5.457649230957031,0.03212389349937439,1.4095520973205566,0.007147281430661678,0.5530827045440674
-4.093999862670898,0.2460000067949295,0.7340083718299866,3.505939245223999,0.10701854526996613,0.43686261773109436,0.1773756891489029,0.39456039667129517
-4.093999862670898,0.2460000067949295,1.095978021621704,1.1890345811843872,0.29559752345085144,0.1528308242559433,-0.28788989782333374,0.05235682800412178
-4.093999862670898,1.246000051498413,0.9512552618980408,4.307652473449707,0.08901415765285492,1.458366870880127,0.04938751459121704,0.4109322130680084
-4.093999862670898,1.246000051498413,1.0686595439910889,2.8948137760162354,0.07883384078741074,0.05493604764342308,0.044716473668813705,0.4853574335575104
-4.093999862670898,1.246000051498413,1.1497098207473755,5.596676826477051,0.09243093430995941,0.10515174269676208,0.21215301752090454,0.1037103533744812
-4.093999862670898,2.246000051498413,1.0189716815948486,5.18975830078125,0.18501804769039154,1.3195091485977173,0.0324912965297699,0.22929924726486206
-4.093999862670898,2.246000051498413,1.2071162462234497,2.9746246337890625,0.11421942710876465,0.11542485654354095,-0.07768852263689041,0.4621800184249878
-4.093999862670898,2.246000051498413,1.382067322731018,6.253471374511719,0.1668953001499176,0.035180263221263885,0.040786802768707275,0.30852070450782776
-4.093999862670898,3.246000051498413,1.0037503242492676,5.584138870239258,0.15244722366333008,1.9992414712905884,0.007385091856122017,0.22544381022453308
-4.093999862670898,3.246000051498413,1.1564321517944336,2.865443706512451,0.1000373363494873,0.08447745442390442,0.06114228442311287,0.4807994067668915
-4.093999862670898,3.246000051498413,1.2649039030075073,6.208306789398193,0.108100026845932,0.04237699881196022,-0.05156915262341499,0.2937568128108978
-4.093999862670898,4.245999813079834,0.919009268283844,4.432859897613525,0.09302140772342682,1.8021526336669922,0.0008136546239256859,0.32807087898254395
-4.093999862670898,4.245999813079834,1.1151576042175293,2.746577024459839,0.0974876657128334,0.07700695842504501,0.1266319453716278,0.45952290296554565
-4.093999862670898,4.245999813079834,1.2974480390548706,6.024564743041992,0.1261693686246872,0.06617174297571182,-0.03980462998151779,0.2124062329530716
-4.093999862670898,5.245999813079834,1.1418509483337402,4.315059185028076,0.3788931965827942,1.9104423522949219,0.03514916077256203,0.17420533299446106
-4.093999862670898,5.245999813079834,1.1643141508102417,2.5381908416748047,0.07041855901479721,0.036415670067071915,0.04146556556224823,0.5870246291160583
-4.093999862670898,5.245999813079834,1.2853258848190308,5.831663608551025,0.12048164010047913,0.06822595000267029,-0.015336948446929455,0.2387700378894806
-4.093999862670898,6.245999813079834,1.0337921380996704,4.149211883544922,0.25616464018821716,1.5326125621795654,-0.03915022686123848,0.23577654361724854
-4.093999862670898,6.245999813079834,1.0419639348983765,2.672528028488159,0.06333045661449432,0.04636508971452713,-0.03861256316304207,0.4718988537788391
-4.093999862670898,6.245999813079834,1.2801456451416016,5.941535949707031,0.17664280533790588,0.04792137071490288,-0.03203628957271576,0.29232460260391235
-4.093999862670898,7.245999813079834,0.649648904800415,0.9958627820014954,0.027149124071002007,1.3554826974868774,-0.004415856674313545,0.6893210411071777
-4.093999862670898,7.245999813079834,0.9245138168334961,3.669874668121338,0.11736368387937546,0.2506159842014313,-0.04117932170629501,0.2744637429714203
-4.093999862670898,7.245999813079834,1.3477948904037476,0.21680280566215515,0.24966274201869965,0.08185479789972305,-0.02055032178759575,0.03621521592140198
-4.093999862670898,8.246000289916992,1.0208410024642944,5.489907741546631,0.2892545759677887,2.1858952045440674,0.08697568625211716,0.1834096610546112
-4.093999862670898,8.246000289916992,0.8001333475112915,3.5464019775390625,0.0321241170167923,0.8211563229560852,0.011941957287490368,0.7934518456459045
-4.093999862670898,8.246000289916992,1.0421727895736694,0.8158073425292969,0.1060607060790062,0.6258150935173035,-0.07770922034978867,0.023138489574193954
-4.093999862670898,9.246000289916992,0.7489450573921204,4.078660011291504,0.14484989643096924,1.912710428237915,-0.3251647651195526,0.1095939353108406
-4.093999862670898,9.246000289916992,0.6491497755050659,2.06840443611145,0.013398947194218636,0.09939349442720413,-0.018834590911865234,0.5048989057540894
-4.093999862670898,9.246000289916992,0.6469582319259644,4.4791259765625,0.011799616739153862,0.19726291298866272,0.10374399274587631,0.38550716638565063
-4.093999862670898,10.246000289916992,0.7779542207717896,2.6701488494873047,0.11361370980739594,1.0522358417510986,0.11372476071119308,0.08034728467464447
-4.093999862670898,10.246000289916992,0.5789805054664612,2.7650036811828613,0.01968635991215706,0.37796691060066223,-0.19691181182861328,0.9166733622550964
-4.093999862670898,10.246000289916992,0.7439001798629761,4.895218372344971,0.0927886962890625,3.511532783508301,0.3833123743534088,0.0029793675057590008
-4.093999862670898,17.246000289916992,0.6462304592132568,5.3616814613342285,0.1924065202474594,2.9972305297851562,0.31081077456474304,1.4312557141238358e-05
-4.093999862670898,17.246000289916992,0.6778217554092407,0.14154113829135895,0.01443060114979744,0.03179657459259033,-0.02415637858211994,0.9999855756759644
-4.093999862670898,17.246000289916992,0.9280638098716736,0.1596493422985077,1.5524946451187134,7.989581108093262,-0.13196150958538055,1.5133832675928716e-07
-4.093999862670898,18.246000289916992,0.7968752384185791,5.146431922912598,0.06420564651489258,1.0364856719970703,0.1874641478061676,0.0027159457094967365
-4.093999862670898,18.246000289916992,1.154581904411316,0.9244141578674316,0.07145188748836517,0.03271104395389557,-0.05803851783275604,0.9972776770591736
-4.093999862670898,18.246000289916992,1.1781818866729736,6.276849746704102,1.0355722904205322,1.7255676984786987,0.022790197283029556,6.396588105417322e-06
-3.0940001010894775,-11.753999710083008,0.9731251001358032,6.134248733520508,1.7821993827819824,0.3447454571723938,-0.0556449331343174,5.249868308965233e-07
-3.0940001010894775,-11.753999710083008,0.29033517837524414,0.24861173331737518,0.08793682605028152,53.196258544921875,-0.2912074327468872,1.026372098422712e-09
-3.0940001010894775,-11.753999710083008,0.295886367559433,6.163967132568359,0.00026667272322811186,0.021510781720280647,-0.31007352471351624,0.9999995231628418
-3.0940001010894775,-10.753999710083008,0.6777306795120239,4.961724281311035,0.18486659228801727,0.6983792781829834,-0.0644359365105629,0.00422901613637805
-3.0940001010894775,-10.753999710083008,0.5133230090141296,5.030370235443115,0.012028379365801811,0.7749283909797668,-0.07011986523866653,0.00341107789427042
-3.0940001010894775,-10.753999710083008,0.620783805847168,1.0606311559677124,0.004281284753233194,0.12599119544029236,-0.28758713603019714,0.9923599362373352
-3.0940001010894775,-9.753999710083008,0.6406945586204529,6.057295799255371,0.08075106889009476,1.316435694694519,-0.05584830045700073,0.3949820399284363
-3.0940001010894775,-9.753999710083008,0.6260718107223511,0.8517022728919983,0.06605503708124161,1.06689453125,-0.2697284519672394,0.08645494282245636
-3.0940001010894775,-9.753999710083008,0.6285136342048645,4.689544677734375,0.01384769007563591,0.34703534841537476,-0.004605046007782221,0.5185630917549133
-3.0940001010894775,-8.753999710083008,0.6144810914993286,5.286108493804932,0.036835864186286926,1.8660310506820679,-0.011230112984776497,0.7195391058921814
-3.0940001010894775,-8.753999710083008,0.48015427589416504,1.818682074546814,0.02111983671784401,0.6000979542732239,-0.12129093706607819,0.14713238179683685
-3.0940001010894775,-8.753999710083008,0.7256971597671509,5.25638484954834,0.0166719201952219,0.1354401409626007,0.08552519977092743,0.13332855701446533
-3.0940001010894775,-7.754000186920166,0.7912197113037109,0.31861716508865356,0.21882298588752747,1.3899332284927368,-0.07738541811704636,0.056852348148822784
-3.0940001010894775,-7.754000186920166,0.6512084007263184,1.728090524673462,0.019900768995285034,0.15407469868659973,-0.15739136934280396,0.8184583783149719
-3.0940001010894775,-7.754000186920166,0.7001474499702454,4.738586902618408,0.03110288456082344,0.2738831341266632,0.2053169310092926,0.12468923628330231
-3.0940001010894775,-6.754000186920166,0.9124245047569275,4.431233882904053,0.04507102444767952,1.7235265970230103,-0.010890471749007702,0.2755550444126129
-3.0940001010894775,-6.754000186920166,0.8289633989334106,1.4753371477127075,0.08316686004400253,0.21815884113311768,0.053907640278339386,0.6250535249710083
-3.0940001010894775,-6.754000186920166,0.7819190621376038,4.549897193908691,0.04532834514975548,0.35126951336860657,0.19079861044883728,0.09939152747392654
-3.0940001010894775,-5.754000186920166,0.908594012260437,3.8958241939544678,0.05990112945437431,0.9520837664604187,0.2904490530490875,0.21896789968013763
-3.0940001010894775,-5.754000186920166,0.7878094911575317,1.4773530960083008,0.062294818460941315,0.16294889152050018,-0.0043941643089056015,0.7635387182235718
-3.0940001010894775,-5.754000186920166,0.8637232780456543,6.015126705169678,0.11592737585306168,0.7024875283241272,0.0750466138124466,0.017493436112999916
-3.0940001010894775,-4.754000186920166,0.8847908973693848,4.324913501739502,0.035754114389419556,0.3357433080673218,0.04617758095264435,0.691297709941864
-3.0940001010894775,-4.754000186920166,1.0119446516036987,1.866773009300232,0.14712831377983093,0.23817884922027588,0.09571641683578491,0.30048397183418274
-3.0940001010894775,-4.754000186920166,1.0217794179916382,0.36113297939300537,0.18846607208251953,0.13169153034687042,0.21397507190704346,0.008218293078243732
-3.0940001010894775,-3.753999948501587,0.9689536690711975,2.6700892448425293,0.34337469935417175,1.6313894987106323,0.14867854118347168,0.09855450689792633
-3.0940001010894775,-3.753999948501587,0.8833446502685547,4.227753162384033,0.05798450484871864,0.1183752715587616,-0.10415788739919662,0.44075697660446167
-3.0940001010894775,-3.753999948501587,1.0336154699325562,1.0521070957183838,0.08872982859611511,0.2127697467803955,-0.19980038702487946,0.4606885612010956
-3.0940001010894775,-2.753999948501587,0.8289449214935303,6.06248140335083,0.043255940079689026,1.0079833269119263,0.01958649419248104,0.39264899492263794
-3.0940001010894775,-2.753999948501587,1.1060683727264404,3.822371482849121,0.21527819335460663,0.1294570416212082,0.003250609617680311,0.273692786693573
-3.0940001010894775,-2.753999948501587,1.0890976190567017,0.6368405222892761,0.1214531660079956,0.24859550595283508,0.05193246528506279,0.33365827798843384
-3.0940001010894775,-1.753999948501587,1.0675082206726074,5.714977264404297,0.16141803562641144,1.503505825996399,0.11677830666303635,0.7385255694389343
-3.0940001010894775,-1.753999948501587,1.0715898275375366,3.997767448425293,0.12100987136363983,0.13445906341075897,-0.02400595135986805,0.1766192466020584
-3.0940001010894775,-1.753999948501587,0.9846881628036499,0.30984994769096375,0.061320021748542786,0.09341071546077728,-0.15579096972942352,0.08485518395900726
-3.0940001010894775,-0.7540000081062317,0.9943721294403076,1.8177615404129028,0.17195551097393036,1.7221405506134033,0.11542034149169922,0.36759740114212036
-3.0940001010894775,-0.7540000081062317,0.9216055870056152,3.889434337615967,0.08554688841104507,0.18267406523227692,0.09183891117572784,0.478463351726532
-3.0940001010894775,-0.7540000081062317,0.864466667175293,0.7776077389717102,0.08615617454051971,0.4535765051841736,-0.03981376066803932,0.15393930673599243
-3.0940001010894775,0.2460000067949295,0.8009209036827087,5.642230033874512,0.0508447140455246,1.4634149074554443,-0.03454091027379036,0.4884069263935089
-3.0940001010894775,0.2460000067949295,0.9383531808853149,3.7264792919158936,0.14418694376945496,0.28229692578315735,0.09737139195203781,0.46533912420272827
-3.0940001010894775,0.2460000067949295,0.9578846096992493,0.9457950592041016,0.15318839251995087,0.23278853297233582,-0.12869738042354584,0.04625389724969864
-3.0940001010894775,1.246000051498413,1.006190299987793,5.433685779571533,0.08857806026935577,1.6938786506652832,0.10777673870325089,0.47342392802238464
-3.0940001010894775,1.246000051498413,1.1770333051681519,3.0996789932250977,0.11566132307052612,0.1319446861743927,-0.1282150149345398,0.3857795298099518
-3.0940001010894775,1.246000051498413,1.2420772314071655,5.847695827484131,0.11047777533531189,0.06242049112915993,-0.05619841814041138,0.14079661667346954
-3.0940001010894775,2.246000051498413,1.0891923904418945,5.148747444152832,0.3346153795719147,1.909491777420044,0.10354632139205933,0.28282836079597473
-3.0940001010894775,2.246000051498413,1.1400549411773682,3.006676435470581,0.09221920371055603,0.09308967739343643,-0.11005057394504547,0.4671449661254883
-3.0940001010894775,2.246000051498413,1.165910243988037,6.1925048828125,0.08557768911123276,0.04335235059261322,0.07205652445554733,0.2500267028808594
-3.0940001010894775,3.246000051498413,0.9839243292808533,5.892552852630615,0.11727255582809448,1.5266611576080322,0.027213817462325096,0.27178826928138733
-3.0940001010894775,3.246000051498413,1.1112754344940186,2.8543920516967773,0.08690764755010605,0.05858059227466583,0.005886621307581663,0.4196372926235199
-3.0940001010894775,3.246000051498413,1.176038384437561,6.186636924743652,0.08891677856445312,0.04412124678492546,0.06244036182761192,0.308574378490448
-3.0940001010894775,4.245999813079834,0.9982486963272095,5.096971035003662,0.20194995403289795,2.178556203842163,0.06472557038068771,0.18277540802955627
-3.0940001010894775,4.245999813079834,1.071235179901123,2.814392328262329,0.07053261995315552,0.06055349484086037,0.010345667600631714,0.6351768374443054
-3.0940001010894775,4.245999813079834,1.0995674133300781,5.879401206970215,0.0811026319861412,0.07052542269229889,0.10471073538064957,0.1820477545261383
-3.0940001010894775,5.245999813079834,1.0280160903930664,4.670891761779785,0.18567205965518951,2.0008602142333984,0.03328760340809822,0.136926531791687
-3.0940001010894775,5.245999813079834,1.1619353294372559,2.647620439529419,0.07534892112016678,0.03308596462011337,0.08276469260454178,0.5791314244270325
-3.0940001010894775,5.245999813079834,1.2680022716522217,5.881351947784424,0.10078278928995132,0.04165889695286751,0.03065023198723793,0.28394201397895813
-3.0940001010894775,6.245999813079834,0.9372227191925049,5.451539516448975,0.0604720264673233,1.2774401903152466,0.06828869879245758,0.4054935872554779
-3.0940001010894775,6.245999813079834,1.0086803436279297,2.841987133026123,0.10332602262496948,0.3464425802230835,0.1737183779478073,0.3769128918647766
-3.0940001010894775,6.245999813079834,1.1900511980056763,5.9962477684021,0.08683743327856064,0.028848735615611076,-0.0333716906607151,0.2175934612751007
-3.0940001010894775,7.245999813079834,0.9592090845108032,4.387864589691162,0.05874722823500633,0.9089136719703674,0.0512906089425087,0.34295210242271423
-3.0940001010894775,7.245999813079834,0.852356493473053,2.7394025325775146,0.05345289036631584,2.641605854034424,0.09546563774347305,0.6160348057746887
-3.0940001010894775,7.245999813079834,1.251570463180542,0.47303253412246704,0.20475338399410248,0.18481026589870453,-0.18907533586025238,0.04101308435201645
-3.0940001010894775,8.246000289916992,0.8806159496307373,4.0670881271362305,0.10383257269859314,0.877787709236145,0.08949129283428192,0.36671242117881775
-3.0940001010894775,8.246000289916992,0.8371951580047607,1.744803786277771,0.04613984376192093,1.6434199810028076,-0.24202920496463776,0.49086132645606995
-3.0940001010894775,8.246000289916992,1.0227608680725098,0.5882993340492249,0.08127744495868683,1.6057915687561035,-0.15663711726665497,0.1424262672662735
-3.0940001010894775,9.246000289916992,0.848967969417572,2.13875675201416,0.14500126242637634,1.4956636428833008,-0.02101028710603714,0.2392132729291916
-3.0940001010894775,9.246000289916992,0.686601459980011,2.10953950881958,0.029068054631352425,0.17158369719982147,-0.3186114728450775,0.5480015277862549
-3.0940001010894775,9.246000289916992,0.6440606117248535,5.235616207122803,0.023450713604688644,1.1902400255203247,0.06695018708705902,0.21278513967990875
-3.0940001010894775,10.246000289916992,0.740969717502594,2.5657918453216553,0.1364997923374176,0.8920494318008423,-0.06453701108694077,0.17398056387901306
-3.0940001010894775,10.246000289916992,0.5375470519065857,1.4319136142730713,0.018165282905101776,0.5232838988304138,-0.14034229516983032,0.5097654461860657
-3.0940001010894775,10.246000289916992,0.610454797744751,5.261867523193359,0.017909632995724678,0.8823785781860352,0.05137793347239494,0.3162539601325989
-3.0940001010894775,11.246000289916992,1.0023757219314575,0.5319302082061768,0.277299165725708,2.4218623638153076,0.1942625790834427,0.004459317307919264
-3.0940001010894775,11.246000289916992,0.6344707012176514,4.32268762588501,0.006167789921164513,2.9006459712982178,-0.27927401661872864,0.9937379360198975
-3.0940001010894775,11.246000289916992,0.7210281491279602,0.8427568078041077,0.04479688033461571,4.404514789581299,0.020401904359459877,0.0018027547048404813
-2.0940001010894775,-10.753999710083008,0.7803728580474854,3.3921327590942383,0.35275015234947205,0.615003764629364,0.008313111029565334,0.0004361404571682215
-2.0940001010894775,-10.753999710083008,0.36839812994003296,3.590014696121216,0.010525276884436607,7.47479772567749,-0.08428478240966797,4.4642467400990427e-05
-2.0940001010894775,-10.753999710083008,0.621110737323761,2.553334951400757,0.0020988332107663155,0.08944207429885864,-0.48553720116615295,0.9995192289352417
-2.0940001010894775,-9.753999710083008,0.6837059855461121,6.165877819061279,0.1612185388803482,0.9817919135093689,-0.026583373546600342,0.051046185195446014
-2.0940001010894775,-9.753999710083008,0.6174980401992798,1.1657016277313232,0.08623871207237244,0.7533270716667175,-0.11545751243829727,0.008531621657311916
-2.0940001010894775,-9.753999710083008,0.6797981262207031,5.144287109375,0.013970048166811466,0.1495051085948944,-0.011340731754899025,0.9404221773147583
-2.0940001010894775,-8.753999710083008,0.6494578719139099,0.05395061522722244,0.015090479515492916,1.0661383867263794,-0.09191151708364487,0.9535367488861084
-2.0940001010894775,-8.753999710083008,0.6043416857719421,2.2973787784576416,0.08604944497346878,0.2891498804092407,0.27494412660598755,0.02369062788784504
-2.0940001010894775,-8.753999710083008,0.898547887802124,5.7191057205200195,0.10694146901369095,0.08349907398223877,0.08240307867527008,0.02277262881398201
-2.0940001010894775,-7.754000186920166,0.8301630616188049,1.2735402584075928,0.11518161743879318,1.5618841648101807,-0.05920345336198807,0.13178828358650208
-2.0940001010894775,-7.754000186920166,0.7931413650512695,1.6811069250106812,0.08706196397542953,0.07635898888111115,-0.008676704950630665,0.31411024928092957
-2.0940001010894775,-7.754000186920166,0.8692485094070435,5.0706400871276855,0.10413123667240143,0.08080718666315079,-0.005747911520302296,0.5541015267372131
-2.0940001010894775,-6.754000186920166,0.7932170629501343,4.005895614624023,0.09427280724048615,1.1551406383514404,0.1084466502070427,0.22469043731689453
-2.0940001010894775,-6.754000186920166,0.9627794623374939,1.8559006452560425,0.1196739673614502,0.16442416608333588,0.05841502174735069,0.6381973624229431
-2.0940001010894775,-6.754000186920166,0.7497554421424866,4.8429155349731445,0.05876709520816803,0.1491139680147171,0.10956168919801712,0.13711217045783997
-2.0940001010894775,-5.754000186920166,0.9899243116378784,4.735998153686523,0.17738232016563416,1.0460766553878784,0.4463011920452118,0.010583240538835526
-2.0940001010894775,-5.754000186920166,0.7885801196098328,1.4726982116699219,0.040585003793239594,0.20757198333740234,0.11134500801563263,0.9804387092590332
-2.0940001010894775,-5.754000186920166,0.8367031216621399,0.5154846906661987,0.10101290792226791,0.41853928565979004,0.1465456634759903,0.008977996185421944
-2.0940001010894775,-4.754000186920166,0.8925098180770874,4.656449794769287,0.024086395278573036,0.23581993579864502,0.05548284202814102,0.9775328040122986
-2.0940001010894775,-4.754000186920166,1.0612541437149048,2.395664930343628,0.504374623298645,0.32869067788124084,0.1285126805305481,0.020727813243865967
-2.0940001010894775,-4.754000186920166,0.8541128039360046,6.122360706329346,0.13403631746768951,0.11448091268539429,0.16907313466072083,0.0017393148737028241
-2.0940001010894775,-3.753999948501587,1.0485517978668213,0.951880156993866,0.6083561182022095,2.3581724166870117,0.23438332974910736,0.03919783607125282
-2.0940001010894775,-3.753999948501587,0.6649861335754395,3.23869252204895,0.018560394644737244,0.63127601146698,0.019538085907697678,0.9274203777313232
-2.0940001010894775,-3.753999948501587,0.8281926512718201,0.2884793281555176,0.05699115991592407,0.4332561492919922,-0.18767112493515015,0.03338188678026199
-2.0940001010894775,-2.753999948501587,0.8524284958839417,4.3432464599609375,0.0659153014421463,0.8812607526779175,0.15853123366832733,0.11105737090110779
-2.0940001010894775,-2.753999948501587,1.078411340713501,3.9991326332092285,0.16227638721466064,0.16405445337295532,-0.03752406686544418,0.32901570200920105
-2.0940001010894775,-2.753999948501587,1.1349821090698242,0.6921790838241577,0.11828753352165222,0.211183100938797,-0.0073803928680717945,0.5599269270896912
-2.0940001010894775,-1.753999948501587,1.1608935594558716,5.827986717224121,0.22872254252433777,1.8039202690124512,0.2555500566959381,0.29093843698501587
-2.0940001010894775,-1.753999948501587,0.9588298201560974,4.062584400177002,0.07985889911651611,0.8327444791793823,-0.11203064769506454,0.5606852173805237
-2.0940001010894775,-1.753999948501587,0.9710996747016907,0.34433513879776,0.07559594511985779,0.20616352558135986,-0.054609887301921844,0.14837628602981567
-2.0940001010894775,-0.7540000081062317,1.1567540168762207,0.3944118916988373,0.31356367468833923,2.096682548522949,0.17662513256072998,0.28351765871047974
-2.0940001010894775,-0.7540000081062317,0.8693559765815735,3.763007164001465,0.08393029123544693,0.3219621181488037,0.1326051503419876,0.6610867381095886
-2.0940001010894775,-0.7540000081062317,0.7982341647148132,0.49531155824661255,0.11131405085325241,0.6351237893104553,-0.01640181615948677,0.05539568141102791
-2.0940001010894775,0.2460000067949295,0.8385944962501526,6.01019287109375,0.0750175416469574,1.358039140701294,0.04117703065276146,0.5937184691429138
-2.0940001010894775,0.2460000067949295,0.8987703919410706,3.3215997219085693,0.09651461243629456,0.31262797117233276,0.022028418257832527,0.3014521300792694
-2.0940001010894775,0.2460000067949295,0.8912032246589661,0.9136676788330078,0.07992392778396606,0.15080910921096802,-0.15057949721813202,0.10482940822839737
-2.0940001010894775,1.246000051498413,0.888440728187561,0.5839923024177551,0.060317981988191605,1.4366179704666138,0.10212212055921555,0.44804391264915466
-2.0940001010894775,1.246000051498413,1.0342600345611572,3.1687564849853516,0.10340158641338348,0.30919840931892395,-0.13538305461406708,0.36227625608444214
-2.0940001010894775,1.246000051498413,1.1633524894714355,6.072911739349365,0.11568868160247803,0.08714881539344788,-0.11935237050056458,0.189679816365242
-2.0940001010894775,2.246000051498413,1.074995994567871,5.890899658203125,0.15402844548225403,1.6136655807495117,0.13930802047252655,0.2311146855354309
-2.0940001010894775,2.246000051498413,1.1011087894439697,2.9182188510894775,0.08507589995861053,0.12226139008998871,-0.08082067966461182,0.4893452525138855
-2.0940001010894775,2.246000051498413,1.121928095817566,6.09107780456543,0.07538586854934692,0.07263968139886856,0.15480715036392212,0.2795400321483612
-2.0940001010894775,3.246000051498413,0.9304865002632141,5.612488746643066,0.09287574887275696,1.1990106105804443,0.025180334225296974,0.35470831394195557
-2.0940001010894775,3.246000051498413,1.0472331047058105,2.627561569213867,0.06282556802034378,0.03680812194943428,0.05167296528816223,0.3857758641242981
-2.0940001010894775,3.246000051498413,1.1784343719482422,6.033255100250244,0.11099381744861603,0.05680244043469429,0.10827465355396271,0.2595158815383911
-2.0940001010894775,4.245999813079834,0.9861011505126953,5.460371971130371,0.12814493477344513,1.6537117958068848,0.008297840133309364,0.21202529966831207
-2.0940001010894775,4.245999813079834,1.056010127067566,2.620443820953369,0.06915196776390076,0.03157176822423935,0.057641565799713135,0.5584315061569214
-2.0940001010894775,4.245999813079834,1.1027926206588745,5.936961650848389,0.08239895850419998,0.06829618662595749,0.05415898934006691,0.22954316437244415
-2.0940001010894775,5.245999813079834,1.0160505771636963,5.398720741271973,0.1080179214477539,2.190706968307495,0.12278039008378983,0.23389561474323273
-2.0940001010894775,5.245999813079834,1.0367982387542725,2.65531325340271,0.06184261292219162,0.08166740834712982,0.06967726349830627,0.44412899017333984
-2.0940001010894775,5.245999813079834,1.115602731704712,5.899295806884766,0.06452630460262299,0.044115208089351654,0.09467433393001556,0.32197538018226624
-2.0940001010894775,6.245999813079834,0.9421077966690063,3.9570069313049316,0.022535109892487526,0.5940444469451904,0.24338306486606598,0.3795311748981476
-2.0940001010894775,6.245999813079834,0.922644853591919,2.7794225215911865,0.10710614919662476,1.5748170614242554,0.12317385524511337,0.5494828820228577
-2.0940001010894775,6.245999813079834,1.0702484846115112,5.949152946472168,0.10218100994825363,0.12481934577226639,0.07149782031774521,0.07098604738712311
-2.0940001010894775,7.245999813079834,0.8638709187507629,4.66806173324585,0.02512136660516262,0.6130049228668213,-0.017800718545913696,0.30113455653190613
-2.0940001010894775,7.245999813079834,0.8739479780197144,2.0298080444335938,0.06158265843987465,2.0504472255706787,0.07963532954454422,0.6708269119262695
-2.0940001010894775,7.245999813079834,1.2254600524902344,6.226827621459961,0.2698364853858948,0.4348147511482239,-0.13734187185764313,0.02803855575621128
-2.0940001010894775,8.246000289916992,0.7828359603881836,5.259603977203369,0.03779789060354233,1.2680728435516357,-0.04383574798703194,0.5225567817687988
-2.0940001010894775,8.246000289916992,1.070491909980774,1.8641531467437744,0.12223414331674576,0.2332419753074646,-0.2741098403930664,0.392586886882782
-2.0940001010894775,8.246000289916992,0.9392990469932556,5.68499231338501,0.13568131625652313,0.927395224571228,0.06518209725618362,0.0848563089966774
-2.0940001010894775,9.246000289916992,1.0009769201278687,3.2206778526306152,0.09922060370445251,1.0466537475585938,0.10264283418655396,0.1857871413230896
-2.0940001010894775,9.246000289916992,0.9265984892845154,1.3612090349197388,0.11645501852035522,0.28838270902633667,-0.2419411540031433,0.6475580930709839
-2.0940001010894775,9.246000289916992,0.6876794695854187,5.482917308807373,0.03494441136717796,1.3565788269042969,0.1534052938222885,0.1666547805070877
-2.0940001010894775,10.246000289916992,0.8072453737258911,3.487730026245117,0.07840348035097122,0.888049304485321,0.13010461628437042,0.20168906450271606
-2.0940001010894775,10.246000289916992,0.704401433467865,0.8372572064399719,0.062332943081855774,0.6860750317573547,-0.11074411869049072,0.7593933939933777
-2.0940001010894775,10.246000289916992,0.7203364968299866,5.289675235748291,0.06879286468029022,1.782642126083374,0.018198756501078606,0.038917552679777145
-2.0940001010894775,11.246000289916992,1.0152431726455688,4.855851650238037,0.23455098271369934,2.2338390350341797,0.018556062132120132,0.026407402008771896
-2.0940001010894775,11.246000289916992,0.7471019625663757,0.5105821490287781,0.03723921626806259,0.31822919845581055,-0.15287303924560547,0.267376184463501
-2.0940001010894775,11.246000289916992,0.6694870591163635,4.275028228759766,0.0214853398501873,0.7234262824058533,0.09991088509559631,0.7062163949012756
-2.0940001010894775,12.246000289916992,0.9107796549797058,2.7199432849884033,1.449140191078186,1.9389594793319702,0.35425204038619995,0.0006602933281101286
-2.0940001010894775,12.246000289916992,0.5733730792999268,1.1678498983383179,0.011189102195203304,0.030684947967529297,-0.04399974271655083,0.9982220530509949
-2.0940001010894775,12.246000289916992,0.6259904503822327,5.488585948944092,0.021437108516693115,0.13279400765895844,-0.13088305294513702,0.001117564970627427
-1.093999981880188,-7.754000186920166,1.0081069469451904,6.210573673248291,1.3957006931304932,2.4802324771881104,0.02768590860068798,0.0010496553732082248
-1.093999981880188,-7.754000186920166,1.1512161493301392,2.127471446990967,0.054138604551553726,0.0044842129573225975,0.08290935307741165,0.05083659291267395
-1.093999981880188,-7.754000186920166,0.9621214866638184,5.246726989746094,0.04118746891617775,0.016441144049167633,-0.036124370992183685,0.948113739490509
-1.093999981880188,-3.753999948501587,0.8381786942481995,4.977357864379883,0.1928878277540207,1.5157966613769531,0.11168363690376282,0.03394926339387894
-1.093999981880188,-3.753999948501587,0.5065703392028809,2.5378904342651367,0.029442451894283295,0.781201958656311,0.0006154670263640583,0.015514816157519817
-1.093999981880188,-3.753999948501587,0.6117969155311584,5.374304294586182,0.017171477898955345,0.13655886054039001,-0.06257973611354828,0.9505359530448914
-1.093999981880188,-2.753999948501587,0.6199392080307007,5.048262596130371,0.0959138348698616,1.4462734460830688,0.17448578774929047,0.36190265417099
-1.093999981880188,-2.753999948501587,0.5501965284347534,2.2499489784240723,0.03235435485839844,2.108170509338379,-0.0871063619852066,0.27988624572753906
-1.093999981880188,-2.753999948501587,0.7246861457824707,5.913626670837402,0.02049810066819191,0.6946679949760437,-0.19348947703838348,0.35821110010147095
-1.093999981880188,-1.753999948501587,1.0145224332809448,3.930604934692383,0.18682077527046204,1.223828911781311,0.28338631987571716,0.33085036277770996
-1.093999981880188,-1.753999948501587,0.6315683722496033,2.8173975944519043,0.05193160101771355,1.202903389930725,-0.034518465399742126,0.2609475255012512
-1.093999981880188,-1.753999948501587,0.8614164590835571,0.5125664472579956,0.09312770515680313,0.12932877242565155,-0.2657584547996521,0.4082021415233612
-1.093999981880188,-0.7540000081062317,1.278127670288086,0.38518837094306946,0.6221613883972168,1.985718011856079,0.11260481178760529,0.28083014488220215
-1.093999981880188,-0.7540000081062317,1.0760618448257446,3.673312187194824,0.12271972000598907,0.4778502285480499,0.12262900173664093,0.5385614633560181
-1.093999981880188,-0.7540000081062317,0.9752498269081116,0.8010477423667908,0.08711560070514679,0.20714229345321655,-0.42985835671424866,0.18060839176177979
-1.093999981880188,0.2460000067949295,0.8678781986236572,5.4967851638793945,0.06565181165933609,1.337194561958313,0.022722182795405388,0.7910863757133484
-1.093999981880188,0.2460000067949295,1.1268465518951416,3.193305253982544,0.12844885885715485,0.24159865081310272,-0.12916643917560577,0.18023602664470673
-1.093999981880188,0.2460000067949295,1.2644683122634888,0.5872402787208557,0.1713617444038391,0.13251909613609314,-0.1088864728808403,0.028677629306912422
-1.093999981880188,1.246000051498413,0.8156177401542664,0.4138805568218231,0.06846244633197784,1.8088079690933228,0.01688484102487564,0.44205135107040405
-1.093999981880188,1.246000051498413,1.1137775182724,3.4875335693359375,0.1398017555475235,0.21493898332118988,-0.20257894694805145,0.3413598835468292
-1.093999981880188,1.246000051498413,1.3384876251220703,6.023965835571289,0.13729386031627655,0.05593234673142433,-0.12132564932107925,0.21658876538276672
-1.093999981880188,2.246000051498413,1.0718904733657837,4.5785112380981445,0.273910254240036,1.7746634483337402,0.08986781537532806,0.14929120242595673
-1.093999981880188,2.246000051498413,1.1676809787750244,2.9667937755584717,0.07856080681085587,0.07448863983154297,-0.07459722459316254,0.5669858455657959
-1.093999981880188,2.246000051498413,1.1652415990829468,6.088676452636719,0.07222259044647217,0.05322926491498947,-0.0029457854107022285,0.2837229073047638
-1.093999981880188,3.246000051498413,0.9070906043052673,5.153362274169922,0.1317773461341858,2.015507698059082,0.021929088979959488,0.2542266249656677
-1.093999981880188,3.246000051498413,1.1057188510894775,2.6810147762298584,0.09438546001911163,0.07606992870569229,-0.014305786229670048,0.4935915470123291
-1.093999981880188,3.246000051498413,1.1365810632705688,5.993490695953369,0.1028095930814743,0.07216401398181915,0.060139622539281845,0.25218185782432556
-1.093999981880188,4.245999813079834,0.946000874042511,5.3402557373046875,0.18503150343894958,1.9902664422988892,0.017012445256114006,0.2341913878917694
-1.093999981880188,4.245999813079834,1.1537548303604126,2.6161444187164307,0.10667820274829865,0.033618614077568054,-0.07780639827251434,0.45666733384132385
-1.093999981880188,4.245999813079834,1.0432603359222412,5.928366661071777,0.07720782607793808,0.04230060800909996,0.08719547837972641,0.30914121866226196
-1.093999981880188,5.245999813079834,1.1109410524368286,5.778776168823242,0.17983464896678925,1.5546053647994995,0.08776690065860748,0.2871354818344116
-1.093999981880188,5.245999813079834,1.083357572555542,2.531057357788086,0.07526062428951263,0.07630479335784912,-0.08556250482797623,0.4064660966396332
-1.093999981880188,5.245999813079834,1.1238030195236206,5.937502861022949,0.055874038487672806,0.03937859833240509,-0.013332161121070385,0.30639851093292236
-1.093999981880188,6.245999813079834,1.0077974796295166,4.618023872375488,0.05334017053246498,0.9456196427345276,0.19082482159137726,0.24834200739860535
-1.093999981880188,6.245999813079834,0.9850273132324219,2.2963781356811523,0.08656946569681168,1.1812163591384888,0.05277663841843605,0.7111315727233887
-1.093999981880188,6.245999813079834,1.079828143119812,5.637890815734863,0.1004885584115982,0.36603236198425293,0.07330579310655594,0.04052651301026344
-1.093999981880188,7.245999813079834,0.9320797324180603,4.507260322570801,0.06988508999347687,1.0414948463439941,0.09500418603420258,0.16961991786956787
-1.093999981880188,7.245999813079834,0.9554954767227173,2.3193359375,0.1076449304819107,0.9063959717750549,0.0370483435690403,0.806294858455658
-1.093999981880188,7.245999813079834,1.0879040956497192,5.244874954223633,0.15430468320846558,0.6808612942695618,0.026363885030150414,0.02408524788916111
-1.093999981880188,8.246000289916992,0.8167487978935242,4.718900680541992,0.046212781220674515,1.1677443981170654,0.09055034071207047,0.4899250566959381
-1.093999981880188,8.246000289916992,1.0876312255859375,1.677797794342041,0.0942893773317337,0.13172830641269684,-0.14355482161045074,0.49581506848335266
-1.093999981880188,8.246000289916992,0.9828894138336182,4.994752883911133,0.1370956003665924,1.119572401046753,0.16697297990322113,0.01425989344716072
-1.093999981880188,9.246000289916992,0.8997142314910889,4.1538262367248535,0.052570756524801254,0.8979977369308472,0.10567087680101395,0.232650488615036
-1.093999981880188,9.246000289916992,1.0125826597213745,1.1817556619644165,0.0962841585278511,0.1843361109495163,0.053240422159433365,0.7561736106872559
-1.093999981880188,9.246000289916992,0.8190513849258423,5.9306721687316895,0.1686939299106598,1.783728003501892,0.1518193483352661,0.011175941675901413
-1.093999981880188,10.246000289916992,0.7933628559112549,3.420724391937256,0.07335839420557022,1.044379472732544,0.14402253925800323,0.06819862127304077
-1.093999981880188,10.246000289916992,0.774194061756134,0.5605440735816956,0.023139363154768944,0.3214249908924103,0.12495391070842743,0.8967571258544922
-1.093999981880188,10.246000289916992,0.8386812806129456,0.35978564620018005,0.09143664687871933,0.5983560085296631,0.010766513645648956,0.035044245421886444
-1.093999981880188,11.246000289916992,1.0256614685058594,5.3929924964904785,0.3522018492221832,2.377936840057373,0.06922703236341476,0.013099554926156998
-1.093999981880188,11.246000289916992,0.7756940126419067,1.002721905708313,0.034219466149806976,0.42390355467796326,-0.035733677446842194,0.9820203185081482
-1.093999981880188,11.246000289916992,0.6572554111480713,6.052532196044922,0.0697573721408844,1.9306455850601196,-0.10326440632343292,0.004880095366388559
-1.093999981880188,12.246000289916992,1.046703577041626,4.7114715576171875,0.14909467101097107,0.9749892354011536,0.21445401012897491,0.07435408979654312
-1.093999981880188,12.246000289916992,0.9393543004989624,1.5209932327270508,0.12015636265277863,0.1087668389081955,0.28091782331466675,0.9195656776428223
-1.093999981880188,12.246000289916992,0.7847207188606262,5.573007106781006,0.06045452505350113,0.06784265488386154,0.11256684362888336,0.006080213002860546
-0.09399999678134918,-3.753999948501587,1.0282171964645386,0.7374627590179443,0.16066204011440277,0.5306721329689026,-0.016865968704223633,0.0020492493640631437
-0.09399999678134918,-3.753999948501587,0.5563712120056152,1.870110273361206,0.3753884434700012,6.4641289710998535,0.2300899475812912,3.698250657180324e-05
-0.09399999678134918,-3.753999948501587,0.6291587948799133,4.920886039733887,0.016186803579330444,0.12871424853801727,-0.008465037681162357,0.9979137778282166
-0.09399999678134918,-2.753999948501587,0.6712701916694641,6.2340898513793945,0.0511215403676033,2.1379764080047607,0.12542873620986938,0.3056178390979767
-0.09399999678134918,-2.753999948501587,0.6099922060966492,1.6767584085464478,0.03543936833739281,0.8026348948478699,0.164825439453125,0.649732768535614
-0.09399999678134918,-2.753999948501587,0.7225174307823181,5.907598972320557,0.047336678951978683,1.0296162366867065,-0.10495808720588684,0.044649410992860794
-0.09399999678134918,-1.753999948501587,0.668958842754364,3.3202672004699707,0.0494406595826149,0.8193656802177429,0.15666036307811737,0.47401583194732666
-0.09399999678134918,-1.753999948501587,0.5828824043273926,1.5591518878936768,0.02424568124115467,1.0582447052001953,-0.10227254033088684,0.4248211979866028
-0.09399999678134918,-1.753999948501587,0.7554534077644348,5.88809061050415,0.04229177162051201,1.3129862546920776,0.08851504325866699,0.10116290301084518
-0.09399999678134918,-0.7540000081062317,1.1564913988113403,5.67042350769043,0.24577371776103973,1.8820797204971313,0.06527514010667801,0.2560468912124634
-0.09399999678134918,-0.7540000081062317,0.9504380822181702,3.167945146560669,0.13413342833518982,1.0342713594436646,0.06549931317567825,0.536152184009552
-0.09399999678134918,-0.7540000081062317,1.0886539220809937,0.2882622182369232,0.1785822957754135,0.12885774672031403,-0.4237208962440491,0.207800954580307
-0.09399999678134918,0.2460000067949295,0.9323923587799072,5.244638442993164,0.04283737391233444,1.6288890838623047,-0.0164500679820776,0.5987199544906616
-0.09399999678134918,0.2460000067949295,1.0948411226272583,3.1459286212921143,0.09104973077774048,0.701242208480835,-0.1262470781803131,0.35454171895980835
-0.09399999678134918,0.2460000067949295,1.432396411895752,0.3986484706401825,0.2103530764579773,0.12478280812501907,-0.16661123931407928,0.046738334000110626
-0.09399999678134918,1.246000051498413,0.900124728679657,0.19505742192268372,0.10253425687551498,2.0282785892486572,0.05374433472752571,0.24807821214199066
-0.09399999678134918,1.246000051498413,1.194261074066162,3.566084623336792,0.08705073595046997,0.0849667638540268,-0.10460548847913742,0.4448353350162506
-0.09399999678134918,1.246000051498413,1.2867788076400757,0.11290919780731201,0.09230624884366989,0.05693686380982399,-0.08451475203037262,0.30708640813827515
-0.09399999678134918,2.246000051498413,0.9508793354034424,3.711836099624634,0.14318960905075073,2.0214710235595703,0.09561461210250854,0.12587228417396545
-0.09399999678134918,2.246000051498413,1.149819016456604,2.9672977924346924,0.07840635627508163,0.06377212703227997,0.016401613131165504,0.5377024412155151
-0.09399999678134918,2.246000051498413,1.2498329877853394,6.074981212615967,0.09490402787923813,0.04768244922161102,0.02872653678059578,0.336425244808197
-0.09399999678134918,3.246000051498413,0.8701015710830688,4.8814377784729,0.07893481850624084,2.2661476135253906,-0.02724180743098259,0.30834200978279114
-0.09399999678134918,3.246000051498413,1.073887825012207,2.680697202682495,0.0896814838051796,0.06926397979259491,0.008620289154350758,0.5680712461471558
-0.09399999678134918,3.246000051498413,1.259804129600525,5.93710994720459,0.12769076228141785,0.06916011869907379,-0.05769943445920944,0.12358676642179489
-0.09399999678134918,4.245999813079834,0.8405314683914185,5.1707353591918945,0.051575854420661926,1.9215407371520996,-0.07031936198472977,0.5123321413993835
-0.09399999678134918,4.245999813079834,1.1647660732269287,2.5440895557403564,0.11592988669872284,0.0828135758638382,-0.10419268906116486,0.3385043740272522
-0.09399999678134918,4.245999813079834,1.2155797481536865,5.943129062652588,0.11409488320350647,0.05338248610496521,-0.029224060475826263,0.14916352927684784
-0.09399999678134918,5.245999813079834,0.9546072483062744,5.254033088684082,0.08423462510108948,1.7322754859924316,0.08805222064256668,0.3174067735671997
-0.09399999678134918,5.245999813079834,1.0395236015319824,2.4708125591278076,0.08215407282114029,0.12643812596797943,-0.09838763624429703,0.5746274590492249
-0.09399999678134918,5.245999813079834,1.090470314025879,5.842818260192871,0.08413426578044891,0.08410057425498962,0.021771959960460663,0.10796577483415604
-0.09399999678134918,6.245999813079834,0.9995290637016296,4.812704086303711,0.10185180604457855,1.259584665298462,0.13016930222511292,0.4101516902446747
-0.09399999678134918,6.245999813079834,0.8808700442314148,2.2212672233581543,0.07944820076227188,0.47631925344467163,-0.06880791485309601,0.5041333436965942
-0.09399999678134918,6.245999813079834,1.0191476345062256,5.076199531555176,0.07291392236948013,0.4432116150856018,-0.023411298170685768,0.08571497350931168
-0.09399999678134918,7.245999813079834,1.097349762916565,5.388040542602539,0.13631339371204376,1.6277377605438232,0.13134299218654633,0.16867588460445404
-0.09399999678134918,7.245999813079834,0.9383412003517151,1.8905538320541382,0.06383524090051651,0.5514206886291504,0.11876149475574493,0.6374819278717041
-0.09399999678134918,7.245999813079834,1.0234689712524414,4.806272029876709,0.073408342897892,0.39733099937438965,0.1506989300251007,0.19384214282035828
-0.09399999678134918,8.246000289916992,0.8564133048057556,5.0088090896606445,0.06511671096086502,1.439771056175232,0.09093707799911499,0.33890917897224426
-0.09399999678134918,8.246000289916992,0.9261853694915771,1.55979585647583,0.06952336430549622,0.218052938580513,0.06552846729755402,0.5753344893455505
-0.09399999678134918,8.246000289916992,0.9258347153663635,4.69417667388916,0.07491950690746307,0.4509319067001343,0.2243518978357315,0.08575637638568878
-0.09399999678134918,9.246000289916992,0.9307312965393066,4.404175281524658,0.11938926577568054,0.48543521761894226,0.11079271137714386,0.32177433371543884
-0.09399999678134918,9.246000289916992,0.9988799095153809,1.2133162021636963,0.0621335543692112,0.21235832571983337,0.18993549048900604,0.5925770401954651
-0.09399999678134918,9.246000289916992,0.9050045013427734,5.452106475830078,0.10581578314304352,0.451812744140625,0.1896182745695114,0.08564862608909607
-0.09399999678134918,10.246000289916992,0.6104640960693359,4.822856426239014,0.024562986567616463,1.1704126596450806,0.13697344064712524,0.11092747002840042
-0.09399999678134918,10.246000289916992,0.9223810434341431,1.1939119100570679,0.04902688041329384,0.3289383351802826,0.18069975078105927,0.8832924365997314
-0.09399999678134918,10.246000289916992,1.093618631362915,0.7074127793312073,0.40748658776283264,0.35070061683654785,0.08370199799537659,0.005780091509222984
-0.09399999678134918,11.246000289916992,0.7453752160072327,0.887074887752533,0.11007831245660782,0.6947944164276123,0.03941580280661583,0.021387536078691483
-0.09399999678134918,11.246000289916992,0.7246993184089661,1.7143851518630981,0.04796094074845314,0.4122663736343384,0.4882611930370331,0.9763436317443848
-0.09399999678134918,11.246000289916992,0.6394714713096619,0.23382827639579773,0.14960238337516785,0.7797024250030518,0.18180888891220093,0.002268771408125758
-0.09399999678134918,12.246000289916992,1.0367722511291504,4.95930814743042,0.017492270097136497,0.3885214328765869,-0.09870102256536484,0.8928040862083435
-0.09399999678134918,12.246000289916992,1.1113446950912476,2.280106544494629,0.2229718714952469,0.25133636593818665,0.47973424196243286,0.10386723279953003
-0.09399999678134918,12.246000289916992,1.026394009590149,5.891848564147949,0.14053215086460114,0.08132043480873108,0.22623461484909058,0.0033285997342318296
0.906000018119812,-3.753999948501587,0.7171005010604858,6.272680759429932,0.30971062183380127,0.5115435123443604,-0.1072474792599678,3.123139322269708e-06
0.906000018119812,-3.753999948501587,0.4001920521259308,3.352785110473633,0.10516447573900223,1.9405173063278198,0.38395658135414124,3.476012352621183e-06
0.906000018119812,-3.753999948501587,0.5003997087478638,4.5609235763549805,0.007569264620542526,0.029802199453115463,0.14146992564201355,0.9999934434890747
0.906000018119812,-2.753999948501587,0.42674756050109863,6.242448806762695,0.009066518396139145,1.193645715713501,-0.005948961712419987,0.805120050907135
0.906000018119812,-2.753999948501587,0.6964737772941589,3.051586866378784,0.14357560873031616,0.37952378392219543,-0.25657957792282104,0.04815208166837692
0.906000018119812,-2.753999948501587,1.0256208181381226,6.166091442108154,0.1302473396062851,0.07631083577871323,-0.22552400827407837,0.14672787487506866
0.906000018119812,-1.753999948501587,0.6953898072242737,4.777912616729736,0.09481561928987503,1.1238850355148315,-0.13431981205940247,0.23258788883686066
0.906000018119812,-1.753999948501587,0.556728720664978,2.391859292984009,0.04509788751602173,0.967122495174408,-0.0699010118842125,0.1041920930147171
0.906000018119812,-1.753999948501587,0.6428564190864563,4.985469818115234,0.016639722511172295,1.06221342086792,0.1189984679222107,0.6632200479507446
0.906000018119812,-0.7540000081062317,1.055728554725647,5.324438571929932,0.15234701335430145,2.6022205352783203,0.1666753888130188,0.21466131508350372
0.906000018119812,-0.7540000081062317,0.7770098447799683,2.562998056411743,0.06073971837759018,0.7282803654670715,0.012606926262378693,0.6662142276763916
0.906000018119812,-0.7540000081062317,1.1226884126663208,0.3103180229663849,0.16879090666770935,0.19856345653533936,-0.2782365679740906,0.1191243976354599
0.906000018119812,0.2460000067949295,0.857001006603241,5.653177261352539,0.025543656200170517,1.5985558032989502,-0.010205426253378391,0.8895549178123474
0.906000018119812,0.2460000067949295,0.9707188606262207,2.972240924835205,0.10907181352376938,0.6099778413772583,0.04330377280712128,0.10470695048570633
0.906000018119812,0.2460000067949295,1.358760952949524,0.23090356588363647,0.21781636774539948,0.1350681185722351,-0.16317881643772125,0.0057381391525268555
0.906000018119812,1.246000051498413,0.7891488075256348,5.386758804321289,0.04633982852101326,1.7327430248260498,0.027520466595888138,0.5219374299049377
0.906000018119812,1.246000051498413,1.1451001167297363,3.4628374576568604,0.11778831481933594,0.11334539949893951,-0.09957760572433472,0.2760883867740631
0.906000018119812,1.246000051498413,1.1790586709976196,0.10067249834537506,0.08784500509500504,0.05759414657950401,-0.10311868041753769,0.20197422802448273
0.906000018119812,2.246000051498413,0.8330108523368835,3.8796982765197754,0.07410202920436859,1.149982213973999,-0.1209825798869133,0.3528133034706116
0.906000018119812,2.246000051498413,1.1329878568649292,2.6730167865753174,0.0960642397403717,0.034502286463975906,0.010205913335084915,0.5169171690940857
0.906000018119812,2.246000051498413,1.2546647787094116,6.111316204071045,0.1426604688167572,0.061236366629600525,-0.11200501769781113,0.1302695870399475
0.906000018119812,3.246000051498413,0.9548360705375671,5.614597797393799,0.15216517448425293,1.8540362119674683,-0.05733714625239372,0.20531708002090454
0.906000018119812,3.246000051498413,1.0716687440872192,2.517350196838379,0.06843499839305878,0.052812375128269196,0.04930492490530014,0.6180927157402039
0.906000018119812,3.246000051498413,1.2769441604614258,5.937072277069092,0.11748563498258591,0.05495892092585564,-0.013594287447631359,0.1765901893377304
0.906000018119812,4.245999813079834,0.9118320941925049,5.512174129486084,0.08057640492916107,1.733289361000061,-0.013650523498654366,0.37863171100616455
0.906000018119812,4.245999813079834,1.1242765188217163,2.4503087997436523,0.08638197183609009,0.1168292760848999,-0.03835037350654602,0.39915111660957336
0.906000018119812,4.245999813079834,1.2026185989379883,5.8533806800842285,0.10059439390897751,0.06254471838474274,0.0859755426645279,0.2222171276807785
0.906000018119812,5.245999813079834,0.8762506246566772,5.421605110168457,0.07495266199111938,1.7935081720352173,0.08448468893766403,0.26158562302589417
0.906000018119812,5.245999813079834,1.0534592866897583,2.412191867828369,0.09894204884767532,0.12111984193325043,0.08239155262708664,0.5476025342941284
0.906000018119812,5.245999813079834,1.1052707433700562,5.369128704071045,0.08907128870487213,0.08659576624631882,0.1553764045238495,0.1908118724822998
0.906000018119812,6.245999813079834,0.9150519967079163,4.9007415771484375,0.050499554723501205,1.008829116821289,0.029701653867959976,0.2091652750968933
0.906000018119812,6.245999813079834,1.0358632802963257,2.1593687534332275,0.0603654570877552,0.10447029769420624,0.08734593540430069,0.5982776880264282
0.906000018119812,6.245999813079834,1.0728317499160767,5.012104034423828,0.048902012407779694,0.06837910413742065,0.14354662597179413,0.19255700707435608
0.906000018119812,7.245999813079834,1.0578839778900146,5.543712615966797,0.33725789189338684,1.776003122329712,0.09652301669120789,0.10302308946847916
0.906000018119812,7.245999813079834,0.9956490993499756,2.0315163135528564,0.07030089944601059,0.10544481873512268,-0.007254497613757849,0.6431189179420471
0.906000018119812,7.245999813079834,1.0584014654159546,4.965259075164795,0.08215591311454773,0.10162100940942764,0.13390304148197174,0.25385794043540955
0.906000018119812,8.246000289916992,1.0027738809585571,5.395081043243408,0.39608457684516907,1.6140542030334473,0.027642130851745605,0.08876679092645645
0.906000018119812,8.246000289916992,1.0281586647033691,1.701269507408142,0.04846210032701492,0.07228007167577744,0.07143861800432205,0.5676279664039612
0.906000018119812,8.246000289916992,0.8852116465568542,4.63891077041626,0.042157094925642014,0.2112620621919632,0.25849440693855286,0.3436052203178406
0.906000018119812,9.246000289916992,0.9064225554466248,5.5337629318237305,0.15959049761295319,1.0113580226898193,0.12759333848953247,0.09080245345830917
0.906000018119812,9.246000289916992,0.9586960077285767,1.4545978307724,0.061942603439092636,0.09280679374933243,0.16598431766033173,0.8897610306739807
0.906000018119812,9.246000289916992,0.8963763117790222,5.688012599945068,0.10819349437952042,0.31144315004348755,0.18154634535312653,0.019436528906226158
0.906000018119812,10.246000289916992,0.8401384949684143,0.24002303183078766,0.08514026552438736,0.8214938044548035,-0.02348013035953045,0.11727990210056305
0.906000018119812,10.246000289916992,1.1513938903808594,1.6922664642333984,0.06929316371679306,0.11430521309375763,0.17303645610809326,0.8689314126968384
0.906000018119812,10.246000289916992,1.2594002485275269,0.5513986945152283,0.4641968607902527,0.16603735089302063,0.20216628909111023,0.0137886768206954
0.906000018119812,11.246000289916992,0.9014157056808472,0.8269027471542358,0.14007683098316193,1.131884217262268,-0.06226850673556328,0.048994582146406174
0.906000018119812,11.246000289916992,0.9025629162788391,1.6834485530853271,0.04429955035448074,0.13377638161182404,0.1362275630235672,0.9191809296607971
0.906000018119812,11.246000289916992,1.0492949485778809,0.7121382355690002,0.34335726499557495,0.3135130703449249,0.152790367603302,0.031824517995119095
1.906000018119812,-2.753999948501587,0.5624183416366577,2.450488328933716,0.03481947258114815,2.749328851699829,0.13650546967983246,0.005206391215324402
1.906000018119812,-2.753999948501587,0.8041219711303711,3.160642147064209,0.051730163395404816,0.12713082134723663,-0.49788522720336914,0.23245996236801147
1.906000018119812,-2.753999948501587,1.142351508140564,0.09535925835371017,0.093831866979599,0.05612846836447716,-0.18355335295200348,0.7623336315155029
1.906000018119812,-1.753999948501587,0.6501352787017822,5.562770366668701,0.08984184265136719,0.9139378666877747,-0.01929423213005066,0.0732557401061058
1.906000018119812,-1.753999948501587,0.5745898485183716,2.7475085258483887,0.0793299600481987,0.7181971073150635,-0.03213166072964668,0.025425022467970848
1.906000018119812,-1.753999948501587,0.6702741384506226,4.994650840759277,0.02101077139377594,0.3169064521789551,0.24200797080993652,0.9013192653656006
1.906000018119812,-0.7540000081062317,0.8197431564331055,6.146167755126953,0.08596716076135635,1.5022289752960205,0.11347704380750656,0.3223726451396942
1.906000018119812,-0.7540000081062317,1.0642701387405396,2.9013750553131104,0.1911417692899704,0.15037648379802704,0.09677492827177048,0.43254736065864563
1.906000018119812,-0.7540000081062317,0.992941677570343,0.023404203355312347,0.11058803647756577,0.12937591969966888,-0.04729212448000908,0.24508002400398254
1.906000018119812,0.2460000067949295,0.6554827094078064,0.5825404524803162,0.017538180574774742,1.2801693677902222,-0.045757271349430084,0.8802511096000671
1.906000018119812,0.2460000067949295,0.853336751461029,2.6163923740386963,0.22319148480892181,1.2662535905838013,0.18523377180099487,0.1150195375084877
1.906000018119812,0.2460000067949295,1.066821575164795,6.107741832733154,0.1801862120628357,0.26865288615226746,-0.11879681795835495,0.004729417618364096
1.906000018119812,1.246000051498413,0.9377802014350891,5.037864685058594,0.16224540770053864,2.082162618637085,-0.020747162401676178,0.36133232712745667
1.906000018119812,1.246000051498413,1.2229692935943604,2.9710187911987305,0.14286063611507416,0.0526912696659565,-0.10362663120031357,0.43635258078575134
1.906000018119812,1.246000051498413,1.129763126373291,0.03316711634397507,0.08348404616117477,0.05556808412075043,-0.13366074860095978,0.2023150473833084
1.906000018119812,2.246000051498413,0.9122070074081421,5.655261039733887,0.17232345044612885,1.5820170640945435,-0.11395201086997986,0.2851255536079407
1.906000018119812,2.246000051498413,1.242112159729004,2.5852997303009033,0.10866914689540863,0.02853071317076683,-0.00039587391074746847,0.48711973428726196
1.906000018119812,2.246000051498413,1.1703484058380127,6.005614280700684,0.09398189932107925,0.07077932357788086,-0.041983462870121,0.22775472700595856
1.906000018119812,3.246000051498413,1.0010154247283936,4.804815292358398,0.24650852382183075,1.5397181510925293,-0.011998121626675129,0.18326984345912933
1.906000018119812,3.246000051498413,1.0662349462509155,2.468273639678955,0.055655449628829956,0.04611098766326904,0.048908781260252,0.5602312088012695
1.906000018119812,3.246000051498413,1.137192964553833,5.932394504547119,0.07800853997468948,0.07214729487895966,0.003466556780040264,0.2564989924430847
1.906000018119812,4.245999813079834,0.9243888258934021,5.624272346496582,0.06885918974876404,1.4026367664337158,-0.020038966089487076,0.33591318130493164
1.906000018119812,4.245999813079834,1.1066006422042847,2.2497217655181885,0.06236086040735245,0.06432917714118958,0.03156575933098793,0.49437275528907776
1.906000018119812,4.245999813079834,1.1400595903396606,5.537639617919922,0.09039702266454697,0.0879230722784996,0.13258229196071625,0.16971412301063538
1.906000018119812,5.245999813079834,0.8574425578117371,0.24155202507972717,0.06112746149301529,1.6061842441558838,-0.021648455411195755,0.44838806986808777
1.906000018119812,5.245999813079834,1.165474534034729,2.0633201599121094,0.09000398963689804,0.057965897023677826,-0.04011748358607292,0.3962898552417755
1.906000018119812,5.245999813079834,1.2311458587646484,5.3005876541137695,0.14005719125270844,0.09194079041481018,0.1554468274116516,0.15532204508781433
1.906000018119812,6.245999813079834,0.8092888593673706,5.425388336181641,0.05462499335408211,1.3119843006134033,0.09746282547712326,0.18456241488456726
1.906000018119812,6.245999813079834,1.1755080223083496,2.076446533203125,0.11580853164196014,0.06790553778409958,0.16770321130752563,0.5920475721359253
1.906000018119812,6.245999813079834,1.0296084880828857,5.052334785461426,0.06396922469139099,0.045438192784786224,0.21569514274597168,0.22338999807834625
1.906000018119812,7.245999813079834,0.9667509198188782,0.03709062188863754,0.24434812366962433,1.7687016725540161,-0.018505580723285675,0.12664926052093506
1.906000018119812,7.245999813079834,1.1002063751220703,1.9604079723358154,0.07344859093427658,0.03471222147345543,-0.13396123051643372,0.500971794128418
1.906000018119812,7.245999813079834,1.1433990001678467,5.186037540435791,0.10383415967226028,0.05693482607603073,0.1157459169626236,0.37237900495529175
1.906000018119812,8.246000289916992,0.9884839653968811,5.602391242980957,0.27551349997520447,1.5424330234527588,0.005893458612263203,0.06206950545310974
1.906000018119812,8.246000289916992,0.9595930576324463,1.608860731124878,0.0694563016295433,0.07113068550825119,-0.007018247153609991,0.459770530462265
1.906000018119812,8.246000289916992,0.7984529733657837,5.045371055603027,0.049228012561798096,0.1501510888338089,0.1698971539735794,0.47816002368927
1.906000018119812,9.246000289916992,0.5808051824569702,6.256807804107666,0.029690781608223915,1.0192019939422607,0.08559615910053253,0.036923445761203766
1.906000018119812,9.246000289916992,1.0625333786010742,1.0077389478683472,0.09874460846185684,0.11476832628250122,0.056671056896448135,0.9629113078117371
1.906000018119812,9.246000289916992,1.131553053855896,0.09829781204462051,0.5376048684120178,1.6271024942398071,0.10900642722845078,0.00016532086010556668
1.906000018119812,10.246000289916992,0.8136597275733948,1.7636982202529907,0.1904788613319397,0.8904378414154053,0.016117380931973457,0.11564944684505463
1.906000018119812,10.246000289916992,0.9637989401817322,1.2734462022781372,0.05996294319629669,0.08121613413095474,-0.016010992228984833,0.5950338840484619
1.906000018119812,10.246000289916992,1.0832583904266357,0.734802782535553,0.23724952340126038,0.12517987191677094,0.14112333953380585,0.28931671380996704
1.906000018119812,11.246000289916992,1.0022953748703003,4.7400431632995605,0.37316644191741943,0.7418835163116455,0.09312368184328079,0.02290600724518299
1.906000018119812,11.246000289916992,0.9701854586601257,1.4848177433013916,0.029165033251047134,0.038628123700618744,-0.0023564377333968878,0.8077548146247864
1.906000018119812,11.246000289916992,1.1771105527877808,0.8271189332008362,0.29920271039009094,0.10402973741292953,0.24607300758361816,0.1693391352891922
2.9059998989105225,-1.753999948501587,0.5663201808929443,3.532287120819092,0.04571577534079552,0.9795894026756287,0.1369783878326416,0.3052925169467926
2.9059998989105225,-1.753999948501587,0.6131930947303772,2.726750135421753,0.08750762045383453,0.5419992208480835,-0.01756022311747074,0.010888570919632912
2.9059998989105225,-1.753999948501587,0.6552575826644897,5.927619457244873,0.0325530469417572,0.16985373198986053,0.003504716092720628,0.6838188767433167
2.9059998989105225,-0.7540000081062317,0.774082362651825,5.671681880950928,0.07806551456451416,1.4773623943328857,0.026995325461030006,0.18866777420043945
2.9059998989105225,-0.7540000081062317,1.2025249004364014,2.8789117336273193,0.16242609918117523,0.10197022557258606,0.15730535984039307,0.519942045211792
2.9059998989105225,-0.7540000081062317,1.1951866149902344,0.10606545954942703,0.11153635382652283,0.045501165091991425,-0.035186491906642914,0.29139015078544617
2.9059998989105225,0.2460000067949295,0.677629828453064,5.359402656555176,0.019167624413967133,1.5074422359466553,0.021346718072891235,0.6265866756439209
2.9059998989105225,0.2460000067949295,0.9140452742576599,2.311440944671631,0.16453731060028076,0.7385995388031006,0.11017049103975296,0.3614949584007263
2.9059998989105225,0.2460000067949295,1.0293396711349487,5.619458198547363,0.15243767201900482,0.15856647491455078,-0.09018834680318832,0.011918305419385433
2.9059998989105225,1.246000051498413,0.9284183979034424,4.696828842163086,0.18020597100257874,2.0223822593688965,-0.10040836781263351,0.20198391377925873
2.9059998989105225,1.246000051498413,1.2740365266799927,2.5543007850646973,0.12038134038448334,0.021389465779066086,-0.10859785974025726,0.5229417085647583
2.9059998989105225,1.246000051498413,1.269660234451294,5.905275821685791,0.128718301653862,0.06644909083843231,-0.16331186890602112,0.27507448196411133
2.9059998989105225,2.246000051498413,1.0504136085510254,5.6992106437683105,0.4043594002723694,1.8071746826171875,-0.06653016805648804,0.08200082182884216
2.9059998989105225,2.246000051498413,1.2672611474990845,2.488333225250244,0.09281329810619354,0.03309084102511406,-0.017612237483263016,0.6629391312599182
2.9059998989105225,2.246000051498413,1.1272428035736084,5.810970783233643,0.07670315355062485,0.09784376621246338,0.005965922027826309,0.25506001710891724
2.9059998989105225,3.246000051498413,1.0060780048370361,4.816117286682129,0.2610056400299072,1.5306907892227173,-0.013686899095773697,0.16760390996932983
2.9059998989105225,3.246000051498413,1.0962326526641846,2.360673427581787,0.0686986967921257,0.04945793375372887,0.022935694083571434,0.5949995517730713
2.9059998989105225,3.246000051498413,1.0749289989471436,5.748486518859863,0.07329052686691284,0.09370651841163635,0.012485207058489323,0.2373964786529541
2.9059998989105225,4.245999813079834,0.9489948749542236,5.657487869262695,0.094856858253479,1.39521324634552,-0.035351794213056564,0.1937185376882553
2.9059998989105225,4.245999813079834,1.113892674446106,2.1643967628479004,0.0557350292801857,0.0491773821413517,-0.03935558348894119,0.5957596302032471
2.9059998989105225,4.245999813079834,1.1548951864242554,5.42656946182251,0.08866308629512787,0.07892945408821106,0.05511216074228287,0.2105218470096588
2.9059998989105225,5.245999813079834,0.767709493637085,0.5259017944335938,0.055929455906152725,1.953626036643982,-0.10747317224740982,0.3708480894565582
2.9059998989105225,5.245999813079834,1.18821382522583,2.0150210857391357,0.10332252830266953,0.05133093520998955,-0.07242222130298615,0.46284353733062744
2.9059998989105225,5.245999813079834,1.2704635858535767,5.510879993438721,0.19511176645755768,0.05496515706181526,0.16408120095729828,0.16630840301513672
2.9059998989105225,6.245999813079834,0.6338574886322021,1.4804916381835938,0.02144821733236313,1.0122745037078857,-0.08355335146188736,0.5794966816902161
2.9059998989105225,6.245999813079834,1.1357824802398682,1.8253743648529053,0.18612179160118103,0.07832362502813339,0.10672516375780106,0.3589651882648468
2.9059998989105225,6.245999813079834,1.1372079849243164,5.704916000366211,0.25521013140678406,0.06795717030763626,0.2702527344226837,0.061538100242614746
2.9059998989105225,7.245999813079834,0.7367498874664307,0.7764673829078674,0.02539071999490261,1.028085470199585,0.029105743393301964,0.6705690026283264
2.9059998989105225,7.245999813079834,1.1502269506454468,1.7801859378814697,0.17140837013721466,0.049609310925006866,0.019403377547860146,0.3003177046775818
2.9059998989105225,7.245999813079834,0.9992508888244629,5.228611946105957,0.13375356793403625,0.15799812972545624,0.0987720713019371,0.029113247990608215
2.9059998989105225,8.246000289916992,0.8416324257850647,0.16342534124851227,0.114353246986866,2.13268780708313,0.025262501090765,0.16086822748184204
2.9059998989105225,8.246000289916992,0.9036351442337036,2.167783260345459,0.09271187335252762,0.04325032979249954,0.07091910392045975,0.6100018620491028
2.9059998989105225,8.246000289916992,0.8960661292076111,5.535793304443359,0.11188280582427979,0.08896639943122864,0.05912594497203827,0.2291298508644104
2.9059998989105225,9.246000289916992,0.8506871461868286,0.9879254102706909,0.13970766961574554,1.145560383796692,0.05742699280381203,0.021603213623166084
2.9059998989105225,9.246000289916992,0.9261061549186707,0.943553626537323,0.08152016997337341,0.12776388227939606,0.020299918949604034,0.9775062799453735
2.9059998989105225,9.246000289916992,0.9885776042938232,6.2451372146606445,0.28791436553001404,1.847050428390503,0.037105314433574677,0.0008904892019927502
2.9059998989105225,10.246000289916992,0.7960753440856934,6.107992649078369,0.08163551986217499,0.9568315148353577,0.20146812498569489,0.04048532247543335
2.9059998989105225,10.246000289916992,0.9641191959381104,0.997721791267395,0.06493724137544632,0.06325405836105347,0.08059494942426682,0.9586030840873718
2.9059998989105225,10.246000289916992,0.9924193024635315,1.1240167617797852,0.32184791564941406,0.07338877767324448,0.11008839309215546,0.0009115107823163271
2.9059998989105225,11.246000289916992,1.1268367767333984,5.646872043609619,0.39263033866882324,0.5849207639694214,0.025684993714094162,0.06446358561515808
2.9059998989105225,11.246000289916992,1.1413668394088745,1.2954586744308472,0.06338109076023102,0.033749163150787354,-0.008926372975111008,0.49579960107803345
2.9059998989105225,11.246000289916992,1.1977894306182861,0.42953458428382874,0.15551945567131042,0.020676707848906517,0.30341270565986633,0.4397367537021637
3.9059998989105225,-2.753999948501587,0.9210411310195923,5.395350933074951,0.09254644066095352,0.6912930607795715,0.13953275978565216,0.16944654285907745
3.9059998989105225,-2.753999948501587,0.8826043009757996,2.9337286949157715,0.2356330007314682,0.9039573073387146,-0.006995507515966892,0.020193981006741524
3.9059998989105225,-2.753999948501587,0.8576177954673767,5.667398452758789,0.0835404321551323,0.2435998022556305,0.03528568893671036,0.8103594779968262
3.9059998989105225,-1.753999948501587,0.6452223062515259,4.142022132873535,0.019844887778162956,0.9476122260093689,0.17297744750976562,0.8873339891433716
3.9059998989105225,-1.753999948501587,0.7528078556060791,2.896491765975952,0.248880997300148,0.5615817308425903,-0.008598340675234795,0.0034746078308671713
3.9059998989105225,-1.753999948501587,0.8087404370307922,5.47883415222168,0.0835937112569809,0.12396817654371262,0.07794047892093658,0.10919136554002762
3.9059998989105225,-0.7540000081062317,0.7378247380256653,5.123865127563477,0.0662984549999237,1.7861413955688477,-0.022919708862900734,0.28444260358810425
3.9059998989105225,-0.7540000081062317,0.9308642148971558,2.6900744438171387,0.11060459166765213,0.18442657589912415,0.18018890917301178,0.48699134588241577
3.9059998989105225,-0.7540000081062317,1.0914915800094604,0.05756089836359024,0.11859205365180969,0.039119575172662735,-0.002705578226596117,0.22856605052947998
3.9059998989105225,0.2460000067949295,0.8106674551963806,5.300641059875488,0.06474460661411285,2.260479688644409,-0.014593664556741714,0.1475047469139099
3.9059998989105225,0.2460000067949295,1.129540205001831,2.4288177490234375,0.09344673156738281,0.04216009005904198,0.1269962042570114,0.6155526638031006
3.9059998989105225,0.2460000067949295,1.209922194480896,5.57737922668457,0.10915292799472809,0.0377032533288002,-0.012316166423261166,0.2369426041841507
3.9059998989105225,1.246000051498413,1.0842647552490234,4.877450942993164,0.5077658295631409,1.7484720945358276,-0.040929410606622696,0.11303453892469406
3.9059998989105225,1.246000051498413,1.2017390727996826,2.480196475982666,0.07097705453634262,0.028370698913931847,-0.0136896762996912,0.6377384662628174
3.9059998989105225,1.246000051498413,1.1893818378448486,5.729869365692139,0.0965360626578331,0.07667160034179688,-0.050152771174907684,0.24922694265842438
3.9059998989105225,2.246000051498413,1.1150953769683838,4.610732078552246,0.6727713942527771,1.8549412488937378,-0.002178929513320327,0.07263491302728653
3.9059998989105225,2.246000051498413,1.256216049194336,2.373328447341919,0.09123913198709488,0.03785809129476547,-0.043584223836660385,0.6375959515571594
3.9059998989105225,2.246000051498413,1.1056649684906006,5.679293155670166,0.07609865814447403,0.12010277807712555,-0.022575736045837402,0.28976917266845703
3.9059998989105225,3.246000051498413,0.9876769185066223,5.408478260040283,0.18154440820217133,1.4115973711013794,-0.02294379286468029,0.12868566811084747
3.9059998989105225,3.246000051498413,1.2010372877120972,2.2439181804656982,0.10185544192790985,0.054624419659376144,0.009337598457932472,0.6487021446228027
3.9059998989105225,3.246000051498413,1.0887082815170288,5.509683609008789,0.08270828425884247,0.11722296476364136,0.02968551218509674,0.222612202167511
3.9059998989105225,4.245999813079834,0.8274211883544922,5.2726969718933105,0.06345956772565842,1.2874162197113037,0.025874849408864975,0.3322170078754425
3.9059998989105225,4.245999813079834,1.2123218774795532,1.9903331995010376,0.11787892132997513,0.058109086006879807,-0.0714365765452385,0.4858241379261017
3.9059998989105225,4.245999813079834,1.234659194946289,5.283695697784424,0.13219548761844635,0.0687602311372757,0.1174616739153862,0.1819588541984558
3.9059998989105225,5.245999813079834,0.7082740068435669,1.757651925086975,0.03591997176408768,1.5292202234268188,-0.15086650848388672,0.31206732988357544
3.9059998989105225,5.245999813079834,0.9591789245605469,1.770307183265686,0.12357879430055618,0.12022149562835693,0.0892886221408844,0.6362826824188232
3.9059998989105225,5.245999813079834,1.1673709154129028,5.764201641082764,0.2877870798110962,0.09707210958003998,0.028144214302301407,0.0516500249505043
3.9059998989105225,6.245999813079834,0.7720950245857239,2.631666898727417,0.10787994414567947,0.9495002031326294,-0.024214131757616997,0.034662313759326935
3.9059998989105225,6.245999813079834,0.9107212424278259,1.728460669517517,0.11790832132101059,0.13531775772571564,0.007138404995203018,0.9616432189941406
3.9059998989105225,6.245999813079834,1.1942424774169922,0.506575882434845,0.5406433343887329,0.09567124396562576,0.19235262274742126,0.003694460028782487
3.9059998989105225,7.245999813079834,0.6381044983863831,4.4993062019348145,0.023254426196217537,0.5970767736434937,0.049215417355298996,0.014384125359356403
3.9059998989105225,7.245999813079834,1.0704271793365479,1.4096760749816895,0.12493358552455902,0.07058503478765488,0.07752858102321625,0.9855884909629822
3.9059998989105225,7.245999813079834,0.8660481572151184,6.032927989959717,0.39407965540885925,1.3921395540237427,0.07098454982042313,2.734552981564775e-05
4.906000137329102,-4.754000186920166,0.6815625429153442,3.026629686355591,0.30912020802497864,0.37873995304107666,0.062133193016052246,0.004878783132880926
4.906000137329102,-4.754000186920166,0.5684477090835571,3.384216547012329,0.20086361467838287,2.01297926902771,0.11651477217674255,0.0007507340633310378
4.906000137329102,-4.754000186920166,0.5756851434707642,4.515626430511475,0.029295185580849648,0.15467722713947296,0.08449127525091171,0.9943705201148987
4.906000137329102,-3.753999948501587,0.671799898147583,5.572198867797852,0.07264190167188644,0.7283016443252563,-0.11229483038187027,0.003603272372856736
4.906000137329102,-3.753999948501587,0.6829356551170349,2.8935067653656006,0.10420725494623184,0.5206270217895508,-0.1479339748620987,0.0015847362810745835
4.906000137329102,-3.753999948501587,0.7576828598976135,4.821523666381836,0.02164108119904995,0.09098631888628006,-0.10821440070867538,0.99481201171875
4.906000137329102,-2.753999948501587,1.1848392486572266,5.588310718536377,0.2348555326461792,0.4109422266483307,0.004842531401664019,0.2542555332183838
4.906000137329102,-2.753999948501587,0.9209858775138855,2.6358652114868164,0.11428600549697876,0.6819274425506592,0.03258708491921425,0.026926832273602486
4.906000137329102,-2.753999948501587,0.8261727094650269,4.558929920196533,0.031486328691244125,0.18912729620933533,0.1705414056777954,0.7188175916671753
4.906000137329102,-1.753999948501587,0.7558931112289429,5.991139888763428,0.047877974808216095,1.4075126647949219,0.042237456887960434,0.6837827563285828
4.906000137329102,-1.753999948501587,0.915399432182312,2.5841734409332275,0.18160735070705414,0.13886232674121857,0.06449959427118301,0.06618121266365051
4.906000137329102,-1.753999948501587,1.0399621725082397,5.164363861083984,0.11808496713638306,0.09274446219205856,0.21832305192947388,0.2500360608100891
4.906000137329102,-0.7540000081062317,0.9220290780067444,5.568146228790283,0.1188519299030304,2.2431700229644775,-0.04717583954334259,0.29085975885391235
4.906000137329102,-0.7540000081062317,1.07693350315094,2.4503512382507324,0.08450275659561157,0.060226358473300934,0.05328458175063133,0.37803441286087036
4.906000137329102,-0.7540000081062317,1.1872299909591675,5.749063014984131,0.09251652657985687,0.03187473863363266,0.003195249242708087,0.33110588788986206
4.906000137329102,0.2460000067949295,1.023587703704834,4.293379783630371,0.6529716849327087,1.8628292083740234,0.008961338549852371,0.04797041043639183
4.906000137329102,0.2460000067949295,1.1395483016967773,2.436647415161133,0.061019666492938995,0.023889726027846336,0.03859518840909004,0.6606668829917908
4.906000137329102,0.2460000067949295,1.1576310396194458,5.757298469543457,0.08701276034116745,0.047253549098968506,0.02775023691356182,0.2913626730442047
4.906000137329102,1.246000051498413,1.1007264852523804,4.638772010803223,0.7242283821105957,1.8750219345092773,-0.010852426290512085,0.07984791696071625
4.906000137329102,1.246000051498413,1.173441767692566,2.3669159412384033,0.0661725103855133,0.03697832301259041,-0.018577443435788155,0.6904856562614441
4.906000137329102,1.246000051498413,1.1515122652053833,5.641990661621094,0.09017040580511093,0.07387471944093704,-8.464045822620392e-05,0.22966642677783966
4.906000137329102,2.246000051498413,1.1813745498657227,4.133248805999756,0.9460919499397278,1.9101638793945312,0.0623927041888237,0.0984727144241333
4.906000137329102,2.246000051498413,1.1698472499847412,2.3005378246307373,0.07107095420360565,0.04988504573702812,-0.036644190549850464,0.6112655401229858
4.906000137329102,2.246000051498413,1.1352378129959106,5.571118354797363,0.08766891807317734,0.13219602406024933,0.013181295245885849,0.29026174545288086
4.906000137329102,3.246000051498413,1.0224430561065674,5.173666954040527,0.25992536544799805,1.3098111152648926,-0.020216774195432663,0.08667191118001938
4.906000137329102,3.246000051498413,1.1787712574005127,2.16058087348938,0.0889444649219513,0.0571887269616127,-0.012579897418618202,0.6720725297927856
4.906000137329102,3.246000051498413,1.1304514408111572,5.39970588684082,0.09716665744781494,0.11981166154146194,0.03436709940433502,0.24125556647777557
4.906000137329102,4.245999813079834,0.7452283501625061,4.805008888244629,0.056099917739629745,1.467424988746643,-0.02698918804526329,0.27237725257873535
4.906000137329102,4.245999813079834,1.137014389038086,1.8760230541229248,0.12716516852378845,0.051341693848371506,0.011893422342836857,0.6993719935417175
4.906000137329102,4.245999813079834,1.1283577680587769,5.456716537475586,0.20485682785511017,0.15945933759212494,0.05308588594198227,0.02825079672038555
4.906000137329102,5.245999813079834,0.6781864762306213,1.7333117723464966,0.039983637630939484,1.1380393505096436,-0.09782887250185013,0.14778770506381989
4.906000137329102,5.245999813079834,0.8559793829917908,1.8079242706298828,0.1453196257352829,0.1016843393445015,-0.007484176196157932,0.8453881144523621
4.906000137329102,5.245999813079834,1.0096046924591064,5.752354621887207,0.30645227432250977,0.2518797814846039,-0.06939452886581421,0.006824226584285498
4.906000137329102,6.245999813079834,0.8131693005561829,1.6803936958312988,0.13600164651870728,1.1611496210098267,0.008466935716569424,0.017248759046196938
4.906000137329102,6.245999813079834,0.9800722002983093,1.9082212448120117,0.1287662833929062,0.09674718976020813,-0.10097231715917587,0.9817129969596863
4.906000137329102,6.245999813079834,1.2164802551269531,0.08531761914491653,0.5141687393188477,0.21921196579933167,0.2038239687681198,0.0010382477194070816
4.906000137329102,7.245999813079834,0.6360456943511963,4.3810272216796875,0.023740656673908234,0.8822154402732849,-0.0158859696239233,0.005216552875936031
4.906000137329102,7.245999813079834,1.0862950086593628,1.7164409160614014,0.13150657713413239,0.03893494978547096,0.16111762821674347,0.9947667121887207
4.906000137329102,7.245999813079834,0.9272165298461914,5.897589683532715,0.4282028079032898,1.362660527229309,0.11491789668798447,1.6671578123350628e-05
5.906000137329102,-5.754000186920166,0.9932621121406555,2.070777416229248,0.27901017665863037,2.429251194000244,0.04423200339078903,0.11688791960477829
5.906000137329102,-5.754000186920166,1.174902081489563,3.4797520637512207,0.07118088752031326,0.010698022320866585,0.207345113158226,0.8825262784957886
5.906000137329102,-5.754000186920166,1.1787358522415161,0.05831287428736687,0.21466553211212158,0.23076429963111877,0.036053795367479324,0.0005857415962964296
5.906000137329102,-4.754000186920166,1.0754700899124146,6.217973232269287,0.3057050406932831,0.533332347869873,-0.10462499409914017,0.12279089540243149
5.906000137329102,-4.754000186920166,0.9993159174919128,2.2560033798217773,0.06550880521535873,0.05356965214014053,0.12635737657546997,0.2531454265117645
5.906000137329102,-4.754000186920166,0.7887349724769592,5.142516613006592,0.03264477476477623,0.05003730207681656,0.02401583269238472,0.6240636706352234
5.906000137329102,-3.753999948501587,0.833956778049469,4.9360809326171875,0.0830250084400177,1.0569926500320435,-0.05565079301595688,0.18415910005569458
5.906000137329102,-3.753999948501587,0.7281074523925781,2.206057548522949,0.05572805181145668,0.7119175791740417,0.003140744287520647,0.10608506947755814
5.906000137329102,-3.753999948501587,0.8383580446243286,5.025432109832764,0.03217741474509239,0.12071707099676132,-0.0637875646352768,0.7097557783126831
5.906000137329102,-2.753999948501587,0.8567737340927124,4.541715145111084,0.1299974024295807,0.6220889091491699,-0.006538238376379013,0.26223668456077576
5.906000137329102,-2.753999948501587,0.6459605693817139,2.503005027770996,0.07370461523532867,1.1346070766448975,-0.17124636471271515,0.10930213332176208
5.906000137329102,-2.753999948501587,0.6998177170753479,4.515574932098389,0.038314543664455414,0.30917102098464966,-0.07727966457605362,0.6284612417221069
5.906000137329102,-1.753999948501587,0.839126467704773,5.607056617736816,0.08839195221662521,1.6308399438858032,0.0010547820711508393,0.20503176748752594
5.906000137329102,-1.753999948501587,1.1592503786087036,2.4420664310455322,0.08819703757762909,0.021022336557507515,0.007581033278256655,0.410137414932251
5.906000137329102,-1.753999948501587,1.1664286851882935,5.643871307373047,0.10199133306741714,0.05111008137464523,0.06516631692647934,0.38483086228370667
5.906000137329102,-0.7540000081062317,1.0497097969055176,0.6437374353408813,0.3540223240852356,2.5655319690704346,-0.035036731511354446,0.06619982421398163
5.906000137329102,-0.7540000081062317,1.179155707359314,2.392616033554077,0.06416328996419907,0.019876811653375626,-0.05631982162594795,0.6304680705070496
5.906000137329102,-0.7540000081062317,1.2014230489730835,5.6441473960876465,0.08773873746395111,0.04215176776051521,0.05969030782580376,0.30333206057548523
5.906000137329102,0.2460000067949295,1.0733411312103271,4.775982856750488,0.49900808930397034,2.056489944458008,-0.0421936921775341,0.06634978204965591
5.906000137329102,0.2460000067949295,1.2266995906829834,2.3877687454223633,0.0632355809211731,0.019954055547714233,-0.05559687688946724,0.6520698070526123
5.906000137329102,0.2460000067949295,1.2254140377044678,5.656243801116943,0.08288958668708801,0.046206697821617126,-0.04750799015164375,0.28158047795295715
5.906000137329102,1.246000051498413,0.9517101645469666,5.354391574859619,0.2538209557533264,1.9717800617218018,-0.04293129965662956,0.17401082813739777
5.906000137329102,1.246000051498413,1.1420729160308838,2.239929437637329,0.07337233424186707,0.047932639718055725,-0.03701115399599075,0.5711331367492676
5.906000137329102,1.246000051498413,1.144224762916565,5.484135627746582,0.09806904941797256,0.0777420923113823,0.010420379228889942,0.2548559308052063
5.906000137329102,2.246000051498413,0.8876997828483582,5.40341854095459,0.13086460530757904,1.5290672779083252,-0.07545292377471924,0.2283082753419876
5.906000137329102,2.246000051498413,1.272168517112732,2.1623313426971436,0.10463983565568924,0.04296845570206642,-0.02491629682481289,0.537286102771759
5.906000137329102,2.246000051498413,1.1583809852600098,5.466578006744385,0.10508841276168823,0.1103484109044075,0.0033935748506337404,0.23440557718276978
5.906000137329102,3.246000051498413,0.8601111173629761,5.074321746826172,0.11735982447862625,1.2194417715072632,-0.07356510311365128,0.1664799302816391
5.906000137329102,3.246000051498413,1.2000385522842407,2.0078494548797607,0.09693316370248795,0.030426491051912308,-0.09176240116357803,0.7355859875679016
5.906000137329102,3.246000051498413,1.1452962160110474,5.166102409362793,0.1401197761297226,0.15569265186786652,0.10283276438713074,0.0979340523481369
5.906000137329102,4.245999813079834,0.69790118932724,5.725577354431152,0.0520879290997982,1.3254536390304565,-0.07013114541769028,0.20121993124485016
5.906000137329102,4.245999813079834,1.1482548713684082,1.958588719367981,0.1524215042591095,0.042583249509334564,-0.00034254492493346334,0.7324205636978149
5.906000137329102,4.245999813079834,1.056067943572998,5.079381465911865,0.13168075680732727,0.13992062211036682,0.1365962028503418,0.06635952740907669
5.906000137329102,5.245999813079834,0.657530665397644,1.1740387678146362,0.05103692412376404,1.6566442251205444,-0.0957225114107132,0.10386938601732254
5.906000137329102,5.245999813079834,1.0037083625793457,1.9337424039840698,0.13614867627620697,0.03631611913442612,0.0406925268471241,0.8923823237419128
5.906000137329102,5.245999813079834,1.0416873693466187,5.737361907958984,0.24459227919578552,0.18069660663604736,0.03826013207435608,0.003748317714780569
5.906000137329102,6.245999813079834,0.7231622934341431,1.223311185836792,0.09032129496335983,1.5721802711486816,-0.04224212467670441,0.09663115441799164
5.906000137329102,6.245999813079834,1.0319997072219849,2.2002742290496826,0.13681791722774506,0.028625106438994408,-0.02704705111682415,0.9009595513343811
5.906000137329102,6.245999813079834,1.0452916622161865,5.457950115203857,0.22204823791980743,0.2700778841972351,0.020941365510225296,0.0024093398824334145
5.906000137329102,7.245999813079834,0.7242245674133301,5.698380470275879,0.065355584025383,1.2811367511749268,-0.03334018588066101,0.008865924552083015
5.906000137329102,7.245999813079834,1.206897258758545,2.042371988296509,0.16137343645095825,0.02317877486348152,0.12050148844718933,0.9901747703552246
5.906000137329102,7.245999813079834,1.1619806289672852,5.216158866882324,0.23018960654735565,0.3561166524887085,0.09989862143993378,0.0009593258728273213
5.906000137329102,8.246000289916992,0.6461666822433472,6.0679216384887695,0.07636501640081406,2.4758241176605225,0.07922162860631943,0.004026157781481743
5.906000137329102,8.246000289916992,1.2084351778030396,1.829957127571106,0.08435755968093872,0.009167252108454704,-0.0417943000793457,0.9952932000160217
5.906000137329102,8.246000289916992,1.3297080993652344,5.764101982116699,0.28489765524864197,0.12355472147464752,-0.08205505460500717,0.0006806032033637166
6.906000137329102,-6.754000186920166,1.4151333570480347,0.6242074966430664,4.2432661056518555,1.4567652940750122,-0.021936019882559776,0.015903448686003685
6.906000137329102,-6.754000186920166,1.4730664491653442,3.5239126682281494,0.21020127832889557,0.01931963488459587,0.24753396213054657,0.5299638509750366
6.906000137329102,-6.754000186920166,1.2656238079071045,5.4160847663879395,0.05175166204571724,0.04401791840791702,-0.12711364030838013,0.45413270592689514
6.906000137329102,-5.754000186920166,1.2034783363342285,5.803406715393066,0.9942061305046082,2.077690839767456,0.1924462616443634,0.055651601403951645
6.906000137329102,-5.754000186920166,0.6730617880821228,4.321018218994141,0.08841636031866074,0.46943363547325134,0.445589542388916,0.9376771450042725
6.906000137329102,-5.754000186920166,0.8325769901275635,5.658472061157227,0.2009180784225464,2.3545050621032715,0.1468832790851593,0.0066712903790175915
6.906000137329102,-4.754000186920166,0.8159704804420471,4.6715264320373535,0.04698803648352623,0.8593776226043701,-0.08697186410427094,0.4059250056743622
6.906000137329102,-4.754000186920166,0.6547235250473022,2.0942435264587402,0.03915673494338989,0.26229745149612427,0.2407751977443695,0.5482117533683777
6.906000137329102,-4.754000186920166,0.7666056752204895,4.701811790466309,0.044411446899175644,0.5015777945518494,0.06108308956027031,0.04586323723196983
6.906000137329102,-3.753999948501587,0.8380587100982666,3.909806251525879,0.15765276551246643,1.3147923946380615,-0.02741016261279583,0.5015672445297241
6.906000137329102,-3.753999948501587,0.8678334951400757,2.2352442741394043,0.13560111820697784,0.2282993644475937,-0.08432445675134659,0.3157096207141876
6.906000137329102,-3.753999948501587,0.9251720309257507,5.084926605224609,0.07899840176105499,0.10840589553117752,-0.09409736841917038,0.18272310495376587
6.906000137329102,-2.753999948501587,0.8960764408111572,5.593984127044678,0.1363822966814041,2.337745189666748,-0.006993026006966829,0.1679449826478958
6.906000137329102,-2.753999948501587,1.1644601821899414,2.3226559162139893,0.10912521183490753,0.03387114033102989,0.10022938996553421,0.4271218478679657
6.906000137329102,-2.753999948501587,1.1498372554779053,5.5970258712768555,0.08886566013097763,0.047454603016376495,0.08429749310016632,0.4049331247806549
6.906000137329102,-1.753999948501587,0.9985172748565674,5.863445281982422,0.16528427600860596,1.3504621982574463,-0.04047234356403351,0.0624273344874382
6.906000137329102,-1.753999948501587,1.2775071859359741,2.377080202102661,0.0859215036034584,0.01963072642683983,0.0650840625166893,0.6895228624343872
6.906000137329102,-1.753999948501587,1.241932988166809,5.550984859466553,0.08859787881374359,0.05055316165089607,0.06781737506389618,0.24804987013339996
6.906000137329102,-0.7540000081062317,1.0522701740264893,0.07684679329395294,0.34978437423706055,2.1782712936401367,-0.018881242722272873,0.06528852134943008
6.906000137329102,-0.7540000081062317,1.1757802963256836,2.3355255126953125,0.07284846901893616,0.022789910435676575,-0.03504287824034691,0.6666070222854614
6.906000137329102,-0.7540000081062317,1.1968947649002075,5.572551250457764,0.0848667323589325,0.050139859318733215,0.04337036609649658,0.2681044638156891
6.906000137329102,0.2460000067949295,0.9761700630187988,5.6491312980651855,0.2031078189611435,1.7371119260787964,-0.051611658185720444,0.16312150657176971
6.906000137329102,0.2460000067949295,1.2524852752685547,2.293212652206421,0.08937297016382217,0.029886800795793533,-0.02836884744465351,0.5562174320220947
6.906000137329102,0.2460000067949295,1.1743959188461304,5.520669937133789,0.08596106618642807,0.07190578430891037,-0.00415986031293869,0.28066104650497437
6.906000137329102,1.246000051498413,0.8920029401779175,5.8599677085876465,0.13779683411121368,2.0142621994018555,-0.04826752096414566,0.218481183052063
6.906000137329102,1.246000051498413,1.2695156335830688,2.159954309463501,0.10931387543678284,0.04962873458862305,0.08819025754928589,0.5545027852058411
6.906000137329102,1.246000051498413,1.1910673379898071,5.3307414054870605,0.09860258549451828,0.045913197100162506,0.0005569636705331504,0.22701604664325714
6.906000137329102,2.246000051498413,0.6868977546691895,3.9083571434020996,0.0377470888197422,1.1842174530029297,-0.07055143266916275,0.4983851909637451
6.906000137329102,2.246000051498413,1.274584174156189,2.016805410385132,0.10891275107860565,0.043886471539735794,-0.15068411827087402,0.3584674000740051
6.906000137329102,2.246000051498413,1.3114687204360962,5.285782814025879,0.1652235984802246,0.0724533349275589,0.0008541602874174714,0.14314737915992737
6.906000137329102,3.246000051498413,0.9329894185066223,5.048763275146484,0.1988942176103592,1.695562720298767,-0.013246290385723114,0.06351779401302338
6.906000137329102,3.246000051498413,1.2103990316390991,2.1473474502563477,0.1319103091955185,0.03923751413822174,-0.10460168123245239,0.20885083079338074
6.906000137329102,3.246000051498413,1.1693326234817505,4.586665153503418,0.08446501195430756,0.05259229615330696,0.1582295000553131,0.7276313304901123
6.906000137329102,4.245999813079834,0.9425303339958191,0.4987430274486542,0.2331228405237198,1.8995344638824463,-0.11317603290081024,0.03383850306272507
6.906000137329102,4.245999813079834,1.262422800064087,1.9581607580184937,0.12574464082717896,0.02386532537639141,-0.010282446630299091,0.7503442168235779
6.906000137329102,4.245999813079834,1.0867098569869995,4.93420934677124,0.07006660848855972,0.05069107934832573,0.10033350437879562,0.21581725776195526
6.906000137329102,5.245999813079834,0.705385148525238,0.14165036380290985,0.08556701987981796,1.7677990198135376,-0.032664183527231216,0.038797881454229355
6.906000137329102,5.245999813079834,1.1029688119888306,1.757969856262207,0.08499690890312195,0.025222739204764366,0.042562175542116165,0.9568831324577332
6.906000137329102,5.245999813079834,1.0896161794662476,5.922637939453125,0.16284024715423584,0.09570728987455368,0.034182626754045486,0.00431897584348917
6.906000137329102,6.245999813079834,0.6583811044692993,0.30768734216690063,0.06549739092588425,1.6470760107040405,-0.02137533389031887,0.03136672079563141
6.906000137329102,6.245999813079834,1.0659774541854858,1.529158592224121,0.06559426337480545,0.023713786154985428,0.04916379973292351,0.9679704308509827
6.906000137329102,6.245999813079834,1.0376710891723633,6.170344829559326,0.16952143609523773,0.2637658417224884,-0.06046774610877037,0.0006627789698541164
6.906000137329102,7.245999813079834,0.7303545475006104,6.242188930511475,0.0558365099132061,1.1001038551330566,-0.0004952886374667287,0.012937272898852825
6.906000137329102,7.245999813079834,1.1761736869812012,1.775524616241455,0.12184459716081619,0.03793617710471153,0.041317541152238846,0.9839868545532227
6.906000137329102,7.245999813079834,1.2252049446105957,5.068723678588867,0.26272904872894287,0.5285400748252869,0.19235952198505402,0.003075847402215004
6.906000137329102,8.246000289916992,0.717988133430481,5.850982189178467,0.08922082930803299,1.0962432622909546,0.026874439790844917,0.11816441267728806
6.906000137329102,8.246000289916992,1.1312170028686523,1.8080167770385742,0.12054631859064102,0.018004849553108215,-0.20458294451236725,0.8163013458251953
6.906000137329102,8.246000289916992,1.2965757846832275,5.172259330749512,0.2573789358139038,0.0921303778886795,0.1414031684398651,0.06553425639867783
7.906000137329102,-6.754000186920166,1.03335702419281,4.570436477661133,0.8821538090705872,1.1140084266662598,0.0772838145494461,0.09110112488269806
7.906000137329102,-6.754000186920166,0.8640421628952026,3.5756804943084717,0.10792787373065948,0.16732409596443176,0.016894012689590454,0.2398013323545456
7.906000137329102,-6.754000186920166,0.8856406807899475,4.769900321960449,0.04571317881345749,0.04403700307011604,0.14635422825813293,0.6690974831581116
7.906000137329102,-5.754000186920166,1.1624903678894043,3.5052270889282227,0.22617211937904358,1.053065299987793,0.08732039481401443,0.43441325426101685
7.906000137329102,-5.754000186920166,0.6858765482902527,3.82889461517334,0.022136058658361435,0.7542425990104675,0.36606428027153015,0.4638484716415405
7.906000137329102,-5.754000186920166,0.7820861339569092,5.05980110168457,0.025947827845811844,0.2834596335887909,0.10429859161376953,0.10173825919628143
7.906000137329102,-4.754000186920166,0.7872069478034973,4.294495582580566,0.04354837164282799,0.8370452523231506,0.06657477468252182,0.7496992349624634
7.906000137329102,-4.754000186920166,0.9604673981666565,2.211663007736206,0.07870737463235855,0.058282576501369476,0.012813090346753597,0.12094083428382874
7.906000137329102,-4.754000186920166,0.9887879490852356,5.20341682434082,0.07902469485998154,0.10821343958377838,0.08203419297933578,0.1293599009513855
7.906000137329102,-3.753999948501587,0.8114615082740784,5.455881118774414,0.09389316290616989,2.1826019287109375,-0.025905605405569077,0.1495782732963562
7.906000137329102,-3.753999948501587,1.12204110622406,2.396454095840454,0.08434046804904938,0.02676353044807911,0.01743992045521736,0.4106372594833374
7.906000137329102,-3.753999948501587,1.139695644378662,5.458518981933594,0.08275783807039261,0.024307450279593468,0.015877975150942802,0.4397844076156616
7.906000137329102,-2.753999948501587,0.9372486472129822,5.563119888305664,0.1966707855463028,1.861657738685608,-0.05484132841229439,0.09533647447824478
7.906000137329102,-2.753999948501587,1.1865977048873901,2.367292881011963,0.07069826871156693,0.028694380074739456,0.052484117448329926,0.62319016456604
7.906000137329102,-2.753999948501587,1.2297382354736328,5.576589107513428,0.09941932559013367,0.051992788910865784,-0.0002629681257531047,0.2814733386039734
7.906000137329102,-1.753999948501587,1.0192358493804932,4.550522804260254,0.22894233465194702,1.454412579536438,-0.010649162344634533,0.06279066950082779
7.906000137329102,-1.753999948501587,1.2633025646209717,2.3068113327026367,0.07158186286687851,0.026892492547631264,0.06808232516050339,0.6893675327301025
7.906000137329102,-1.753999948501587,1.2999141216278076,5.545207977294922,0.10835132002830505,0.06391832232475281,0.05799926817417145,0.24784179031848907
7.906000137329102,-0.7540000081062317,0.9384267330169678,5.4232497215271,0.11389990150928497,1.8075021505355835,0.022499466314911842,0.0831938162446022
7.906000137329102,-0.7540000081062317,1.1801130771636963,2.205038070678711,0.08121564984321594,0.03570296987891197,0.007278432138264179,0.6325544118881226
7.906000137329102,-0.7540000081062317,1.2528780698776245,5.413585186004639,0.0989200621843338,0.08139005303382874,0.07399778813123703,0.28425171971321106
7.906000137329102,0.2460000067949295,0.8798062205314636,4.374024391174316,0.1018843948841095,1.7689287662506104,0.059015922248363495,0.1409878432750702
7.906000137329102,0.2460000067949295,1.1986045837402344,2.0815765857696533,0.1097186952829361,0.06337510794401169,0.007627912797033787,0.550571620464325
7.906000137329102,0.2460000067949295,1.1905765533447266,5.063534736633301,0.08845211565494537,0.12559959292411804,0.12139367312192917,0.30844050645828247
7.906000137329102,1.246000051498413,0.7881816029548645,6.075109481811523,0.0843953788280487,2.196627378463745,0.04102020710706711,0.06786169111728668
7.906000137329102,1.246000051498413,1.1615486145019531,1.8156423568725586,0.08889833837747574,0.054621320217847824,0.0011143326992169023,0.633453905582428
7.906000137329102,1.246000051498413,1.2506253719329834,4.959088325500488,0.09536503255367279,0.07309126108884811,0.16402141749858856,0.29868432879447937
7.906000137329102,2.246000051498413,0.8249008059501648,5.231819152832031,0.10894132405519485,2.0783307552337646,0.0630311369895935,0.04739012196660042
7.906000137329102,2.246000051498413,1.2997958660125732,1.8159695863723755,0.10555078834295273,0.03381843492388725,-0.04444170743227005,0.6854350566864014
7.906000137329102,2.246000051498413,1.2301150560379028,5.094181537628174,0.10087224096059799,0.06875314563512802,0.1927579641342163,0.2671748101711273
7.906000137329102,3.246000051498413,0.6924769878387451,0.4438313841819763,0.07119251787662506,1.1015163660049438,-0.0003016150731127709,0.27511680126190186
7.906000137329102,3.246000051498413,1.045819640159607,1.7540379762649536,0.08813872933387756,0.04920326545834541,-0.15346334874629974,0.7105745077133179
7.906000137329102,3.246000051498413,1.1508220434188843,5.70889949798584,0.2051714062690735,0.10351184010505676,0.20703746378421783,0.014308738522231579
7.906000137329102,4.245999813079834,0.8734541535377502,1.4950846433639526,0.1411372572183609,0.9524553418159485,0.036299530416727066,0.13888470828533173
7.906000137329102,4.245999813079834,1.0592457056045532,1.5880993604660034,0.11191615462303162,0.0414687916636467,-0.3508123755455017,0.8596298098564148
7.906000137329102,4.245999813079834,1.1588162183761597,5.354277610778809,0.40745070576667786,0.6827542781829834,0.12331543117761612,0.0014854614855721593
7.906000137329102,5.245999813079834,0.5686383843421936,3.9349467754364014,0.019894059747457504,0.7342314720153809,-0.039345934987068176,0.8399370312690735
7.906000137329102,5.245999813079834,0.8977802991867065,2.096628427505493,0.13697615265846252,0.05604710802435875,0.21715793013572693,0.1534731090068817
7.906000137329102,5.245999813079834,0.9768185615539551,0.954454243183136,0.6067036390304565,0.3462359309196472,0.16585393249988556,0.006589802447706461
8.906000137329102,-8.753999710083008,1.2673882246017456,5.947693347930908,2.6750097274780273,1.575131893157959,0.16700217127799988,0.003594815032556653
8.906000137329102,-8.753999710083008,1.1919080018997192,3.769153118133545,0.20623144507408142,0.5424736738204956,0.23051247000694275,0.9956623911857605
8.906000137329102,-8.753999710083008,0.9002842903137207,5.364498138427734,0.1895340532064438,0.7670703530311584,0.13425619900226593,0.0007427353411912918
8.906000137329102,-7.754000186920166,0.7447004318237305,5.41868257522583,0.053240422159433365,3.1908013820648193,0.3075706958770752,0.16417546570301056
8.906000137329102,-7.754000186920166,0.7324867844581604,3.270561933517456,0.04519116133451462,0.2747003138065338,-0.2966572046279907,0.8170787692070007
8.906000137329102,-7.754000186920166,0.9411678314208984,5.23813009262085,0.1251380890607834,0.1422034651041031,0.30429914593696594,0.01874576136469841
8.906000137329102,-6.754000186920166,0.9087375402450562,5.418515205383301,0.2578672170639038,0.4869285523891449,0.13412529230117798,0.12772126495838165
8.906000137329102,-6.754000186920166,0.684548556804657,3.540889263153076,0.11521133780479431,2.583019256591797,0.13468748331069946,0.2552931606769562
8.906000137329102,-6.754000186920166,0.6864798665046692,4.44580078125,0.054460491985082626,0.27087315917015076,-0.13456451892852783,0.6169854998588562
8.906000137329102,-5.754000186920166,1.0812993049621582,4.725661277770996,0.22904475033283234,0.6407543420791626,0.09981235861778259,0.2529207766056061
8.906000137329102,-5.754000186920166,0.6008833646774292,2.973857879638672,0.039513882249593735,1.2287778854370117,0.1596960872411728,0.567955493927002
8.906000137329102,-5.754000186920166,0.733221173286438,4.708141326904297,0.05342790484428406,0.3193341791629791,0.18343998491764069,0.17912369966506958
8.906000137329102,-4.754000186920166,0.8185861706733704,4.280983924865723,0.06634073704481125,1.6144802570343018,0.017144259065389633,0.5414413213729858
8.906000137329102,-4.754000186920166,1.03863525390625,2.5048787593841553,0.06553903967142105,0.024847058579325676,0.008783561177551746,0.28375548124313354
8.906000137329102,-4.754000186920166,1.2163149118423462,5.559196472167969,0.10526607185602188,0.03827092424035072,-0.022994350641965866,0.17480319738388062
8.906000137329102,-3.753999948501587,0.7202968597412109,5.446889400482178,0.04160553589463234,2.0566341876983643,-0.044009413570165634,0.2950907349586487
8.906000137329102,-3.753999948501587,1.1858632564544678,2.4507062435150146,0.07628520578145981,0.023024259135127068,-0.10273391008377075,0.5167604684829712
8.906000137329102,-3.753999948501587,1.295885682106018,5.550585746765137,0.13343435525894165,0.029684143140912056,0.13107413053512573,0.18814882636070251
8.906000137329102,-2.753999948501587,0.9124484658241272,0.08550219237804413,0.2131165713071823,1.5512200593948364,-0.028728481382131577,0.15163567662239075
8.906000137329102,-2.753999948501587,1.1105711460113525,2.3307318687438965,0.06595718115568161,0.029691021889448166,0.047206372022628784,0.6067423224449158
8.906000137329102,-2.753999948501587,1.1883132457733154,5.562967300415039,0.09692449867725372,0.052610065788030624,0.07868343591690063,0.2416219562292099
8.906000137329102,-1.753999948501587,1.1169750690460205,4.391482830047607,0.5226799249649048,1.9460089206695557,0.047252118587493896,0.055589668452739716
8.906000137329102,-1.753999948501587,1.2332115173339844,2.251924514770508,0.07787773758172989,0.04576096311211586,0.10207857191562653,0.5070969462394714
8.906000137329102,-1.753999948501587,1.1494790315628052,5.413402080535889,0.09073682874441147,0.108287014067173,0.10187716037034988,0.43731340765953064
8.906000137329102,-0.7540000081062317,0.9328168630599976,4.5058465003967285,0.1390528529882431,1.541854977607727,0.002336334204301238,0.11451873928308487
8.906000137329102,-0.7540000081062317,1.2595040798187256,2.1244587898254395,0.1359320729970932,0.03417632356286049,-0.0670626312494278,0.5427213907241821
8.906000137329102,-0.7540000081062317,1.2517770528793335,5.220656871795654,0.1047784611582756,0.0724465623497963,0.03212670981884003,0.3427598476409912
8.906000137329102,0.2460000067949295,0.7799087762832642,4.941273212432861,0.05227167531847954,1.7685494422912598,0.01999284327030182,0.30732589960098267
8.906000137329102,0.2460000067949295,1.0693861246109009,2.0526275634765625,0.15322327613830566,0.0659133568406105,-0.017496470361948013,0.4132615625858307
8.906000137329102,0.2460000067949295,1.2393913269042969,5.103714466094971,0.1304185837507248,0.04701652005314827,0.13797561824321747,0.2794125974178314
8.906000137329102,1.246000051498413,0.9635332822799683,0.2660681903362274,0.18875624239444733,1.1624735593795776,0.030322179198265076,0.027108291164040565
8.906000137329102,1.246000051498413,1.0674934387207031,1.4420379400253296,0.09480110555887222,0.06698887795209885,-0.23971891403198242,0.31605058908462524
8.906000137329102,1.246000051498413,1.1921600103378296,5.217671871185303,0.14137573540210724,0.15078848600387573,0.2501450777053833,0.6568410992622375
8.906000137329102,2.246000051498413,0.9368069767951965,0.8090802431106567,0.12397988140583038,0.9166666269302368,0.05959024652838707,0.30160439014434814
8.906000137329102,2.246000051498413,1.0644268989562988,1.4485514163970947,0.15881681442260742,0.1269780844449997,-0.2434445321559906,0.41015511751174927
8.906000137329102,2.246000051498413,0.8844643831253052,5.181177616119385,0.08012250065803528,0.3105551600456238,0.23173551261425018,0.2882404923439026
8.906000137329102,3.246000051498413,0.6346467733383179,0.8051170110702515,0.05757537856698036,0.4018537700176239,0.007902946323156357,0.46280190348625183
8.906000137329102,3.246000051498413,1.0310286283493042,1.7888175249099731,0.08120016008615494,0.1027383878827095,-0.24889694154262543,0.5180011987686157
8.906000137329102,3.246000051498413,1.2572269439697266,0.28170454502105713,0.43864548206329346,0.15138176083564758,0.2741714417934418,0.019196970388293266
8.906000137329102,4.245999813079834,0.8178426027297974,3.6751554012298584,0.06252805143594742,0.1731046736240387,-0.03602435812354088,0.742868959903717
8.906000137329102,4.245999813079834,1.1261963844299316,0.7483795881271362,0.22137989103794098,0.08915240317583084,-0.5160631537437439,0.25643426179885864
8.906000137329102,4.245999813079834,1.2029438018798828,5.63489294052124,1.5004218816757202,11.66984748840332,0.25961869955062866,0.0006967232911847532
9.906000137329102,-8.753999710083008,1.0479899644851685,4.423512935638428,0.997683584690094,1.6978784799575806,0.023018186911940575,0.011474608443677425
9.906000137329102,-8.753999710083008,0.6933271288871765,4.279390335083008,0.05071156844496727,0.15392017364501953,0.13525517284870148,0.0275028795003891
9.906000137329102,-8.753999710083008,0.6559494733810425,5.008480072021484,0.012998897582292557,0.06883213669061661,-0.0004962143138982356,0.9610224962234497
9.906000137329102,-7.754000186920166,0.653783917427063,5.0698137283325195,0.19124345481395721,1.1993931531906128,0.07592973113059998,0.06711699068546295
9.906000137329102,-7.754000186920166,0.5941487550735474,1.6577122211456299,0.01805427484214306,0.11241648346185684,-0.012169231660664082,0.5917438864707947
9.906000137329102,-7.754000186920166,0.6446436643600464,0.6545702815055847,0.025607822462916374,0.19261956214904785,0.009937168098986149,0.3411391079425812
9.906000137329102,-6.754000186920166,0.6807178258895874,3.820685863494873,0.025393981486558914,0.706366240978241,0.044006019830703735,0.5767550468444824
9.906000137329102,-6.754000186920166,0.5780295729637146,2.4457337856292725,0.03927189111709595,0.8016122579574585,-0.05921205133199692,0.39824360609054565
9.906000137329102,-6.754000186920166,0.7672016620635986,5.021424293518066,0.12752507627010345,1.3844355344772339,-0.24930626153945923,0.025001348927617073
9.906000137329102,-5.754000186920166,0.7578872442245483,5.996267795562744,0.0393221452832222,1.8315646648406982,-0.07144209742546082,0.4091961085796356
9.906000137329102,-5.754000186920166,0.9275731444358826,2.5576107501983643,0.0803433284163475,0.044377077370882034,0.12446913868188858,0.40055716037750244
9.906000137329102,-5.754000186920166,1.0223225355148315,5.658812522888184,0.08641117811203003,0.03446966037154198,-0.018352068960666656,0.19024673104286194
9.906000137329102,-4.754000186920166,0.9802888035774231,4.681461334228516,0.2547551095485687,1.9804481267929077,0.007129587233066559,0.058596864342689514
9.906000137329102,-4.754000186920166,1.1086167097091675,2.3940577507019043,0.05307930335402489,0.018078025430440903,-0.11641931533813477,0.6675170660018921
9.906000137329102,-4.754000186920166,1.1910297870635986,5.570310592651367,0.08505623042583466,0.03943835571408272,-0.024211565032601357,0.273886114358902
9.906000137329102,-3.753999948501587,0.8990377187728882,5.024375915527344,0.24608394503593445,1.9158458709716797,-0.014943980611860752,0.09710520505905151
9.906000137329102,-3.753999948501587,1.2072502374649048,2.2932190895080566,0.06633380800485611,0.022922951728105545,-0.13307739794254303,0.654201090335846
9.906000137329102,-3.753999948501587,1.1204169988632202,5.522772789001465,0.09143499284982681,0.05705885589122772,0.06337207555770874,0.24869373440742493
9.906000137329102,-2.753999948501587,1.0477843284606934,5.3537702560424805,0.5151587128639221,1.9408601522445679,-0.002025832422077656,0.09569702297449112
9.906000137329102,-2.753999948501587,1.1249020099639893,2.2954721450805664,0.061814576387405396,0.029631011188030243,-0.04930545389652252,0.5710282325744629
9.906000137329102,-2.753999948501587,1.208756446838379,5.45797061920166,0.10292447358369827,0.0632723793387413,0.0340258814394474,0.3332747220993042
9.906000137329102,-1.753999948501587,0.9483716487884521,4.847805023193359,0.23170554637908936,1.716191291809082,-0.021116461604833603,0.05489509925246239
9.906000137329102,-1.753999948501587,1.215158462524414,2.2534725666046143,0.07151153683662415,0.021272078156471252,-0.02241387590765953,0.4784395694732666
9.906000137329102,-1.753999948501587,1.2970612049102783,5.38404655456543,0.14039865136146545,0.05128369480371475,0.09023430198431015,0.4666653871536255
9.906000137329102,-0.7540000081062317,0.8338573575019836,5.309449672698975,0.0965343788266182,1.1511421203613281,-0.004083556588739157,0.6427147388458252
9.906000137329102,-0.7540000081062317,0.7912222146987915,2.2716779708862305,0.07995358109474182,0.13706929981708527,0.02699260413646698,0.0684225782752037
9.906000137329102,-0.7540000081062317,0.693435788154602,4.860541820526123,0.033386025577783585,0.2679554522037506,0.20202873647212982,0.2888627052307129
9.906000137329102,0.2460000067949295,0.943332850933075,3.00927472114563,0.23802940547466278,2.301380157470703,0.1436278223991394,0.05989983677864075
9.906000137329102,0.2460000067949295,0.6422062516212463,1.0896528959274292,0.02269541099667549,0.39684998989105225,0.12952320277690887,0.9208396673202515
9.906000137329102,0.2460000067949295,0.7579019665718079,6.238463878631592,0.05040176585316658,0.41134756803512573,-0.12952525913715363,0.019260535016655922
9.906000137329102,1.246000051498413,0.6242979764938354,6.117984294891357,0.046096280217170715,1.087134838104248,0.16180826723575592,0.01567535474896431
9.906000137329102,1.246000051498413,0.9287058115005493,1.0632750988006592,0.11503517627716064,0.07562088966369629,0.33932289481163025,0.9841127991676331
9.906000137329102,1.246000051498413,1.1012529134750366,1.0392611026763916,1.6171557903289795,0.269756019115448,0.23368962109088898,0.00021191759151406586
10.906000137329102,-13.753999710083008,1.0404412746429443,1.5633357763290405,0.45355531573295593,0.8245344161987305,0.07548101991415024,0.07715094834566116
10.906000137329102,-13.753999710083008,1.1960076093673706,4.240875244140625,0.4084726572036743,0.09988783299922943,0.03097594901919365,0.8843708634376526
10.906000137329102,-13.753999710083008,0.9169663786888123,5.417715072631836,0.17528946697711945,0.21226555109024048,0.1324041783809662,0.03847825527191162
10.906000137329102,-12.753999710083008,0.9503505825996399,3.701612710952759,0.25818437337875366,1.7080748081207275,0.00875046569854021,0.025482162833213806
10.906000137329102,-12.753999710083008,0.6729223728179932,2.3480138778686523,0.029545512050390244,0.25908705592155457,0.29415568709373474,0.9458305239677429
10.906000137329102,-12.753999710083008,0.8481867909431458,4.342511177062988,0.08007386326789856,1.028948187828064,0.09433882683515549,0.028687357902526855
10.906000137329102,-11.753999710083008,0.9413845539093018,3.605252504348755,0.09433569759130478,0.40422746539115906,0.10209780931472778,0.4516895115375519
10.906000137329102,-11.753999710083008,0.6665592193603516,2.5905020236968994,0.045321591198444366,0.3604663610458374,-0.013194949366152287,0.36436760425567627
10.906000137329102,-11.753999710083008,0.7464698553085327,4.373892784118652,0.0546838641166687,0.3362885117530823,0.011473634280264378,0.18394288420677185
10.906000137329102,-8.753999710083008,1.0084738731384277,5.375535011291504,0.23686866462230682,0.8137931823730469,0.014487472362816334,0.35813963413238525
10.906000137329102,-8.753999710083008,0.5859794616699219,3.0464508533477783,0.24237188696861267,2.775625228881836,-0.15719376504421234,0.0041762469336390495
10.906000137329102,-8.753999710083008,0.5987122058868408,3.905099868774414,0.04069232940673828,0.550660252571106,0.32202771306037903,0.6376841068267822
10.906000137329102,-7.754000186920166,0.944461464881897,5.106631755828857,0.13975732028484344,1.0421220064163208,-0.13079997897148132,0.3696439862251282
10.906000137329102,-7.754000186920166,0.6954941153526306,2.713383197784424,0.030940687283873558,0.27968719601631165,-0.16271540522575378,0.22966741025447845
10.906000137329102,-7.754000186920166,0.678946852684021,4.152891635894775,0.01898493617773056,0.3890112042427063,0.18279781937599182,0.40068861842155457
10.906000137329102,-6.754000186920166,0.6206104159355164,0.08093062043190002,0.027935007587075233,1.968709111213684,-0.005606586579233408,0.7007899880409241
10.906000137329102,-6.754000186920166,0.688666582107544,2.482173204421997,0.10380054265260696,0.24876266717910767,-0.035655975341796875,0.2338721603155136
10.906000137329102,-6.754000186920166,0.9350733160972595,5.715580940246582,0.14189131557941437,0.14608345925807953,-0.20587223768234253,0.06533794105052948
10.906000137329102,-5.754000186920166,0.9611059427261353,4.647556304931641,0.28088685870170593,2.3405086994171143,-0.02315514348447323,0.0502021349966526
10.906000137329102,-5.754000186920166,1.3775889873504639,2.4016151428222656,0.08329078555107117,0.013492058031260967,-0.09585078060626984,0.6825270056724548
10.906000137329102,-5.754000186920166,1.2307169437408447,5.646368503570557,0.07681848853826523,0.03673407807946205,-0.044405411928892136,0.2672708034515381
10.906000137329102,-4.754000186920166,1.142594814300537,4.87913703918457,0.6763852834701538,2.3120787143707275,0.04327532649040222,0.03273211419582367
10.906000137329102,-4.754000186920166,1.2252222299575806,2.3548574447631836,0.082750104367733,0.025774195790290833,-0.09594707936048508,0.6092221140861511
10.906000137329102,-4.754000186920166,1.1308536529541016,5.5973711013793945,0.06760375201702118,0.04871344193816185,0.008243247866630554,0.3580457866191864
10.906000137329102,-3.753999948501587,1.0876880884170532,4.31689977645874,1.1583467721939087,2.2479817867279053,0.03182031959295273,0.07314994186162949
10.906000137329102,-3.753999948501587,1.2227433919906616,2.262165069580078,0.0689513310790062,0.031071726232767105,-0.10985716432332993,0.5600186586380005
10.906000137329102,-3.753999948501587,1.1147241592407227,5.502400875091553,0.06982947885990143,0.059476837515830994,0.0011968007311224937,0.3668314516544342
10.906000137329102,-2.753999948501587,0.8698303699493408,6.260964393615723,0.18293653428554535,2.260859966278076,-0.06906210631132126,0.05149248614907265
10.906000137329102,-2.753999948501587,1.1381449699401855,2.2964553833007812,0.07342588156461716,0.018566466867923737,-0.049807727336883545,0.4390373229980469
10.906000137329102,-2.753999948501587,1.1791857481002808,5.443270206451416,0.0884840115904808,0.030284566804766655,-0.023724719882011414,0.5094701647758484
10.906000137329102,-1.753999948501587,0.7630144357681274,0.14758597314357758,0.0663076862692833,1.364521861076355,-0.07210845500230789,0.32752668857574463
10.906000137329102,-1.753999948501587,0.9482501745223999,1.7367408275604248,0.13076646625995636,0.10607843101024628,-0.08211184293031693,0.3975642919540405
10.906000137329102,-1.753999948501587,1.235076904296875,5.301116466522217,0.23216187953948975,0.04475190490484238,0.02217256836593151,0.274909108877182
10.906000137329102,-0.7540000081062317,0.8528523445129395,5.778274059295654,0.04516015201807022,0.5830202102661133,-0.08839577436447144,0.9585845470428467
10.906000137329102,-0.7540000081062317,0.6494991779327393,0.5118548274040222,0.10467296838760376,7.260470390319824,0.094776950776577,0.0026077711954712868
10.906000137329102,-0.7540000081062317,0.4904802441596985,5.43095588684082,0.013027758337557316,0.9346725940704346,0.05204666405916214,0.03880767151713371
10.906000137329102,0.2460000067949295,1.0642004013061523,0.22698047757148743,2.2955000400543213,1.1340593099594116,0.34654122591018677,0.025766607373952866
10.906000137329102,0.2460000067949295,0.5840210914611816,1.0898387432098389,0.02084137126803398,0.034281108528375626,-0.20070040225982666,0.6389597058296204
10.906000137329102,0.2460000067949295,0.6295167207717896,0.9388421177864075,0.07231737673282623,0.748814582824707,0.0008176782866939902,0.3352736532688141
10.906000137329102,1.246000051498413,0.6541340351104736,1.3873987197875977,0.03109957091510296,1.0459258556365967,0.0734873116016388,0.5237470269203186
10.906000137329102,1.246000051498413,0.7256944179534912,1.6809271574020386,0.12710821628570557,0.214898020029068,0.04106830805540085,0.4758400619029999
10.906000137329102,1.246000051498413,1.328989028930664,1.4505823850631714,5.524785041809082,0.34249448776245117,0.23833009600639343,0.000412895402405411
11.906000137329102,-15.753999710083008,0.6867347359657288,2.8676774501800537,0.07062533497810364,0.6626646518707275,0.22175239026546478,0.8216471076011658
11.906000137329102,-15.753999710083008,0.5184366703033447,1.8504470586776733,0.07521825283765793,0.2606317102909088,-0.13463683426380157,0.06592997908592224
11.906000137329102,-15.753999710083008,0.8504785299301147,5.489738941192627,0.23639170825481415,0.399107426404953,0.18949370086193085,0.11242295056581497
11.906000137329102,-14.753999710083008,1.0856080055236816,4.87058687210083,0.2510070502758026,0.4465087652206421,0.12514172494411469,0.13137677311897278
11.906000137329102,-14.753999710083008,0.9006990790367126,2.9793102741241455,0.10434199869632721,0.3522360324859619,-0.01464307401329279,0.4672236442565918
11.906000137329102,-14.753999710083008,0.829260528087616,4.211878776550293,0.05116582661867142,0.13364586234092712,0.08453778177499771,0.40139955282211304
11.906000137329102,-13.753999710083008,0.7739307880401611,5.934659481048584,0.1126643493771553,0.34135526418685913,0.07389537990093231,0.5569341778755188
11.906000137329102,-13.753999710083008,0.8038835525512695,2.8033368587493896,0.20822905004024506,0.5316801071166992,-0.18459956347942352,0.2813735902309418
11.906000137329102,-13.753999710083008,0.7565652132034302,5.074634552001953,0.06131730228662491,0.25056731700897217,0.09750854969024658,0.1616923063993454
11.906000137329102,-12.753999710083008,0.8899988532066345,5.6439666748046875,0.16900457441806793,0.40391772985458374,-0.0671987235546112,0.25424283742904663
11.906000137329102,-12.753999710083008,0.5589376091957092,1.7658780813217163,0.04990465193986893,1.0111101865768433,0.13471169769763947,0.4746147096157074
11.906000137329102,-12.753999710083008,0.6247935891151428,4.78483772277832,0.0446048304438591,0.42578229308128357,-0.10549356043338776,0.27114248275756836
11.906000137329102,-11.753999710083008,1.0755735635757446,4.394722938537598,0.11837583780288696,0.1721000224351883,-0.06783732771873474,0.6060174107551575
11.906000137329102,-11.753999710083008,0.6001529097557068,2.7684166431427,0.04895665496587753,1.0278069972991943,0.230401411652565,0.1301940381526947
11.906000137329102,-11.753999710083008,0.6482847332954407,3.9415409564971924,0.03069468028843403,0.31046807765960693,0.00946861132979393,0.2637885808944702
11.906000137329102,-10.753999710083008,0.9249250292778015,4.567478179931641,0.13267982006072998,0.25126299262046814,-0.19909490644931793,0.18338175117969513
11.906000137329102,-10.753999710083008,0.7929537892341614,2.6596121788024902,0.04859441518783569,0.15693004429340363,-0.01961095631122589,0.5762286186218262
11.906000137329102,-10.753999710083008,0.5559352040290833,2.8311545848846436,0.018353048712015152,0.8991040587425232,0.15107449889183044,0.2403896152973175
11.906000137329102,-9.753999710083008,0.54544997215271,5.143502235412598,0.024167606607079506,0.09871388971805573,-0.29749879240989685,0.08995836973190308
11.906000137329102,-9.753999710083008,0.5016022324562073,4.3971333503723145,0.012081614695489407,0.09653139114379883,-0.160246342420578,0.7926212549209595
11.906000137329102,-9.753999710083008,0.683161735534668,0.8463339805603027,0.009287474676966667,0.060003917664289474,0.2321772426366806,0.11742035299539566
11.906000137329102,-8.753999710083008,0.7086588740348816,4.395742416381836,0.0683368593454361,0.54426509141922,0.0013198518427088857,0.8347299098968506
11.906000137329102,-8.753999710083008,0.4604260325431824,2.960559606552124,0.11135214567184448,1.5244293212890625,-0.0020398504566401243,0.01447193045169115
11.906000137329102,-8.753999710083008,0.6291108131408691,4.176120758056641,0.05835232138633728,0.7001320719718933,0.22800379991531372,0.1507982611656189
11.906000137329102,-7.754000186920166,0.4738311767578125,3.95503830909729,0.05087960138916969,1.0095936059951782,-0.09917718917131424,0.2798687517642975
11.906000137329102,-7.754000186920166,0.5148755311965942,2.9889421463012695,0.028655560687184334,0.4435763657093048,-0.21869195997714996,0.2420826554298401
11.906000137329102,-7.754000186920166,0.6343446373939514,3.9183428287506104,0.015819989144802094,0.18408720195293427,0.2104821652173996,0.4780486226081848
11.906000137329102,-6.754000186920166,0.8354306817054749,6.134357929229736,0.11111847311258316,2.43753981590271,-0.05140447989106178,0.05525330826640129
11.906000137329102,-6.754000186920166,1.2117371559143066,2.4427545070648193,0.07015958428382874,0.021913612261414528,-0.09774302691221237,0.6971288919448853
11.906000137329102,-6.754000186920166,1.433256983757019,5.641964912414551,0.11988943815231323,0.030111484229564667,-0.09119121730327606,0.2476176768541336
11.906000137329102,-5.754000186920166,1.0866436958312988,3.6901073455810547,0.6579384803771973,2.309274673461914,0.02705024555325508,0.03212703764438629
11.906000137329102,-5.754000186920166,1.3112431764602661,2.3677186965942383,0.0808630958199501,0.021430423483252525,-0.033716991543769836,0.6882067322731018
11.906000137329102,-5.754000186920166,1.2990044355392456,5.532308578491211,0.10179360955953598,0.05453824624419212,-0.035100873559713364,0.2796662449836731
11.906000137329102,-4.754000186920166,1.0740151405334473,4.779723644256592,0.37233829498291016,2.3653976917266846,0.023103836923837662,0.09885147213935852
11.906000137329102,-4.754000186920166,1.4132442474365234,2.328033685684204,0.13461042940616608,0.015862712636590004,-0.013485794886946678,0.5482549071311951
11.906000137329102,-4.754000186920166,1.1735670566558838,5.5450119972229,0.06538519263267517,0.034697774797677994,0.0390254370868206,0.352893590927124
11.906000137329102,-3.753999948501587,0.8306052088737488,5.694704532623291,0.07999564707279205,2.206617593765259,-0.020481441169977188,0.3111109733581543
11.906000137329102,-3.753999948501587,1.166648030281067,2.1919541358947754,0.0803564116358757,0.025820951908826828,-0.006548287812620401,0.30051183700561523
11.906000137329102,-3.753999948501587,1.1688823699951172,5.523463249206543,0.07252170145511627,0.029681595042347908,0.051252253353595734,0.38837721943855286
11.906000137329102,-2.753999948501587,0.7386223673820496,0.8526527285575867,0.01621422730386257,0.5396575331687927,0.07326939702033997,0.9228781461715698
11.906000137329102,-2.753999948501587,0.7817550897598267,1.7135725021362305,0.11246028542518616,0.3192368745803833,0.03725571557879448,0.07265514135360718
11.906000137329102,-2.753999948501587,0.8821059465408325,5.789328098297119,0.21395377814769745,0.2532932162284851,-0.00623715203255415,0.004466766491532326
11.906000137329102,0.2460000067949295,1.1127192974090576,6.199143886566162,0.4714474081993103,0.19800099730491638,0.216827854514122,0.4792318344116211
11.906000137329102,0.2460000067949295,0.8424972891807556,1.2187386751174927,0.02419915795326233,0.02529555931687355,-0.5541260242462158,0.11629854142665863
11.906000137329102,0.2460000067949295,1.1280313730239868,5.245345115661621,0.12627598643302917,0.11358781903982162,0.3460067808628082,0.40446966886520386
12.906000137329102,-16.753999710083008,0.7056766748428345,0.6625915765762329,0.03925628587603569,2.1584348678588867,0.02200191095471382,0.8327359557151794
12.906000137329102,-16.753999710083008,0.8254133462905884,2.930569887161255,0.0829707682132721,0.11439581215381622,0.14266957342624664,0.13144898414611816
12.906000137329102,-16.753999710083008,1.0705724954605103,6.183747291564941,0.13317245244979858,0.05891835689544678,-0.1040017157793045,0.03581506386399269
12.906000137329102,-15.753999710083008,0.9798715114593506,5.901409149169922,0.5160237550735474,0.7781810164451599,0.0857723131775856,0.021997343748807907
12.906000137329102,-15.753999710083008,0.5189991593360901,3.1946213245391846,0.035450827330350876,0.7225421667098999,-0.07582920789718628,0.24045170843601227
12.906000137329102,-15.753999710083008,0.5440468788146973,3.9389145374298096,0.015326613560318947,0.11653764545917511,0.2205798327922821,0.7375509738922119
12.906000137329102,-14.753999710083008,0.8548434972763062,6.005270004272461,0.11244577914476395,0.36399585008621216,0.10053610801696777,0.03991831839084625
12.906000137329102,-14.753999710083008,0.7250617742538452,2.117525339126587,0.06367795914411545,0.22434167563915253,-0.292278915643692,0.03899167850613594
12.906000137329102,-14.753999710083008,0.8655400276184082,4.665562629699707,0.049382828176021576,0.030597545206546783,-0.017094850540161133,0.9210900068283081
12.906000137329102,-13.753999710083008,0.8443438410758972,4.501272201538086,0.07009751349687576,0.7854428291320801,-0.01407685037702322,0.1478455811738968
12.906000137329102,-13.753999710083008,0.9010114669799805,1.8226567506790161,0.09937223792076111,0.16666197776794434,-0.014141673222184181,0.08017206937074661
12.906000137329102,-13.753999710083008,0.9539405107498169,4.453577995300293,0.07671888172626495,0.05716992914676666,0.055887892842292786,0.7719823718070984
12.906000137329102,-12.753999710083008,0.9298282265663147,5.161861419677734,0.16776864230632782,0.4318949282169342,0.08359929174184799,0.09995327889919281
12.906000137329102,-12.753999710083008,0.6527335047721863,1.2482351064682007,0.02601430006325245,0.34469980001449585,-0.05012571066617966,0.21276487410068512
12.906000137329102,-12.753999710083008,0.6483816504478455,4.792411804199219,0.029135050252079964,0.20083430409431458,-0.16834698617458344,0.6872819066047668
12.906000137329102,-11.753999710083008,1.0439140796661377,4.321605682373047,0.09504622966051102,0.24178478121757507,-0.09475349634885788,0.3888256549835205
12.906000137329102,-11.753999710083008,0.6136077642440796,2.5021283626556396,0.038280706852674484,1.7749615907669067,0.23420357704162598,0.42169392108917236
12.906000137329102,-11.753999710083008,0.6901800632476807,4.0342793464660645,0.028802860528230667,0.47637486457824707,0.0633312240242958,0.18948045372962952
12.906000137329102,-10.753999710083008,0.9842069149017334,3.6049752235412598,0.17681731283664703,0.7225008606910706,-0.0458097904920578,0.41441810131073
12.906000137329102,-10.753999710083008,0.5908068418502808,3.9877748489379883,0.03386589139699936,0.3597535192966461,-0.012164696119725704,0.26447156071662903
12.906000137329102,-10.753999710083008,0.6611217260360718,2.7393929958343506,0.028881728649139404,0.6666682362556458,0.2539227306842804,0.321110337972641
12.906000137329102,-9.753999710083008,0.8430835604667664,3.7753171920776367,0.1131231039762497,0.417797327041626,-0.2113015353679657,0.08277665823698044
12.906000137329102,-9.753999710083008,0.6312916874885559,2.088588237762451,0.041570913046598434,0.7447608113288879,-0.2123352289199829,0.10793437063694
12.906000137329102,-9.753999710083008,0.6107984185218811,3.0005171298980713,0.012347226031124592,0.4543570876121521,0.0025541631039232016,0.8092889785766602
12.906000137329102,-8.753999710083008,0.6371579170227051,4.667729377746582,0.04896746575832367,0.742794394493103,0.0626712515950203,0.44436246156692505
12.906000137329102,-8.753999710083008,0.6512342095375061,2.1346116065979004,0.0662626102566719,0.33612552285194397,0.09514357149600983,0.3399394452571869
12.906000137329102,-8.753999710083008,0.7186539173126221,4.8033037185668945,0.06650946289300919,0.269458144903183,0.1708720475435257,0.21569806337356567
12.906000137329102,-7.754000186920166,0.8550306558609009,6.1145524978637695,0.12578880786895752,2.234922409057617,-0.02601824887096882,0.07186909765005112
12.906000137329102,-7.754000186920166,1.1228967905044556,2.2538578510284424,0.07139266282320023,0.02957686223089695,0.09148551523685455,0.6294761300086975
12.906000137329102,-7.754000186920166,1.0932797193527222,5.537274360656738,0.06632088869810104,0.040033143013715744,0.14261387288570404,0.29865482449531555
12.906000137329102,-6.754000186920166,0.9519054889678955,5.455751895904541,0.25992056727409363,2.0706350803375244,-0.032862912863492966,0.03210366889834404
12.906000137329102,-6.754000186920166,1.1354033946990967,2.359555244445801,0.05615821108222008,0.020494895055890083,0.03876035660505295,0.5788201093673706
12.906000137329102,-6.754000186920166,1.258275032043457,5.550455570220947,0.09567569196224213,0.031824350357055664,0.04090398550033569,0.38907620310783386
12.906000137329102,-5.754000186920166,1.0290188789367676,4.190776824951172,0.5510897636413574,2.9759960174560547,0.04630010947585106,0.01228325255215168
12.906000137329102,-5.754000186920166,1.1662466526031494,2.3504467010498047,0.05310169607400894,0.01780400611460209,-0.03425286337733269,0.5700575709342957
12.906000137329102,-5.754000186920166,1.3813496828079224,5.508036136627197,0.12079319357872009,0.02660531923174858,0.020665522664785385,0.417659193277359
12.906000137329102,-4.754000186920166,0.7390214800834656,0.115232914686203,0.04178542643785477,0.98264479637146,-0.048691507428884506,0.4678918421268463
12.906000137329102,-4.754000186920166,0.8921864032745361,1.8818402290344238,0.09611047059297562,0.0273567084223032,-0.05986885726451874,0.3551395833492279
12.906000137329102,-4.754000186920166,1.0078411102294922,5.413650989532471,0.1801149845123291,0.07591091096401215,0.14644336700439453,0.1769685447216034
12.906000137329102,-3.753999948501587,0.7903256416320801,0.7100322246551514,0.04797090217471123,0.7409093379974365,-0.07029417157173157,0.3442423641681671
12.906000137329102,-3.753999948501587,0.5327763557434082,0.6282616257667542,0.03955566883087158,0.7028130292892456,0.19806136190891266,0.025487523525953293
12.906000137329102,-3.753999948501587,0.8486472964286804,0.28668633103370667,0.05320987477898598,0.28398117423057556,0.0789724737405777,0.6302701234817505
12.906000137329102,-2.753999948501587,1.091753602027893,4.970175743103027,0.9030765891075134,0.7075109481811523,0.24507218599319458,0.01329093612730503
12.906000137329102,-2.753999948501587,0.5199646949768066,0.6341297030448914,0.012338039465248585,0.29227668046951294,-0.49627989530563354,0.9820860624313354
12.906000137329102,-2.753999948501587,0.7748899459838867,0.7525742650032043,0.21550321578979492,2.093034029006958,-0.2281292825937271,0.0046230205334723
13.906000137329102,-15.753999710083008,0.7282534241676331,0.2370472252368927,0.054949577897787094,0.7464887499809265,-0.021432487294077873,0.232071191072464
13.906000137329102,-15.753999710083008,0.6230781674385071,3.231440305709839,0.0651019960641861,0.21455033123493195,0.16521842777729034,0.7442997097969055
13.906000137329102,-15.753999710083008,0.6992722749710083,4.786430835723877,0.08261603116989136,0.10334110260009766,0.2831107974052429,0.02362910658121109
13.906000137329102,-14.753999710083008,0.858491063117981,5.167193412780762,0.094719797372818,0.6962493062019348,0.023602686822414398,0.16624712944030762
13.906000137329102,-14.753999710083008,0.7142959237098694,1.870428204536438,0.04153730720281601,0.24178873002529144,-0.16816109418869019,0.41466495394706726
13.906000137329102,-14.753999710083008,0.7717131972312927,4.187276840209961,0.037460412830114365,0.11725869029760361,0.12963026762008667,0.4190879762172699
13.906000137329102,-13.753999710083008,0.8555902242660522,4.737154960632324,0.07574330270290375,0.7282252907752991,-0.04686449468135834,0.06028755381703377
13.906000137329102,-13.753999710083008,0.8665266633033752,2.0181055068969727,0.0705314576625824,0.1091301292181015,-0.07576175779104233,0.030246982350945473
13.906000137329102,-13.753999710083008,0.9492413997650146,4.029013633728027,0.06403268873691559,0.03888331726193428,0.16451145708560944,0.9094654321670532
13.906000137329102,-12.753999710083008,0.7991185188293457,4.461269378662109,0.07651831209659576,0.36849042773246765,0.0974191352725029,0.4709062874317169
13.906000137329102,-12.753999710083008,0.701177716255188,1.7664003372192383,0.04114924743771553,0.258376806974411,-0.06999881565570831,0.09724882990121841
13.906000137329102,-12.753999710083008,0.7210907936096191,4.477961540222168,0.04881124943494797,0.23338615894317627,-0.01697409711778164,0.4318447709083557
13.906000137329102,-11.753999710083008,0.8110138177871704,3.963728427886963,0.05022679269313812,0.42169827222824097,-0.04056223854422569,0.5717294216156006
13.906000137329102,-11.753999710083008,0.5958060026168823,2.433290481567383,0.03619420528411865,1.0525001287460327,-0.08023981004953384,0.3233497738838196
13.906000137329102,-11.753999710083008,0.7685599327087402,4.423166751861572,0.039810363203287125,0.34546640515327454,-0.004762196913361549,0.10492078214883804
13.906000137329102,-10.753999710083008,0.787359893321991,3.692073106765747,0.049442652612924576,2.0715396404266357,0.02327588014304638,0.8391805291175842
13.906000137329102,-10.753999710083008,0.7084712386131287,2.7534799575805664,0.058424096554517746,0.18123839795589447,0.021493881940841675,0.08739304542541504
13.906000137329102,-10.753999710083008,0.865303635597229,5.203097820281982,0.06476419419050217,0.20403975248336792,0.04832533001899719,0.07342635840177536
13.906000137329102,-9.753999710083008,0.7275075316429138,5.871007919311523,0.03486359119415283,1.192946195602417,-0.11442715674638748,0.4572676420211792
13.906000137329102,-9.753999710083008,1.096938967704773,1.9814039468765259,0.14006201922893524,0.05872224643826485,-0.017883000895380974,0.23838695883750916
13.906000137329102,-9.753999710083008,1.0743489265441895,5.2553253173828125,0.10674674808979034,0.048916157335042953,0.05308012291789055,0.3043453097343445
13.906000137329102,-8.753999710083008,1.017924427986145,5.539030075073242,0.39407268166542053,2.4577014446258545,-0.011988761834800243,0.07994896918535233
13.906000137329102,-8.753999710083008,1.2259652614593506,2.264704465866089,0.07786600291728973,0.023439299315214157,0.0024415571242570877,0.5971197485923767
13.906000137329102,-8.753999710083008,1.128044843673706,5.495226860046387,0.06538784503936768,0.028264794498682022,0.09928493946790695,0.32293128967285156
13.906000137329102,-7.754000186920166,1.0025701522827148,6.008096218109131,0.3470151722431183,2.3205490112304688,-0.04988575354218483,0.05391522869467735
13.906000137329102,-7.754000186920166,1.246549129486084,2.317152738571167,0.07178604602813721,0.022648977115750313,0.07169770449399948,0.5825884342193604
13.906000137329102,-7.754000186920166,1.145798683166504,5.594594955444336,0.061571910977363586,0.02869649976491928,0.08668497949838638,0.3634963035583496
13.906000137329102,-6.754000186920166,0.9092420935630798,6.165052890777588,0.18004445731639862,2.057675838470459,-0.07919691503047943,0.05421292781829834
13.906000137329102,-6.754000186920166,1.2270992994308472,2.3491432666778564,0.08513527363538742,0.016611238941550255,0.09441208839416504,0.4814452826976776
13.906000137329102,-6.754000186920166,1.1422115564346313,5.552335739135742,0.07289548218250275,0.02619803696870804,0.08417006582021713,0.46434181928634644
13.906000137329102,-5.754000186920166,0.598541259765625,0.06659416109323502,0.015560952015221119,1.353813886642456,-0.053043004125356674,0.8579755425453186
13.906000137329102,-5.754000186920166,0.7933244705200195,2.27293062210083,0.13984860479831696,0.08355344086885452,-0.04728296399116516,0.11569361388683319
13.906000137329102,-5.754000186920166,0.8431282043457031,6.047232627868652,0.1601317673921585,0.13894051313400269,-0.011582125909626484,0.026330802589654922
13.906000137329102,-4.754000186920166,0.883976936340332,4.758025646209717,0.033576320856809616,0.19432306289672852,0.14814966917037964,0.12731288373470306
13.906000137329102,-4.754000186920166,0.9890950918197632,1.0271143913269043,0.07317882776260376,0.15948587656021118,0.03741738572716713,0.7877784371376038
13.906000137329102,-4.754000186920166,0.8650087714195251,5.016423225402832,0.15242446959018707,0.26174652576446533,0.29692786931991577,0.08490871638059616
13.906000137329102,-3.753999948501587,0.42362749576568604,5.269920349121094,0.003993794322013855,0.41568535566329956,-0.20042191445827484,0.9981332421302795
13.906000137329102,-3.753999948501587,0.5564677715301514,0.43565797805786133,0.09843450039625168,2.2707927227020264,0.06563083827495575,0.0004909816780127585
13.906000137329102,-3.753999948501587,0.5906804203987122,5.563619136810303,0.0187947116792202,0.9125505089759827,0.07312661409378052,0.0013758318964391947
14.906000137329102,-15.753999710083008,0.6880589127540588,1.5517616271972656,0.059344567358493805,0.8754547238349915,0.007843618281185627,0.06840263307094574
14.906000137329102,-15.753999710083008,0.8000028729438782,3.7414023876190186,0.048020943999290466,0.11976530402898788,0.03996895253658295,0.9297547340393066
14.906000137329102,-15.753999710083008,0.8713164925575256,4.608922481536865,0.1407366245985031,0.1705651730298996,0.47849762439727783,0.0018426699098199606
14.906000137329102,-14.753999710083008,0.9269139766693115,4.661844730377197,0.11958859860897064,0.6681073904037476,-0.036684878170490265,0.23184916377067566
14.906000137329102,-14.753999710083008,0.6778578162193298,2.7053487300872803,0.03470495715737343,0.3141208589076996,-0.028650585561990738,0.7569733262062073
14.906000137329102,-14.753999710083008,0.6668186783790588,3.88478946685791,0.041431475430727005,0.8361190557479858,0.3290497958660126,0.01117758173495531
14.906000137329102,-13.753999710083008,0.8168047666549683,3.3790130615234375,0.08891128748655319,0.7727251648902893,0.08414720743894577,0.5352495908737183
14.906000137329102,-13.753999710083008,0.6430186033248901,1.6620832681655884,0.04686218500137329,0.6930020451545715,-0.110575370490551,0.031092070043087006
14.906000137329102,-13.753999710083008,0.7438917756080627,4.554581165313721,0.044206585735082626,0.5501453280448914,0.06194210797548294,0.4336583614349365
14.906000137329102,-12.753999710083008,0.6037118434906006,4.166107177734375,0.013509014621376991,0.4208000600337982,-0.010640164837241173,0.8048660755157471
14.906000137329102,-12.753999710083008,0.6501923203468323,1.997211217880249,0.07459785789251328,0.31736069917678833,0.23485662043094635,0.01654764451086521
14.906000137329102,-12.753999710083008,0.7522168159484863,4.92089319229126,0.06317726522684097,0.12179260700941086,0.061323922127485275,0.17858627438545227
14.906000137329102,-11.753999710083008,0.6923091411590576,4.597843170166016,0.04366772621870041,1.6054065227508545,-0.05342809483408928,0.47694024443626404
14.906000137329102,-11.753999710083008,0.8014296889305115,2.3218002319335938,0.05582008510828018,0.08361230790615082,0.013308572582900524,0.4089820683002472
14.906000137329102,-11.753999710083008,0.924724280834198,5.3413825035095215,0.08023915439844131,0.1132306382060051,-0.06727606803178787,0.11407763510942459
14.906000137329102,-10.753999710083008,0.8510459065437317,5.338411331176758,0.07735205441713333,2.132598876953125,-0.05236244201660156,0.22554153203964233
14.906000137329102,-10.753999710083008,1.100308895111084,2.306377649307251,0.07821373641490936,0.028937116265296936,-0.08577726036310196,0.5180542469024658
14.906000137329102,-10.753999710083008,1.225792407989502,5.4679365158081055,0.111173115670681,0.04019024968147278,-0.05657035857439041,0.25640416145324707
14.906000137329102,-9.753999710083008,0.9825589060783386,5.725136756896973,0.22378009557724,2.3939754962921143,-0.0423639640212059,0.0852498933672905
14.906000137329102,-9.753999710083008,1.24003267288208,2.2768659591674805,0.09149827808141708,0.02313043922185898,-0.006505729630589485,0.6236817240715027
14.906000137329102,-9.753999710083008,1.22288179397583,5.473855495452881,0.08735211193561554,0.035292938351631165,0.0035606776364147663,0.29106834530830383
14.906000137329102,-8.753999710083008,0.9837043285369873,0.03758915513753891,0.3530840575695038,2.4332170486450195,-0.02465129643678665,0.051956914365291595
14.906000137329102,-8.753999710083008,1.2302608489990234,2.303602457046509,0.06905147433280945,0.02250276692211628,-0.003969664219766855,0.6000851392745972
14.906000137329102,-8.753999710083008,1.2479453086853027,5.50497579574585,0.08199077844619751,0.03184962645173073,0.05893705412745476,0.3479579985141754
14.906000137329102,-7.754000186920166,1.0261298418045044,6.192444801330566,0.3201306164264679,2.503357172012329,-0.03218745067715645,0.05176728218793869
14.906000137329102,-7.754000186920166,1.2169066667556763,2.3411848545074463,0.06709342449903488,0.016192322596907616,0.00978922937065363,0.5377313494682312
14.906000137329102,-7.754000186920166,1.3130905628204346,5.558719635009766,0.09580811113119125,0.025035979226231575,0.04909687116742134,0.4105013310909271
14.906000137329102,-6.754000186920166,0.7486515045166016,0.2786082625389099,0.04544903710484505,2.241511344909668,-0.04230545088648796,0.35492053627967834
14.906000137329102,-6.754000186920166,1.0519133806228638,2.0937392711639404,0.10385371744632721,0.04525944963097572,-0.043903086334466934,0.4771905541419983
14.906000137329102,-6.754000186920166,1.0281912088394165,5.532842636108398,0.13962288200855255,0.06591882556676865,0.09856726974248886,0.16788895428180695
14.906000137329102,-5.754000186920166,0.776172399520874,6.101957321166992,0.03812217339873314,0.25251561403274536,-0.1238338053226471,0.2540091872215271
14.906000137329102,-5.754000186920166,0.7952867150306702,1.3597195148468018,0.04600631445646286,0.1334018111228943,0.30206099152565,0.7430405616760254
14.906000137329102,-5.754000186920166,0.7811044454574585,6.121572971343994,0.2371084839105606,2.209986686706543,0.22670330107212067,0.0029502687975764275
14.906000137329102,-4.754000186920166,0.8307952880859375,6.102052211761475,0.0684610903263092,0.22914192080497742,0.09123402088880539,0.0015580301405861974
14.906000137329102,-4.754000186920166,1.5119543075561523,1.7658743858337402,0.2046724110841751,0.005275731440633535,-0.15697169303894043,0.9984343647956848
14.906000137329102,-4.754000186920166,0.9790338277816772,5.988888263702393,1.0029183626174927,2.5217878818511963,-0.1797230988740921,7.5599614319799e-06
15.906000137329102,-15.753999710083008,0.6634513735771179,1.0259968042373657,0.11485669016838074,0.767417311668396,-0.08074315637350082,0.3749435544013977
15.906000137329102,-15.753999710083008,0.6731592416763306,3.4677541255950928,0.06852953135967255,0.4393616020679474,0.02958732470870018,0.6022784113883972
15.906000137329102,-15.753999710083008,0.736016571521759,4.62116003036499,0.07140564918518066,0.15582673251628876,0.3465748727321625,0.022778019309043884
15.906000137329102,-14.753999710083008,0.844566285610199,4.51926326751709,0.13999846577644348,0.7168207764625549,-0.0790342167019844,0.33656251430511475
15.906000137329102,-14.753999710083008,0.6328319311141968,3.8729283809661865,0.03552846983075142,0.2683948874473572,0.030928943306207657,0.5787150859832764
15.906000137329102,-14.753999710083008,0.6146122813224792,4.069196701049805,0.02657022513449192,0.675089955329895,0.28614458441734314,0.08472245186567307
15.906000137329102,-13.753999710083008,0.7811665534973145,4.343057632446289,0.11806049942970276,0.7550286650657654,0.053071580827236176,0.8191800713539124
15.906000137329102,-13.753999710083008,0.5837521553039551,2.2164182662963867,0.0315924733877182,0.6084737777709961,-0.05986650288105011,0.07952707260847092
15.906000137329102,-13.753999710083008,0.6380917429924011,4.397411823272705,0.029321787878870964,1.239461064338684,-0.00015298348444048315,0.10129284113645554
15.906000137329102,-12.753999710083008,0.6756817102432251,5.116663932800293,0.02134851925075054,0.9570823907852173,-0.06055999919772148,0.7484473586082458
15.906000137329102,-12.753999710083008,0.7763379812240601,2.1598727703094482,0.08706829696893692,0.14742378890514374,0.288303941488266,0.17308703064918518
15.906000137329102,-12.753999710083008,0.9652461409568787,5.355132102966309,0.11449772119522095,0.07724913954734802,0.011447198688983917,0.07846555858850479
15.906000137329102,-11.753999710083008,0.7810062170028687,4.477088451385498,0.07199726998806,1.8810487985610962,-0.05228676274418831,0.20442454516887665
15.906000137329102,-11.753999710083008,1.163408875465393,2.418149709701538,0.08793824911117554,0.023201288655400276,0.023120468482375145,0.5029066205024719
15.906000137329102,-11.753999710083008,1.1552879810333252,5.533720016479492,0.08722936362028122,0.03139939531683922,-0.036779481917619705,0.292668879032135
15.906000137329102,-10.753999710083008,0.9626428484916687,4.523346900939941,0.3072391450405121,2.3117830753326416,0.010320858098566532,0.05231667682528496
15.906000137329102,-10.753999710083008,1.208972692489624,2.3425517082214355,0.07649008929729462,0.0210269782692194,-0.05811339244246483,0.6385987997055054
15.906000137329102,-10.753999710083008,1.165781021118164,5.527421474456787,0.08366004377603531,0.04045473784208298,-0.003353043692186475,0.3090844750404358
15.906000137329102,-9.753999710083008,1.0101747512817383,5.171652317047119,0.36327290534973145,2.3710827827453613,0.015737630426883698,0.061765994876623154
15.906000137329102,-9.753999710083008,1.2142521142959595,2.3116536140441895,0.08842601627111435,0.02447977475821972,0.0034992985893040895,0.5774203538894653
15.906000137329102,-9.753999710083008,1.209781527519226,5.513283729553223,0.08716022223234177,0.037816938012838364,0.03224767744541168,0.36081361770629883
15.906000137329102,-8.753999710083008,0.893886387348175,6.04891300201416,0.1831638216972351,2.710179090499878,-0.02702942304313183,0.05079975351691246
15.906000137329102,-8.753999710083008,1.2309014797210693,2.310833215713501,0.0827244371175766,0.020750923082232475,-0.039608150720596313,0.4838200807571411
15.906000137329102,-8.753999710083008,1.199474811553955,5.482814788818359,0.08749143034219742,0.038103654980659485,0.02018844150006771,0.4653802514076233
15.906000137329102,-7.754000186920166,0.6840236783027649,5.173123359680176,0.015854522585868835,0.6736806035041809,-0.030251482501626015,0.8970504999160767
15.906000137329102,-7.754000186920166,1.0692251920700073,1.737993836402893,0.13553810119628906,0.12737104296684265,0.0022684785071760416,0.09258341789245605
15.906000137329102,-7.754000186920166,1.1055495738983154,5.700992107391357,0.20484617352485657,0.11450111120939255,0.20456840097904205,0.010366099886596203
15.906000137329102,-6.754000186920166,0.9094098806381226,5.810480117797852,0.34334203600883484,1.0959997177124023,-0.02965686097741127,0.008234321139752865
15.906000137329102,-6.754000186920166,0.6701824069023132,0.8906248211860657,0.030586138367652893,0.15235435962677002,-0.28887394070625305,0.9772742986679077
15.906000137329102,-6.754000186920166,0.9329531788825989,4.953662395477295,0.3716336488723755,1.871080756187439,0.2708936333656311,0.014491383917629719
15.906000137329102,-5.754000186920166,0.7817695736885071,0.008773988112807274,0.03125441074371338,0.33316361904144287,-0.2621368169784546,0.02207426354289055
15.906000137329102,-5.754000186920166,0.961132287979126,1.7127803564071655,0.03950601816177368,0.020912807434797287,0.2639417350292206,0.9775487780570984
15.906000137329102,-5.754000186920166,0.8908308744430542,5.476603984832764,0.32935312390327454,1.7908145189285278,0.1812264621257782,0.00037700135726481676
16.9060001373291,-15.753999710083008,0.8075796365737915,5.187824249267578,0.1583072543144226,0.23563921451568604,-0.2024926245212555,0.2870955765247345
16.9060001373291,-15.753999710083008,0.45875686407089233,2.595479965209961,0.02946557104587555,0.7346559166908264,0.1963207870721817,0.08747748285531998
16.9060001373291,-15.753999710083008,0.5537480115890503,4.103280067443848,0.01888006180524826,0.20597082376480103,0.19095616042613983,0.6254269480705261
16.9060001373291,-14.753999710083008,0.7543022036552429,4.01875114440918,0.06430675834417343,0.5257246494293213,-0.0762256383895874,0.36233627796173096
16.9060001373291,-14.753999710083008,0.6194673180580139,3.1001107692718506,0.04286397621035576,0.9612005352973938,-0.054363444447517395,0.2762061059474945
16.9060001373291,-14.753999710083008,0.6548200249671936,4.719741344451904,0.021588528528809547,0.4306318759918213,0.027619605883955956,0.36145761609077454
16.9060001373291,-13.753999710083008,0.6478999853134155,5.270202159881592,0.03379392996430397,1.6204962730407715,-0.013474172912538052,0.6496094465255737
16.9060001373291,-13.753999710083008,0.6706401705741882,2.7749719619750977,0.057509537786245346,0.07727658748626709,-0.00794887077063322,0.1908637285232544
16.9060001373291,-13.753999710083008,0.8927229046821594,5.087955474853516,0.08281245082616806,0.15306763350963593,0.05777808651328087,0.15952686965465546
16.9060001373291,-12.753999710083008,0.827063262462616,5.189318656921387,0.10889449715614319,1.6702147722244263,-0.07178035378456116,0.2215796411037445
16.9060001373291,-12.753999710083008,1.229915976524353,2.4911766052246094,0.09152650833129883,0.019168082624673843,0.060039956122636795,0.4846651256084442
16.9060001373291,-12.753999710083008,1.245733380317688,5.59917688369751,0.10145017504692078,0.02990054339170456,-0.007074372842907906,0.2937552332878113
16.9060001373291,-11.753999710083008,1.005679726600647,3.1269378662109375,0.3904303312301636,2.24430775642395,-0.03607134893536568,0.04477082937955856
16.9060001373291,-11.753999710083008,1.4324922561645508,2.4688570499420166,0.1361645609140396,0.019912946969270706,0.14486046135425568,0.6396124362945557
16.9060001373291,-11.753999710083008,1.2134166955947876,5.536929607391357,0.07831422984600067,0.03920432925224304,-0.0411674901843071,0.3156166672706604
16.9060001373291,-10.753999710083008,1.0242700576782227,3.407223701477051,0.44886383414268494,2.4612324237823486,0.009807968512177467,0.046144191175699234
16.9060001373291,-10.753999710083008,1.3289973735809326,2.3943521976470947,0.12711572647094727,0.022707004100084305,0.059821903705596924,0.6036750674247742
16.9060001373291,-10.753999710083008,1.2129530906677246,5.5367560386657715,0.09837319701910019,0.05161421000957489,-0.004823490511626005,0.3501807153224945
16.9060001373291,-9.753999710083008,0.970374584197998,4.612675666809082,0.3363500237464905,2.471888303756714,-0.0017929559107869864,0.05394713580608368
16.9060001373291,-9.753999710083008,1.2792458534240723,2.3368842601776123,0.10452617704868317,0.020071672275662422,0.03301422670483589,0.5437983274459839
16.9060001373291,-9.753999710083008,1.2031774520874023,5.526760578155518,0.08427683264017105,0.032449521124362946,0.002905254252254963,0.40225455164909363
16.9060001373291,-8.753999710083008,0.7057931423187256,0.535093367099762,0.03709767758846283,0.6306787729263306,-0.05061642825603485,0.7834839224815369
16.9060001373291,-8.753999710083008,0.9687362909317017,1.9240999221801758,0.15684229135513306,0.0687761977314949,-0.022837137803435326,0.08946941792964935
16.9060001373291,-8.753999710083008,0.8084657788276672,5.862534523010254,0.0605410672724247,0.055694591253995895,0.12555640935897827,0.12704665958881378
16.9060001373291,-7.754000186920166,0.48709776997566223,1.1088645458221436,0.020028715953230858,0.879007875919342,0.06694138795137405,0.18776562809944153
16.9060001373291,-7.754000186920166,0.9823445081710815,1.1765862703323364,0.17854084074497223,0.5374574661254883,0.16796883940696716,0.8110164403915405
16.9060001373291,-7.754000186920166,1.1237857341766357,1.1257730722427368,0.8332452178001404,0.06910604983568192,0.281204491853714,0.0012179379118606448
17.9060001373291,-15.753999710083008,0.7985090017318726,5.39199161529541,0.03637076914310455,0.12488763779401779,-0.07440650463104248,0.837593674659729
17.9060001373291,-15.753999710083008,0.6109801530838013,1.0282857418060303,0.047404125332832336,2.3196017742156982,0.2553130090236664,0.027710571885108948
17.9060001373291,-15.753999710083008,0.7511881589889526,4.8448615074157715,0.0501684844493866,0.7974002957344055,0.09430555254220963,0.13469569385051727
17.9060001373291,-14.753999710083008,0.7835850715637207,3.462174415588379,0.08989498019218445,0.8616824746131897,-0.03516242280602455,0.243233323097229
17.9060001373291,-14.753999710083008,0.47460734844207764,2.221277952194214,0.03282947465777397,1.6045137643814087,0.06785349547863007,0.3351023197174072
17.9060001373291,-14.753999710083008,0.6717274188995361,4.7596049308776855,0.017205802723765373,0.2590816617012024,-0.0224918182939291,0.4216643273830414
17.9060001373291,-13.753999710083008,0.7400148510932922,4.415228843688965,0.06020867079496384,2.1090948581695557,-0.06014712154865265,0.3469802737236023
17.9060001373291,-13.753999710083008,1.0648784637451172,2.5559911727905273,0.07683592289686203,0.023969097062945366,0.07551423460245132,0.3928854167461395
17.9060001373291,-13.753999710083008,1.1659847497940063,5.77802038192749,0.0999210849404335,0.04222283139824867,-0.01656695082783699,0.2601342797279358
17.9060001373291,-12.753999710083008,0.8489283919334412,2.956308126449585,0.14962463080883026,1.8385826349258423,-0.005517829675227404,0.05437961965799332
17.9060001373291,-12.753999710083008,1.2195411920547485,2.46395206451416,0.07728023827075958,0.02307819575071335,0.06872952729463577,0.73331618309021
17.9060001373291,-12.753999710083008,1.3559030294418335,5.689703464508057,0.14446502923965454,0.03861670568585396,-0.06974638998508453,0.21230417490005493
17.9060001373291,-11.753999710083008,0.9433075189590454,3.2178401947021484,0.3858218789100647,1.684655785560608,0.0005800839862786233,0.08193226158618927
17.9060001373291,-11.753999710083008,1.3748021125793457,2.4748752117156982,0.11583374440670013,0.022613970562815666,0.1043066456913948,0.49710729718208313
17.9060001373291,-11.753999710083008,1.2315328121185303,5.580872058868408,0.11279954761266708,0.06886332482099533,0.08888831734657288,0.42096051573753357
17.9060001373291,-10.753999710083008,0.9144835472106934,2.5726637840270996,0.2104417383670807,1.547675609588623,-0.05645740032196045,0.09310328215360641
17.9060001373291,-10.753999710083008,1.4670462608337402,2.4636402130126953,0.1836620718240738,0.01750658079981804,0.17664694786071777,0.47676941752433777
17.9060001373291,-10.753999710083008,1.2640267610549927,5.498734474182129,0.11188152432441711,0.03180990368127823,0.05888574570417404,0.4301272928714752
17.9060001373291,-9.753999710083008,0.6883436441421509,0.8077744841575623,0.05541379749774933,1.562888264656067,0.09277116507291794,0.4715523421764374
17.9060001373291,-9.753999710083008,0.7098156213760376,1.6832083463668823,0.08554268628358841,0.1806502342224121,0.044178858399391174,0.513844907283783
17.9060001373291,-9.753999710083008,0.8256683945655823,6.17462682723999,0.20831291377544403,0.5189670920372009,0.12803730368614197,0.014602767303586006
17.9060001373291,-8.753999710083008,1.0127028226852417,0.10717275738716125,0.20356523990631104,0.688590407371521,0.07767708599567413,0.25440698862075806
17.9060001373291,-8.753999710083008,0.7436755895614624,1.031874656677246,0.02889340929687023,0.514776349067688,0.34187981486320496,0.5582491755485535
17.9060001373291,-8.753999710083008,0.9469087719917297,0.7201223969459534,0.1521148681640625,0.1431538313627243,0.16293291747570038,0.1873437911272049
18.9060001373291,-15.753999710083008,0.7739866971969604,5.118260383605957,0.1291874647140503,0.37066537141799927,-0.09186303615570068,0.09105364233255386
18.9060001373291,-15.753999710083008,0.5748034119606018,1.6706123352050781,0.05087140202522278,0.5381724834442139,-0.09289772063493729,0.0066603971645236015
18.9060001373291,-15.753999710083008,0.6350387930870056,4.517335414886475,0.020088639110326767,0.2669646143913269,0.03324802219867706,0.9022859930992126
18.9060001373291,-14.753999710083008,0.7005861401557922,4.68730354309082,0.03709376975893974,1.4210987091064453,0.054895561188459396,0.5495861172676086
18.9060001373291,-14.753999710083008,0.8622613549232483,2.6180295944213867,0.0894615650177002,0.11960017681121826,0.06412825733423233,0.2561759948730469
18.9060001373291,-14.753999710083008,1.0126579999923706,5.607603549957275,0.09170933812856674,0.06831856817007065,0.020889321342110634,0.1942378431558609
18.9060001373291,-13.753999710083008,0.8818431496620178,3.32521653175354,0.17519451677799225,2.4707086086273193,0.008534676395356655,0.11982518434524536
18.9060001373291,-13.753999710083008,1.0975972414016724,2.4774107933044434,0.049571748822927475,0.018927963450551033,-0.09356597065925598,0.6676910519599915
18.9060001373291,-13.753999710083008,1.1851606369018555,5.768837928771973,0.08955296874046326,0.04955296963453293,-0.03702118247747421,0.21248382329940796
18.9060001373291,-12.753999710083008,1.016178846359253,2.953754186630249,0.5997198224067688,2.243837356567383,0.03762777894735336,0.023864315822720528
18.9060001373291,-12.753999710083008,1.1334214210510254,2.4290504455566406,0.0481661781668663,0.01950928382575512,-0.05218891054391861,0.641638457775116
18.9060001373291,-12.753999710083008,1.2837363481521606,5.70952033996582,0.10921139270067215,0.04064100980758667,-0.03617586940526962,0.33449724316596985
18.9060001373291,-11.753999710083008,0.9114305973052979,2.6249499320983887,0.32037878036499023,1.6994690895080566,0.06937094777822495,0.06545578688383102
18.9060001373291,-11.753999710083008,1.1548441648483276,2.4792325496673584,0.05966011434793472,0.019892286509275436,-0.04197847843170166,0.5403138399124146
18.9060001373291,-11.753999710083008,1.4155938625335693,5.723724365234375,0.19199678301811218,0.05391624942421913,0.08788952976465225,0.39423033595085144
18.9060001373291,-10.753999710083008,0.848029613494873,1.8501958847045898,0.2103671431541443,1.4936786890029907,0.014128321781754494,0.2896735370159149
18.9060001373291,-10.753999710083008,0.8365844488143921,2.245401382446289,0.08135700970888138,0.10154955834150314,0.030980929732322693,0.3461974859237671
18.9060001373291,-10.753999710083008,0.9002025723457336,5.919989585876465,0.07551567256450653,0.07894601672887802,-0.039537545293569565,0.3641290068626404
18.9060001373291,-9.753999710083008,1.1738312244415283,1.0957144498825073,0.40889859199523926,0.23463496565818787,-0.05011390522122383,0.11175452172756195
18.9060001373291,-9.753999710083008,0.7910499572753906,0.3075295686721802,0.024241646751761436,2.4053380489349365,0.3633640706539154,0.8669155836105347
18.9060001373291,-9.753999710083008,0.853302538394928,0.5152539610862732,0.10316833853721619,15.245285987854004,-0.05154697597026825,0.021329831331968307
18.9060001373291,-8.753999710083008,1.5881918668746948,5.769436836242676,0.8917064666748047,1.6090339422225952,0.29065677523612976,0.011959528550505638
18.9060001373291,-8.753999710083008,1.0794095993041992,2.4527342319488525,0.03959380462765694,1.6784988641738892,0.49422764778137207,0.1653333306312561
18.9060001373291,-8.753999710083008,1.5719552040100098,0.25617966055870056,0.06017462909221649,0.006544770207256079,0.022949358448386192,0.8227071166038513
19.9060001373291,-16.753999710083008,0.4804045259952545,4.023154258728027,0.015592816285789013,2.748687982559204,0.0030198993626981974,0.10924596339464188
19.9060001373291,-16.753999710083008,0.5434528589248657,2.746708869934082,0.010858841240406036,0.08580438792705536,-0.20854076743125916,0.8655548691749573
19.9060001373291,-16.753999710083008,0.8021122813224792,4.709033012390137,0.11086244881153107,0.3704908788204193,0.3486289083957672,0.0251991618424654
19.9060001373291,-15.753999710083008,0.6022202372550964,4.296145439147949,0.05117731913924217,1.071028709411621,-0.024949390441179276,0.5692970752716064
19.9060001373291,-15.753999710083008,0.683392345905304,2.7964186668395996,0.10862145572900772,0.31736576557159424,-0.17076441645622253,0.10477805137634277
19.9060001373291,-15.753999710083008,0.7831630706787109,4.711972236633301,0.06353086978197098,0.21272499859333038,0.010783634148538113,0.3259248733520508
19.9060001373291,-14.753999710083008,0.8313115835189819,4.1822662353515625,0.09148939698934555,2.442033290863037,0.025162095203995705,0.16806617379188538
19.9060001373291,-14.753999710083008,1.1558502912521362,2.498119354248047,0.07064056396484375,0.025980358943343163,-0.05870819091796875,0.5370633006095886
19.9060001373291,-14.753999710083008,1.049818515777588,5.820660591125488,0.0671115517616272,0.06074538081884384,0.05075368285179138,0.2948704659938812
19.9060001373291,-13.753999710083008,1.0683180093765259,3.3401377201080322,0.6552106142044067,2.2930712699890137,0.06092449650168419,0.04584517702460289
19.9060001373291,-13.753999710083008,1.1644432544708252,2.5250368118286133,0.04215442016720772,0.020473718643188477,0.006011434830725193,0.6324909329414368
19.9060001373291,-13.753999710083008,1.1314879655838013,5.740720748901367,0.0592389814555645,0.055220674723386765,0.037600912153720856,0.3216639757156372
19.9060001373291,-12.753999710083008,0.9012206196784973,3.8478314876556396,0.21774935722351074,2.4029314517974854,-0.03828130289912224,0.08589878678321838
19.9060001373291,-12.753999710083008,1.129359245300293,2.4864675998687744,0.056960757821798325,0.021130574867129326,0.004307843744754791,0.4763597249984741
19.9060001373291,-12.753999710083008,1.1285301446914673,5.716250419616699,0.07394864410161972,0.0369935967028141,-0.00837834645062685,0.4377414584159851
19.9060001373291,-11.753999710083008,0.7731737494468689,4.7723164558410645,0.07489119470119476,2.07959246635437,0.08758857846260071,0.22877009212970734
19.9060001373291,-11.753999710083008,0.9676094651222229,2.2964096069335938,0.07102211564779282,0.05423027276992798,0.13253751397132874,0.5187712907791138
19.9060001373291,-11.753999710083008,1.095185399055481,5.602104663848877,0.11566793918609619,0.09138613194227219,0.16076625883579254,0.2524586021900177
19.9060001373291,-10.753999710083008,0.7659959197044373,1.1128331422805786,0.16974347829818726,0.7100571990013123,-0.016747958958148956,0.2127300500869751
19.9060001373291,-10.753999710083008,0.6365238428115845,1.6536238193511963,0.03145857900381088,0.2659338712692261,0.29814764857292175,0.7281375527381897
19.9060001373291,-10.753999710083008,0.6257145404815674,0.9014838933944702,0.0525113046169281,0.28091269731521606,-0.17165899276733398,0.05913234502077103
19.9060001373291,-9.753999710083008,1.9142485857009888,1.4843511581420898,1.538834571838379,0.017658421769738197,-0.3037678003311157,0.07288874685764313
19.9060001373291,-9.753999710083008,1.246517539024353,0.3080548346042633,0.07494137436151505,40.7330322265625,0.33830055594444275,0.6482957005500793
19.9060001373291,-9.753999710083008,1.126296043395996,5.368459701538086,0.1959889829158783,219.695068359375,-0.15696696937084198,0.2788156270980835
20.9060001373291,-18.753999710083008,0.8635830283164978,4.247214317321777,0.4153887629508972,2.102182626724243,0.020391682162880898,0.21137569844722748
20.9060001373291,-18.753999710083008,0.7697175145149231,2.681894302368164,0.04296742007136345,0.05951479449868202,0.05796722322702408,0.6002388596534729
20.9060001373291,-18.753999710083008,0.803687334060669,5.177890300750732,0.05310377478599548,0.1578361988067627,0.1493387222290039,0.188385471701622
20.9060001373291,-17.753999710083008,0.8920674920082092,3.838953733444214,0.30983850359916687,0.6696594953536987,-0.049243248999118805,0.02111794613301754
20.9060001373291,-17.753999710083008,0.4608829617500305,2.817033290863037,0.022282574325799942,1.0191551446914673,0.07315067201852798,0.08587266504764557
20.9060001373291,-17.753999710083008,0.5661478638648987,3.6518359184265137,0.014803810976445675,0.5272811651229858,0.16651898622512817,0.8930094242095947
20.9060001373291,-16.753999710083008,0.9328094124794006,4.082103729248047,0.5682322978973389,1.4314122200012207,0.1050875186920166,0.10094190388917923
20.9060001373291,-16.753999710083008,0.5867303609848022,2.2590291500091553,0.012905478477478027,0.3217378258705139,-0.27106133103370667,0.7437694072723389
20.9060001373291,-16.753999710083008,0.6218513250350952,4.3776044845581055,0.01643868163228035,0.16374656558036804,0.0542902871966362,0.15528865158557892
20.9060001373291,-15.753999710083008,0.7631163597106934,5.418547630310059,0.07625601440668106,1.7049180269241333,-0.05420483276247978,0.13838866353034973
20.9060001373291,-15.753999710083008,1.1035970449447632,2.4836297035217285,0.12275650352239609,0.06766442954540253,-0.025466062128543854,0.5760203003883362
20.9060001373291,-15.753999710083008,1.1912308931350708,5.76889181137085,0.1090778186917305,0.05439140647649765,-0.10049736499786377,0.28559109568595886
20.9060001373291,-14.753999710083008,0.8095561861991882,4.147298336029053,0.09234894812107086,2.2889976501464844,-0.04348092898726463,0.14464399218559265
20.9060001373291,-14.753999710083008,1.1816774606704712,2.5713109970092773,0.06971684098243713,0.019418764859437943,-0.07681582123041153,0.5657408237457275
20.9060001373291,-14.753999710083008,1.1018586158752441,5.843197345733643,0.07079135626554489,0.04892649129033089,-0.045353665947914124,0.2896151542663574
20.9060001373291,-13.753999710083008,0.8629753589630127,4.062844753265381,0.17699308693408966,2.264052391052246,-0.057486627250909805,0.07397755980491638
20.9060001373291,-13.753999710083008,1.2068744897842407,2.5780410766601562,0.06805296242237091,0.016311392188072205,0.04286361113190651,0.48315173387527466
20.9060001373291,-13.753999710083008,1.0998719930648804,5.7846879959106445,0.06970860809087753,0.05037173256278038,-0.021702749654650688,0.44287076592445374
20.9060001373291,-12.753999710083008,0.8637213110923767,5.45942497253418,0.12568415701389313,2.066819667816162,-0.0691506490111351,0.0935215950012207
20.9060001373291,-12.753999710083008,1.1144391298294067,2.5382769107818604,0.061589956283569336,0.0125540466979146,0.1418629139661789,0.4956310987472534
20.9060001373291,-12.753999710083008,1.131988286972046,5.688591480255127,0.06688206642866135,0.032236140221357346,0.012803635559976101,0.41084733605384827
20.9060001373291,-11.753999710083008,0.7954609990119934,5.958322525024414,0.2651700973510742,1.082364797592163,0.13494576513767242,0.1305272877216339
20.9060001373291,-11.753999710083008,0.6226609945297241,2.0127813816070557,0.027577461674809456,0.6789502501487732,-0.22651049494743347,0.7070344090461731
20.9060001373291,-11.753999710083008,0.6803454160690308,5.730482578277588,0.024776095524430275,0.637861967086792,0.0019529903074726462,0.1624382883310318
20.9060001373291,-10.753999710083008,0.895579993724823,0.574245810508728,0.11855564266443253,1.2865217924118042,0.06912381947040558,0.2450697422027588
20.9060001373291,-10.753999710083008,0.7905677556991577,1.8221129179000854,0.1383500099182129,2.173342227935791,0.1756574809551239,0.5786570906639099
20.9060001373291,-10.753999710083008,0.9536041021347046,0.38608551025390625,0.12049028277397156,0.38296857476234436,-0.2281091809272766,0.17627321183681488
21.9060001373291,-19.753999710083008,0.7247650027275085,2.748979330062866,0.15552935004234314,0.36812740564346313,0.06947346776723862,0.05675722658634186
21.9060001373291,-19.753999710083008,0.2739928364753723,2.6986191272735596,0.06911953538656235,6.077339172363281,-0.01963423378765583,0.005845323204994202
21.9060001373291,-19.753999710083008,0.5561992526054382,3.7880778312683105,0.012716264463961124,0.0778537169098854,0.0643969476222992,0.9373974800109863
21.9060001373291,-18.753999710083008,0.76783287525177,5.217944145202637,0.16413652896881104,0.840987503528595,0.06482570618391037,0.13403639197349548
21.9060001373291,-18.753999710083008,0.5260351300239563,2.3360559940338135,0.05057286098599434,1.3521329164505005,-0.07807381451129913,0.23188644647598267
21.9060001373291,-18.753999710083008,0.6810487508773804,4.441420555114746,0.02458246611058712,0.5037661194801331,0.21445047855377197,0.6340771317481995
21.9060001373291,-17.753999710083008,0.8650145530700684,4.647153377532959,0.13084959983825684,0.5914347767829895,0.012986306101083755,0.4343501925468445
21.9060001373291,-17.753999710083008,0.4779285192489624,2.302743673324585,0.02811725065112114,1.2148014307022095,0.16715365648269653,0.38924679160118103
21.9060001373291,-17.753999710083008,0.6141719818115234,4.467754364013672,0.023834586143493652,0.574790894985199,0.16272085905075073,0.1764029860496521
21.9060001373291,-16.753999710083008,0.7687674760818481,4.651269912719727,0.05287059023976326,1.4506927728652954,0.0566975437104702,0.28877124190330505
21.9060001373291,-16.753999710083008,0.8531734347343445,2.4609453678131104,0.08531460911035538,0.16297796368598938,0.13252350687980652,0.5982621312141418
21.9060001373291,-16.753999710083008,0.8935704827308655,5.29372501373291,0.08804813772439957,0.19910138845443726,-0.009518756531178951,0.11296667903661728
21.9060001373291,-15.753999710083008,0.9405022263526917,3.5598058700561523,0.21573467552661896,2.087216377258301,0.039707574993371964,0.14222468435764313
21.9060001373291,-15.753999710083008,1.0723631381988525,2.654313325881958,0.06071380153298378,0.028918273746967316,0.013949550688266754,0.644070029258728
21.9060001373291,-15.753999710083008,1.194577932357788,5.876662731170654,0.09137580543756485,0.045772574841976166,-0.08571324497461319,0.21370533108711243
21.9060001373291,-14.753999710083008,0.8163393139839172,3.808091163635254,0.12049876153469086,2.5914769172668457,0.005055089946836233,0.1143539547920227
21.9060001373291,-14.753999710083008,1.259966492652893,2.6498825550079346,0.07937660068273544,0.018984166905283928,-0.04315215349197388,0.5584997534751892
21.9060001373291,-14.753999710083008,1.1693588495254517,5.863842964172363,0.07717912644147873,0.04865926876664162,-0.00812692753970623,0.32714638113975525
21.9060001373291,-13.753999710083008,0.791034460067749,4.053122520446777,0.0924907699227333,2.5928516387939453,-0.01708071120083332,0.05057521536946297
21.9060001373291,-13.753999710083008,1.3442533016204834,2.6105175018310547,0.10607144981622696,0.012936494313180447,0.13043543696403503,0.416883647441864
21.9060001373291,-13.753999710083008,1.1614772081375122,5.799458980560303,0.06339502334594727,0.03193669021129608,0.018454980105161667,0.5325410962104797
21.9060001373291,-12.753999710083008,0.817255437374115,1.8950833082199097,0.06133037433028221,1.7848949432373047,-0.11040882766246796,0.6853433847427368
21.9060001373291,-12.753999710083008,0.7812924385070801,2.214284658432007,0.06787639111280441,0.07682063430547714,0.14353087544441223,0.2080402374267578
21.9060001373291,-12.753999710083008,0.8134847283363342,5.7358245849609375,0.06930282711982727,0.17886225879192352,-0.02476104348897934,0.10661632567644119
21.9060001373291,-11.753999710083008,0.820470929145813,0.6598132848739624,0.40714699029922485,1.398054599761963,0.07334145158529282,0.017488334327936172
21.9060001373291,-11.753999710083008,0.6140650510787964,1.1398881673812866,0.022591132670640945,0.454347163438797,0.000898531056009233,0.9808051586151123
21.9060001373291,-11.753999710083008,0.782872200012207,0.7148094773292542,0.14093950390815735,12.496002197265625,-0.05141138285398483,0.001706441049464047
21.9060001373291,-10.753999710083008,0.98915034532547,1.3334295749664307,0.5290095806121826,2.2330727577209473,0.021329103037714958,0.0019042020430788398
21.9060001373291,-10.753999710083008,0.9117880463600159,1.803347110748291,0.13646425306797028,2.064861536026001,0.032591816037893295,0.726784348487854
21.9060001373291,-10.753999710083008,0.7957420349121094,5.3706817626953125,0.06891272962093353,0.7836424112319946,-0.06662824004888535,0.27131152153015137
22.9060001373291,-19.753999710083008,0.7525802254676819,4.311784744262695,0.096004918217659,1.3116768598556519,0.0034731212072074413,0.4036765992641449
22.9060001373291,-19.753999710083008,0.5330013036727905,1.8831088542938232,0.06457670778036118,0.5007261037826538,0.19904054701328278,0.3304734230041504
22.9060001373291,-19.753999710083008,0.6574867963790894,4.73800802230835,0.030474500730633736,0.15495836734771729,0.14365005493164062,0.2658499777317047
22.9060001373291,-18.753999710083008,0.7897657752037048,5.383977890014648,0.1015181615948677,0.6968657374382019,0.0004403848433867097,0.10469665378332138
22.9060001373291,-18.753999710083008,0.5462318062782288,2.0514769554138184,0.02662629820406437,2.2318546772003174,-0.17919820547103882,0.14286306500434875
22.9060001373291,-18.753999710083008,0.7240114808082581,4.6832404136657715,0.014953607693314552,0.19594520330429077,0.08754532784223557,0.752440333366394
22.9060001373291,-17.753999710083008,0.8566152453422546,4.789052486419678,0.10324924439191818,1.0589373111724854,0.05364951491355896,0.20566029846668243
22.9060001373291,-17.753999710083008,0.6309086084365845,2.6658990383148193,0.0406002551317215,0.9928766489028931,0.2483493983745575,0.7289403676986694
22.9060001373291,-17.753999710083008,0.7090806365013123,4.7818708419799805,0.032245125621557236,0.2232160121202469,-3.9303413359448314e-05,0.06539936363697052
22.9060001373291,-16.753999710083008,0.8564292192459106,4.9839043617248535,0.08118610829114914,1.722369909286499,-0.04386420175433159,0.2524764835834503
22.9060001373291,-16.753999710083008,1.0589419603347778,2.533263683319092,0.10082225501537323,0.05810070410370827,0.18833552300930023,0.47673216462135315
22.9060001373291,-16.753999710083008,1.0286506414413452,5.803062915802002,0.08228178322315216,0.062052104622125626,-0.050632063299417496,0.27079126238822937
22.9060001373291,-15.753999710083008,0.9513221979141235,3.4044077396392822,0.22882863879203796,1.9826165437698364,0.010441509075462818,0.1527976393699646
22.9060001373291,-15.753999710083008,1.1018832921981812,2.6347415447235107,0.060143448412418365,0.02124960348010063,-0.004085112828761339,0.591418445110321
22.9060001373291,-15.753999710083008,1.1719366312026978,5.915650844573975,0.08608940243721008,0.05151674151420593,-0.03917259722948074,0.25578394532203674
22.9060001373291,-14.753999710083008,0.8327147960662842,3.215566396713257,0.1363697499036789,1.7747689485549927,0.02809194289147854,0.1741940975189209
22.9060001373291,-14.753999710083008,1.2202873229980469,2.6260128021240234,0.07778032124042511,0.02028234302997589,0.03308505564928055,0.4732748866081238
22.9060001373291,-14.753999710083008,1.257905125617981,5.902204990386963,0.1013939306139946,0.03922928497195244,0.026636604219675064,0.3525310158729553
22.9060001373291,-13.753999710083008,0.6911161541938782,4.5379638671875,0.05103989318013191,2.4862277507781982,0.02189153991639614,0.22765974700450897
22.9060001373291,-13.753999710083008,1.189620018005371,2.6248748302459717,0.12888367474079132,0.022402310743927956,0.12930642068386078,0.4140644669532776
22.9060001373291,-13.753999710083008,1.1843788623809814,5.874711036682129,0.09269995987415314,0.029445696622133255,0.08972688764333725,0.358275830745697
22.9060001373291,-12.753999710083008,0.8560811281204224,0.8938926458358765,0.08024150878190994,1.4813668727874756,-0.06160082668066025,0.691727876663208
22.9060001373291,-12.753999710083008,0.6805845499038696,1.903679370880127,0.07583332806825638,0.5680190324783325,-0.12027430534362793,0.2518971860408783
22.9060001373291,-12.753999710083008,0.7667000889778137,5.31479549407959,0.1422838717699051,1.4827768802642822,0.010479564778506756,0.05637497082352638
22.9060001373291,-11.753999710083008,0.7498512268066406,5.889255046844482,0.19863273203372955,0.7338827252388,0.3225434720516205,0.0011928583262488246
22.9060001373291,-11.753999710083008,0.7832844853401184,0.7819251418113708,0.017065851017832756,0.04508991166949272,0.33093392848968506,0.9988048076629639
22.9060001373291,-11.753999710083008,0.7465574145317078,0.6190006136894226,0.6499720215797424,4.828413963317871,0.06261205673217773,2.3749394131300505e-06
23.9060001373291,-20.753999710083008,0.6770380735397339,4.527702331542969,0.007765039335936308,0.3935951590538025,-0.0878336951136589,0.9924139380455017
23.9060001373291,-20.753999710083008,0.8054675459861755,0.49669986963272095,0.3818729817867279,1.8953019380569458,-0.3182200491428375,0.0021558902226388454
23.9060001373291,-20.753999710083008,0.9800357222557068,5.553109645843506,0.07870467007160187,0.42389556765556335,-0.13287831842899323,0.005430187564343214
23.9060001373291,-19.753999710083008,0.7691588997840881,4.6228928565979,0.0720653235912323,2.588498592376709,-0.04403732717037201,0.3057836890220642
23.9060001373291,-19.753999710083008,0.5944323539733887,1.3405752182006836,0.06692877411842346,0.7867028117179871,0.24687303602695465,0.3005434274673462
23.9060001373291,-19.753999710083008,0.6571731567382812,5.763127326965332,0.023118209093809128,0.14635655283927917,-0.050127703696489334,0.3936728537082672
23.9060001373291,-18.753999710083008,0.6509618163108826,5.9981608390808105,0.02604280225932598,0.62754225730896,-0.055729348212480545,0.7577365636825562
23.9060001373291,-18.753999710083008,0.6928607225418091,1.8759205341339111,0.06905939429998398,0.5523872971534729,-0.15281422436237335,0.1382153183221817
23.9060001373291,-18.753999710083008,0.8567708730697632,5.52946662902832,0.08053666353225708,0.3362981677055359,-0.13597165048122406,0.10404814034700394
23.9060001373291,-17.753999710083008,0.8215330243110657,4.74226188659668,0.04940750077366829,1.5324610471725464,-0.037318918853998184,0.5085083842277527
23.9060001373291,-17.753999710083008,1.053436279296875,2.6098058223724365,0.12580348551273346,0.2973291277885437,0.2860485911369324,0.41967713832855225
23.9060001373291,-17.753999710083008,1.0049293041229248,5.7276291847229,0.0996173545718193,0.10593285411596298,-0.2071610987186432,0.07181442528963089
23.9060001373291,-16.753999710083008,0.902391254901886,3.1435024738311768,0.19502629339694977,2.2131640911102295,0.0038587297312915325,0.12380781769752502
23.9060001373291,-16.753999710083008,1.1581023931503296,2.6554980278015137,0.06503351777791977,0.01683579385280609,0.05262602120637894,0.6355054974555969
23.9060001373291,-16.753999710083008,1.0856900215148926,5.917797565460205,0.06567516922950745,0.0404326356947422,-0.05372074618935585,0.24068666994571686
23.9060001373291,-15.753999710083008,1.0286563634872437,3.150570869445801,0.5064194202423096,2.24247407913208,0.032182708382606506,0.0591762401163578
23.9060001373291,-15.753999710083008,1.1389718055725098,2.631702423095703,0.05585988983511925,0.01942402496933937,-0.021602937951683998,0.5969243049621582
23.9060001373291,-15.753999710083008,1.1287169456481934,5.941206932067871,0.0688188299536705,0.04178955405950546,-0.02136729098856449,0.3438994586467743
23.9060001373291,-14.753999710083008,0.8713731169700623,4.1050214767456055,0.1425449550151825,2.057950496673584,0.018775613978505135,0.10002017021179199
23.9060001373291,-14.753999710083008,1.1258479356765747,2.6272010803222656,0.06802088022232056,0.019218720495700836,0.06199450045824051,0.4620944857597351
23.9060001373291,-14.753999710083008,1.3037279844284058,5.916408061981201,0.11096476018428802,0.029563311487436295,0.03395955637097359,0.43788543343544006
23.9060001373291,-13.753999710083008,0.8533744215965271,5.5005035400390625,0.22961437702178955,1.0365374088287354,0.015242800116539001,0.08086254447698593
23.9060001373291,-13.753999710083008,0.5360379815101624,3.1263952255249023,0.05631116032600403,0.6785963773727417,-0.1147398054599762,0.19940942525863647
23.9060001373291,-13.753999710083008,0.5925092697143555,3.9472556114196777,0.02051709033548832,0.09366249293088913,0.23924964666366577,0.7197280526161194
23.9060001373291,-12.753999710083008,1.1433513164520264,1.5927340984344482,0.3034355342388153,0.595276415348053,0.048238854855298996,0.6579233407974243
23.9060001373291,-12.753999710083008,0.7266138792037964,1.8439490795135498,0.08354710787534714,1.2949299812316895,0.048515237867832184,0.29153746366500854
23.9060001373291,-12.753999710083008,0.8386416435241699,5.687768936157227,0.22954735159873962,1.949424147605896,-0.04640243947505951,0.0505392886698246
24.9060001373291,-19.753999710083008,0.853302538394928,4.927807331085205,0.06633643060922623,2.5163111686706543,0.05138034373521805,0.1055988296866417
24.9060001373291,-19.753999710083008,0.7194997668266296,1.7359901666641235,0.20281848311424255,0.6583012342453003,0.18987123668193817,0.1255219578742981
24.9060001373291,-19.753999710083008,0.8246477842330933,5.355781555175781,0.06426975876092911,0.11195522546768188,-0.018800094723701477,0.768879234790802
24.9060001373291,-18.753999710083008,0.585893988609314,0.3194882571697235,0.011860053986310959,1.2997089624404907,-0.014814776368439198,0.7583672404289246
24.9060001373291,-18.753999710083008,0.7965953946113586,2.3538599014282227,0.176972895860672,0.8666231632232666,-0.2026955783367157,0.16524289548397064
24.9060001373291,-18.753999710083008,1.0130267143249512,5.590343475341797,0.17826972901821136,0.26898878812789917,-0.16979564726352692,0.0763898715376854
24.9060001373291,-17.753999710083008,0.8109365105628967,4.2989606857299805,0.06954347342252731,1.9393545389175415,-0.0739133358001709,0.4485696256160736
24.9060001373291,-17.753999710083008,1.131237506866455,2.837425708770752,0.10997283458709717,0.05826526880264282,0.1353970766067505,0.404696524143219
24.9060001373291,-17.753999710083008,1.1426457166671753,6.007602214813232,0.10369507223367691,0.05598057433962822,-0.16573095321655273,0.1467338502407074
24.9060001373291,-16.753999710083008,0.9872927069664001,2.896467685699463,0.34482139348983765,1.9836302995681763,-0.003988413605839014,0.08566763252019882
24.9060001373291,-16.753999710083008,1.292765498161316,2.6716439723968506,0.07752447575330734,0.013868882320821285,-0.028514957055449486,0.6684021949768066
24.9060001373291,-16.753999710083008,1.118250846862793,5.9340901374816895,0.06596007198095322,0.04012070596218109,0.002156816190108657,0.24593019485473633
24.9060001373291,-15.753999710083008,1.027531385421753,3.525594711303711,0.4588544964790344,2.2517592906951904,0.015891216695308685,0.0760897845029831
24.9060001373291,-15.753999710083008,1.2222473621368408,2.6364598274230957,0.07133732736110687,0.01630426198244095,-0.013878709636628628,0.537728488445282
24.9060001373291,-15.753999710083008,1.0868362188339233,5.929291248321533,0.059020865708589554,0.038733258843421936,-0.013429301790893078,0.38618171215057373
24.9060001373291,-14.753999710083008,0.8253971338272095,4.655312538146973,0.10354148596525192,2.671935558319092,0.017103411257267,0.10287058353424072
24.9060001373291,-14.753999710083008,1.1392557621002197,2.6727731227874756,0.07178707420825958,0.015801096335053444,0.013250969350337982,0.48659658432006836
24.9060001373291,-14.753999710083008,1.1769559383392334,5.948244094848633,0.08413280546665192,0.029627112671732903,0.054691147059202194,0.41053274273872375
24.9060001373291,-13.753999710083008,1.0557544231414795,0.4967842400074005,0.4414128363132477,1.2383790016174316,0.04365934059023857,0.16879959404468536
24.9060001373291,-13.753999710083008,0.7444172501564026,1.3904285430908203,0.07221727073192596,0.6211792230606079,0.15336935222148895,0.44652748107910156
24.9060001373291,-13.753999710083008,0.6621359586715698,0.12018795311450958,0.028463803231716156,0.17707863450050354,-0.032656844705343246,0.38467296957969666
24.9060001373291,-12.753999710083008,1.0873485803604126,0.9515212178230286,0.2375037968158722,0.35996758937835693,0.08021898567676544,0.2509039044380188
24.9060001373291,-12.753999710083008,0.76582932472229,1.5545655488967896,0.06597690284252167,0.27464959025382996,0.17848524451255798,0.7213476896286011
24.9060001373291,-12.753999710083008,0.8805314898490906,0.3185260593891144,0.30110257863998413,0.8038681745529175,-0.039278700947761536,0.02774834632873535
25.9060001373291,-19.753999710083008,0.7728046178817749,4.096856117248535,0.07514311373233795,1.8676592111587524,0.13803595304489136,0.10762770473957062
25.9060001373291,-19.753999710083008,0.7079196572303772,2.005995035171509,0.17168767750263214,0.5024313926696777,0.09171512722969055,0.05197570100426674
25.9060001373291,-19.753999710083008,0.7842352390289307,5.038016319274902,0.035824473947286606,0.10508540272712708,0.1655384600162506,0.840396523475647
25.9060001373291,-18.753999710083008,0.6170569658279419,5.64992618560791,0.021649040281772614,1.5750234127044678,0.03431474789977074,0.6243730783462524
25.9060001373291,-18.753999710083008,0.6825441122055054,2.8202083110809326,0.11000881344079971,1.1212131977081299,-0.13119712471961975,0.22637136280536652
25.9060001373291,-18.753999710083008,0.8727281093597412,5.536428451538086,0.08161129802465439,0.1578035205602646,-0.07316794246435165,0.14925549924373627
25.9060001373291,-17.753999710083008,0.8477169275283813,3.7076663970947266,0.11889755725860596,2.4123237133026123,-0.04170416295528412,0.15882529318332672
25.9060001373291,-17.753999710083008,1.1761198043823242,2.8078081607818604,0.08542871475219727,0.03206281736493111,0.10555534809827805,0.5964570641517639
25.9060001373291,-17.753999710083008,1.194563388824463,5.97335147857666,0.08784609287977219,0.04933977872133255,-0.11864602565765381,0.24471770226955414
25.9060001373291,-16.753999710083008,1.0204532146453857,3.8411333560943604,0.3131416440010071,2.216994285583496,-0.039405371993780136,0.08484265953302383
25.9060001373291,-16.753999710083008,1.257682204246521,2.6960549354553223,0.06588083505630493,0.017994970083236694,-0.04943815618753433,0.6172316074371338
25.9060001373291,-16.753999710083008,1.2379560470581055,5.922372341156006,0.08286010473966599,0.03793423995375633,-0.037759166210889816,0.2979257106781006
25.9060001373291,-15.753999710083008,1.030504822731018,3.91851544380188,0.347851037979126,2.112685441970825,0.02373979426920414,0.08366099745035172
25.9060001373291,-15.753999710083008,1.3070948123931885,2.6859986782073975,0.08070073276758194,0.01603405363857746,-0.008913605473935604,0.5126084685325623
25.9060001373291,-15.753999710083008,1.2211130857467651,5.94297456741333,0.07349532842636108,0.03608427941799164,0.043252911418676376,0.403730571269989
25.9060001373291,-14.753999710083008,0.7547650337219238,5.135873794555664,0.05611540749669075,2.8251147270202637,-0.013941430486738682,0.19398045539855957
25.9060001373291,-14.753999710083008,1.1354179382324219,2.6330649852752686,0.08860106766223907,0.01919432356953621,0.04533996060490608,0.46615397930145264
25.9060001373291,-14.753999710083008,1.0354772806167603,5.996774196624756,0.06191765144467354,0.03450045734643936,0.08794747292995453,0.3398655354976654
25.9060001373291,-13.753999710083008,0.9981469511985779,1.2157138586044312,0.2367173135280609,0.772571861743927,-0.11918178200721741,0.09910772740840912
25.9060001373291,-13.753999710083008,0.8311411142349243,1.1270116567611694,0.033376552164554596,0.23687219619750977,0.5472555756568909,0.7186712622642517
25.9060001373291,-13.753999710083008,0.745084285736084,1.2369275093078613,0.05661410465836525,0.13814885914325714,0.13937564194202423,0.1822209507226944
25.9060001373291,-12.753999710083008,1.1274363994598389,0.7123994827270508,0.19410747289657593,0.653006374835968,0.039767228066921234,0.03459076210856438
25.9060001373291,-12.753999710083008,0.9838566780090332,1.345255970954895,0.08578401058912277,0.05476808920502663,-0.026266055181622505,0.963179886341095
25.9060001373291,-12.753999710083008,0.9050020575523376,6.08083438873291,0.20667605102062225,0.635223925113678,0.014977021142840385,0.0022293042857199907
26.9060001373291,-19.753999710083008,1.075479507446289,4.347640037536621,0.5020913481712341,1.2010009288787842,0.02753402106463909,0.00014869228471070528
26.9060001373291,-19.753999710083008,0.5864844918251038,0.8296875953674316,0.12107249349355698,5.778295516967773,-0.0077008577063679695,2.0501216567936353e-05
26.9060001373291,-19.753999710083008,0.9163016676902771,5.579349040985107,0.0069278874434530735,0.030212348327040672,-0.006433148868381977,0.9998307228088379
26.9060001373291,-18.753999710083008,0.6702252626419067,3.5647318363189697,0.02379758097231388,1.0089786052703857,0.15891677141189575,0.7704726457595825
26.9060001373291,-18.753999710083008,0.6727102398872375,2.9492361545562744,0.09629914909601212,1.9275697469711304,-0.10662885010242462,0.13567496836185455
26.9060001373291,-18.753999710083008,0.7499874234199524,5.451799392700195,0.04056824743747711,0.17375144362449646,-0.00031659219530411065,0.09385232627391815
26.9060001373291,-17.753999710083008,1.0358953475952148,3.6050877571105957,0.4572586119174957,2.200162410736084,0.014633513055741787,0.053320035338401794
26.9060001373291,-17.753999710083008,1.179738163948059,2.8265788555145264,0.08450924605131149,0.047822143882513046,-0.02346639893949032,0.6858733892440796
26.9060001373291,-17.753999710083008,1.2128512859344482,5.963819980621338,0.09550924599170685,0.06179100275039673,-0.08742430806159973,0.2608066201210022
26.9060001373291,-16.753999710083008,1.0905691385269165,4.178833961486816,0.43230584263801575,2.1140496730804443,0.0007404951029457152,0.05472108721733093
26.9060001373291,-16.753999710083008,1.1639301776885986,2.7271530628204346,0.057711392641067505,0.024585220962762833,-0.012421432882547379,0.6050814390182495
26.9060001373291,-16.753999710083008,1.330345869064331,5.9164557456970215,0.10526614636182785,0.03354604169726372,-0.04690837860107422,0.34019744396209717
26.9060001373291,-15.753999710083008,0.9787194132804871,2.4157235622406006,0.25769171118736267,1.9622316360473633,0.061841707676649094,0.06637166440486908
26.9060001373291,-15.753999710083008,1.2255094051361084,2.6968302726745605,0.060337528586387634,0.01643492840230465,-0.09576622396707535,0.5196219086647034
26.9060001373291,-15.753999710083008,1.3499029874801636,5.94965124130249,0.10115467011928558,0.027298850938677788,0.030032875016331673,0.41400638222694397
26.9060001373291,-14.753999710083008,0.6496252417564392,1.431837558746338,0.022950107231736183,1.563418984413147,-0.1430075764656067,0.7933624982833862
26.9060001373291,-14.753999710083008,1.0375279188156128,2.1714491844177246,0.15746985375881195,0.06661315262317657,0.07347970455884933,0.10997887700796127
26.9060001373291,-14.753999710083008,1.0578738451004028,5.917513847351074,0.11291161179542542,0.06863968074321747,0.0911913737654686,0.0966586321592331
26.9060001373291,-13.753999710083008,0.9653661251068115,1.0563321113586426,0.15993806719779968,0.5568933486938477,-0.17352570593357086,0.15847790241241455
26.9060001373291,-13.753999710083008,0.9028676152229309,0.8953828811645508,0.024780206382274628,0.2461744248867035,0.6493825912475586,0.5913187265396118
26.9060001373291,-13.753999710083008,0.8128037452697754,1.565390706062317,0.06320851296186447,0.1594405174255371,0.21681077778339386,0.250203400850296
27.9060001373291,-19.753999710083008,0.7925554513931274,3.7490289211273193,0.04212333634495735,0.17516104876995087,-0.19669632613658905,0.0009613405563868582
27.9060001373291,-19.753999710083008,0.3132319450378418,1.6615263223648071,0.2392120659351349,61.9346923828125,-0.016126228496432304,1.1949805411859415e-07
27.9060001373291,-19.753999710083008,0.5048642158508301,4.655390739440918,0.002598925493657589,0.041080404072999954,-0.265433669090271,0.999038577079773
27.9060001373291,-18.753999710083008,0.6440516114234924,4.731034278869629,0.025900408625602722,1.6846288442611694,0.015862617641687393,0.7040573358535767
27.9060001373291,-18.753999710083008,0.7069947123527527,2.760509490966797,0.07592233270406723,0.6375749707221985,0.06382010132074356,0.2178719937801361
27.9060001373291,-18.753999710083008,0.9025170207023621,6.014606475830078,0.060820143669843674,0.13538366556167603,-0.042065639048814774,0.07807070016860962
27.9060001373291,-17.753999710083008,0.8849106431007385,5.424877166748047,0.12324304133653641,2.0818331241607666,-0.04191940277814865,0.10619040578603745
27.9060001373291,-17.753999710083008,1.173464059829712,2.7604074478149414,0.07025415450334549,0.0293602142482996,0.025425013154745102,0.6244179606437683
27.9060001373291,-17.753999710083008,1.1556507349014282,6.006180763244629,0.07487091422080994,0.04215269163250923,-0.037886328995227814,0.2693916857242584
27.9060001373291,-16.753999710083008,1.0204335451126099,3.8784172534942627,0.34244197607040405,2.1482369899749756,0.03341292589902878,0.06199870631098747
27.9060001373291,-16.753999710083008,1.10120689868927,2.73258376121521,0.05945008248090744,0.028511755168437958,-0.029175084084272385,0.5673601627349854
27.9060001373291,-16.753999710083008,1.2030426263809204,5.9902448654174805,0.08350584656000137,0.04180166870355606,-0.04649850353598595,0.37064120173454285
27.9060001373291,-15.753999710083008,0.7900899648666382,2.989093780517578,0.07347487658262253,1.9204604625701904,0.07099387794733047,0.09052690118551254
27.9060001373291,-15.753999710083008,1.1562100648880005,2.764678955078125,0.06837572902441025,0.023973943665623665,-0.08042394369840622,0.4180489182472229
27.9060001373291,-15.753999710083008,1.319210171699524,5.982432842254639,0.10122132301330566,0.02452666312456131,0.06489140540361404,0.4914242625236511
27.9060001373291,-14.753999710083008,0.7801563739776611,2.5119895935058594,0.2142428159713745,1.5058770179748535,-0.08663873374462128,0.13435368239879608
27.9060001373291,-14.753999710083008,0.675389289855957,1.6019694805145264,0.052740536630153656,0.4682089686393738,-0.19857291877269745,0.8646100163459778
27.9060001373291,-14.753999710083008,0.8079190254211426,5.2833099365234375,0.1547631472349167,3.6689417362213135,0.0681372582912445,0.0010363244218751788
28.9060001373291,-20.753999710083008,1.3784687519073486,5.696694374084473,2.7837705612182617,0.5108002424240112,-0.1215268075466156,0.26709848642349243
28.9060001373291,-20.753999710083008,0.24790263175964355,2.1908440589904785,0.00572182284668088,0.5466538667678833,0.09316785633563995,0.5958020687103271
28.9060001373291,-20.753999710083008,0.3560524582862854,2.446607828140259,0.014453533105552197,4.353041172027588,0.4358418583869934,0.13709944486618042
28.9060001373291,-19.753999710083008,0.8276272416114807,4.979890823364258,0.0887867733836174,0.23408852517604828,-0.10786960273981094,0.6279601454734802
28.9060001373291,-19.753999710083008,0.3901457190513611,2.8368661403656006,0.05255446583032608,1.497859239578247,0.2937748432159424,0.016608325764536858
28.9060001373291,-19.753999710083008,0.44094395637512207,4.111640930175781,0.021824151277542114,0.13911403715610504,0.0520758181810379,0.35543161630630493
28.9060001373291,-18.753999710083008,0.6536188125610352,5.519575119018555,0.039547163993120193,1.6190513372421265,-0.02088121883571148,0.3882804214954376
28.9060001373291,-18.753999710083008,1.0372697114944458,2.7501871585845947,0.186980202794075,0.13186709582805634,0.055337052792310715,0.4342072010040283
28.9060001373291,-18.753999710083008,1.1621595621109009,6.049326419830322,0.18518319725990295,0.07459284365177155,-0.1514660269021988,0.17751236259937286
28.9060001373291,-17.753999710083008,0.7903292179107666,4.640862941741943,0.05024537071585655,1.845550298690796,-0.04461982101202011,0.17764510214328766
28.9060001373291,-17.753999710083008,1.2818633317947388,2.74819016456604,0.10205666720867157,0.035637740045785904,-0.013332710601389408,0.6144824028015137
28.9060001373291,-17.753999710083008,1.1640676259994507,5.978942394256592,0.09719733148813248,0.050303731113672256,-0.055985789746046066,0.20787253975868225
28.9060001373291,-16.753999710083008,0.8547543883323669,4.132493495941162,0.16158875823020935,2.2407829761505127,0.06740228831768036,0.08681054413318634
28.9060001373291,-16.753999710083008,1.1142265796661377,2.768334150314331,0.07085802406072617,0.033558569848537445,-0.065938301384449,0.4844427704811096
28.9060001373291,-16.753999710083008,1.1681925058364868,6.015309810638428,0.08143797516822815,0.034805186092853546,-0.016183573752641678,0.4287467300891876
28.9060001373291,-15.753999710083008,0.6980983018875122,5.614434242248535,0.03491709381341934,2.0723655223846436,0.03108542412519455,0.38214734196662903
28.9060001373291,-15.753999710083008,0.9973289370536804,2.7299530506134033,0.05517520755529404,0.031223561614751816,0.08001695573329926,0.43723827600479126
28.9060001373291,-15.753999710083008,1.2202961444854736,6.031655788421631,0.09173361212015152,0.03106003813445568,0.02972404658794403,0.1806143969297409
28.9060001373291,-14.753999710083008,1.074213981628418,5.936643600463867,0.5401734709739685,1.1248719692230225,0.0018993185367435217,0.07990802079439163
28.9060001373291,-14.753999710083008,0.748862087726593,1.65712571144104,0.03534860163927078,0.23063930869102478,-0.3845999836921692,0.9187625646591187
28.9060001373291,-14.753999710083008,0.9058519005775452,5.270660877227783,0.11377190798521042,2.9989049434661865,0.1446250081062317,0.0013294537784531713
29.9060001373291,-21.753999710083008,1.0050699710845947,5.4332685470581055,0.07219939678907394,0.09389620274305344,-0.3428437411785126,0.8842516541481018
29.9060001373291,-21.753999710083008,0.6294711232185364,3.1520843505859375,0.08004830777645111,0.6519941091537476,0.37515828013420105,0.0009553678683005273
29.9060001373291,-21.753999710083008,0.6106895804405212,3.560537099838257,0.007263389881700277,0.19708627462387085,0.1268996000289917,0.11479305475950241
29.9060001373291,-20.753999710083008,1.1475672721862793,3.7116971015930176,0.24502688646316528,0.8109322786331177,-0.04763173311948776,0.32410165667533875
29.9060001373291,-20.753999710083008,0.5140746831893921,3.88574481010437,0.008281385526061058,0.23163893818855286,-0.04032212495803833,0.4377419352531433
29.9060001373291,-20.753999710083008,0.5679723024368286,3.338992118835449,0.010549505241215229,0.9276435971260071,0.2894825339317322,0.23815646767616272
29.9060001373291,-19.753999710083008,0.7375274896621704,5.827444076538086,0.08601222187280655,0.9402195811271667,0.024226486682891846,0.6305038332939148
29.9060001373291,-19.753999710083008,0.6652330160140991,1.8614999055862427,0.1063079684972763,1.2126132249832153,0.03133200481534004,0.12288867682218552
29.9060001373291,-19.753999710083008,0.7106558680534363,5.515725135803223,0.05326429009437561,0.3521960973739624,-0.07618772983551025,0.2466074824333191
29.9060001373291,-18.753999710083008,0.8790478110313416,4.505782604217529,0.11384003609418869,1.5652443170547485,-0.08695715665817261,0.16995613276958466
29.9060001373291,-18.753999710083008,1.3882883787155151,2.694230794906616,0.18155884742736816,0.025522125884890556,0.16616792976856232,0.5704442262649536
29.9060001373291,-18.753999710083008,1.228073239326477,5.953702449798584,0.10799484699964523,0.04531562700867653,0.002077922224998474,0.2595997154712677
29.9060001373291,-17.753999710083008,1.059105396270752,3.8055267333984375,0.34627580642700195,1.6767090559005737,-0.019267234951257706,0.04856695234775543
29.9060001373291,-17.753999710083008,1.3066141605377197,2.6965115070343018,0.10024333745241165,0.018085336312651634,0.0025912681594491005,0.6044564843177795
29.9060001373291,-17.753999710083008,1.1370021104812622,6.046316146850586,0.069378562271595,0.043460745364427567,-0.056041061878204346,0.3469766080379486
29.9060001373291,-16.753999710083008,1.0173448324203491,2.4479997158050537,0.36995288729667664,2.539714813232422,0.08450423926115036,0.05358913913369179
29.9060001373291,-16.753999710083008,1.2785040140151978,2.709557056427002,0.09171388298273087,0.018777387216687202,-0.044532690197229385,0.4170864224433899
29.9060001373291,-16.753999710083008,1.1378694772720337,6.016665935516357,0.05956267565488815,0.03611760586500168,-0.024084758013486862,0.5293244123458862
29.9060001373291,-15.753999710083008,0.6520689725875854,5.634191036224365,0.025127585977315903,2.068371534347534,0.05760110542178154,0.5885160565376282
29.9060001373291,-15.753999710083008,0.7081347703933716,2.693086862564087,0.06079072877764702,0.22006158530712128,0.08257279545068741,0.36318621039390564
29.9060001373291,-15.753999710083008,0.966971218585968,5.940840721130371,0.1054074689745903,0.08676984161138535,-0.08424650877714157,0.04829783737659454
29.9060001373291,-14.753999710083008,0.902551531791687,1.2763406038284302,0.6433091163635254,1.795177936553955,-0.07488930970430374,0.016899293288588524
29.9060001373291,-14.753999710083008,0.5753251314163208,1.4279826879501343,0.037203144282102585,0.14847907423973083,-0.20690393447875977,0.9825960397720337
29.9060001373291,-14.753999710083008,0.7135846614837646,4.587652683258057,0.17377647757530212,6.2869486808776855,0.3210097849369049,0.0005047391168773174
30.9060001373291,-21.753999710083008,1.0370817184448242,4.352766990661621,0.1472921371459961,0.18431146442890167,-0.2635476589202881,0.7474047541618347
30.9060001373291,-21.753999710083008,0.7506303191184998,2.981656312942505,0.12429318577051163,0.8906636238098145,0.31154337525367737,0.0036230303812772036
30.9060001373291,-21.753999710083008,0.658048152923584,4.389133930206299,0.014882423914968967,0.18987712264060974,0.1984483301639557,0.24897220730781555
30.9060001373291,-20.753999710083008,0.9631726145744324,4.813873291015625,0.2289981245994568,2.9065539836883545,0.2686030864715576,0.24714259803295135
30.9060001373291,-20.753999710083008,0.6345453262329102,3.4161808490753174,0.025648027658462524,0.20565706491470337,-0.006082714069634676,0.7105715274810791
30.9060001373291,-20.753999710083008,0.7221959233283997,5.89298677444458,0.03586040064692497,0.6554796695709229,-0.12641675770282745,0.04228596016764641
30.9060001373291,-19.753999710083008,0.7777552604675293,4.668211936950684,0.027736442163586617,1.3657722473144531,-0.047188661992549896,0.5761244297027588
30.9060001373291,-19.753999710083008,1.1948673725128174,2.9520254135131836,0.31066715717315674,0.26507624983787537,-0.010962685570120811,0.3401261270046234
30.9060001373291,-19.753999710083008,1.369370460510254,5.851214408874512,0.2996838688850403,0.08028921484947205,-0.06911113113164902,0.08374945819377899
30.9060001373291,-18.753999710083008,1.0591827630996704,2.768656015396118,0.28226596117019653,1.3400624990463257,-0.053038205951452255,0.17464464902877808
30.9060001373291,-18.753999710083008,1.4306108951568604,2.73702335357666,0.17821483314037323,0.023488113656640053,0.0451434962451458,0.6030788421630859
30.9060001373291,-18.753999710083008,1.3494577407836914,5.904547691345215,0.12454494088888168,0.03300681337714195,-0.011049111373722553,0.22227653861045837
30.9060001373291,-17.753999710083008,1.1629886627197266,3.3554484844207764,0.5650380253791809,2.050097942352295,0.016494881361722946,0.14433503150939941
30.9060001373291,-17.753999710083008,1.369207501411438,2.734675168991089,0.13992999494075775,0.025440996512770653,-0.0051813870668411255,0.5474409461021423
30.9060001373291,-17.753999710083008,1.2837374210357666,5.9386067390441895,0.09217233955860138,0.03377746790647507,0.021333051845431328,0.3082241415977478
30.9060001373291,-16.753999710083008,0.8987900614738464,2.6033453941345215,0.16318008303642273,2.177385091781616,0.05352311581373215,0.08881597220897675
30.9060001373291,-16.753999710083008,1.3769195079803467,2.7111666202545166,0.13633336126804352,0.017300361767411232,0.06451571732759476,0.3302496373653412
30.9060001373291,-16.753999710083008,1.1930025815963745,6.03883171081543,0.07209481298923492,0.031123699620366096,0.03929179161787033,0.5809343457221985
30.9060001373291,-15.753999710083008,0.7742325067520142,5.535788536071777,0.1645779013633728,1.326491355895996,-0.03722161799669266,0.2713111639022827
30.9060001373291,-15.753999710083008,0.6491172909736633,1.660062313079834,0.04540521651506424,0.8875066637992859,0.09240937978029251,0.3255145847797394
30.9060001373291,-15.753999710083008,0.6675917506217957,5.189873218536377,0.030923591926693916,0.28500548005104065,0.06768983602523804,0.4031742513179779
30.9060001373291,-14.753999710083008,0.9037669897079468,2.589782953262329,0.4113801419734955,1.01779043674469,-0.007511945441365242,0.023067984730005264
30.9060001373291,-14.753999710083008,0.6116825342178345,1.0585492849349976,0.03292357549071312,0.1822310984134674,-0.15814316272735596,0.975533664226532
30.9060001373291,-14.753999710083008,0.7568520307540894,5.496322154998779,0.22077882289886475,6.154616355895996,0.3039381802082062,0.0013984511606395245
31.9060001373291,-23.753999710083008,0.8868132829666138,1.6867011785507202,0.08688303828239441,0.8214839696884155,0.022165099158883095,0.05419392138719559
31.9060001373291,-23.753999710083008,0.7866830229759216,0.16732452809810638,0.22476449608802795,1.314024567604065,0.2104383409023285,0.012629442848265171
31.9060001373291,-23.753999710083008,0.7409532070159912,5.224869728088379,0.023729225620627403,0.18528467416763306,0.06571248918771744,0.933176577091217
31.9060001373291,-22.753999710083008,1.0868053436279297,3.8643252849578857,0.10808299481868744,0.21764293313026428,0.06167874112725258,0.08667724579572678
31.9060001373291,-22.753999710083008,0.6200024485588074,1.0869224071502686,0.036161135882139206,1.7877082824707031,-0.14735832810401917,0.0017655245028436184
31.9060001373291,-22.753999710083008,0.6451360583305359,3.9314510822296143,0.02214958518743515,0.26775822043418884,-0.03294512256979942,0.9115571975708008
31.9060001373291,-21.753999710083008,0.9325098395347595,4.54913854598999,0.08150642365217209,0.32647523283958435,-0.18845438957214355,0.4500693082809448
31.9060001373291,-21.753999710083008,0.7158971428871155,2.5446059703826904,0.06784550100564957,1.0082591772079468,0.187906876206398,0.020356254652142525
31.9060001373291,-21.753999710083008,0.6572322249412537,4.349349021911621,0.014104276895523071,0.20994631946086884,0.22941969335079193,0.529574453830719
31.9060001373291,-20.753999710083008,0.9757750630378723,4.009801864624023,0.44660115242004395,2.7633421421051025,0.27242210507392883,0.16697753965854645
31.9060001373291,-20.753999710083008,0.5326730012893677,2.8285109996795654,0.03402386233210564,1.6195381879806519,-0.11024657636880875,0.7099817991256714
31.9060001373291,-20.753999710083008,0.7170550227165222,5.420979022979736,0.03975202143192291,1.1571346521377563,-0.010230565443634987,0.12304066866636276
31.9060001373291,-19.753999710083008,0.9140061736106873,4.838301658630371,0.08240477740764618,2.105031967163086,-0.09146784991025925,0.097478486597538
31.9060001373291,-19.753999710083008,1.2279152870178223,2.8120784759521484,0.11694230884313583,0.04463110491633415,-0.01859947480261326,0.7142910957336426
31.9060001373291,-19.753999710083008,1.5114295482635498,5.88962459564209,0.23305025696754456,0.028875641524791718,-0.07498743385076523,0.18823044002056122
31.9060001373291,-18.753999710083008,1.0894722938537598,2.3704802989959717,0.43610045313835144,1.411180853843689,-0.015289649367332458,0.08944519609212875
31.9060001373291,-18.753999710083008,1.3448961973190308,2.7340924739837646,0.1470307856798172,0.03012554533779621,-0.016036152839660645,0.5880520939826965
31.9060001373291,-18.753999710083008,1.3412553071975708,5.932854652404785,0.14773334562778473,0.04400471970438957,-0.03275371715426445,0.3225027024745941
31.9060001373291,-17.753999710083008,1.139472246170044,3.6068570613861084,0.6041820645332336,1.8572113513946533,0.022478953003883362,0.08645345270633698
31.9060001373291,-17.753999710083008,1.3137329816818237,2.8298847675323486,0.13424983620643616,0.04632015526294708,-0.03840751200914383,0.5457814931869507
31.9060001373291,-17.753999710083008,1.3475838899612427,5.959712028503418,0.12286516278982162,0.04678444191813469,-0.028282878920435905,0.36776506900787354
31.9060001373291,-16.753999710083008,0.779120683670044,3.2821643352508545,0.09480716288089752,1.7307754755020142,0.04009554535150528,0.10074682533740997
31.9060001373291,-16.753999710083008,1.2378654479980469,2.777616024017334,0.11484748870134354,0.03156989812850952,-0.009723464027047157,0.3262423574924469
31.9060001373291,-16.753999710083008,1.2343206405639648,6.035150051116943,0.09799264371395111,0.04203106462955475,-0.018188007175922394,0.5730108022689819
31.9060001373291,-15.753999710083008,1.1062169075012207,0.5720821619033813,0.4226464331150055,1.354346513748169,-0.06425883620977402,0.5167509317398071
31.9060001373291,-15.753999710083008,0.7987045645713806,1.4606924057006836,0.15483272075653076,0.8411908745765686,0.3136780261993408,0.10362185537815094
31.9060001373291,-15.753999710083008,0.7139228582382202,5.9952073097229,0.03932177275419235,0.16660957038402557,0.034039855003356934,0.37962713837623596
31.9060001373291,-14.753999710083008,1.2110159397125244,6.22967529296875,0.3598378002643585,1.1116153001785278,-0.06332149356603622,0.2949540913105011
31.9060001373291,-14.753999710083008,0.9299911260604858,0.8318467140197754,0.10950202494859695,0.4253256618976593,0.2119700163602829,0.11894256621599197
31.9060001373291,-14.753999710083008,1.0246171951293945,0.39650624990463257,0.08726474642753601,0.06611663848161697,0.04399022087454796,0.5861033201217651
32.90599822998047,-22.753999710083008,0.720393180847168,5.480375289916992,0.07690219581127167,1.0010075569152832,0.047593533992767334,0.7890738844871521
32.90599822998047,-22.753999710083008,0.5915940403938293,2.9005489349365234,0.23024380207061768,1.4001396894454956,0.1698952615261078,0.027079002931714058
32.90599822998047,-22.753999710083008,0.8502001762390137,5.069035530090332,0.14903277158737183,0.14668115973472595,0.23229126632213593,0.18384705483913422
32.90599822998047,-21.753999710083008,0.7069982886314392,5.845812797546387,0.04633025825023651,0.4198429584503174,-0.2623349130153656,0.09248083829879761
32.90599822998047,-21.753999710083008,0.6267168521881104,2.747702121734619,0.02106771618127823,0.2155296355485916,-0.1288045197725296,0.026909859851002693
32.90599822998047,-21.753999710083008,0.6406263709068298,3.9649407863616943,0.0067899031564593315,0.2802805006504059,0.031760696321725845,0.8806092739105225
32.90599822998047,-20.753999710083008,0.6394710540771484,3.6077778339385986,0.05850384011864662,1.2796106338500977,0.06300012022256851,0.48512399196624756
32.90599822998047,-20.753999710083008,0.5401598215103149,2.5875091552734375,0.0538291409611702,1.222596287727356,-0.02162819541990757,0.2714148163795471
32.90599822998047,-20.753999710083008,0.7231128811836243,4.565821170806885,0.030687611550092697,0.42106199264526367,0.08443565666675568,0.24346113204956055
32.90599822998047,-19.753999710083008,0.8570106625556946,4.229611396789551,0.10699132829904556,1.9669127464294434,-0.0462181493639946,0.17712341248989105
32.90599822998047,-19.753999710083008,1.090302586555481,2.6999120712280273,0.07190818339586258,0.03414281830191612,0.012223401106894016,0.6082250475883484
32.90599822998047,-19.753999710083008,1.370093822479248,5.969163417816162,0.16313491761684418,0.02586493268609047,-0.028582004830241203,0.21465155482292175
32.90599822998047,-18.753999710083008,1.0202178955078125,3.4292681217193604,0.3208388686180115,2.227323293685913,0.03310665115714073,0.0786878764629364
32.90599822998047,-18.753999710083008,1.1542236804962158,2.831871509552002,0.06760188192129135,0.034930866211652756,0.024619344621896744,0.6092494130134583
32.90599822998047,-18.753999710083008,1.3744555711746216,5.999599456787109,0.13633885979652405,0.035178907215595245,-0.08373454958200455,0.3120627701282501
32.90599822998047,-17.753999710083008,0.9928014874458313,4.814406394958496,0.2864924371242523,2.033339500427246,0.011801762506365776,0.06357287615537643
32.90599822998047,-17.753999710083008,1.144668698310852,2.945080280303955,0.08316648751497269,0.07241133600473404,-0.04861919954419136,0.5609211325645447
32.90599822998047,-17.753999710083008,1.4278571605682373,6.017989158630371,0.14784877002239227,0.0366976261138916,-0.10071968287229538,0.37550604343414307
32.90599822998047,-16.753999710083008,0.6019165515899658,6.202298164367676,0.06437677145004272,1.6985801458358765,0.011481596156954765,0.3439991772174835
32.90599822998047,-16.753999710083008,0.5913228988647461,3.05180025100708,0.03214073181152344,0.5025931000709534,-0.05564603954553604,0.6022254824638367
32.90599822998047,-16.753999710083008,0.8038752675056458,0.17440831661224365,0.04093417152762413,0.358184814453125,-0.22732968628406525,0.053775399923324585
32.90599822998047,-15.753999710083008,1.2065722942352295,0.9608514308929443,0.43758246302604675,0.8028919696807861,0.044366028159856796,0.29901930689811707
32.90599822998047,-15.753999710083008,0.8194031715393066,1.3902240991592407,0.46171072125434875,1.4317207336425781,0.21732382476329803,0.009369059465825558
32.90599822998047,-15.753999710083008,0.6857960820198059,0.31744691729545593,0.056426309049129486,0.06813465803861618,-0.2882677912712097,0.691611647605896
33.90599822998047,-22.753999710083008,0.840570867061615,5.249351501464844,0.18523821234703064,0.6414568424224854,0.06461015343666077,0.6204997897148132
33.90599822998047,-22.753999710083008,0.6709306836128235,3.6086599826812744,0.1759045124053955,1.301161766052246,0.041180286556482315,0.046863626688718796
33.90599822998047,-22.753999710083008,0.9405620098114014,4.983882904052734,0.12659594416618347,0.1473938524723053,0.15613484382629395,0.3326365649700165
33.90599822998047,-21.753999710083008,0.5597773790359497,5.169597625732422,0.028641436249017715,0.5468535423278809,-0.15715782344341278,0.1721203476190567
33.90599822998047,-21.753999710083008,0.5504559278488159,2.455371618270874,0.03035973757505417,1.0389320850372314,-0.16131404042243958,0.1939680278301239
33.90599822998047,-21.753999710083008,0.6557446718215942,4.370412349700928,0.01859867572784424,0.6713358163833618,0.03470572084188461,0.633911669254303
33.90599822998047,-20.753999710083008,0.6475321054458618,5.801131248474121,0.03526027128100395,2.2814366817474365,0.013382376171648502,0.4391556680202484
33.90599822998047,-20.753999710083008,1.0663686990737915,2.5545175075531006,0.1396629363298416,0.08529876172542572,0.07985880970954895,0.4680299162864685
33.90599822998047,-20.753999710083008,1.1078048944473267,5.7577104568481445,0.13722380995750427,0.09190313518047333,0.06841147691011429,0.09281439334154129
33.90599822998047,-19.753999710083008,0.894417405128479,4.304176330566406,0.20387054979801178,2.2949681282043457,-0.012944930233061314,0.12507255375385284
33.90599822998047,-19.753999710083008,1.1602615118026733,2.73990797996521,0.09197916090488434,0.0322917103767395,-0.04359712079167366,0.6244703531265259
33.90599822998047,-19.753999710083008,1.1656734943389893,5.988547325134277,0.108660027384758,0.03532607480883598,0.032014816999435425,0.2504570782184601
33.90599822998047,-18.753999710083008,0.9517276287078857,4.204219818115234,0.18023380637168884,1.5792168378829956,0.031188150867819786,0.2153552770614624
33.90599822998047,-18.753999710083008,1.0857170820236206,2.8564369678497314,0.06916449964046478,0.06347118318080902,0.05551082640886307,0.45862165093421936
33.90599822998047,-18.753999710083008,1.2037043571472168,6.102970600128174,0.09776462614536285,0.050619713962078094,0.03163951262831688,0.3260231018066406
33.90599822998047,-17.753999710083008,0.8895411491394043,5.637416839599609,0.1759759783744812,1.8194003105163574,0.016602400690317154,0.09460484236478806
33.90599822998047,-17.753999710083008,1.0869574546813965,2.9806807041168213,0.08848008513450623,0.0676901638507843,-0.06521598994731903,0.42975351214408875
33.90599822998047,-17.753999710083008,1.2756603956222534,6.127225875854492,0.1039593517780304,0.02926361933350563,-0.002615775214508176,0.4756416380405426
33.90599822998047,-16.753999710083008,0.7098455429077148,0.43412691354751587,0.09418631345033646,1.3593473434448242,0.047068797051906586,0.3189813494682312
33.90599822998047,-16.753999710083008,0.5487605333328247,3.343996524810791,0.03205351531505585,1.4456018209457397,-0.17432142794132233,0.4953714907169342
33.90599822998047,-16.753999710083008,0.6852872967720032,6.253203868865967,0.023374618962407112,0.5060979127883911,-0.12118995934724808,0.1856471449136734
33.90599822998047,-15.753999710083008,1.1286520957946777,1.6346216201782227,0.48095130920410156,0.9023069739341736,0.05110985040664673,0.5029458403587341
33.90599822998047,-15.753999710083008,0.7403010725975037,1.7027623653411865,0.2486523538827896,2.5072414875030518,0.053873226046562195,0.06424415856599808
33.90599822998047,-15.753999710083008,0.6391849517822266,0.10511626303195953,0.04803340137004852,0.1493273824453354,-0.22796759009361267,0.4328099489212036
34.90599822998047,-22.753999710083008,0.9136895537376404,4.080638408660889,0.4580252766609192,0.6461873054504395,0.15429294109344482,0.09882020950317383
34.90599822998047,-22.753999710083008,0.6111945509910583,4.230905055999756,0.17886608839035034,1.9424400329589844,-0.07360979169607162,0.027031604200601578
34.90599822998047,-22.753999710083008,0.7292360067367554,4.631460666656494,0.07241575419902802,0.1929973065853119,0.052591968327760696,0.8741482496261597
34.90599822998047,-21.753999710083008,0.7225145101547241,4.2851643562316895,0.07699812948703766,2.1939797401428223,0.018298223614692688,0.19531390070915222
34.90599822998047,-21.753999710083008,0.6023925542831421,1.7314496040344238,0.015054112300276756,0.3230648338794708,-0.06121975928544998,0.770517110824585
34.90599822998047,-21.753999710083008,0.7210075855255127,5.8535475730896,0.03124498575925827,0.62901771068573,0.04381893202662468,0.034168925136327744
34.90599822998047,-20.753999710083008,0.7768038511276245,5.689779281616211,0.053178880363702774,2.045452833175659,-0.06531359255313873,0.21844619512557983
34.90599822998047,-20.753999710083008,1.2729417085647583,2.76216721534729,0.14469248056411743,0.03593578562140465,0.08671412616968155,0.534153938293457
34.90599822998047,-20.753999710083008,1.2950111627578735,5.960574150085449,0.1368691325187683,0.034654948860406876,-0.06327520310878754,0.24739991128444672
34.90599822998047,-19.753999710083008,0.9707052707672119,3.8685855865478516,0.18328823149204254,2.161212205886841,0.01167270913720131,0.05586899444460869
34.90599822998047,-19.753999710083008,1.2623556852340698,2.776381254196167,0.09868407994508743,0.031348712742328644,0.038404855877161026,0.6739781498908997
34.90599822998047,-19.753999710083008,1.174102783203125,6.005337715148926,0.0737534835934639,0.0381084680557251,-0.006647458299994469,0.27015286684036255
34.90599822998047,-18.753999710083008,1.0450899600982666,4.834270000457764,0.3441697955131531,1.6885132789611816,0.045119352638721466,0.07408704608678818
34.90599822998047,-18.753999710083008,1.1373072862625122,2.8122751712799072,0.0654178187251091,0.04708899185061455,0.06485291570425034,0.5554643869400024
34.90599822998047,-18.753999710083008,1.178126335144043,6.062577247619629,0.07539257407188416,0.04233941063284874,0.09699945896863937,0.3704485595226288
34.90599822998047,-17.753999710083008,0.8986172676086426,5.885120391845703,0.16892407834529877,1.8719803094863892,0.048647452145814896,0.09334514290094376
34.90599822998047,-17.753999710083008,1.1797833442687988,2.942878484725952,0.10866155475378036,0.05585971847176552,-0.00857064500451088,0.45928284525871277
34.90599822998047,-17.753999710083008,1.1491658687591553,6.160998344421387,0.06733285635709763,0.03010924533009529,0.07774560153484344,0.4473719894886017
34.90599822998047,-16.753999710083008,0.7860891819000244,1.4378082752227783,0.13704517483711243,1.4899150133132935,-0.014837630093097687,0.314179003238678
34.90599822998047,-16.753999710083008,0.5753329992294312,2.3322579860687256,0.039676688611507416,1.4322489500045776,-0.01351084653288126,0.588707447052002
34.90599822998047,-16.753999710083008,0.6438385844230652,0.376447468996048,0.03365013003349304,0.6117848753929138,0.020101655274629593,0.09711352735757828
34.90599822998047,-15.753999710083008,0.9397034049034119,6.175649642944336,0.5343050956726074,0.6889123320579529,0.10620564222335815,0.030794670805335045
34.90599822998047,-15.753999710083008,0.6584060192108154,0.5307885408401489,0.03358210623264313,0.45279455184936523,-0.06348662823438644,0.9661467671394348
34.90599822998047,-15.753999710083008,0.631744384765625,0.7382997274398804,0.09169482439756393,2.229424238204956,0.04525990039110184,0.0030585702043026686
35.90599822998047,-23.753999710083008,0.7413985729217529,4.71470832824707,0.07589384913444519,0.5902256965637207,-0.10257464647293091,0.8114204406738281
35.90599822998047,-23.753999710083008,0.6836891770362854,3.2893226146698,0.26038146018981934,0.8393515944480896,-0.12674012780189514,0.024417636916041374
35.90599822998047,-23.753999710083008,0.7829356789588928,4.646535873413086,0.08458199352025986,0.12332139909267426,0.01568499766290188,0.16416195034980774
35.90599822998047,-22.753999710083008,1.0529407262802124,4.441699504852295,0.4373588562011719,1.4483975172042847,0.13133813440799713,0.26986560225486755
35.90599822998047,-22.753999710083008,0.6368937492370605,4.411283493041992,0.11212979257106781,4.178182125091553,-0.28530153632164,0.13031765818595886
35.90599822998047,-22.753999710083008,0.7385278940200806,4.820309162139893,0.036638177931308746,0.5450922250747681,-0.11801328510046005,0.5998167395591736
35.90599822998047,-21.753999710083008,0.7557759881019592,5.648834228515625,0.08221932500600815,1.792992115020752,0.06331372261047363,0.3753454089164734
35.90599822998047,-21.753999710083008,0.6244449615478516,2.091111660003662,0.0424555167555809,0.5851187705993652,0.22200725972652435,0.5604766011238098
35.90599822998047,-21.753999710083008,0.8279663324356079,0.3400076627731323,0.05548109859228134,0.23599982261657715,-0.10159172862768173,0.06417800486087799
35.90599822998047,-20.753999710083008,0.8944850564002991,5.276348114013672,0.138919860124588,2.2412188053131104,-0.0463174507021904,0.08312810957431793
35.90599822998047,-20.753999710083008,1.161288857460022,2.7441883087158203,0.08968676626682281,0.04078209027647972,-0.035476379096508026,0.6278379559516907
35.90599822998047,-20.753999710083008,1.3104008436203003,5.981381893157959,0.11250703036785126,0.031592804938554764,-0.1384035050868988,0.28903400897979736
35.90599822998047,-19.753999710083008,0.958040714263916,3.2587757110595703,0.10992074757814407,1.7840535640716553,0.048876598477363586,0.04216977208852768
35.90599822998047,-19.753999710083008,1.222795844078064,2.7811241149902344,0.08386478573083878,0.028497686609625816,0.0023221096489578485,0.6412533521652222
35.90599822998047,-19.753999710083008,1.253546953201294,6.015685558319092,0.07800497114658356,0.03608417510986328,-0.012879467569291592,0.31657692790031433
35.90599822998047,-18.753999710083008,1.1026846170425415,4.036116600036621,0.5100761651992798,1.4325168132781982,0.08269980549812317,0.026322679594159126
35.90599822998047,-18.753999710083008,1.2426820993423462,2.8522374629974365,0.0898347944021225,0.04995332658290863,0.06830394268035889,0.5342959761619568
35.90599822998047,-18.753999710083008,1.1815259456634521,6.061580657958984,0.07022826373577118,0.044974129647016525,0.08933395892381668,0.43938136100769043
35.90599822998047,-17.753999710083008,0.978557288646698,5.124848365783691,0.2990000247955322,1.8835523128509521,0.09136074036359787,0.0486171618103981
35.90599822998047,-17.753999710083008,1.2668852806091309,2.974985122680664,0.12165501713752747,0.0608561709523201,0.017667150124907494,0.4703686237335205
35.90599822998047,-17.753999710083008,1.1445322036743164,6.154827117919922,0.0582600012421608,0.03390135616064072,0.09500353038311005,0.48101428151130676
35.90599822998047,-16.753999710083008,0.686076283454895,6.1356024742126465,0.06918533146381378,1.2237166166305542,-0.022146668285131454,0.4476051330566406
35.90599822998047,-16.753999710083008,0.5871543288230896,1.5361818075180054,0.04657210037112236,1.2526689767837524,-0.15409515798091888,0.413383811712265
35.90599822998047,-16.753999710083008,0.6887968182563782,0.14307662844657898,0.03877805545926094,1.0287176370620728,-0.0004278307606000453,0.13901108503341675
35.90599822998047,-15.753999710083008,0.8055423498153687,3.0819361209869385,0.38510918617248535,0.5962265729904175,0.2251741886138916,0.026262450963258743
35.90599822998047,-15.753999710083008,0.5211548805236816,5.773569583892822,0.01464248076081276,0.48768991231918335,-0.2690642476081848,0.9631942510604858
35.90599822998047,-15.753999710083008,0.6005414724349976,0.17829622328281403,0.036879923194646835,7.437658309936523,0.02167518436908722,0.010543256998062134
36.90599822998047,-24.753999710083008,1.175607681274414,5.4679460525512695,0.1467336118221283,0.3657919466495514,-0.12170252948999405,0.015123740769922733
36.90599822998047,-24.753999710083008,1.0196267366409302,3.554069995880127,0.0711703822016716,0.09682086855173111,0.5894285440444946,0.009798352606594563
36.90599822998047,-24.753999710083008,1.0149427652359009,4.84316349029541,0.040214039385318756,0.0123274065554142,0.004509712103754282,0.9750779271125793
36.90599822998047,-23.753999710083008,0.5209758281707764,0.027981199324131012,0.03237348422408104,0.9756950736045837,-0.14987331628799438,0.2065567821264267
36.90599822998047,-23.753999710083008,0.5809652209281921,3.0876266956329346,0.08674934506416321,0.08247675746679306,0.0606556236743927,0.13724520802497864
36.90599822998047,-23.753999710083008,0.8289551138877869,4.658267498016357,0.07948863506317139,0.04632948711514473,-0.03436293452978134,0.6561979651451111
36.90599822998047,-22.753999710083008,0.8169280290603638,4.4692769050598145,0.06177506223320961,0.6760936379432678,0.07384569197893143,0.6678017377853394
36.90599822998047,-22.753999710083008,0.6737401485443115,2.925210952758789,0.08242689818143845,3.548074245452881,-0.07515428215265274,0.18500037491321564
36.90599822998047,-22.753999710083008,0.7609462738037109,5.719715118408203,0.05550164356827736,0.6293944120407104,-0.006593084894120693,0.147197887301445
36.90599822998047,-21.753999710083008,0.856273353099823,5.891324043273926,0.07260958850383759,1.8512849807739258,-0.07826463878154755,0.3379554748535156
36.90599822998047,-21.753999710083008,1.0691684484481812,2.6681718826293945,0.10479327291250229,0.049060892313718796,0.1964746117591858,0.5072929263114929
36.90599822998047,-21.753999710083008,1.1186892986297607,6.0100626945495605,0.13517411053180695,0.07213810831308365,-0.03477301821112633,0.15475155413150787
36.90599822998047,-20.753999710083008,0.9727309346199036,4.374089241027832,0.23621757328510284,2.2833139896392822,-0.003180401399731636,0.0920502096414566
36.90599822998047,-20.753999710083008,1.1257197856903076,2.7183427810668945,0.06213521584868431,0.025122404098510742,-0.051658306270837784,0.6303088665008545
36.90599822998047,-20.753999710083008,1.2620364427566528,5.969086647033691,0.11020845919847488,0.0348244272172451,-0.022855643182992935,0.2776409685611725
36.90599822998047,-19.753999710083008,1.0554255247116089,2.68133544921875,0.25116458535194397,1.6624627113342285,0.08329010754823685,0.02711128257215023
36.90599822998047,-19.753999710083008,1.1712977886199951,2.7479195594787598,0.0685877874493599,0.024382036179304123,-0.030790090560913086,0.6606214642524719
36.90599822998047,-19.753999710083008,1.2349488735198975,6.0250725746154785,0.08685565739870071,0.04921041056513786,-9.356920054415241e-05,0.3122672736644745
36.90599822998047,-18.753999710083008,1.0798017978668213,3.1424551010131836,0.5399747490882874,1.6415566205978394,0.15450036525726318,0.019396793097257614
36.90599822998047,-18.753999710083008,1.2354193925857544,2.86169695854187,0.09117192029953003,0.061256326735019684,0.006509211380034685,0.3583512306213379
36.90599822998047,-18.753999710083008,1.2218244075775146,6.061249256134033,0.07957401871681213,0.055233184248209,0.06662047654390335,0.6222519874572754
36.90599822998047,-17.753999710083008,0.9381046295166016,3.8439905643463135,0.2426406890153885,1.9962520599365234,0.1012936532497406,0.07068734616041183
36.90599822998047,-17.753999710083008,1.36323082447052,3.065378189086914,0.15656794607639313,0.07114271074533463,0.05015039071440697,0.45356887578964233
36.90599822998047,-17.753999710083008,1.2117996215820312,6.180598258972168,0.07261115312576294,0.0382019504904747,0.10725945234298706,0.4757438004016876
36.90599822998047,-16.753999710083008,0.8791183233261108,2.928504467010498,0.1959419697523117,0.7682142853736877,0.2415618598461151,0.1897844523191452
36.90599822998047,-16.753999710083008,0.5926591157913208,1.4304910898208618,0.02148839272558689,0.4152803421020508,-0.16239377856254578,0.6400036811828613
36.90599822998047,-16.753999710083008,0.6628021597862244,4.831655979156494,0.04039528965950012,1.6874115467071533,0.061154160648584366,0.17021195590496063
37.90599822998047,-23.753999710083008,0.6293270587921143,1.7037124633789062,0.042633187025785446,1.3875436782836914,-0.1224810928106308,0.06213494762778282
37.90599822998047,-23.753999710083008,0.7410002946853638,2.4306511878967285,0.060985442250967026,0.04133737459778786,0.07743131369352341,0.35315462946891785
37.90599822998047,-23.753999710083008,0.8625577688217163,5.128431797027588,0.07852429151535034,0.0774783343076706,-0.030773581936955452,0.584710419178009
37.90599822998047,-22.753999710083008,0.7312586307525635,4.1018757820129395,0.049821361899375916,0.6382274627685547,0.10832308232784271,0.4402468502521515
37.90599822998047,-22.753999710083008,0.7786262631416321,2.321669816970825,0.1491854190826416,0.7254945635795593,0.0943966805934906,0.41847580671310425
37.90599822998047,-22.753999710083008,0.8415919542312622,5.847065448760986,0.11111491918563843,0.1709008663892746,0.12112651765346527,0.14127729833126068
37.90599822998047,-21.753999710083008,0.9391133189201355,3.8150811195373535,0.12889771163463593,1.8686537742614746,-0.0861922949552536,0.1915215700864792
37.90599822998047,-21.753999710083008,1.1414047479629517,2.601759672164917,0.08243861794471741,0.032991521060466766,0.18943838775157928,0.5802949666976929
37.90599822998047,-21.753999710083008,1.078323245048523,5.9533586502075195,0.07477453351020813,0.05690988153219223,-0.09599372744560242,0.22818341851234436
37.90599822998047,-20.753999710083008,1.015014410018921,3.820063352584839,0.2160741686820984,2.0743885040283203,0.012886346317827702,0.059245720505714417
37.90599822998047,-20.753999710083008,1.1008702516555786,2.7178032398223877,0.0540824718773365,0.03425489738583565,-0.023309016600251198,0.6776383519172668
37.90599822998047,-20.753999710083008,1.1871572732925415,5.969079494476318,0.08868721127510071,0.03371872752904892,-0.07714912295341492,0.26311585307121277
37.90599822998047,-19.753999710083008,1.0145643949508667,2.250523090362549,0.22717715799808502,1.6579430103302002,0.07871685177087784,0.026325559243559837
37.90599822998047,-19.753999710083008,1.198967456817627,2.742635488510132,0.07104406505823135,0.02019246481359005,-0.04472435638308525,0.6516129374504089
37.90599822998047,-19.753999710083008,1.2249687910079956,6.0212507247924805,0.08990824967622757,0.05185307562351227,-0.010708997957408428,0.3220614790916443
37.90599822998047,-18.753999710083008,0.8733247518539429,3.5202698707580566,0.10780016332864761,2.020061492919922,0.11547341197729111,0.07601365447044373
37.90599822998047,-18.753999710083008,1.2136940956115723,2.8464882373809814,0.10150185227394104,0.06570785492658615,0.028059590607881546,0.4036811292171478
37.90599822998047,-18.753999710083008,1.2551308870315552,6.051681995391846,0.0966058224439621,0.0599491223692894,0.06973811239004135,0.5203052759170532
37.90599822998047,-17.753999710083008,0.8538401126861572,3.759148597717285,0.14276857674121857,2.075185537338257,0.04416541010141373,0.12535998225212097
37.90599822998047,-17.753999710083008,1.3134762048721313,2.955894708633423,0.13532572984695435,0.04601230472326279,0.028355233371257782,0.45147505402565
37.90599822998047,-17.753999710083008,1.2260053157806396,6.186744689941406,0.08480269461870193,0.031547464430332184,0.08222440630197525,0.423164963722229
37.90599822998047,-16.753999710083008,0.9378595948219299,2.4780938625335693,0.3100123703479767,1.450032114982605,0.34165892004966736,0.08021388202905655
37.90599822998047,-16.753999710083008,0.6115236878395081,1.3651326894760132,0.02282574400305748,0.27446314692497253,0.03309947997331619,0.9078029990196228
37.90599822998047,-16.753999710083008,0.6868595480918884,4.595947742462158,0.12453873455524445,2.2765204906463623,0.1595868170261383,0.011983107775449753
38.90599822998047,-25.753999710083008,0.6883955001831055,5.893906593322754,0.10839881747961044,1.6288788318634033,-0.0022333022207021713,0.12149538844823837
38.90599822998047,-25.753999710083008,0.6259080171585083,3.4699184894561768,0.015535514801740646,0.016378842294216156,0.3086521625518799,0.7360216379165649
38.90599822998047,-25.753999710083008,0.7516992688179016,4.739887237548828,0.028346208855509758,0.5834734439849854,0.37747418880462646,0.1424829214811325
38.90599822998047,-24.753999710083008,0.9325513243675232,0.47990652918815613,0.0657372698187828,1.0990641117095947,0.10706160962581635,0.8292067050933838
38.90599822998047,-24.753999710083008,0.7510013580322266,3.2426271438598633,0.07655066251754761,0.2134656459093094,0.35229814052581787,0.15759582817554474
38.90599822998047,-24.753999710083008,0.8255691528320312,5.849771976470947,0.18294797837734222,0.2998832166194916,-0.11111663281917572,0.013197540305554867
38.90599822998047,-23.753999710083008,0.71635502576828,0.22812950611114502,0.09792939573526382,1.480017066001892,-0.20877529680728912,0.15039686858654022
38.90599822998047,-23.753999710083008,0.7086747884750366,2.611990451812744,0.048536356538534164,0.08245731145143509,0.03297321870923042,0.08287518471479416
38.90599822998047,-23.753999710083008,0.6917838454246521,4.397327899932861,0.024501308798789978,0.3218974173069,0.11068505048751831,0.7667279243469238
38.90599822998047,-22.753999710083008,0.6301789283752441,4.8330278396606445,0.028793364763259888,1.1048063039779663,0.004427887033671141,0.5144312381744385
38.90599822998047,-22.753999710083008,0.6961235404014587,1.9238603115081787,0.04689742624759674,0.25925588607788086,0.23809069395065308,0.4268716871738434
38.90599822998047,-22.753999710083008,0.8053362369537354,5.915229320526123,0.06276882439851761,0.13911835849285126,-0.013208501040935516,0.058697160333395004
38.90599822998047,-21.753999710083008,1.0145626068115234,2.821234941482544,0.2661438286304474,1.9883441925048828,-0.03022579476237297,0.13392773270606995
38.90599822998047,-21.753999710083008,1.1979749202728271,2.5837907791137695,0.09358728677034378,0.02302149310708046,0.1300058662891388,0.6384720802307129
38.90599822998047,-21.753999710083008,1.1196969747543335,5.9572038650512695,0.071893610060215,0.047127313911914825,-0.09177327156066895,0.22760024666786194
38.90599822998047,-20.753999710083008,1.0000574588775635,4.2596611976623535,0.2529628276824951,1.9977920055389404,-0.0029565838631242514,0.09645020216703415
38.90599822998047,-20.753999710083008,1.151771903038025,2.6373119354248047,0.07500879466533661,0.020165983587503433,-0.019722048193216324,0.6562351584434509
38.90599822998047,-20.753999710083008,1.1431325674057007,5.987828254699707,0.07976227253675461,0.03739083185791969,-0.008793787099421024,0.2473147064447403
38.90599822998047,-19.753999710083008,0.890454113483429,6.052559852600098,0.14210541546344757,2.400421142578125,-0.00028825332992710173,0.12060891091823578
38.90599822998047,-19.753999710083008,1.2479771375656128,2.6093008518218994,0.08104915916919708,0.018999064341187477,0.05219193175435066,0.4628213942050934
38.90599822998047,-19.753999710083008,1.2830753326416016,5.921945095062256,0.09121403098106384,0.030602287501096725,0.04357927292585373,0.41656965017318726
38.90599822998047,-18.753999710083008,0.9554107785224915,4.613324165344238,0.19081145524978638,1.7882500886917114,0.0973988026380539,0.06738372147083282
38.90599822998047,-18.753999710083008,1.1221212148666382,3.017425298690796,0.09200319647789001,0.12869983911514282,0.02405756711959839,0.46927016973495483
38.90599822998047,-18.753999710083008,1.22480309009552,6.128474235534668,0.10008686780929565,0.056432176381349564,0.05595490336418152,0.46334612369537354
38.90599822998047,-17.753999710083008,0.9106259346008301,4.276623725891113,0.25575336813926697,1.5245263576507568,0.04691138491034508,0.03488673269748688
38.90599822998047,-17.753999710083008,1.1393612623214722,3.0268442630767822,0.0681217610836029,0.0438205823302269,-0.020664995536208153,0.5556609630584717
38.90599822998047,-17.753999710083008,1.2857320308685303,6.213496208190918,0.09054522961378098,0.025571143254637718,-0.0923658162355423,0.40945225954055786
38.90599822998047,-16.753999710083008,0.8203657865524292,3.493206262588501,0.22677502036094666,1.147629976272583,0.2615397870540619,0.1652854084968567
38.90599822998047,-16.753999710083008,0.5672374367713928,3.7875776290893555,0.029270553961396217,0.5022264122962952,-0.17601940035820007,0.2695198953151703
38.90599822998047,-16.753999710083008,0.6132931709289551,4.256016731262207,0.023010265082120895,0.11658500134944916,0.10526059567928314,0.5651946663856506
38.90599822998047,-15.753999710083008,0.8539637327194214,3.8354856967926025,0.059586238116025925,1.1211589574813843,0.19021643698215485,0.6643586754798889
38.90599822998047,-15.753999710083008,0.608710765838623,1.551474690437317,0.0630292221903801,0.9547645449638367,-0.17611606419086456,0.22965140640735626
38.90599822998047,-15.753999710083008,0.9187899231910706,0.5963132977485657,0.27664461731910706,0.8803846836090088,-0.11697696894407272,0.10598991066217422
39.90599822998047,-26.753999710083008,0.7909246683120728,4.803783416748047,0.016948100179433823,0.7015417814254761,-0.029630379751324654,0.15382494032382965
39.90599822998047,-26.753999710083008,0.6662018895149231,3.082347869873047,0.01867992803454399,0.04826526716351509,0.4205835461616516,0.7687067985534668
39.90599822998047,-26.753999710083008,0.924166738986969,3.9492616653442383,0.04834602400660515,0.05738150700926781,0.10458119213581085,0.07746824622154236
39.90599822998047,-25.753999710083008,0.7439499497413635,4.332745552062988,0.056544121354818344,1.6777961254119873,-0.007688057608902454,0.7874912619590759
39.90599822998047,-25.753999710083008,0.6511427164077759,2.8796374797821045,0.026255127042531967,0.07974541187286377,0.1774856597185135,0.18738672137260437
39.90599822998047,-25.753999710083008,0.8095700144767761,4.878571510314941,0.03381161391735077,0.26990482211112976,-0.010693096555769444,0.02512204460799694
39.90599822998047,-24.753999710083008,0.7630375027656555,4.2447590827941895,0.07995560765266418,1.644970417022705,0.16210107505321503,0.1251327097415924
39.90599822998047,-24.753999710083008,0.6178972721099854,4.230727195739746,0.015592222101986408,0.25928378105163574,0.07825244218111038,0.8666358590126038
39.90599822998047,-24.753999710083008,0.8685561418533325,0.5319123864173889,0.09086553007364273,0.5735501050949097,-0.019644014537334442,0.008231375366449356
39.90599822998047,-23.753999710083008,0.6820927858352661,5.557824611663818,0.044790416955947876,1.1244728565216064,-0.07651250064373016,0.807115912437439
39.90599822998047,-23.753999710083008,0.8088736534118652,2.050586223602295,0.07271648198366165,0.2164655476808548,0.08084192872047424,0.14939135313034058
39.90599822998047,-23.753999710083008,0.7407166361808777,5.317158222198486,0.021410904824733734,0.28017181158065796,0.13657373189926147,0.04349280521273613
39.90599822998047,-22.753999710083008,0.6961601972579956,0.27511149644851685,0.029171396046876907,1.547166109085083,-0.14139506220817566,0.7887320518493652
39.90599822998047,-22.753999710083008,1.187427282333374,2.6222898960113525,0.14064921438694,0.0389828234910965,0.15039435029029846,0.11656324565410614
39.90599822998047,-22.753999710083008,1.2300547361373901,5.821838855743408,0.10639793425798416,0.039364684373140335,-0.0033180410973727703,0.09470465779304504
39.90599822998047,-21.753999710083008,0.9578310251235962,4.8352508544921875,0.1290137767791748,1.6801530122756958,-0.045157402753829956,0.19688978791236877
39.90599822998047,-21.753999710083008,1.2330496311187744,2.616983413696289,0.10297635942697525,0.030742738395929337,0.13823819160461426,0.5533055663108826
39.90599822998047,-21.753999710083008,1.1859935522079468,5.9624810218811035,0.07034178078174591,0.03625056520104408,-0.05511142686009407,0.24980466067790985
39.90599822998047,-20.753999710083008,0.9505335688591003,3.672119140625,0.15508200228214264,1.0932286977767944,0.015634937211871147,0.09100452810525894
39.90599822998047,-20.753999710083008,1.2873543500900269,2.6761555671691895,0.11257995665073395,0.04048905149102211,0.06056632474064827,0.5407513976097107
39.90599822998047,-20.753999710083008,1.1171250343322754,5.91292142868042,0.08388601988554001,0.05437203869223595,0.04006192460656166,0.3682440519332886
39.90599822998047,-19.753999710083008,0.9105063676834106,6.033350944519043,0.12353754788637161,1.6554218530654907,0.029557043686509132,0.04224817827343941
39.90599822998047,-19.753999710083008,1.1807365417480469,2.6371114253997803,0.10126402974128723,0.023872701451182365,0.3519240915775299,0.3454415798187256
39.90599822998047,-19.753999710083008,1.15285062789917,5.877527713775635,0.08363591879606247,0.0443173386156559,0.030224092304706573,0.6123102903366089
39.90599822998047,-18.753999710083008,0.9830496907234192,0.7101747989654541,0.22265611588954926,1.86039137840271,0.08967475593090057,0.13879063725471497
39.90599822998047,-18.753999710083008,1.0874875783920288,3.2874562740325928,0.07108142226934433,0.06654248386621475,0.061545222997665405,0.43706026673316956
39.90599822998047,-18.753999710083008,1.1871130466461182,0.03330373018980026,0.07260380685329437,0.041263967752456665,0.05570239573717117,0.4241490960121155
39.90599822998047,-17.753999710083008,0.727861225605011,4.491125106811523,0.04056072235107422,0.5169811248779297,0.05973545089364052,0.4920734763145447
39.90599822998047,-17.753999710083008,1.072963833808899,2.9556939601898193,0.055051323026418686,0.03831229731440544,-0.02038668282330036,0.26530957221984863
39.90599822998047,-17.753999710083008,1.139059066772461,6.255906105041504,0.07456047832965851,0.02722816914319992,-0.15758086740970612,0.24261698126792908
39.90599822998047,-16.753999710083008,0.8293799757957458,5.12516450881958,0.18956074118614197,2.5844335556030273,0.3340257406234741,0.0466792955994606
39.90599822998047,-16.753999710083008,0.7156477570533752,3.3331706523895264,0.03440287709236145,0.17404495179653168,-0.13955473899841309,0.8234888315200806
39.90599822998047,-16.753999710083008,0.8000524044036865,6.199397087097168,0.07450301200151443,0.18562708795070648,0.017949167639017105,0.12983182072639465
39.90599822998047,-15.753999710083008,0.9044086933135986,1.749556303024292,0.12045538425445557,1.3065558671951294,0.03298776596784592,0.059973154217004776
39.90599822998047,-15.753999710083008,0.8534532189369202,2.624404191970825,0.15589755773544312,0.09325367957353592,0.2637034058570862,0.008458918891847134
39.90599822998047,-15.753999710083008,0.9846851825714111,0.10559452325105667,0.07110130786895752,0.09581507742404938,0.1837354302406311,0.931567907333374
40.90599822998047,-27.753999710083008,1.2721296548843384,4.739096641540527,0.19029942154884338,0.8141480684280396,0.01969095505774021,0.9572360515594482
40.90599822998047,-27.753999710083008,0.578654408454895,3.672182321548462,0.06749983876943588,2.1652233600616455,0.20334848761558533,0.013092921115458012
40.90599822998047,-27.753999710083008,0.7209487557411194,4.522586822509766,0.018958304077386856,0.4268479347229004,0.0011892771581187844,0.02967100962996483
40.90599822998047,-26.753999710083008,0.8482744097709656,5.231295585632324,0.041898924857378006,0.289675772190094,-0.24290938675403595,0.17903076112270355
40.90599822998047,-26.753999710083008,0.6144469976425171,2.4058616161346436,0.07604862004518509,2.6920247077941895,0.17521773278713226,0.1729629784822464
40.90599822998047,-26.753999710083008,0.7110236287117004,4.0817461013793945,0.02601613663136959,0.21777433156967163,0.1207110583782196,0.64800626039505
40.90599822998047,-25.753999710083008,0.6741695404052734,4.604126930236816,0.12234338372945786,1.1823723316192627,-0.0926630049943924,0.07651161402463913
40.90599822998047,-25.753999710083008,0.5476617813110352,2.572909116744995,0.033747054636478424,0.5569404363632202,-0.08017909526824951,0.19502712786197662
40.90599822998047,-25.753999710083008,0.6328129768371582,4.713508129119873,0.016288354992866516,0.3660777509212494,0.004043913912028074,0.7284612655639648
40.90599822998047,-24.753999710083008,0.8188517689704895,5.128549098968506,0.13059364259243011,1.1243277788162231,0.07866556197404861,0.3067690432071686
40.90599822998047,-24.753999710083008,0.5802147388458252,2.8856942653656006,0.02210238203406334,0.9785516858100891,-0.02667495794594288,0.5393476486206055
40.90599822998047,-24.753999710083008,0.6603941321372986,5.388591289520264,0.021511275321245193,1.931378960609436,0.06808897852897644,0.15388335287570953
40.90599822998047,-23.753999710083008,0.8867326378822327,4.955772399902344,0.09764726459980011,2.238553524017334,0.03117245063185692,0.38321229815483093
40.90599822998047,-23.753999710083008,1.1165986061096191,2.5348503589630127,0.12328694760799408,0.049447014927864075,0.20575840771198273,0.514523983001709
40.90599822998047,-23.753999710083008,1.2607641220092773,5.932466983795166,0.12828488647937775,0.049382664263248444,-0.011916517280042171,0.10226370394229889
40.90599822998047,-22.753999710083008,0.926415741443634,4.440640449523926,0.14088082313537598,2.1908700466156006,-0.09429042041301727,0.22754086554050446
40.90599822998047,-22.753999710083008,1.2135348320007324,2.6820549964904785,0.09087510406970978,0.0257177222520113,0.0794757679104805,0.5224441885948181
40.90599822998047,-22.753999710083008,1.3150473833084106,5.888187885284424,0.097185418009758,0.026899006217718124,-0.1175452247262001,0.2500150203704834
40.90599822998047,-21.753999710083008,0.9319830536842346,3.1718599796295166,0.17447510361671448,2.3384830951690674,0.01612165942788124,0.21642936766147614
40.90599822998047,-21.753999710083008,1.1981689929962158,2.6607182025909424,0.0680704265832901,0.026825547218322754,0.03545141592621803,0.43836697936058044
40.90599822998047,-21.753999710083008,1.2398759126663208,5.892995357513428,0.10041089355945587,0.05429524555802345,-0.12248743325471878,0.34520360827445984
40.90599822998047,-20.753999710083008,0.9097379446029663,5.1779093742370605,0.12811601161956787,1.3128941059112549,0.06238320469856262,0.07903403788805008
40.90599822998047,-20.753999710083008,1.2620394229888916,2.9215383529663086,0.09361311048269272,0.0853986144065857,-0.04899615794420242,0.5150700211524963
40.90599822998047,-20.753999710083008,1.3196334838867188,5.893828868865967,0.11388322710990906,0.041039757430553436,0.05687377601861954,0.4058958888053894
40.90599822998047,-19.753999710083008,0.9848551750183105,5.700105667114258,0.17190127074718475,1.4403941631317139,0.001796924159862101,0.17131458222866058
40.90599822998047,-19.753999710083008,1.0179466009140015,2.53082537651062,0.07603254169225693,0.03556608408689499,0.1915368288755417,0.3498208522796631
40.90599822998047,-19.753999710083008,1.0960190296173096,5.874806880950928,0.10824169218540192,0.07119059562683105,-0.03785551339387894,0.47886452078819275
40.90599822998047,-18.753999710083008,0.9488722085952759,0.6841128468513489,0.20367781817913055,1.7750405073165894,0.12418892234563828,0.1048007383942604
40.90599822998047,-18.753999710083008,0.9504940509796143,3.4243004322052,0.0707310289144516,0.09524676203727722,0.1167488843202591,0.35312002897262573
40.90599822998047,-18.753999710083008,1.05060875415802,0.2768823206424713,0.06398610770702362,0.05402902513742447,-0.0241828765720129,0.5420792102813721
40.90599822998047,-17.753999710083008,0.8170480132102966,4.538327217102051,0.14152969419956207,1.5452983379364014,0.0956098660826683,0.06956770271062851
40.90599822998047,-17.753999710083008,0.9209628105163574,2.916804552078247,0.05700220912694931,0.0599319152534008,-0.009732683189213276,0.45818135142326355
40.90599822998047,-17.753999710083008,1.0491390228271484,6.254577159881592,0.06514230370521545,0.040285397320985794,-0.15684956312179565,0.4722510278224945
40.90599822998047,-16.753999710083008,0.9125959277153015,0.08148079365491867,0.25022032856941223,0.9258496761322021,0.13685624301433563,0.37049955129623413
40.90599822998047,-16.753999710083008,0.7132802605628967,2.9846837520599365,0.059570714831352234,0.2613801062107086,0.0037963290233165026,0.1215161383152008
40.90599822998047,-16.753999710083008,0.7583986520767212,0.046746328473091125,0.036852527409791946,0.09857684373855591,-0.059181343764066696,0.5079842805862427
40.90599822998047,-15.753999710083008,0.7780552506446838,1.0258886814117432,0.06435804814100266,1.6438459157943726,-0.0006160128396004438,0.27264726161956787
40.90599822998047,-15.753999710083008,0.8139359951019287,2.6622180938720703,0.1234498992562294,0.12097012251615524,0.162234365940094,0.05786693096160889
40.90599822998047,-15.753999710083008,0.9027925133705139,0.05683388561010361,0.06871847063302994,0.11088763922452927,0.025818200781941414,0.669485867023468
41.90599822998047,-27.753999710083008,0.667790412902832,4.263753890991211,0.060961950570344925,1.100548505783081,-0.018872717395424843,0.3369706869125366
41.90599822998047,-27.753999710083008,0.5467607975006104,2.377199172973633,0.0766391009092331,0.3660203218460083,-0.11106415838003159,0.00854945182800293
41.90599822998047,-27.753999710083008,0.6820472478866577,4.561583518981934,0.019924353808164597,0.1449986696243286,0.006209013517946005,0.6544798016548157
41.90599822998047,-26.753999710083008,0.7502360939979553,5.085493564605713,0.040881846100091934,0.38714006543159485,-0.13298508524894714,0.6969340443611145
41.90599822998047,-26.753999710083008,0.6087929010391235,2.154026746749878,0.08115986734628677,1.4861706495285034,0.022954287007451057,0.15217450261116028
41.90599822998047,-26.753999710083008,0.6432195901870728,4.02457857131958,0.025000762194395065,1.1366115808486938,0.15049168467521667,0.1508914977312088
41.90599822998047,-25.753999710083008,0.6331577897071838,5.956220626831055,0.048586536198854446,1.3609075546264648,-0.16575565934181213,0.5639078617095947
41.90599822998047,-25.753999710083008,0.575182318687439,1.327576756477356,0.03748564422130585,1.848915457725525,-0.1417984962463379,0.3380059003829956
41.90599822998047,-25.753999710083008,0.669668972492218,5.267664909362793,0.01790931634604931,0.787386953830719,-0.13982394337654114,0.09808623790740967
41.90599822998047,-24.753999710083008,0.8882278800010681,4.079303741455078,0.07708068937063217,1.1527013778686523,0.07015360891819,0.26535502076148987
41.90599822998047,-24.753999710083008,0.6928650140762329,1.8910963535308838,0.10073813050985336,1.3608790636062622,-0.04986286535859108,0.5591133832931519
41.90599822998047,-24.753999710083008,0.7165295481681824,5.141122817993164,0.04504431039094925,1.6808792352676392,0.05486137792468071,0.17553161084651947
41.90599822998047,-23.753999710083008,0.8418018221855164,5.3588948249816895,0.08797283470630646,2.519533634185791,-0.020176155492663383,0.23766352236270905
41.90599822998047,-23.753999710083008,1.1066179275512695,2.65228009223938,0.14802445471286774,0.17823559045791626,0.15316841006278992,0.5859559774398804
41.90599822998047,-23.753999710083008,1.3339207172393799,6.007081985473633,0.15100707113742828,0.07322478294372559,-0.1224498376250267,0.17638050019741058
41.90599822998047,-22.753999710083008,0.9195611476898193,3.7962639331817627,0.11321187764406204,2.3537204265594482,-0.12443451583385468,0.2265102118253708
41.90599822998047,-22.753999710083008,1.2915308475494385,2.7204577922821045,0.10213197767734528,0.024553436785936356,0.13872139155864716,0.5399767756462097
41.90599822998047,-22.753999710083008,1.287941575050354,5.922000408172607,0.114813894033432,0.04927223175764084,-0.17043519020080566,0.23351305723190308
41.90599822998047,-21.753999710083008,0.909263551235199,3.8085923194885254,0.16148413717746735,2.0835137367248535,0.05260953679680824,0.23896829783916473
41.90599822998047,-21.753999710083008,1.1488289833068848,2.7132530212402344,0.07445726543664932,0.04002201557159424,-0.002700499724596739,0.4382804334163666
41.90599822998047,-21.753999710083008,1.2205642461776733,5.917985916137695,0.10620883852243423,0.059072598814964294,-0.010080566629767418,0.3227511942386627
41.90599822998047,-20.753999710083008,1.052947759628296,0.12816907465457916,0.41099897027015686,1.3672906160354614,0.103779137134552,0.04132774844765663
41.90599822998047,-20.753999710083008,1.100775957107544,2.942239761352539,0.07009132951498032,0.15630175173282623,-0.08988218009471893,0.45700377225875854
41.90599822998047,-20.753999710083008,1.2153737545013428,6.010117530822754,0.08889269828796387,0.05756262689828873,-0.004690318834036589,0.5016685128211975
41.90599822998047,-19.753999710083008,0.6867507696151733,0.9371992349624634,0.04280836507678032,1.9828919172286987,0.0638800784945488,0.6574130058288574
41.90599822998047,-19.753999710083008,0.6505768895149231,2.6858367919921875,0.07701680064201355,0.31046804785728455,0.0874100849032402,0.31862565875053406
41.90599822998047,-19.753999710083008,0.7761889696121216,6.080878734588623,0.07160180062055588,0.29874056577682495,0.04570009559392929,0.023961305618286133
41.90599822998047,-18.753999710083008,0.6526932120323181,4.329786777496338,0.033353667706251144,1.2727117538452148,0.10480066388845444,0.47355055809020996
41.90599822998047,-18.753999710083008,0.8408597111701965,3.360157012939453,0.07899836450815201,0.2444542944431305,0.013317570090293884,0.36541348695755005
41.90599822998047,-18.753999710083008,1.0072070360183716,0.0318668857216835,0.08381860703229904,0.11400178074836731,0.0039608534425497055,0.1610359400510788
41.90599822998047,-17.753999710083008,0.6319214701652527,6.249868869781494,0.036906734108924866,1.6474990844726562,0.07379458099603653,0.5041089653968811
41.90599822998047,-17.753999710083008,0.6594744324684143,2.804172992706299,0.06756245344877243,0.2719120681285858,0.04383718967437744,0.26600709557533264
41.90599822998047,-17.753999710083008,0.9380813241004944,0.035084739327430725,0.08460484445095062,0.08340659737586975,-0.20931397378444672,0.22988387942314148
41.90599822998047,-16.753999710083008,0.8496496677398682,0.7226098775863647,0.27213889360427856,0.6103582978248596,0.11868523806333542,0.06306592375040054
41.90599822998047,-16.753999710083008,0.737693190574646,1.631083607673645,0.040242522954940796,0.26642149686813354,0.03859264403581619,0.02364961802959442
41.90599822998047,-16.753999710083008,0.6833173036575317,1.011399507522583,0.031132502481341362,0.34749433398246765,-0.06808087974786758,0.913284420967102
41.90599822998047,-15.753999710083008,0.8355001211166382,5.38847017288208,0.0768248662352562,2.2536685466766357,0.023141317069530487,0.2655245363712311
41.90599822998047,-15.753999710083008,0.858674943447113,2.749326467514038,0.08818082511425018,0.546015739440918,0.13786359131336212,0.33260059356689453
41.90599822998047,-15.753999710083008,0.9021207094192505,6.073949813842773,0.07018094509840012,0.21536433696746826,-0.021630795672535896,0.4018748998641968
42.90599822998047,-27.753999710083008,0.7461350560188293,4.164699554443359,0.17523348331451416,0.7243553996086121,0.04832060635089874,0.16298262774944305
42.90599822998047,-27.753999710083008,0.5286858081817627,2.069175958633423,0.1413249373435974,1.030394196510315,-0.09172259271144867,0.045024752616882324
42.90599822998047,-27.753999710083008,0.5976231694221497,4.071428298950195,0.05047906935214996,0.6828274130821228,0.047704122960567474,0.7919926047325134
42.90599822998047,-26.753999710083008,0.6917366981506348,5.298160552978516,0.0533132441341877,0.8246331214904785,0.032864104956388474,0.5085062384605408
42.90599822998047,-26.753999710083008,0.665241003036499,1.2776988744735718,0.08530326187610626,0.9028225541114807,-0.11010511964559555,0.29516762495040894
42.90599822998047,-26.753999710083008,0.6716618537902832,4.413959503173828,0.036985114216804504,1.1456317901611328,0.09660115092992783,0.1963261216878891
42.90599822998047,-25.753999710083008,0.7827698588371277,4.081686019897461,0.10464898496866226,1.3154937028884888,-0.14242970943450928,0.28602609038352966
42.90599822998047,-25.753999710083008,0.5710166692733765,2.071510076522827,0.030019616708159447,2.016474962234497,-0.1814277023077011,0.21544261276721954
42.90599822998047,-25.753999710083008,0.65418541431427,4.497427940368652,0.010752837173640728,0.8388445377349854,-0.0012320803944021463,0.4985312521457672
42.90599822998047,-24.753999710083008,0.8214041590690613,4.5752668380737305,0.06354101747274399,0.996777355670929,0.07369723916053772,0.30974090099334717
42.90599822998047,-24.753999710083008,0.801552951335907,2.384463310241699,0.17878380417823792,0.9138882160186768,0.14035844802856445,0.6149553060531616
42.90599822998047,-24.753999710083008,0.8977793455123901,5.94333028793335,0.1646435409784317,0.39039257168769836,0.18617624044418335,0.07530376315116882
42.90599822998047,-23.753999710083008,0.8626430630683899,4.944109916687012,0.09831823408603668,1.8683054447174072,0.020609203726053238,0.2762215733528137
42.90599822998047,-23.753999710083008,1.292275309562683,2.866180419921875,0.22856484353542328,0.2841831147670746,0.10388892889022827,0.43452131748199463
42.90599822998047,-23.753999710083008,1.2859266996383667,6.031954765319824,0.10753119736909866,0.05375032126903534,-0.10722611099481583,0.28925713896751404
42.90599822998047,-22.753999710083008,1.0774075984954834,3.2422215938568115,0.35004591941833496,2.3205437660217285,-0.05059931427240372,0.07376623153686523
42.90599822998047,-22.753999710083008,1.331674337387085,2.726824998855591,0.08924097567796707,0.026571480557322502,0.04600667580962181,0.6012667417526245
42.90599822998047,-22.753999710083008,1.3059463500976562,5.932141304016113,0.10859095305204391,0.05638072267174721,-0.15748393535614014,0.3249669671058655
42.90599822998047,-21.753999710083008,0.8877989649772644,5.865767002105713,0.09911581873893738,1.9463826417922974,0.09196234494447708,0.21543894708156586
42.90599822998047,-21.753999710083008,1.1078211069107056,3.0826804637908936,0.08523344993591309,0.14823827147483826,-0.14725378155708313,0.4794003665447235
42.90599822998047,-21.753999710083008,1.2048146724700928,5.861196041107178,0.09349691867828369,0.04831477627158165,0.11773563176393509,0.30516067147254944
42.90599822998047,-20.753999710083008,0.9854474067687988,0.5079004764556885,0.16295546293258667,1.461291790008545,0.09595873206853867,0.12316025048494339
42.90599822998047,-20.753999710083008,1.0434097051620483,3.3244199752807617,0.05984276160597801,0.13136157393455505,-0.02976761758327484,0.6413127183914185
42.90599822998047,-20.753999710083008,1.1684372425079346,6.264421463012695,0.07985518872737885,0.0692649707198143,0.009658461436629295,0.23552700877189636
42.90599822998047,-19.753999710083008,0.6514232158660889,1.7552093267440796,0.03186987712979317,1.622035264968872,0.05118664354085922,0.6389302015304565
42.90599822998047,-19.753999710083008,0.6795817017555237,3.153899669647217,0.08818823099136353,1.0336806774139404,0.05696244165301323,0.3376607298851013
42.90599822998047,-19.753999710083008,0.820354700088501,0.16412143409252167,0.0744437575340271,0.3876171112060547,-0.028430994600057602,0.023409059271216393
42.90599822998047,-18.753999710083008,0.7049126029014587,4.671648979187012,0.040659479796886444,1.4982627630233765,0.03018936887383461,0.39069098234176636
42.90599822998047,-18.753999710083008,0.9416683316230774,2.7220685482025146,0.15210336446762085,0.19618521630764008,0.026113934814929962,0.29483941197395325
42.90599822998047,-18.753999710083008,1.01878023147583,6.056591987609863,0.07712898403406143,0.04659052565693855,-0.003167994786053896,0.3144696354866028
42.90599822998047,-17.753999710083008,0.5606726408004761,0.6581525206565857,0.02439510077238083,1.6926188468933105,0.1682693362236023,0.5384290218353271
42.90599822998047,-17.753999710083008,0.7300178408622742,2.2635302543640137,0.10437942296266556,0.6719244718551636,0.022648239508271217,0.35403674840927124
42.90599822998047,-17.753999710083008,0.9510071873664856,0.28006991744041443,0.10299941897392273,0.08274556696414948,-0.140764981508255,0.10753419995307922
42.90599822998047,-16.753999710083008,0.7629150152206421,1.8242580890655518,0.10249693691730499,0.7170200943946838,0.22407589852809906,0.29327020049095154
42.90599822998047,-16.753999710083008,0.9709912538528442,1.8139753341674805,0.07148177176713943,0.09481516480445862,0.013929454609751701,0.40525099635124207
42.90599822998047,-16.753999710083008,0.9678849577903748,0.9430292248725891,0.17756082117557526,0.2247425764799118,-0.10457464307546616,0.30147886276245117
43.90599822998047,-27.753999710083008,0.8862367868423462,4.748291969299316,0.1454504430294037,0.22347089648246765,0.14980900287628174,0.028907930478453636
43.90599822998047,-27.753999710083008,0.4672888517379761,0.16059589385986328,0.12150011956691742,11.149972915649414,-0.23874442279338837,3.7248744774842635e-05
43.90599822998047,-27.753999710083008,0.5581889748573303,5.1377668380737305,0.004763185977935791,0.043857455253601074,-0.08200045675039291,0.9710548520088196
43.90599822998047,-26.753999710083008,0.6296391487121582,4.03648567199707,0.08845941722393036,0.952517032623291,-0.0042726644314825535,0.2950294315814972
43.90599822998047,-26.753999710083008,0.5350763201713562,0.7156746983528137,0.032906875014305115,0.8441166281700134,-0.10536680370569229,0.229277566075325
43.90599822998047,-26.753999710083008,0.6780581474304199,4.3896636962890625,0.02666204236447811,0.6947950720787048,0.12042845785617828,0.47569310665130615
43.90599822998047,-25.753999710083008,0.8176087737083435,5.134657859802246,0.16001486778259277,1.0677237510681152,-0.1163235455751419,0.17698852717876434
43.90599822998047,-25.753999710083008,0.5963159203529358,2.197533369064331,0.02902313880622387,0.9560978412628174,-0.04432586953043938,0.32076314091682434
43.90599822998047,-25.753999710083008,0.703170657157898,5.344930171966553,0.016192013397812843,1.111462116241455,0.10162785649299622,0.5022483468055725
43.90599822998047,-24.753999710083008,0.7439752221107483,4.3883795738220215,0.03937781974673271,1.1626560688018799,-0.0365414135158062,0.6362094879150391
43.90599822998047,-24.753999710083008,0.8709142208099365,2.5405588150024414,0.16568805277347565,1.2785769701004028,-0.035395216196775436,0.30194541811943054
43.90599822998047,-24.753999710083008,1.2110801935195923,6.16801118850708,0.290178507566452,0.24862311780452728,0.07961348444223404,0.061845045536756516
43.90599822998047,-23.753999710083008,0.8284643292427063,3.9857420921325684,0.10724027454853058,1.2619218826293945,0.07548785954713821,0.2142612636089325
43.90599822998047,-23.753999710083008,1.1913572549819946,2.983532667160034,0.17903542518615723,0.4386277198791504,0.006501311436295509,0.4494650065898895
43.90599822998047,-23.753999710083008,1.3104910850524902,6.01146936416626,0.13701231777668,0.05200064927339554,-0.1806359440088272,0.3362736999988556
43.90599822998047,-22.753999710083008,1.071990966796875,2.6744332313537598,0.3054650127887726,1.9840006828308105,0.019248738884925842,0.08667761832475662
43.90599822998047,-22.753999710083008,1.2257859706878662,2.703933000564575,0.06569226831197739,0.03292282670736313,0.058443088084459305,0.4914935827255249
43.90599822998047,-22.753999710083008,1.339337944984436,6.003354549407959,0.08180741220712662,0.05409398674964905,-0.18689821660518646,0.4218287169933319
43.90599822998047,-21.753999710083008,0.8584350347518921,5.394303321838379,0.06513470411300659,1.5532031059265137,0.030567912384867668,0.23272596299648285
43.90599822998047,-21.753999710083008,1.1355950832366943,2.7756917476654053,0.11672217398881912,0.2261330485343933,0.11274882405996323,0.36171194911003113
43.90599822998047,-21.753999710083008,1.2287617921829224,5.989946365356445,0.09048620611429214,0.05235631391406059,-0.004166392143815756,0.40556204319000244
43.90599822998047,-20.753999710083008,0.9838536977767944,0.8875033259391785,0.07711521536111832,2.0761115550994873,0.10201460868120193,0.44217488169670105
43.90599822998047,-20.753999710083008,1.1505048274993896,3.554353952407837,0.07401228696107864,0.04061981290578842,0.07457844913005829,0.45682185888290405
43.90599822998047,-20.753999710083008,1.151572585105896,0.18460220098495483,0.06964085251092911,0.045793771743774414,0.04420093074440956,0.10100328177213669
43.90599822998047,-19.753999710083008,0.9578845500946045,0.312471479177475,0.09454638510942459,1.507314682006836,0.045318782329559326,0.43142592906951904
43.90599822998047,-19.753999710083008,0.8690916895866394,3.0973143577575684,0.1142624095082283,1.4243865013122559,-0.05465584620833397,0.5203193426132202
43.90599822998047,-19.753999710083008,1.1252285242080688,0.2504177391529083,0.10133319348096848,0.10124990344047546,-0.23922118544578552,0.04825467988848686
43.90599822998047,-18.753999710083008,0.6669214963912964,4.803757667541504,0.035228241235017776,1.2963683605194092,-0.04922487214207649,0.45780614018440247
43.90599822998047,-18.753999710083008,0.899549663066864,2.4586987495422363,0.14921395480632782,0.3080829679965973,0.04803614690899849,0.2831408381462097
43.90599822998047,-18.753999710083008,1.015730381011963,5.9644856452941895,0.0959090068936348,0.06367990374565125,0.017416732385754585,0.25905299186706543
43.90599822998047,-17.753999710083008,0.6356972455978394,1.4301313161849976,0.024994682520627975,1.285422921180725,-0.024910366162657738,0.7372714877128601
43.90599822998047,-17.753999710083008,0.7214946150779724,2.5411875247955322,0.15104521811008453,0.7880724668502808,0.06142251193523407,0.08513113111257553
43.90599822998047,-17.753999710083008,0.9535844922065735,0.21893015503883362,0.11911532282829285,0.09005125612020493,0.0029226099140942097,0.17759741842746735
43.90599822998047,-16.753999710083008,0.9875461459159851,1.0244096517562866,0.3081841766834259,2.439251184463501,0.21361130475997925,0.020117001608014107
43.90599822998047,-16.753999710083008,1.0186071395874023,2.121350049972534,0.02230824902653694,0.07203753292560577,0.23758339881896973,0.9530417919158936
43.90599822998047,-16.753999710083008,1.0673458576202393,0.36562421917915344,0.1051066517829895,0.18324773013591766,0.0025248543825000525,0.026841256767511368
44.90599822998047,-27.753999710083008,0.8958454132080078,1.3535035848617554,0.1688065230846405,1.3549020290374756,0.04731450229883194,0.016474206000566483
44.90599822998047,-27.753999710083008,0.6134079694747925,0.021595880389213562,0.11631308495998383,0.5270232558250427,0.20731915533542633,0.003899912815541029
44.90599822998047,-27.753999710083008,0.7212592363357544,5.746628761291504,0.020833203569054604,0.043419960886240005,0.03754282370209694,0.9796258807182312
44.90599822998047,-26.753999710083008,0.6896498203277588,5.291418075561523,0.14202456176280975,0.8346519470214844,0.023281360045075417,0.10792232304811478
44.90599822998047,-26.753999710083008,0.5518810749053955,1.3747371435165405,0.056742046028375626,1.1364847421646118,-0.061457809060811996,0.021042075008153915
44.90599822998047,-26.753999710083008,0.630434513092041,4.756988525390625,0.014947470277547836,0.1914798468351364,0.11940351873636246,0.871035635471344
44.90599822998047,-25.753999710083008,0.8736469149589539,4.686976432800293,0.19282899796962738,1.5564602613449097,0.09580951184034348,0.24759547412395477
44.90599822998047,-25.753999710083008,0.5713788866996765,1.661616325378418,0.012540004216134548,1.1524536609649658,-0.11950185894966125,0.7020547389984131
44.90599822998047,-25.753999710083008,0.7702252864837646,5.874238967895508,0.029682889580726624,2.249255418777466,0.02729446440935135,0.05034981667995453
44.90599822998047,-24.753999710083008,0.6990689039230347,4.816237449645996,0.02849871851503849,1.4702014923095703,-0.07390405237674713,0.7585755586624146
44.90599822998047,-24.753999710083008,0.8963826298713684,2.817601203918457,0.21258124709129333,1.7852803468704224,0.07262343913316727,0.16061300039291382
44.90599822998047,-24.753999710083008,1.215417742729187,6.120443344116211,0.1558702141046524,0.08869649469852448,-0.059366002678871155,0.08081134408712387
44.90599822998047,-23.753999710083008,0.8022269606590271,4.747318267822266,0.10373644530773163,1.5030924081802368,0.04791433364152908,0.25591611862182617
44.90599822998047,-23.753999710083008,1.055451512336731,2.8740975856781006,0.11696623265743256,0.26038074493408203,-0.02890196442604065,0.4689938724040985
44.90599822998047,-23.753999710083008,1.236234426498413,6.011112689971924,0.12013932317495346,0.05758553743362427,-0.10736013203859329,0.2750900089740753
44.90599822998047,-22.753999710083008,1.0339527130126953,3.8151490688323975,0.22973522543907166,2.017547130584717,0.011931168846786022,0.14914724230766296
44.90599822998047,-22.753999710083008,1.1202354431152344,2.63716983795166,0.060612328350543976,0.040794625878334045,0.04396438971161842,0.3915216624736786
44.90599822998047,-22.753999710083008,1.2387516498565674,6.009342670440674,0.07498204708099365,0.0602288581430912,-0.13538967072963715,0.45933106541633606
44.90599822998047,-21.753999710083008,0.9280446767807007,4.814680099487305,0.08331871032714844,1.7773878574371338,0.07459865510463715,0.21345525979995728
44.90599822998047,-21.753999710083008,1.0116710662841797,2.6201624870300293,0.09265334159135818,0.4643031656742096,0.15227916836738586,0.5019992589950562
44.90599822998047,-21.753999710083008,1.187831163406372,6.057964324951172,0.09570692479610443,0.08301307260990143,-0.05947422608733177,0.28454551100730896
44.90599822998047,-20.753999710083008,1.0364511013031006,0.6816835999488831,0.06131041795015335,2.1906402111053467,0.15151207149028778,0.644020676612854
44.90599822998047,-20.753999710083008,1.0436111688613892,3.4927713871002197,0.07062747329473495,0.12050390243530273,0.26078638434410095,0.3147173523902893
44.90599822998047,-20.753999710083008,1.1536146402359009,0.28737518191337585,0.07927322387695312,0.04721950367093086,-0.0031894072890281677,0.041262026876211166
44.90599822998047,-19.753999710083008,1.1088991165161133,5.312276363372803,0.2773478329181671,0.9056179523468018,-0.021001432090997696,0.10815931856632233
44.90599822998047,-19.753999710083008,0.8907439708709717,2.410630464553833,0.07396677136421204,1.6144213676452637,-0.11632459610700607,0.677757740020752
44.90599822998047,-19.753999710083008,1.1966376304626465,0.21181413531303406,0.12376109510660172,0.1504841446876526,-0.09404260665178299,0.2140829712152481
44.90599822998047,-18.753999710083008,0.6540201902389526,5.023270606994629,0.05172799155116081,0.7836273312568665,-0.03082921728491783,0.30751582980155945
44.90599822998047,-18.753999710083008,0.8350928425788879,2.0564749240875244,0.11732901632785797,0.6321696043014526,-0.15159031748771667,0.407901406288147
44.90599822998047,-18.753999710083008,1.1214128732681274,6.032818794250488,0.21026483178138733,0.1895141303539276,0.10433125495910645,0.28458285331726074
44.90599822998047,-17.753999710083008,0.7601749300956726,1.3337390422821045,0.08447779715061188,1.1723346710205078,-0.0412607379257679,0.4450035095214844
44.90599822998047,-17.753999710083008,0.6094006299972534,2.1453773975372314,0.07810777425765991,0.8472720384597778,0.06224723532795906,0.14306703209877014
44.90599822998047,-17.753999710083008,0.9893631935119629,0.22514739632606506,0.14048874378204346,0.12537260353565216,-0.07039311528205872,0.4119293689727783
44.90599822998047,-16.753999710083008,1.1460163593292236,5.9084696769714355,0.5572683811187744,2.432847499847412,0.16161313652992249,0.015010546892881393
44.90599822998047,-16.753999710083008,1.0449185371398926,2.4332492351531982,0.02022140845656395,0.09957698732614517,0.11146578937768936,0.9344968199729919
44.90599822998047,-16.753999710083008,1.235605239868164,6.083950042724609,0.11698949337005615,0.16769933700561523,0.17062795162200928,0.050492577254772186
45.90599822998047,-26.753999710083008,0.8732765913009644,5.053062438964844,0.2587900161743164,1.569615125656128,0.19678974151611328,0.010088873095810413
45.90599822998047,-26.753999710083008,0.6878610849380493,1.7169513702392578,0.14479094743728638,0.6639423966407776,0.0603632889688015,0.013415140099823475
45.90599822998047,-26.753999710083008,0.654942512512207,5.9902143478393555,0.03596305102109909,0.09523093700408936,-0.05419198423624039,0.9764959216117859
45.90599822998047,-25.753999710083008,0.8807764053344727,0.0239721592515707,0.15995360910892487,0.630433976650238,0.054914671927690506,0.2782432734966278
45.90599822998047,-25.753999710083008,0.6654157042503357,1.4573817253112793,0.10788141191005707,3.1413733959198,-0.37197914719581604,0.022065630182623863
45.90599822998047,-25.753999710083008,0.709808349609375,5.533706188201904,0.04387084022164345,1.590612769126892,-0.18165536224842072,0.699691116809845
45.90599822998047,-24.753999710083008,0.8338501453399658,5.892302513122559,0.06405186653137207,0.9954953789710999,0.0064884815365076065,0.5199371576309204
45.90599822998047,-24.753999710083008,0.8903153538703918,3.114490509033203,0.12126465886831284,0.6443697810173035,0.17792898416519165,0.1591508686542511
45.90599822998047,-24.753999710083008,1.0317155122756958,6.153631210327148,0.0570002906024456,0.07146677374839783,0.0615825392305851,0.32091203331947327
45.90599822998047,-23.753999710083008,1.0545079708099365,6.138577938079834,0.24237258732318878,2.155949354171753,0.024377981200814247,0.14894533157348633
45.90599822998047,-23.753999710083008,1.0876379013061523,2.667330741882324,0.048683926463127136,0.03415685519576073,-0.0756094753742218,0.40491610765457153
45.90599822998047,-23.753999710083008,1.1381834745407104,6.0151238441467285,0.05903832986950874,0.05741925165057182,0.006372656207531691,0.44613856077194214
45.90599822998047,-22.753999710083008,0.949563205242157,4.683097839355469,0.17053909599781036,1.678246021270752,0.030502324923872948,0.21262001991271973
45.90599822998047,-22.753999710083008,1.0370351076126099,2.515446186065674,0.06999991834163666,0.041800253093242645,-0.11047817766666412,0.42519432306289673
45.90599822998047,-22.753999710083008,1.0811361074447632,5.935276508331299,0.06727416813373566,0.055543527007102966,-0.03172416239976883,0.36218565702438354
45.90599822998047,-21.753999710083008,0.8628218173980713,5.232889652252197,0.060937754809856415,1.6265311241149902,0.06317029893398285,0.45878276228904724
45.90599822998047,-21.753999710083008,0.8855335116386414,2.0982158184051514,0.06271497160196304,0.23729830980300903,-0.1465674340724945,0.4013740122318268
45.90599822998047,-21.753999710083008,1.040580153465271,5.936504364013672,0.1118503212928772,0.31126365065574646,-0.15868303179740906,0.13984321057796478
45.90599822998047,-20.753999710083008,0.9048659801483154,4.227761745452881,0.08295907825231552,1.2894994020462036,0.315045028924942,0.39680686593055725
45.90599822998047,-20.753999710083008,0.7465171813964844,2.5778725147247314,0.041863925755023956,0.5484862923622131,-0.13329541683197021,0.45806512236595154
45.90599822998047,-20.753999710083008,1.0201504230499268,0.1350073516368866,0.18142586946487427,0.5779531598091125,-0.03624625876545906,0.14512798190116882
45.90599822998047,-19.753999710083008,0.9997336864471436,4.8403401374816895,0.23961018025875092,1.0744600296020508,0.06547985970973969,0.11454138159751892
45.90599822998047,-19.753999710083008,0.9335609078407288,1.844181776046753,0.07213195413351059,0.4631690979003906,-0.03129247575998306,0.534489631652832
45.90599822998047,-19.753999710083008,1.1022841930389404,0.31493887305259705,0.1276683211326599,0.13771121203899384,0.1010880172252655,0.35096898674964905
45.90599822998047,-18.753999710083008,0.9571691751480103,1.3258185386657715,0.21912752091884613,0.5277257561683655,0.037840813398361206,0.30344727635383606
45.90599822998047,-18.753999710083008,0.7412663102149963,1.6614340543746948,0.07400812208652496,0.5269217491149902,-0.06856164336204529,0.4047262966632843
45.90599822998047,-18.753999710083008,1.0408695936203003,0.059620924293994904,0.20057803392410278,0.3561592698097229,0.04064464941620827,0.29182642698287964
45.90599822998047,-17.753999710083008,1.0473750829696655,1.1842316389083862,0.4773273169994354,1.0770882368087769,0.045874062925577164,0.056509774178266525
45.90599822998047,-17.753999710083008,0.7348871827125549,1.32660973072052,0.05516817048192024,0.2320813089609146,0.18965689837932587,0.7920985221862793
45.90599822998047,-17.753999710083008,1.1379948854446411,0.5835314393043518,0.2966099679470062,0.06206971034407616,-0.03484253212809563,0.1513916552066803
46.90599822998047,-25.753999710083008,0.9166935086250305,0.8715583086013794,0.1986200213432312,0.3434404730796814,0.0878710225224495,0.344123512506485
46.90599822998047,-25.753999710083008,0.6088109016418457,1.7563189268112183,0.16527999937534332,9.161432266235352,-0.24314945936203003,0.023620054125785828
46.90599822998047,-25.753999710083008,0.7223125100135803,5.72798490524292,0.06559889763593674,0.7616551518440247,-0.25995445251464844,0.6322564482688904
46.90599822998047,-24.753999710083008,1.178525447845459,5.547207832336426,0.6053900718688965,1.026321530342102,0.10446178913116455,0.12650683522224426
46.90599822998047,-24.753999710083008,0.8036839365959167,3.628113031387329,0.09951489418745041,0.5925197601318359,0.2793113589286804,0.09673763066530228
46.90599822998047,-24.753999710083008,0.9863490462303162,5.8392791748046875,0.05838140472769737,0.2582019567489624,-0.03731132671236992,0.7767555713653564
46.90599822998047,-23.753999710083008,0.9482925534248352,5.447571754455566,0.1192823126912117,0.9781758785247803,-0.006178404204547405,0.21269558370113373
46.90599822998047,-23.753999710083008,0.8814990520477295,2.2159552574157715,0.07370932400226593,0.12035210430622101,-0.039555687457323074,0.11232832819223404
46.90599822998047,-23.753999710083008,1.0276808738708496,5.800888538360596,0.06731852144002914,0.14583902060985565,-0.004238455090671778,0.6749760508537292
46.90599822998047,-22.753999710083008,0.97904372215271,4.592800617218018,0.2181626409292221,0.44386008381843567,0.04444056749343872,0.28407758474349976
46.90599822998047,-22.753999710083008,1.0338493585586548,1.8644251823425293,0.08106008172035217,0.03259851410984993,-0.18221010267734528,0.4290611147880554
46.90599822998047,-22.753999710083008,0.9767208695411682,5.509759902954102,0.06999849528074265,0.20415595173835754,-0.11057507246732712,0.28686124086380005
46.90599822998047,-21.753999710083008,0.8056403398513794,5.275589942932129,0.05058813840150833,0.9526293277740479,0.019144106656312943,0.34459224343299866
46.90599822998047,-21.753999710083008,1.1020958423614502,1.5586639642715454,0.08977045863866806,0.03632481396198273,-0.13850831985473633,0.5953284502029419
46.90599822998047,-21.753999710083008,0.9607475399971008,5.153694152832031,0.15061795711517334,0.3349113166332245,0.0009860628051683307,0.06007922440767288
46.90599822998047,-20.753999710083008,0.8226172924041748,6.039541721343994,0.04315385967493057,0.9457484483718872,0.030900131911039352,0.3726308345794678
46.90599822998047,-20.753999710083008,1.1086450815200806,1.4570627212524414,0.1038258895277977,0.0677381157875061,-0.12101488560438156,0.6195598840713501
46.90599822998047,-20.753999710083008,1.0657970905303955,0.023671768605709076,0.2721353769302368,0.3478594124317169,0.027924727648496628,0.007809207309037447
46.90599822998047,-19.753999710083008,0.850021481513977,0.6116489768028259,0.1467476487159729,1.0402534008026123,0.15840305387973785,0.3327849507331848
46.90599822998047,-19.753999710083008,0.9725196361541748,1.5247399806976318,0.10207311809062958,0.11655526608228683,-0.08223703503608704,0.5981263518333435
46.90599822998047,-19.753999710083008,0.9861050844192505,0.3075946271419525,0.14310236275196075,0.08986281603574753,0.01465364545583725,0.06908862292766571
46.90599822998047,-18.753999710083008,1.2654300928115845,1.5323176383972168,1.3430767059326172,0.5802444219589233,0.13460953533649445,0.03543296456336975
46.90599822998047,-18.753999710083008,0.9719676375389099,1.0794261693954468,0.08005758374929428,0.1212054044008255,0.1644725203514099,0.8947677612304688
46.90599822998047,-18.753999710083008,1.1140168905258179,0.03563769906759262,0.3150227665901184,0.22328515350818634,0.13170289993286133,0.06979934871196747
46.90599822998047,-17.753999710083008,1.2224054336547852,6.191257476806641,1.1944530010223389,0.6030875444412231,0.13993264734745026,0.008488371036946774
46.90599822998047,-17.753999710083008,1.3772114515304565,0.7445138096809387,0.0804157704114914,0.04361727088689804,0.27321773767471313,0.837812602519989
46.90599822998047,-17.753999710083008,1.367664098739624,0.26333877444267273,0.19962359964847565,0.0391179621219635,0.22597455978393555,0.15369904041290283
47.90599822998047,-25.753999710083008,0.8702201843261719,5.741137981414795,0.07084545493125916,0.6052157282829285,0.009669249877333641,0.9244536757469177
47.90599822998047,-25.753999710083008,0.9478165507316589,2.3041000366210938,0.047903962433338165,0.07128141075372696,0.0689934715628624,0.06665495783090591
47.90599822998047,-25.753999710083008,1.1520386934280396,5.707338809967041,0.09769439697265625,0.05254201218485832,0.06871873140335083,0.008891485631465912
47.90599822998047,-24.753999710083008,0.9420880675315857,5.832269668579102,0.29908573627471924,0.7299375534057617,0.04591409116983414,0.032433249056339264
47.90599822998047,-24.753999710083008,0.8145873546600342,2.747659206390381,0.15147244930267334,0.581493616104126,-0.04383396357297897,0.011100011877715588
47.90599822998047,-24.753999710083008,0.9592404365539551,5.902757167816162,0.06117815524339676,0.07205203175544739,-0.14029698073863983,0.9564666748046875
47.90599822998047,-23.753999710083008,0.9693349599838257,0.5547434687614441,0.05094439536333084,0.2529618740081787,-0.1577330380678177,0.4172447919845581
47.90599822998047,-23.753999710083008,0.9640508890151978,1.514641523361206,0.3347861170768738,1.4406979084014893,0.19878660142421722,0.004203746560961008
47.90599822998047,-23.753999710083008,0.8653786182403564,6.19491720199585,0.08432167023420334,0.1773843914270401,-0.28777220845222473,0.5785515308380127
47.90599822998047,-22.753999710083008,0.9093473553657532,5.518630504608154,0.15907496213912964,0.5298486948013306,0.01356508582830429,0.29318109154701233
47.90599822998047,-22.753999710083008,0.923017680644989,1.102516531944275,0.1785435825586319,0.2553555369377136,0.0001595149951754138,0.010238473303616047
47.90599822998047,-22.753999710083008,0.8732125759124756,5.87611722946167,0.0569017268717289,0.09490875154733658,-0.1794702410697937,0.6965804100036621
47.90599822998047,-21.753999710083008,0.6816482543945312,6.128243446350098,0.022567445412278175,0.09710030257701874,-0.015664903447031975,0.5262168049812317
47.90599822998047,-21.753999710083008,1.1458778381347656,0.5225784182548523,0.39101916551589966,0.18474365770816803,0.06849997490644455,0.39892372488975525
47.90599822998047,-21.753999710083008,0.7653261423110962,5.68897819519043,0.2960895597934723,0.711908757686615,-0.17980779707431793,0.07485954463481903
47.90599822998047,-20.753999710083008,0.7045179605484009,0.2397039532661438,0.07944382727146149,0.4451530873775482,0.1586950421333313,0.11867997795343399
47.90599822998047,-20.753999710083008,0.779656171798706,0.8704660534858704,0.05104001611471176,0.09030988812446594,0.26871079206466675,0.8794397115707397
47.90599822998047,-20.753999710083008,0.5583294630050659,0.38589364290237427,0.2596138119697571,0.7572065591812134,-0.005263959988951683,0.0018802565755322576
47.90599822998047,-19.753999710083008,1.033542275428772,4.330265522003174,0.22511477768421173,0.9250082969665527,0.15040408074855804,0.0048560998402535915
47.90599822998047,-19.753999710083008,0.9587205648422241,0.5414853096008301,0.03272464871406555,0.10428748279809952,0.5787032842636108,0.9937001466751099
47.90599822998047,-19.753999710083008,0.8439817428588867,2.6686911582946777,0.23150783777236938,0.08061617612838745,-0.1064593493938446,0.0014437994686886668
47.90599822998047,-18.753999710083008,1.481566309928894,4.02828311920166,0.5262245535850525,0.4990696609020233,0.17697401344776154,0.0016086272662505507
47.90599822998047,-18.753999710083008,1.4423279762268066,0.3183484673500061,0.05945798009634018,0.20606014132499695,0.612653911113739,0.9956472516059875
47.90599822998047,-18.753999710083008,1.554711937904358,1.1856101751327515,0.292088121175766,0.07624543458223343,0.013647384941577911,0.0027441545389592648
