x,y,mean_speed,mean_motion_angle,var_speed,var_motion_angle,coef,weight
-41.09400177001953,-2.753999948501587,1.5368469953536987,2.885284185409546,3.8745203018188477,3.776125192642212,-0.023883666843175888,0.001757162855938077
-41.09400177001953,-2.753999948501587,1.6429662704467773,3.1116461753845215,0.2597021460533142,0.04741339385509491,-0.35985466837882996,0.9977541565895081
-41.09400177001953,-2.753999948501587,1.3005707263946533,0.4149664342403412,0.5066900253295898,0.7029953002929688,0.045054446905851364,0.0004887587856501341
-41.09400177001953,-1.753999948501587,0.5792354345321655,0.6094128489494324,0.06980269402265549,3.1084020137786865,-0.00017607059271540493,0.0052823335863649845
-41.09400177001953,-1.753999948501587,1.204369306564331,2.6285128593444824,0.09799273312091827,0.023023085668683052,-0.1442617028951645,0.9946237802505493
-41.09400177001953,-1.753999948501587,0.9301224946975708,5.53187894821167,0.20330901443958282,0.7238971590995789,0.03950861096382141,9.389000479131937e-05
-40.09400177001953,-3.753999948501587,0.2767109274864197,5.7952423095703125,0.0038936769124120474,4.950109958648682,0.04658255726099014,0.08114220947027206
-40.09400177001953,-3.753999948501587,1.065569519996643,3.7347211837768555,0.09045693278312683,0.056120894849300385,-0.47197848558425903,0.9188430309295654
-40.09400177001953,-3.753999948501587,0.8183308243751526,4.295192718505859,0.19564828276634216,0.1389244943857193,0.3925595283508301,1.4744211512152106e-05
-40.09400177001953,-2.753999948501587,1.0959463119506836,4.988609313964844,1.3796314001083374,3.485145092010498,0.08696871250867844,0.004517392721027136
-40.09400177001953,-2.753999948501587,1.158913254737854,3.00075364112854,0.10875273495912552,0.06283137947320938,-0.11660335212945938,0.9949583411216736
-40.09400177001953,-2.753999948501587,0.9317487478256226,6.071688652038574,0.1683383733034134,0.6870282888412476,-0.20134709775447845,0.000524260918609798
-40.09400177001953,-1.753999948501587,0.746845006942749,3.824345827102661,0.06463346630334854,1.8402918577194214,-0.04365887492895126,0.15147073566913605
-40.09400177001953,-1.753999948501587,1.237143635749817,2.33198618888855,0.24637824296951294,0.03018403798341751,0.0812397226691246,0.8369342684745789
-40.09400177001953,-1.753999948501587,0.9283865690231323,5.434994697570801,0.11920791119337082,0.07249805331230164,-0.010986466892063618,0.0115949846804142
-39.09400177001953,-3.753999948501587,0.44700348377227783,5.206324100494385,0.01587744615972042,4.58114767074585,0.04838813096284866,0.0022425109054893255
-39.09400177001953,-3.753999948501587,0.9358744025230408,3.4565277099609375,0.043051380664110184,0.034807827323675156,-0.35637328028678894,0.9977542757987976
-39.09400177001953,-3.753999948501587,0.9256893992424011,5.024332523345947,0.3312808573246002,0.49709901213645935,0.2465757131576538,3.245103698645835e-06
-39.09400177001953,-2.753999948501587,1.2656593322753906,6.156594276428223,3.2879576683044434,3.488856315612793,0.09498872607946396,0.004720414523035288
-39.09400177001953,-2.753999948501587,1.181260585784912,2.989716053009033,0.12288956344127655,0.07846524566411972,0.001838580472394824,0.9924915432929993
-39.09400177001953,-2.753999948501587,1.0122790336608887,6.030470371246338,0.14741724729537964,0.2751448154449463,-0.19424909353256226,0.0027881325222551823
-39.09400177001953,-1.753999948501587,0.9733005166053772,0.29160556197166443,0.09939166903495789,0.9360267519950867,0.2053724080324173,0.10022171586751938
-39.09400177001953,-1.753999948501587,1.0837310552597046,1.9356591701507568,0.3085370659828186,0.17424240708351135,-0.0013771343510597944,0.8913976550102234
-39.09400177001953,-1.753999948501587,0.8609965443611145,5.6003899574279785,0.1821647435426712,0.7795220017433167,0.16247710585594177,0.008380616083741188
-38.09400177001953,-4.754000186920166,0.35318946838378906,4.642447471618652,0.01777270808815956,0.6082219481468201,-0.08750657737255096,0.01417270302772522
-38.09400177001953,-4.754000186920166,0.8252684473991394,3.379434108734131,0.2327331304550171,0.052132755517959595,0.3782449960708618,0.9858270883560181
-38.09400177001953,-4.754000186920166,0.6241493225097656,5.947974681854248,0.7666692733764648,16.30661964416504,0.3428153693675995,1.8461940953784506e-07
-38.09400177001953,-3.753999948501587,0.68507981300354,5.836734771728516,0.04354439303278923,1.584930419921875,0.05022502690553665,0.01736842468380928
-38.09400177001953,-3.753999948501587,0.9311550855636597,2.984917640686035,0.07148272544145584,0.10495602339506149,0.00920798908919096,0.9815889596939087
-38.09400177001953,-3.753999948501587,0.9071741104125977,6.2006731033325195,0.16501876711845398,0.8616662621498108,-0.07591795176267624,0.0010426219087094069
-38.09400177001953,-2.753999948501587,1.1902258396148682,1.8886284828186035,1.0226664543151855,2.644714832305908,0.11584912240505219,0.025358153507113457
-38.09400177001953,-2.753999948501587,1.128259301185608,3.0702433586120605,0.10720128566026688,0.08247925341129303,0.18743740022182465,0.9680227041244507
-38.09400177001953,-2.753999948501587,1.1221363544464111,5.916811466217041,0.16581028699874878,0.12159539759159088,-0.08370435982942581,0.00661911815404892
-38.09400177001953,-1.753999948501587,1.3271104097366333,1.0613067150115967,0.22770193219184875,0.6979853510856628,0.1825128197669983,0.1795450896024704
-38.09400177001953,-1.753999948501587,1.0763256549835205,1.2371000051498413,0.4111170768737793,3.200713634490967,-0.43051663041114807,0.8142460584640503
-38.09400177001953,-1.753999948501587,0.8692347407341003,5.335509300231934,0.10154788941144943,8.626443862915039,0.3361561596393585,0.006208846345543861
-37.09400177001953,-4.754000186920166,0.6501802206039429,4.93399715423584,0.049226123839616776,0.6255828738212585,-0.19912788271903992,0.013192260637879372
-37.09400177001953,-4.754000186920166,0.7606136202812195,3.5007898807525635,0.11911328136920929,0.08199052512645721,0.03641434758901596,0.986799955368042
-37.09400177001953,-4.754000186920166,0.6035112142562866,4.29946231842041,0.23466335237026215,3.565941095352173,0.4163050949573517,7.820315659046173e-06
-37.09400177001953,-3.753999948501587,0.9801491498947144,1.432289719581604,0.1832197904586792,2.3717575073242188,0.04490693658590317,0.00785895623266697
-37.09400177001953,-3.753999948501587,1.1084554195404053,3.2513651847839355,0.07558149099349976,0.06726239621639252,0.16648322343826294,0.9694234132766724
-37.09400177001953,-3.753999948501587,1.084147572517395,0.028513018041849136,0.09607759118080139,0.1497626006603241,-0.026101289317011833,0.02271757833659649
-37.09400177001953,-2.753999948501587,1.1831285953521729,1.5741287469863892,0.642564594745636,2.9028379917144775,0.1231551319360733,0.0449269600212574
-37.09400177001953,-2.753999948501587,1.1194864511489868,3.3229987621307373,0.08856621384620667,0.0981186255812645,0.08766645193099976,0.8497322797775269
-37.09400177001953,-2.753999948501587,1.1301532983779907,0.05667595937848091,0.1026691421866417,0.06129629909992218,-0.14867617189884186,0.10534076392650604
-37.09400177001953,-1.753999948501587,1.277174949645996,2.5363287925720215,0.5294106006622314,1.3664977550506592,0.09740005433559418,0.08390778303146362
-37.09400177001953,-1.753999948501587,1.0906262397766113,2.893514394760132,0.23140224814414978,0.3232020437717438,-0.07241781800985336,0.9031733274459839
-37.09400177001953,-1.753999948501587,0.9882926344871521,0.26402825117111206,0.1474611908197403,0.7976228594779968,0.30540400743484497,0.012918945401906967
-37.09400177001953,0.2460000067949295,0.7758429050445557,4.192070007324219,0.0414113886654377,1.0377768278121948,0.11954794824123383,0.6773253083229065
-37.09400177001953,0.2460000067949295,0.8098390102386475,2.692004919052124,0.07681553810834885,0.28110775351524353,-0.015653086826205254,0.3192320168018341
-37.09400177001953,0.2460000067949295,0.9615564942359924,0.7554741501808167,0.5245614051818848,1.0536367893218994,-0.12099996209144592,0.0034426474012434483
-37.09400177001953,1.246000051498413,0.7769246697425842,5.889883995056152,0.11731279641389847,3.049248218536377,0.09225891530513763,9.263103129342198e-05
-37.09400177001953,1.246000051498413,0.724392831325531,2.681832790374756,0.0240750964730978,0.12172157317399979,0.13288913667201996,0.9997995495796204
-37.09400177001953,1.246000051498413,0.6367636322975159,0.1196410208940506,0.2337307631969452,5.931924343109131,0.09197058528661728,0.00010782938625197858
-36.09400177001953,-4.754000186920166,0.850029706954956,4.0267438888549805,0.19575931131839752,0.9930742979049683,0.13227041065692902,0.003782120766118169
-36.09400177001953,-4.754000186920166,0.7174549102783203,3.4283928871154785,0.08873951435089111,0.4808194935321808,-0.31920161843299866,0.5030221939086914
-36.09400177001953,-4.754000186920166,0.605857253074646,4.297679901123047,0.018224773928523064,0.12944744527339935,0.15559446811676025,0.4931957721710205
-36.09400177001953,-3.753999948501587,0.7921268343925476,1.2155179977416992,0.0417097806930542,2.1362199783325195,-0.015533315017819405,0.08642267435789108
-36.09400177001953,-3.753999948501587,1.0851918458938599,3.347524642944336,0.08907374739646912,0.06748410314321518,0.20137542486190796,0.5785656571388245
-36.09400177001953,-3.753999948501587,1.1029187440872192,0.0893625020980835,0.0629909411072731,0.06594425439834595,0.00825304351747036,0.33501169085502625
-36.09400177001953,-2.753999948501587,1.1121506690979004,1.5345485210418701,0.428031325340271,2.676621913909912,0.10689536482095718,0.017688032239675522
-36.09400177001953,-2.753999948501587,1.1075901985168457,3.401207447052002,0.08037792891263962,0.10838206857442856,-0.06603804975748062,0.7202920913696289
-36.09400177001953,-2.753999948501587,1.0759917497634888,0.24853572249412537,0.07922037690877914,0.0726613700389862,-0.14437554776668549,0.2620198726654053
-36.09400177001953,-1.753999948501587,0.8301812410354614,1.3315792083740234,0.10099408030509949,2.115718126296997,0.010662181302905083,0.03589853644371033
-36.09400177001953,-1.753999948501587,1.2218759059906006,3.8709821701049805,0.1033778190612793,0.023866554722189903,-0.033157818019390106,0.4088995158672333
-36.09400177001953,-1.753999948501587,1.3084944486618042,0.5423274040222168,0.09664807468652725,0.0421658493578434,-0.0537111721932888,0.5552019476890564
-36.09400177001953,-0.7540000081062317,1.1658278703689575,1.4824120998382568,0.15338020026683807,1.14574134349823,0.09771662205457687,0.7005926370620728
-36.09400177001953,-0.7540000081062317,1.2077547311782837,3.2839179039001465,0.2715966999530792,0.9490607380867004,-0.2622530162334442,0.2448345422744751
-36.09400177001953,-0.7540000081062317,1.299172043800354,0.9088214039802551,0.19523882865905762,0.22355498373508453,-0.05929398909211159,0.05457288771867752
-36.09400177001953,0.2460000067949295,0.7072890996932983,6.215855121612549,0.046541277319192886,0.5282097458839417,-0.19156856834888458,0.07792074978351593
-36.09400177001953,0.2460000067949295,0.7474161386489868,1.5149163007736206,0.0559978224337101,0.34151914715766907,0.08988794684410095,0.9213224649429321
-36.09400177001953,0.2460000067949295,0.9747421741485596,1.7105761766433716,1.4915963411331177,4.257670879364014,0.10094276070594788,0.0007567631546407938
-36.09400177001953,1.246000051498413,0.8933268189430237,0.7224169969558716,0.08461908251047134,2.5138401985168457,0.04324882850050926,0.016235237941145897
-36.09400177001953,1.246000051498413,0.8813716769218445,3.0927927494049072,0.10572421550750732,0.2931787967681885,0.2650109529495239,0.2299543172121048
-36.09400177001953,1.246000051498413,0.7715020775794983,0.8904728293418884,0.07153724879026413,0.04232964292168617,-0.007316014729440212,0.7538104057312012
-35.09400177001953,-4.754000186920166,0.7739048004150391,5.2896575927734375,0.030281484127044678,0.37005653977394104,-0.008786153979599476,0.10617894679307938
-35.09400177001953,-4.754000186920166,0.7917394042015076,2.9950966835021973,0.17986029386520386,1.377195954322815,0.11021346598863602,0.008985087275505066
-35.09400177001953,-4.754000186920166,0.8702214360237122,6.01295804977417,0.026533838361501694,0.056617721915245056,0.1269102245569229,0.8848360180854797
-35.09400177001953,-3.753999948501587,0.767255425453186,0.2932211458683014,0.040616925805807114,2.359126091003418,0.014095350168645382,0.07377316802740097
-35.09400177001953,-3.753999948501587,1.1475434303283691,3.5204179286956787,0.11293131858110428,0.05850396677851677,0.2477826178073883,0.5413615107536316
-35.09400177001953,-3.753999948501587,1.169511079788208,0.16126257181167603,0.07688763737678528,0.08447928726673126,0.005769998300820589,0.38486531376838684
-35.09400177001953,-2.753999948501587,1.05375075340271,2.4541258811950684,0.27135759592056274,2.010256290435791,0.05954983830451965,0.031596820801496506
-35.09400177001953,-2.753999948501587,1.1385546922683716,3.5714876651763916,0.07365591824054718,0.05570937320590019,-0.09049247205257416,0.6603633165359497
-35.09400177001953,-2.753999948501587,1.1435996294021606,0.32034897804260254,0.08091781288385391,0.06174003332853317,-0.10810627788305283,0.3080398142337799
-35.09400177001953,-1.753999948501587,0.81743323802948,0.7847954630851746,0.08517057448625565,2.2458314895629883,-0.000326254841638729,0.042287275195121765
-35.09400177001953,-1.753999948501587,1.1525753736495972,3.837629556655884,0.07785827666521072,0.026399005204439163,-0.026607729494571686,0.339567631483078
-35.09400177001953,-1.753999948501587,1.2406187057495117,0.5230682492256165,0.0756426751613617,0.03678746894001961,-0.16612452268600464,0.6181451678276062
-35.09400177001953,-0.7540000081062317,0.8165138363838196,2.429567575454712,0.06359503418207169,1.7754923105239868,0.02328244410455227,0.0898955836892128
-35.09400177001953,-0.7540000081062317,1.0478806495666504,3.862952947616577,0.10348077118396759,0.04534013569355011,-0.17844891548156738,0.39816075563430786
-35.09400177001953,-0.7540000081062317,1.220569372177124,0.8888913989067078,0.11831162124872208,0.059584520757198334,0.060064997524023056,0.5119436383247375
-35.09400177001953,0.2460000067949295,0.9173737168312073,1.542382836341858,0.16611281037330627,0.8170768618583679,-0.27740129828453064,0.034728676080703735
-35.09400177001953,0.2460000067949295,0.7513287663459778,1.593549370765686,0.03383885324001312,0.4550487995147705,0.24655501544475555,0.9616746306419373
-35.09400177001953,0.2460000067949295,0.8782746195793152,2.054243326187134,0.6045781970024109,2.2617969512939453,0.14841942489147186,0.00359676918014884
-34.09400177001953,-4.754000186920166,0.7359497547149658,4.738417625427246,0.0318249873816967,0.7631941437721252,0.03173138201236725,0.8062567710876465
-34.09400177001953,-4.754000186920166,0.8401025533676147,2.3904166221618652,0.16407017409801483,0.2912752032279968,0.1478807032108307,0.10558033734560013
-34.09400177001953,-4.754000186920166,0.6808168888092041,5.405892372131348,0.030138159170746803,0.20226861536502838,0.20581085979938507,0.08816289156675339
-34.09400177001953,-3.753999948501587,0.7754872441291809,3.826721429824829,0.033220432698726654,1.7167572975158691,0.07248688489198685,0.41770610213279724
-34.09400177001953,-3.753999948501587,1.0169512033462524,3.4907455444335938,0.13590176403522491,0.1740119606256485,0.2113029658794403,0.4393661618232727
-34.09400177001953,-3.753999948501587,1.1845192909240723,0.19539210200309753,0.17368564009666443,0.18284225463867188,-0.05271367356181145,0.14292773604393005
-34.09400177001953,-2.753999948501587,0.8559907078742981,3.7726950645446777,0.08600080013275146,2.0797643661499023,0.016449011862277985,0.054720427840948105
-34.09400177001953,-2.753999948501587,1.2121436595916748,3.736386775970459,0.07175517827272415,0.031337711960077286,-0.060652244836091995,0.6765271425247192
-34.09400177001953,-2.753999948501587,1.1082879304885864,0.4024588167667389,0.07734993100166321,0.06449826061725616,0.06614314019680023,0.26875242590904236
-34.09400177001953,-1.753999948501587,1.0477900505065918,0.49099257588386536,0.3128315210342407,3.022934675216675,0.07533299922943115,0.03425954282283783
-34.09400177001953,-1.753999948501587,1.1927911043167114,3.7234346866607666,0.08469962328672409,0.03205418214201927,-0.08885715156793594,0.45120295882225037
-34.09400177001953,-1.753999948501587,1.1766817569732666,0.4541427493095398,0.06331931054592133,0.03425999730825424,-0.15426631271839142,0.5145374536514282
-34.09400177001953,-0.7540000081062317,0.7660073637962341,1.27707040309906,0.05879669263958931,2.4276061058044434,0.07235130667686462,0.035775795578956604
-34.09400177001953,-0.7540000081062317,1.1170767545700073,3.9168338775634766,0.09530612081289291,0.017695138230919838,-0.15732236206531525,0.26382121443748474
-34.09400177001953,-0.7540000081062317,1.1943730115890503,0.6923022866249084,0.09012196213006973,0.035841695964336395,-0.04220711067318916,0.7004030346870422
-34.09400177001953,0.2460000067949295,0.6445481777191162,1.8459285497665405,0.05626899376511574,1.5316554307937622,-0.0654664933681488,0.18425746262073517
-34.09400177001953,0.2460000067949295,0.6001570224761963,3.2816383838653564,0.019285690039396286,0.3254702091217041,0.11243222653865814,0.7642773389816284
-34.09400177001953,0.2460000067949295,0.653921902179718,1.3783900737762451,0.04730116203427315,0.8055152893066406,0.010491752997040749,0.05146520584821701
-34.09400177001953,1.246000051498413,0.7330052852630615,2.3373091220855713,0.15406247973442078,1.6289279460906982,-0.03051363304257393,0.00811062566936016
-34.09400177001953,1.246000051498413,0.7074574828147888,2.6969408988952637,0.01872115209698677,0.24170979857444763,0.35514330863952637,0.8322049975395203
-34.09400177001953,1.246000051498413,0.6546693444252014,2.469679117202759,0.031948111951351166,0.2238968461751938,-0.08409828692674637,0.15968436002731323
-33.09400177001953,-5.754000186920166,0.696453332901001,0.02721702866256237,0.01425097044557333,3.4100818634033203,-0.117189422249794,0.0033495433162897825
-33.09400177001953,-5.754000186920166,0.6913080215454102,3.2280778884887695,0.04728153347969055,0.3869701027870178,0.47500982880592346,0.1810617744922638
-33.09400177001953,-5.754000186920166,0.6954232454299927,4.31247615814209,0.07732424885034561,0.14497315883636475,-0.0013361346209421754,0.8155887126922607
-33.09400177001953,-4.754000186920166,0.7504695057868958,2.6598474979400635,0.09189816564321518,1.0407906770706177,0.2037068009376526,0.31171196699142456
-33.09400177001953,-4.754000186920166,0.7064008116722107,2.168797016143799,0.040521346032619476,0.23340409994125366,-0.014211856760084629,0.35688549280166626
-33.09400177001953,-4.754000186920166,0.6077801585197449,4.514232158660889,0.014530444517731667,0.45820969343185425,0.28175702691078186,0.3314025104045868
-33.09400177001953,-3.753999948501587,0.9222390651702881,3.8293275833129883,0.06640022993087769,1.2946075201034546,0.07597256451845169,0.49796807765960693
-33.09400177001953,-3.753999948501587,0.9872244596481323,3.5610783100128174,0.0889262780547142,0.2165345400571823,0.19616958498954773,0.4126133322715759
-33.09400177001953,-3.753999948501587,1.1690363883972168,0.15178503096103668,0.18250948190689087,0.4523385763168335,-0.16090284287929535,0.08941852301359177
-33.09400177001953,-2.753999948501587,0.8061360120773315,3.4116971492767334,0.06966682523488998,2.3074252605438232,0.03693288937211037,0.046839144080877304
-33.09400177001953,-2.753999948501587,1.214565396308899,3.6346662044525146,0.07874968647956848,0.02527114562690258,0.0409824475646019,0.5835801959037781
-33.09400177001953,-2.753999948501587,0.9921419024467468,0.3002803921699524,0.0683000311255455,0.08585374802350998,0.2495208978652954,0.3695806562900543
-33.09400177001953,-1.753999948501587,1.2293771505355835,1.0420856475830078,0.6014850735664368,2.9817793369293213,0.0977875292301178,0.04267711937427521
-33.09400177001953,-1.753999948501587,1.2260934114456177,3.6427183151245117,0.06571070849895477,0.022061200812458992,0.0177123062312603,0.6504077315330505
-33.09400177001953,-1.753999948501587,1.206892728805542,0.42007941007614136,0.059952352195978165,0.030026359483599663,-0.13840022683143616,0.30691519379615784
-33.09400177001953,-0.7540000081062317,0.7399153709411621,0.34317776560783386,0.02293439768254757,1.817432165145874,0.08702298998832703,0.31252744793891907
-33.09400177001953,-0.7540000081062317,1.0661604404449463,3.804884910583496,0.08997903764247894,0.06622736155986786,0.019364845007658005,0.2901938855648041
-33.09400177001953,-0.7540000081062317,1.1297234296798706,0.6954047083854675,0.07203157246112823,0.06532305479049683,-0.14671605825424194,0.39727866649627686
-33.09400177001953,0.2460000067949295,0.6277043223381042,3.95782208442688,0.01684935949742794,1.7168164253234863,-0.10614325851202011,0.6291504502296448
-33.09400177001953,0.2460000067949295,1.2413936853408813,3.7392616271972656,0.280581533908844,0.02374761924147606,-0.053139008581638336,0.13473491370677948
-33.09400177001953,0.2460000067949295,1.0747506618499756,0.7255279421806335,0.11195453256368637,0.04703414812684059,-0.06098059192299843,0.23611460626125336
-33.09400177001953,1.246000051498413,0.4667319655418396,2.171706438064575,0.023371165618300438,1.0014638900756836,-0.012813130393624306,0.12401851266622543
-33.09400177001953,1.246000051498413,0.6215202808380127,2.8274927139282227,0.03506026789546013,0.35386398434638977,0.034776072949171066,0.0403054803609848
-33.09400177001953,1.246000051498413,0.7629539966583252,1.0365190505981445,0.015195909887552261,0.10534847527742386,-0.002365417778491974,0.8356760144233704
-33.09400177001953,2.246000051498413,0.7726507782936096,1.5451186895370483,0.04706912487745285,1.881648063659668,0.2566112279891968,0.11850406974554062
-33.09400177001953,2.246000051498413,0.7709884643554688,3.4617130756378174,0.07253014296293259,1.98089599609375,0.18619011342525482,0.29722824692726135
-33.09400177001953,2.246000051498413,0.9083052277565002,0.4966580867767334,0.05518869310617447,0.1512657254934311,0.11277105659246445,0.5842676758766174
-32.09400177001953,-6.754000186920166,0.8393767476081848,4.552914142608643,0.015805579721927643,0.30971187353134155,-0.2923239469528198,0.17606458067893982
-32.09400177001953,-6.754000186920166,0.8723459839820862,1.7270487546920776,0.07082945853471756,1.0354743003845215,0.08717060834169388,0.0022296682000160217
-32.09400177001953,-6.754000186920166,0.7462815046310425,4.526323318481445,0.007096436340361834,0.08093343675136566,-0.1566750407218933,0.8217058181762695
-32.09400177001953,-5.754000186920166,0.5728265643119812,4.244759559631348,0.01713046431541443,1.0190099477767944,-0.029664907604455948,0.11470749229192734
-32.09400177001953,-5.754000186920166,0.8085527420043945,3.3569583892822266,0.1466541886329651,0.41257113218307495,0.14979106187820435,0.25794586539268494
-32.09400177001953,-5.754000186920166,0.965363085269928,4.990130424499512,0.12066297233104706,0.1084655150771141,-0.08313032984733582,0.6273466348648071
-32.09400177001953,-4.754000186920166,0.8067583441734314,4.870638847351074,0.074497751891613,1.5211305618286133,0.26225611567497253,0.3196486830711365
-32.09400177001953,-4.754000186920166,0.8121272325515747,2.466352939605713,0.10855642706155777,0.2941073477268219,0.019804995507001877,0.23316507041454315
-32.09400177001953,-4.754000186920166,0.8532790541648865,5.480190753936768,0.06503528356552124,0.13530288636684418,0.08311812579631805,0.4471862316131592
-32.09400177001953,-3.753999948501587,0.990004301071167,6.22845983505249,0.17161618173122406,1.8516485691070557,0.057250525802373886,0.1951715499162674
-32.09400177001953,-3.753999948501587,1.0364333391189575,3.9244611263275146,0.07973373681306839,0.07420409470796585,0.02384904958307743,0.7930710911750793
-32.09400177001953,-3.753999948501587,0.9967958331108093,0.26896989345550537,0.11936686933040619,0.0828390121459961,-0.042679563164711,0.011757371947169304
-32.09400177001953,-2.753999948501587,0.8411938548088074,3.539628505706787,0.04689908027648926,2.257528781890869,-0.0073953475803136826,0.2352760136127472
-32.09400177001953,-2.753999948501587,1.2744591236114502,3.6834654808044434,0.08680400252342224,0.014917806722223759,0.017840145155787468,0.6199735999107361
-32.09400177001953,-2.753999948501587,1.1004630327224731,0.4248945713043213,0.08560968935489655,0.06272561848163605,0.14892792701721191,0.14475038647651672
-32.09400177001953,-1.753999948501587,1.0628080368041992,1.0194185972213745,0.3249098062515259,2.3309998512268066,0.05329097434878349,0.0489710196852684
-32.09400177001953,-1.753999948501587,1.2324378490447998,3.643458366394043,0.0936712697148323,0.021500803530216217,-0.047522105276584625,0.5656258463859558
-32.09400177001953,-1.753999948501587,1.1021682024002075,0.41462478041648865,0.06742856651544571,0.03556138649582863,-0.030938738957047462,0.3854031562805176
-32.09400177001953,-0.7540000081062317,0.8701237440109253,0.9174084067344666,0.1046835258603096,2.163681983947754,0.018424002453684807,0.11702010780572891
-32.09400177001953,-0.7540000081062317,1.1656521558761597,3.5144498348236084,0.11721139401197433,0.0341436006128788,-0.0801277831196785,0.4217013418674469
-32.09400177001953,-0.7540000081062317,1.129232406616211,0.3601553440093994,0.07012531161308289,0.027847616001963615,-0.12416289746761322,0.46127861738204956
-32.09400177001953,0.2460000067949295,0.6978206634521484,2.1131393909454346,0.03336038067936897,3.097811222076416,-0.11387369781732559,0.31655454635620117
-32.09400177001953,0.2460000067949295,1.29903244972229,3.906986713409424,0.28622737526893616,0.011615484952926636,0.009122847579419613,0.2756859064102173
-32.09400177001953,0.2460000067949295,1.0619077682495117,0.8046615719795227,0.08524356782436371,0.08298078179359436,-0.26257383823394775,0.40775954723358154
-32.09400177001953,1.246000051498413,0.7000340223312378,1.4656562805175781,0.039088308811187744,1.669419288635254,-0.083905428647995,0.21941490471363068
-32.09400177001953,1.246000051498413,1.114605188369751,3.8816885948181152,0.13153617084026337,0.03746403753757477,0.0724652037024498,0.2517129182815552
-32.09400177001953,1.246000051498413,1.2753247022628784,0.6409001350402832,0.10473372787237167,0.02311819978058338,-0.1601937860250473,0.5288721919059753
-32.09400177001953,2.246000051498413,0.7118425369262695,2.550679922103882,0.017550278455018997,1.0355843305587769,0.0563792921602726,0.8158456087112427
-32.09400177001953,2.246000051498413,0.8823922276496887,3.928386926651001,0.18674799799919128,0.6168524026870728,0.2044384777545929,0.04462779313325882
-32.09400177001953,2.246000051498413,1.1221301555633545,0.4485965371131897,0.12002214044332504,0.07031149417161942,0.1338731199502945,0.13952650129795074
-32.09400177001953,3.246000051498413,1.0461806058883667,2.657102346420288,0.7901086211204529,3.3406903743743896,0.12985487282276154,0.000116018156404607
-32.09400177001953,3.246000051498413,0.8361722826957703,1.7401201725006104,0.02698114514350891,0.08587794005870819,0.5928401947021484,0.9988514184951782
-32.09400177001953,3.246000051498413,0.915231466293335,1.9412249326705933,0.3797115981578827,0.30204635858535767,-0.11555012315511703,0.0010325617622584105
-32.09400177001953,4.245999813079834,1.2070140838623047,3.12616229057312,1.2404532432556152,1.728240728378296,0.23865896463394165,0.0014312992570921779
-32.09400177001953,4.245999813079834,0.970588743686676,1.1192409992218018,0.11053304374217987,0.18120166659355164,-0.07252153754234314,0.9978030323982239
-32.09400177001953,4.245999813079834,0.9172799587249756,1.0085304975509644,0.6223043203353882,1.6397380828857422,-0.009116501547396183,0.0007656916277483106
-31.0939998626709,-6.754000186920166,0.5924124717712402,0.16780373454093933,0.0007827448425814509,0.41292431950569153,-0.13772554695606232,0.9956264495849609
-31.0939998626709,-6.754000186920166,0.905224621295929,2.2342402935028076,0.19275519251823425,6.168601989746094,0.034529346972703934,0.002073215087875724
-31.0939998626709,-6.754000186920166,0.7766402363777161,5.52540922164917,0.048575762659311295,0.5447940826416016,-0.16081930696964264,0.002300298074260354
-31.0939998626709,-5.754000186920166,0.7860856652259827,0.040560055524110794,0.014104949310421944,0.2311486005783081,0.033545590937137604,0.5010237693786621
-31.0939998626709,-5.754000186920166,1.0369362831115723,3.1835813522338867,0.3002663254737854,2.014249801635742,0.1981535702943802,0.00616032350808382
-31.0939998626709,-5.754000186920166,1.068966031074524,5.972294330596924,0.08943472057580948,0.09422941505908966,-0.005901781842112541,0.49281588196754456
-31.0939998626709,-4.754000186920166,0.7514119744300842,0.44839245080947876,0.027954641729593277,2.536268711090088,0.1355578601360321,0.45823296904563904
-31.0939998626709,-4.754000186920166,0.871543288230896,3.6654515266418457,0.199004665017128,0.7486738562583923,-0.1036757230758667,0.3387218713760376
-31.0939998626709,-4.754000186920166,0.9943099617958069,5.1579084396362305,0.10698282718658447,0.116659015417099,-0.03135792165994644,0.20304517447948456
-31.0939998626709,-3.753999948501587,0.8911103010177612,0.4799922704696655,0.034642625600099564,1.4168072938919067,0.07025891542434692,0.4261937439441681
-31.0939998626709,-3.753999948501587,0.9790402054786682,4.362693786621094,0.05908948928117752,0.3281738758087158,-0.09679504483938217,0.5718216896057129
-31.0939998626709,-3.753999948501587,1.0541726350784302,6.255826473236084,0.08246564865112305,0.0444430336356163,0.007859216071665287,0.0019846258219331503
-31.0939998626709,-2.753999948501587,0.9370942115783691,3.057924509048462,0.074710913002491,2.6935782432556152,0.0105736730620265,0.3259254992008209
-31.0939998626709,-2.753999948501587,1.351726770401001,3.829935312271118,0.14371371269226074,0.011287763714790344,0.01158904004842043,0.5693194270133972
-31.0939998626709,-2.753999948501587,1.0490916967391968,0.6756442189216614,0.07804866880178452,0.08267097175121307,0.05882148817181587,0.10475512593984604
-31.0939998626709,-1.753999948501587,1.1295521259307861,1.4332547187805176,0.3437218964099884,2.8656411170959473,0.01721821539103985,0.06907361000776291
-31.0939998626709,-1.753999948501587,1.3444195985794067,3.596761703491211,0.08028917759656906,0.021207168698310852,0.03220134228467941,0.7066346406936646
-31.0939998626709,-1.753999948501587,1.081762671470642,0.2891422510147095,0.046788692474365234,0.04393932223320007,-0.1577814221382141,0.2242918461561203
-31.0939998626709,-0.7540000081062317,1.2765690088272095,1.408319115638733,1.245171070098877,3.9735565185546875,0.053652070462703705,0.00618680939078331
-31.0939998626709,-0.7540000081062317,1.3839284181594849,3.591284990310669,0.10445360839366913,0.020362503826618195,-0.1964276283979416,0.5459722876548767
-31.0939998626709,-0.7540000081062317,1.1751278638839722,0.3986331820487976,0.06094786897301674,0.03317808732390404,-0.11976757645606995,0.4478408694267273
-31.0939998626709,0.2460000067949295,0.7094354629516602,1.8380012512207031,0.031447239220142365,3.0462894439697266,-0.09573443979024887,0.36532995104789734
-31.0939998626709,0.2460000067949295,1.1829824447631836,3.7288830280303955,0.26205387711524963,0.018702495843172073,0.21825729310512543,0.16175192594528198
-31.0939998626709,0.2460000067949295,1.1386152505874634,0.6396412253379822,0.07977189868688583,0.08212771266698837,-0.24523377418518066,0.4729180932044983
-31.0939998626709,1.246000051498413,0.764600932598114,0.7877929210662842,0.040648654103279114,1.8718435764312744,-0.12690067291259766,0.06768671423196793
-31.0939998626709,1.246000051498413,1.1281208992004395,3.905133008956909,0.08532211184501648,0.019265184178948402,0.1589685082435608,0.3742592930793762
-31.0939998626709,1.246000051498413,1.4910250902175903,0.734642744064331,0.15979620814323425,0.04103926941752434,-0.19713462889194489,0.5580539703369141
-31.0939998626709,2.246000051498413,0.7906107306480408,3.8142738342285156,0.04862749204039574,1.866365909576416,-0.018915489315986633,0.1056775376200676
-31.0939998626709,2.246000051498413,1.0604733228683472,3.9202725887298584,0.07442542910575867,0.019064094871282578,0.07911805063486099,0.20675444602966309
-31.0939998626709,2.246000051498413,1.1003456115722656,0.6614573001861572,0.06591460853815079,0.02596590481698513,0.13034209609031677,0.6875680088996887
-31.0939998626709,3.246000051498413,0.7978871464729309,0.6500440835952759,0.050160303711891174,1.2762913703918457,0.06700540333986282,0.17495189607143402
-31.0939998626709,3.246000051498413,0.8896704912185669,3.158313512802124,0.09111153334379196,0.3651444911956787,0.025581929832696915,0.8026745319366455
-31.0939998626709,3.246000051498413,0.9914297461509705,5.894279956817627,0.1369219720363617,0.35059013962745667,0.03947783634066582,0.022373568266630173
-31.0939998626709,4.245999813079834,0.742226779460907,1.945317029953003,0.10641665756702423,1.2772002220153809,-0.20038676261901855,0.05038917064666748
-31.0939998626709,4.245999813079834,0.5882883667945862,3.580291748046875,0.020139241591095924,0.3400610089302063,0.06578342616558075,0.625203549861908
-31.0939998626709,4.245999813079834,0.5364570021629333,4.516278266906738,0.02353406883776188,0.6881348490715027,0.21269147098064423,0.3244072496891022
-31.0939998626709,5.245999813079834,1.177901029586792,0.47988519072532654,0.9113060832023621,0.6785414814949036,0.09372604638338089,0.10917608439922333
-31.0939998626709,5.245999813079834,1.2631663084030151,1.8392140865325928,0.10204917192459106,0.010120288468897343,-0.4814608097076416,0.375060111284256
-31.0939998626709,5.245999813079834,0.973368763923645,5.841459274291992,0.0664837434887886,0.05691389739513397,-0.05653362348675728,0.5157638192176819
-30.0939998626709,-5.754000186920166,0.825594425201416,4.964545726776123,0.10772067308425903,1.029326319694519,0.060111694037914276,0.02327190712094307
-30.0939998626709,-5.754000186920166,1.0020768642425537,3.0858876705169678,0.19023287296295166,0.2379981130361557,0.1146184653043747,0.03593730926513672
-30.0939998626709,-5.754000186920166,0.8870255947113037,5.8757405281066895,0.0494195781648159,0.08454253524541855,-0.12193998694419861,0.9407907724380493
-30.0939998626709,-4.754000186920166,1.0374646186828613,5.523872375488281,0.11758783459663391,0.3880438208580017,0.012461953796446323,0.04856802523136139
-30.0939998626709,-4.754000186920166,0.7868008017539978,2.528414249420166,0.12805679440498352,0.795354425907135,0.37334343791007996,0.019513096660375595
-30.0939998626709,-4.754000186920166,0.83315509557724,4.7283735275268555,0.045375023037195206,0.06181413680315018,0.1666233092546463,0.9319188594818115
-30.0939998626709,-3.753999948501587,1.2319146394729614,2.5665323734283447,3.3912360668182373,1.85989248752594,0.052110135555267334,0.00020335160661488771
-30.0939998626709,-3.753999948501587,0.8835570812225342,4.401935577392578,0.0070418426766991615,0.043240245431661606,0.1898019015789032,0.9996606111526489
-30.0939998626709,-3.753999948501587,0.6120442748069763,1.0961898565292358,0.049986887723207474,2.2688310146331787,0.39068934321403503,0.00013610626047011465
-30.0939998626709,-2.753999948501587,0.9382362961769104,2.1131088733673096,0.09125133603811264,1.3123259544372559,0.10636957734823227,0.1325872540473938
-30.0939998626709,-2.753999948501587,0.9541133642196655,4.392246246337891,0.08263788372278214,0.08974017947912216,0.082365483045578,0.15962597727775574
-30.0939998626709,-2.753999948501587,0.9516169428825378,1.1197201013565063,0.03719405084848404,0.07093848288059235,-0.2423592507839203,0.7077867388725281
-30.0939998626709,-1.753999948501587,0.9343748688697815,3.333477258682251,0.12071128189563751,1.8880058526992798,-0.04393377527594566,0.04776724800467491
-30.0939998626709,-1.753999948501587,1.1843030452728271,3.9178266525268555,0.08436405658721924,0.02222067303955555,0.1993316113948822,0.7163785696029663
-30.0939998626709,-1.753999948501587,1.1509678363800049,0.8209132552146912,0.09087688475847244,0.11327173560857773,-0.15546627342700958,0.23585419356822968
-30.0939998626709,-0.7540000081062317,1.13454270362854,1.9930187463760376,0.5319287180900574,2.893845796585083,0.017692070454359055,0.022394848987460136
-30.0939998626709,-0.7540000081062317,1.2445951700210571,3.7256557941436768,0.07555318623781204,0.026722418144345284,-0.057391658425331116,0.636082649230957
-30.0939998626709,-0.7540000081062317,1.243125557899475,0.44254621863365173,0.07649629563093185,0.03190763294696808,-0.13271400332450867,0.34152254462242126
-30.0939998626709,0.2460000067949295,0.8235555291175842,1.8925213813781738,0.07688925415277481,2.73130202293396,-0.03681641444563866,0.053039807826280594
-30.0939998626709,0.2460000067949295,1.1529431343078613,3.908630847930908,0.10155633836984634,0.034934695810079575,0.13139191269874573,0.484435111284256
-30.0939998626709,0.2460000067949295,1.321791648864746,0.5546102523803711,0.1184920072555542,0.06051907315850258,-0.200407475233078,0.46252501010894775
-30.0939998626709,1.246000051498413,0.6823696494102478,0.7304905652999878,0.03366813808679581,2.262845039367676,-0.03415853902697563,0.18643486499786377
-30.0939998626709,1.246000051498413,1.0937327146530151,3.976593494415283,0.0857735425233841,0.018869809806346893,0.11524161696434021,0.46016407012939453
-30.0939998626709,1.246000051498413,1.2791614532470703,0.6757882237434387,0.10834075510501862,0.05632700398564339,-0.16118106245994568,0.3534010052680969
-30.0939998626709,2.246000051498413,0.935064435005188,3.6098108291625977,0.11682064086198807,2.4053640365600586,-0.026097111403942108,0.03952646628022194
-30.0939998626709,2.246000051498413,1.285058617591858,3.783275842666626,0.11124799400568008,0.010466614738106728,0.037480179220438004,0.26126328110694885
-30.0939998626709,2.246000051498413,1.1441148519515991,0.5949031114578247,0.04919721186161041,0.019932126626372337,0.015439406037330627,0.6992102861404419
-30.0939998626709,3.246000051498413,0.7446614503860474,5.637920379638672,0.03978295251727104,1.3839869499206543,0.12445063889026642,0.3257933259010315
-30.0939998626709,3.246000051498413,0.8610629439353943,3.6804885864257812,0.08594191074371338,0.27762261033058167,0.12486240267753601,0.29272133111953735
-30.0939998626709,3.246000051498413,0.9532952904701233,0.8167109489440918,0.08301737159490585,0.1133638322353363,-0.07952733337879181,0.38148531317710876
-30.0939998626709,4.245999813079834,0.6826950311660767,3.2894248962402344,0.13304993510246277,1.2108653783798218,0.05049476400017738,0.0266479030251503
-30.0939998626709,4.245999813079834,0.5785143971443176,1.7589820623397827,0.017858294770121574,0.23542752861976624,-0.1052326112985611,0.6490365266799927
-30.0939998626709,4.245999813079834,0.5778950452804565,6.161474704742432,0.02351081743836403,0.13263535499572754,0.014848561957478523,0.3243156373500824
-30.0939998626709,5.245999813079834,0.7977252006530762,0.0280721727758646,0.07708179205656052,0.7361103892326355,0.08968406170606613,0.36444541811943054
-30.0939998626709,5.245999813079834,0.8951851725578308,1.7307804822921753,0.11553256213665009,0.03431892395019531,-0.1485188752412796,0.5956892371177673
-30.0939998626709,5.245999813079834,0.9133713841438293,0.11565576493740082,0.22468900680541992,0.17434513568878174,-0.06913033127784729,0.03986533731222153
-29.0939998626709,-1.753999948501587,0.7883604764938354,4.134220123291016,0.17411455512046814,1.1134015321731567,0.01046377420425415,0.006523380056023598
-29.0939998626709,-1.753999948501587,0.9405690431594849,4.214507579803467,0.08678507059812546,0.10375185310840607,0.19837938249111176,0.2597869634628296
-29.0939998626709,-1.753999948501587,1.0332765579223633,1.1089584827423096,0.11366838961839676,0.12076937407255173,-0.09347452223300934,0.7336896061897278
-29.0939998626709,-0.7540000081062317,1.2677392959594727,2.6213345527648926,1.1724491119384766,2.663661003112793,0.048910368233919144,0.00931819248944521
-29.0939998626709,-0.7540000081062317,1.2818106412887573,3.9414405822753906,0.10534832626581192,0.029934823513031006,0.022224171087145805,0.7058947682380676
-29.0939998626709,-0.7540000081062317,1.2515993118286133,0.6181731224060059,0.08588097244501114,0.03621288388967514,-0.13824978470802307,0.28478702902793884
-29.0939998626709,0.2460000067949295,1.2915987968444824,3.8429906368255615,1.3407865762710571,4.22271728515625,0.04472951591014862,0.00559698510915041
-29.0939998626709,0.2460000067949295,1.3204840421676636,3.918226718902588,0.09812761098146439,0.025891166180372238,-0.05612492561340332,0.4797360599040985
-29.0939998626709,0.2460000067949295,1.254160761833191,0.5987755060195923,0.06713522225618362,0.03661322221159935,-0.17518174648284912,0.5146668553352356
-29.0939998626709,1.246000051498413,0.8861591219902039,2.2994840145111084,0.164434015750885,2.3016700744628906,0.02202853001654148,0.055435437709093094
-29.0939998626709,1.246000051498413,1.0692611932754517,3.9548726081848145,0.0880383625626564,0.0314798429608345,0.17914314568042755,0.4883041977882385
-29.0939998626709,1.246000051498413,1.116097331047058,0.8389783501625061,0.0917636901140213,0.06107143312692642,-0.07699105143547058,0.4562603831291199
-29.0939998626709,2.246000051498413,0.8786081075668335,1.8395729064941406,0.07330217957496643,1.9599695205688477,-0.004820296540856361,0.2630775272846222
-29.0939998626709,2.246000051498413,1.2480660676956177,3.6333186626434326,0.11973387002944946,0.01548849418759346,0.09007104486227036,0.34403666853904724
-29.0939998626709,2.246000051498413,1.197481632232666,0.35780027508735657,0.05987871438264847,0.024710483849048615,-0.0655466839671135,0.39288580417633057
-29.0939998626709,3.246000051498413,0.8324037790298462,0.10660093277692795,0.04745960608124733,1.943751335144043,0.07821705937385559,0.17456386983394623
-29.0939998626709,3.246000051498413,1.0318764448165894,3.682558298110962,0.10633724927902222,0.05991968512535095,0.1431281566619873,0.2413078397512436
-29.0939998626709,3.246000051498413,1.2554072141647339,0.64400315284729,0.1279030442237854,0.03769884631037712,-0.07680737972259521,0.5841283202171326
-29.0939998626709,4.245999813079834,0.7906660437583923,3.821972608566284,0.10256125032901764,1.368361473083496,0.08475560694932938,0.04362144321203232
-29.0939998626709,4.245999813079834,0.5574111938476562,2.2245209217071533,0.015310580842196941,2.130997657775879,0.25675755739212036,0.8308321237564087
-29.0939998626709,4.245999813079834,0.8764837384223938,0.980842113494873,0.061206795275211334,0.10355691611766815,0.01932745799422264,0.1255463808774948
-29.0939998626709,5.245999813079834,0.5065954327583313,3.3611643314361572,0.0591636523604393,1.0071096420288086,-0.005396371241658926,0.01295833382755518
-29.0939998626709,5.245999813079834,0.5428079962730408,2.086451768875122,0.022953258827328682,0.4019928574562073,-0.1126253679394722,0.9626529812812805
-29.0939998626709,5.245999813079834,0.5604422092437744,4.9626874923706055,0.03416877239942551,0.7986367344856262,0.08899898827075958,0.024388693273067474
-29.0939998626709,6.245999813079834,0.9234368205070496,2.660444974899292,0.2719385027885437,3.0970401763916016,0.24832458794116974,0.018857892602682114
-29.0939998626709,6.245999813079834,0.7649268507957458,3.232471227645874,0.06193294748663902,0.270693838596344,0.13096661865711212,0.7885963916778564
-29.0939998626709,6.245999813079834,0.7519891262054443,1.127732276916504,0.06895612180233002,0.10124826431274414,-0.28271162509918213,0.19254571199417114
-28.0939998626709,-0.7540000081062317,1.1798741817474365,2.233699321746826,0.8856009840965271,3.123237133026123,0.1292140632867813,0.04370742663741112
-28.0939998626709,-0.7540000081062317,1.098093867301941,3.930894136428833,0.09473002701997757,0.07999721169471741,-0.028120601549744606,0.71712327003479
-28.0939998626709,-0.7540000081062317,1.024413824081421,0.44424545764923096,0.07991950958967209,0.06670448929071426,-0.19040416181087494,0.23916931450366974
-28.0939998626709,0.2460000067949295,1.2064142227172852,3.859696388244629,0.6886991262435913,2.9980709552764893,0.04163966327905655,0.018518809229135513
-28.0939998626709,0.2460000067949295,1.2913422584533691,3.9776487350463867,0.12850473821163177,0.036238085478544235,-0.009106303565204144,0.5278823375701904
-28.0939998626709,0.2460000067949295,1.1547542810440063,0.6302111744880676,0.07569165527820587,0.06637462228536606,-0.12034513801336288,0.45359885692596436
-28.0939998626709,1.246000051498413,1.0516977310180664,2.8299152851104736,0.2692156732082367,2.7085766792297363,-0.009791387245059013,0.01697922684252262
-28.0939998626709,1.246000051498413,1.217892050743103,3.803208112716675,0.09487733244895935,0.02563006803393364,0.020869804546236992,0.3202551305294037
-28.0939998626709,1.246000051498413,1.157731056213379,0.7373171448707581,0.0732121616601944,0.039651431143283844,-0.0508023276925087,0.6627656817436218
-28.0939998626709,2.246000051498413,0.9012765884399414,1.8877925872802734,0.05405202507972717,1.673801302909851,-0.02370261587202549,0.24622415006160736
-28.0939998626709,2.246000051498413,1.1992942094802856,3.821425437927246,0.0792817622423172,0.032776542007923126,0.12683579325675964,0.38721054792404175
-28.0939998626709,2.246000051498413,1.2880359888076782,0.6381421685218811,0.06909817457199097,0.03386453539133072,-0.13564656674861908,0.3665652871131897
-28.0939998626709,3.246000051498413,0.9896717071533203,1.8975117206573486,0.12661442160606384,2.3319666385650635,0.020225312560796738,0.11963202804327011
-28.0939998626709,3.246000051498413,1.211289882659912,3.743546724319458,0.1133212149143219,0.029348917305469513,0.15885834395885468,0.3216102421283722
-28.0939998626709,3.246000051498413,1.252897024154663,0.5452666878700256,0.0957784429192543,0.030494043603539467,-0.043222080916166306,0.5587577819824219
-28.0939998626709,4.245999813079834,0.6048884391784668,5.739482879638672,0.019913744181394577,1.4268007278442383,0.04196217656135559,0.3148424029350281
-28.0939998626709,4.245999813079834,0.8269245028495789,3.222357749938965,0.10481178760528564,0.2319946438074112,0.23423834145069122,0.1667015552520752
-28.0939998626709,4.245999813079834,1.1398588418960571,0.6547003388404846,0.1571739912033081,0.02300616167485714,-0.142928808927536,0.5184560418128967
-28.0939998626709,5.245999813079834,0.5560899972915649,4.946850776672363,0.016784708946943283,1.0982117652893066,0.02000119350850582,0.6344806551933289
-28.0939998626709,5.245999813079834,0.7726430892944336,2.5751731395721436,0.08286897838115692,0.5447704792022705,-0.07554652541875839,0.17714431881904602
-28.0939998626709,5.245999813079834,0.9014863967895508,0.6029232144355774,0.07034184783697128,0.1350412666797638,-0.05459435656666756,0.18837499618530273
-28.0939998626709,6.245999813079834,0.8652653098106384,3.719226360321045,0.1407075673341751,1.6614679098129272,0.08560127764940262,0.01023291889578104
-28.0939998626709,6.245999813079834,0.8291972279548645,3.108765125274658,0.09275941550731659,0.3290080428123474,0.01837426796555519,0.057370129972696304
-28.0939998626709,6.245999813079834,0.8107089996337891,1.1210131645202637,0.03208055719733238,0.02458139881491661,-0.23577120900154114,0.9323970079421997
-27.0939998626709,-0.7540000081062317,1.1175909042358398,2.714270830154419,0.5958558320999146,2.6651647090911865,0.22389920055866241,0.0019077082397416234
-27.0939998626709,-0.7540000081062317,0.816271960735321,4.704711437225342,0.07763469964265823,0.4430365562438965,0.18094059824943542,0.9900085926055908
-27.0939998626709,-0.7540000081062317,0.6731213927268982,0.12124895304441452,0.10572078824043274,0.7267855405807495,-0.09774661809206009,0.008083682507276535
-27.0939998626709,0.2460000067949295,0.710013747215271,2.3716609477996826,0.03192255273461342,1.4582467079162598,0.08683667331933975,0.5704511404037476
-27.0939998626709,0.2460000067949295,1.0247615575790405,4.213210582733154,0.1920219361782074,0.13638469576835632,-0.04397187381982803,0.2986447811126709
-27.0939998626709,0.2460000067949295,1.0012701749801636,0.2081088125705719,0.11697150766849518,0.09284993261098862,0.12747374176979065,0.13090406358242035
-27.0939998626709,1.246000051498413,1.0619984865188599,2.8477208614349365,0.2354392409324646,2.3895630836486816,-0.07059761881828308,0.022828029468655586
-27.0939998626709,1.246000051498413,1.328648567199707,3.690333604812622,0.10930334031581879,0.03316415101289749,-0.028070764616131783,0.6100565195083618
-27.0939998626709,1.246000051498413,1.2178586721420288,0.4606427550315857,0.08394043892621994,0.044279150664806366,0.05918442830443382,0.36711543798446655
-27.0939998626709,2.246000051498413,1.1593198776245117,2.294809579849243,0.26364636421203613,2.1619112491607666,0.03866291791200638,0.06261222809553146
-27.0939998626709,2.246000051498413,1.1885197162628174,3.8730361461639404,0.06063657999038696,0.028409495949745178,0.09106532484292984,0.41346263885498047
-27.0939998626709,2.246000051498413,1.2708637714385986,0.7103243470191956,0.06075321510434151,0.02539251744747162,-0.12316209077835083,0.5239251255989075
-27.0939998626709,3.246000051498413,0.8863992691040039,1.7542177438735962,0.055343158543109894,1.7856781482696533,0.04897380247712135,0.1995052546262741
-27.0939998626709,3.246000051498413,1.158187747001648,3.694368600845337,0.1092296689748764,0.07922143489122391,0.15685610473155975,0.40764299035072327
-27.0939998626709,3.246000051498413,1.1086503267288208,0.42586785554885864,0.08636265248060226,0.06459283828735352,0.10676558315753937,0.39285174012184143
-27.0939998626709,4.245999813079834,0.7685104012489319,1.417264699935913,0.042671382427215576,2.258720636367798,0.05680607631802559,0.24079690873622894
-27.0939998626709,4.245999813079834,1.1798102855682373,3.752197265625,0.1415976583957672,0.03609045594930649,0.1355293095111847,0.27785801887512207
-27.0939998626709,4.245999813079834,1.1713588237762451,0.487437903881073,0.10143333673477173,0.04218553006649017,-0.0005270241526886821,0.4813450574874878
-27.0939998626709,5.245999813079834,0.79440838098526,1.4164655208587646,0.05030646547675133,1.385119080543518,0.03915143385529518,0.03279639780521393
-27.0939998626709,5.245999813079834,1.1178280115127563,3.5073704719543457,0.15223650634288788,0.08053388446569443,0.14023922383785248,0.25658443570137024
-27.0939998626709,5.245999813079834,1.1609166860580444,0.552498996257782,0.10432212799787521,0.08219344913959503,0.08276347070932388,0.7106192111968994
-27.0939998626709,6.245999813079834,0.6725221872329712,1.1449024677276611,0.05469106137752533,0.8365614414215088,-0.04535350948572159,0.045220959931612015
-27.0939998626709,6.245999813079834,0.9467686414718628,3.184666633605957,0.22900910675525665,0.2924387454986572,-0.03406047821044922,0.011060134507715702
-27.0939998626709,6.245999813079834,1.0635433197021484,0.5175282955169678,0.06084120273590088,0.030790388584136963,-0.07381632179021835,0.9437189102172852
-27.0939998626709,7.245999813079834,1.0655027627944946,1.7027175426483154,0.2737586796283722,0.7535830140113831,-0.011719688773155212,0.010473167523741722
-27.0939998626709,7.245999813079834,0.8438560962677002,2.8898584842681885,0.2492012083530426,10.45111083984375,-0.35880574584007263,0.0015350820031017065
-27.0939998626709,7.245999813079834,0.7723971605300903,0.6506280303001404,0.013103722594678402,0.05620061606168747,-0.21874219179153442,0.9879917502403259
-26.0939998626709,-0.7540000081062317,1.0029780864715576,5.409573078155518,0.18669742345809937,2.5658278465270996,0.27797025442123413,0.04353397712111473
-26.0939998626709,-0.7540000081062317,0.8541938066482544,3.8514108657836914,0.13004474341869354,0.6293295621871948,0.018334612250328064,0.24189209938049316
-26.0939998626709,-0.7540000081062317,0.6990916132926941,0.12394717335700989,0.05386154353618622,0.10188959538936615,-0.06515111029148102,0.7145739793777466
-26.0939998626709,0.2460000067949295,0.6994117498397827,5.564594745635986,0.045115288347005844,1.2377339601516724,0.02947874367237091,0.3007185161113739
-26.0939998626709,0.2460000067949295,0.682538628578186,4.286113739013672,0.054382629692554474,0.2588317096233368,-0.07024771720170975,0.40530845522880554
-26.0939998626709,0.2460000067949295,0.7184619903564453,5.027024269104004,0.04597144573926926,0.1741454303264618,0.2163623720407486,0.29397308826446533
-26.0939998626709,1.246000051498413,0.9991617202758789,2.526184320449829,0.167317733168602,2.1926283836364746,-0.09295954555273056,0.0400983951985836
-26.0939998626709,1.246000051498413,1.3509007692337036,3.5628347396850586,0.16757254302501678,0.045918624848127365,-0.05042749643325806,0.6294218301773071
-26.0939998626709,1.246000051498413,1.1981594562530518,0.3970694839954376,0.10159268975257874,0.06778471171855927,0.09258580207824707,0.3304797112941742
-26.0939998626709,2.246000051498413,1.1948747634887695,2.2417492866516113,0.5381462574005127,2.2262024879455566,0.027379317209124565,0.052072104066610336
-26.0939998626709,2.246000051498413,1.2442086935043335,3.8327910900115967,0.07755248248577118,0.03543933480978012,0.05746191740036011,0.5212385058403015
-26.0939998626709,2.246000051498413,1.2438530921936035,0.5071318745613098,0.07011163979768753,0.03414921835064888,-0.02301689423620701,0.42668935656547546
-26.0939998626709,3.246000051498413,1.1044204235076904,1.7521369457244873,0.24463926255702972,2.3019025325775146,0.03842506185173988,0.032930150628089905
-26.0939998626709,3.246000051498413,1.245476484298706,3.759714365005493,0.10936950147151947,0.09009896963834763,0.08210495114326477,0.42097052931785583
-26.0939998626709,3.246000051498413,1.158646821975708,0.5171814560890198,0.07763543725013733,0.07452106475830078,0.024424953386187553,0.5460992455482483
-26.0939998626709,4.245999813079834,0.8599073886871338,1.9067552089691162,0.06352169066667557,1.8864375352859497,0.09028633683919907,0.10415926575660706
-26.0939998626709,4.245999813079834,1.2107106447219849,3.7211997509002686,0.11951779574155807,0.03485674038529396,0.24395403265953064,0.36215952038764954
-26.0939998626709,4.245999813079834,1.142264485359192,0.4308968782424927,0.09081454575061798,0.09204764664173126,0.11078616231679916,0.5336812734603882
-26.0939998626709,5.245999813079834,0.859735369682312,1.55063796043396,0.08420831710100174,1.4028043746948242,0.0843248963356018,0.00984160602092743
-26.0939998626709,5.245999813079834,1.231694221496582,3.648409128189087,0.1408722847700119,0.035336386412382126,0.161097913980484,0.3037257492542267
-26.0939998626709,5.245999813079834,1.2389814853668213,0.475243479013443,0.11642558872699738,0.07410045713186264,0.2179291546344757,0.6864326596260071
-26.0939998626709,6.245999813079834,0.6670191287994385,5.4508256912231445,0.03472783416509628,1.1423476934432983,-0.009831655770540237,0.09584178030490875
-26.0939998626709,6.245999813079834,1.0239231586456299,3.344027280807495,0.17675520479679108,0.15570126473903656,-0.04254236817359924,0.07043659687042236
-26.0939998626709,6.245999813079834,1.2780344486236572,0.5832625031471252,0.12171077728271484,0.047791652381420135,-0.0493062399327755,0.8337216377258301
-26.0939998626709,7.245999813079834,0.9306126236915588,0.10018960386514664,0.13659359514713287,0.7589699029922485,0.02122793160378933,0.024083411321043968
-26.0939998626709,7.245999813079834,0.9208120107650757,2.9291839599609375,0.22306595742702484,3.3955867290496826,-0.31433987617492676,0.003654811531305313
-26.0939998626709,7.245999813079834,0.989253044128418,0.41264522075653076,0.031904201954603195,0.053183142095804214,-0.1677359640598297,0.9722617268562317
-25.0939998626709,0.2460000067949295,0.8594653010368347,4.92471981048584,0.1322460174560547,1.103624701499939,0.07207294553518295,0.21217986941337585
-25.0939998626709,0.2460000067949295,0.5899524688720703,4.06036376953125,0.05007525160908699,1.0787231922149658,-0.06263700872659683,0.6972239017486572
-25.0939998626709,0.2460000067949295,0.5379713177680969,4.446413040161133,0.027858398854732513,0.5950166583061218,0.14490722119808197,0.09059624373912811
-25.0939998626709,1.246000051498413,0.7309209108352661,2.412562131881714,0.031116576865315437,1.5920512676239014,0.03440914675593376,0.28982630372047424
-25.0939998626709,1.246000051498413,0.9677915573120117,3.502721071243286,0.14224112033843994,0.31743115186691284,-0.04880882427096367,0.4524032771587372
-25.0939998626709,1.246000051498413,0.8533321619033813,6.010998249053955,0.11242487281560898,0.2265881597995758,0.12024659663438797,0.2577704191207886
-25.0939998626709,2.246000051498413,1.1235442161560059,1.967659592628479,0.3706434667110443,2.2113466262817383,-0.016915978863835335,0.02764355204999447
-25.0939998626709,2.246000051498413,1.4108928442001343,3.797773838043213,0.12352780252695084,0.029505711048841476,0.06335722655057907,0.5766388773918152
-25.0939998626709,2.246000051498413,1.2641924619674683,0.4291638731956482,0.07433520257472992,0.03684529662132263,0.13618479669094086,0.3957176208496094
-25.0939998626709,3.246000051498413,1.1948344707489014,1.688410758972168,0.5684230923652649,2.171550989151001,0.02521071769297123,0.013680199161171913
-25.0939998626709,3.246000051498413,1.326535940170288,3.7802679538726807,0.12437049299478531,0.05026818439364433,0.06598874926567078,0.5173410773277283
-25.0939998626709,3.246000051498413,1.1979891061782837,0.4231531322002411,0.06292078644037247,0.047334689646959305,0.027665449306368828,0.46897873282432556
-25.0939998626709,4.245999813079834,0.9863971471786499,2.405491828918457,0.15747618675231934,1.7693781852722168,0.1222505271434784,0.030752282589673996
-25.0939998626709,4.245999813079834,1.2146427631378174,3.6620428562164307,0.12271670252084732,0.08730747550725937,0.13232915103435516,0.31679943203926086
-25.0939998626709,4.245999813079834,1.1175707578659058,0.457642525434494,0.07200964540243149,0.11651553213596344,-0.044632863253355026,0.6524482369422913
-25.0939998626709,5.245999813079834,0.9194901585578918,1.835449457168579,0.10516545921564102,1.9257009029388428,0.06062978133559227,0.06009528413414955
-25.0939998626709,5.245999813079834,1.2644230127334595,3.6842243671417236,0.1519988775253296,0.027616269886493683,-0.05769454315304756,0.3968876302242279
-25.0939998626709,5.245999813079834,1.2507009506225586,0.4747060537338257,0.13367116451263428,0.06408071517944336,0.0883508026599884,0.5430171489715576
-25.0939998626709,6.245999813079834,0.8936772346496582,1.3971842527389526,0.09492509067058563,2.0738723278045654,0.0021053312812000513,0.049446288496255875
-25.0939998626709,6.245999813079834,1.3228291273117065,3.694542646408081,0.20733526349067688,0.01770016923546791,-0.06730391085147858,0.21914729475975037
-25.0939998626709,6.245999813079834,1.267477035522461,0.4474877715110779,0.12571755051612854,0.04368992894887924,0.04933953285217285,0.7314064502716064
-25.0939998626709,7.245999813079834,0.7487910389900208,2.2349700927734375,0.05249045044183731,1.0298199653625488,0.008442969061434269,0.3868964612483978
-25.0939998626709,7.245999813079834,0.8725998401641846,3.5389609336853027,0.1571878045797348,0.10058525204658508,0.04744250699877739,0.06504266709089279
-25.0939998626709,7.245999813079834,1.00478196144104,0.6008497476577759,0.1436404287815094,0.28615882992744446,0.03548750653862953,0.5480608344078064
-25.0939998626709,8.246000289916992,0.6189439296722412,2.4496662616729736,0.01287035085260868,1.5474969148635864,-0.10904959589242935,0.38415440917015076
-25.0939998626709,8.246000289916992,0.790047824382782,3.965639114379883,0.04512430354952812,3.3984060287475586,-0.10823392122983932,0.10033611953258514
-25.0939998626709,8.246000289916992,0.8804570436477661,1.987808346748352,0.011742175556719303,0.21885867416858673,-0.18646104633808136,0.5155094861984253
-24.0939998626709,-0.7540000081062317,1.2063379287719727,5.1403350830078125,0.3630387783050537,0.9873268008232117,-0.011585111729800701,0.41112715005874634
-24.0939998626709,-0.7540000081062317,1.2734119892120361,3.055887460708618,0.15411999821662903,0.05810517817735672,-0.1797199845314026,0.39159807562828064
-24.0939998626709,-0.7540000081062317,1.3204541206359863,6.166743755340576,0.11262892931699753,0.026169896125793457,-0.1622908115386963,0.19727477431297302
-24.0939998626709,0.2460000067949295,0.8313531875610352,5.789499282836914,0.11965536326169968,0.6831786632537842,0.10293365269899368,0.2681155800819397
-24.0939998626709,0.2460000067949295,0.6047554016113281,3.6057419776916504,0.13343283534049988,1.8140896558761597,0.12283623963594437,0.44656336307525635
-24.0939998626709,0.2460000067949295,0.5548477172851562,4.786538124084473,0.04368472099304199,0.48985734581947327,0.12449085712432861,0.28532102704048157
-24.0939998626709,1.246000051498413,0.9048500657081604,2.6631386280059814,0.29492682218551636,1.919118046760559,0.022477328777313232,0.04233575612306595
-24.0939998626709,1.246000051498413,0.6262432336807251,2.7849771976470947,0.03106766752898693,0.5345510244369507,0.004216257017105818,0.7133297324180603
-24.0939998626709,1.246000051498413,0.5538568496704102,5.7607598304748535,0.03131360188126564,0.626497209072113,0.14096598327159882,0.24433448910713196
-24.0939998626709,2.246000051498413,1.0052766799926758,1.3666388988494873,0.18430368602275848,1.9164552688598633,-0.034226737916469574,0.07643799483776093
-24.0939998626709,2.246000051498413,1.4037643671035767,3.810730457305908,0.17479734122753143,0.035414062440395355,-0.0059446836821734905,0.5624163150787354
-24.0939998626709,2.246000051498413,1.2461687326431274,0.36350545287132263,0.09291111677885056,0.049778129905462265,0.12001003324985504,0.36114564538002014
-24.0939998626709,3.246000051498413,1.0264357328414917,2.1770832538604736,0.18301720917224884,1.9641368389129639,-0.06392170488834381,0.027587290853261948
-24.0939998626709,3.246000051498413,1.3224751949310303,3.682572364807129,0.10998371243476868,0.03710268437862396,0.09547872096300125,0.4271937906742096
-24.0939998626709,3.246000051498413,1.3119279146194458,0.3706364035606384,0.06298459321260452,0.0339222177863121,-0.00875294953584671,0.5452188849449158
-24.0939998626709,4.245999813079834,1.0198354721069336,2.1152615547180176,0.18426913022994995,1.7289589643478394,0.07671169936656952,0.040942274034023285
-24.0939998626709,4.245999813079834,1.2049366235733032,3.5701754093170166,0.1264103651046753,0.10668440908193588,0.08019716292619705,0.6446446776390076
-24.0939998626709,4.245999813079834,1.2825841903686523,0.26411932706832886,0.10448678582906723,0.07944994419813156,-0.034582268446683884,0.31441301107406616
-24.0939998626709,5.245999813079834,0.938743531703949,0.5739971995353699,0.10612288117408752,2.066655158996582,0.08608897775411606,0.05936696007847786
-24.0939998626709,5.245999813079834,1.2675256729125977,3.6196019649505615,0.13960584998130798,0.04729236662387848,-0.08464470505714417,0.33583804965019226
-24.0939998626709,5.245999813079834,1.2628625631332397,0.3402945101261139,0.120679572224617,0.06247677281498909,-0.009088326245546341,0.604794979095459
-24.0939998626709,6.245999813079834,0.8658551573753357,2.076399564743042,0.06670726835727692,1.9485807418823242,-0.040367335081100464,0.07477334141731262
-24.0939998626709,6.245999813079834,1.3274952173233032,3.6474854946136475,0.21523843705654144,0.019055351614952087,-0.06049889698624611,0.2150397151708603
-24.0939998626709,6.245999813079834,1.2197844982147217,0.4219702184200287,0.12595702707767487,0.04078398644924164,0.06840034574270248,0.7101869583129883
-24.0939998626709,7.245999813079834,0.9863298535346985,4.376782417297363,0.2132624089717865,1.4943289756774902,-0.011311735957860947,0.023703498765826225
-24.0939998626709,7.245999813079834,1.2408229112625122,3.5979413986206055,0.19950947165489197,0.02612287923693657,0.10416292399168015,0.07500890642404556
-24.0939998626709,7.245999813079834,1.0417671203613281,0.3589518666267395,0.08534847944974899,0.0675031989812851,0.25174590945243835,0.9012875556945801
-24.0939998626709,8.246000289916992,0.541122317314148,2.168236494064331,0.005791779607534409,0.4722279906272888,0.027157012373209,0.5946935415267944
-24.0939998626709,8.246000289916992,0.9548659920692444,4.102601051330566,0.3495914340019226,0.4795896112918854,-0.05980212613940239,0.01467462070286274
-24.0939998626709,8.246000289916992,1.1888341903686523,0.6924535036087036,0.11039222776889801,0.06683532893657684,0.10316836088895798,0.39063185453414917
-24.0939998626709,15.246000289916992,0.8311697244644165,3.250241279602051,0.04828491434454918,1.9787856340408325,-0.05492968484759331,0.23127886652946472
-24.0939998626709,15.246000289916992,0.9397983551025391,2.638396978378296,0.061262357980012894,0.024153517559170723,0.02427731081843376,0.7119674682617188
-24.0939998626709,15.246000289916992,1.0344041585922241,0.40221700072288513,0.1170482188463211,0.05193208158016205,-0.22878222167491913,0.05675368383526802
-24.0939998626709,16.246000289916992,1.1596304178237915,1.5793156623840332,1.5574331283569336,1.8230304718017578,0.12469711899757385,6.172451685415581e-05
-24.0939998626709,16.246000289916992,0.9464947581291199,2.9188380241394043,0.04458264261484146,0.052988454699516296,0.15943938493728638,0.9452353119850159
-24.0939998626709,16.246000289916992,0.9118446111679077,2.552309513092041,0.2257033884525299,0.4538730978965759,-0.08011327683925629,0.05470290407538414
-23.0939998626709,-0.7540000081062317,0.9665684103965759,4.602343559265137,0.18909357488155365,1.805427074432373,0.001814069808460772,0.09095461666584015
-23.0939998626709,-0.7540000081062317,1.3191187381744385,2.9516401290893555,0.11131586134433746,0.019353851675987244,0.05208733305335045,0.2290993332862854
-23.0939998626709,-0.7540000081062317,1.235738754272461,5.943481922149658,0.07549936324357986,0.023686153814196587,-0.09615498036146164,0.6799460053443909
-23.0939998626709,0.2460000067949295,0.927884042263031,0.4041294455528259,0.3897707462310791,0.9445086717605591,0.15750636160373688,0.09964344650506973
-23.0939998626709,0.2460000067949295,0.6805574297904968,3.5906786918640137,0.16106021404266357,1.6577847003936768,0.13907650113105774,0.5093508362770081
-23.0939998626709,0.2460000067949295,0.6364563703536987,5.057722568511963,0.05959717929363251,0.45763546228408813,0.07097197324037552,0.3910056948661804
-23.0939998626709,1.246000051498413,0.5873366594314575,3.7778706550598145,0.06203293427824974,1.131554126739502,-0.013595807366073132,0.09269315004348755
-23.0939998626709,1.246000051498413,0.590398907661438,2.27907395362854,0.023467201739549637,0.35377174615859985,-0.011179235763847828,0.8631498217582703
-23.0939998626709,1.246000051498413,0.6186063885688782,4.771439552307129,0.0210681464523077,1.032908320426941,0.0007556159980595112,0.0441569909453392
-23.0939998626709,2.246000051498413,0.7568459510803223,6.07254695892334,0.030030569061636925,1.2289021015167236,-0.02759641781449318,0.41619494557380676
-23.0939998626709,2.246000051498413,1.0820972919464111,3.4856626987457275,0.19313326478004456,0.21903088688850403,0.15046682953834534,0.4034598171710968
-23.0939998626709,2.246000051498413,1.0441358089447021,0.2756541669368744,0.12118023633956909,0.06177912652492523,-0.05483178794384003,0.18034519255161285
-23.0939998626709,3.246000051498413,0.8303861618041992,1.2760961055755615,0.09270763397216797,2.3531851768493652,-0.03371261805295944,0.12150044739246368
-23.0939998626709,3.246000051498413,1.3169732093811035,3.504162073135376,0.14795133471488953,0.04565436393022537,-0.16132640838623047,0.48683613538742065
-23.0939998626709,3.246000051498413,1.3489223718643188,0.299815833568573,0.13512545824050903,0.047424573451280594,0.05511550232768059,0.39166343212127686
-23.0939998626709,4.245999813079834,0.9572887420654297,0.45016586780548096,0.14859417080879211,1.422236680984497,0.0444871224462986,0.012714528478682041
-23.0939998626709,4.245999813079834,1.268118143081665,3.412548065185547,0.13906651735305786,0.09745229780673981,0.005316970404237509,0.4562210738658905
-23.0939998626709,4.245999813079834,1.3571585416793823,0.15965056419372559,0.1242016851902008,0.06857984513044357,-0.0003513556148391217,0.5310643911361694
-23.0939998626709,5.245999813079834,0.8790259957313538,5.420723915100098,0.06642911583185196,2.4108519554138184,0.08653835952281952,0.0603608675301075
-23.0939998626709,5.245999813079834,1.215772032737732,3.6266801357269287,0.12521792948246002,0.07001104950904846,-0.020036296918988228,0.5346604585647583
-23.0939998626709,5.245999813079834,1.3149346113204956,0.1608814299106598,0.1268821805715561,0.08286000788211823,-0.03128388151526451,0.40497857332229614
-23.0939998626709,6.245999813079834,0.7721306085586548,1.1868007183074951,0.046216536313295364,2.295602560043335,-0.0024886270985007286,0.12546773254871368
-23.0939998626709,6.245999813079834,1.3054087162017822,3.7380943298339844,0.13953787088394165,0.023487599566578865,-0.02589368261396885,0.3793175518512726
-23.0939998626709,6.245999813079834,1.2975908517837524,0.3666205108165741,0.12332487106323242,0.03649573773145676,0.023055044934153557,0.4952147603034973
-23.0939998626709,7.245999813079834,1.1804606914520264,2.6267588138580322,0.582273006439209,1.8137139081954956,0.027819477021694183,0.012179217301309109
-23.0939998626709,7.245999813079834,1.367781162261963,3.7401227951049805,0.12423589080572128,0.020650193095207214,0.023941677063703537,0.22206823527812958
-23.0939998626709,7.245999813079834,1.3308794498443604,0.3482770025730133,0.11036977916955948,0.03817243129014969,0.10630924999713898,0.7657525539398193
-23.0939998626709,8.246000289916992,0.9570972323417664,2.0787065029144287,0.03807130828499794,0.5717764496803284,0.08011024445295334,0.7060278654098511
-23.0939998626709,8.246000289916992,1.1190990209579468,3.4416425228118896,0.2529534101486206,0.3660751283168793,0.40798836946487427,0.017390500754117966
-23.0939998626709,8.246000289916992,1.4452565908432007,0.6439408659934998,0.1795821487903595,0.061388012021780014,0.20164598524570465,0.27658164501190186
-23.0939998626709,14.246000289916992,0.7527655959129333,0.2908068597316742,0.08260668069124222,1.917314052581787,0.00516153872013092,0.009331765584647655
-23.0939998626709,14.246000289916992,1.1305453777313232,2.426870107650757,0.11626672744750977,0.02719920501112938,0.10282322019338608,0.986299455165863
-23.0939998626709,14.246000289916992,1.086432695388794,5.482648849487305,0.2385454922914505,0.49397340416908264,0.10172852873802185,0.0043688202276825905
-23.0939998626709,15.246000289916992,0.7609702348709106,2.6358354091644287,0.05552053079009056,1.8269972801208496,-0.02694607712328434,0.041966162621974945
-23.0939998626709,15.246000289916992,0.9873984456062317,2.254786729812622,0.07256748527288437,0.054711878299713135,0.07840069383382797,0.9571312069892883
-23.0939998626709,15.246000289916992,1.0597543716430664,0.6552016735076904,0.2910194993019104,0.2203480303287506,-0.13176022469997406,0.0009026533225551248
-23.0939998626709,16.246000289916992,0.9011313319206238,0.8155810236930847,0.12836803495883942,1.8238904476165771,-0.012734920717775822,0.014354175888001919
-23.0939998626709,16.246000289916992,0.8737091422080994,2.1626393795013428,0.07016710937023163,0.17534077167510986,0.2306911200284958,0.9634301066398621
-23.0939998626709,16.246000289916992,0.9607654809951782,0.9053236842155457,0.21263736486434937,0.16931481659412384,-0.13642987608909607,0.022215763106942177
-23.0939998626709,17.246000289916992,1.0485162734985352,4.589540004730225,0.18061122298240662,1.1380574703216553,0.15350762009620667,0.05214779078960419
-23.0939998626709,17.246000289916992,0.9153662323951721,2.142634868621826,0.08965976536273956,0.10966280847787857,-0.09780478477478027,0.9475156664848328
-23.0939998626709,17.246000289916992,0.9593216776847839,5.1222381591796875,0.2223934382200241,3.1886184215545654,0.06932846456766129,0.0003365870798006654
-23.0939998626709,18.246000289916992,0.9469665884971619,2.2717411518096924,0.29687759280204773,2.670973062515259,0.08663910627365112,0.013518145307898521
-23.0939998626709,18.246000289916992,1.009045958518982,1.8412861824035645,0.07843790203332901,0.050293754786252975,0.035520125180482864,0.9727557897567749
-23.0939998626709,18.246000289916992,1.0659164190292358,0.493642657995224,0.20457910001277924,0.08923133462667465,0.02418205328285694,0.013726109638810158
-22.0939998626709,-10.753999710083008,1.0579862594604492,2.090449810028076,0.8992409706115723,0.9614206552505493,-0.10561764985322952,0.0005288418033160269
-22.0939998626709,-10.753999710083008,0.6223336458206177,3.554319143295288,0.004887949209660292,0.10287369042634964,0.3991493284702301,0.9819390177726746
-22.0939998626709,-10.753999710083008,0.5298513770103455,5.041824817657471,0.009972200728952885,2.348825216293335,0.30937543511390686,0.017532143741846085
-22.0939998626709,-9.753999710083008,0.5456944704055786,5.917597770690918,0.037764374166727066,3.107487678527832,0.0018719939980655909,0.006234702188521624
-22.0939998626709,-9.753999710083008,0.9804564714431763,2.8946831226348877,0.09008840471506119,0.023976068943738937,0.12505999207496643,0.9936448335647583
-22.0939998626709,-9.753999710083008,0.9378708600997925,6.046763896942139,0.2530403137207031,0.9664956331253052,-0.10972915589809418,0.0001204190994030796
-22.0939998626709,-7.754000186920166,0.7183785438537598,1.4933282136917114,0.08948851376771927,2.0258660316467285,0.07175356894731522,0.022809341549873352
-22.0939998626709,-7.754000186920166,0.7755792140960693,3.0099053382873535,0.021236443892121315,0.023801252245903015,0.023242732509970665,0.9748534560203552
-22.0939998626709,-7.754000186920166,0.8334053158760071,5.730485916137695,0.07696250826120377,0.7097177505493164,-0.06529049575328827,0.002337241778150201
-22.0939998626709,-6.754000186920166,0.6844221353530884,1.7809284925460815,0.09527817368507385,4.143146991729736,0.27104902267456055,0.001692480524070561
-22.0939998626709,-6.754000186920166,0.8077651262283325,3.591061592102051,0.07958678901195526,0.11133462190628052,-0.11710023134946823,0.9982680082321167
-22.0939998626709,-6.754000186920166,0.8256736993789673,5.674708366394043,0.4119458496570587,1.6223115921020508,0.1656568944454193,3.952805491280742e-05
-22.0939998626709,-5.754000186920166,0.6118601560592651,2.879354238510132,0.024456581100821495,1.5761749744415283,0.10440298169851303,0.5543355345726013
-22.0939998626709,-5.754000186920166,0.8047774434089661,3.4588634967803955,0.10635656863451004,0.37623658776283264,0.3266667425632477,0.4332616925239563
-22.0939998626709,-5.754000186920166,0.8540988564491272,0.6777424216270447,0.12618094682693481,0.48941758275032043,0.05369551107287407,0.012402773834764957
-22.0939998626709,-0.7540000081062317,0.647953450679779,4.254807472229004,0.046421367675065994,1.22080659866333,0.012138203717768192,0.21585850417613983
-22.0939998626709,-0.7540000081062317,1.1154985427856445,2.5883803367614746,0.16480331122875214,0.03775889798998833,0.24909022450447083,0.12497960031032562
-22.0939998626709,-0.7540000081062317,1.1406844854354858,5.687431335449219,0.0966629832983017,0.029456986114382744,-0.019223840907216072,0.6591619253158569
-22.0939998626709,0.2460000067949295,1.0029734373092651,1.511188268661499,0.12623026967048645,0.8701488971710205,0.03442661091685295,0.2585012912750244
-22.0939998626709,0.2460000067949295,0.7394741773605347,3.0896880626678467,0.20129352807998657,3.1046347618103027,0.3350723087787628,0.11040625721216202
-22.0939998626709,0.2460000067949295,0.7157645225524902,5.536285400390625,0.05555906519293785,0.21940024197101593,0.12575437128543854,0.6310924291610718
-22.0939998626709,1.246000051498413,0.7295174598693848,6.015799045562744,0.04230333864688873,0.5436590909957886,-0.0845809131860733,0.15558552742004395
-22.0939998626709,1.246000051498413,0.6103556156158447,1.9104138612747192,0.16143693029880524,4.872665882110596,0.2148032784461975,0.0024940362200140953
-22.0939998626709,1.246000051498413,0.6583940386772156,5.767703056335449,0.015003010630607605,0.1740850955247879,-0.0131157785654068,0.8419204354286194
-22.0939998626709,2.246000051498413,0.4268420338630676,3.1934845447540283,0.05248395726084709,1.0594537258148193,-0.1318514049053192,0.05107106640934944
-22.0939998626709,2.246000051498413,0.5839760303497314,2.124629497528076,0.022278038784861565,0.40655919909477234,-0.03263134881854057,0.9411623477935791
-22.0939998626709,2.246000051498413,0.5548059344291687,0.16106221079826355,0.054591767489910126,3.390596389770508,-0.07906204462051392,0.007766651920974255
-22.0939998626709,3.246000051498413,0.8694547414779663,1.151436448097229,0.09513746201992035,2.8244168758392334,0.02886938489973545,0.11010783165693283
-22.0939998626709,3.246000051498413,1.2679029703140259,3.449615716934204,0.17951220273971558,0.0888662114739418,-0.06145438551902771,0.4459581673145294
-22.0939998626709,3.246000051498413,1.2953319549560547,0.23852300643920898,0.13483119010925293,0.05386458709836006,0.11478381603956223,0.44393399357795715
-22.0939998626709,4.245999813079834,0.9642204642295837,0.0993160828948021,0.13717514276504517,1.3839620351791382,0.024394677951931953,0.011936666443943977
-22.0939998626709,4.245999813079834,1.333882451057434,3.385213613510132,0.1713179349899292,0.10300570726394653,0.008978008292615414,0.40026527643203735
-22.0939998626709,4.245999813079834,1.303451657295227,0.13566406071186066,0.09655527770519257,0.06835976988077164,-0.006844847463071346,0.5877980589866638
-22.0939998626709,5.245999813079834,0.8429344892501831,5.655866622924805,0.04984678700566292,2.1948232650756836,0.10326889902353287,0.04728751257061958
-22.0939998626709,5.245999813079834,1.1743886470794678,3.696786403656006,0.10505454242229462,0.17006894946098328,-0.0319717675447464,0.5990498065948486
-22.0939998626709,5.245999813079834,1.2724453210830688,0.2708325684070587,0.10488153249025345,0.0996151939034462,-0.04141513630747795,0.3536626398563385
-22.0939998626709,6.245999813079834,0.7603358030319214,0.4339800775051117,0.055460374802351,2.5436692237854004,0.04029570519924164,0.06094888597726822
-22.0939998626709,6.245999813079834,1.2318217754364014,3.7761244773864746,0.10668428242206573,0.04501304775476456,0.018504247069358826,0.5913845300674438
-22.0939998626709,6.245999813079834,1.29411780834198,0.3510374128818512,0.11976712942123413,0.05338795855641365,-0.10598098486661911,0.34766659140586853
-22.0939998626709,7.245999813079834,0.9172355532646179,1.8443453311920166,0.0822940394282341,1.3013027906417847,0.041921041905879974,0.041612666100263596
-22.0939998626709,7.245999813079834,1.303930401802063,3.846595287322998,0.09364047646522522,0.02283068746328354,-0.048813559114933014,0.28194063901901245
-22.0939998626709,7.245999813079834,1.5008888244628906,0.43611201643943787,0.21818462014198303,0.035912949591875076,0.07177680730819702,0.6764466762542725
-22.0939998626709,8.246000289916992,1.184431791305542,0.6804361343383789,0.15143842995166779,0.8050985932350159,0.10724183917045593,0.07194582372903824
-22.0939998626709,8.246000289916992,1.2778491973876953,3.2796034812927246,0.13464811444282532,0.07442684471607208,0.4742721617221832,0.07156316190958023
-22.0939998626709,8.246000289916992,1.3692656755447388,0.539516806602478,0.106972835958004,0.11185704171657562,0.15960730612277985,0.856490969657898
-22.0939998626709,9.246000289916992,0.6439415216445923,1.4215202331542969,0.00265660067088902,0.26709288358688354,-0.15892373025417328,0.9919324517250061
-22.0939998626709,9.246000289916992,0.9905701875686646,2.415020227432251,0.3715744614601135,0.2234342098236084,0.2873779535293579,0.00040740688564255834
-22.0939998626709,9.246000289916992,0.8426068425178528,5.833007335662842,0.07561368495225906,0.10346979647874832,0.1260555237531662,0.007660192437469959
-22.0939998626709,13.246000289916992,0.9097753763198853,1.7875856161117554,0.13358642160892487,1.8831596374511719,-0.0028791800141334534,0.023725170642137527
-22.0939998626709,13.246000289916992,1.0848464965820312,2.4731850624084473,0.09463970363140106,0.0543244294822216,0.09324299544095993,0.9687294363975525
-22.0939998626709,13.246000289916992,1.043699860572815,5.750089168548584,0.1591643989086151,0.2534677982330322,-0.01026865839958191,0.007545345928519964
-22.0939998626709,14.246000289916992,1.03364896774292,4.495732307434082,0.25760000944137573,2.8789007663726807,0.04558263719081879,0.0023518612142652273
-22.0939998626709,14.246000289916992,1.144585132598877,2.366502285003662,0.04862869530916214,0.0271042138338089,0.09127692878246307,0.9973904490470886
-22.0939998626709,14.246000289916992,1.0070786476135254,5.274860382080078,0.14998966455459595,1.532718300819397,0.013586463406682014,0.000257749343290925
-22.0939998626709,15.246000289916992,0.9301981925964355,1.6000361442565918,0.16535581648349762,1.5643470287322998,-0.03942510113120079,0.0038507774006575346
-22.0939998626709,15.246000289916992,1.1578333377838135,2.340449810028076,0.05849269777536392,0.07739035040140152,0.038666982203722,0.9952225089073181
-22.0939998626709,15.246000289916992,1.2681255340576172,0.6660640239715576,0.34639206528663635,0.21803687512874603,-0.02948802337050438,0.0009267204441130161
-22.0939998626709,16.246000289916992,0.8952166438102722,0.7555064558982849,0.19321931898593903,2.0203206539154053,-0.019856518134474754,0.00914398767054081
-22.0939998626709,16.246000289916992,1.1600654125213623,2.0994982719421387,0.10147978365421295,0.026380380615592003,-0.14657451212406158,0.9868282079696655
-22.0939998626709,16.246000289916992,1.184807300567627,5.612671375274658,0.384084552526474,0.5636060237884521,-0.009900645352900028,0.004027863498777151
-22.0939998626709,17.246000289916992,0.7698047161102295,0.28117209672927856,0.0381603017449379,1.7224267721176147,0.1062224730849266,0.018256129696965218
-22.0939998626709,17.246000289916992,1.1058748960494995,1.9574916362762451,0.08829502016305923,0.03055690973997116,0.08232279866933823,0.9817341566085815
-22.0939998626709,17.246000289916992,0.8861470222473145,5.966358184814453,0.3403995931148529,6.093417644500732,-0.006252656225115061,9.670349754742347e-06
-22.0939998626709,18.246000289916992,1.0097293853759766,2.884289026260376,0.3712535798549652,2.348665714263916,0.13748444616794586,0.00830785557627678
-22.0939998626709,18.246000289916992,0.9374096989631653,1.7442636489868164,0.05743664130568504,0.10025791823863983,0.38970422744750977,0.9445617198944092
-22.0939998626709,18.246000289916992,0.9891407489776611,1.3310823440551758,0.21098923683166504,0.06384754180908203,-0.03832795098423958,0.047130391001701355
-21.0939998626709,-10.753999710083008,0.9003453850746155,0.08556320518255234,0.6944754719734192,1.530285358428955,-0.04982953891158104,0.0008661121246404946
-21.0939998626709,-10.753999710083008,0.6471570730209351,3.8529415130615234,0.007304739207029343,0.10584031045436859,-0.14655931293964386,0.9929452538490295
-21.0939998626709,-10.753999710083008,0.5888891220092773,4.271749496459961,0.008883858099579811,2.2537355422973633,0.22937937080860138,0.006188638042658567
-21.0939998626709,-9.753999710083008,0.8889482021331787,1.8946863412857056,0.07537367939949036,1.6861909627914429,-0.017953161150217056,0.02907092124223709
-21.0939998626709,-9.753999710083008,1.1328140497207642,3.1575911045074463,0.1391931027173996,0.11142193526029587,0.14808735251426697,0.970711350440979
-21.0939998626709,-9.753999710083008,0.9354662299156189,6.192422389984131,0.17663174867630005,0.3831237554550171,-0.21863426268100739,0.00021765772544313222
-21.0939998626709,-6.754000186920166,0.8747199177742004,0.5801671743392944,0.4426176846027374,2.382491111755371,0.21708248555660248,0.00771006615832448
-21.0939998626709,-6.754000186920166,0.956734836101532,3.650404691696167,0.0764971524477005,0.03826763853430748,-0.2797866761684418,0.9917336702346802
-21.0939998626709,-6.754000186920166,0.9125416874885559,5.430144786834717,0.2716255187988281,0.6977383494377136,0.23727388679981232,0.0005562299047596753
-21.0939998626709,-5.754000186920166,0.6500897407531738,4.080490589141846,0.059084683656692505,1.4938113689422607,-0.03207856044173241,0.06292450428009033
-21.0939998626709,-5.754000186920166,1.0500668287277222,3.5986101627349854,0.09604696929454803,0.03694601729512215,0.20596851408481598,0.9197500348091125
-21.0939998626709,-5.754000186920166,0.9485310912132263,0.3009932041168213,0.10933133214712143,0.4464144706726074,-0.07153452187776566,0.01732540875673294
-21.0939998626709,-4.754000186920166,0.8724082112312317,3.612405776977539,0.16602395474910736,2.5686163902282715,-0.024355899542570114,0.010405812412500381
-21.0939998626709,-4.754000186920166,0.9505568742752075,3.709409236907959,0.0339793898165226,0.008894662372767925,0.3946872353553772,0.9832999110221863
-21.0939998626709,-4.754000186920166,1.0756994485855103,1.2024108171463013,0.2506672739982605,0.1443631947040558,0.02945736050605774,0.0062942830845713615
-21.0939998626709,-1.753999948501587,0.8730983138084412,3.4348864555358887,0.05586628243327141,1.1283091306686401,-0.11808189004659653,0.05179057642817497
-21.0939998626709,-1.753999948501587,0.7478103637695312,1.2808551788330078,0.10239903628826141,0.48656556010246277,0.4137253761291504,0.8851012587547302
-21.0939998626709,-1.753999948501587,0.7986918687820435,4.068988800048828,0.1573626548051834,0.2977122962474823,0.3009190261363983,0.06310813128948212
-21.0939998626709,-0.7540000081062317,0.9372568726539612,0.07132818549871445,0.16787433624267578,1.6841309070587158,0.057837434113025665,0.06549390405416489
-21.0939998626709,-0.7540000081062317,1.05056631565094,3.03033709526062,0.07867208868265152,0.07553956657648087,0.020328326150774956,0.7056393623352051
-21.0939998626709,-0.7540000081062317,1.1968308687210083,6.1569504737854,0.09902988374233246,0.02900368720293045,-0.12511806190013885,0.22886677086353302
-21.0939998626709,1.246000051498413,0.6683399677276611,5.933610916137695,0.060383494943380356,0.7852296829223633,-0.046900104731321335,0.48398634791374207
-21.0939998626709,1.246000051498413,0.6104030609130859,2.66772198677063,0.13185159862041473,0.46290361881256104,0.10315708816051483,0.04443562030792236
-21.0939998626709,1.246000051498413,0.7013068199157715,5.66111421585083,0.040795307606458664,0.2440948337316513,-0.1012667790055275,0.4715779721736908
-21.0939998626709,2.246000051498413,0.5040737390518188,5.731873512268066,0.04788918420672417,1.6195068359375,-0.18258708715438843,0.1862381249666214
-21.0939998626709,2.246000051498413,0.5859116911888123,3.536017894744873,0.024160578846931458,0.37117189168930054,0.1540621966123581,0.4771248698234558
-21.0939998626709,2.246000051498413,0.6186125874519348,6.268824577331543,0.018413910642266273,0.19175581634044647,-0.005634017288684845,0.336637020111084
-21.0939998626709,3.246000051498413,0.8312414288520813,2.3185384273529053,0.05638403072953224,2.1090245246887207,-0.030983859673142433,0.14916960895061493
-21.0939998626709,3.246000051498413,1.2029205560684204,3.3000874519348145,0.12996254861354828,0.08793924003839493,0.04401577636599541,0.46628090739250183
-21.0939998626709,3.246000051498413,1.2282602787017822,0.2725940942764282,0.09762845933437347,0.08224163204431534,0.03343594819307327,0.38454946875572205
-21.0939998626709,4.245999813079834,0.8906428813934326,2.6151647567749023,0.050681665539741516,1.3211429119110107,0.02438938245177269,0.12479797750711441
-21.0939998626709,4.245999813079834,1.1726206541061401,3.376502275466919,0.09215592592954636,0.09328071773052216,0.15596464276313782,0.29302215576171875
-21.0939998626709,4.245999813079834,1.1858850717544556,0.1534803807735443,0.07693016529083252,0.04903753846883774,0.14582054316997528,0.582179844379425
-21.0939998626709,5.245999813079834,0.9097257852554321,1.7908841371536255,0.05948803946375847,1.3844833374023438,0.011144647374749184,0.0846586674451828
-21.0939998626709,5.245999813079834,1.113385558128357,3.3735711574554443,0.11271768808364868,0.20036035776138306,0.1992253065109253,0.5276806950569153
-21.0939998626709,5.245999813079834,1.1860343217849731,0.20781347155570984,0.10341869294643402,0.09533049911260605,0.004082114435732365,0.3876606225967407
-21.0939998626709,6.245999813079834,0.8405461311340332,1.1722944974899292,0.07314734905958176,2.111149787902832,0.045841533690690994,0.08942312002182007
-21.0939998626709,6.245999813079834,1.1591229438781738,3.772665023803711,0.12870222330093384,0.07897225767374039,0.09393811970949173,0.568370521068573
-21.0939998626709,6.245999813079834,1.2025749683380127,0.4638740122318268,0.11759203672409058,0.0911591649055481,-0.1159449964761734,0.3422064185142517
-21.0939998626709,7.245999813079834,0.9190562963485718,3.066493511199951,0.0942901149392128,1.9016354084014893,0.03802996873855591,0.06653806567192078
-21.0939998626709,7.245999813079834,1.2375108003616333,3.9127755165100098,0.09907440096139908,0.02632972225546837,0.017938148230314255,0.5351896286010742
-21.0939998626709,7.245999813079834,1.2966228723526,0.5547211766242981,0.1221298798918724,0.062002118676900864,0.04510601982474327,0.398272305727005
-21.0939998626709,8.246000289916992,1.1078312397003174,2.1846561431884766,0.25088661909103394,1.7900489568710327,0.13407476246356964,0.07593583315610886
-21.0939998626709,8.246000289916992,1.2363466024398804,3.740729808807373,0.11702592670917511,0.01775573194026947,0.3054794371128082,0.276650607585907
-21.0939998626709,8.246000289916992,1.2800544500350952,0.5456574559211731,0.10926569253206253,0.060949668288230896,0.08310964703559875,0.6474134922027588
-21.0939998626709,9.246000289916992,1.0224665403366089,0.8181190490722656,0.0748140811920166,1.0332250595092773,0.0630393698811531,0.33391013741493225
-21.0939998626709,9.246000289916992,1.171605110168457,3.452211856842041,0.15135012567043304,0.06243741512298584,0.12140246480703354,0.08755858242511749
-21.0939998626709,9.246000289916992,1.0836244821548462,0.39413297176361084,0.05622602626681328,0.028284113854169846,-0.030595259740948677,0.5785312652587891
-21.0939998626709,12.246000289916992,0.7520047426223755,6.146008014678955,0.023317083716392517,1.0708441734313965,-0.05146868899464607,0.44158226251602173
-21.0939998626709,12.246000289916992,1.0214316844940186,2.484697103500366,0.13203783333301544,0.06606875360012054,0.23381774127483368,0.4622073769569397
-21.0939998626709,12.246000289916992,1.137359380722046,5.699647426605225,0.11180616915225983,0.07858689874410629,-0.04083271697163582,0.09621044993400574
-21.0939998626709,13.246000289916992,0.9573940634727478,0.6096396446228027,0.1757340133190155,2.1092827320098877,0.1773098111152649,0.002064518630504608
-21.0939998626709,13.246000289916992,1.2504761219024658,2.3463401794433594,0.11080809682607651,0.04740636423230171,0.14753103256225586,0.997368335723877
-21.0939998626709,13.246000289916992,1.0157631635665894,6.078365325927734,0.14912545680999756,0.29752999544143677,-0.13181671500205994,0.0005671055405400693
-21.0939998626709,14.246000289916992,1.1670788526535034,6.2049479484558105,0.6744269132614136,1.7619999647140503,0.09628825634717941,0.003200362203642726
-21.0939998626709,14.246000289916992,1.1074694395065308,2.4287197589874268,0.056937895715236664,0.031963519752025604,0.2000865787267685,0.9937333464622498
-21.0939998626709,14.246000289916992,0.8821210265159607,4.280740737915039,0.11749350279569626,1.7115519046783447,0.14430120587348938,0.0030662664212286472
-21.0939998626709,15.246000289916992,1.0867977142333984,1.1267058849334717,1.3430567979812622,2.356783151626587,0.05085883289575577,0.007083180360496044
-21.0939998626709,15.246000289916992,1.110918641090393,2.1566081047058105,0.08493731170892715,0.04252178594470024,-0.10227399319410324,0.9771685600280762
-21.0939998626709,15.246000289916992,1.1005518436431885,6.09960412979126,0.18871739506721497,0.1745578795671463,-0.02197023294866085,0.015748312696814537
-21.0939998626709,16.246000289916992,0.7227501273155212,5.5094122886657715,0.10920946300029755,2.9434754848480225,0.02242831513285637,0.03945161774754524
-21.0939998626709,16.246000289916992,0.9667637944221497,2.2100908756256104,0.09550786018371582,0.0404474176466465,-0.0536615252494812,0.8521497249603271
-21.0939998626709,16.246000289916992,0.9730954766273499,5.697880268096924,0.12668392062187195,0.11087506264448166,-0.04058409854769707,0.1083986684679985
-21.0939998626709,17.246000289916992,0.7155609726905823,0.12809954583644867,0.02466190978884697,1.7400765419006348,-0.01628076657652855,0.004820985719561577
-21.0939998626709,17.246000289916992,1.0760234594345093,2.2482635974884033,0.07857998460531235,0.11368285864591599,0.24511782824993134,0.995165228843689
-21.0939998626709,17.246000289916992,1.0529332160949707,4.23873233795166,0.31714770197868347,1.694029450416565,0.09760313481092453,1.3767904420092236e-05
-20.0939998626709,-10.753999710083008,0.5585024952888489,3.703798294067383,0.12237545102834702,0.7250221967697144,0.053583383560180664,0.00875360518693924
-20.0939998626709,-10.753999710083008,0.47518956661224365,3.0335888862609863,0.09763241559267044,2.5746452808380127,-0.3372466564178467,0.008549886755645275
-20.0939998626709,-10.753999710083008,0.6023316979408264,4.377669811248779,0.009325901046395302,0.18516558408737183,0.071668840944767,0.982696533203125
-20.0939998626709,-9.753999710083008,0.9804349541664124,2.7042105197906494,0.03850880637764931,0.8423565030097961,-0.0866970419883728,0.1055963858962059
-20.0939998626709,-9.753999710083008,0.9809321165084839,3.377854585647583,0.08924761414527893,0.3531268537044525,0.19045324623584747,0.8933996558189392
-20.0939998626709,-9.753999710083008,0.840811550617218,4.526523113250732,0.0943182185292244,0.18081055581569672,-0.015401377342641354,0.001004018820822239
-20.0939998626709,-8.753999710083008,0.6916608810424805,3.1631734371185303,0.02409762516617775,0.6889967322349548,-0.309130996465683,0.05142083019018173
-20.0939998626709,-8.753999710083008,0.6614068150520325,2.02004075050354,0.03134821727871895,0.17061030864715576,-0.16299475729465485,0.9240509867668152
-20.0939998626709,-8.753999710083008,0.8020358085632324,3.5478830337524414,0.06156178191304207,0.5757606029510498,0.032668981701135635,0.024528231471776962
-20.0939998626709,-6.754000186920166,1.1617653369903564,5.597121238708496,1.2445495128631592,2.1252596378326416,0.06521883606910706,0.08219964057207108
-20.0939998626709,-6.754000186920166,1.0578558444976807,3.741736650466919,0.07723573595285416,0.16530445218086243,-0.23376217484474182,0.25512510538101196
-20.0939998626709,-6.754000186920166,1.0762155055999756,5.715796947479248,0.058216363191604614,0.14826978743076324,0.08320395648479462,0.6626752614974976
-20.0939998626709,-5.754000186920166,0.7287654876708984,2.479048252105713,0.1472409963607788,1.279453158378601,-0.006839401088654995,0.018589137122035027
-20.0939998626709,-5.754000186920166,1.1819220781326294,3.361480951309204,0.12165046483278275,0.03728536143898964,0.10415016859769821,0.9741655588150024
-20.0939998626709,-5.754000186920166,1.0022779703140259,0.0069493502378463745,0.16327355802059174,0.6895321011543274,-0.05639279633760452,0.007245350629091263
-20.0939998626709,-4.754000186920166,0.8376186490058899,2.444729804992676,0.08268669992685318,3.9130735397338867,0.17249436676502228,0.0522514283657074
-20.0939998626709,-4.754000186920166,0.9695769548416138,3.6401939392089844,0.10537774115800858,0.04089777544140816,-0.04918896406888962,0.8977481126785278
-20.0939998626709,-4.754000186920166,0.7967626452445984,0.59993976354599,0.09079090505838394,0.16913942992687225,0.02300308644771576,0.05000050365924835
-20.0939998626709,-3.753999948501587,1.0503203868865967,2.5647878646850586,0.29769256711006165,3.4615728855133057,0.2348230481147766,0.0034562305081635714
-20.0939998626709,-3.753999948501587,0.9063600301742554,4.058365821838379,0.027765685692429543,0.007216439116746187,-0.07607228308916092,0.48622968792915344
-20.0939998626709,-3.753999948501587,0.8431453108787537,0.6168801188468933,0.052446555346250534,0.18187332153320312,-0.10112602263689041,0.5103140473365784
-20.0939998626709,-2.753999948501587,0.8227728605270386,0.8487194776535034,0.0656362995505333,3.098493814468384,0.06613851338624954,0.03892369568347931
-20.0939998626709,-2.753999948501587,1.1495821475982666,3.8558900356292725,0.07330591976642609,0.023656513541936874,0.01670967787504196,0.5546248555183411
-20.0939998626709,-2.753999948501587,0.9406031966209412,0.9738572835922241,0.05147092416882515,0.04667096212506294,-0.24187281727790833,0.4064514636993408
-20.0939998626709,-1.753999948501587,1.4065371751785278,4.343788146972656,0.3456428349018097,0.7474880814552307,-0.20898154377937317,0.008102817460894585
-20.0939998626709,-1.753999948501587,1.0896228551864624,1.4014055728912354,0.004017974715679884,0.028235455974936485,-0.37261345982551575,0.9918638467788696
-20.0939998626709,-1.753999948501587,0.7613848447799683,1.7870674133300781,0.03847799450159073,30.10811424255371,0.6180514693260193,3.337513408041559e-05
-20.0939998626709,-0.7540000081062317,0.97810959815979,4.772076606750488,0.11992846429347992,0.6915188431739807,0.09609983116388321,0.09668838232755661
-20.0939998626709,-0.7540000081062317,1.1983999013900757,2.9138004779815674,0.11174023896455765,0.09135380387306213,-0.06531944870948792,0.429527223110199
-20.0939998626709,-0.7540000081062317,1.100901484489441,6.266872882843018,0.08291832357645035,0.05350886657834053,-0.21923589706420898,0.4737844169139862
-20.0939998626709,0.2460000067949295,0.6098418831825256,0.3992883861064911,0.11667698621749878,1.4164044857025146,-0.20182231068611145,0.004956910852342844
-20.0939998626709,0.2460000067949295,0.6780183911323547,3.7858989238739014,0.02260923571884632,0.2574208378791809,-0.2021590620279312,0.9894309043884277
-20.0939998626709,0.2460000067949295,0.5716973543167114,4.707867622375488,0.01061272993683815,7.954092502593994,0.023319760337471962,0.0056121028028428555
-20.0939998626709,1.246000051498413,0.8007044792175293,4.8525190353393555,0.26900601387023926,1.4525209665298462,-0.14970475435256958,0.039478179067373276
-20.0939998626709,1.246000051498413,0.5847710967063904,2.9107744693756104,0.04330483078956604,0.1635536253452301,0.29258599877357483,0.6086011528968811
-20.0939998626709,1.246000051498413,0.6474516987800598,5.539388179779053,0.020696593448519707,0.572638988494873,0.0419013611972332,0.3519207537174225
-20.0939998626709,2.246000051498413,0.691435694694519,5.736261367797852,0.13645070791244507,3.5390913486480713,0.041376806795597076,0.2750663459300995
-20.0939998626709,2.246000051498413,0.6631014347076416,2.9970011711120605,0.02764442376792431,0.20589442551136017,-0.18194334208965302,0.6975971460342407
-20.0939998626709,2.246000051498413,0.6829678416252136,6.0155510902404785,0.025450775399804115,0.309062659740448,0.08573996275663376,0.027336452156305313
-20.0939998626709,3.246000051498413,0.8111814856529236,1.4536446332931519,0.05179140716791153,2.6358704566955566,-0.03713430091738701,0.0685817152261734
-20.0939998626709,3.246000051498413,1.2170087099075317,3.1453449726104736,0.10450293123722076,0.07258743792772293,0.0834328830242157,0.3820805549621582
-20.0939998626709,3.246000051498413,1.2196778059005737,6.228203773498535,0.08662291616201401,0.032505009323358536,0.10543141514062881,0.5493377447128296
-20.0939998626709,4.245999813079834,0.8337964415550232,1.7549164295196533,0.039074040949344635,2.3616600036621094,-0.0022364147007465363,0.07337617129087448
-20.0939998626709,4.245999813079834,1.1113797426223755,3.2399609088897705,0.0791080966591835,0.08686307072639465,0.1991303414106369,0.4874553978443146
-20.0939998626709,4.245999813079834,1.2289451360702515,0.08105848729610443,0.10336362570524216,0.07493261247873306,0.23726767301559448,0.43916839361190796
-20.0939998626709,5.245999813079834,0.8343896269798279,0.3064913749694824,0.04745209217071533,1.2182413339614868,-0.016762470826506615,0.17945004999637604
-20.0939998626709,5.245999813079834,1.0718072652816772,3.2262752056121826,0.11780449002981186,0.13188716769218445,0.3022155463695526,0.5133768320083618
-20.0939998626709,5.245999813079834,1.1594905853271484,0.07427683472633362,0.11232742667198181,0.08472155779600143,-0.015135186724364758,0.30717313289642334
-20.0939998626709,6.245999813079834,0.9349393248558044,1.4638628959655762,0.12413391470909119,1.6179280281066895,0.07084884494543076,0.1255311518907547
-20.0939998626709,6.245999813079834,1.1016449928283691,3.6126067638397217,0.1412082314491272,0.08993972092866898,0.2768387496471405,0.5988312363624573
-20.0939998626709,6.245999813079834,1.0688304901123047,0.3681396543979645,0.11658322066068649,0.19837026298046112,-0.02819116599857807,0.27563756704330444
-20.0939998626709,7.245999813079834,0.9656726717948914,2.750183582305908,0.10744252800941467,1.752349615097046,0.094633087515831,0.0416683591902256
-20.0939998626709,7.245999813079834,1.2693791389465332,3.92681884765625,0.10962892323732376,0.0734931007027626,0.1641305685043335,0.5322785377502441
-20.0939998626709,7.245999813079834,1.1999715566635132,0.577939510345459,0.08580653369426727,0.10869122296571732,0.11896134912967682,0.42605307698249817
-20.0939998626709,8.246000289916992,1.250659704208374,0.12867406010627747,0.791721522808075,3.4754714965820312,0.2675729990005493,0.04440740495920181
-20.0939998626709,8.246000289916992,1.2415955066680908,3.986022472381592,0.11122645437717438,0.06104734167456627,-0.061145056039094925,0.5463044047355652
-20.0939998626709,8.246000289916992,1.165979027748108,0.6581701636314392,0.0828234925866127,0.07599915564060211,0.000525954645127058,0.4092881977558136
-20.0939998626709,9.246000289916992,1.1858810186386108,0.13424701988697052,0.46505212783813477,1.9150112867355347,0.15981732308864594,0.05345495045185089
-20.0939998626709,9.246000289916992,1.15479576587677,4.241680145263672,0.11433151364326477,0.10016167908906937,-0.07648782432079315,0.23507989943027496
-20.0939998626709,9.246000289916992,1.3507493734359741,0.8233288526535034,0.11432592570781708,0.02746821939945221,-0.11204466968774796,0.7114651203155518
-20.0939998626709,10.246000289916992,1.1387685537338257,4.051260948181152,0.13879753649234772,0.3938574492931366,0.20458932220935822,0.37587955594062805
-20.0939998626709,10.246000289916992,1.1043981313705444,2.6433603763580322,0.21123239398002625,0.7998538613319397,-0.21266207098960876,0.06128774210810661
-20.0939998626709,10.246000289916992,1.1331411600112915,0.02174367383122444,0.1700962483882904,0.31547945737838745,0.07775036990642548,0.5628326535224915
-20.0939998626709,11.246000289916992,1.1730495691299438,0.10087885707616806,1.0452461242675781,1.4491398334503174,0.2877388894557953,0.00848661083728075
-20.0939998626709,11.246000289916992,1.1057857275009155,2.1574783325195312,0.10725612938404083,0.13620778918266296,-0.21116486191749573,0.9912074208259583
-20.0939998626709,11.246000289916992,1.0391573905944824,4.331847190856934,0.5623284578323364,8.538086891174316,0.4439915418624878,0.000305993395159021
-20.0939998626709,12.246000289916992,1.1295626163482666,5.763340473175049,0.4176643490791321,1.6345267295837402,-0.050904884934425354,0.001463685417547822
-20.0939998626709,12.246000289916992,1.3029768466949463,2.151491165161133,0.08001460880041122,0.06907693296670914,-0.15503786504268646,0.9983634352684021
-20.0939998626709,12.246000289916992,1.4613144397735596,0.5185582637786865,0.9475858211517334,1.0295926332473755,0.04012008756399155,0.00017292139818891883
-20.0939998626709,13.246000289916992,0.8953781127929688,5.274381637573242,0.19023296236991882,2.0962376594543457,0.33238229155540466,0.0002547978947404772
-20.0939998626709,13.246000289916992,1.152726173400879,2.1739275455474854,0.11780951917171478,0.11057870090007782,0.14622382819652557,0.9993591904640198
-20.0939998626709,13.246000289916992,0.9470786452293396,5.395761489868164,0.10100305825471878,0.38354939222335815,-0.06756008416414261,0.0003860090218950063
-20.0939998626709,14.246000289916992,1.2845447063446045,2.0623655319213867,0.9270689487457275,0.9301356673240662,0.24104294180870056,0.02066386677324772
-20.0939998626709,14.246000289916992,1.1980358362197876,2.2544827461242676,0.11045427620410919,0.07039977610111237,0.04074304550886154,0.9662767648696899
-20.0939998626709,14.246000289916992,0.9737194776535034,4.797234058380127,0.1290074735879898,1.003223180770874,0.11933082342147827,0.01305938046425581
-20.0939998626709,15.246000289916992,1.0739104747772217,0.9844663143157959,0.9853050112724304,2.702092409133911,0.09704186022281647,0.0008820135844871402
-20.0939998626709,15.246000289916992,0.9993535876274109,2.4166059494018555,0.056506481021642685,0.023431310430169106,0.12061736732721329,0.9962193369865417
-20.0939998626709,15.246000289916992,1.0330371856689453,5.761552810668945,0.16300617158412933,0.16158759593963623,-0.05814993008971214,0.002898602047935128
-20.0939998626709,16.246000289916992,0.8232184052467346,5.789447784423828,0.31634196639060974,5.337830066680908,0.06997130811214447,0.002078412566334009
-20.0939998626709,16.246000289916992,1.0705351829528809,2.4197542667388916,0.07966169714927673,0.02461232803761959,-0.07450970262289047,0.9390426874160767
-20.0939998626709,16.246000289916992,0.86878502368927,5.638927459716797,0.07864435017108917,0.15069471299648285,-0.03770413249731064,0.05887893959879875
-20.0939998626709,19.246000289916992,1.0901213884353638,4.675657749176025,0.30993011593818665,1.3392258882522583,0.08484403789043427,0.32959356904029846
-20.0939998626709,19.246000289916992,1.1791671514511108,2.563527822494507,0.14532966911792755,0.07380203157663345,-0.07967038452625275,0.3065069019794464
-20.0939998626709,19.246000289916992,1.1144214868545532,5.915006160736084,0.10625196993350983,0.1481010615825653,-0.11900993436574936,0.3638995587825775
-20.0939998626709,20.246000289916992,1.317338466644287,3.5668137073516846,0.5411809086799622,0.8124514818191528,0.029629481956362724,0.017055626958608627
-20.0939998626709,20.246000289916992,1.0629642009735107,2.291484832763672,0.07601981610059738,0.06211702525615692,0.05776378512382507,0.9208233952522278
-20.0939998626709,20.246000289916992,1.2810335159301758,5.4688401222229,0.10484348237514496,0.10613378137350082,0.03606392443180084,0.06212102994322777
-19.0939998626709,-11.753999710083008,0.5913963913917542,3.902742862701416,0.06141383573412895,1.0118212699890137,0.17883257567882538,0.06820181757211685
-19.0939998626709,-11.753999710083008,0.4241941571235657,3.0006043910980225,0.1919945925474167,2.258927345275879,-0.006117343436926603,0.004566599149256945
-19.0939998626709,-11.753999710083008,0.6559870839118958,4.396236419677734,0.034762684255838394,0.07743117213249207,0.0719921663403511,0.9272316098213196
-19.0939998626709,-10.753999710083008,0.618665337562561,5.337396144866943,0.052069131284952164,0.7483170032501221,-0.06679698079824448,0.07159852236509323
-19.0939998626709,-10.753999710083008,0.5881999135017395,2.634653091430664,0.05655331537127495,1.3013914823532104,-0.2791561484336853,0.033760614693164825
-19.0939998626709,-10.753999710083008,0.636742353439331,4.315096378326416,0.012407432310283184,0.21750842034816742,0.09229108691215515,0.8946408629417419
-19.0939998626709,-9.753999710083008,0.8178440928459167,1.5447524785995483,0.04147320240736008,1.1625102758407593,-0.11687231063842773,0.4514043629169464
-19.0939998626709,-9.753999710083008,0.6863898634910583,2.561929941177368,0.057108379900455475,1.9500269889831543,-0.12057431787252426,0.5221312046051025
-19.0939998626709,-9.753999710083008,0.6837594509124756,4.3977460861206055,0.02728225290775299,0.365864634513855,-0.0706857442855835,0.0264644343405962
-19.0939998626709,-8.753999710083008,1.1870191097259521,0.21805141866207123,0.1775621920824051,1.142595648765564,-0.23573999106884003,0.11143940687179565
-19.0939998626709,-8.753999710083008,0.7916727662086487,0.9186002612113953,0.02383321151137352,0.3361423909664154,-0.1566547453403473,0.7633160352706909
-19.0939998626709,-8.753999710083008,0.82569819688797,3.8872764110565186,0.026201872155070305,0.42016470432281494,-0.03399375453591347,0.12524452805519104
-19.0939998626709,-7.754000186920166,0.831127941608429,3.50736927986145,0.010999432764947414,0.15910892188549042,-0.29083457589149475,0.6834671497344971
-19.0939998626709,-7.754000186920166,0.8518466353416443,6.242244243621826,0.05143222212791443,0.6011401414871216,0.3559472858905792,0.11755632609128952
-19.0939998626709,-7.754000186920166,0.8585879802703857,4.241297721862793,0.04791238158941269,0.1350836455821991,0.3218942880630493,0.198976531624794
-19.0939998626709,-6.754000186920166,0.9483192563056946,4.978341579437256,0.1947004646062851,1.509932041168213,-0.04399705305695534,0.3484010696411133
-19.0939998626709,-6.754000186920166,1.0259696245193481,3.100637912750244,0.09518539905548096,0.2014956772327423,0.0026133593637496233,0.3406364619731903
-19.0939998626709,-6.754000186920166,1.0643455982208252,6.226027488708496,0.06516249477863312,0.1117868721485138,-0.20603999495506287,0.3109624683856964
-19.0939998626709,-5.754000186920166,1.007411003112793,3.017117977142334,0.1846942901611328,1.174983024597168,-0.08634622395038605,0.06498846411705017
-19.0939998626709,-5.754000186920166,1.1068158149719238,3.4201056957244873,0.0985121876001358,0.23111625015735626,0.06233440339565277,0.5752971768379211
-19.0939998626709,-5.754000186920166,1.1594693660736084,0.3079638183116913,0.08363061398267746,0.0426732562482357,-0.10287957638502121,0.35971441864967346
-19.0939998626709,-4.754000186920166,0.9618762135505676,2.4281094074249268,0.08378256857395172,2.3080689907073975,0.11186902970075607,0.041566260159015656
-19.0939998626709,-4.754000186920166,0.9972933530807495,3.6689305305480957,0.06237784028053284,0.06987777352333069,0.06451168656349182,0.26917585730552673
-19.0939998626709,-4.754000186920166,0.9277328252792358,0.5789190530776978,0.04311901330947876,0.0349847748875618,-0.01944008655846119,0.6892579197883606
-19.0939998626709,-3.753999948501587,0.9329132437705994,2.5528876781463623,0.1352139264345169,2.0390565395355225,0.18321830034255981,0.009091845713555813
-19.0939998626709,-3.753999948501587,0.891822874546051,3.8667783737182617,0.04143927991390228,0.02425670251250267,0.15478941798210144,0.4142524003982544
-19.0939998626709,-3.753999948501587,0.8750830888748169,0.9293649196624756,0.056236632168293,0.12708815932273865,-0.1044309064745903,0.5766557455062866
-19.0939998626709,-2.753999948501587,0.711575984954834,0.38039466738700867,0.026058100163936615,2.6497905254364014,0.014071100391447544,0.08628340065479279
-19.0939998626709,-2.753999948501587,1.060533046722412,4.085040092468262,0.0842127576470375,0.08929786831140518,0.09278953820466995,0.6007003784179688
-19.0939998626709,-2.753999948501587,1.0024008750915527,1.2535569667816162,0.07002248615026474,0.06323884427547455,-0.30163413286209106,0.31301626563072205
-19.0939998626709,-1.753999948501587,1.1020416021347046,4.616739273071289,0.06894313544034958,0.46065184473991394,-0.18599340319633484,0.4575374722480774
-19.0939998626709,-1.753999948501587,0.945435106754303,1.4343904256820679,0.05722537636756897,0.36406388878822327,-0.10656493902206421,0.4630846083164215
-19.0939998626709,-1.753999948501587,0.8707387447357178,5.153349876403809,0.08387922495603561,1.6065970659255981,0.10346990823745728,0.0793779268860817
-19.0939998626709,-0.7540000081062317,1.0325708389282227,0.4805731773376465,0.05789951607584953,1.3099156618118286,-0.020402714610099792,0.3815271258354187
-19.0939998626709,-0.7540000081062317,1.1065542697906494,2.8756675720214844,0.121242456138134,0.31552833318710327,-0.09132249653339386,0.26515913009643555
-19.0939998626709,-0.7540000081062317,1.2349610328674316,0.20809850096702576,0.09954921156167984,0.06692743301391602,-0.20835670828819275,0.35331377387046814
-19.0939998626709,0.2460000067949295,0.8873018026351929,5.444823741912842,0.06551849097013474,1.5009963512420654,-0.18575410544872284,0.1256997436285019
-19.0939998626709,0.2460000067949295,0.9411399364471436,2.209531545639038,0.07055246829986572,0.32818469405174255,-0.3861091732978821,0.8673366904258728
-19.0939998626709,0.2460000067949295,0.8249485492706299,5.1047210693359375,0.03983291983604431,2.471266269683838,-0.03657884895801544,0.00696357898414135
-19.0939998626709,1.246000051498413,0.8185049891471863,1.1309044361114502,0.2332286536693573,1.3374965190887451,-0.08301730453968048,0.09313195943832397
-19.0939998626709,1.246000051498413,0.5829785466194153,2.9012882709503174,0.02473769336938858,0.29186972975730896,0.0800616666674614,0.7533979415893555
-19.0939998626709,1.246000051498413,0.687307596206665,5.653694152832031,0.02583674155175686,0.3525387644767761,0.04859865456819534,0.15347009897232056
-19.0939998626709,2.246000051498413,0.7950820922851562,0.30129438638687134,0.10158387571573257,2.035513162612915,0.006942404434084892,0.15639610588550568
-19.0939998626709,2.246000051498413,0.844574511051178,2.498608112335205,0.07252702862024307,0.07950928062200546,0.19983333349227905,0.4831339418888092
-19.0939998626709,2.246000051498413,0.9221669435501099,5.80632209777832,0.07723039388656616,0.0729011669754982,0.05086527764797211,0.3604700565338135
-19.0939998626709,3.246000051498413,0.9074166417121887,0.9236147999763489,0.09368372708559036,2.3101799488067627,-0.020547226071357727,0.04256737232208252
-19.0939998626709,3.246000051498413,1.1475012302398682,3.032534122467041,0.09554124623537064,0.08669552206993103,-0.006095592398196459,0.46175089478492737
-19.0939998626709,3.246000051498413,1.237928032875061,6.1770219802856445,0.09280015528202057,0.02613433077931404,0.0933637022972107,0.4956817030906677
-19.0939998626709,4.245999813079834,0.821046769618988,0.2211981564760208,0.03980639576911926,2.1030218601226807,-0.019701629877090454,0.051582105457782745
-19.0939998626709,4.245999813079834,1.1260201930999756,3.0618062019348145,0.07739171385765076,0.11327411234378815,0.16032996773719788,0.4934765696525574
-19.0939998626709,4.245999813079834,1.266809344291687,0.004509374499320984,0.10424994677305222,0.0476045235991478,0.11961157619953156,0.4549413323402405
-19.0939998626709,5.245999813079834,0.9776796102523804,0.30715999007225037,0.064511239528656,1.3514245748519897,0.061959654092788696,0.16850414872169495
-19.0939998626709,5.245999813079834,1.0930964946746826,3.148712635040283,0.08439431339502335,0.20895710587501526,0.2908638119697571,0.43758609890937805
-19.0939998626709,5.245999813079834,1.2700927257537842,0.047138512134552,0.09111955016851425,0.03770587593317032,0.0014349884586408734,0.3939097821712494
-19.0939998626709,6.245999813079834,0.8844517469406128,0.019251976162195206,0.09899468719959259,1.6518220901489258,0.131349116563797,0.14063911139965057
-19.0939998626709,6.245999813079834,1.013375997543335,3.4542975425720215,0.12258090823888779,0.2728205621242523,0.19311726093292236,0.45056411623954773
-19.0939998626709,6.245999813079834,1.1633453369140625,0.18038275837898254,0.12378795444965363,0.0962943509221077,-0.07748813182115555,0.4087967872619629
-19.0939998626709,7.245999813079834,0.8928382992744446,1.1178579330444336,0.06405595690011978,1.7749253511428833,0.11596588790416718,0.18132725358009338
-19.0939998626709,7.245999813079834,1.098175048828125,3.7686662673950195,0.12339939922094345,0.1891092211008072,0.23055946826934814,0.5553273558616638
-19.0939998626709,7.245999813079834,1.1845327615737915,0.5652348399162292,0.10711843520402908,0.1280602514743805,-0.058786939829587936,0.2633453607559204
-19.0939998626709,8.246000289916992,1.0711052417755127,6.255290508270264,0.2322472780942917,2.796816825866699,0.19663691520690918,0.15998958051204681
-19.0939998626709,8.246000289916992,1.1949622631072998,4.023245334625244,0.10163840651512146,0.06244393810629845,0.022710002958774567,0.549211323261261
-19.0939998626709,8.246000289916992,1.1742675304412842,0.7955684065818787,0.0773119181394577,0.07165571302175522,-0.05187129229307175,0.29079902172088623
-19.0939998626709,9.246000289916992,1.1121349334716797,0.24080486595630646,0.2441900074481964,2.129138231277466,0.11994997411966324,0.1427464783191681
-19.0939998626709,9.246000289916992,1.1793917417526245,4.086291313171387,0.09747274965047836,0.06329501420259476,0.05477562174201012,0.3477954864501953
-19.0939998626709,9.246000289916992,1.2949336767196655,0.7526310086250305,0.09197179228067398,0.0366012305021286,-0.16862067580223083,0.509458065032959
-19.0939998626709,10.246000289916992,1.0093337297439575,4.712401390075684,0.08088208734989166,0.6736193895339966,0.15838955342769623,0.37676361203193665
-19.0939998626709,10.246000289916992,1.081876277923584,2.519256353378296,0.12293531000614166,0.5204501748085022,-0.007333771791309118,0.1524346023797989
-19.0939998626709,10.246000289916992,1.1962614059448242,1.4305977821350098,0.14382678270339966,0.0905316099524498,-0.11158224940299988,0.47080180048942566
-19.0939998626709,11.246000289916992,1.1733579635620117,6.057163238525391,0.519274115562439,1.325548529624939,0.2175956666469574,0.02700735442340374
-19.0939998626709,11.246000289916992,1.2032067775726318,2.032297134399414,0.10480654239654541,0.10430499166250229,-0.06123361364006996,0.9647440910339355
-19.0939998626709,11.246000289916992,1.1515891551971436,5.21920108795166,0.2476525604724884,0.9602146744728088,0.2063334733247757,0.008248628117144108
-19.0939998626709,12.246000289916992,0.8580250144004822,5.533878326416016,0.07545489817857742,1.2103240489959717,0.002967537147924304,0.03195629268884659
-19.0939998626709,12.246000289916992,1.2115880250930786,2.2184951305389404,0.11022622138261795,0.06647314131259918,-0.1349455863237381,0.9678027033805847
-19.0939998626709,12.246000289916992,1.2265831232070923,0.05815637484192848,0.873553454875946,1.7274686098098755,0.007216476369649172,0.00024105461488943547
-19.0939998626709,13.246000289916992,0.8602817058563232,0.7301552295684814,0.05796567723155022,0.9632744193077087,0.10976008325815201,0.013283666223287582
-19.0939998626709,13.246000289916992,1.1023043394088745,2.2066664695739746,0.10862109810113907,0.06985761970281601,0.06291073560714722,0.9858270883560181
-19.0939998626709,13.246000289916992,1.099471092224121,5.5842390060424805,0.2103390395641327,0.3203125596046448,-0.014641130343079567,0.0008892540354281664
-19.0939998626709,14.246000289916992,1.0105702877044678,3.1071829795837402,0.27773407101631165,0.8140943050384521,0.10160131007432938,0.053101472556591034
-19.0939998626709,14.246000289916992,0.8974952101707458,2.096235513687134,0.06892963498830795,0.08763805031776428,0.2830754220485687,0.9389292597770691
-19.0939998626709,14.246000289916992,0.8600733280181885,6.1410651206970215,0.2993297576904297,0.4563584327697754,0.27287885546684265,0.007969219237565994
-19.0939998626709,15.246000289916992,0.8265225291252136,0.7228329181671143,0.35644224286079407,2.7364165782928467,0.10147994756698608,0.025847341865301132
-19.0939998626709,15.246000289916992,0.8467402458190918,2.607980489730835,0.08888375759124756,0.08831312507390976,0.015257730148732662,0.9517104625701904
-19.0939998626709,15.246000289916992,0.9294633865356445,5.690650939941406,0.12704186141490936,0.12134812772274017,-0.05017669126391411,0.022442199289798737
-19.0939998626709,16.246000289916992,0.7107224464416504,4.866565227508545,0.24799011647701263,3.203754186630249,0.0984293594956398,0.001042330521158874
-19.0939998626709,16.246000289916992,1.137070894241333,3.088301181793213,0.11566038429737091,0.02605658397078514,-0.1508006900548935,0.9886132478713989
-19.0939998626709,16.246000289916992,0.8790532946586609,5.699747562408447,0.13170355558395386,0.26938891410827637,-0.08754792809486389,0.010344479233026505
-19.0939998626709,17.246000289916992,1.0995001792907715,4.813690662384033,0.08425723761320114,1.3623534440994263,0.04313644766807556,0.003730206983163953
-19.0939998626709,17.246000289916992,1.211713194847107,2.1930651664733887,0.07986735552549362,0.11284992843866348,0.26775896549224854,0.9941979646682739
-19.0939998626709,17.246000289916992,1.1248466968536377,5.086750030517578,0.10547609627246857,0.1894860714673996,0.1108817309141159,0.0020717731676995754
-19.0939998626709,18.246000289916992,1.1388611793518066,1.3296217918395996,0.4100325107574463,1.8126728534698486,0.04902338236570358,0.0005132125224918127
-19.0939998626709,18.246000289916992,1.10700261592865,3.0248265266418457,0.008769634179770947,0.002243338618427515,-0.06528858840465546,0.9992726445198059
-19.0939998626709,18.246000289916992,1.0523649454116821,5.257205963134766,0.1988828182220459,0.5734618902206421,0.18094632029533386,0.00021421974815893918
-19.0939998626709,19.246000289916992,0.9490865468978882,3.233689308166504,0.15083426237106323,1.2708293199539185,0.13029681146144867,0.09762662649154663
-19.0939998626709,19.246000289916992,1.1360812187194824,2.166821002960205,0.09080318361520767,0.047684766352176666,0.08227921277284622,0.877108633518219
-19.0939998626709,19.246000289916992,1.1494930982589722,6.175182819366455,0.1921863704919815,0.2445758730173111,-0.019591346383094788,0.02526484616100788
-19.0939998626709,20.246000289916992,1.270939826965332,2.3294827938079834,0.3849952816963196,0.9414135813713074,0.10443686693906784,0.049244582653045654
-19.0939998626709,20.246000289916992,0.9918695688247681,2.391376495361328,0.09051796793937683,0.1018775925040245,0.10949941724538803,0.9483482837677002
-19.0939998626709,20.246000289916992,1.116949200630188,5.564749240875244,0.1517442762851715,0.36143311858177185,0.06305048614740372,0.00240710424259305
-19.0939998626709,21.246000289916992,1.0514659881591797,3.9134981632232666,0.031834375113248825,0.4061160981655121,-0.03992758318781853,0.24210292100906372
-19.0939998626709,21.246000289916992,1.062418818473816,2.2581870555877686,0.11780025064945221,0.1147417277097702,0.250496506690979,0.7566202878952026
-19.0939998626709,21.246000289916992,1.083776831626892,5.392436981201172,0.12148183584213257,0.48938021063804626,0.1267102211713791,0.001276794238947332
-18.0939998626709,-11.753999710083008,0.6215675473213196,4.1291422843933105,0.01910591684281826,0.39896705746650696,0.04728081822395325,0.5689892768859863
-18.0939998626709,-11.753999710083008,0.5896032452583313,1.8121417760849,0.05656377971172333,1.0052872896194458,-0.010422753170132637,0.03371705859899521
-18.0939998626709,-11.753999710083008,0.706696629524231,5.259698390960693,0.019223367795348167,0.11851655691862106,-0.04196617007255554,0.3972935974597931
-18.0939998626709,-10.753999710083008,0.8634723424911499,5.182486534118652,0.18496966361999512,0.9279240965843201,-0.03732139989733696,0.04791201278567314
-18.0939998626709,-10.753999710083008,0.5940703749656677,2.0052390098571777,0.05832530930638313,1.977647066116333,-0.06164427846670151,0.05137237533926964
-18.0939998626709,-10.753999710083008,0.6357355713844299,4.53654146194458,0.016977235674858093,0.531204342842102,-0.054906949400901794,0.9007156491279602
-18.0939998626709,-9.753999710083008,0.772956132888794,4.923336029052734,0.04007603973150253,1.4366223812103271,0.0049408855848014355,0.5937758684158325
-18.0939998626709,-9.753999710083008,0.6479225754737854,1.3943270444869995,0.046220812946558,1.2256797552108765,0.10113750398159027,0.3072672188282013
-18.0939998626709,-9.753999710083008,0.7585572004318237,4.635078430175781,0.04126295447349548,0.36883649230003357,0.13514988124370575,0.0989568904042244
-18.0939998626709,-8.753999710083008,1.0350632667541504,0.5046857595443726,0.06350763887166977,0.962364137172699,-0.026220714673399925,0.23777587711811066
-18.0939998626709,-8.753999710083008,0.8899247646331787,0.9986651539802551,0.07590542733669281,0.5581700801849365,-0.04336424916982651,0.4537280797958374
-18.0939998626709,-8.753999710083008,0.8783171772956848,4.395634651184082,0.03874143958091736,0.2572615444660187,0.1725063920021057,0.30849605798721313
-18.0939998626709,-7.754000186920166,0.9602854251861572,6.010890007019043,0.03791137412190437,0.5897318720817566,-0.1601903885602951,0.19043520092964172
-18.0939998626709,-7.754000186920166,0.9113047122955322,0.9082781076431274,0.051506079733371735,0.2902924716472626,-0.08034409582614899,0.13559556007385254
-18.0939998626709,-7.754000186920166,0.9138430953025818,4.26533842086792,0.02775207906961441,0.10438355803489685,0.15512606501579285,0.6739692091941833
-18.0939998626709,-6.754000186920166,0.8891968131065369,4.717653751373291,0.021542413160204887,0.9547898173332214,-0.03571051359176636,0.5239669680595398
-18.0939998626709,-6.754000186920166,0.8839249610900879,2.2477753162384033,0.07423587888479233,0.46208488941192627,0.23922477662563324,0.2970946729183197
-18.0939998626709,-6.754000186920166,1.268937110900879,5.959107398986816,0.1352464258670807,0.03713348135352135,-0.1516018658876419,0.17893841862678528
-18.0939998626709,-5.754000186920166,0.9169707894325256,5.648985862731934,0.043647803366184235,0.6690903902053833,-0.06932660192251205,0.14300775527954102
-18.0939998626709,-5.754000186920166,1.0201433897018433,3.268559455871582,0.09965851902961731,0.5223974585533142,-0.06569420546293259,0.41406285762786865
-18.0939998626709,-5.754000186920166,1.2473119497299194,0.2974468469619751,0.08887133747339249,0.02183535322546959,-0.17263659834861755,0.44292929768562317
-18.0939998626709,-4.754000186920166,0.9904202222824097,0.06644191592931747,0.07442323118448257,1.8000613451004028,0.1509448140859604,0.36124709248542786
-18.0939998626709,-4.754000186920166,0.9155920743942261,3.6762309074401855,0.056956686079502106,0.15165862441062927,0.34573042392730713,0.1972270905971527
-18.0939998626709,-4.754000186920166,1.0704814195632935,0.46059635281562805,0.05208440124988556,0.03898496925830841,-0.1618434637784958,0.44152575731277466
-18.0939998626709,-3.753999948501587,0.9330989718437195,1.4430922269821167,0.03672300651669502,1.4771838188171387,0.002224771771579981,0.24889618158340454
-18.0939998626709,-3.753999948501587,1.1335359811782837,3.805307149887085,0.18369239568710327,0.5617642402648926,0.018677515909075737,0.3398283123970032
-18.0939998626709,-3.753999948501587,1.0789011716842651,0.8563225865364075,0.08975815027952194,0.19310922920703888,-0.07164762169122696,0.4112755358219147
-18.0939998626709,-2.753999948501587,0.8015148043632507,5.471302032470703,0.014487722888588905,1.3164931535720825,0.07368268817663193,0.6543829441070557
-18.0939998626709,-2.753999948501587,1.0034393072128296,4.266513824462891,0.14478161931037903,1.0851057767868042,0.3443373739719391,0.0919203907251358
-18.0939998626709,-2.753999948501587,1.1515707969665527,1.7816789150238037,0.11022701114416122,0.09865599125623703,-0.1444624364376068,0.2536966800689697
-18.0939998626709,-1.753999948501587,0.9248563051223755,5.073892116546631,0.03794974461197853,0.6683844923973083,0.1206839457154274,0.4090944230556488
-18.0939998626709,-1.753999948501587,0.8936941027641296,2.375702381134033,0.090935617685318,0.5156219601631165,-0.011835336685180664,0.3506592810153961
-18.0939998626709,-1.753999948501587,1.0591917037963867,0.5898376107215881,0.15612095594406128,0.40616390109062195,0.07465700060129166,0.24024628102779388
-18.0939998626709,-0.7540000081062317,1.106675148010254,6.046380996704102,0.0706740990281105,1.1062489748001099,0.10654659569263458,0.4264771640300751
-18.0939998626709,-0.7540000081062317,1.0741206407546997,1.8153502941131592,0.19367167353630066,2.6566481590270996,-0.37922540307044983,0.38810282945632935
-18.0939998626709,-0.7540000081062317,0.8523854613304138,4.8679938316345215,0.0546635165810585,2.365131378173828,0.0029519516974687576,0.18542003631591797
-18.0939998626709,0.2460000067949295,1.0696582794189453,5.721521377563477,0.11507141590118408,1.6022076606750488,0.20932795107364655,0.3078443706035614
-18.0939998626709,0.2460000067949295,0.9556257128715515,2.080618143081665,0.10537035763263702,0.5112825036048889,-0.37475839257240295,0.5261163711547852
-18.0939998626709,0.2460000067949295,1.0031795501708984,5.1240057945251465,0.08969538658857346,0.29085561633110046,-0.017367130145430565,0.16603927314281464
-18.0939998626709,1.246000051498413,0.8566097617149353,4.071639537811279,0.0653415322303772,0.9360396862030029,0.0813678652048111,0.16622930765151978
-18.0939998626709,1.246000051498413,0.9818546772003174,2.3611412048339844,0.14891116321086884,0.28962889313697815,-0.12469349056482315,0.3793274760246277
-18.0939998626709,1.246000051498413,0.9529195427894592,5.30722713470459,0.09549558907747269,0.21698921918869019,-0.03180035203695297,0.4544432461261749
-18.0939998626709,2.246000051498413,0.8277363181114197,5.825649738311768,0.0840006172657013,2.0407330989837646,0.02698298543691635,0.3816632330417633
-18.0939998626709,2.246000051498413,0.9614464044570923,2.603811025619507,0.12466760724782944,0.15979653596878052,0.12223806977272034,0.42298364639282227
-18.0939998626709,2.246000051498413,1.0429890155792236,5.8629865646362305,0.08608207106590271,0.041692789644002914,0.046866852790117264,0.1953531950712204
-18.0939998626709,3.246000051498413,0.897741973400116,0.7993795275688171,0.07428387552499771,1.7942026853561401,-0.0035573402419686317,0.12339514493942261
-18.0939998626709,3.246000051498413,1.086567759513855,2.868220806121826,0.1298265904188156,0.15581293404102325,0.05907352268695831,0.4950556457042694
-18.0939998626709,3.246000051498413,1.2531332969665527,6.1457977294921875,0.1045365259051323,0.02367338351905346,0.10686729848384857,0.38154923915863037
-18.0939998626709,4.245999813079834,0.8461545705795288,6.258837699890137,0.04527663066983223,1.8101956844329834,-0.006233688909560442,0.0829864963889122
-18.0939998626709,4.245999813079834,1.1305298805236816,3.0275046825408936,0.08941636234521866,0.12154091149568558,0.06076960638165474,0.4280145764350891
-18.0939998626709,4.245999813079834,1.211434006690979,6.223343849182129,0.08636477589607239,0.041413865983486176,-0.03763437643647194,0.4889989197254181
-18.0939998626709,5.245999813079834,1.1211953163146973,0.2816132605075836,0.11358922719955444,1.6012850999832153,0.1017221212387085,0.28235745429992676
-18.0939998626709,5.245999813079834,1.1337080001831055,3.126075029373169,0.0859261155128479,0.20717595517635345,0.24663832783699036,0.4195812940597534
-18.0939998626709,5.245999813079834,1.2518022060394287,0.016235221177339554,0.07056104391813278,0.028368642553687096,-0.04583410173654556,0.2980612814426422
-18.0939998626709,6.245999813079834,0.8925148248672485,6.231891632080078,0.05098386108875275,1.4228674173355103,0.05583105608820915,0.31926727294921875
-18.0939998626709,6.245999813079834,1.081319808959961,3.451906681060791,0.11618542671203613,0.32745787501335144,0.21011292934417725,0.502284824848175
-18.0939998626709,6.245999813079834,1.3059821128845215,6.199770450592041,0.10282881557941437,0.03366977348923683,-0.16968147456645966,0.1784479171037674
-18.0939998626709,7.245999813079834,0.7142828702926636,0.4273669421672821,0.02063811384141445,1.2733978033065796,0.006724632810801268,0.5950395464897156
-18.0939998626709,7.245999813079834,1.0629204511642456,3.5142788887023926,0.22937630116939545,0.7008398175239563,0.16333319246768951,0.28167951107025146
-18.0939998626709,7.245999813079834,1.074178695678711,0.30391809344291687,0.1133081391453743,0.11898322403430939,-0.15681052207946777,0.12328096479177475
-18.0939998626709,8.246000289916992,0.8720839023590088,0.6070153117179871,0.0460854135453701,1.8476282358169556,0.0538267157971859,0.3297783434391022
-18.0939998626709,8.246000289916992,1.0913984775543213,3.9258484840393066,0.066944919526577,0.0638304352760315,0.09354032576084137,0.4592672884464264
-18.0939998626709,8.246000289916992,1.1415321826934814,0.5583703517913818,0.0649811327457428,0.056339066475629807,-0.13139313459396362,0.21095436811447144
-18.0939998626709,9.246000289916992,1.0167911052703857,1.0964500904083252,0.09252171218395233,1.8543107509613037,0.062471259385347366,0.3750019073486328
-18.0939998626709,9.246000289916992,1.1825147867202759,4.094094753265381,0.06888549029827118,0.03221098706126213,0.017603611573576927,0.41840997338294983
-18.0939998626709,9.246000289916992,1.2108454704284668,0.707722544670105,0.060517486184835434,0.025666747242212296,-0.20586076378822327,0.20658808946609497
-18.0939998626709,10.246000289916992,1.1558382511138916,1.8716968297958374,0.13811641931533813,2.7907588481903076,0.1199183315038681,0.2183361053466797
-18.0939998626709,10.246000289916992,1.2678498029708862,4.162843704223633,0.08864306658506393,0.04889476299285889,0.09566503018140793,0.42635130882263184
-18.0939998626709,10.246000289916992,1.2430286407470703,0.8570169806480408,0.059609998017549515,0.02525494433939457,-0.17407597601413727,0.3553125560283661
-18.0939998626709,11.246000289916992,1.2167868614196777,4.806324005126953,0.21608255803585052,1.2049065828323364,0.10864417999982834,0.14868326485157013
-18.0939998626709,11.246000289916992,1.0702593326568604,2.5304534435272217,0.10419165343046188,0.5421755313873291,0.20334355533123016,0.7055589556694031
-18.0939998626709,11.246000289916992,1.1772754192352295,0.4913417398929596,0.15618161857128143,0.060963694006204605,-0.044882453978061676,0.145757794380188
-18.0939998626709,12.246000289916992,0.6837695240974426,5.684457778930664,0.026821525767445564,1.3936301469802856,0.10203886777162552,0.05969863757491112
-18.0939998626709,12.246000289916992,1.1378707885742188,2.4310965538024902,0.1077035665512085,0.0824718177318573,-0.037005629390478134,0.940048336982727
-18.0939998626709,12.246000289916992,1.045460820198059,5.5568647384643555,0.33712291717529297,1.4570244550704956,0.04585597664117813,0.00025307777104899287
-18.0939998626709,13.246000289916992,0.8561375737190247,1.9708871841430664,0.032330580055713654,0.7809449434280396,0.0051555754616856575,0.4998241066932678
-18.0939998626709,13.246000289916992,0.9987538456916809,2.115267276763916,0.10323907434940338,0.06675232946872711,-0.30252259969711304,0.47682398557662964
-18.0939998626709,13.246000289916992,1.103179693222046,5.88416862487793,0.26603201031684875,0.3843631148338318,0.07802171260118484,0.023351922631263733
-18.0939998626709,14.246000289916992,0.7462185621261597,3.030391216278076,0.045913152396678925,0.978577733039856,0.10220073908567429,0.028973747044801712
-18.0939998626709,14.246000289916992,0.8764942288398743,1.95032799243927,0.05989137664437294,0.04546259343624115,0.20046597719192505,0.9704300761222839
-18.0939998626709,14.246000289916992,0.9381195306777954,1.1928999423980713,0.7697961926460266,0.4246107041835785,0.4011227488517761,0.0005962835857644677
-18.0939998626709,15.246000289916992,0.5227407217025757,3.3259902000427246,0.03071782924234867,1.8841992616653442,-0.1903238743543625,0.0021489986684173346
-18.0939998626709,15.246000289916992,0.7683669924736023,1.9514856338500977,0.05974613502621651,0.1518740952014923,0.5420960783958435,0.9975195527076721
-18.0939998626709,15.246000289916992,0.7440747022628784,1.0951417684555054,0.2682609260082245,0.34097158908843994,-0.274547815322876,0.00033141838503070176
-18.0939998626709,16.246000289916992,1.027324914932251,2.093878746032715,0.3483051657676697,0.9445092678070068,0.08912848681211472,0.0017306911759078503
-18.0939998626709,16.246000289916992,1.162241816520691,2.2577435970306396,0.08280745893716812,0.10046038776636124,-0.10430575162172318,0.9296553134918213
-18.0939998626709,16.246000289916992,1.218600869178772,1.2574543952941895,0.19319285452365875,0.2941184937953949,-0.08682617545127869,0.0686139464378357
-18.0939998626709,17.246000289916992,0.788040280342102,0.4334419071674347,0.032833248376846313,0.857310950756073,-0.12795321643352509,0.02505836822092533
-18.0939998626709,17.246000289916992,1.1537379026412964,1.9340318441390991,0.13212108612060547,0.09241624176502228,0.41390901803970337,0.9708065986633301
-18.0939998626709,17.246000289916992,1.029930591583252,5.579651355743408,0.19448140263557434,0.23204244673252106,0.1453883945941925,0.004135042894631624
-18.0939998626709,18.246000289916992,1.184516191482544,2.3219034671783447,0.580747663974762,1.5119056701660156,-0.1371176689863205,0.004647488705813885
-18.0939998626709,18.246000289916992,1.2040926218032837,2.156342029571533,0.10530143976211548,0.07030686736106873,0.1332913339138031,0.9895755052566528
-18.0939998626709,18.246000289916992,1.2820316553115845,0.5930674076080322,0.6106567978858948,0.12045248597860336,0.14395472407341003,0.005776980891823769
-18.0939998626709,19.246000289916992,0.7628940939903259,5.359752655029297,0.027795346453785896,0.9980396032333374,-0.05024371296167374,0.027551298961043358
-18.0939998626709,19.246000289916992,1.0547921657562256,1.915135383605957,0.11218661814928055,0.09443745762109756,0.4350178837776184,0.9695153832435608
-18.0939998626709,19.246000289916992,1.1422080993652344,0.0013700276613235474,0.2312929779291153,0.1641760617494583,-0.014957183972001076,0.0029333196580410004
-18.0939998626709,20.246000289916992,1.0828831195831299,1.142879605293274,0.11810076236724854,1.3935480117797852,0.035392001271247864,0.013404050841927528
-18.0939998626709,20.246000289916992,1.0904819965362549,2.294818162918091,0.13644516468048096,0.1482364982366562,0.2969494163990021,0.9858351349830627
-18.0939998626709,20.246000289916992,1.1013140678405762,5.439765453338623,0.20333367586135864,0.6860171556472778,0.08737733960151672,0.0007608007290400565
-18.0939998626709,21.246000289916992,1.1700201034545898,1.9134832620620728,0.08579489588737488,0.9831756949424744,-0.06059560924768448,0.015769459307193756
-18.0939998626709,21.246000289916992,1.0550193786621094,2.1644771099090576,0.1501983106136322,0.20519714057445526,0.21458956599235535,0.9833657145500183
-18.0939998626709,21.246000289916992,1.0171571969985962,5.409121990203857,0.16877564787864685,0.980626106262207,0.01512725930660963,0.0008648993098177016
-18.0939998626709,22.246000289916992,1.058179497718811,3.0565972328186035,0.02521498128771782,0.4998135268688202,-0.2153819054365158,0.02191239967942238
-18.0939998626709,22.246000289916992,1.0604286193847656,1.9835121631622314,0.1980181485414505,0.2549649775028229,0.16811701655387878,0.9767320156097412
-18.0939998626709,22.246000289916992,0.9484184384346008,5.370429039001465,0.1596546769142151,1.1182057857513428,-0.035235583782196045,0.0013556953053921461
-17.0939998626709,-12.753999710083008,0.6146401762962341,5.160653114318848,0.07882006466388702,1.316771149635315,0.0054002548567950726,0.01610138826072216
-17.0939998626709,-12.753999710083008,0.6937820911407471,2.7378358840942383,0.09225014597177505,0.4474619925022125,0.1733955293893814,0.01895115338265896
-17.0939998626709,-12.753999710083008,0.7028315663337708,4.7607741355896,0.03237977996468544,0.10886098444461823,0.014757690951228142,0.964947521686554
-17.0939998626709,-11.753999710083008,0.6781387329101562,4.327389717102051,0.028719935566186905,0.4850454032421112,0.04695625603199005,0.18796895444393158
-17.0939998626709,-11.753999710083008,0.6206458806991577,1.5249896049499512,0.06611813604831696,0.8788557052612305,-0.010138828307390213,0.012376773171126842
-17.0939998626709,-11.753999710083008,0.7571401596069336,5.177096366882324,0.019196126610040665,0.09745011478662491,-0.0452006459236145,0.7996542453765869
-17.0939998626709,-10.753999710083008,1.022612452507019,5.578031539916992,0.2653944790363312,0.640791118144989,0.058031998574733734,0.07898259907960892
-17.0939998626709,-10.753999710083008,0.6613670587539673,1.6789287328720093,0.07507084310054779,1.9057046175003052,0.120973601937294,0.1315235197544098
-17.0939998626709,-10.753999710083008,0.6647217869758606,4.919968605041504,0.02457660622894764,0.46238434314727783,-0.07613102346658707,0.7894939184188843
-17.0939998626709,-9.753999710083008,0.8226205706596375,4.000093460083008,0.0516987070441246,1.0662941932678223,0.06924092024564743,0.5852106809616089
-17.0939998626709,-9.753999710083008,0.6457975506782532,1.319913387298584,0.028501015156507492,1.2982004880905151,-0.031460799276828766,0.337735652923584
-17.0939998626709,-9.753999710083008,0.8163363933563232,4.631446838378906,0.045030757784843445,0.8344491720199585,0.19502811133861542,0.07705364376306534
-17.0939998626709,-8.753999710083008,1.0681129693984985,0.021647313609719276,0.07535851746797562,1.0475348234176636,0.01586824655532837,0.3563924729824066
-17.0939998626709,-8.753999710083008,0.8365373611450195,0.8422484397888184,0.05761522799730301,0.6830039620399475,-0.16434186697006226,0.358355313539505
-17.0939998626709,-8.753999710083008,0.9205402731895447,4.532068252563477,0.051971644163131714,0.47861409187316895,0.18751013278961182,0.28525224328041077
-17.0939998626709,-7.754000186920166,0.9817315936088562,6.260810852050781,0.05996904894709587,0.883338212966919,-0.1302710473537445,0.25382667779922485
-17.0939998626709,-7.754000186920166,0.8737591505050659,1.113782286643982,0.06753425300121307,0.5576929450035095,-0.07199554890394211,0.18673717975616455
-17.0939998626709,-7.754000186920166,0.8723956942558289,4.562696933746338,0.025258798152208328,0.12578904628753662,0.06128445640206337,0.5594362020492554
-17.0939998626709,-6.754000186920166,0.9819813966751099,4.721854209899902,0.050545137375593185,0.8708212375640869,0.015008747577667236,0.33403658866882324
-17.0939998626709,-6.754000186920166,0.8517659306526184,1.785721778869629,0.08438646793365479,1.6118526458740234,0.11649700254201889,0.4323481023311615
-17.0939998626709,-6.754000186920166,1.025076985359192,5.078531265258789,0.037377115339040756,0.330269992351532,0.05416003614664078,0.23361527919769287
-17.0939998626709,-5.754000186920166,0.8635996580123901,5.047068119049072,0.03492405265569687,0.7084554433822632,0.04552186280488968,0.5031201243400574
-17.0939998626709,-5.754000186920166,0.87723308801651,3.120981216430664,0.09592597931623459,1.2740426063537598,-0.11428578197956085,0.29775866866111755
-17.0939998626709,-5.754000186920166,1.0857748985290527,0.2158960998058319,0.07709237933158875,0.04818154498934746,-0.1413205862045288,0.1991211622953415
-17.0939998626709,-4.754000186920166,1.0291945934295654,0.45903778076171875,0.07466721534729004,1.6430861949920654,0.11019878834486008,0.4233319163322449
-17.0939998626709,-4.754000186920166,0.9977002739906311,3.5417022705078125,0.08366554975509644,0.31515201926231384,0.3164108395576477,0.21092581748962402
-17.0939998626709,-4.754000186920166,1.2470510005950928,0.34679144620895386,0.07436689734458923,0.021155426278710365,-0.07983342558145523,0.3657422661781311
-17.0939998626709,-3.753999948501587,1.0278780460357666,0.11861265450716019,0.04533414915204048,0.9909512400627136,0.08439373224973679,0.41295579075813293
-17.0939998626709,-3.753999948501587,1.0630661249160767,3.124525785446167,0.12485069036483765,1.0770469903945923,-0.035217635333538055,0.20458748936653137
-17.0939998626709,-3.753999948501587,1.129734754562378,0.8445028066635132,0.0788765549659729,0.18409092724323273,-0.027247192338109016,0.3824567198753357
-17.0939998626709,-2.753999948501587,0.9075804948806763,5.940759181976318,0.02978241629898548,1.2247958183288574,0.07612121850252151,0.5939187407493591
-17.0939998626709,-2.753999948501587,0.9299975037574768,3.407325029373169,0.09684457629919052,2.3994297981262207,0.4809515178203583,0.1379665732383728
-17.0939998626709,-2.753999948501587,1.076086163520813,1.9821358919143677,0.07104552537202835,0.0864894837141037,-0.1316280961036682,0.26811474561691284
-17.0939998626709,-1.753999948501587,0.9998234510421753,5.267142295837402,0.04119480401277542,1.05807363986969,0.028036143630743027,0.41118329763412476
-17.0939998626709,-1.753999948501587,0.9240864515304565,1.8054410219192505,0.05331519991159439,0.5009971261024475,0.14556677639484406,0.2427842766046524
-17.0939998626709,-1.753999948501587,1.0579395294189453,1.6659318208694458,0.05306733399629593,0.0887046530842781,-0.1495174765586853,0.34603238105773926
-17.0939998626709,-0.7540000081062317,1.0946681499481201,5.641558647155762,0.1902066171169281,0.8987934589385986,0.1584552526473999,0.20520919561386108
-17.0939998626709,-0.7540000081062317,0.8316093683242798,2.032893180847168,0.06133398413658142,1.3945564031600952,-0.4878643751144409,0.47767373919487
-17.0939998626709,-0.7540000081062317,0.6806367039680481,4.2911577224731445,0.018467407673597336,1.1861045360565186,0.16906952857971191,0.3171171247959137
-17.0939998626709,0.2460000067949295,0.8533835411071777,5.1937665939331055,0.025962699204683304,1.111337661743164,0.11160600930452347,0.4704173803329468
-17.0939998626709,0.2460000067949295,0.9346891045570374,2.14113450050354,0.11230935156345367,0.3194340467453003,-0.31753164529800415,0.338806688785553
-17.0939998626709,0.2460000067949295,1.0330091714859009,5.332209587097168,0.1254817247390747,0.24579088389873505,-0.11839795857667923,0.19077596068382263
-17.0939998626709,1.246000051498413,0.9337871670722961,4.311145782470703,0.09204018861055374,1.2130193710327148,0.05669547989964485,0.06980807334184647
-17.0939998626709,1.246000051498413,1.0147104263305664,2.231029510498047,0.10992957651615143,0.206727996468544,-0.08033513277769089,0.3269805908203125
-17.0939998626709,1.246000051498413,0.9042202234268188,5.941850185394287,0.07076192647218704,0.26075470447540283,-0.17215128242969513,0.6032113432884216
-17.0939998626709,2.246000051498413,0.92485511302948,6.187612533569336,0.1421472579240799,1.904939889907837,-0.01571938954293728,0.2208913117647171
-17.0939998626709,2.246000051498413,0.929796040058136,2.599353551864624,0.10330181568861008,0.14741942286491394,0.046664707362651825,0.5294961929321289
-17.0939998626709,2.246000051498413,1.0950974225997925,5.956596374511719,0.093623086810112,0.033965546637773514,0.0019195436034351587,0.24961243569850922
-17.0939998626709,3.246000051498413,0.9309789538383484,0.12956349551677704,0.09603355079889297,1.9484519958496094,-0.0072127440944314,0.1565624624490738
-17.0939998626709,3.246000051498413,1.1013586521148682,3.0298750400543213,0.10020691901445389,0.1463400423526764,-0.01859482377767563,0.532325804233551
-17.0939998626709,3.246000051498413,1.2423747777938843,6.176390171051025,0.08875722438097,0.02290971763432026,-0.05608883127570152,0.3111116588115692
-17.0939998626709,4.245999813079834,0.9248760342597961,6.1211724281311035,0.05962435156106949,1.643804669380188,0.01413966715335846,0.1801704466342926
-17.0939998626709,4.245999813079834,1.146523356437683,3.0887508392333984,0.09001832455396652,0.095817431807518,0.041737671941518784,0.3952840268611908
-17.0939998626709,4.245999813079834,1.2170602083206177,6.271708011627197,0.07985815405845642,0.028416745364665985,-0.06790000945329666,0.4245455861091614
-17.0939998626709,5.245999813079834,1.0000556707382202,0.07842833548784256,0.06510253995656967,1.3649446964263916,0.029970288276672363,0.3925028443336487
-17.0939998626709,5.245999813079834,1.0745187997817993,3.107975959777832,0.0996786504983902,0.19961805641651154,0.2451024204492569,0.3602582812309265
-17.0939998626709,5.245999813079834,1.1795783042907715,0.15938374400138855,0.08199252188205719,0.028313491493463516,-0.037236858159303665,0.24723884463310242
-17.0939998626709,6.245999813079834,0.8912183046340942,6.142846584320068,0.03387085720896721,1.2559579610824585,0.0375848114490509,0.5207500457763672
-17.0939998626709,6.245999813079834,1.053295373916626,3.280393600463867,0.10198352485895157,0.41428443789482117,0.24412639439105988,0.3323668837547302
-17.0939998626709,6.245999813079834,1.3260512351989746,0.06909798085689545,0.10643360763788223,0.03657737746834755,-0.11258052289485931,0.1468830555677414
-17.0939998626709,7.245999813079834,0.7625537514686584,5.882436752319336,0.017342420294880867,0.9563952088356018,-0.013225150294601917,0.6921986937522888
-17.0939998626709,7.245999813079834,1.0268688201904297,3.0512688159942627,0.189080610871315,0.9546793103218079,0.20615580677986145,0.16717249155044556
-17.0939998626709,7.245999813079834,1.06533682346344,0.35439079999923706,0.14182192087173462,0.1968524307012558,-0.11779460310935974,0.14062878489494324
-17.0939998626709,8.246000289916992,1.0296697616577148,0.9112622141838074,0.05299916863441467,1.6109585762023926,0.06513214856386185,0.5574254393577576
-17.0939998626709,8.246000289916992,1.0928311347961426,3.7340526580810547,0.11541254818439484,0.7302281856536865,0.1014460101723671,0.3586905300617218
-17.0939998626709,8.246000289916992,1.0661214590072632,0.7240203619003296,0.07603580504655838,0.1757672131061554,-0.07997944205999374,0.08388401567935944
-17.0939998626709,9.246000289916992,1.0318235158920288,0.28000256419181824,0.06723356992006302,1.5597641468048096,0.052671484649181366,0.2716573476791382
-17.0939998626709,9.246000289916992,1.1430952548980713,3.5735089778900146,0.1062677800655365,0.63359534740448,0.12230656296014786,0.5515047907829285
-17.0939998626709,9.246000289916992,1.202622413635254,0.7824228405952454,0.08166162669658661,0.07215305417776108,-0.141882061958313,0.17683784663677216
-17.0939998626709,10.246000289916992,1.1332588195800781,0.7885245084762573,0.09248121827840805,2.4693760871887207,0.17423807084560394,0.3072664737701416
-17.0939998626709,10.246000289916992,1.2633625268936157,4.133481025695801,0.08118715137243271,0.09586029499769211,0.10330454260110855,0.4224071800708771
-17.0939998626709,10.246000289916992,1.2390379905700684,0.8490565419197083,0.053040049970149994,0.037626560777425766,-0.18768690526485443,0.27032631635665894
-17.0939998626709,11.246000289916992,1.1635162830352783,4.091674327850342,0.08806124329566956,0.9754058718681335,0.043658770620822906,0.31585100293159485
-17.0939998626709,11.246000289916992,1.0605134963989258,1.6818513870239258,0.15143676102161407,1.4481295347213745,0.060993921011686325,0.1976102590560913
-17.0939998626709,11.246000289916992,1.1523313522338867,0.7732789516448975,0.1013086810708046,0.13388670980930328,-0.12022149562835693,0.48653867840766907
-17.0939998626709,12.246000289916992,0.9177375435829163,4.1329240798950195,0.050885267555713654,0.6159554719924927,0.13144446909427643,0.33966124057769775
-17.0939998626709,12.246000289916992,0.9914701581001282,1.5736160278320312,0.13510310649871826,0.28293460607528687,-0.2435978800058365,0.5648007392883301
-17.0939998626709,12.246000289916992,1.0511165857315063,5.215366363525391,0.20030377805233002,0.8738196492195129,0.03850337117910385,0.09553796052932739
-17.0939998626709,13.246000289916992,0.8766040802001953,2.459967851638794,0.045415036380290985,0.8147009611129761,0.014626272954046726,0.1906835436820984
-17.0939998626709,13.246000289916992,1.1276729106903076,1.7716193199157715,0.11243148893117905,0.054900143295526505,-0.1473102569580078,0.7969944477081299
-17.0939998626709,13.246000289916992,1.2248808145523071,5.750904083251953,0.3233664929866791,0.3516584634780884,0.15637803077697754,0.012322002090513706
-17.0939998626709,14.246000289916992,0.9488171935081482,3.411431074142456,0.16374148428440094,1.2042090892791748,0.03985985368490219,0.012605114839971066
-17.0939998626709,14.246000289916992,1.0084201097488403,1.8769032955169678,0.05186586081981659,0.026964230462908745,0.0884401947259903,0.9839434623718262
-17.0939998626709,14.246000289916992,1.1077344417572021,1.2253551483154297,0.5877622961997986,0.16972637176513672,0.2689126133918762,0.0034514209255576134
-17.0939998626709,15.246000289916992,0.5598512887954712,2.960977077484131,0.049686700105667114,2.6747565269470215,-0.04060973599553108,0.0016612331382930279
-17.0939998626709,15.246000289916992,0.7790601849555969,1.3409419059753418,0.03414447233080864,0.09457255899906158,0.23769785463809967,0.9976086616516113
-17.0939998626709,15.246000289916992,0.625856876373291,1.3407868146896362,0.11311693489551544,0.7825817465782166,-0.27917250990867615,0.0007301205187104642
-17.0939998626709,16.246000289916992,1.1403790712356567,2.443194627761841,0.4892253577709198,0.7867417931556702,0.039289601147174835,0.003954793326556683
-17.0939998626709,16.246000289916992,1.2019442319869995,1.8143789768218994,0.0898735523223877,0.09294097870588303,0.20062963664531708,0.8720395565032959
-17.0939998626709,16.246000289916992,1.415200114250183,1.5813448429107666,0.2928878962993622,0.13358613848686218,-0.042166851460933685,0.12400568276643753
-17.0939998626709,17.246000289916992,0.8487205505371094,4.601886749267578,0.046316444873809814,1.1745543479919434,-0.09553639590740204,0.009550348855555058
-17.0939998626709,17.246000289916992,1.1457010507583618,1.96573805809021,0.10470963269472122,0.10795973241329193,0.48596441745758057,0.9893774390220642
-17.0939998626709,17.246000289916992,0.9536536931991577,0.29063087701797485,0.18330971896648407,0.2791054844856262,-0.07003653794527054,0.0010721721919253469
-17.0939998626709,18.246000289916992,1.105848789215088,1.6290504932403564,0.4447976350784302,1.5388280153274536,-0.0644887387752533,0.006816587410867214
-17.0939998626709,18.246000289916992,1.2707403898239136,2.060420274734497,0.13162361085414886,0.06782987713813782,0.003509204601868987,0.9885621070861816
-17.0939998626709,18.246000289916992,1.261872410774231,0.7212137579917908,0.3877999186515808,0.16279083490371704,-0.024724382907152176,0.004621271975338459
-17.0939998626709,19.246000289916992,0.8713771104812622,6.00745153427124,0.05050068721175194,1.1539442539215088,-0.0629962906241417,0.060907017439603806
-17.0939998626709,19.246000289916992,1.0353988409042358,2.0269546508789062,0.13485562801361084,0.11125058680772781,0.28266701102256775,0.9144262671470642
-17.0939998626709,19.246000289916992,1.085057020187378,6.141934871673584,0.1442963033914566,0.11672089248895645,-0.04410205036401749,0.02466679736971855
-17.0939998626709,20.246000289916992,1.1455024480819702,1.7278757095336914,0.25603413581848145,1.2708652019500732,0.046629589051008224,0.009043175727128983
-17.0939998626709,20.246000289916992,1.0300328731536865,2.259418487548828,0.09542371332645416,0.12031104415655136,0.06541808694601059,0.9897860288619995
-17.0939998626709,20.246000289916992,1.0493124723434448,5.282726287841797,0.16420063376426697,0.402436763048172,0.08529910445213318,0.0011708381352946162
-17.0939998626709,21.246000289916992,0.9570044875144958,1.1704881191253662,0.13686572015285492,1.5802897214889526,-0.01618383079767227,0.0010231084888800979
-17.0939998626709,21.246000289916992,1.029246211051941,2.0817244052886963,0.10986386984586716,0.07275355607271194,0.06822895258665085,0.9970126152038574
-17.0939998626709,21.246000289916992,0.9027405381202698,5.060890197753906,0.1742507666349411,0.5984122157096863,0.13345593214035034,0.0019643071573227644
-17.0939998626709,22.246000289916992,0.7483109831809998,6.275391101837158,0.05648943781852722,1.1698377132415771,-0.0047544632107019424,0.0011703289346769452
-17.0939998626709,22.246000289916992,1.0114223957061768,1.9656556844711304,0.11617415398359299,0.06306925415992737,0.06712953001260757,0.9946335554122925
-17.0939998626709,22.246000289916992,0.8552722334861755,5.043008327484131,0.16232720017433167,0.3501167595386505,0.12534864246845245,0.004196150228381157
-17.0939998626709,23.246000289916992,0.6179834008216858,5.2936906814575195,0.03145487979054451,0.8420020937919617,0.004458575043827295,0.0015057357959449291
-17.0939998626709,23.246000289916992,0.9856189489364624,1.8191171884536743,0.10703641176223755,0.06638076156377792,0.061966221779584885,0.9844058752059937
-17.0939998626709,23.246000289916992,0.8119520545005798,4.961211204528809,0.13548989593982697,0.19789032638072968,0.14638887345790863,0.01408841460943222
-16.0939998626709,-12.753999710083008,0.771130383014679,5.840490341186523,0.1166861355304718,0.8083471655845642,-0.06340672075748444,0.007222892250865698
-16.0939998626709,-12.753999710083008,0.6004397869110107,2.1979942321777344,0.13152801990509033,1.0062978267669678,0.23867042362689972,0.0005542350118048489
-16.0939998626709,-12.753999710083008,0.6440167427062988,4.9143290519714355,0.017796698957681656,0.09607012569904327,0.0036488501355051994,0.9922228455543518
-16.0939998626709,-11.753999710083008,0.7815374135971069,4.745851993560791,0.07264432311058044,0.5330938696861267,0.03612520918250084,0.10952852666378021
-16.0939998626709,-11.753999710083008,0.692323625087738,1.8046913146972656,0.07208419591188431,0.28373607993125916,-0.036418285220861435,0.015595363453030586
-16.0939998626709,-11.753999710083008,0.7846174836158752,4.670697212219238,0.027432825416326523,0.08425027132034302,0.024857977405190468,0.8748761415481567
-16.0939998626709,-10.753999710083008,1.022994875907898,4.642635345458984,0.15433727204799652,0.5325512886047363,0.15407703816890717,0.025294704362750053
-16.0939998626709,-10.753999710083008,0.6793684363365173,1.7806949615478516,0.07087662816047668,0.9887101054191589,0.1959976851940155,0.02494850382208824
-16.0939998626709,-10.753999710083008,0.7340279817581177,4.935638904571533,0.022265687584877014,0.09566697478294373,-0.03298357129096985,0.9497568011283875
-16.0939998626709,-9.753999710083008,0.8246757388114929,5.4640607833862305,0.03557342663407326,0.8692486882209778,-0.07527245581150055,0.28133752942085266
-16.0939998626709,-9.753999710083008,0.716469407081604,1.8176074028015137,0.05712481588125229,0.8873969912528992,-0.17189012467861176,0.10274006426334381
-16.0939998626709,-9.753999710083008,0.8318014144897461,4.277654647827148,0.03258664533495903,0.39709675312042236,0.09542220830917358,0.6159223914146423
-16.0939998626709,-8.753999710083008,1.0500268936157227,5.510244846343994,0.0793081745505333,1.2289280891418457,-0.05858400836586952,0.3424122631549835
-16.0939998626709,-8.753999710083008,0.8627615571022034,1.3354902267456055,0.055811647325754166,0.3099846839904785,-0.24614909291267395,0.3454281687736511
-16.0939998626709,-8.753999710083008,0.9057742357254028,4.454206943511963,0.05168003961443901,0.5002361536026001,-0.025559015572071075,0.31215953826904297
-16.0939998626709,-7.754000186920166,0.8840638995170593,0.3126923143863678,0.05866274610161781,0.9715635180473328,-0.19757838547229767,0.5204137563705444
-16.0939998626709,-7.754000186920166,0.7778051495552063,1.5822547674179077,0.07477888464927673,0.6925827860832214,-0.04188904911279678,0.33690378069877625
-16.0939998626709,-7.754000186920166,0.8758945465087891,4.503173828125,0.04294433444738388,0.191899374127388,0.05037897825241089,0.14268240332603455
-16.0939998626709,-6.754000186920166,1.1382359266281128,5.428929805755615,0.17574375867843628,0.8237444758415222,-0.022791968658566475,0.08877798169851303
-16.0939998626709,-6.754000186920166,0.9357790946960449,1.5209327936172485,0.04965277388691902,0.8349196314811707,0.03715261071920395,0.472948282957077
-16.0939998626709,-6.754000186920166,0.9756219983100891,4.804258346557617,0.01477372832596302,0.6905527114868164,0.0843333974480629,0.43827372789382935
-16.0939998626709,-5.754000186920166,1.0728089809417725,4.71877908706665,0.06360644847154617,1.103489637374878,0.12262310832738876,0.5674192905426025
-16.0939998626709,-5.754000186920166,0.9764809012413025,2.977915048599243,0.12889842689037323,1.2744178771972656,-0.1722363829612732,0.3756621479988098
-16.0939998626709,-5.754000186920166,0.9635086059570312,0.025206778198480606,0.05857894569635391,0.4235202372074127,-0.21117545664310455,0.05691859871149063
-16.0939998626709,-4.754000186920166,0.9529649019241333,6.076634883880615,0.0386577807366848,1.493910789489746,0.04719020426273346,0.47559040784835815
-16.0939998626709,-4.754000186920166,0.986325204372406,3.2565267086029053,0.09922491014003754,0.7648706436157227,0.19066959619522095,0.30627360939979553
-16.0939998626709,-4.754000186920166,1.2904196977615356,0.13888013362884521,0.10627219080924988,0.024223679676651955,-0.054833922535181046,0.21813595294952393
-16.0939998626709,-3.753999948501587,0.9790162444114685,5.07602596282959,0.08842862397432327,1.117180585861206,0.24596287310123444,0.36687004566192627
-16.0939998626709,-3.753999948501587,0.914606511592865,2.072418212890625,0.06210292875766754,0.1752844601869583,-0.20639783143997192,0.5595225095748901
-16.0939998626709,-3.753999948501587,1.0188325643539429,0.6603471040725708,0.12355145066976547,0.18408247828483582,-0.12613311409950256,0.07360745221376419
-16.0939998626709,-2.753999948501587,1.023733139038086,5.361937999725342,0.06353307515382767,1.1442841291427612,0.21840158104896545,0.3498019576072693
-16.0939998626709,-2.753999948501587,0.9098986387252808,1.8584909439086914,0.053276609629392624,0.6658338308334351,-0.1581503450870514,0.5044618248939514
-16.0939998626709,-2.753999948501587,0.8949289321899414,0.8964701294898987,0.046599723398685455,0.22075828909873962,-0.10930287837982178,0.14573624730110168
-16.0939998626709,-1.753999948501587,0.9490712285041809,5.689640998840332,0.03370898589491844,1.1524980068206787,-0.07763257622718811,0.49051499366760254
-16.0939998626709,-1.753999948501587,0.9288272261619568,1.74783456325531,0.04347197711467743,0.3012765645980835,-0.030746061354875565,0.37346768379211426
-16.0939998626709,-1.753999948501587,0.8472636342048645,1.6213518381118774,0.03090476803481579,0.12287500500679016,-0.25245821475982666,0.13601726293563843
-16.0939998626709,-0.7540000081062317,1.0106568336486816,0.052170317620038986,0.07125641405582428,0.779944121837616,0.12725554406642914,0.4049147069454193
-16.0939998626709,-0.7540000081062317,0.9197819828987122,1.6783078908920288,0.12062186747789383,0.5544206500053406,0.11133064329624176,0.3238566517829895
-16.0939998626709,-0.7540000081062317,0.9523965716362,5.700575828552246,0.09347549825906754,0.19915325939655304,0.06131928786635399,0.2712286710739136
-16.0939998626709,0.2460000067949295,0.8922723531723022,6.220694065093994,0.040338028222322464,0.8851603865623474,-0.13991060853004456,0.3630731999874115
-16.0939998626709,0.2460000067949295,0.9618102312088013,2.0249056816101074,0.06780222803354263,0.1458662748336792,-0.2891082167625427,0.31500130891799927
-16.0939998626709,0.2460000067949295,0.9340063333511353,4.922060966491699,0.058448225259780884,0.44850003719329834,-0.11424923688173294,0.32192549109458923
-16.0939998626709,1.246000051498413,1.0397334098815918,4.4001312255859375,0.16883103549480438,1.9914002418518066,0.06903274357318878,0.09049002826213837
-16.0939998626709,1.246000051498413,1.0502433776855469,2.5450687408447266,0.12377969175577164,0.13899631798267365,0.0940631553530693,0.43800437450408936
-16.0939998626709,1.246000051498413,0.8056758046150208,5.633155345916748,0.05039933696389198,0.22089557349681854,-0.16302886605262756,0.4715055525302887
-16.0939998626709,2.246000051498413,0.872992992401123,5.859769821166992,0.062718965113163,1.7797166109085083,0.026319630444049835,0.38766852021217346
-16.0939998626709,2.246000051498413,1.0208098888397217,2.8419272899627686,0.11314436048269272,0.13967527449131012,0.031814005225896835,0.2779214680194855
-16.0939998626709,2.246000051498413,1.2255655527114868,6.153515815734863,0.09156396239995956,0.020015854388475418,-0.050683844834566116,0.33441001176834106
-16.0939998626709,3.246000051498413,0.954542338848114,0.1439482718706131,0.09292472153902054,2.2040483951568604,-0.07202667742967606,0.11992368847131729
-16.0939998626709,3.246000051498413,1.2105894088745117,3.003542900085449,0.0938805565237999,0.07432543486356735,-0.0929151251912117,0.4708612561225891
-16.0939998626709,3.246000051498413,1.2448756694793701,6.222015857696533,0.07024654746055603,0.012152016162872314,-0.10194211453199387,0.4092150032520294
-16.0939998626709,4.245999813079834,0.9889401197433472,0.3325871527194977,0.07689856737852097,1.3859961032867432,-0.006925398018211126,0.15409716963768005
-16.0939998626709,4.245999813079834,1.1445510387420654,3.0435903072357178,0.08238493651151657,0.10662978887557983,0.02598237805068493,0.45864561200141907
-16.0939998626709,4.245999813079834,1.2247883081436157,0.019735727459192276,0.06521900743246078,0.01919015869498253,-0.08452784270048141,0.38725727796554565
-16.0939998626709,5.245999813079834,0.978870689868927,6.013072967529297,0.035098955035209656,1.1310803890228271,0.011299106292426586,0.49517059326171875
-16.0939998626709,5.245999813079834,1.049437165260315,3.011817216873169,0.1147056519985199,0.3411491811275482,0.22481457889080048,0.3437495231628418
-16.0939998626709,5.245999813079834,1.2349839210510254,0.12701424956321716,0.09764447063207626,0.034157443791627884,-0.11369401216506958,0.16107986867427826
-16.0939998626709,6.245999813079834,0.9241448044776917,5.558607578277588,0.02778545953333378,1.0555161237716675,0.07060594856739044,0.5447008609771729
-16.0939998626709,6.245999813079834,1.0750012397766113,3.1088688373565674,0.11457774043083191,0.6053886413574219,0.2784251868724823,0.2994782328605652
-16.0939998626709,6.245999813079834,1.2897263765335083,0.18529614806175232,0.10011772811412811,0.03785177320241928,-0.010078935883939266,0.15582093596458435
-16.0939998626709,7.245999813079834,1.0195854902267456,4.967182159423828,0.06799044460058212,1.2387425899505615,0.019671643152832985,0.37404394149780273
-16.0939998626709,7.245999813079834,0.9626544117927551,2.3841962814331055,0.09241864085197449,0.7791986465454102,0.2999042570590973,0.40383949875831604
-16.0939998626709,7.245999813079834,0.9979547262191772,0.638455331325531,0.08899609744548798,0.157377690076828,-0.08754666894674301,0.22211657464504242
-16.0939998626709,8.246000289916992,1.054652214050293,6.078909873962402,0.1412094086408615,1.3636348247528076,0.24794480204582214,0.11910849064588547
-16.0939998626709,8.246000289916992,0.8550631999969482,2.641740322113037,0.07466315478086472,1.9378650188446045,0.19508709013462067,0.8015807271003723
-16.0939998626709,8.246000289916992,0.8603531718254089,5.561478614807129,0.04967880994081497,0.7341887950897217,0.22123901546001434,0.07931075245141983
-16.0939998626709,9.246000289916992,0.9993476867675781,5.253917217254639,0.03320758789777756,1.1855862140655518,0.14668209850788116,0.30276745557785034
-16.0939998626709,9.246000289916992,1.0514075756072998,2.5220227241516113,0.09716355055570602,1.9071235656738281,0.2579006552696228,0.6584416031837463
-16.0939998626709,9.246000289916992,1.1250061988830566,5.853691577911377,0.07611840218305588,0.4599948525428772,0.011334359645843506,0.03879093378782272
-16.0939998626709,10.246000289916992,0.9123629331588745,0.8657037615776062,0.041715629398822784,1.6895840167999268,0.06619463115930557,0.4265516698360443
-16.0939998626709,10.246000289916992,1.1346441507339478,3.9866702556610107,0.12067059427499771,0.4039604067802429,0.19783949851989746,0.4216446280479431
-16.0939998626709,10.246000289916992,1.1718237400054932,0.9092084765434265,0.07582572847604752,0.099875807762146,-0.2655222713947296,0.15180370211601257
-16.0939998626709,11.246000289916992,1.1371773481369019,3.8466155529022217,0.06504890322685242,0.47166183590888977,0.14564360678195953,0.28473901748657227
-16.0939998626709,11.246000289916992,1.083433985710144,1.193124771118164,0.09267490357160568,0.6546712517738342,0.0534314289689064,0.4195438027381897
-16.0939998626709,11.246000289916992,1.189455509185791,0.6907166242599487,0.15357336401939392,0.33757996559143066,0.047593023627996445,0.29571714997291565
-16.0939998626709,12.246000289916992,1.0764641761779785,4.768739223480225,0.0770518109202385,0.3892109990119934,0.06081436574459076,0.25457286834716797
-16.0939998626709,12.246000289916992,1.0390523672103882,1.000681757926941,0.14619474112987518,0.11240532994270325,-0.3625612258911133,0.6870356202125549
-16.0939998626709,12.246000289916992,1.073110818862915,4.743356227874756,0.23360595107078552,3.388420820236206,0.10112170875072479,0.05839153379201889
-16.0939998626709,13.246000289916992,0.9901561737060547,2.35780668258667,0.12872950732707977,1.30950129032135,0.23563192784786224,0.030319977551698685
-16.0939998626709,13.246000289916992,1.1016701459884644,1.211427927017212,0.09056271612644196,0.12556204199790955,-0.10412924736738205,0.9649320840835571
-16.0939998626709,13.246000289916992,1.0425132513046265,5.6366753578186035,0.2503444254398346,0.886139988899231,0.18999551236629486,0.004747910890728235
-16.0939998626709,14.246000289916992,1.135047197341919,2.3142337799072266,0.9983580708503723,1.527329921722412,0.10096045583486557,0.0070065404288470745
-16.0939998626709,14.246000289916992,1.0907748937606812,1.4909344911575317,0.050555501133203506,0.09155531972646713,-0.2453760951757431,0.820304274559021
-16.0939998626709,14.246000289916992,1.228736162185669,1.1455061435699463,0.18984994292259216,0.0893259346485138,-0.11394572257995605,0.17268924415111542
-16.0939998626709,15.246000289916992,0.961129903793335,0.7547591924667358,0.23024921119213104,1.3497116565704346,0.12761470675468445,0.004251763690263033
-16.0939998626709,15.246000289916992,0.9218600392341614,1.3347437381744385,0.027889354154467583,0.14912302792072296,-0.09741363674402237,0.8973788619041443
-16.0939998626709,15.246000289916992,1.0264383554458618,1.7242578268051147,0.16680750250816345,0.2904755771160126,-0.06388292461633682,0.09836932271718979
-16.0939998626709,16.246000289916992,1.219876766204834,0.9696924686431885,0.40835297107696533,0.7882422804832458,0.02595100924372673,0.006190188229084015
-16.0939998626709,16.246000289916992,1.1303898096084595,1.7437688112258911,0.076800137758255,0.2241244614124298,0.22295305132865906,0.9759052395820618
-16.0939998626709,16.246000289916992,1.247978925704956,1.1117358207702637,0.32604748010635376,0.10995935648679733,0.05942241847515106,0.01790463551878929
-16.0939998626709,17.246000289916992,1.3208544254302979,4.79218864440918,0.464161217212677,2.415229558944702,0.09347544610500336,0.0010953285964205861
-16.0939998626709,17.246000289916992,1.248081088066101,1.9320244789123535,0.08311229199171066,0.10331553220748901,0.21325232088565826,0.9956018924713135
-16.0939998626709,17.246000289916992,1.0983011722564697,1.1561444997787476,0.14540112018585205,0.23843203485012054,-0.23723851144313812,0.0033027140889316797
-16.0939998626709,18.246000289916992,0.9405256509780884,5.317248344421387,0.0928870216012001,1.5508198738098145,0.18979094922542572,0.008996039628982544
-16.0939998626709,18.246000289916992,1.1716876029968262,1.9156447649002075,0.09317571669816971,0.13994823396205902,0.036354418843984604,0.9898329973220825
-16.0939998626709,18.246000289916992,1.123913288116455,0.10817138850688934,0.20537050068378448,0.40334397554397583,0.00822274386882782,0.0011709941318258643
-16.0939998626709,19.246000289916992,1.071419358253479,0.7225514650344849,0.15133170783519745,1.1005947589874268,0.10593762993812561,0.05880125239491463
-16.0939998626709,19.246000289916992,1.0667985677719116,1.9187692403793335,0.12465503811836243,0.12401872873306274,0.09121625125408173,0.91837477684021
-16.0939998626709,19.246000289916992,1.0129832029342651,6.22585391998291,0.1022009626030922,0.16732588410377502,-0.003846179461106658,0.022823955863714218
-16.0939998626709,20.246000289916992,0.8889694213867188,2.1109201908111572,0.05989928916096687,0.8997271060943604,0.00130598118994385,0.040170855820178986
-16.0939998626709,20.246000289916992,1.08387291431427,1.765796184539795,0.11530672013759613,0.08369376510381699,0.08328080177307129,0.9581284523010254
-16.0939998626709,20.246000289916992,1.0385465621948242,4.898062705993652,0.19842569530010223,0.5638447999954224,0.039562441408634186,0.0017007560236379504
-16.0939998626709,21.246000289916992,0.8776641488075256,1.2751820087432861,0.09430699795484543,1.4398694038391113,-0.00034576826146803796,0.0066597433760762215
-16.0939998626709,21.246000289916992,1.0258827209472656,1.7375829219818115,0.1198485717177391,0.07915269583463669,0.15451733767986298,0.9928673505783081
-16.0939998626709,21.246000289916992,0.97513747215271,4.525771617889404,0.42979753017425537,1.6569792032241821,0.09825503081083298,0.00047292615636251867
-16.0939998626709,22.246000289916992,0.7677904963493347,1.6665863990783691,0.08694528788328171,1.6941403150558472,-0.0345073901116848,0.0013533473247662187
-16.0939998626709,22.246000289916992,0.9995771646499634,1.6381596326828003,0.10745205730199814,0.05854278430342674,0.14064490795135498,0.9985645413398743
-16.0939998626709,22.246000289916992,0.9451473355293274,4.400632858276367,0.6426994800567627,1.8965504169464111,0.12873446941375732,8.21077119326219e-05
-16.0939998626709,23.246000289916992,0.7238569855690002,1.2675340175628662,0.12181032449007034,2.0734429359436035,-0.023223713040351868,0.0002761656360235065
-16.0939998626709,23.246000289916992,0.9741919040679932,1.5572744607925415,0.0945669412612915,0.04911293834447861,0.1336376816034317,0.9997013211250305
-16.0939998626709,23.246000289916992,0.9103160500526428,4.254268646240234,0.7480342984199524,2.206988573074341,0.15626247227191925,2.2549236746272072e-05
-16.0939998626709,24.246000289916992,0.6914037466049194,0.8856415152549744,0.16296188533306122,2.4855947494506836,-0.011978581547737122,9.752518235472962e-05
-16.0939998626709,24.246000289916992,0.9383201003074646,1.484793782234192,0.08650705218315125,0.044608309864997864,0.12409678101539612,0.9998905658721924
-16.0939998626709,24.246000289916992,0.883212685585022,4.144712448120117,0.8348567485809326,2.111060380935669,0.17089276015758514,1.1965997146035079e-05
-15.093999862670898,-12.753999710083008,0.7320297956466675,5.599241733551025,0.07217874377965927,0.9909120202064514,-0.006154945585876703,0.12676522135734558
-15.093999862670898,-12.753999710083008,0.6419634222984314,2.396252155303955,0.1273888200521469,0.3361392617225647,0.2291044294834137,0.012148600071668625
-15.093999862670898,-12.753999710083008,0.7205114960670471,4.972709655761719,0.03585964813828468,0.07965365052223206,0.027468573302030563,0.8610861897468567
-15.093999862670898,-11.753999710083008,0.8573586940765381,5.151208400726318,0.11525131016969681,0.5352391600608826,0.0309403408318758,0.08705414086580276
-15.093999862670898,-11.753999710083008,0.6876164674758911,1.3891137838363647,0.06673315167427063,0.19767767190933228,-0.07243658602237701,0.008953933604061604
-15.093999862670898,-11.753999710083008,0.6871505379676819,4.652719497680664,0.01958015002310276,0.09470216184854507,0.013736885040998459,0.9039919972419739
-15.093999862670898,-10.753999710083008,1.0535166263580322,5.53985595703125,0.2281767874956131,0.5791205167770386,0.17370010912418365,0.0053345696069300175
-15.093999862670898,-10.753999710083008,0.6509290337562561,1.592972993850708,0.07666037231683731,1.3660798072814941,0.17309461534023285,0.006674645002931356
-15.093999862670898,-10.753999710083008,0.688341498374939,4.873021125793457,0.014625056646764278,0.0864177718758583,0.04400007054209709,0.9879907965660095
-15.093999862670898,-9.753999710083008,0.8010244369506836,5.215200424194336,0.03026864305138588,0.7285970449447632,-0.10733599215745926,0.1732887327671051
-15.093999862670898,-9.753999710083008,0.6272615194320679,1.6812353134155273,0.04928818717598915,0.7632941007614136,-0.03856653347611427,0.0994512140750885
-15.093999862670898,-9.753999710083008,0.7492625117301941,4.392565727233887,0.02364833652973175,0.34121644496917725,0.11671251058578491,0.7272600531578064
-15.093999862670898,-8.753999710083008,0.9379408955574036,5.318421840667725,0.03456861525774002,1.2973604202270508,-0.05987123027443886,0.48935192823410034
-15.093999862670898,-8.753999710083008,0.8878201842308044,1.7485501766204834,0.08895733952522278,0.4054854214191437,-0.23676930367946625,0.23129546642303467
-15.093999862670898,-8.753999710083008,0.9041531682014465,4.483952522277832,0.05588369444012642,0.38509243726730347,-0.056012436747550964,0.279352605342865
-15.093999862670898,-7.754000186920166,0.8797715306282043,5.9095377922058105,0.03334503248333931,0.9183028936386108,-0.14887313544750214,0.7167195677757263
-15.093999862670898,-7.754000186920166,0.8345575332641602,1.4748533964157104,0.0832676887512207,0.6687970757484436,-0.08505382388830185,0.17922763526439667
-15.093999862670898,-7.754000186920166,0.916326642036438,4.557400226593018,0.04681763797998428,0.2167593091726303,0.024111267179250717,0.10405278205871582
-15.093999862670898,-6.754000186920166,1.1814161539077759,6.231058120727539,0.16101865470409393,0.8916869759559631,0.055134367197752,0.08869948983192444
-15.093999862670898,-6.754000186920166,0.9818267226219177,1.5851365327835083,0.05496066063642502,0.9125258326530457,0.04255317524075508,0.5871161818504333
-15.093999862670898,-6.754000186920166,1.0466809272766113,5.010498523712158,0.02695038728415966,1.0431216955184937,0.08933647722005844,0.3241843581199646
-15.093999862670898,-5.754000186920166,0.9862090945243835,4.244510650634766,0.0609804131090641,0.8422468304634094,0.17328760027885437,0.28652051091194153
-15.093999862670898,-5.754000186920166,0.8715876936912537,1.7840126752853394,0.06044705957174301,1.2343130111694336,-0.19687549769878387,0.7012381553649902
-15.093999862670898,-5.754000186920166,0.9323022365570068,0.1245335191488266,0.07647663354873657,1.3160351514816284,-0.04309030622243881,0.01224130392074585
-15.093999862670898,-4.754000186920166,1.0344934463500977,4.806091785430908,0.03920673951506615,0.8322749137878418,0.18584245443344116,0.43670979142189026
-15.093999862670898,-4.754000186920166,1.042306900024414,2.633859872817993,0.12122499942779541,1.3930217027664185,0.27647191286087036,0.2592676877975464
-15.093999862670898,-4.754000186920166,1.3203526735305786,0.19680824875831604,0.08146360516548157,0.016496971249580383,-0.04176972061395645,0.30402249097824097
-15.093999862670898,-3.753999948501587,1.0554009675979614,5.0053887367248535,0.08657675236463547,0.6110720634460449,0.20004726946353912,0.5466282963752747
-15.093999862670898,-3.753999948501587,0.9452558159828186,1.5772513151168823,0.06664330512285233,0.28457507491111755,-0.20865216851234436,0.38070741295814514
-15.093999862670898,-3.753999948501587,1.0693739652633667,0.341861754655838,0.09952350705862045,0.17660461366176605,-0.08987464755773544,0.07266421616077423
-15.093999862670898,-2.753999948501587,0.9475495219230652,5.462757110595703,0.0423559695482254,1.2211687564849854,0.2134019136428833,0.44077667593955994
-15.093999862670898,-2.753999948501587,0.9937936067581177,2.211395502090454,0.07828031480312347,0.2732909321784973,-0.26419806480407715,0.4722391664981842
-15.093999862670898,-2.753999948501587,0.906375527381897,0.578727662563324,0.05351756513118744,0.17597562074661255,-0.10165417194366455,0.08698413521051407
-15.093999862670898,-1.753999948501587,0.9488908648490906,5.460738658905029,0.03562778979539871,1.0018813610076904,0.007886101491749287,0.8674383163452148
-15.093999862670898,-1.753999948501587,0.9775419235229492,1.9461942911148071,0.059957556426525116,0.21986228227615356,-0.10241854190826416,0.10162537544965744
-15.093999862670898,-1.753999948501587,0.9147782921791077,1.1689854860305786,0.05217331647872925,0.20803359150886536,-0.10551507771015167,0.03093630075454712
-15.093999862670898,-0.7540000081062317,1.1094788312911987,5.346377372741699,0.07187911123037338,0.6992146372795105,0.08468697965145111,0.5074254274368286
-15.093999862670898,-0.7540000081062317,1.0023105144500732,1.5256379842758179,0.11829500645399094,0.8675812482833862,0.2631462514400482,0.3830079734325409
-15.093999862670898,-0.7540000081062317,1.0264900922775269,5.771141052246094,0.13342857360839844,0.3558770418167114,0.05048737674951553,0.10956663638353348
-15.093999862670898,0.2460000067949295,1.1531471014022827,6.05303955078125,0.10043873637914658,0.8765966296195984,-0.11007669568061829,0.5149762034416199
-15.093999862670898,0.2460000067949295,0.9818416237831116,1.7125368118286133,0.06770379096269608,0.48304030299186707,-0.23968683183193207,0.35393983125686646
-15.093999862670898,0.2460000067949295,0.9095494747161865,4.815720558166504,0.04080645367503166,0.6853312253952026,-0.06871414929628372,0.13108393549919128
-15.093999862670898,1.246000051498413,1.0184173583984375,4.868505477905273,0.12542206048965454,1.2753890752792358,-0.051038917154073715,0.26459991931915283
-15.093999862670898,1.246000051498413,0.9695870280265808,2.169846534729004,0.08333814144134521,0.30234819650650024,0.23940594494342804,0.5080974102020264
-15.093999862670898,1.246000051498413,0.8394346237182617,6.236475467681885,0.03931323066353798,0.2775442898273468,-0.17958873510360718,0.2273026704788208
-15.093999862670898,2.246000051498413,0.8384107947349548,0.12644879519939423,0.047705963253974915,1.7769203186035156,-0.0014628700446337461,0.40721428394317627
-15.093999862670898,2.246000051498413,1.084073543548584,2.974679708480835,0.10899432003498077,0.10980023443698883,0.05149848759174347,0.281480610370636
-15.093999862670898,2.246000051498413,1.1979882717132568,6.184497833251953,0.07720646262168884,0.021838122978806496,-0.1067328155040741,0.31130510568618774
-15.093999862670898,3.246000051498413,1.0055484771728516,5.961610794067383,0.09807566553354263,1.9803777933120728,-0.03605050966143608,0.13871906697750092
-15.093999862670898,3.246000051498413,1.2677041292190552,3.0206234455108643,0.09393243491649628,0.056120116263628006,-0.09128472954034805,0.4998401999473572
-15.093999862670898,3.246000051498413,1.296636700630188,6.265175819396973,0.06880512833595276,0.01146226841956377,-0.1013263389468193,0.3614407479763031
-15.093999862670898,4.245999813079834,0.9766213297843933,6.264140605926514,0.06895240396261215,1.458390474319458,0.0034839529544115067,0.17773310840129852
-15.093999862670898,4.245999813079834,1.1274044513702393,2.99261736869812,0.0851515531539917,0.09340213984251022,0.03991848602890968,0.3921149671077728
-15.093999862670898,4.245999813079834,1.2021409273147583,6.271875381469727,0.06470202654600143,0.01907992921769619,-0.08284622430801392,0.43015193939208984
-15.093999862670898,5.245999813079834,0.9876784682273865,5.897560119628906,0.03720783442258835,1.2657030820846558,0.0328032448887825,0.47470396757125854
-15.093999862670898,5.245999813079834,1.0486726760864258,3.000518798828125,0.11513565480709076,0.3801274001598358,0.14971379935741425,0.32286787033081055
-15.093999862670898,5.245999813079834,1.2220005989074707,0.08782538771629333,0.08677538484334946,0.03778299689292908,-0.1277094930410385,0.20242808759212494
-15.093999862670898,6.245999813079834,0.9531984925270081,5.615400791168213,0.02957221493124962,0.9641504287719727,0.05120612308382988,0.4122905731201172
-15.093999862670898,6.245999813079834,1.0866953134536743,2.98759126663208,0.11533603072166443,0.6476214528083801,0.2862343490123749,0.35190969705581665
-15.093999862670898,6.245999813079834,1.2926346063613892,0.07441195845603943,0.09194745123386383,0.04162498190999031,-0.01982145570218563,0.23579974472522736
-15.093999862670898,7.245999813079834,1.0072596073150635,5.367063522338867,0.05798491835594177,1.2370761632919312,-0.028377657756209373,0.39261236786842346
-15.093999862670898,7.245999813079834,1.023782730102539,2.6603095531463623,0.08892377465963364,0.4155956506729126,0.3192744553089142,0.42171144485473633
-15.093999862670898,7.245999813079834,0.9689125418663025,0.2555968761444092,0.06853161007165909,0.14073523879051208,-0.03475712612271309,0.1856762170791626
-15.093999862670898,8.246000289916992,1.1271140575408936,0.6607129573822021,0.29013362526893616,1.498160481452942,0.1304580569267273,0.06023406982421875
-15.093999862670898,8.246000289916992,1.0483969449996948,2.1520793437957764,0.10712042450904846,0.4879756569862366,0.22400827705860138,0.6285213232040405
-15.093999862670898,8.246000289916992,1.0187283754348755,5.19643497467041,0.05275827273726463,0.40377408266067505,0.25432288646698,0.31124451756477356
-15.093999862670898,9.246000289916992,1.079404592514038,5.590561389923096,0.05866220220923424,1.294260025024414,0.04813982546329498,0.2864629924297333
-15.093999862670898,9.246000289916992,1.048221468925476,1.792170763015747,0.0708538293838501,0.7419739961624146,0.22871030867099762,0.37849923968315125
-15.093999862670898,9.246000289916992,0.9968275427818298,4.835137844085693,0.027053939178586006,0.369621217250824,0.17167457938194275,0.33503779768943787
-15.093999862670898,10.246000289916992,0.8584578633308411,0.06280959397554398,0.04674997553229332,1.5288887023925781,0.02137765847146511,0.17829689383506775
-15.093999862670898,10.246000289916992,1.073988676071167,3.7572743892669678,0.11990673094987869,0.5636633038520813,0.27865540981292725,0.6131423711776733
-15.093999862670898,10.246000289916992,1.1760926246643066,0.833401620388031,0.10335041582584381,0.13353724777698517,-0.27648672461509705,0.20856070518493652
-15.093999862670898,11.246000289916992,1.091564655303955,3.7203855514526367,0.0665353313088417,0.3455093204975128,0.1934189647436142,0.4519447386264801
-15.093999862670898,11.246000289916992,1.0302599668502808,0.9909319877624512,0.10418835282325745,0.417887806892395,-0.1561502069234848,0.3548225164413452
-15.093999862670898,11.246000289916992,1.0985662937164307,6.255134582519531,0.1475820690393448,0.9050977230072021,0.10334069281816483,0.1932327300310135
-15.093999862670898,12.246000289916992,1.187443733215332,4.225065231323242,0.10625265538692474,0.3300408720970154,0.026663731783628464,0.23903048038482666
-15.093999862670898,12.246000289916992,1.0786346197128296,0.8317652344703674,0.1267268806695938,0.08727966994047165,-0.3918057978153229,0.5660213828086853
-15.093999862670898,12.246000289916992,1.050992727279663,4.29896354675293,0.15475021302700043,3.50305438041687,0.13674667477607727,0.19494816660881042
-15.093999862670898,13.246000289916992,1.207432508468628,5.491550445556641,0.39592015743255615,1.796557903289795,0.24660183489322662,0.005492423195391893
-15.093999862670898,13.246000289916992,1.0865904092788696,1.3972820043563843,0.09225594997406006,0.3822724521160126,-0.08468178659677505,0.9728875160217285
-15.093999862670898,13.246000289916992,1.041551113128662,5.191201686859131,0.1290670931339264,0.6331414580345154,0.0915994718670845,0.02161998860538006
-15.093999862670898,14.246000289916992,1.080260157585144,2.6003642082214355,0.5586193799972534,1.3895025253295898,0.13461053371429443,0.018394609913229942
-15.093999862670898,14.246000289916992,1.0528641939163208,1.6632717847824097,0.0603657029569149,0.32210561633110046,-0.2628019452095032,0.9477994441986084
-15.093999862670898,14.246000289916992,1.2547775506973267,1.2051658630371094,0.20274533331394196,0.12896668910980225,-0.1351165473461151,0.033805884420871735
-15.093999862670898,15.246000289916992,1.1928215026855469,1.4030472040176392,1.0022938251495361,1.2720677852630615,0.23829424381256104,0.0031235471833497286
-15.093999862670898,15.246000289916992,0.8898262977600098,1.8413269519805908,0.019436847418546677,0.14990100264549255,-0.009664084762334824,0.6816874742507935
-15.093999862670898,15.246000289916992,1.0394154787063599,1.6168510913848877,0.07972512394189835,0.11751928180456161,-0.016770537942647934,0.31518903374671936
-15.093999862670898,16.246000289916992,1.059189796447754,1.3239513635635376,0.4058925211429596,1.3257216215133667,-0.009766995906829834,0.0013908137334510684
-15.093999862670898,16.246000289916992,1.0917516946792603,1.8938164710998535,0.05629083886742592,0.13755492866039276,0.19817329943180084,0.9958205223083496
-15.093999862670898,16.246000289916992,1.251325011253357,0.7750986814498901,0.33649173378944397,0.10682328045368195,0.020684141665697098,0.002788679441437125
-15.093999862670898,17.246000289916992,1.2997233867645264,5.398797988891602,0.3276444375514984,1.7951699495315552,0.2065865695476532,0.0061841863207519054
-15.093999862670898,17.246000289916992,1.1628656387329102,2.0182945728302,0.08597008883953094,0.143931582570076,0.1299973726272583,0.9873974919319153
-15.093999862670898,17.246000289916992,1.115687370300293,0.810467541217804,0.14717997610569,0.2919008433818817,-0.06510469317436218,0.006418267730623484
-15.093999862670898,18.246000289916992,0.9421361684799194,0.08314711600542068,0.08435548841953278,1.5722594261169434,0.17205320298671722,0.00609683059155941
-15.093999862670898,18.246000289916992,1.1642210483551025,1.7999231815338135,0.09499470889568329,0.13746292889118195,0.08722341805696487,0.9933904409408569
-15.093999862670898,18.246000289916992,1.0566449165344238,6.243391036987305,0.19766093790531158,0.5466371178627014,0.011850757524371147,0.000512775091920048
-15.093999862670898,19.246000289916992,1.0390567779541016,0.6555196642875671,0.10297415405511856,1.05243718624115,0.1697087585926056,0.04093550890684128
-15.093999862670898,19.246000289916992,1.0862525701522827,1.5271368026733398,0.109686940908432,0.11983834207057953,0.0009772263001650572,0.9416069984436035
-15.093999862670898,19.246000289916992,1.1066700220108032,0.2116171419620514,0.15036636590957642,0.3186951279640198,-0.025838403031229973,0.01745757833123207
-15.093999862670898,20.246000289916992,0.9313696026802063,1.403792381286621,0.10159210860729218,1.2595196962356567,0.12970972061157227,0.056387610733509064
-15.093999862670898,20.246000289916992,1.0648938417434692,1.5339487791061401,0.11102747917175293,0.0827394500374794,0.015602904371917248,0.9382094144821167
-15.093999862670898,20.246000289916992,1.0385348796844482,5.371030330657959,0.2227022796869278,0.706628680229187,0.03484301641583443,0.0054030162282288074
-15.093999862670898,21.246000289916992,0.9167203307151794,0.6357561349868774,0.14150522649288177,1.3723093271255493,0.05862012505531311,0.024680716916918755
-15.093999862670898,21.246000289916992,1.0251376628875732,1.5910383462905884,0.13281047344207764,0.07369726896286011,0.015697486698627472,0.9736951589584351
-15.093999862670898,21.246000289916992,1.0105100870132446,4.500020980834961,0.3894590735435486,1.3916573524475098,0.13779699802398682,0.0016240853583440185
-15.093999862670898,22.246000289916992,0.8252080082893372,2.906301259994507,0.173959881067276,1.7265163660049438,-0.06531374901533127,0.003141828579828143
-15.093999862670898,22.246000289916992,1.0768015384674072,1.6552605628967285,0.11870545893907547,0.028209898620843887,0.04988174885511398,0.9965908527374268
-15.093999862670898,22.246000289916992,1.0442405939102173,4.263042449951172,0.43963614106178284,0.5157133340835571,0.19646914303302765,0.00026726623764261603
-15.093999862670898,23.246000289916992,0.8642067313194275,4.147646903991699,0.44486477971076965,2.236569404602051,-0.09022165089845657,0.0006363076972775161
-15.093999862670898,23.246000289916992,1.0737175941467285,1.5279830694198608,0.11021847277879715,0.01844354160130024,0.04033283516764641,0.9992823004722595
-15.093999862670898,23.246000289916992,1.085046648979187,3.9964582920074463,0.5731242299079895,0.3312605023384094,0.249107226729393,8.140579302562401e-05
-14.093999862670898,-12.753999710083008,0.7831286787986755,5.109328269958496,0.08678597956895828,1.558938980102539,0.12558995187282562,0.01529306173324585
-14.093999862670898,-12.753999710083008,0.7526988387107849,3.141940116882324,0.12322000414133072,0.20782634615898132,-0.06684385985136032,0.0027838931418955326
-14.093999862670898,-12.753999710083008,0.7014434933662415,4.8663835525512695,0.024393757805228233,0.02752416394650936,0.028029022738337517,0.9819230437278748
-14.093999862670898,-11.753999710083008,0.84707111120224,4.9533796310424805,0.04481201618909836,0.37728360295295715,-0.03441214933991432,0.34656938910484314
-14.093999862670898,-11.753999710083008,0.7410037517547607,2.521153450012207,0.14380218088626862,0.6810146570205688,0.17772044241428375,0.013770858757197857
-14.093999862670898,-11.753999710083008,0.744536817073822,4.72184419631958,0.021484242752194405,0.09947775304317474,0.013937150128185749,0.6396597623825073
-14.093999862670898,-10.753999710083008,0.8251779079437256,4.623073577880859,0.0704549178481102,0.44008129835128784,0.001832314534112811,0.06687747687101364
-14.093999862670898,-10.753999710083008,0.6273322105407715,1.9627434015274048,0.10440608114004135,1.4832860231399536,0.19387243688106537,0.01115178782492876
-14.093999862670898,-10.753999710083008,0.6312824487686157,4.689603805541992,0.013586554676294327,0.15404237806797028,0.02024419605731964,0.9219707250595093
-14.093999862670898,-9.753999710083008,0.8317533135414124,4.896247386932373,0.06645829230546951,1.0173225402832031,0.05521119013428688,0.24054741859436035
-14.093999862670898,-9.753999710083008,0.6307178139686584,1.1234462261199951,0.03284918889403343,0.7219974398612976,0.09173449873924255,0.5316028594970703
-14.093999862670898,-9.753999710083008,0.7086315155029297,4.881134033203125,0.02016381174325943,0.30117344856262207,0.06288184225559235,0.22784970700740814
-14.093999862670898,-8.753999710083008,0.9700955748558044,5.421524524688721,0.038383062928915024,1.523736596107483,-0.14552605152130127,0.2591577172279358
-14.093999862670898,-8.753999710083008,0.8694918155670166,1.5591343641281128,0.08581236749887466,0.8380598425865173,-0.00622893963009119,0.5312456488609314
-14.093999862670898,-8.753999710083008,0.7709037065505981,4.4252190589904785,0.03383617475628853,0.5620815753936768,-0.09322187304496765,0.209596648812294
-14.093999862670898,-7.754000186920166,0.9510079026222229,5.098608493804932,0.02958746999502182,0.9475853443145752,0.06085943430662155,0.5285611152648926
-14.093999862670898,-7.754000186920166,0.9748899340629578,1.6112724542617798,0.09344895929098129,0.5585214495658875,-0.11567392200231552,0.2611680328845978
-14.093999862670898,-7.754000186920166,0.9844961166381836,4.381564617156982,0.052185483276844025,0.25857266783714294,0.1309795379638672,0.21027086675167084
-14.093999862670898,-6.754000186920166,1.0001859664916992,5.140355110168457,0.026666220277547836,0.5791444182395935,0.06591997295618057,0.48215368390083313
-14.093999862670898,-6.754000186920166,0.901002049446106,1.598908543586731,0.03765436261892319,1.8827544450759888,-0.20242050290107727,0.41990724205970764
-14.093999862670898,-6.754000186920166,1.1821225881576538,5.834508895874023,0.08059311658143997,1.9049514532089233,0.07779259979724884,0.09793911874294281
-14.093999862670898,-5.754000186920166,0.9289482831954956,5.165594100952148,0.074260413646698,0.848903477191925,0.21614375710487366,0.3245174288749695
-14.093999862670898,-5.754000186920166,0.8721423745155334,1.9636178016662598,0.07978551834821701,0.7492184638977051,-0.2035767138004303,0.52735435962677
-14.093999862670898,-5.754000186920166,1.0055174827575684,6.101510524749756,0.10828141868114471,0.6854929327964783,-0.08899427205324173,0.14812825620174408
-14.093999862670898,-4.754000186920166,0.9664066433906555,5.32442569732666,0.03928237780928612,0.7186176776885986,0.07250810414552689,0.49719610810279846
-14.093999862670898,-4.754000186920166,1.0668302774429321,2.3830857276916504,0.157842218875885,0.5529356002807617,0.382500559091568,0.14728988707065582
-14.093999862670898,-4.754000186920166,1.3226511478424072,0.13038206100463867,0.08563143014907837,0.01762615144252777,-0.09330599009990692,0.3555140197277069
-14.093999862670898,-3.753999948501587,1.1569122076034546,5.512972354888916,0.06772413104772568,0.5675396919250488,0.14779719710350037,0.5359100699424744
-14.093999862670898,-3.753999948501587,1.0349023342132568,1.3845149278640747,0.04264567047357559,0.5151664614677429,-0.10908921808004379,0.35300132632255554
-14.093999862670898,-3.753999948501587,1.32085382938385,0.36325332522392273,0.09120588004589081,0.10569129884243011,-0.14628417789936066,0.11108855903148651
-14.093999862670898,-2.753999948501587,1.0713610649108887,4.780243396759033,0.06045598164200783,1.2201634645462036,0.17251288890838623,0.6028600931167603
-14.093999862670898,-2.753999948501587,0.9927427768707275,3.0631165504455566,0.08206699788570404,1.9079914093017578,0.3091071546077728,0.2511904537677765
-14.093999862670898,-2.753999948501587,1.118821144104004,1.3111300468444824,0.0482303686439991,0.028288578614592552,-0.2460142821073532,0.1459493786096573
-14.093999862670898,-1.753999948501587,1.1085686683654785,4.86184024810791,0.03954027220606804,1.2224845886230469,0.199392169713974,0.9103522896766663
-14.093999862670898,-1.753999948501587,1.063731074333191,2.5566720962524414,0.13061922788619995,1.301316738128662,0.14212258160114288,0.06653323024511337
-14.093999862670898,-1.753999948501587,1.240999460220337,0.889248251914978,0.16352157294750214,0.15633729100227356,-0.04290034994482994,0.023114383220672607
-14.093999862670898,-0.7540000081062317,1.150524616241455,5.867164611816406,0.05214078351855278,0.4802108705043793,-0.018215402960777283,0.28468480706214905
-14.093999862670898,-0.7540000081062317,1.0600416660308838,1.237346887588501,0.09459652751684189,1.8525723218917847,-0.019281990826129913,0.3972954750061035
-14.093999862670898,-0.7540000081062317,1.0017173290252686,4.864541530609131,0.04152529686689377,0.5027600526809692,0.04049686715006828,0.3180197775363922
-14.093999862670898,0.2460000067949295,1.1173949241638184,4.594165802001953,0.054526858031749725,0.48789477348327637,0.12152275443077087,0.34915387630462646
-14.093999862670898,0.2460000067949295,1.0017598867416382,2.088918447494507,0.11426796764135361,0.882021427154541,0.20958338677883148,0.4547092914581299
-14.093999862670898,0.2460000067949295,1.0389130115509033,4.239482879638672,0.058668509125709534,0.3100835382938385,0.2598069906234741,0.19613680243492126
-14.093999862670898,1.246000051498413,1.0246927738189697,4.819774627685547,0.0564776174724102,0.6887466311454773,-0.1442391723394394,0.5873807072639465
-14.093999862670898,1.246000051498413,0.9342604279518127,1.5685685873031616,0.07334879040718079,1.3618199825286865,0.37683001160621643,0.32700422406196594
-14.093999862670898,1.246000051498413,0.8980423212051392,6.104454517364502,0.02855004370212555,0.3855835795402527,-0.09592357277870178,0.08561503887176514
-14.093999862670898,2.246000051498413,1.0005446672439575,6.032762050628662,0.05428367480635643,1.4077988862991333,0.045236602425575256,0.444644957780838
-14.093999862670898,2.246000051498413,1.110514521598816,2.9761743545532227,0.08483292907476425,0.11943612992763519,0.1641501635313034,0.2607850432395935
-14.093999862670898,2.246000051498413,1.2925492525100708,6.214380264282227,0.08297118544578552,0.01594408228993416,-0.015253228135406971,0.2945699393749237
-14.093999862670898,3.246000051498413,0.9958593845367432,5.641692638397217,0.061075177043676376,1.3202242851257324,0.08136902004480362,0.2005586475133896
-14.093999862670898,3.246000051498413,1.1481457948684692,3.0240883827209473,0.08538595587015152,0.10162045061588287,0.11405833810567856,0.4031118154525757
-14.093999862670898,3.246000051498413,1.2162619829177856,6.2534379959106445,0.06455327570438385,0.020480142906308174,0.040325067937374115,0.39632946252822876
-14.093999862670898,4.245999813079834,0.9654959440231323,5.815026760101318,0.05978685989975929,1.7164947986602783,0.07893209904432297,0.19945843517780304
-14.093999862670898,4.245999813079834,1.1017591953277588,2.965592622756958,0.08676647394895554,0.1052154153585434,0.13709087669849396,0.32198360562324524
-14.093999862670898,4.245999813079834,1.1677356958389282,6.2045207023620605,0.06094448268413544,0.021577516570687294,-0.05136686563491821,0.4785579442977905
-14.093999862670898,5.245999813079834,0.9027844071388245,5.595375061035156,0.032669954001903534,1.499760627746582,0.02119382843375206,0.29193028807640076
-14.093999862670898,5.245999813079834,1.078966498374939,3.145080804824829,0.08092155307531357,0.2017766684293747,0.11452368646860123,0.40266117453575134
-14.093999862670898,5.245999813079834,1.2373298406600952,0.026713181287050247,0.08323507755994797,0.031825777143239975,-0.088490329682827,0.3054085373878479
-14.093999862670898,6.245999813079834,0.9533711671829224,4.936402797698975,0.03491254150867462,0.8923603296279907,0.028714552521705627,0.48249977827072144
-14.093999862670898,6.245999813079834,1.1084357500076294,2.8301312923431396,0.11162510514259338,0.32671886682510376,0.23255717754364014,0.2628594636917114
-14.093999862670898,6.245999813079834,1.2316029071807861,0.07560201734304428,0.09685321152210236,0.09843701124191284,-0.02651366777718067,0.2546407878398895
-14.093999862670898,7.245999813079834,1.14522385597229,5.771109104156494,0.1239175871014595,1.7043699026107788,0.12743379175662994,0.11928963661193848
-14.093999862670898,7.245999813079834,1.0674357414245605,2.9156599044799805,0.09513743966817856,0.4040340781211853,0.1486695408821106,0.5751142501831055
-14.093999862670898,7.245999813079834,1.053894281387329,0.018178366124629974,0.0803399384021759,0.27730420231819153,-0.07959121465682983,0.30559614300727844
-14.093999862670898,8.246000289916992,1.0380851030349731,0.16684727370738983,0.18924276530742645,1.3610495328903198,0.048511046916246414,0.15130145847797394
-14.093999862670898,8.246000289916992,1.0665168762207031,2.5665156841278076,0.08526064455509186,0.12475740909576416,0.10632173717021942,0.5469772219657898
-14.093999862670898,8.246000289916992,1.028548240661621,5.676520824432373,0.06907044351100922,0.3135879635810852,0.16124416887760162,0.30172133445739746
-14.093999862670898,9.246000289916992,0.9881799817085266,6.085862159729004,0.2318985015153885,1.7757916450500488,0.0885508805513382,0.11820818483829498
-14.093999862670898,9.246000289916992,0.9391949772834778,2.190627336502075,0.0797322690486908,0.28903523087501526,0.058237381279468536,0.39125603437423706
-14.093999862670898,9.246000289916992,0.9277635216712952,4.47334098815918,0.03271599858999252,0.1289754956960678,0.10913445800542831,0.49053576588630676
-14.093999862670898,10.246000289916992,0.7663701176643372,5.69875955581665,0.03554929792881012,1.7592096328735352,0.025959713384509087,0.17921680212020874
-14.093999862670898,10.246000289916992,0.959187388420105,3.3035950660705566,0.13948015868663788,0.3050433099269867,0.25426560640335083,0.44215402007102966
-14.093999862670898,10.246000289916992,1.0038822889328003,0.46374931931495667,0.11648909002542496,0.1705819070339203,-0.17689082026481628,0.3786291778087616
-14.093999862670898,11.246000289916992,1.0493319034576416,3.5464541912078857,0.07553641498088837,0.606999933719635,0.12435801327228546,0.620254397392273
-14.093999862670898,11.246000289916992,0.9912590980529785,0.9645362496376038,0.17595019936561584,0.5064016580581665,-0.25293639302253723,0.25009584426879883
-14.093999862670898,11.246000289916992,0.9700641632080078,6.058897018432617,0.1088879331946373,0.762132465839386,-0.07316768169403076,0.1296497881412506
-14.093999862670898,12.246000289916992,1.1631817817687988,2.9637529850006104,0.06125307083129883,0.271655797958374,0.1777798980474472,0.1715717613697052
-14.093999862670898,12.246000289916992,1.1059010028839111,1.0381886959075928,0.08274766057729721,0.4500942826271057,-0.19151009619235992,0.5492188930511475
-14.093999862670898,12.246000289916992,1.1715885400772095,4.620623588562012,0.1198142021894455,0.8538514971733093,0.11030109226703644,0.2792093753814697
-14.093999862670898,13.246000289916992,1.0309412479400635,5.172582626342773,0.09515631198883057,0.7773275971412659,0.11209849268198013,0.08221679925918579
-14.093999862670898,13.246000289916992,1.0389337539672852,1.509738802909851,0.1459323912858963,0.6229792237281799,-0.25073137879371643,0.7674791812896729
-14.093999862670898,13.246000289916992,1.0752856731414795,4.200666904449463,0.08346740901470184,0.2381753921508789,0.1699136346578598,0.15030407905578613
-14.093999862670898,14.246000289916992,1.183655023574829,1.733534812927246,1.001474380493164,1.4893072843551636,0.11644681543111801,0.005130031146109104
-14.093999862670898,14.246000289916992,1.0840691328048706,1.5150972604751587,0.07042542845010757,0.3754655122756958,0.11039374768733978,0.9944071769714355
-14.093999862670898,14.246000289916992,1.2966794967651367,1.6519712209701538,0.714499294757843,0.5699378848075867,0.0022775547113269567,0.000462764292024076
-14.093999862670898,15.246000289916992,1.1996800899505615,6.170057773590088,0.49464139342308044,1.7749390602111816,0.3926341235637665,0.0249075535684824
-14.093999862670898,15.246000289916992,0.9398555755615234,2.0694820880889893,0.0265958309173584,0.1263582706451416,0.15323063731193542,0.7879681587219238
-14.093999862670898,15.246000289916992,1.0142300128936768,1.0297490358352661,0.041067782789468765,0.015256214886903763,-0.13573767244815826,0.18712423741817474
-14.093999862670898,16.246000289916992,0.8979349136352539,5.471351623535156,0.12422655522823334,1.5927131175994873,0.09205063432455063,0.010790882632136345
-14.093999862670898,16.246000289916992,0.9627696871757507,1.9327195882797241,0.06486346572637558,0.1438612937927246,0.04096979275345802,0.9867189526557922
-14.093999862670898,16.246000289916992,1.0089303255081177,0.6070914268493652,0.2879783511161804,0.5284063816070557,-0.00108941993676126,0.0024901069700717926
-14.093999862670898,17.246000289916992,1.0418869256973267,2.3408772945404053,0.15334546566009521,1.5311589241027832,0.13695211708545685,0.004278368782252073
-14.093999862670898,17.246000289916992,1.1190794706344604,2.1502907276153564,0.07623569667339325,0.0733855590224266,0.11442253738641739,0.9957125186920166
-14.093999862670898,17.246000289916992,1.1201531887054443,6.271780490875244,0.49713027477264404,1.59945547580719,0.22283905744552612,9.11294682737207e-06
-14.093999862670898,18.246000289916992,0.8654020428657532,2.0746867656707764,0.09375413507223129,2.1000499725341797,0.10031695663928986,0.0019551890436559916
-14.093999862670898,18.246000289916992,1.2002297639846802,1.6300007104873657,0.0920877531170845,0.06439528614282608,-0.026193710044026375,0.997599184513092
-14.093999862670898,18.246000289916992,1.1550066471099854,0.5014055371284485,0.2978898286819458,0.3181231617927551,-0.04056897014379501,0.0004456516762729734
-14.093999862670898,19.246000289916992,1.026383876800537,1.578506350517273,0.10058904439210892,1.1848684549331665,0.08611956983804703,0.036629728972911835
-14.093999862670898,19.246000289916992,1.1043586730957031,1.1247833967208862,0.08023012429475784,0.11296579241752625,-0.1222664937376976,0.950265109539032
-14.093999862670898,19.246000289916992,1.231311559677124,0.5742899179458618,0.37967121601104736,0.40159305930137634,0.0856727808713913,0.013105187565088272
-14.093999862670898,20.246000289916992,0.9785746335983276,6.059363842010498,0.17439576983451843,1.3801038265228271,0.10479836165904999,0.01446580607444048
-14.093999862670898,20.246000289916992,1.1045032739639282,0.9809427261352539,0.06697285920381546,0.07697395980358124,0.09797748178243637,0.9392545223236084
-14.093999862670898,20.246000289916992,1.240227460861206,0.8873698115348816,0.27631473541259766,0.1501375138759613,-0.020598674193024635,0.046279698610305786
-14.093999862670898,21.246000289916992,0.981097936630249,5.722965240478516,0.29367369413375854,1.57645583152771,0.33043771982192993,0.013060587458312511
-14.093999862670898,21.246000289916992,0.9805534482002258,0.8418852686882019,0.050669725984334946,0.10433757305145264,0.012317129410803318,0.960614025592804
-14.093999862670898,21.246000289916992,0.9672698974609375,0.29189860820770264,0.15834826231002808,0.510916531085968,0.14351077377796173,0.026325441896915436
-14.093999862670898,22.246000289916992,0.920168399810791,6.07232666015625,0.2821086645126343,1.2377761602401733,0.39840641617774963,0.028586631640791893
-14.093999862670898,22.246000289916992,0.9543012976646423,0.5126112103462219,0.06838753074407578,0.11652319878339767,-0.18400144577026367,0.9655923843383789
-14.093999862670898,22.246000289916992,0.9306644201278687,5.985690593719482,0.19227465987205505,1.4652881622314453,0.24564900994300842,0.005821037571877241
-14.093999862670898,23.246000289916992,0.8840271234512329,1.0098551511764526,0.5203295946121216,1.338484287261963,0.4272902011871338,0.0033276875037699938
-14.093999862670898,23.246000289916992,0.883816659450531,6.274828910827637,0.05705071985721588,0.10969149321317673,-0.12923045456409454,0.9945968389511108
-14.093999862670898,23.246000289916992,0.8665484189987183,5.929916858673096,0.20549419522285461,2.6965439319610596,0.35306739807128906,0.0020754258148372173
-13.093999862670898,-12.753999710083008,0.8951674699783325,5.920572757720947,0.19460216164588928,2.027752637863159,0.188055619597435,0.0010743826860561967
-13.093999862670898,-12.753999710083008,0.7698333263397217,3.458327531814575,0.1553764045238495,0.4487743675708771,-0.11429592967033386,0.0008272978011518717
-13.093999862670898,-12.753999710083008,0.743229329586029,4.623512268066406,0.023958424106240273,0.019418440759181976,0.11009851098060608,0.9980983138084412
-13.093999862670898,-11.753999710083008,0.9892695546150208,4.7129411697387695,0.09262937307357788,0.6698356866836548,-0.0005521249840967357,0.09431716054677963
-13.093999862670898,-11.753999710083008,0.8390322327613831,3.8001561164855957,0.07603783160448074,0.17440496385097504,0.27226191759109497,0.03374351188540459
-13.093999862670898,-11.753999710083008,0.809869647026062,4.595396041870117,0.01596587896347046,0.04027682915329933,0.0634707510471344,0.8719393014907837
-13.093999862670898,-10.753999710083008,0.7674143314361572,4.860903739929199,0.055124033242464066,0.3614489734172821,-0.10216035693883896,0.1465877741575241
-13.093999862670898,-10.753999710083008,0.6422955393791199,2.183394193649292,0.08965066075325012,1.190253496170044,0.18836244940757751,0.016290051862597466
-13.093999862670898,-10.753999710083008,0.6107352375984192,4.832639694213867,0.009709215722978115,0.10820448398590088,0.047139205038547516,0.8371222019195557
-13.093999862670898,-9.753999710083008,0.6560494899749756,4.714972019195557,0.03259211778640747,0.9484963417053223,-0.051022980362176895,0.6177011132240295
-13.093999862670898,-9.753999710083008,0.6188557147979736,1.1449273824691772,0.038960181176662445,0.575084388256073,0.10632246732711792,0.27625036239624023
-13.093999862670898,-9.753999710083008,0.7272157073020935,4.93123722076416,0.020511554554104805,0.35155153274536133,0.037816163152456284,0.10604856163263321
-13.093999862670898,-8.753999710083008,0.8008275032043457,5.64877462387085,0.028423087671399117,1.3468693494796753,-0.2514815032482147,0.4283113479614258
-13.093999862670898,-8.753999710083008,0.7520596981048584,1.4820680618286133,0.0662807822227478,0.3741515874862671,-0.020522868260741234,0.49142515659332275
-13.093999862670898,-8.753999710083008,0.7213847041130066,4.519842147827148,0.030053820461034775,0.6094297766685486,-0.03979765996336937,0.08026345819234848
-13.093999862670898,-7.754000186920166,0.9447757601737976,4.975330352783203,0.023824002593755722,0.677245020866394,0.1137775182723999,0.5752846598625183
-13.093999862670898,-7.754000186920166,1.0407354831695557,1.459946632385254,0.08860505372285843,0.7220014333724976,-0.21047113835811615,0.25642508268356323
-13.093999862670898,-7.754000186920166,1.0288126468658447,4.568271160125732,0.06952094286680222,0.7680038213729858,0.0970982164144516,0.16829025745391846
-13.093999862670898,-6.754000186920166,1.0703485012054443,5.118583679199219,0.038908131420612335,0.4989054799079895,0.13361932337284088,0.42909663915634155
-13.093999862670898,-6.754000186920166,0.9628665447235107,1.784635066986084,0.054748546332120895,2.0211219787597656,-0.3474062383174896,0.5559072494506836
-13.093999862670898,-6.754000186920166,1.3634445667266846,0.34219345450401306,0.5151724219322205,2.963999032974243,0.015041300095617771,0.014996071346104145
-13.093999862670898,-5.754000186920166,1.0361720323562622,5.309743881225586,0.06593020260334015,0.6745915412902832,0.18042820692062378,0.46510326862335205
-13.093999862670898,-5.754000186920166,1.0002093315124512,1.705517053604126,0.09740347415208817,0.9759264588356018,-0.054596588015556335,0.40603914856910706
-13.093999862670898,-5.754000186920166,1.082736611366272,6.2323784828186035,0.1147768646478653,0.863569974899292,-0.06952997297048569,0.1288575828075409
-13.093999862670898,-4.754000186920166,1.036991000175476,4.765129089355469,0.0413263775408268,0.42532774806022644,0.054224200546741486,0.7057237029075623
-13.093999862670898,-4.754000186920166,1.043407917022705,1.6636406183242798,0.10911064594984055,0.47298505902290344,0.20336654782295227,0.12577547132968903
-13.093999862670898,-4.754000186920166,1.1541671752929688,0.2934243679046631,0.0877300351858139,0.07641992717981339,0.040693316608667374,0.1685008704662323
-13.093999862670898,-3.753999948501587,0.9599102735519409,5.2735090255737305,0.029731107875704765,0.6236692667007446,0.1079978346824646,0.6958344578742981
-13.093999862670898,-3.753999948501587,0.940523624420166,1.4206048250198364,0.03956100717186928,0.5051122307777405,0.012549756094813347,0.19174225628376007
-13.093999862670898,-3.753999948501587,1.3848530054092407,0.49311259388923645,0.1137022152543068,0.05549651011824608,-0.15541905164718628,0.11242331564426422
-13.093999862670898,-2.753999948501587,1.0560325384140015,5.923196792602539,0.02564392425119877,1.2100335359573364,0.1774255931377411,0.7687954902648926
-13.093999862670898,-2.753999948501587,1.0754172801971436,4.254157066345215,0.08269897848367691,0.763513445854187,0.33012640476226807,0.17813974618911743
-13.093999862670898,-2.753999948501587,1.246385931968689,1.4405075311660767,0.054643385112285614,0.06633450090885162,-0.3355623185634613,0.05306477099657059
-13.093999862670898,-1.753999948501587,1.0607850551605225,5.0957794189453125,0.036846332252025604,0.8705240488052368,0.1444530487060547,0.8035721778869629
-13.093999862670898,-1.753999948501587,1.0259863138198853,1.7574807405471802,0.09328454732894897,2.8585617542266846,0.23607127368450165,0.14827299118041992
-13.093999862670898,-1.753999948501587,1.3025696277618408,0.6764411926269531,0.14251697063446045,0.1907372921705246,-0.012110251002013683,0.048154834657907486
-13.093999862670898,-0.7540000081062317,1.0141315460205078,5.4807634353637695,0.017987368628382683,0.3959324359893799,0.04877498745918274,0.44858473539352417
-13.093999862670898,-0.7540000081062317,1.051847219467163,1.6690561771392822,0.10551578551530838,1.4999299049377441,-0.1384095698595047,0.19363224506378174
-13.093999862670898,-0.7540000081062317,1.0193066596984863,4.540351867675781,0.02322341501712799,0.2589426040649414,-0.022599196061491966,0.35778307914733887
-13.093999862670898,0.2460000067949295,0.9776128530502319,4.679533958435059,0.031061742454767227,0.5669850707054138,0.07521523535251617,0.2506553530693054
-13.093999862670898,0.2460000067949295,1.016946792602539,2.2984983921051025,0.1549665331840515,0.8155003786087036,0.24960504472255707,0.4755914807319641
-13.093999862670898,0.2460000067949295,1.158345103263855,4.8535661697387695,0.07126127183437347,0.16897106170654297,0.18282319605350494,0.2737531363964081
-13.093999862670898,1.246000051498413,1.0634862184524536,5.590799331665039,0.08267613500356674,1.1275384426116943,0.06159593164920807,0.5107539296150208
-13.093999862670898,1.246000051498413,0.862738847732544,1.458941102027893,0.06532283872365952,2.171133041381836,0.2129935771226883,0.4131574034690857
-13.093999862670898,1.246000051498413,0.978183925151825,5.722814559936523,0.025187307968735695,0.44494691491127014,-0.04629966616630554,0.07608866691589355
-13.093999862670898,2.246000051498413,1.065680980682373,5.700915336608887,0.04705660045146942,1.160688877105713,0.0006532324478030205,0.5476966500282288
-13.093999862670898,2.246000051498413,1.2343848943710327,3.0162432193756104,0.10497219115495682,0.07645528763532639,0.11748003959655762,0.20863454043865204
-13.093999862670898,2.246000051498413,1.3142929077148438,6.182215690612793,0.08644812554121017,0.01983289234340191,-0.03119390830397606,0.243668794631958
-13.093999862670898,3.246000051498413,0.9711580872535706,5.359616756439209,0.05580342561006546,1.2832846641540527,0.09283118695020676,0.20927639305591583
-13.093999862670898,3.246000051498413,1.1453953981399536,2.9873921871185303,0.0985192358493805,0.09720713645219803,0.1841924786567688,0.3658290207386017
-13.093999862670898,3.246000051498413,1.185194492340088,6.226373195648193,0.0660659670829773,0.02134457416832447,0.0938156396150589,0.4248946011066437
-13.093999862670898,4.245999813079834,0.9874976277351379,5.067293643951416,0.08433876186609268,1.8234003782272339,0.12574993073940277,0.18125952780246735
-13.093999862670898,4.245999813079834,1.053739070892334,3.0001108646392822,0.07613499462604523,0.12175541371107101,0.15220078825950623,0.3459078371524811
-13.093999862670898,4.245999813079834,1.180704116821289,6.20267391204834,0.0639275386929512,0.020308656617999077,-0.053022585809230804,0.472832590341568
-13.093999862670898,5.245999813079834,0.93597012758255,6.178513050079346,0.030391152948141098,1.5660115480422974,-0.07479003816843033,0.38916388154029846
-13.093999862670898,5.245999813079834,1.1180315017700195,3.018131732940674,0.10122132301330566,0.1582127958536148,0.10727223008871078,0.31702932715415955
-13.093999862670898,5.245999813079834,1.2056994438171387,6.2781572341918945,0.07838073372840881,0.03038077987730503,-0.14981883764266968,0.2938068211078644
-13.093999862670898,6.245999813079834,1.0054783821105957,4.915060043334961,0.055713798850774765,1.0988917350769043,-0.022379906848073006,0.35967734456062317
-13.093999862670898,6.245999813079834,1.159871220588684,2.713834285736084,0.13980519771575928,0.2531837224960327,0.2876507043838501,0.25135117769241333
-13.093999862670898,6.245999813079834,1.1184492111206055,6.209624767303467,0.08240102231502533,0.145107239484787,-0.03937777504324913,0.3889714777469635
-13.093999862670898,7.245999813079834,1.0007612705230713,6.178752899169922,0.0750364139676094,1.6844995021820068,0.13250896334648132,0.13578695058822632
-13.093999862670898,7.245999813079834,1.0316431522369385,3.058840751647949,0.14245668053627014,0.5131083726882935,0.18228118121623993,0.48697736859321594
-13.093999862670898,7.245999813079834,1.0362019538879395,0.06395784020423889,0.09519245475530624,0.2969439625740051,0.024904552847146988,0.37723562121391296
-13.093999862670898,8.246000289916992,0.8800366520881653,5.645090579986572,0.23645628988742828,1.241223692893982,0.08772248774766922,0.07701307535171509
-13.093999862670898,8.246000289916992,0.7581688165664673,3.305539608001709,0.10066207498311996,0.4942430555820465,0.04409274831414223,0.17258845269680023
-13.093999862670898,8.246000289916992,0.6815233826637268,4.644851207733154,0.024283643811941147,0.3323332965373993,0.2894076406955719,0.7503984570503235
-13.093999862670898,9.246000289916992,0.7064284086227417,5.141592025756836,0.17742741107940674,1.4261507987976074,0.04548977315425873,0.035915687680244446
-13.093999862670898,9.246000289916992,0.7738468050956726,1.9304455518722534,0.08140276372432709,0.054899029433727264,0.25401830673217773,0.9380245208740234
-13.093999862670898,9.246000289916992,0.7663045525550842,5.187931060791016,0.16611723601818085,0.24196051061153412,0.03652826324105263,0.02605980820953846
-13.093999862670898,10.246000289916992,0.9116288423538208,5.150944232940674,0.26122432947158813,1.456146478652954,0.044817790389060974,0.11113734543323517
-13.093999862670898,10.246000289916992,0.7519534230232239,2.8619227409362793,0.07477997243404388,0.4196300804615021,-0.017739780247211456,0.22470484673976898
-13.093999862670898,10.246000289916992,0.7198758125305176,5.400699138641357,0.04099203646183014,0.3624584674835205,0.016389017924666405,0.6641578078269958
-13.093999862670898,11.246000289916992,0.931277334690094,3.8073837757110596,0.05680844187736511,0.9963220357894897,0.09604521095752716,0.457634299993515
-13.093999862670898,11.246000289916992,0.9334222078323364,2.190343141555786,0.14248687028884888,0.26233240962028503,-0.1083686575293541,0.48766326904296875
-13.093999862670898,11.246000289916992,0.8839816451072693,5.5782599449157715,0.07690780609846115,0.294983834028244,-0.11958915740251541,0.054702408611774445
-13.093999862670898,12.246000289916992,1.0350388288497925,3.7347474098205566,0.0621417760848999,0.8911397457122803,0.25050538778305054,0.3997620642185211
-13.093999862670898,12.246000289916992,0.9565985202789307,1.9305353164672852,0.08671695739030838,0.6337930560112,0.08735448122024536,0.47433146834373474
-13.093999862670898,12.246000289916992,1.104766607284546,4.778573036193848,0.07040148973464966,0.1351502388715744,0.0676879957318306,0.12590639293193817
-13.093999862670898,13.246000289916992,0.8274023532867432,4.288358211517334,0.030840540304780006,0.543306291103363,0.1192169263958931,0.25893646478652954
-13.093999862670898,13.246000289916992,1.0017391443252563,1.609627604484558,0.12769870460033417,1.0602214336395264,-0.2914538085460663,0.5920933485031128
-13.093999862670898,13.246000289916992,1.0520440340042114,4.390377044677734,0.06483274698257446,0.23623350262641907,0.19066891074180603,0.14897020161151886
-13.093999862670898,14.246000289916992,1.3743563890457153,1.8977807760238647,1.5608091354370117,2.4830985069274902,0.16460639238357544,0.002881312044337392
-13.093999862670898,14.246000289916992,1.1545559167861938,1.5449265241622925,0.09889860451221466,0.3030794858932495,0.1833311766386032,0.9970581531524658
-13.093999862670898,14.246000289916992,1.2407506704330444,1.5522416830062866,1.0721478462219238,2.4069602489471436,-0.05089626833796501,6.0483278502942994e-05
-13.093999862670898,15.246000289916992,1.1251130104064941,6.049655914306641,0.29574084281921387,2.1817374229431152,0.31291866302490234,0.05440187081694603
-13.093999862670898,15.246000289916992,0.9173190593719482,1.9662359952926636,0.03610875457525253,0.1651710569858551,0.1938367486000061,0.607225239276886
-13.093999862670898,15.246000289916992,1.0172580480575562,1.0043504238128662,0.030535709112882614,0.007797705940902233,-0.1707884669303894,0.33837294578552246
-13.093999862670898,16.246000289916992,0.9895797371864319,3.4809627532958984,0.12479789555072784,0.5641254186630249,0.11162631958723068,0.0694701075553894
-13.093999862670898,16.246000289916992,1.032643437385559,1.4882937669754028,0.09155665338039398,0.3465436100959778,-0.3997051417827606,0.9132499098777771
-13.093999862670898,16.246000289916992,0.9906421899795532,0.14768807590007782,0.27492043375968933,4.524720191955566,0.1704525351524353,0.017279906198382378
-13.093999862670898,17.246000289916992,1.1317975521087646,4.149840354919434,0.20737510919570923,1.4474897384643555,0.1287108063697815,0.009415444917976856
-13.093999862670898,17.246000289916992,1.1045622825622559,1.2913596630096436,0.07981771230697632,0.16700097918510437,0.08023394644260406,0.9903078675270081
-13.093999862670898,17.246000289916992,1.189125418663025,1.0594605207443237,0.3236428499221802,0.5583401918411255,0.050398871302604675,0.0002766954421531409
-13.093999862670898,20.246000289916992,1.2183195352554321,2.126044988632202,0.700908362865448,0.8444262742996216,-0.019339924678206444,0.0036445665173232555
-13.093999862670898,20.246000289916992,1.1222902536392212,1.1631156206130981,0.07080493122339249,0.23956185579299927,0.052821870893239975,0.9714095592498779
-13.093999862670898,20.246000289916992,1.3201080560684204,1.128241777420044,0.4703488349914551,0.2307824343442917,0.1976713091135025,0.024945849552750587
-13.093999862670898,21.246000289916992,1.320510983467102,2.1814253330230713,1.600892424583435,0.8077768087387085,0.20068150758743286,0.017047494649887085
-13.093999862670898,21.246000289916992,1.0580443143844604,1.2367609739303589,0.06497830152511597,0.39075252413749695,-0.3973710834980011,0.41125938296318054
-13.093999862670898,21.246000289916992,1.2332837581634521,1.203537106513977,0.1416247934103012,0.2901737689971924,0.15292584896087646,0.5716930627822876
-13.093999862670898,22.246000289916992,1.263793706893921,4.110721111297607,2.0350968837738037,0.6461185216903687,0.2958028316497803,0.006222253665328026
-13.093999862670898,22.246000289916992,0.9299079179763794,0.9133539795875549,0.06981610506772995,2.0048134326934814,-0.47606348991394043,0.06364379078149796
-13.093999862670898,22.246000289916992,1.1044790744781494,1.7685950994491577,0.07633940130472183,0.3044793903827667,0.1574777364730835,0.9301339387893677
-13.093999862670898,23.246000289916992,1.291501522064209,5.966465473175049,3.010921001434326,0.517592191696167,0.369882732629776,0.00045875422074459493
-13.093999862670898,23.246000289916992,0.8503115177154541,0.6755048632621765,0.09280962496995926,11.834503173828125,-0.45868775248527527,0.003213800024241209
-13.093999862670898,23.246000289916992,1.0542274713516235,2.516472101211548,0.053758881986141205,0.3208414316177368,0.10849302262067795,0.9963274598121643
-12.093999862670898,-12.753999710083008,0.8579575419425964,2.6853575706481934,0.34946441650390625,2.7195801734924316,0.20458456873893738,0.00465035904198885
-12.093999862670898,-12.753999710083008,0.6829301118850708,4.350478172302246,0.028921596705913544,0.0633554682135582,-0.1438698172569275,0.9941360950469971
-12.093999862670898,-12.753999710083008,0.7664403319358826,5.607676029205322,0.15568554401397705,2.244081974029541,0.20858906209468842,0.001213584910146892
-12.093999862670898,-11.753999710083008,0.9515702128410339,5.251995086669922,0.2282753586769104,2.5455777645111084,0.28000494837760925,0.01423470489680767
-12.093999862670898,-11.753999710083008,0.8407858610153198,4.249044895172119,0.025693122297525406,0.046307310461997986,0.06849604845046997,0.8668424487113953
-12.093999862670898,-11.753999710083008,0.7832726240158081,5.169064521789551,0.047086093574762344,0.4593683183193207,0.13607528805732727,0.11892277002334595
-12.093999862670898,-10.753999710083008,0.7982004284858704,5.381192207336426,0.05045067146420479,0.6255389451980591,-0.12733882665634155,0.14201277494430542
-12.093999862670898,-10.753999710083008,0.6056407690048218,3.0104305744171143,0.06131487712264061,1.3345531225204468,0.18101347982883453,0.03402630239725113
-12.093999862670898,-10.753999710083008,0.6335135102272034,4.592263221740723,0.009316589683294296,0.14792056381702423,0.09688659757375717,0.8239609599113464
-12.093999862670898,-9.753999710083008,0.8051091432571411,4.576401710510254,0.050098370760679245,1.529819369316101,-0.17153483629226685,0.5256475210189819
-12.093999862670898,-9.753999710083008,0.6981731653213501,1.5496453046798706,0.038414884358644485,0.33643537759780884,-0.13040035963058472,0.29030734300613403
-12.093999862670898,-9.753999710083008,0.7272541522979736,4.421502590179443,0.022412193939089775,0.47028762102127075,-0.01881309598684311,0.18404512107372284
-12.093999862670898,-8.753999710083008,0.9005064368247986,5.287939071655273,0.024137156084179878,1.1507198810577393,-0.004483825992792845,0.5073712468147278
-12.093999862670898,-8.753999710083008,0.8400914669036865,1.5323718786239624,0.07052168995141983,0.5428841710090637,-0.11838475614786148,0.37048766016960144
-12.093999862670898,-8.753999710083008,0.8415741324424744,4.8941473960876465,0.0572776272892952,0.7917622327804565,-0.09814378619194031,0.12214107066392899
-12.093999862670898,-7.754000186920166,0.9314484596252441,4.700204372406006,0.041367221623659134,0.8638323545455933,0.29873019456863403,0.42845618724823
-12.093999862670898,-7.754000186920166,0.980090320110321,1.708495855331421,0.06794732064008713,1.6885510683059692,-0.2203301340341568,0.49666333198547363
-12.093999862670898,-7.754000186920166,1.1397340297698975,0.4970504641532898,0.1173415258526802,0.6651191115379333,-0.052471913397312164,0.074880450963974
-12.093999862670898,-6.754000186920166,1.0953869819641113,5.7530083656311035,0.12458266317844391,2.296786308288574,0.2350035458803177,0.25935137271881104
-12.093999862670898,-6.754000186920166,0.950640082359314,3.328840970993042,0.09836140275001526,3.233330726623535,-0.05334808677434921,0.675640881061554
-12.093999862670898,-6.754000186920166,1.0451018810272217,1.4561108350753784,0.1073388084769249,1.1796817779541016,-0.2432718575000763,0.06500773131847382
-12.093999862670898,-5.754000186920166,0.9689010977745056,5.6502366065979,0.03493284806609154,0.9090834259986877,0.02365398034453392,0.25467121601104736
-12.093999862670898,-5.754000186920166,1.0100061893463135,2.2988600730895996,0.09013225138187408,1.0366196632385254,-0.14889732003211975,0.5628226399421692
-12.093999862670898,-5.754000186920166,1.1039173603057861,0.737623393535614,0.16816218197345734,0.8509937524795532,-0.2128618210554123,0.18250614404678345
-12.093999862670898,-4.754000186920166,0.9745716452598572,5.239757537841797,0.0493379682302475,0.7153335809707642,0.10670681297779083,0.609679102897644
-12.093999862670898,-4.754000186920166,0.9837501645088196,1.6737992763519287,0.07640262693166733,0.23206287622451782,0.2840864658355713,0.21251314878463745
-12.093999862670898,-4.754000186920166,1.058249831199646,0.279031902551651,0.05556819215416908,0.04076092690229416,0.08131138235330582,0.1778077334165573
-12.093999862670898,-3.753999948501587,1.1128193140029907,5.478052139282227,0.038674790412187576,1.5998611450195312,0.05706684663891792,0.6840499043464661
-12.093999862670898,-3.753999948501587,1.0524641275405884,2.5879881381988525,0.10648472607135773,1.2162598371505737,0.26468947529792786,0.13279710710048676
-12.093999862670898,-3.753999948501587,1.2220454216003418,0.20618534088134766,0.07487595081329346,0.05291168764233589,-0.2085735946893692,0.1831529587507248
-12.093999862670898,-2.753999948501587,1.0504531860351562,6.062750816345215,0.03733959048986435,1.19033682346344,0.08445604890584946,0.772039532661438
-12.093999862670898,-2.753999948501587,0.8949013948440552,3.134218454360962,0.04514694586396217,1.5422536134719849,0.48452791571617126,0.08023161441087723
-12.093999862670898,-2.753999948501587,1.0177708864212036,2.0262186527252197,0.025337714701890945,0.08206857740879059,-0.35996097326278687,0.1477288156747818
-12.093999862670898,-1.753999948501587,1.1249752044677734,5.300153732299805,0.0805145874619484,0.9513705372810364,-0.11270534247159958,0.4300495386123657
-12.093999862670898,-1.753999948501587,1.0166760683059692,1.5391640663146973,0.0473121702671051,0.7081313729286194,0.10166819393634796,0.48251497745513916
-12.093999862670898,-1.753999948501587,1.1183232069015503,6.062740325927734,0.041308894753456116,0.17777782678604126,-0.09705032408237457,0.08743548393249512
-12.093999862670898,-0.7540000081062317,1.157158613204956,5.726662635803223,0.16694079339504242,0.9760811924934387,0.23410561680793762,0.4974329173564911
-12.093999862670898,-0.7540000081062317,0.9827030897140503,2.1589906215667725,0.08525129407644272,0.899675190448761,0.044797006994485855,0.4367351233959198
-12.093999862670898,-0.7540000081062317,0.8377755284309387,5.962470054626465,0.02939693070948124,0.2797122895717621,-0.0510256364941597,0.06583206355571747
-12.093999862670898,0.2460000067949295,0.7855123281478882,2.9113032817840576,0.032604437321424484,0.5021951794624329,0.19044114649295807,0.6503386497497559
-12.093999862670898,0.2460000067949295,0.8926241993904114,2.4403536319732666,0.15885591506958008,0.9349982142448425,0.11485321074724197,0.2984393835067749
-12.093999862670898,0.2460000067949295,1.036320686340332,5.905910968780518,0.1210399642586708,0.14177565276622772,0.06608720868825912,0.05122191086411476
-12.093999862670898,1.246000051498413,0.9730067253112793,4.788271427154541,0.11033247411251068,1.161723256111145,0.21722078323364258,0.32277223467826843
-12.093999862670898,1.246000051498413,0.8237516283988953,1.9212809801101685,0.06511550396680832,0.36025986075401306,-0.22729648649692535,0.6213182210922241
-12.093999862670898,1.246000051498413,0.9765535593032837,0.11788792908191681,0.0919032022356987,0.2784615457057953,-0.13110855221748352,0.05590955168008804
-12.093999862670898,2.246000051498413,1.035168170928955,5.913851737976074,0.06421314924955368,1.326425552368164,0.023950086906552315,0.4956541359424591
-12.093999862670898,2.246000051498413,1.1844432353973389,3.0060629844665527,0.11107185482978821,0.08111266791820526,0.13009603321552277,0.26527121663093567
-12.093999862670898,2.246000051498413,1.2473267316818237,6.198537349700928,0.07996860891580582,0.022798344492912292,0.04086201265454292,0.2390746921300888
-12.093999862670898,3.246000051498413,1.008492112159729,6.041080474853516,0.11982943117618561,1.7628061771392822,0.08067546784877777,0.19725051522254944
-12.093999862670898,3.246000051498413,1.1285395622253418,2.9694204330444336,0.09216434508562088,0.07077442854642868,0.09116171300411224,0.3517668843269348
-12.093999862670898,3.246000051498413,1.172187328338623,6.1980509757995605,0.06063448637723923,0.016258783638477325,0.022372247651219368,0.45098257064819336
-12.093999862670898,4.245999813079834,0.958509624004364,5.366230487823486,0.07366303354501724,1.7444438934326172,0.09932588040828705,0.31135398149490356
-12.093999862670898,4.245999813079834,1.0530741214752197,2.903520107269287,0.07793420553207397,0.09788098186254501,0.1611795425415039,0.2801004946231842
-12.093999862670898,4.245999813079834,1.1751396656036377,6.17227840423584,0.06323003768920898,0.018051277846097946,-0.04925942048430443,0.4085455536842346
-12.093999862670898,5.245999813079834,0.9852196574211121,6.052157402038574,0.04025544226169586,1.3636600971221924,-0.008308912627398968,0.5637648105621338
-12.093999862670898,5.245999813079834,1.109833002090454,3.028045177459717,0.09842623770236969,0.2188701331615448,0.07598484307527542,0.20875778794288635
-12.093999862670898,5.245999813079834,1.1393768787384033,0.03807501867413521,0.06627810001373291,0.039230331778526306,-0.1110658124089241,0.22747743129730225
-12.093999862670898,6.245999813079834,1.0082978010177612,5.390461444854736,0.0691484585404396,1.2570456266403198,0.04285110533237457,0.48403576016426086
-12.093999862670898,6.245999813079834,1.165892481803894,2.9066765308380127,0.16386130452156067,0.2804034650325775,0.19900940358638763,0.33377012610435486
-12.093999862670898,6.245999813079834,1.1187965869903564,6.227196216583252,0.08279162645339966,0.08946996927261353,-0.037266429513692856,0.18219409883022308
-12.093999862670898,7.245999813079834,1.0155925750732422,5.46484375,0.045658718794584274,1.4604918956756592,0.18849508464336395,0.6028559803962708
-12.093999862670898,7.245999813079834,1.0963081121444702,3.1386780738830566,0.1718100756406784,0.6400609016418457,0.1719757467508316,0.2768760919570923
-12.093999862670898,7.245999813079834,1.0446285009384155,6.2496113777160645,0.07330162078142166,0.16737551987171173,0.038488030433654785,0.12026786804199219
-12.093999862670898,8.246000289916992,1.0549829006195068,5.709689140319824,0.09816444665193558,1.1870471239089966,0.037476547062397,0.4082018733024597
-12.093999862670898,8.246000289916992,0.9118394255638123,2.406611442565918,0.12476067990064621,1.8335604667663574,0.09293261915445328,0.48196297883987427
-12.093999862670898,8.246000289916992,0.8306198716163635,5.916642189025879,0.058707576245069504,0.5443525314331055,0.08049929141998291,0.10983513295650482
-12.093999862670898,9.246000289916992,1.0381038188934326,5.614370346069336,0.25277355313301086,1.1779561042785645,0.10127966850996017,0.10478770732879639
-12.093999862670898,9.246000289916992,0.7947936058044434,1.3932991027832031,0.04643243923783302,0.20678576827049255,-0.04474697262048721,0.4947662949562073
-12.093999862670898,9.246000289916992,0.7962565422058105,5.030299186706543,0.03802324831485748,0.2573361098766327,0.05182779207825661,0.4004460573196411
-12.093999862670898,10.246000289916992,1.1260254383087158,5.9826340675354,0.27066299319267273,1.776560664176941,0.03911304101347923,0.10490471124649048
-12.093999862670898,10.246000289916992,1.0472993850708008,2.092991590499878,0.1051274761557579,0.21621841192245483,0.2248288244009018,0.45804715156555176
-12.093999862670898,10.246000289916992,1.0021836757659912,5.359874725341797,0.07694538682699203,0.2715349495410919,0.022375546395778656,0.437048077583313
-12.093999862670898,11.246000289916992,0.967674195766449,5.509265899658203,0.10210266709327698,1.3069268465042114,0.04980307072401047,0.12886671721935272
-12.093999862670898,11.246000289916992,1.0449472665786743,2.1797657012939453,0.09926372021436691,0.10577638447284698,0.11365505307912827,0.5357181429862976
-12.093999862670898,11.246000289916992,1.061697244644165,5.286334037780762,0.07058385759592056,0.14243748784065247,0.04308804124593735,0.33541515469551086
-12.093999862670898,12.246000289916992,0.9486826658248901,5.245739936828613,0.10955098271369934,1.5569660663604736,0.10557093471288681,0.30704033374786377
-12.093999862670898,12.246000289916992,1.0620553493499756,2.1650185585021973,0.09797745943069458,0.0764392837882042,0.05168003961443901,0.5729603171348572
-12.093999862670898,12.246000289916992,1.1048026084899902,5.322197914123535,0.09076588600873947,0.12404681742191315,0.15548132359981537,0.11999931931495667
-12.093999862670898,13.246000289916992,0.9556981921195984,0.42174145579338074,0.08003956079483032,0.9710630774497986,0.12705761194229126,0.08319076150655746
-12.093999862670898,13.246000289916992,1.0304230451583862,2.0081870555877686,0.14771610498428345,0.27772992849349976,0.1283079832792282,0.8608626127243042
-12.093999862670898,13.246000289916992,0.9047792553901672,4.858471393585205,0.11643566191196442,0.31016793847084045,0.11720218509435654,0.05594653636217117
-12.093999862670898,14.246000289916992,1.2546367645263672,0.22854498028755188,0.5512351989746094,1.4681217670440674,0.2148781567811966,0.0034205829724669456
-12.093999862670898,14.246000289916992,1.0175395011901855,1.426416277885437,0.05343657732009888,0.32124921679496765,0.1167602390050888,0.9958220720291138
-12.093999862670898,14.246000289916992,1.1080825328826904,1.5373672246932983,0.37036359310150146,0.8429219722747803,-0.08663607388734818,0.0007574098417535424
-12.093999862670898,15.246000289916992,1.2554359436035156,4.869707107543945,0.5462180972099304,1.3310437202453613,0.3022477328777313,0.020732518285512924
-12.093999862670898,15.246000289916992,0.9529538750648499,1.613910436630249,0.048768315464258194,0.20906713604927063,-0.08228892087936401,0.2507094442844391
-12.093999862670898,15.246000289916992,1.0048168897628784,0.8444347381591797,0.04192749410867691,0.05502177029848099,-0.21821118891239166,0.7285580039024353
-12.093999862670898,16.246000289916992,1.0648281574249268,4.64007568359375,0.21562343835830688,0.7722837328910828,0.2171606421470642,0.009036170318722725
-12.093999862670898,16.246000289916992,1.100560188293457,1.017876386642456,0.0564766451716423,0.253449022769928,-0.02067447081208229,0.9897567629814148
-12.093999862670898,16.246000289916992,1.2047505378723145,0.5869414806365967,0.655565083026886,1.6196058988571167,0.2184060662984848,0.001207136083394289
-12.093999862670898,17.246000289916992,1.2402645349502563,3.8805642127990723,0.7131723165512085,1.350531816482544,0.15449969470500946,0.0022362438030540943
-12.093999862670898,17.246000289916992,1.1305131912231445,0.8336676359176636,0.06995273381471634,0.14326472580432892,0.04123148322105408,0.9968697428703308
-12.093999862670898,17.246000289916992,1.1867462396621704,1.6295689344406128,0.37096425890922546,0.3043949604034424,0.042107954621315,0.0008939704857766628
-12.093999862670898,18.246000289916992,1.1009924411773682,2.6636526584625244,0.15424978733062744,1.402330756187439,0.036629557609558105,0.0025291016791015863
-12.093999862670898,18.246000289916992,1.2767854928970337,1.3384202718734741,0.08332712948322296,0.07951365411281586,-0.00036248977994546294,0.9973524808883667
-12.093999862670898,18.246000289916992,1.3704643249511719,0.8308498859405518,0.6338459849357605,0.20543435215950012,-0.06065550819039345,0.00011836117482744157
-12.093999862670898,19.246000289916992,0.9607675075531006,3.562337875366211,0.12137190997600555,0.979138970375061,0.02235673926770687,0.04922249913215637
-12.093999862670898,19.246000289916992,1.062252402305603,1.7020509243011475,0.18921488523483276,0.16067634522914886,-0.17493727803230286,0.9485903978347778
-12.093999862670898,19.246000289916992,1.1415425539016724,5.838345050811768,0.5949046611785889,1.1782200336456299,0.31164786219596863,0.0021871281787753105
-12.093999862670898,20.246000289916992,0.9828904867172241,2.4880850315093994,0.19190584123134613,1.1579108238220215,-0.06389520317316055,0.012908530421555042
-12.093999862670898,20.246000289916992,1.09492826461792,1.7890862226486206,0.11703421175479889,0.09828870743513107,0.0019742038566619158,0.9748066663742065
-12.093999862670898,20.246000289916992,1.2096474170684814,6.2597336769104,0.4398372769355774,0.20403645932674408,0.2604813873767853,0.01228485070168972
-12.093999862670898,21.246000289916992,0.8619927763938904,1.2339884042739868,0.20152051746845245,1.3934777975082397,-0.07995716482400894,0.010240358300507069
-12.093999862670898,21.246000289916992,0.9959349632263184,1.8455331325531006,0.061576757580041885,0.07242483645677567,0.20846347510814667,0.9232417941093445
-12.093999862670898,21.246000289916992,1.1979050636291504,0.8996281623840332,0.3078630864620209,0.04285367578268051,0.13616156578063965,0.06651784479618073
-12.093999862670898,22.246000289916992,0.76988685131073,1.3305145502090454,0.17621278762817383,1.0580270290374756,-0.02807752601802349,0.027240348979830742
-12.093999862670898,22.246000289916992,0.9594172239303589,2.0251970291137695,0.06590714305639267,0.048518769443035126,-0.014294672757387161,0.44914889335632324
-12.093999862670898,22.246000289916992,1.161645531654358,0.9628263115882874,0.20148739218711853,0.05759323760867119,0.06211712211370468,0.5236107110977173
-12.093999862670898,23.246000289916992,0.7907004356384277,2.054086923599243,0.21986930072307587,0.8254578709602356,0.07007363438606262,0.01443482469767332
-12.093999862670898,23.246000289916992,0.9454426169395447,2.202481508255005,0.06626757234334946,0.04154255613684654,-0.20024330914020538,0.0807463750243187
-12.093999862670898,23.246000289916992,1.1215505599975586,0.9064558744430542,0.10879046469926834,0.11799068748950958,0.03109387680888176,0.9048188328742981
-11.093999862670898,-12.753999710083008,0.7112187147140503,5.011075496673584,0.18364562094211578,1.7565629482269287,0.13024941086769104,0.04046447575092316
-11.093999862670898,-12.753999710083008,0.5576736330986023,4.185544013977051,0.008905747905373573,0.027596168220043182,-0.1683262437582016,0.956828236579895
-11.093999862670898,-12.753999710083008,0.7830365300178528,0.7660828828811646,0.09736037999391556,1.6295688152313232,0.09445031732320786,0.0027073195669800043
-11.093999862670898,-11.753999710083008,0.8805237412452698,2.3512091636657715,0.289371132850647,2.633784294128418,0.21496368944644928,0.0057715862058103085
-11.093999862670898,-11.753999710083008,0.81343674659729,4.561010837554932,0.027164416387677193,0.030097603797912598,0.05313684418797493,0.6440629363059998
-11.093999862670898,-11.753999710083008,0.7520262598991394,5.912066459655762,0.05125480890274048,0.5252764821052551,0.2827916145324707,0.3501655161380768
-11.093999862670898,-10.753999710083008,0.8853892087936401,5.454660415649414,0.05337739363312721,0.8244048953056335,-0.14508917927742004,0.24182337522506714
-11.093999862670898,-10.753999710083008,0.7387220859527588,3.195038318634033,0.12791898846626282,1.2004127502441406,0.18958856165409088,0.013891521841287613
-11.093999862670898,-10.753999710083008,0.6972658634185791,5.009453773498535,0.013505762442946434,0.258554607629776,-0.040192920714616776,0.7442851066589355
-11.093999862670898,-9.753999710083008,0.6747269034385681,4.642861843109131,0.053154390305280685,1.8822438716888428,-0.16570089757442474,0.1846092939376831
-11.093999862670898,-9.753999710083008,0.6768184304237366,1.9639227390289307,0.01832166686654091,0.19639091193675995,-0.2507403492927551,0.06977128982543945
-11.093999862670898,-9.753999710083008,0.6514791250228882,4.464776515960693,0.008453011512756348,0.3808138370513916,0.035676345229148865,0.7456194758415222
-11.093999862670898,-8.753999710083008,0.7609043717384338,4.944158554077148,0.021938631311058998,1.2258881330490112,0.16238169372081757,0.35682716965675354
-11.093999862670898,-8.753999710083008,0.7677024602890015,2.131585121154785,0.10183738172054291,1.2342047691345215,-0.35400527715682983,0.4356548488140106
-11.093999862670898,-8.753999710083008,0.915141224861145,5.447545051574707,0.11825541406869888,2.209271192550659,-0.1310582309961319,0.20751798152923584
-11.093999862670898,-7.754000186920166,0.9735652208328247,4.38390588760376,0.08185169845819473,0.7950932383537292,0.34072619676589966,0.21937815845012665
-11.093999862670898,-7.754000186920166,0.96087646484375,2.7850723266601562,0.067734494805336,1.9176757335662842,-0.2777141332626343,0.4122239053249359
-11.093999862670898,-7.754000186920166,1.1054275035858154,1.1317074298858643,0.14968381822109222,0.7042346596717834,0.004141830373555422,0.368397980928421
-11.093999862670898,-6.754000186920166,0.9102810025215149,0.28582432866096497,0.09879804402589798,3.010857105255127,0.04509076103568077,0.14351530373096466
-11.093999862670898,-6.754000186920166,1.1044645309448242,4.151010990142822,0.15532593429088593,0.14580906927585602,0.20437003672122955,0.5881439447402954
-11.093999862670898,-6.754000186920166,1.0917105674743652,1.233462929725647,0.09465726464986801,0.23395290970802307,-0.37287023663520813,0.2683407664299011
-11.093999862670898,-5.754000186920166,0.9487731456756592,5.399296283721924,0.0358431413769722,0.6119207739830017,-0.04293728619813919,0.17504918575286865
-11.093999862670898,-5.754000186920166,0.8762030005455017,2.434896469116211,0.05515006184577942,3.856152057647705,-0.15981215238571167,0.5121863484382629
-11.093999862670898,-5.754000186920166,1.0491636991500854,1.5604015588760376,0.20288965106010437,2.181701421737671,-0.2215055674314499,0.3127644956111908
-11.093999862670898,-4.754000186920166,0.9703987836837769,5.344699382781982,0.032127752900123596,0.7276626825332642,0.14153742790222168,0.2732391953468323
-11.093999862670898,-4.754000186920166,0.9759810566902161,1.3699183464050293,0.16406652331352234,0.7722748517990112,0.17838039994239807,0.680813193321228
-11.093999862670898,-4.754000186920166,0.9388591647148132,5.559089660644531,0.06636592000722885,0.35981982946395874,0.1076400950551033,0.045947592705488205
-11.093999862670898,-3.753999948501587,1.1132404804229736,5.810922622680664,0.022001735866069794,1.3058704137802124,-0.03975199535489082,0.5472720861434937
-11.093999862670898,-3.753999948501587,1.3424097299575806,3.2070891857147217,0.3594796359539032,1.5039398670196533,0.19906561076641083,0.16334854066371918
-11.093999862670898,-3.753999948501587,1.2346887588500977,0.339533269405365,0.10327642410993576,0.0404655821621418,-0.05035659298300743,0.28937944769859314
-11.093999862670898,-2.753999948501587,1.041407823562622,0.32372066378593445,0.04073566943407059,1.0725828409194946,0.08466213196516037,0.906387984752655
-11.093999862670898,-2.753999948501587,0.9187447428703308,3.1739697456359863,0.11042176187038422,0.6814050078392029,0.3933773338794708,0.052831340581178665
-11.093999862670898,-2.753999948501587,0.9474015831947327,0.5694491863250732,0.06567545235157013,0.061129968613386154,-0.21531268954277039,0.04078075662255287
-11.093999862670898,-1.753999948501587,1.0906591415405273,5.667184829711914,0.041038211435079575,1.0835230350494385,-0.2391529083251953,0.45996302366256714
-11.093999862670898,-1.753999948501587,1.0486137866973877,1.4717987775802612,0.061068058013916016,0.26701924204826355,-0.14677035808563232,0.4323568642139435
-11.093999862670898,-1.753999948501587,1.0579595565795898,5.376674652099609,0.0381658636033535,0.41839954257011414,-0.1292407512664795,0.10768015682697296
-11.093999862670898,-0.7540000081062317,1.1604279279708862,5.487125873565674,0.17119468748569489,1.6059772968292236,0.13850194215774536,0.3175036907196045
-11.093999862670898,-0.7540000081062317,1.0388574600219727,2.7158608436584473,0.21613316237926483,0.5978381633758545,0.03865893930196762,0.2886185348033905
-11.093999862670898,-0.7540000081062317,0.9481763243675232,0.12766209244728088,0.07268552482128143,0.14342832565307617,0.030841166153550148,0.3938777446746826
-11.093999862670898,0.2460000067949295,0.9408355951309204,3.0925159454345703,0.15315181016921997,1.394543170928955,0.254381388425827,0.32742753624916077
-11.093999862670898,0.2460000067949295,0.8881034255027771,3.028616189956665,0.09780369699001312,0.3455447852611542,-0.25526881217956543,0.6310750246047974
-11.093999862670898,0.2460000067949295,0.9240031838417053,5.673400402069092,0.06462612748146057,0.3167785406112671,0.1052689328789711,0.04149743542075157
-11.093999862670898,1.246000051498413,0.989836573600769,0.3298289477825165,0.2842514216899872,2.053765296936035,0.1253042072057724,0.07195064425468445
-11.093999862670898,1.246000051498413,0.6331663727760315,3.055227041244507,0.031990475952625275,0.3763616979122162,-0.26388782262802124,0.8849999904632568
-11.093999862670898,1.246000051498413,0.7454994916915894,5.619082450866699,0.03881743922829628,0.36231979727745056,0.15933701395988464,0.04304933920502663
-11.093999862670898,2.246000051498413,1.0176464319229126,0.020437190309166908,0.09494028240442276,1.5751572847366333,0.042481373995542526,0.39412978291511536
-11.093999862670898,2.246000051498413,1.1016051769256592,3.0106024742126465,0.10595472902059555,0.0987190455198288,0.06439705193042755,0.3702831268310547
-11.093999862670898,2.246000051498413,1.1632330417633057,6.18364143371582,0.07074999809265137,0.027678322046995163,0.025625644251704216,0.23558713495731354
-11.093999862670898,3.246000051498413,1.1005406379699707,0.05086004361510277,0.23592601716518402,1.8153965473175049,0.02157656103372574,0.20306165516376495
-11.093999862670898,3.246000051498413,1.1951544284820557,3.0759782791137695,0.10417530685663223,0.06672944128513336,-0.030860694125294685,0.40940216183662415
-11.093999862670898,3.246000051498413,1.111567735671997,6.221579551696777,0.05053360387682915,0.02577458880841732,-0.10570371896028519,0.3875361680984497
-11.093999862670898,4.245999813079834,0.9705678820610046,5.301217079162598,0.0600086972117424,1.895501971244812,0.06917859613895416,0.2224293053150177
-11.093999862670898,4.245999813079834,1.107237458229065,2.905733823776245,0.0722774863243103,0.10715041309595108,0.1777859777212143,0.3586612343788147
-11.093999862670898,4.245999813079834,1.2610435485839844,6.196385383605957,0.06645851582288742,0.021707091480493546,-0.1032678633928299,0.41890949010849
-11.093999862670898,5.245999813079834,1.041081428527832,5.624443054199219,0.06336052715778351,1.3925352096557617,0.067440465092659,0.37949734926223755
-11.093999862670898,5.245999813079834,1.1223431825637817,3.020475149154663,0.09207440167665482,0.20135393738746643,0.23697754740715027,0.30220484733581543
-11.093999862670898,5.245999813079834,1.1207242012023926,6.175394535064697,0.06489132344722748,0.04826480895280838,0.0025137425400316715,0.318297803401947
-11.093999862670898,6.245999813079834,0.9420859217643738,4.757281303405762,0.05688055604696274,1.153603434562683,0.14335545897483826,0.6106929779052734
-11.093999862670898,6.245999813079834,1.0960344076156616,2.9913926124572754,0.14450114965438843,0.2894274890422821,0.15519532561302185,0.2650483548641205
-11.093999862670898,6.245999813079834,1.2455742359161377,6.1424479484558105,0.1165926456451416,0.06556449830532074,0.09614787250757217,0.1242586150765419
-11.093999862670898,7.245999813079834,0.9900333881378174,4.894574165344238,0.0396614745259285,0.9987545609474182,0.20159442722797394,0.36874067783355713
-11.093999862670898,7.245999813079834,0.959902286529541,2.7053205966949463,0.1324353963136673,1.4461491107940674,0.28338584303855896,0.40116560459136963
-11.093999862670898,7.245999813079834,1.0152921676635742,0.05743727460503578,0.07454723864793777,0.141977459192276,0.1488541215658188,0.23009367287158966
-11.093999862670898,8.246000289916992,1.0463404655456543,5.150294303894043,0.05522408336400986,1.2252312898635864,0.13787171244621277,0.24996738135814667
-11.093999862670898,8.246000289916992,0.9615730047225952,2.370934009552002,0.14998671412467957,4.975177764892578,0.07022326439619064,0.6195854544639587
-11.093999862670898,8.246000289916992,0.9237638711929321,5.66390323638916,0.08501255512237549,1.5732225179672241,0.06524278223514557,0.130447119474411
-11.093999862670898,9.246000289916992,1.2668203115463257,6.135287284851074,0.1225316971540451,0.9224913120269775,0.06847506761550903,0.2934264540672302
-11.093999862670898,9.246000289916992,1.1014790534973145,1.6950912475585938,0.13174599409103394,0.7160787582397461,0.07397855073213577,0.5275854468345642
-11.093999862670898,9.246000289916992,0.9820688962936401,4.792411804199219,0.06613552570343018,0.7280674576759338,0.09198262542486191,0.17898809909820557
-11.093999862670898,10.246000289916992,1.1488760709762573,1.326273798942566,0.12953324615955353,1.1055023670196533,-0.08572746068239212,0.22149315476417542
-11.093999862670898,10.246000289916992,1.1535406112670898,2.27888822555542,0.1048462837934494,0.08831529319286346,0.36585432291030884,0.34655335545539856
-11.093999862670898,10.246000289916992,1.0389894247055054,5.103110313415527,0.09164739400148392,0.40833693742752075,0.045447006821632385,0.43195345997810364
-11.093999862670898,11.246000289916992,1.010068655014038,0.6636977791786194,0.09700862318277359,1.0542402267456055,0.022188637405633926,0.11873780936002731
-11.093999862670898,11.246000289916992,1.1148741245269775,2.06815767288208,0.1146618202328682,0.1275932937860489,0.19199466705322266,0.47509172558784485
-11.093999862670898,11.246000289916992,1.1194638013839722,5.089605808258057,0.07659874856472015,0.18803641200065613,0.13240200281143188,0.40617048740386963
-11.093999862670898,12.246000289916992,1.1477055549621582,5.422840118408203,0.2543490529060364,1.8169846534729004,0.07996203750371933,0.10208781808614731
-11.093999862670898,12.246000289916992,1.1124557256698608,2.00360369682312,0.11892486363649368,0.0960693210363388,0.12236950546503067,0.4819328486919403
-11.093999862670898,12.246000289916992,0.9458295702934265,4.747054576873779,0.05170923471450806,0.2423090636730194,0.15485362708568573,0.41597938537597656
-11.093999862670898,13.246000289916992,1.0175540447235107,1.376447319984436,0.06673899292945862,0.7867264747619629,-0.04012259840965271,0.03310549259185791
-11.093999862670898,13.246000289916992,1.110540747642517,1.6678537130355835,0.13090695440769196,0.2276330143213272,0.45391136407852173,0.9596989750862122
-11.093999862670898,13.246000289916992,0.9139494895935059,5.004928112030029,0.17734263837337494,0.8478964567184448,0.04157993942499161,0.007195556070655584
-11.093999862670898,14.246000289916992,1.0877476930618286,5.191819667816162,0.32550299167633057,1.0576112270355225,0.4266916811466217,0.004253124352544546
-11.093999862670898,14.246000289916992,0.923504650592804,1.7747541666030884,0.03177590295672417,0.23390984535217285,-0.16708655655384064,0.8542029857635498
-11.093999862670898,14.246000289916992,0.9265263080596924,0.547408401966095,0.07497455924749374,0.40472519397735596,-0.01138234231621027,0.1415439248085022
-11.093999862670898,15.246000289916992,1.2462701797485352,4.8051838874816895,0.9564149379730225,0.8912638425827026,0.363689124584198,0.019871940836310387
-11.093999862670898,15.246000289916992,0.9327474236488342,1.1346709728240967,0.04007473215460777,0.3055165112018585,-0.3209211528301239,0.9178310036659241
-11.093999862670898,15.246000289916992,1.0902012586593628,1.4699656963348389,0.19015753269195557,0.4407132565975189,-0.0706859827041626,0.0622970312833786
-11.093999862670898,16.246000289916992,1.1795575618743896,0.6016040444374084,0.71927809715271,0.8612655997276306,0.2016870379447937,0.036554913967847824
-11.093999862670898,16.246000289916992,1.0378788709640503,1.0154352188110352,0.05455627292394638,0.10264402627944946,-0.28026169538497925,0.9628351926803589
-11.093999862670898,16.246000289916992,1.2673135995864868,0.8698767423629761,0.8845087885856628,1.6619690656661987,0.14731082320213318,0.0006099199526943266
-11.093999862670898,17.246000289916992,1.5523535013198853,5.394996166229248,4.856317043304443,0.8826941847801208,0.25804612040519714,0.0013937342446297407
-11.093999862670898,17.246000289916992,1.1905999183654785,0.9681668281555176,0.04146226868033409,0.2034616470336914,-0.2664644122123718,0.8951822519302368
-11.093999862670898,17.246000289916992,1.4185926914215088,1.4818814992904663,0.29988032579421997,0.11933522671461105,-0.21686378121376038,0.10342410206794739
-11.093999862670898,18.246000289916992,1.2196636199951172,1.1300415992736816,0.23668476939201355,1.6840803623199463,-0.049921344965696335,0.005870654247701168
-11.093999862670898,18.246000289916992,1.1468791961669922,1.4199031591415405,0.09412119537591934,0.2002508044242859,0.1908944696187973,0.9928332567214966
-11.093999862670898,18.246000289916992,1.395437479019165,0.8680457472801208,0.3470386564731598,0.08781970292329788,-0.14340968430042267,0.001296079601161182
-11.093999862670898,19.246000289916992,1.0204448699951172,2.75964617729187,0.22132131457328796,1.8738354444503784,0.20778243243694305,0.0016406349604949355
-11.093999862670898,19.246000289916992,1.1991301774978638,1.2896591424942017,0.11706709116697311,0.07663606852293015,-0.028623340651392937,0.99835205078125
-11.093999862670898,19.246000289916992,1.1412699222564697,0.15271243453025818,0.3987281322479248,0.9087386131286621,0.013434353284537792,7.385627668554662e-06
-11.093999862670898,20.246000289916992,0.853335440158844,3.011765718460083,0.10362831503152847,1.6163111925125122,0.08722332119941711,0.002606415655463934
-11.093999862670898,20.246000289916992,1.1353254318237305,1.4831608533859253,0.10867968946695328,0.059692513197660446,-0.15729326009750366,0.9973815083503723
-11.093999862670898,20.246000289916992,1.1715481281280518,5.77787971496582,0.7552189826965332,1.4433517456054688,0.07012756168842316,1.1975695088040084e-05
-11.093999862670898,21.246000289916992,0.7823078036308289,1.9060536623001099,0.06197705119848251,1.5604599714279175,-0.11714417487382889,0.02368784509599209
-11.093999862670898,21.246000289916992,1.0386059284210205,1.5095176696777344,0.12363225221633911,0.07176478952169418,-0.14223472774028778,0.9734407067298889
-11.093999862670898,21.246000289916992,1.1111088991165161,5.73769474029541,0.5651331543922424,0.5049546957015991,-0.028923943638801575,0.0028713964857161045
-11.093999862670898,22.246000289916992,0.7216313481330872,0.8365765810012817,0.052549879997968674,1.3831766843795776,-0.3434242904186249,0.01654115505516529
-11.093999862670898,22.246000289916992,1.0141232013702393,1.228162169456482,0.109255850315094,0.07358378171920776,-0.006175877992063761,0.9773322939872742
-11.093999862670898,22.246000289916992,1.124875545501709,6.050866603851318,0.6652457118034363,0.4686407446861267,-0.1802123337984085,0.00612651975825429
-11.093999862670898,23.246000289916992,0.7679901719093323,0.47248589992523193,0.0708073228597641,1.398290991783142,-0.44111937284469604,0.005862347781658173
-11.093999862670898,23.246000289916992,1.0908416509628296,1.1172529458999634,0.12006988376379013,0.08667460829019547,0.05870833620429039,0.9882670044898987
-11.093999862670898,23.246000289916992,1.1285017728805542,5.960142612457275,0.6473467946052551,0.4548567533493042,-0.318317174911499,0.005870611406862736
-10.093999862670898,-11.753999710083008,0.8955991864204407,1.1375330686569214,0.10885104537010193,1.5541046857833862,0.19652681052684784,0.1330542266368866
-10.093999862670898,-11.753999710083008,0.8051621913909912,4.381186008453369,0.03858129307627678,0.1844048798084259,0.12413755804300308,0.6190090775489807
-10.093999862670898,-11.753999710083008,0.8849015235900879,0.12761427462100983,0.07068099081516266,0.5971622467041016,0.0359904021024704,0.24793671071529388
-10.093999862670898,-10.753999710083008,0.6068476438522339,5.8236918449401855,0.0740668997168541,1.5107980966567993,-0.09309543669223785,0.3132479190826416
-10.093999862670898,-10.753999710083008,0.602358341217041,2.0105135440826416,0.04695899412035942,0.2776932120323181,0.08228292316198349,0.3221129775047302
-10.093999862670898,-10.753999710083008,0.6454415917396545,4.422396183013916,0.02341601811349392,0.7182549238204956,0.057840168476104736,0.3646390736103058
-10.093999862670898,-9.753999710083008,0.6520039439201355,4.399135589599609,0.04685744643211365,0.9308797121047974,-0.12461390346288681,0.3624444007873535
-10.093999862670898,-9.753999710083008,0.6146413683891296,1.584387183189392,0.031566083431243896,0.3565678298473358,-0.16373983025550842,0.23351962864398956
-10.093999862670898,-9.753999710083008,0.6401238441467285,4.941634178161621,0.01694665476679802,1.0840849876403809,-0.02177468314766884,0.4040359854698181
-10.093999862670898,-8.753999710083008,0.8425917625427246,4.632378101348877,0.028232762590050697,1.2125993967056274,0.11911768466234207,0.5952804088592529
-10.093999862670898,-8.753999710083008,0.8029478788375854,1.6837644577026367,0.0514860674738884,0.5720147490501404,0.04916216433048248,0.3700963854789734
-10.093999862670898,-8.753999710083008,0.8661975860595703,4.956038475036621,0.05592593550682068,0.8102156519889832,0.0592917874455452,0.034623246639966965
-10.093999862670898,-7.754000186920166,0.7689196467399597,5.026698112487793,0.04157251864671707,1.8141177892684937,0.1976812183856964,0.4257380962371826
-10.093999862670898,-7.754000186920166,0.8616616725921631,3.7303638458251953,0.10043596476316452,1.75608491897583,-0.04684706777334213,0.3590645492076874
-10.093999862670898,-7.754000186920166,0.9685029983520508,1.0563011169433594,0.06840123236179352,0.1418176293373108,-0.26058992743492126,0.2151973396539688
-10.093999862670898,-6.754000186920166,0.9370245933532715,0.027558306232094765,0.07054755091667175,2.3474233150482178,0.15362870693206787,0.1886822134256363
-10.093999862670898,-6.754000186920166,0.9525498747825623,4.110915660858154,0.10361816734075546,0.26152652502059937,0.26813647150993347,0.5155091881752014
-10.093999862670898,-6.754000186920166,0.9504470825195312,1.2540208101272583,0.06023503094911575,0.23003357648849487,-0.261453241109848,0.2958085834980011
-10.093999862670898,-5.754000186920166,0.9675084948539734,5.836130142211914,0.040692154318094254,1.6060487031936646,0.03911601006984711,0.11226042360067368
-10.093999862670898,-5.754000186920166,1.0407142639160156,3.4652442932128906,0.09816865622997284,0.8302724957466125,0.11732719838619232,0.744957447052002
-10.093999862670898,-5.754000186920166,1.0338997840881348,1.3033080101013184,0.15659365057945251,0.7376965880393982,-0.293549507856369,0.14278218150138855
-10.093999862670898,-4.754000186920166,0.9574052691459656,4.670500755310059,0.025234147906303406,1.4305862188339233,0.14276345074176788,0.48886868357658386
-10.093999862670898,-4.754000186920166,1.0099347829818726,2.677262783050537,0.07837709039449692,0.7054726481437683,0.1295173168182373,0.362087607383728
-10.093999862670898,-4.754000186920166,1.0279895067214966,0.3610583543777466,0.04062449932098389,0.12748953700065613,-0.14406414330005646,0.1490437239408493
-10.093999862670898,-3.753999948501587,1.181359052658081,5.629675388336182,0.11543712764978409,1.65630042552948,0.09399859607219696,0.33954018354415894
-10.093999862670898,-3.753999948501587,1.0212748050689697,3.364164352416992,0.135938361287117,1.3745625019073486,0.16645003855228424,0.30136847496032715
-10.093999862670898,-3.753999948501587,1.2124261856079102,0.3740593194961548,0.09087376296520233,0.029190702363848686,-0.12478102743625641,0.3590913414955139
-10.093999862670898,-2.753999948501587,0.9853965044021606,5.7713212966918945,0.041705746203660965,1.4669981002807617,0.18536615371704102,0.7452839612960815
-10.093999862670898,-2.753999948501587,0.9615730047225952,3.5494062900543213,0.1076025664806366,0.9023767113685608,0.15471036732196808,0.102448008954525
-10.093999862670898,-2.753999948501587,1.1917251348495483,0.26577767729759216,0.08814354240894318,0.016806941479444504,-0.06331547349691391,0.15226800739765167
-10.093999862670898,-1.753999948501587,1.0272297859191895,5.2763543128967285,0.03667469322681427,0.6764599680900574,-0.05222800001502037,0.49451056122779846
-10.093999862670898,-1.753999948501587,1.0148011445999146,2.264503240585327,0.1282707154750824,0.920215368270874,0.1905686855316162,0.376563161611557
-10.093999862670898,-1.753999948501587,1.0485286712646484,6.042063236236572,0.06616082787513733,0.16132089495658875,-0.07301070541143417,0.1289263367652893
-10.093999862670898,-0.7540000081062317,1.0228497982025146,5.493680000305176,0.0360073447227478,1.258028268814087,0.054470766335725784,0.8045360445976257
-10.093999862670898,-0.7540000081062317,1.2015845775604248,2.682098865509033,0.22220414876937866,0.6175360083580017,0.26914888620376587,0.15369808673858643
-10.093999862670898,-0.7540000081062317,0.9794508218765259,6.12047004699707,0.060675106942653656,0.11518757790327072,-0.07076124846935272,0.04176576808094978
-10.093999862670898,0.2460000067949295,0.9564976692199707,4.643122673034668,0.0949975922703743,1.2940573692321777,-0.09496086090803146,0.2516644597053528
-10.093999862670898,0.2460000067949295,0.7628727555274963,1.3408970832824707,0.07138004899024963,2.347142457962036,0.13012126088142395,0.14878496527671814
-10.093999862670898,0.2460000067949295,0.6956885457038879,0.20610424876213074,0.0125442985445261,0.2773330807685852,-0.07746786624193192,0.5995506048202515
-10.093999862670898,1.246000051498413,1.078843355178833,0.3810165822505951,0.33296191692352295,1.2368379831314087,-0.04630882292985916,0.208435520529747
-10.093999862670898,1.246000051498413,0.7429957389831543,2.8053598403930664,0.05420270189642906,1.1695555448532104,0.09625234454870224,0.34252414107322693
-10.093999862670898,1.246000051498413,0.6397517323493958,0.03499620035290718,0.01568932645022869,0.18784469366073608,0.00929283257573843,0.44904035329818726
-10.093999862670898,2.246000051498413,1.036454200744629,5.367763519287109,0.11053639650344849,2.298217296600342,0.12405941635370255,0.22612251341342926
-10.093999862670898,2.246000051498413,1.155299425125122,3.1107254028320312,0.11069439351558685,0.08095096051692963,-0.020494408905506134,0.462765634059906
-10.093999862670898,2.246000051498413,1.219327688217163,6.263795375823975,0.07221289724111557,0.0203009694814682,0.011226815171539783,0.31111180782318115
-10.093999862670898,3.246000051498413,0.9327394366264343,4.960653781890869,0.10456304252147675,1.9183298349380493,0.0241578109562397,0.14157211780548096
-10.093999862670898,3.246000051498413,1.199414849281311,2.9473602771759033,0.11784323304891586,0.06308308988809586,-0.0008877989021129906,0.39849868416786194
-10.093999862670898,3.246000051498413,1.1691091060638428,6.17750883102417,0.06592772156000137,0.023842986673116684,-0.08320803940296173,0.4599291980266571
-10.093999862670898,4.245999813079834,0.9578688740730286,5.060258865356445,0.07199361175298691,1.5630358457565308,0.04352957755327225,0.38542860746383667
-10.093999862670898,4.245999813079834,1.1136459112167358,2.9540069103240967,0.08985688537359238,0.10215163230895996,0.12453597784042358,0.3420133590698242
-10.093999862670898,4.245999813079834,1.1558572053909302,6.191594123840332,0.06620822846889496,0.028858793899416924,-0.07088866829872131,0.2725580036640167
-10.093999862670898,5.245999813079834,1.0372363328933716,6.020900726318359,0.09597619622945786,1.4076637029647827,0.06379654258489609,0.39705631136894226
-10.093999862670898,5.245999813079834,1.08467698097229,3.0285699367523193,0.10797224193811417,0.2367660105228424,0.19235387444496155,0.2936336100101471
-10.093999862670898,5.245999813079834,1.0462156534194946,6.1418986320495605,0.06128590926527977,0.04707677662372589,0.0029831300489604473,0.30931004881858826
-10.093999862670898,6.245999813079834,1.0149288177490234,5.517415523529053,0.06554108113050461,1.2917784452438354,0.08008596301078796,0.4978456199169159
-10.093999862670898,6.245999813079834,1.17330801486969,2.9926962852478027,0.16515563428401947,0.2667137384414673,0.15397875010967255,0.3482621908187866
-10.093999862670898,6.245999813079834,1.0216865539550781,6.204178333282471,0.071828693151474,0.140345960855484,-0.017376914620399475,0.15389226377010345
-10.093999862670898,7.245999813079834,1.0134718418121338,4.544363498687744,0.05480719730257988,0.6690858602523804,0.27931341528892517,0.3097369372844696
-10.093999862670898,7.245999813079834,0.9762704372406006,2.4245238304138184,0.09146837145090103,1.9522864818572998,0.08312595635652542,0.40222883224487305
-10.093999862670898,7.245999813079834,0.8861691355705261,6.182242393493652,0.049835484474897385,0.21225106716156006,0.07767199724912643,0.28803420066833496
-10.093999862670898,8.246000289916992,0.9920660257339478,5.322922706604004,0.048912450671195984,1.4036065340042114,0.07582613080739975,0.3465816378593445
-10.093999862670898,8.246000289916992,0.9863559007644653,2.3570878505706787,0.14102983474731445,0.5189331769943237,0.06993923336267471,0.2717546224594116
-10.093999862670898,8.246000289916992,0.8927722573280334,5.361581325531006,0.05021592229604721,0.2771596312522888,0.01512399222701788,0.3816637098789215
-10.093999862670898,9.246000289916992,1.0099284648895264,6.220739841461182,0.07162510603666306,1.4454935789108276,-0.07571481913328171,0.40504011511802673
-10.093999862670898,9.246000289916992,1.1215397119522095,2.3767237663269043,0.09482547640800476,0.04825139418244362,0.12349651008844376,0.41435006260871887
-10.093999862670898,9.246000289916992,1.0623033046722412,5.432293891906738,0.0698690265417099,0.09573755413293839,0.027359459549188614,0.18060989677906036
-10.093999862670898,10.246000289916992,1.0000205039978027,1.0554900169372559,0.07606040686368942,1.6190853118896484,-0.08611326664686203,0.30487287044525146
-10.093999862670898,10.246000289916992,1.1406333446502686,2.2497291564941406,0.0860629454255104,0.058825183659791946,0.2649488151073456,0.37087640166282654
-10.093999862670898,10.246000289916992,1.1188428401947021,5.118100643157959,0.07504165917634964,0.09446997195482254,0.12367750704288483,0.3242506980895996
-10.093999862670898,11.246000289916992,1.0287294387817383,5.405153751373291,0.08300118148326874,1.2493053674697876,0.012484384700655937,0.12667237222194672
-10.093999862670898,11.246000289916992,1.1741036176681519,2.094120740890503,0.11947471648454666,0.07910739630460739,0.23972423374652863,0.35043156147003174
-10.093999862670898,11.246000289916992,1.1136250495910645,4.884428977966309,0.06761384010314941,0.09961329400539398,0.12610387802124023,0.5228961110115051
-10.093999862670898,12.246000289916992,1.0654562711715698,6.257858753204346,0.1194501668214798,1.1014516353607178,0.05686469003558159,0.06401552259922028
-10.093999862670898,12.246000289916992,1.1077041625976562,1.7701706886291504,0.13194191455841064,0.05978372320532799,0.14761334657669067,0.37239542603492737
-10.093999862670898,12.246000289916992,0.953883171081543,4.565786361694336,0.0420527458190918,0.10879970341920853,0.1543949693441391,0.5635890364646912
-10.093999862670898,13.246000289916992,0.8264798521995544,0.4956026077270508,0.08606309443712234,0.9591435194015503,-0.14545509219169617,0.11017271876335144
-10.093999862670898,13.246000289916992,1.0536682605743408,1.4969242811203003,0.08610738068819046,0.044635672122240067,0.26626676321029663,0.8588455319404602
-10.093999862670898,13.246000289916992,1.1605998277664185,0.02980581298470497,0.3423953354358673,0.17965224385261536,0.027392515912652016,0.030981719493865967
-10.093999862670898,14.246000289916992,1.1435322761535645,0.853733241558075,0.3802701234817505,0.9104896783828735,0.30987197160720825,0.041209809482097626
-10.093999862670898,14.246000289916992,0.8849464654922485,1.4313920736312866,0.031855806708335876,0.08875614404678345,0.09513795375823975,0.8777837753295898
-10.093999862670898,14.246000289916992,0.9826368093490601,1.6535866260528564,0.1032695546746254,0.11330017447471619,-0.04567683860659599,0.08100643754005432
-10.093999862670898,15.246000289916992,1.0462144613265991,0.4977513551712036,0.33957526087760925,0.931106448173523,0.06872568279504776,0.02907087653875351
-10.093999862670898,15.246000289916992,0.9611143469810486,1.3078749179840088,0.03828280419111252,0.039413031190633774,-0.13991263508796692,0.7754102945327759
-10.093999862670898,15.246000289916992,1.097379446029663,1.3151839971542358,0.17626520991325378,0.13395050168037415,-0.1502508670091629,0.19551882147789001
-10.093999862670898,16.246000289916992,1.1569690704345703,0.2912360429763794,0.23560069501399994,1.0422403812408447,0.22459684312343597,0.03543032333254814
-10.093999862670898,16.246000289916992,1.1318483352661133,1.146030068397522,0.062421996146440506,0.0668846145272255,-0.17069457471370697,0.9637494087219238
-10.093999862670898,16.246000289916992,1.219076156616211,0.7162383794784546,0.4991357922554016,0.7996640801429749,0.1055799052119255,0.0008202485041692853
-10.093999862670898,17.246000289916992,1.031454086303711,0.3406382203102112,0.29497215151786804,0.764534056186676,0.30121856927871704,0.017490893602371216
-10.093999862670898,17.246000289916992,1.1115362644195557,0.8985236287117004,0.07616247981786728,0.12200180441141129,-0.25542449951171875,0.97334223985672
-10.093999862670898,17.246000289916992,1.1103321313858032,0.28421255946159363,0.3076808452606201,0.3527010381221771,0.04119788482785225,0.009166866540908813
-10.093999862670898,18.246000289916992,1.0827908515930176,2.5840842723846436,0.21767835319042206,0.8994526863098145,0.15642806887626648,0.004484976641833782
-10.093999862670898,18.246000289916992,1.163819432258606,1.0985125303268433,0.1176157295703888,0.1443343311548233,-0.3312329351902008,0.995420515537262
-10.093999862670898,18.246000289916992,1.1271122694015503,0.057311419397592545,0.7054735422134399,1.5135868787765503,0.14061523973941803,9.45019128266722e-05
-10.093999862670898,19.246000289916992,0.8196899890899658,1.0169312953948975,0.11284982413053513,1.1064660549163818,0.08054334670305252,0.004517094232141972
-10.093999862670898,19.246000289916992,1.03522789478302,1.158866286277771,0.08266696333885193,0.1235540434718132,0.05705367773771286,0.9946382641792297
-10.093999862670898,19.246000289916992,1.2009786367416382,0.49167734384536743,0.637885332107544,0.3803117871284485,0.15582332015037537,0.0008446743595413864
-10.093999862670898,20.246000289916992,0.7548675537109375,4.929751873016357,0.07973029464483261,0.6913931965827942,-0.12950436770915985,0.037499308586120605
-10.093999862670898,20.246000289916992,1.0284068584442139,1.4215373992919922,0.13746240735054016,0.08867576718330383,-0.00017837561608757824,0.9132041335105896
-10.093999862670898,20.246000289916992,1.1929253339767456,0.14636334776878357,1.0310639142990112,0.36561325192451477,0.25473877787590027,0.04929657652974129
-10.093999862670898,21.246000289916992,0.9567425847053528,2.831575870513916,0.5651402473449707,0.9832876324653625,-0.1556728482246399,0.0008174551767297089
-10.093999862670898,21.246000289916992,1.0086337327957153,1.3612325191497803,0.09924817085266113,0.07618721574544907,0.029835840687155724,0.9445168972015381
-10.093999862670898,21.246000289916992,1.1062686443328857,6.265571117401123,0.7563496232032776,0.40058764815330505,0.08169201016426086,0.05466565489768982
-10.093999862670898,22.246000289916992,1.1573681831359863,2.456155776977539,2.6378796100616455,2.4508721828460693,-0.1526985913515091,6.114564894232899e-05
-10.093999862670898,22.246000289916992,0.9553952813148499,1.6033649444580078,0.08697047084569931,0.10701844096183777,0.08607979863882065,0.9767331480979919
-10.093999862670898,22.246000289916992,0.9860560894012451,5.867589473724365,0.23532059788703918,0.20733386278152466,-0.2270170897245407,0.02320575714111328
-10.093999862670898,23.246000289916992,1.2212202548980713,0.5682220458984375,5.481561660766602,3.498732089996338,-0.15151189267635345,1.4767584616492968e-05
-10.093999862670898,23.246000289916992,0.9441404342651367,1.7491310834884644,0.0775095596909523,0.12909556925296783,0.04963655397295952,0.9835405945777893
-10.093999862670898,23.246000289916992,0.97856205701828,5.548417091369629,0.16028374433517456,0.16129912436008453,-0.3782132565975189,0.016444679349660873
-9.093999862670898,-11.753999710083008,0.8617088794708252,3.185678482055664,0.05988248065114021,0.7745792865753174,-0.0071901194751262665,0.0401601679623127
-9.093999862670898,-11.753999710083008,0.8405529856681824,3.7293858528137207,0.07119589298963547,2.0397298336029053,0.08171366900205612,0.323869526386261
-9.093999862670898,-11.753999710083008,0.9885045886039734,0.6855989098548889,0.08001948893070221,0.28926584124565125,-0.11003296077251434,0.6359702348709106
-9.093999862670898,-10.753999710083008,0.572453498840332,4.685309410095215,0.06884628534317017,0.8560856580734253,-0.020315058529376984,0.08518611639738083
-9.093999862670898,-10.753999710083008,0.5529785752296448,1.747347116470337,0.03709033876657486,1.17410147190094,-0.035790637135505676,0.041887518018484116
-9.093999862670898,-10.753999710083008,0.613358199596405,4.339594841003418,0.012157278135418892,0.6368646025657654,0.0759519711136818,0.8729264140129089
-9.093999862670898,-9.753999710083008,0.6953673362731934,4.712039947509766,0.08009585738182068,1.1119219064712524,0.10090350359678268,0.15809671580791473
-9.093999862670898,-9.753999710083008,0.625639021396637,1.4515620470046997,0.0337507501244545,0.6852047443389893,0.07396430522203445,0.18712472915649414
-9.093999862670898,-9.753999710083008,0.6359928250312805,5.240117073059082,0.015028636902570724,0.7973595857620239,-0.0476408489048481,0.6547785997390747
-9.093999862670898,-8.753999710083008,0.9442902207374573,4.780266761779785,0.11187046021223068,0.9117645621299744,0.007978459820151329,0.17302829027175903
-9.093999862670898,-8.753999710083008,0.7893471717834473,1.2314399480819702,0.03930588439106941,0.6508486866950989,0.17310795187950134,0.4469480514526367
-9.093999862670898,-8.753999710083008,0.8106043934822083,4.853124618530273,0.02101082168519497,0.404289573431015,0.12003803998231888,0.38002362847328186
-9.093999862670898,-7.754000186920166,0.9805991649627686,2.2039575576782227,0.34179365634918213,2.2638673782348633,0.14239917695522308,0.03427019715309143
-9.093999862670898,-7.754000186920166,0.7475275993347168,4.286077499389648,0.06151025742292404,1.0038203001022339,0.015033637173473835,0.7758135199546814
-9.093999862670898,-7.754000186920166,0.8325495719909668,1.413094401359558,0.06303399801254272,0.6750087141990662,-0.3156457841396332,0.1899162381887436
-9.093999862670898,-6.754000186920166,0.9753620624542236,3.202223300933838,0.05526185780763626,1.587622046470642,0.06988388299942017,0.1516633778810501
-9.093999862670898,-6.754000186920166,0.9711804389953613,4.108304500579834,0.09916204959154129,0.25999483466148376,0.1265050619840622,0.26572492718696594
-9.093999862670898,-6.754000186920166,0.9186516404151917,1.2410238981246948,0.045355480164289474,0.62215256690979,-0.2232646495103836,0.582611620426178
-9.093999862670898,-5.754000186920166,0.8715293407440186,6.123693466186523,0.02312333695590496,1.3823391199111938,0.1211768239736557,0.217169389128685
-9.093999862670898,-5.754000186920166,1.09077787399292,4.0890703201293945,0.1376676857471466,0.9727346897125244,0.08286304026842117,0.3439033627510071
-9.093999862670898,-5.754000186920166,1.0746947526931763,0.9592086672782898,0.0796465054154396,0.28591686487197876,-0.24656878411769867,0.4389272928237915
-9.093999862670898,-4.754000186920166,0.9784860610961914,0.6504267454147339,0.025181423872709274,1.3459783792495728,0.14623162150382996,0.5582363605499268
-9.093999862670898,-4.754000186920166,1.0564249753952026,3.8309381008148193,0.07658028602600098,0.5465443730354309,0.1389743685722351,0.3344205617904663
-9.093999862670898,-4.754000186920166,1.1003925800323486,0.6245405077934265,0.06516631692647934,0.06203053891658783,-0.11370526999235153,0.10734302550554276
-9.093999862670898,-3.753999948501587,1.1964318752288818,4.492161750793457,0.1291940063238144,1.2440855503082275,0.1790114939212799,0.2177373319864273
-9.093999862670898,-3.753999948501587,0.8269703388214111,3.049651861190796,0.09323860704898834,3.2056725025177,0.4250875413417816,0.3612360954284668
-9.093999862670898,-3.753999948501587,0.9909189939498901,0.5449261665344238,0.08414965867996216,0.19825011491775513,-0.06841250509023666,0.4210264980792999
-9.093999862670898,-2.753999948501587,1.0616222620010376,0.45448341965675354,0.09236086159944534,1.7242259979248047,0.16250671446323395,0.6140156388282776
-9.093999862670898,-2.753999948501587,0.938429057598114,3.440516233444214,0.07774335145950317,0.7549756765365601,0.19366320967674255,0.2602386772632599
-9.093999862670898,-2.753999948501587,1.2889211177825928,0.12705391645431519,0.10243329405784607,0.014582982286810875,0.03471042215824127,0.12574562430381775
-9.093999862670898,-1.753999948501587,1.0129776000976562,5.405000686645508,0.0663638636469841,1.425760269165039,0.1771034449338913,0.44707784056663513
-9.093999862670898,-1.753999948501587,1.1596808433532715,2.7784740924835205,0.2515980303287506,1.065320372581482,0.09450720250606537,0.2865837514400482
-9.093999862670898,-1.753999948501587,1.1397199630737305,6.153079986572266,0.05803728103637695,0.05187679082155228,-0.06077555567026138,0.26633843779563904
-9.093999862670898,-0.7540000081062317,0.9862090349197388,5.733147621154785,0.03260296583175659,0.8918405175209045,0.13492451608181,0.6353493928909302
-9.093999862670898,-0.7540000081062317,1.1545530557632446,2.6537585258483887,0.17806223034858704,0.5183280110359192,0.3679868280887604,0.241355299949646
-9.093999862670898,-0.7540000081062317,1.0152679681777954,5.797194004058838,0.06751050800085068,0.07882264256477356,0.00956210121512413,0.12329534441232681
-9.093999862670898,0.2460000067949295,1.1199321746826172,5.51065731048584,0.07755447924137115,0.8835895657539368,-0.15201157331466675,0.45547041296958923
-9.093999862670898,0.2460000067949295,1.003533124923706,1.161780595779419,0.09965740144252777,0.7715447545051575,0.1766943335533142,0.259278267621994
-9.093999862670898,0.2460000067949295,0.9037149548530579,5.47605037689209,0.048146992921829224,0.9097546935081482,0.08523410558700562,0.28525128960609436
-9.093999862670898,1.246000051498413,0.8878668546676636,5.107280731201172,0.06843183189630508,2.3357484340667725,0.17494210600852966,0.1917523443698883
-9.093999862670898,1.246000051498413,0.8191887736320496,2.907586097717285,0.13340824842453003,1.2335097789764404,0.3776355981826782,0.5896897315979004
-9.093999862670898,1.246000051498413,0.844105064868927,0.5983963012695312,0.12082092463970184,0.09978196024894714,0.04052307829260826,0.21855786442756653
-9.093999862670898,2.246000051498413,0.9408590197563171,0.061102088540792465,0.05572802573442459,2.4248886108398438,0.11095258593559265,0.23019669950008392
-9.093999862670898,2.246000051498413,1.2649046182632446,3.177682399749756,0.12042107433080673,0.09068074822425842,-0.028830859810113907,0.48210644721984863
-9.093999862670898,2.246000051498413,1.2348021268844604,6.227044105529785,0.06851350516080856,0.024961477145552635,0.08053131401538849,0.2876967489719391
-9.093999862670898,3.246000051498413,0.9154955744743347,5.665979385375977,0.0806860402226448,1.5731937885284424,0.018097523599863052,0.13824960589408875
-9.093999862670898,3.246000051498413,1.2234838008880615,2.9918887615203857,0.22508367896080017,0.09343167394399643,-0.01960364170372486,0.29407861828804016
-9.093999862670898,3.246000051498413,1.1558297872543335,6.228678226470947,0.07049227505922318,0.01992901973426342,-0.1363978236913681,0.5676717162132263
-9.093999862670898,4.245999813079834,0.986127495765686,6.188925266265869,0.09179539978504181,1.4872759580612183,-0.007733207195997238,0.31324341893196106
-9.093999862670898,4.245999813079834,1.1133428812026978,3.077655792236328,0.09385126829147339,0.18319401144981384,0.06136036291718483,0.41200873255729675
-9.093999862670898,4.245999813079834,1.1913707256317139,6.20550537109375,0.07525278627872467,0.03447411209344864,-0.11784857511520386,0.2747478187084198
-9.093999862670898,5.245999813079834,1.032172441482544,5.657161712646484,0.1522979736328125,1.6797568798065186,0.10705677419900894,0.20122763514518738
-9.093999862670898,5.245999813079834,1.095605731010437,3.0062882900238037,0.12316000461578369,0.253221720457077,0.06351551413536072,0.3182505667209625
-9.093999862670898,5.245999813079834,1.0038341283798218,6.126252174377441,0.05591662973165512,0.04642800986766815,0.03866623714566231,0.48052170872688293
-9.093999862670898,6.245999813079834,0.9741287231445312,4.838498115539551,0.05814525485038757,1.4088666439056396,0.04416581988334656,0.44151970744132996
-9.093999862670898,6.245999813079834,1.2426540851593018,2.9261512756347656,0.1920069009065628,0.24187596142292023,0.15457011759281158,0.34651267528533936
-9.093999862670898,6.245999813079834,0.9617098569869995,6.169278144836426,0.0805910974740982,0.2709534466266632,-0.044355060905218124,0.21196752786636353
-9.093999862670898,7.245999813079834,0.9702131152153015,0.1759652942419052,0.042020924389362335,0.8100335597991943,0.12339648604393005,0.22113041579723358
-9.093999862670898,7.245999813079834,0.9571912884712219,2.344663143157959,0.06598661094903946,0.3572250306606293,0.33076709508895874,0.5225406289100647
-9.093999862670898,7.245999813079834,0.9664482474327087,5.403412342071533,0.051852356642484665,0.22623415291309357,0.13652223348617554,0.25632888078689575
-9.093999862670898,8.246000289916992,0.9043604135513306,5.5687103271484375,0.05119096115231514,1.15908944606781,0.03348006308078766,0.26072636246681213
-9.093999862670898,8.246000289916992,1.0903147459030151,2.3982255458831787,0.11199402064085007,0.07690487056970596,0.04000585153698921,0.33930808305740356
-9.093999862670898,8.246000289916992,1.0352307558059692,5.561100006103516,0.06433206051588058,0.05931204557418823,0.04145367443561554,0.3999655246734619
-9.093999862670898,9.246000289916992,0.9610509276390076,3.943188190460205,0.08938600867986679,1.1492489576339722,-0.00026238540885969996,0.2964608073234558
-9.093999862670898,9.246000289916992,1.090254545211792,2.3525495529174805,0.07607971876859665,0.04119637608528137,0.03259121999144554,0.44533348083496094
-9.093999862670898,9.246000289916992,1.1326630115509033,5.517597198486328,0.0711238905787468,0.04145548492670059,-0.04533893242478371,0.25820568203926086
-9.093999862670898,10.246000289916992,0.9197654724121094,5.937812805175781,0.035653240978717804,1.1591938734054565,0.029278339818120003,0.40755224227905273
-9.093999862670898,10.246000289916992,1.0682263374328613,2.299976348876953,0.08771710842847824,0.2233501374721527,0.14621257781982422,0.3396288752555847
-9.093999862670898,10.246000289916992,1.2946754693984985,5.522745132446289,0.10313279926776886,0.05540672689676285,0.019451292231678963,0.25281888246536255
-9.093999862670898,11.246000289916992,1.0560696125030518,0.6980005502700806,0.05997665598988533,0.5584235787391663,0.009620714001357555,0.12545324862003326
-9.093999862670898,11.246000289916992,0.9937488436698914,0.8901990056037903,0.08885078877210617,0.8214853405952454,0.279805064201355,0.41500088572502136
-9.093999862670898,11.246000289916992,0.9829065203666687,0.3268132209777832,0.06138307973742485,0.112627774477005,0.0961446687579155,0.45954591035842896
-9.093999862670898,12.246000289916992,0.866504967212677,3.0655789375305176,0.05759098753333092,0.4167739748954773,0.12667152285575867,0.015341325663030148
-9.093999862670898,12.246000289916992,0.7356245517730713,0.931080162525177,0.052177492529153824,0.15918660163879395,0.13822217285633087,0.9835753440856934
-9.093999862670898,12.246000289916992,0.9505552053451538,4.870212554931641,0.41133245825767517,0.8785632848739624,0.1548924595117569,0.0010834207059815526
-9.093999862670898,13.246000289916992,0.6382712721824646,6.068139553070068,0.0404985137283802,0.6686062216758728,-0.1686432957649231,0.17638826370239258
-9.093999862670898,13.246000289916992,0.7820737361907959,0.6298692226409912,0.052814651280641556,0.13749757409095764,0.3619164824485779,0.6396841406822205
-9.093999862670898,13.246000289916992,0.9016852378845215,1.001939058303833,0.2919765114784241,0.09815161675214767,-0.09697430580854416,0.18392759561538696
-9.093999862670898,14.246000289916992,1.0559000968933105,0.24940060079097748,0.1912957727909088,0.7420423030853271,0.07950923591852188,0.0750032588839531
-9.093999862670898,14.246000289916992,0.93759685754776,1.07963228225708,0.06020565703511238,0.10415114462375641,0.000992775079794228,0.4979571998119354
-9.093999862670898,14.246000289916992,0.9866402745246887,1.0311318635940552,0.08668241649866104,0.24554727971553802,-0.06567500531673431,0.4270395040512085
-9.093999862670898,15.246000289916992,1.0894112586975098,1.2351950407028198,0.16049955785274506,0.6025879383087158,-0.11554834246635437,0.1900297999382019
-9.093999862670898,15.246000289916992,1.0296605825424194,1.053191065788269,0.07331368327140808,0.0999336689710617,-0.1261293739080429,0.5037132501602173
-9.093999862670898,15.246000289916992,1.1365772485733032,0.9225242137908936,0.23106162250041962,0.4311264157295227,-0.07794342190027237,0.3062569499015808
-9.093999862670898,16.246000289916992,1.292288064956665,6.244844913482666,0.5377804636955261,1.7206250429153442,0.24774771928787231,0.03646967560052872
-9.093999862670898,16.246000289916992,1.0760550498962402,1.1806449890136719,0.05556631088256836,0.1253666877746582,-0.04093015566468239,0.949196994304657
-9.093999862670898,16.246000289916992,1.2024670839309692,1.2900323867797852,0.2504390776157379,0.11880133301019669,0.012823979370296001,0.014333347789943218
-9.093999862670898,17.246000289916992,0.9624099731445312,1.1031153202056885,0.2565061151981354,0.8038101196289062,-0.030516205355525017,0.0029513684567064047
-9.093999862670898,17.246000289916992,1.183897614479065,0.9123300909996033,0.0717463344335556,0.05484467372298241,-0.01123808789998293,0.996487021446228
-9.093999862670898,17.246000289916992,1.1849344968795776,5.890867233276367,0.6100654006004333,0.65199875831604,0.3100864291191101,0.000561670633032918
-9.093999862670898,18.246000289916992,0.8297898173332214,2.82606840133667,0.042675502598285675,0.7306076288223267,-0.18393142521381378,0.02336839959025383
-9.093999862670898,18.246000289916992,1.2620362043380737,0.9128965735435486,0.18229036033153534,0.09260371327400208,-0.2528725266456604,0.9764824509620667
-9.093999862670898,18.246000289916992,1.2526448965072632,0.5501934885978699,1.2052301168441772,2.1042118072509766,0.1341177374124527,0.00014926429139450192
-9.093999862670898,19.246000289916992,0.6770720481872559,0.5923346877098083,0.022703956812620163,0.7517905831336975,-0.17712241411209106,0.08354556560516357
-9.093999862670898,19.246000289916992,1.1256990432739258,0.9218769669532776,0.1103113517165184,0.13756678998470306,-0.18678489327430725,0.7850316762924194
-9.093999862670898,19.246000289916992,1.279772400856018,0.8477816581726074,0.9112208485603333,0.6554096937179565,-0.04335268586874008,0.13142286241054535
-9.093999862670898,20.246000289916992,0.6593636870384216,2.3355283737182617,0.032195087522268295,0.3119160830974579,-0.06614243239164352,0.2121787965297699
-9.093999862670898,20.246000289916992,1.022135615348816,1.2033978700637817,0.16766764223575592,0.1472829282283783,-0.12867845594882965,0.7216162085533142
-9.093999862670898,20.246000289916992,1.1455285549163818,6.229128360748291,1.5093177556991577,2.332897663116455,0.3087749183177948,0.0662049800157547
-9.093999862670898,21.246000289916992,1.0175961256027222,2.5434389114379883,0.27021706104278564,0.7184299230575562,-0.06393598765134811,0.0012776284711435437
-9.093999862670898,21.246000289916992,1.0067667961120605,1.394970417022705,0.10391722619533539,0.16698254644870758,0.2952118217945099,0.9908577799797058
-9.093999862670898,21.246000289916992,0.9318898916244507,6.051186561584473,0.3508472740650177,0.9274852275848389,0.1836024820804596,0.007864671759307384
-9.093999862670898,22.246000289916992,0.9645909667015076,1.1781625747680664,0.1314007043838501,0.7692122459411621,-0.021643787622451782,0.0009403545409440994
-9.093999862670898,22.246000289916992,0.9594016671180725,1.6914085149765015,0.1204364076256752,0.14196732640266418,0.13950423896312714,0.9969139099121094
-9.093999862670898,22.246000289916992,0.8081641793251038,5.41501522064209,0.1576005220413208,1.1413320302963257,0.05112596973776817,0.0021456743124872446
-9.093999862670898,23.246000289916992,0.9850572347640991,1.6073970794677734,0.109417624771595,1.0882635116577148,-0.0888371616601944,9.070403029909357e-05
-9.093999862670898,23.246000289916992,0.9449819326400757,1.8056896924972534,0.12378175556659698,0.17442835867404938,0.1107763946056366,0.9996464252471924
-9.093999862670898,23.246000289916992,0.7995646595954895,5.068658828735352,0.11919401586055756,1.0296083688735962,-0.05987028405070305,0.00026293456903658807
-8.093999862670898,-11.753999710083008,0.7341468930244446,2.337329149246216,0.09322357922792435,1.1325089931488037,-0.03423585370182991,0.14955389499664307
-8.093999862670898,-11.753999710083008,0.6120790839195251,2.422729969024658,0.041758738458156586,0.5140860080718994,-0.034968312829732895,0.405829519033432
-8.093999862670898,-11.753999710083008,0.7718953490257263,6.270236968994141,0.06340551376342773,0.45060017704963684,0.017808174714446068,0.4446165859699249
-8.093999862670898,-10.753999710083008,0.4990703761577606,4.504326820373535,0.045129336416721344,2.067772388458252,0.022616561502218246,0.12867072224617004
-8.093999862670898,-10.753999710083008,0.5528331995010376,1.6624765396118164,0.015903383493423462,0.3424002230167389,-0.016537901014089584,0.2688729166984558
-8.093999862670898,-10.753999710083008,0.5904602408409119,4.750402927398682,0.007534809410572052,0.3421751856803894,0.025644704699516296,0.6024563312530518
-8.093999862670898,-9.753999710083008,0.7561902403831482,5.477818012237549,0.09522239863872528,1.3635573387145996,0.018628498539328575,0.1306713968515396
-8.093999862670898,-9.753999710083008,0.6128031611442566,1.9220832586288452,0.025003718212246895,0.5217822790145874,-0.019023152068257332,0.4096285104751587
-8.093999862670898,-9.753999710083008,0.6956895589828491,5.435032367706299,0.022315738722682,0.6579588651657104,-0.027417369186878204,0.4597001373767853
-8.093999862670898,-8.753999710083008,0.6960053443908691,0.1736035943031311,0.036790233105421066,0.7506468892097473,-0.14020557701587677,0.7689362168312073
-8.093999862670898,-8.753999710083008,0.6993811130523682,2.343496799468994,0.08713466674089432,0.5480315685272217,0.1716967523097992,0.11579140275716782
-8.093999862670898,-8.753999710083008,0.7056639790534973,4.6250786781311035,0.03047718107700348,0.46764469146728516,0.11651457846164703,0.11527242511510849
-8.093999862670898,-7.754000186920166,0.7784415483474731,1.7178181409835815,0.18304994702339172,2.025524139404297,-0.07862412184476852,0.057976216077804565
-8.093999862670898,-7.754000186920166,0.6526476144790649,3.918731451034546,0.024687623605132103,0.8132654428482056,0.05189966410398483,0.5407283306121826
-8.093999862670898,-7.754000186920166,0.686284065246582,1.8256536722183228,0.016970720142126083,0.38186919689178467,-0.331834077835083,0.4012955129146576
-8.093999862670898,-6.754000186920166,0.8784037828445435,2.373849630355835,0.07535901665687561,1.5608134269714355,0.06333741545677185,0.12464381009340286
-8.093999862670898,-6.754000186920166,0.7902877330780029,3.6253185272216797,0.08315252512693405,0.5817949771881104,-0.008277223445475101,0.18016381561756134
-8.093999862670898,-6.754000186920166,0.7528393268585205,0.20348837971687317,0.032609723508358,0.8520326018333435,-0.049408625811338425,0.6951923370361328
-8.093999862670898,-5.754000186920166,0.7399036288261414,0.011811980977654457,0.019832683727145195,1.6265453100204468,0.08167292177677155,0.33318039774894714
-8.093999862670898,-5.754000186920166,1.095993995666504,3.8510546684265137,0.13797202706336975,0.3327350616455078,0.12075944989919662,0.533699631690979
-8.093999862670898,-5.754000186920166,1.147660493850708,0.5032678246498108,0.11130744963884354,0.11574029922485352,-0.029177073389291763,0.13311992585659027
-8.093999862670898,-4.754000186920166,0.888208270072937,1.0058279037475586,0.04190254211425781,1.7423880100250244,0.14262747764587402,0.5833188891410828
-8.093999862670898,-4.754000186920166,0.988224446773529,3.9441230297088623,0.10445251315832138,0.1685526967048645,0.03529742360115051,0.3229489326477051
-8.093999862670898,-4.754000186920166,1.0069104433059692,0.6475894451141357,0.08800838887691498,0.11521204560995102,-0.16864709556102753,0.09373223036527634
-8.093999862670898,-3.753999948501587,0.9291322231292725,0.20185278356075287,0.04663925990462303,1.6671111583709717,0.0679134652018547,0.42655837535858154
-8.093999862670898,-3.753999948501587,0.8685674667358398,3.514752149581909,0.08603225648403168,0.4445038437843323,0.34252962470054626,0.3544236719608307
-8.093999862670898,-3.753999948501587,1.1323307752609253,0.6383717656135559,0.09315706044435501,0.09589028358459473,-0.18991945683956146,0.21901798248291016
-8.093999862670898,-2.753999948501587,1.0553715229034424,6.228522300720215,0.12809130549430847,1.7769734859466553,0.13387300074100494,0.4318481981754303
-8.093999862670898,-2.753999948501587,0.9674200415611267,3.417904853820801,0.07501082122325897,0.48638978600502014,0.126840278506279,0.3842187523841858
-8.093999862670898,-2.753999948501587,1.2952265739440918,0.1269156038761139,0.1000145897269249,0.02046680822968483,0.006323787849396467,0.1839330643415451
-8.093999862670898,-1.753999948501587,0.8019310235977173,5.961750507354736,0.035892751067876816,1.539110541343689,0.12486167997121811,0.5505566596984863
-8.093999862670898,-1.753999948501587,1.0880612134933472,2.89151668548584,0.20501397550106049,0.4122813940048218,0.0640830248594284,0.3064095675945282
-8.093999862670898,-1.753999948501587,1.1346184015274048,6.018545150756836,0.08354764431715012,0.08799265325069427,0.06129186600446701,0.14303383231163025
-8.093999862670898,-0.7540000081062317,1.020981788635254,5.368305683135986,0.1313587874174118,0.8279274702072144,0.14176242053508759,0.22031204402446747
-8.093999862670898,-0.7540000081062317,0.9045467376708984,2.4263076782226562,0.12439899146556854,0.3302893042564392,0.08097705990076065,0.3364068269729614
-8.093999862670898,-0.7540000081062317,0.8713700175285339,5.589828014373779,0.037274319678545,0.15088720619678497,0.08624044805765152,0.4432811439037323
-8.093999862670898,0.2460000067949295,1.0453073978424072,5.759541034698486,0.1457970142364502,1.935773253440857,-0.04338875040411949,0.32769230008125305
-8.093999862670898,0.2460000067949295,0.8186721205711365,1.659651517868042,0.08093897998332977,0.7307659983634949,0.05105028674006462,0.525751531124115
-8.093999862670898,0.2460000067949295,0.7768428325653076,5.714787483215332,0.030350010842084885,0.4457710087299347,-0.05039473623037338,0.146556094288826
-8.093999862670898,1.246000051498413,0.6849650144577026,5.679574966430664,0.02971489541232586,1.4280587434768677,0.08350922167301178,0.2826956510543823
-8.093999862670898,1.246000051498413,0.6800757050514221,2.9495010375976562,0.04364224895834923,0.40385499596595764,0.3614761233329773,0.6478952765464783
-8.093999862670898,1.246000051498413,0.7817395329475403,0.6688410043716431,0.1067441776394844,0.7434586882591248,0.0705646425485611,0.0694090723991394
-8.093999862670898,2.246000051498413,0.8612098693847656,0.7364163994789124,0.05198036879301071,2.3839974403381348,0.09239327162504196,0.19657030701637268
-8.093999862670898,2.246000051498413,1.1471017599105835,3.2136478424072266,0.12652970850467682,0.13055500388145447,-0.026081304997205734,0.5564877986907959
-8.093999862670898,2.246000051498413,1.1820473670959473,6.258214950561523,0.08328018337488174,0.034258559346199036,0.047095783054828644,0.246941938996315
-8.093999862670898,3.246000051498413,0.8537400960922241,0.7652118802070618,0.058258432894945145,1.5701524019241333,-0.002643169602379203,0.25027352571487427
-8.093999862670898,3.246000051498413,1.146074891090393,2.9614791870117188,0.16253219544887543,0.12549033761024475,0.04636772722005844,0.26921647787094116
-8.093999862670898,3.246000051498413,1.206400752067566,6.172605037689209,0.08364889770746231,0.018175514414906502,-0.03668168559670448,0.4805099368095398
-8.093999862670898,4.245999813079834,0.9559681415557861,0.3877260088920593,0.07349646091461182,1.2307333946228027,-0.028538234531879425,0.2033568173646927
-8.093999862670898,4.245999813079834,1.0433602333068848,3.0042824745178223,0.07583705335855484,0.14190128445625305,0.07094651460647583,0.4672420024871826
-8.093999862670898,4.245999813079834,1.205680012702942,6.123157024383545,0.08732195943593979,0.030028408393263817,-0.05830035358667374,0.3294011652469635
-8.093999862670898,5.245999813079834,0.9790099859237671,5.685825347900391,0.08566095679998398,1.495497703552246,0.09499507397413254,0.2541216015815735
-8.093999862670898,5.245999813079834,1.0521612167358398,3.0529139041900635,0.11376192420721054,0.3280843496322632,0.0867171585559845,0.41701123118400574
-8.093999862670898,5.245999813079834,1.0793198347091675,6.191360950469971,0.06774920970201492,0.04583558440208435,0.024402115494012833,0.3288671374320984
-8.093999862670898,6.245999813079834,0.8440910577774048,5.944953441619873,0.020743291825056076,1.0673675537109375,-0.05479590594768524,0.621226966381073
-8.093999862670898,6.245999813079834,1.189163327217102,2.7802140712738037,0.2412968873977661,0.15927726030349731,0.13179215788841248,0.2192133516073227
-8.093999862670898,6.245999813079834,1.007552981376648,6.015636444091797,0.089661605656147,0.14564013481140137,-0.04834062233567238,0.15955960750579834
-8.093999862670898,7.245999813079834,0.886862576007843,0.13362403213977814,0.04635419324040413,1.0683588981628418,0.0027238817419856787,0.3854437470436096
-8.093999862670898,7.245999813079834,1.1186062097549438,2.5147576332092285,0.1606721729040146,0.17246299982070923,0.15924277901649475,0.31102892756462097
-8.093999862670898,7.245999813079834,0.9037631154060364,5.493719577789307,0.050481028854846954,0.15583620965480804,0.06977344304323196,0.3035273253917694
-8.093999862670898,8.246000289916992,0.9068671464920044,5.843958377838135,0.09661506116390228,1.5886858701705933,-0.06822696328163147,0.2694958746433258
-8.093999862670898,8.246000289916992,1.239872932434082,2.4388322830200195,0.20368044078350067,0.05429832637310028,0.04031097888946533,0.42719578742980957
-8.093999862670898,8.246000289916992,1.0303726196289062,5.525883674621582,0.06691981852054596,0.07977885752916336,-0.0942441076040268,0.30330824851989746
-8.093999862670898,9.246000289916992,0.930943489074707,4.629955291748047,0.03703993186354637,0.9648638367652893,-0.05456873029470444,0.5940513014793396
-8.093999862670898,9.246000289916992,1.2122102975845337,2.2907631397247314,0.11880212277173996,0.04371343553066254,0.08423341065645218,0.26690423488616943
-8.093999862670898,9.246000289916992,1.1555994749069214,5.466230869293213,0.08478124439716339,0.04790114238858223,-0.044030267745256424,0.13904447853565216
-8.093999862670898,10.246000289916992,0.84168541431427,3.685706853866577,0.01672004535794258,0.0844089612364769,0.009912049397826195,0.992817759513855
-8.093999862670898,10.246000289916992,0.8886489272117615,0.20236782729625702,0.0764211118221283,5.4589457511901855,0.08383946120738983,0.004629327915608883
-8.093999862670898,10.246000289916992,0.9606421589851379,0.006073206663131714,0.13381654024124146,1.5810762643814087,0.09665284305810928,0.00255288346670568
-8.093999862670898,11.246000289916992,0.7579751014709473,0.24771974980831146,0.0742807611823082,0.7415330410003662,0.03862934187054634,0.047609616070985794
-8.093999862670898,11.246000289916992,0.992112398147583,0.7747185230255127,0.08012750744819641,0.10409168899059296,0.06363444775342941,0.9462034106254578
-8.093999862670898,11.246000289916992,0.9255605340003967,6.158188819885254,0.2581501305103302,0.8365726470947266,0.10254272818565369,0.0061869374476373196
-8.093999862670898,12.246000289916992,0.8274305462837219,1.6264927387237549,0.07324547320604324,0.6813682317733765,0.027145855128765106,0.010665968991816044
-8.093999862670898,12.246000289916992,0.9165153503417969,0.8609647750854492,0.06757829338312149,0.049808770418167114,-0.022716792300343513,0.9880254864692688
-8.093999862670898,12.246000289916992,0.9912135004997253,5.7507147789001465,0.27503088116645813,0.5555387735366821,-0.05002777278423309,0.0013086132239550352
-8.093999862670898,13.246000289916992,0.8159029483795166,6.133326530456543,0.2891237437725067,0.6448804140090942,0.016911709681153297,0.03221074864268303
-8.093999862670898,13.246000289916992,0.662926971912384,0.5408775210380554,0.026086807250976562,0.08072667568922043,0.2165013551712036,0.4955642819404602
-8.093999862670898,13.246000289916992,0.8060829043388367,1.196022629737854,0.13162165880203247,0.07938098907470703,-0.10747097432613373,0.4722249209880829
-8.093999862670898,14.246000289916992,1.0382663011550903,0.1048877015709877,0.24971140921115875,0.9528465270996094,0.10110897570848465,0.039669349789619446
-8.093999862670898,14.246000289916992,0.9842939376831055,0.823596179485321,0.05608280003070831,0.1001112088561058,0.1267736405134201,0.622019350528717
-8.093999862670898,14.246000289916992,1.0471981763839722,1.1598809957504272,0.07661478221416473,0.10720816254615784,-0.0486338771879673,0.3383112847805023
-8.093999862670898,15.246000289916992,1.2797788381576538,0.26327553391456604,0.588740348815918,0.4814751446247101,0.018043121322989464,0.04265112057328224
-8.093999862670898,15.246000289916992,1.085667610168457,0.6974579691886902,0.044353194534778595,0.06259535253047943,-0.11317965388298035,0.47927194833755493
-8.093999862670898,15.246000289916992,1.1859889030456543,1.1690229177474976,0.18048608303070068,0.07434579730033875,-0.07729373872280121,0.47807684540748596
-8.093999862670898,16.246000289916992,1.1850690841674805,1.0863935947418213,0.3525691628456116,1.1352965831756592,0.17986562848091125,0.016957852989435196
-8.093999862670898,16.246000289916992,1.030044436454773,0.8228099346160889,0.05092349648475647,0.12136600911617279,-0.05394519120454788,0.9798662066459656
-8.093999862670898,16.246000289916992,1.198511004447937,1.2668851613998413,0.3640865683555603,0.23895007371902466,0.005497516132891178,0.003175915451720357
-8.093999862670898,17.246000289916992,0.8840800523757935,0.5172977447509766,0.08494154363870621,0.9978359341621399,0.02689427323639393,0.100865438580513
-8.093999862670898,17.246000289916992,1.2112122774124146,1.2118651866912842,0.11132055521011353,0.09998373687267303,-0.05990799516439438,0.784845232963562
-8.093999862670898,17.246000289916992,1.189029574394226,5.781105041503906,0.19928885996341705,0.17808417975902557,0.20355206727981567,0.1142893061041832
-8.093999862670898,18.246000289916992,0.925554096698761,0.6341399550437927,0.12370389699935913,1.3079978227615356,-0.293895423412323,0.001819330034777522
-8.093999862670898,18.246000289916992,1.2708574533462524,0.9625549912452698,0.13464535772800446,0.047494422644376755,0.06929469108581543,0.9981355667114258
-8.093999862670898,18.246000289916992,1.2063504457473755,0.8423622846603394,1.3578712940216064,1.2577158212661743,0.056541603058576584,4.507400808506645e-05
-8.093999862670898,19.246000289916992,0.7034733295440674,0.10612194985151291,0.033492449671030045,0.5735262036323547,-0.15082436800003052,0.13285627961158752
-8.093999862670898,19.246000289916992,1.2106961011886597,0.8008597493171692,0.17059090733528137,0.08447808027267456,-0.2386728674173355,0.734686553478241
-8.093999862670898,19.246000289916992,1.2465629577636719,0.6588267683982849,1.0905475616455078,0.41261017322540283,0.16418609023094177,0.1324571669101715
-8.093999862670898,20.246000289916992,0.8358312249183655,0.5965899229049683,0.173500657081604,1.024727463722229,0.07468622922897339,0.039504699409008026
-8.093999862670898,20.246000289916992,0.8916764259338379,0.7480486035346985,0.0781630277633667,0.1179630383849144,0.06508678197860718,0.9401815533638
-8.093999862670898,20.246000289916992,1.0251901149749756,0.24251413345336914,0.6440260410308838,0.6460833549499512,0.19659879803657532,0.020313730463385582
-8.093999862670898,21.246000289916992,1.0712499618530273,6.203987121582031,0.60893315076828,0.6309703588485718,0.162037655711174,0.046289462596178055
-8.093999862670898,21.246000289916992,0.9014031291007996,1.331771731376648,0.07394199818372726,0.05320258066058159,-0.089250348508358,0.933567464351654
-8.093999862670898,21.246000289916992,0.8345319032669067,5.525165557861328,0.3305761516094208,1.1793311834335327,0.4426784813404083,0.020143020898103714
-7.093999862670898,-11.753999710083008,0.8764920830726624,4.081080436706543,0.21752771735191345,0.5573897361755371,0.07960476726293564,0.4651891589164734
-7.093999862670898,-11.753999710083008,0.6802811622619629,2.3135433197021484,0.03692979738116264,0.14374931156635284,-0.12892107665538788,0.3191671669483185
-7.093999862670898,-11.753999710083008,0.5145186185836792,5.611151695251465,0.06867443025112152,2.7029097080230713,0.3934718370437622,0.2156437188386917
-7.093999862670898,-10.753999710083008,0.9368836283683777,5.1444244384765625,0.28737375140190125,0.6255200505256653,0.209054633975029,0.12822909653186798
-7.093999862670898,-10.753999710083008,0.5726885199546814,1.5696293115615845,0.02185754105448723,0.7193116545677185,-0.03264831006526947,0.048193253576755524
-7.093999862670898,-10.753999710083008,0.6230530142784119,5.947822093963623,0.008528295904397964,0.1280066967010498,0.046378325670957565,0.8235776424407959
-7.093999862670898,-9.753999710083008,0.7985051274299622,6.033924579620361,0.08152782171964645,1.837533712387085,0.03986220061779022,0.25182509422302246
-7.093999862670898,-9.753999710083008,0.6348900198936462,1.5428253412246704,0.04095510020852089,0.7437852621078491,0.47343629598617554,0.6451678276062012
-7.093999862670898,-9.753999710083008,0.7569854259490967,0.3150715231895447,0.037143487483263016,0.5687938928604126,-0.07353346049785614,0.10300707817077637
-7.093999862670898,-8.753999710083008,0.7887355089187622,4.28558349609375,0.05708238109946251,0.8568186163902283,-0.06575026363134384,0.38953065872192383
-7.093999862670898,-8.753999710083008,0.588137686252594,4.623673915863037,0.030723247677087784,0.20549118518829346,0.17999115586280823,0.5729193091392517
-7.093999862670898,-8.753999710083008,0.7439760565757751,4.289297103881836,0.022803084924817085,0.18419423699378967,0.08553805202245712,0.03754998743534088
-7.093999862670898,-7.754000186920166,0.8156758546829224,0.6477063894271851,0.1692681908607483,0.7715327143669128,0.004259807989001274,0.06436964869499207
-7.093999862670898,-7.754000186920166,0.7472950220108032,3.5798609256744385,0.058398693799972534,0.4208405315876007,0.10682081431150436,0.018120551481842995
-7.093999862670898,-7.754000186920166,0.6293967962265015,0.5315415859222412,0.018971135839819908,0.1955578774213791,0.016183778643608093,0.9175098538398743
-7.093999862670898,-6.754000186920166,0.8559851050376892,5.92994499206543,0.16788490116596222,1.7686080932617188,-0.04047832265496254,0.10833574831485748
-7.093999862670898,-6.754000186920166,0.5991103649139404,2.5142464637756348,0.024603163823485374,0.5107581615447998,-0.0885954424738884,0.6039895415306091
-7.093999862670898,-6.754000186920166,0.6195892095565796,5.886239051818848,0.03319384157657623,1.891494870185852,0.11795211583375931,0.2876747250556946
-7.093999862670898,-5.754000186920166,0.829642117023468,5.829470634460449,0.03949407860636711,1.1828899383544922,0.022063283249735832,0.17764386534690857
-7.093999862670898,-5.754000186920166,0.9314185380935669,3.342442512512207,0.08728817850351334,0.702843189239502,0.3932921290397644,0.5024768114089966
-7.093999862670898,-5.754000186920166,1.1165904998779297,0.7143086791038513,0.11078917980194092,0.06894391775131226,-0.046942465007305145,0.31987932324409485
-7.093999862670898,-4.754000186920166,0.946040153503418,6.055087089538574,0.06148553639650345,2.0956997871398926,0.08874744921922684,0.5036773085594177
-7.093999862670898,-4.754000186920166,1.051571011543274,3.9769222736358643,0.09956905245780945,0.04957003518939018,0.14956489205360413,0.2077164351940155
-7.093999862670898,-4.754000186920166,1.0775549411773682,0.6042875647544861,0.06489630043506622,0.10120361298322678,-0.29469478130340576,0.28860628604888916
-7.093999862670898,-3.753999948501587,0.8353878855705261,0.22742748260498047,0.08420521020889282,1.9051587581634521,0.08357002586126328,0.39189574122428894
-7.093999862670898,-3.753999948501587,1.01096510887146,3.8789989948272705,0.06050274148583412,0.04478367045521736,0.07328619807958603,0.27335894107818604
-7.093999862670898,-3.753999948501587,1.1897952556610107,0.594228208065033,0.04914359003305435,0.04921351745724678,-0.25055527687072754,0.3347453773021698
-7.093999862670898,-2.753999948501587,0.8613991141319275,0.31130608916282654,0.07523877173662186,1.2964457273483276,0.005047876387834549,0.3180478513240814
-7.093999862670898,-2.753999948501587,0.9348593950271606,3.5712764263153076,0.09078425914049149,0.4002362787723541,-0.03966158628463745,0.279855340719223
-7.093999862670898,-2.753999948501587,1.0651769638061523,0.4613857865333557,0.0755801573395729,0.12678278982639313,-0.16365067660808563,0.40209680795669556
-7.093999862670898,-1.753999948501587,0.6737425327301025,1.3015810251235962,0.032809678465127945,1.1608071327209473,0.0639583170413971,0.48748779296875
-7.093999862670898,-1.753999948501587,0.9470183253288269,3.190617561340332,0.14568591117858887,0.3129427433013916,0.12871162593364716,0.2847321927547455
-7.093999862670898,-1.753999948501587,1.041792631149292,0.044304072856903076,0.09160473197698593,0.122160404920578,0.1730123609304428,0.22777993977069855
-7.093999862670898,-0.7540000081062317,0.8910537958145142,5.661914348602295,0.11597198992967606,1.0184952020645142,0.061484891921281815,0.04268774762749672
-7.093999862670898,-0.7540000081062317,0.9123313426971436,2.4660985469818115,0.07354246079921722,0.14552651345729828,0.3155273199081421,0.7823269367218018
-7.093999862670898,-0.7540000081062317,0.7156943082809448,6.251542568206787,0.02521667815744877,0.2545202672481537,0.27361950278282166,0.17498528957366943
-7.093999862670898,0.2460000067949295,0.8177944421768188,3.1336209774017334,0.1985701322555542,1.187306523323059,0.12378338724374771,0.0008659827872179449
-7.093999862670898,0.2460000067949295,0.5666221380233765,2.356358051300049,0.014761482365429401,1.3658643960952759,-0.4632081091403961,0.0008703892235644162
-7.093999862670898,0.2460000067949295,0.46702080965042114,5.934798717498779,0.000753844971768558,0.10901752859354019,0.08253984898328781,0.9982636570930481
-7.093999862670898,1.246000051498413,0.7538732886314392,5.431103229522705,0.025636369362473488,1.5912446975708008,0.1532663106918335,0.2415831834077835
-7.093999862670898,1.246000051498413,1.1737732887268066,3.330447196960449,0.28776973485946655,0.14173586666584015,0.1300552487373352,0.16728919744491577
-7.093999862670898,1.246000051498413,0.9968069195747375,0.38916611671447754,0.09660685807466507,0.24021632969379425,0.024187076836824417,0.5911276340484619
-7.093999862670898,2.246000051498413,0.7341095209121704,6.050671100616455,0.03143427148461342,1.4729082584381104,0.07727020233869553,0.23368136584758759
-7.093999862670898,2.246000051498413,1.0357710123062134,3.13779616355896,0.1491747498512268,0.15113651752471924,0.052888840436935425,0.42402383685112
-7.093999862670898,2.246000051498413,1.115671992301941,6.26940393447876,0.10090979188680649,0.047618601471185684,-0.018579894676804543,0.34229472279548645
-7.093999862670898,3.246000051498413,0.8687267899513245,5.712969779968262,0.05218367651104927,1.951525092124939,0.04083102568984032,0.15974189341068268
-7.093999862670898,3.246000051498413,1.1575757265090942,3.0833494663238525,0.10020247846841812,0.09063224494457245,0.014255565591156483,0.2922670841217041
-7.093999862670898,3.246000051498413,1.2238019704818726,6.196515083312988,0.08215881139039993,0.020420152693986893,0.001410035416483879,0.5479910373687744
-7.093999862670898,4.245999813079834,0.9917186498641968,5.879424571990967,0.061618171632289886,0.993941605091095,0.017289958894252777,0.23362505435943604
-7.093999862670898,4.245999813079834,1.081681251525879,2.8893203735351562,0.08612060546875,0.12844859063625336,0.16074664890766144,0.41954606771469116
-7.093999862670898,4.245999813079834,1.2775856256484985,6.032466411590576,0.09888721257448196,0.02938675507903099,-0.009818638674914837,0.3468289077281952
-7.093999862670898,5.245999813079834,0.990154504776001,5.560606956481934,0.12431636452674866,1.9239444732666016,0.04192619398236275,0.128315731883049
-7.093999862670898,5.245999813079834,1.096404790878296,2.836412191390991,0.12226742506027222,0.1553514450788498,0.04943202808499336,0.5094689726829529
-7.093999862670898,5.245999813079834,1.1282144784927368,6.033986568450928,0.08646989613771439,0.06567338109016418,-0.0808599442243576,0.3622153401374817
-7.093999862670898,6.245999813079834,1.0347868204116821,4.993698596954346,0.07909741997718811,1.6603437662124634,0.005823705345392227,0.16132505238056183
-7.093999862670898,6.245999813079834,1.1696205139160156,2.695082187652588,0.1535065621137619,0.1456858515739441,0.170381098985672,0.5005832314491272
-7.093999862670898,6.245999813079834,0.9816666841506958,5.9180588722229,0.06061466783285141,0.15655003488063812,-0.08409466594457626,0.3380916118621826
-7.093999862670898,7.245999813079834,0.9817720651626587,5.813944339752197,0.07860715687274933,1.713685154914856,-0.03630877658724785,0.2727532386779785
-7.093999862670898,7.245999813079834,1.1476414203643799,2.5756540298461914,0.19162170588970184,0.10932742804288864,0.20246142148971558,0.34978413581848145
-7.093999862670898,7.245999813079834,1.0728462934494019,5.706703186035156,0.07991821318864822,0.07414479553699493,-0.09878262877464294,0.37746259570121765
-7.093999862670898,8.246000289916992,0.6102310419082642,0.6977441310882568,0.02112737111747265,0.685488224029541,-0.14052975177764893,0.6351289749145508
-7.093999862670898,8.246000289916992,1.1180816888809204,2.1058714389801025,0.4798184931278229,0.15053251385688782,0.09668800234794617,0.04702994227409363
-7.093999862670898,8.246000289916992,0.8118771314620972,6.043107032775879,0.07075818628072739,0.0868198350071907,-0.21896369755268097,0.31784114241600037
-7.093999862670898,9.246000289916992,0.8272343277931213,5.800866603851318,0.008579661138355732,0.2543140649795532,-0.09966490417718887,0.9665812849998474
-7.093999862670898,9.246000289916992,1.0142029523849487,0.005078643560409546,0.4456310272216797,1.75265634059906,0.19937434792518616,0.004913774318993092
-7.093999862670898,9.246000289916992,0.7594426870346069,0.25992000102996826,0.08293084055185318,0.2922895848751068,-0.14553016424179077,0.02850496396422386
-7.093999862670898,10.246000289916992,0.8354786038398743,4.7565412521362305,0.007116710767149925,0.08846814930438995,-0.12147060036659241,0.9867572784423828
-7.093999862670898,10.246000289916992,0.7971409559249878,0.5709359049797058,0.09246135503053665,6.4128522872924805,-0.10668130218982697,0.010359901934862137
-7.093999862670898,10.246000289916992,0.8580872416496277,5.989352226257324,0.16928869485855103,3.3627846240997314,0.06616338342428207,0.002882840111851692
-7.093999862670898,11.246000289916992,0.7341348528862,4.892937183380127,0.14065615832805634,1.4499340057373047,0.14311906695365906,0.027704423293471336
-7.093999862670898,11.246000289916992,0.690938413143158,1.5871553421020508,0.06027984246611595,0.11709050834178925,-0.191949725151062,0.923795759677887
-7.093999862670898,11.246000289916992,0.9455573558807373,5.145929336547852,0.22396378219127655,1.0309978723526,0.012462551705539227,0.04849986732006073
-7.093999862670898,12.246000289916992,0.9254201650619507,5.854174613952637,1.3872078657150269,0.7419352531433105,0.34029826521873474,0.006143386475741863
-7.093999862670898,12.246000289916992,0.756348192691803,0.7011009454727173,0.029044652357697487,0.04941057786345482,-0.2767595946788788,0.9440791606903076
-7.093999862670898,12.246000289916992,0.7618760466575623,0.2134324312210083,0.07776188850402832,0.638060986995697,0.04413352534174919,0.049777403473854065
-7.093999862670898,13.246000289916992,0.9145779013633728,1.054207444190979,0.6207879185676575,1.2931606769561768,0.17043696343898773,0.017155427485704422
-7.093999862670898,13.246000289916992,0.6531672477722168,0.9301888942718506,0.026367703452706337,0.08100701123476028,-0.10432737320661545,0.49943462014198303
-7.093999862670898,13.246000289916992,0.872575581073761,1.0466504096984863,0.06916123628616333,0.04511139541864395,-0.165871262550354,0.4834098815917969
-7.093999862670898,14.246000289916992,1.0488625764846802,0.33829888701438904,0.7136099338531494,1.1359111070632935,0.1264660358428955,0.01747581548988819
-7.093999862670898,14.246000289916992,0.8750184774398804,0.4897443652153015,0.019526956602931023,0.18568436801433563,0.3436651825904846,0.31339719891548157
-7.093999862670898,14.246000289916992,0.851820170879364,1.5540834665298462,0.01814412511885166,0.03429644554853439,-0.08090897649526596,0.6691269874572754
-7.093999862670898,15.246000289916992,1.2041809558868408,1.9133158922195435,0.2603418231010437,0.7323775887489319,0.08157330006361008,0.13179858028888702
-7.093999862670898,15.246000289916992,1.2699525356292725,0.9941471815109253,0.08240178972482681,0.0212550051510334,-0.42483386397361755,0.7053366303443909
-7.093999862670898,15.246000289916992,1.1566458940505981,0.8021407127380371,0.2044527679681778,0.3614989221096039,-0.0005552376387640834,0.16286475956439972
-7.093999862670898,16.246000289916992,0.7758506536483765,1.9055991172790527,0.036688439548015594,0.981013834476471,0.16394156217575073,0.006690818350762129
-7.093999862670898,16.246000289916992,1.0332914590835571,0.6134507656097412,0.07154165208339691,0.05662425607442856,0.13582833111286163,0.9932749271392822
-7.093999862670898,16.246000289916992,1.0126973390579224,0.4534428119659424,0.5582020282745361,0.995341956615448,0.009837660007178783,3.416395338717848e-05
-7.093999862670898,17.246000289916992,1.1155189275741577,4.483344078063965,0.6844111084938049,0.9686185121536255,0.32584622502326965,0.028186850249767303
-7.093999862670898,17.246000289916992,1.0410267114639282,0.23193100094795227,0.1026330441236496,0.10378579795360565,-0.5076518058776855,0.35710346698760986
-7.093999862670898,17.246000289916992,0.9703018069267273,5.807164669036865,0.13221004605293274,0.5211538672447205,0.25527864694595337,0.6147096157073975
-7.093999862670898,18.246000289916992,0.9777344465255737,5.007447242736816,0.4677065908908844,1.013075351715088,-0.12730121612548828,0.009844532236456871
-7.093999862670898,18.246000289916992,1.1457409858703613,1.0818424224853516,0.14568977057933807,0.07284421473741531,0.11054490506649017,0.9899566769599915
-7.093999862670898,18.246000289916992,1.1450011730194092,0.469580739736557,1.2556352615356445,1.4260821342468262,0.1761636734008789,0.00019871893164236099
-7.093999862670898,19.246000289916992,0.7477424144744873,5.732186317443848,0.06569037586450577,0.33151721954345703,-0.0020089708268642426,0.012644993141293526
-7.093999862670898,19.246000289916992,1.0922069549560547,0.6502386331558228,0.09233202040195465,0.0426846519112587,0.10479247570037842,0.9764735698699951
-7.093999862670898,19.246000289916992,1.092355489730835,0.9413876533508301,0.5032685995101929,0.05191689357161522,0.2526310980319977,0.010881409049034119
-7.093999862670898,20.246000289916992,1.1380181312561035,2.203824996948242,0.4563198983669281,1.2320071458816528,0.04310212656855583,0.10192398726940155
-7.093999862670898,20.246000289916992,1.0365102291107178,0.6890913844108582,0.1099189892411232,0.1306622475385666,-0.09195110946893692,0.8515485525131226
-7.093999862670898,20.246000289916992,1.0440770387649536,0.3191321790218353,0.24223200976848602,0.43433254957199097,0.052477870136499405,0.0465274341404438
-6.093999862670898,-11.753999710083008,0.85860276222229,2.736654281616211,0.15971186757087708,0.4445455074310303,0.1243441179394722,0.6288862824440002
-6.093999862670898,-11.753999710083008,0.653954029083252,1.7685836553573608,0.0449388325214386,0.31845033168792725,0.09720266610383987,0.06768305599689484
-6.093999862670898,-11.753999710083008,0.4984651803970337,5.493132591247559,0.036551591008901596,0.5824978947639465,0.2796490490436554,0.3034306466579437
-6.093999862670898,-10.753999710083008,0.8771160840988159,4.583038806915283,0.13535916805267334,0.42267632484436035,0.18930265307426453,0.5018824338912964
-6.093999862670898,-10.753999710083008,0.6031695008277893,1.8767415285110474,0.03276674449443817,1.1003011465072632,-0.04898612201213837,0.027958283200860023
-6.093999862670898,-10.753999710083008,0.6057875156402588,5.816463470458984,0.011804630979895592,0.19035668671131134,0.11462540924549103,0.47015929222106934
-6.093999862670898,-9.753999710083008,0.9050634503364563,4.300267696380615,0.09697803109884262,1.683466911315918,0.0861416757106781,0.23141708970069885
-6.093999862670898,-9.753999710083008,0.5817058682441711,1.6891661882400513,0.025737449526786804,0.8663684129714966,0.33759456872940063,0.5007236003875732
-6.093999862670898,-9.753999710083008,0.712813138961792,5.499950408935547,0.022979717701673508,0.3938656747341156,0.07286205887794495,0.2678593099117279
-6.093999862670898,-8.753999710083008,0.858379602432251,4.26104736328125,0.07178349792957306,1.0243936777114868,-0.1174120157957077,0.31182411313056946
-6.093999862670898,-8.753999710083008,0.6685582399368286,4.087688446044922,0.028253961354494095,0.23124472796916962,0.07855965197086334,0.6577039957046509
-6.093999862670898,-8.753999710083008,0.7175506949424744,4.375967025756836,0.020143456757068634,0.22107726335525513,0.11492583155632019,0.03047184646129608
-6.093999862670898,-7.754000186920166,0.8737878799438477,0.5647820830345154,0.20123668015003204,0.6800650954246521,-0.02356475219130516,0.0892408937215805
-6.093999862670898,-7.754000186920166,0.6649011373519897,3.245870351791382,0.05981551483273506,0.4539787471294403,0.05448867380619049,0.0782284289598465
-6.093999862670898,-7.754000186920166,0.5755366086959839,5.07106876373291,0.015141207724809647,0.23318520188331604,0.06601882725954056,0.832530677318573
-6.093999862670898,-6.754000186920166,0.8701491355895996,5.4245758056640625,0.14870436489582062,1.610125184059143,-0.09036397188901901,0.08863699436187744
-6.093999862670898,-6.754000186920166,0.687109649181366,2.2937021255493164,0.04351641237735748,1.1540472507476807,-0.09388353675603867,0.13432835042476654
-6.093999862670898,-6.754000186920166,0.6070223450660706,0.01082007959485054,0.015282061882317066,0.8532159924507141,-0.021849125623703003,0.7770346403121948
-6.093999862670898,-5.754000186920166,0.7987661957740784,6.087908744812012,0.04048430174589157,0.8345116376876831,0.03484663367271423,0.26808375120162964
-6.093999862670898,-5.754000186920166,0.827296257019043,2.2496590614318848,0.09641017764806747,1.469634771347046,0.3150041997432709,0.5734718441963196
-6.093999862670898,-5.754000186920166,1.0534095764160156,0.495268315076828,0.1926705241203308,0.29998165369033813,-0.02663114294409752,0.15844441950321198
-6.093999862670898,-4.754000186920166,0.9896794557571411,0.2063874453306198,0.08291231840848923,1.9466842412948608,0.07338881492614746,0.38142144680023193
-6.093999862670898,-4.754000186920166,1.027268409729004,3.968013286590576,0.0987735465168953,0.06538453698158264,0.27629855275154114,0.2935362160205841
-6.093999862670898,-4.754000186920166,1.1059072017669678,0.8215346336364746,0.08157052099704742,0.13845670223236084,-0.2584555447101593,0.32504236698150635
-6.093999862670898,-3.753999948501587,0.9360213875770569,6.2303690910339355,0.1669403314590454,2.4074769020080566,0.10843131691217422,0.212717667222023
-6.093999862670898,-3.753999948501587,0.9816763997077942,3.8429243564605713,0.05261721462011337,0.053575653582811356,0.013894439674913883,0.4179612994194031
-6.093999862670898,-3.753999948501587,1.118048071861267,0.6997290253639221,0.04483697935938835,0.055919349193573,-0.25789305567741394,0.36932098865509033
-6.093999862670898,-2.753999948501587,0.7275030016899109,6.236095905303955,0.03344900533556938,0.6159314513206482,0.03787501901388168,0.4611879289150238
-6.093999862670898,-2.753999948501587,0.8315781950950623,3.6063358783721924,0.07700222730636597,0.5520204305648804,-0.002659879857674241,0.22471854090690613
-6.093999862670898,-2.753999948501587,1.0000301599502563,0.17372217774391174,0.10864505171775818,0.2825916111469269,-0.05990641936659813,0.31409355998039246
-6.093999862670898,-1.753999948501587,0.7177160978317261,0.7978484034538269,0.06145114079117775,1.564875841140747,0.12152784317731857,0.15676693618297577
-6.093999862670898,-1.753999948501587,0.8770017623901367,3.1645524501800537,0.131893128156662,0.28335100412368774,0.11119470000267029,0.2558632493019104
-6.093999862670898,-1.753999948501587,0.9568265676498413,0.10287877917289734,0.0863952785730362,0.14979399740695953,0.15392324328422546,0.5873698592185974
-6.093999862670898,-0.7540000081062317,0.7830434441566467,0.9841448664665222,0.08731146901845932,0.8503206372261047,-0.06615852564573288,0.100124292075634
-6.093999862670898,-0.7540000081062317,0.9223119616508484,2.6390106678009033,0.10476869344711304,0.10441501438617706,0.3388899862766266,0.5266523957252502
-6.093999862670898,-0.7540000081062317,0.763208270072937,0.41960299015045166,0.04195873439311981,0.24370066821575165,0.2113284021615982,0.37322327494621277
-6.093999862670898,1.246000051498413,0.6927778124809265,5.131969928741455,0.02735038287937641,1.435789942741394,0.1462518274784088,0.16947625577449799
-6.093999862670898,1.246000051498413,1.2194095849990845,3.3121039867401123,0.41026195883750916,0.0929972380399704,0.14542926847934723,0.07318741828203201
-6.093999862670898,1.246000051498413,1.0372008085250854,0.1923108845949173,0.08908874541521072,0.124052494764328,0.07258141040802002,0.7573363184928894
-6.093999862670898,2.246000051498413,0.7907112240791321,4.635660648345947,0.04733430594205856,1.4637937545776367,0.06779018044471741,0.1596054881811142
-6.093999862670898,2.246000051498413,1.1787937879562378,3.0573365688323975,0.17469975352287292,0.10584191977977753,0.011939072981476784,0.37433114647865295
-6.093999862670898,2.246000051498413,1.1717473268508911,6.205153465270996,0.08925231546163559,0.02611193247139454,-0.15560096502304077,0.4660632908344269
-6.093999862670898,3.246000051498413,0.8997350931167603,6.264480113983154,0.07997726649045944,1.6461472511291504,-0.005450768396258354,0.27912843227386475
-6.093999862670898,3.246000051498413,1.1831225156784058,3.0133650302886963,0.11883373558521271,0.06856545060873032,0.00412148330360651,0.28395703434944153
-6.093999862670898,3.246000051498413,1.1975294351577759,6.166906356811523,0.08611837029457092,0.02439728192985058,-0.007247974164783955,0.43691450357437134
-6.093999862670898,4.245999813079834,0.9513195157051086,6.109478950500488,0.05742298811674118,1.1623598337173462,0.014099407941102982,0.4140205681324005
-6.093999862670898,4.245999813079834,1.0624793767929077,2.8840267658233643,0.10551490634679794,0.1344674676656723,0.18116320669651031,0.3382381498813629
-6.093999862670898,4.245999813079834,1.1909656524658203,6.113470077514648,0.09877409040927887,0.03242030739784241,0.010712905786931515,0.24774126708507538
-6.093999862670898,5.245999813079834,1.0278444290161133,5.037738800048828,0.18126218020915985,1.851102352142334,0.027403060346841812,0.12691201269626617
-6.093999862670898,5.245999813079834,1.1450954675674438,2.707012176513672,0.12580348551273346,0.058059122413396835,0.08891809731721878,0.4111700654029846
-6.093999862670898,5.245999813079834,1.118972897529602,5.9416279792785645,0.08802308142185211,0.062324292957782745,-0.10201092809438705,0.4619179964065552
-6.093999862670898,6.245999813079834,1.025978446006775,4.522775650024414,0.11258068680763245,1.8875303268432617,-0.02311098203063011,0.12319208681583405
-6.093999862670898,6.245999813079834,1.180550456047058,2.667976140975952,0.14114277064800262,0.07178616523742676,0.1518303006887436,0.42952272295951843
-6.093999862670898,6.245999813079834,1.043690800666809,5.949150562286377,0.06962361931800842,0.09650858491659164,-0.15776830911636353,0.4472852349281311
-6.093999862670898,7.245999813079834,1.135860562324524,4.498737335205078,0.16986669600009918,1.7100424766540527,0.0726153552532196,0.0778115838766098
-6.093999862670898,7.245999813079834,1.0550365447998047,2.572901487350464,0.08819958567619324,0.14050671458244324,0.1937272548675537,0.5688173174858093
-6.093999862670898,7.245999813079834,1.2462899684906006,5.8770599365234375,0.09602943062782288,0.052492205053567886,-0.07147279381752014,0.3533710539340973
-6.093999862670898,8.246000289916992,0.8687363266944885,1.0748929977416992,0.12444067001342773,0.5426092743873596,-0.02789400890469551,0.20029284060001373
-6.093999862670898,8.246000289916992,0.7424312829971313,0.3612765669822693,0.18629342317581177,1.2059162855148315,-0.008366608060896397,0.0072419834323227406
-6.093999862670898,8.246000289916992,0.6331654191017151,1.0091232061386108,0.026178395375609398,0.18614859879016876,-0.38487356901168823,0.7924651503562927
-6.093999862670898,9.246000289916992,0.6710910797119141,5.767611503601074,0.010891065001487732,0.3841002285480499,-0.14017760753631592,0.921141505241394
-6.093999862670898,9.246000289916992,0.871990442276001,0.3318083584308624,0.171927347779274,0.7359592914581299,0.20878489315509796,0.04355400800704956
-6.093999862670898,9.246000289916992,0.6758222579956055,6.220996856689453,0.07133324444293976,0.41240403056144714,-0.006342083681374788,0.03530449420213699
-6.093999862670898,12.246000289916992,0.6071925163269043,2.5201070308685303,2.2264270782470703,1.9152330160140991,0.541965901851654,3.9107590055209585e-06
-6.093999862670898,12.246000289916992,0.37815627455711365,0.5909036993980408,0.0028708435129374266,0.23490478098392487,-0.44171300530433655,0.9999344348907471
-6.093999862670898,12.246000289916992,0.3875100612640381,0.14550518989562988,0.01766861416399479,6.734463214874268,0.07183178514242172,6.158448377391323e-05
-6.093999862670898,13.246000289916992,0.8194241523742676,5.794944763183594,0.5718573927879333,1.1087255477905273,0.23439662158489227,0.006521752569824457
-6.093999862670898,13.246000289916992,0.7076677680015564,0.2014099657535553,0.023829301819205284,0.03086535818874836,-0.24102553725242615,0.9809063076972961
-6.093999862670898,13.246000289916992,0.7473610639572144,1.2035515308380127,0.10384559631347656,0.18440306186676025,-0.23548494279384613,0.012571948580443859
-6.093999862670898,14.246000289916992,0.873974621295929,5.8518595695495605,0.11841101199388504,0.9999709129333496,0.11380238085985184,0.11334050446748734
-6.093999862670898,14.246000289916992,1.2171661853790283,2.0335566997528076,0.12124384939670563,0.03959771618247032,0.1918502300977707,0.09346981346607208
-6.093999862670898,14.246000289916992,1.345131516456604,6.202775478363037,0.0769803449511528,0.008624625392258167,0.024569205939769745,0.7931897044181824
-6.093999862670898,15.246000289916992,1.0825138092041016,3.3133862018585205,0.5830020308494568,1.2568559646606445,0.30221498012542725,0.003142906352877617
-6.093999862670898,15.246000289916992,1.3372045755386353,0.6109764575958252,0.04857669025659561,0.006264132913202047,-0.40164464712142944,0.9962079524993896
-6.093999862670898,15.246000289916992,1.1019401550292969,0.5011714100837708,0.33746564388275146,1.0932297706604004,0.16454707086086273,0.0006491310195997357
-6.093999862670898,16.246000289916992,0.6254262328147888,4.826025485992432,0.01819547638297081,0.5862680673599243,0.05236249789595604,0.024306312203407288
-6.093999862670898,16.246000289916992,1.0325924158096313,0.5069968700408936,0.13433106243610382,0.03723882511258125,-0.002079268218949437,0.9755980968475342
-6.093999862670898,16.246000289916992,0.9143808484077454,0.161076158285141,0.8196612596511841,1.7439907789230347,0.17099834978580475,9.560368198435754e-05
-6.093999862670898,17.246000289916992,1.0225234031677246,5.12108039855957,0.6025319695472717,1.507200002670288,0.39628127217292786,0.021233534440398216
-6.093999862670898,17.246000289916992,0.973857581615448,0.3142921030521393,0.07570954412221909,0.07571560889482498,-0.4230212867259979,0.6715421676635742
-6.093999862670898,17.246000289916992,0.9412527680397034,0.163275346159935,0.11892568320035934,0.2609073221683502,0.11212816089391708,0.30722424387931824
-6.093999862670898,19.246000289916992,0.8199942708015442,0.6819104552268982,0.14613546431064606,0.327885240316391,0.18033431470394135,1.8644506781129166e-05
-6.093999862670898,19.246000289916992,1.0280030965805054,5.892685890197754,0.019641418009996414,0.08158750087022781,0.22658707201480865,0.9999812841415405
-6.093999862670898,19.246000289916992,1.1321282386779785,1.5982862710952759,2.3738107681274414,1.3167394399642944,0.41140618920326233,1.590608604828958e-07
-6.093999862670898,20.246000289916992,1.7411214113235474,0.31239962577819824,29.987201690673828,2.6235904693603516,0.3965834975242615,2.276700428183176e-08
-6.093999862670898,20.246000289916992,1.3810514211654663,0.8203110098838806,0.01596246100962162,0.05825890600681305,0.3344941735267639,0.9999983310699463
-6.093999862670898,20.246000289916992,1.3753255605697632,1.883277177810669,0.4840433895587921,2.3369810581207275,-0.10916441679000854,1.7086681509681512e-06
-5.093999862670898,-11.753999710083008,0.7479618787765503,0.20323023200035095,0.539111316204071,1.2080776691436768,0.11502484977245331,0.2110489457845688
-5.093999862670898,-11.753999710083008,0.4550572633743286,2.5448362827301025,0.02655857242643833,0.8247917890548706,-0.21028052270412445,0.07029682397842407
-5.093999862670898,-11.753999710083008,0.5570167303085327,5.080258369445801,0.009157972410321236,0.08248116075992584,0.14796562492847443,0.718654215335846
-5.093999862670898,-10.753999710083008,0.5633972883224487,5.014861106872559,0.06915362179279327,0.738640308380127,-0.06564471870660782,0.49111536145210266
-5.093999862670898,-10.753999710083008,0.6068655252456665,1.9868063926696777,0.03830694407224655,0.9877211451530457,-0.05630142614245415,0.24785403907299042
-5.093999862670898,-10.753999710083008,0.5818266868591309,4.963223457336426,0.01916056126356125,1.0026843547821045,0.10303112119436264,0.2610306143760681
-5.093999862670898,-9.753999710083008,0.7597333192825317,4.148099422454834,0.05604153871536255,1.2728550434112549,-0.04733243212103844,0.3403434157371521
-5.093999862670898,-9.753999710083008,0.5597638487815857,2.041271448135376,0.029291637241840363,1.1259052753448486,0.19895248115062714,0.20318226516246796
-5.093999862670898,-9.753999710083008,0.662965714931488,4.550806045532227,0.020862091332674026,0.36204010248184204,0.18181681632995605,0.45647430419921875
-5.093999862670898,-8.753999710083008,0.7812128067016602,5.561248779296875,0.08737452328205109,1.614646315574646,-0.07119697332382202,0.10672231763601303
-5.093999862670898,-8.753999710083008,0.6337021589279175,2.0389602184295654,0.02786318212747574,1.2273057699203491,-0.03245367482304573,0.4560410976409912
-5.093999862670898,-8.753999710083008,0.6454485654830933,5.544829368591309,0.009292024187743664,0.3334188759326935,-0.17485858500003815,0.43723663687705994
-5.093999862670898,-7.754000186920166,0.8913845419883728,5.9807915687561035,0.10402168333530426,1.223405122756958,-0.03977390006184578,0.06055724620819092
-5.093999862670898,-7.754000186920166,0.6482468843460083,1.623656988143921,0.028481140732765198,0.399585485458374,0.2310532033443451,0.6659153699874878
-5.093999862670898,-7.754000186920166,0.7912670969963074,5.022327423095703,0.04656708240509033,0.24998074769973755,0.09916810691356659,0.2735273540019989
-5.093999862670898,-6.754000186920166,1.053903341293335,5.588514804840088,0.08961935341358185,0.5620253086090088,0.2016444206237793,0.4128120243549347
-5.093999862670898,-6.754000186920166,0.8766724467277527,2.1624486446380615,0.12493623793125153,0.3866143226623535,0.014598015695810318,0.21960878372192383
-5.093999862670898,-6.754000186920166,0.7731109261512756,5.886947154998779,0.04780289903283119,1.1203316450119019,0.22722527384757996,0.3675791323184967
-5.093999862670898,-5.754000186920166,1.0046031475067139,5.681560516357422,0.08973897993564606,1.3422664403915405,0.15495559573173523,0.4339435398578644
-5.093999862670898,-5.754000186920166,0.7837750911712646,1.3345857858657837,0.07672400772571564,1.072754979133606,0.03851014003157616,0.5186116695404053
-5.093999862670898,-5.754000186920166,0.8396846652030945,5.622114658355713,0.11088970303535461,2.256523847579956,-0.05566729977726936,0.047444745898246765
-5.093999862670898,-4.754000186920166,0.8750648498535156,0.3402353525161743,0.1097337082028389,1.5930272340774536,-0.04380622133612633,0.5567228198051453
-5.093999862670898,-4.754000186920166,0.8190683126449585,3.392130136489868,0.05003878101706505,0.8882265090942383,0.05794395133852959,0.24704314768314362
-5.093999862670898,-4.754000186920166,0.7609528303146362,0.9088939428329468,0.013186870142817497,1.3293945789337158,-0.2038516402244568,0.19623404741287231
-5.093999862670898,-3.753999948501587,0.8883739709854126,0.14032374322414398,0.11491607129573822,1.8287221193313599,0.12029218673706055,0.3405940532684326
-5.093999862670898,-3.753999948501587,0.7926861643791199,3.9338555335998535,0.062094904482364655,0.11651845276355743,0.1905203014612198,0.3022958040237427
-5.093999862670898,-3.753999948501587,0.9180608987808228,0.9580002427101135,0.04586545005440712,0.0805634930729866,-0.3144369125366211,0.3571101129055023
-5.093999862670898,-2.753999948501587,0.6297851800918579,1.2133485078811646,0.022842148318886757,1.2612617015838623,-0.010471322573721409,0.17614129185676575
-5.093999862670898,-2.753999948501587,0.9576305747032166,3.6713690757751465,0.1663512885570526,0.4725801348686218,0.058588556945323944,0.3996098041534424
-5.093999862670898,-2.753999948501587,0.9911398887634277,0.6051815748214722,0.11311431229114532,0.32235968112945557,-0.1632123440504074,0.4242488443851471
-5.093999862670898,-1.753999948501587,0.9802303910255432,1.1535817384719849,0.16330274939537048,1.7794667482376099,-0.013014563359320164,0.02567913942039013
-5.093999862670898,-1.753999948501587,1.1780883073806763,3.3956093788146973,0.18271635472774506,0.15486393868923187,0.16702063381671906,0.43355751037597656
-5.093999862670898,-1.753999948501587,1.0474505424499512,0.4203622043132782,0.10916201025247574,0.25001102685928345,-0.2786310017108917,0.5407633185386658
-5.093999862670898,-0.7540000081062317,0.8014364838600159,2.8163628578186035,0.11188405752182007,1.466627836227417,-0.004697488155215979,0.1169220507144928
-5.093999862670898,-0.7540000081062317,0.9205096364021301,3.3384482860565186,0.10969237983226776,0.1161281019449234,0.24480782449245453,0.41291531920433044
-5.093999862670898,-0.7540000081062317,0.8672825694084167,0.6359793543815613,0.07485790550708771,0.2858351767063141,-0.042075928300619125,0.47016263008117676
-5.093999862670898,0.2460000067949295,0.4801010191440582,5.667303085327148,0.026388779282569885,1.369978904724121,-0.04868544265627861,0.2279960662126541
-5.093999862670898,0.2460000067949295,0.5157257318496704,3.3286938667297363,0.024662714451551437,1.3363560438156128,0.2772929072380066,0.6947843432426453
-5.093999862670898,0.2460000067949295,0.687838077545166,1.029044270515442,0.03815408796072006,0.6260908246040344,-0.09321106970310211,0.07721957564353943
-5.093999862670898,1.246000051498413,0.6370289325714111,5.194919109344482,0.0236881822347641,1.0882378816604614,-0.037081945687532425,0.7285218834877014
-5.093999862670898,1.246000051498413,0.9921923279762268,3.0082788467407227,0.09609325975179672,0.05926886200904846,0.10029687732458115,0.1485123336315155
-5.093999862670898,1.246000051498413,0.9245252013206482,5.944723606109619,0.051318638026714325,0.15006853640079498,0.2025420069694519,0.12296582758426666
-5.093999862670898,2.246000051498413,0.9309591054916382,5.694946765899658,0.10747029632329941,1.7389585971832275,-0.002782631665468216,0.06727530062198639
-5.093999862670898,2.246000051498413,1.2882356643676758,3.034102201461792,0.15399686992168427,0.0942508727312088,0.022781286388635635,0.4517841637134552
-5.093999862670898,2.246000051498413,1.3136887550354004,6.231720924377441,0.10491019487380981,0.02223077416419983,-0.12508676946163177,0.4809405207633972
-5.093999862670898,3.246000051498413,1.0172863006591797,6.092007637023926,0.1871592253446579,1.9841262102127075,0.008376598358154297,0.11905041337013245
-5.093999862670898,3.246000051498413,1.1986678838729858,2.914228677749634,0.11422062665224075,0.08074451982975006,0.056199170649051666,0.4326271712779999
-5.093999862670898,3.246000051498413,1.2318601608276367,6.158222675323486,0.08104601502418518,0.03346006199717522,-0.10086856037378311,0.44832244515419006
-5.093999862670898,4.245999813079834,0.8965755701065063,5.350166320800781,0.06800009310245514,1.6468747854232788,0.00477607874199748,0.22831620275974274
-5.093999862670898,4.245999813079834,1.1199990510940552,2.736729383468628,0.11900144070386887,0.09392719715833664,0.1303827464580536,0.37333008646965027
-5.093999862670898,4.245999813079834,1.2072092294692993,6.082293510437012,0.09433198720216751,0.05217751860618591,-0.09330984950065613,0.3983536660671234
-5.093999862670898,5.245999813079834,1.118318796157837,5.6629486083984375,0.27150821685791016,1.655065894126892,0.016392463818192482,0.1576477736234665
-5.093999862670898,5.245999813079834,1.1542468070983887,2.6484837532043457,0.09992311149835587,0.043136678636074066,0.08140896260738373,0.47288626432418823
-5.093999862670898,5.245999813079834,1.1891742944717407,5.830101013183594,0.11526136845350266,0.07256030291318893,-0.03857710584998131,0.3694659173488617
-5.093999862670898,6.245999813079834,0.9555216431617737,4.633488655090332,0.1325036734342575,1.6456725597381592,-0.0463949590921402,0.15409785509109497
-5.093999862670898,6.245999813079834,1.0648258924484253,2.5495338439941406,0.07773938030004501,0.042847465723752975,0.012078461237251759,0.4505523443222046
-5.093999862670898,6.245999813079834,1.2374945878982544,5.87464714050293,0.15446458756923676,0.05959124118089676,-0.08671519160270691,0.3953498303890228
-5.093999862670898,7.245999813079834,0.8819202780723572,0.6758511066436768,0.10127201676368713,1.6365708112716675,0.021625101566314697,0.22357821464538574
-5.093999862670898,7.245999813079834,0.9907259345054626,3.3145265579223633,0.11050685495138168,0.17278367280960083,0.0975937768816948,0.5089852809906006
-5.093999862670898,7.245999813079834,1.2521779537200928,0.012150976806879044,0.14281831681728363,0.054024696350097656,-0.02807970903813839,0.2674364447593689
-5.093999862670898,8.246000289916992,1.1200578212738037,5.8920207023620605,0.7169938683509827,1.5157169103622437,0.026768077164888382,0.21839193999767303
-5.093999862670898,8.246000289916992,0.8208885192871094,2.4949800968170166,0.0679856613278389,0.4514935314655304,0.17654114961624146,0.6622706055641174
-5.093999862670898,8.246000289916992,0.8535838723182678,0.8104164600372314,0.10975809395313263,0.7521202564239502,-0.24562449753284454,0.11933746933937073
-5.093999862670898,9.246000289916992,0.7742273211479187,5.386641979217529,0.09173540771007538,1.3499072790145874,-0.2855529189109802,0.22272656857967377
-5.093999862670898,9.246000289916992,0.7267868518829346,1.7105849981307983,0.027696846053004265,0.07476023584604263,0.11139053851366043,0.41557613015174866
-5.093999862670898,9.246000289916992,0.6422854661941528,4.740001678466797,0.020567761734128,0.09714453667402267,0.06222778931260109,0.36169731616973877
-5.093999862670898,16.246000289916992,0.8865920901298523,3.79697847366333,0.06812319159507751,0.3941873610019684,0.0554320253431797,0.10957273095846176
-5.093999862670898,16.246000289916992,1.0580053329467773,0.3719046711921692,0.14564847946166992,0.07419783622026443,-0.13029246032238007,0.882469654083252
-5.093999862670898,16.246000289916992,1.0953216552734375,0.3221798539161682,1.052830457687378,1.2248451709747314,0.3214689791202545,0.007957658730447292
-5.093999862670898,17.246000289916992,0.6868138313293457,5.217977046966553,0.08237605541944504,1.9708924293518066,0.3091374933719635,0.0006222492665983737
-5.093999862670898,17.246000289916992,0.908488392829895,0.7381111979484558,0.05549267306923866,0.06265576183795929,0.04848463088274002,0.9993610978126526
-5.093999862670898,17.246000289916992,0.9270423054695129,5.9329752922058105,0.5584703087806702,2.845191478729248,-0.05053221806883812,1.663245893723797e-05
-5.093999862670898,18.246000289916992,0.7166853547096252,4.728924751281738,0.055746495723724365,0.8363243341445923,0.08054976165294647,0.00076140376040712
-5.093999862670898,18.246000289916992,1.1412829160690308,1.2464836835861206,0.08921102434396744,0.06064648553729057,-0.03806941211223602,0.9992375373840332
-5.093999862670898,18.246000289916992,1.1627758741378784,5.724214553833008,2.711810827255249,7.42430305480957,0.18004637956619263,1.014712665892148e-06
-4.093999862670898,-11.753999710083008,0.6530417203903198,6.046217441558838,0.6655128002166748,1.890056848526001,0.08489736914634705,0.013392928056418896
-4.093999862670898,-11.753999710083008,0.43673425912857056,2.7099695205688477,0.028265926986932755,1.3013168573379517,-0.2524457275867462,0.038253869861364365
-4.093999862670898,-11.753999710083008,0.5446743369102478,4.422703266143799,0.008510843850672245,0.1916583925485611,0.1172403022646904,0.9483532309532166
-4.093999862670898,-10.753999710083008,0.4588888883590698,6.235516548156738,0.10261917114257812,1.4225449562072754,-0.12884719669818878,0.04099314287304878
-4.093999862670898,-10.753999710083008,0.6220690608024597,1.8879400491714478,0.018949339166283607,0.16473710536956787,-0.1620463877916336,0.6696920394897461
-4.093999862670898,-10.753999710083008,0.6185652613639832,4.590356826782227,0.012586642056703568,0.3565294146537781,0.14193758368492126,0.28931477665901184
-4.093999862670898,-9.753999710083008,0.7879862785339355,4.515128135681152,0.06395304203033447,1.0389788150787354,-0.030001696199178696,0.29352399706840515
-4.093999862670898,-9.753999710083008,0.6221585869789124,0.8374919295310974,0.02679126337170601,0.7004061937332153,0.08916976302862167,0.20667235553264618
-4.093999862670898,-9.753999710083008,0.6619701385498047,4.961714744567871,0.01637265831232071,0.39191851019859314,0.07697992026805878,0.499803751707077
-4.093999862670898,-8.753999710083008,0.7058603763580322,5.482080936431885,0.03989047557115555,1.3442801237106323,0.0053442129865288734,0.49604037404060364
-4.093999862670898,-8.753999710083008,0.6825448870658875,1.6939208507537842,0.08812157809734344,1.6855497360229492,0.03391675278544426,0.07789987325668335
-4.093999862670898,-8.753999710083008,0.6351568698883057,5.485146999359131,0.014845029450953007,0.2760237455368042,-0.10211028158664703,0.4260598123073578
-4.093999862670898,-7.754000186920166,0.78573077917099,0.060154419392347336,0.12697890400886536,1.262954592704773,0.10114377737045288,0.04869764298200607
-4.093999862670898,-7.754000186920166,0.7286925911903381,1.3724735975265503,0.06267435103654861,0.38784146308898926,0.06335832178592682,0.5782763361930847
-4.093999862670898,-7.754000186920166,0.7488252520561218,4.84999418258667,0.06879794597625732,0.5033853650093079,0.061340272426605225,0.3730260133743286
-4.093999862670898,-6.754000186920166,1.177208423614502,4.995850086212158,0.12382756918668747,0.5065402984619141,0.1660166233778,0.34008365869522095
-4.093999862670898,-6.754000186920166,0.9860050678253174,1.6284555196762085,0.11951235681772232,0.20318038761615753,0.263264000415802,0.3876502513885498
-4.093999862670898,-6.754000186920166,0.8007012605667114,5.577356815338135,0.048156142234802246,1.4418433904647827,0.15432685613632202,0.272266149520874
-4.093999862670898,-5.754000186920166,0.8648344874382019,5.065572738647461,0.08988135308027267,1.1146306991577148,0.04323955997824669,0.20273268222808838
-4.093999862670898,-5.754000186920166,0.7690551280975342,1.2823537588119507,0.05939512699842453,0.5403924584388733,-0.11361926794052124,0.5136441588401794
-4.093999862670898,-5.754000186920166,0.6264501810073853,4.5205278396606445,0.043777577579021454,3.081627607345581,-0.1118893101811409,0.2836231589317322
-4.093999862670898,-4.754000186920166,0.7018235921859741,3.5782177448272705,0.05433037504553795,0.8233366012573242,-0.1864050328731537,0.48641374707221985
-4.093999862670898,-4.754000186920166,0.6694191694259644,1.7789862155914307,0.02606702409684658,1.4166456460952759,-0.14297974109649658,0.4206504821777344
-4.093999862670898,-4.754000186920166,0.6547808051109314,0.3212941586971283,0.01898031122982502,1.8727039098739624,-0.11408882588148117,0.09293577820062637
-4.093999862670898,-3.753999948501587,1.076130986213684,1.181522250175476,0.24927952885627747,1.874635100364685,0.20753946900367737,0.17250044643878937
-4.093999862670898,-3.753999948501587,0.827504575252533,4.249292850494385,0.06623882800340652,0.26553165912628174,0.1404910832643509,0.5157435536384583
-4.093999862670898,-3.753999948501587,0.8296933174133301,1.1746878623962402,0.0467572882771492,0.2373121976852417,-0.3256033658981323,0.3117559254169464
-4.093999862670898,-2.753999948501587,0.6264868974685669,1.0746254920959473,0.01968804933130741,1.0003442764282227,-0.11703263968229294,0.12344253063201904
-4.093999862670898,-2.753999948501587,1.0903921127319336,3.881566047668457,0.25728604197502136,0.2504754364490509,0.17635540664196014,0.38183343410491943
-4.093999862670898,-2.753999948501587,0.9885568618774414,0.732932448387146,0.12042282521724701,0.3628525733947754,-0.1250637024641037,0.4947240352630615
-4.093999862670898,-1.753999948501587,1.1984424591064453,1.5506352186203003,0.3730112910270691,1.7195274829864502,-0.01948988065123558,0.035897959023714066
-4.093999862670898,-1.753999948501587,1.228157877922058,3.5847272872924805,0.20922403037548065,0.13033916056156158,0.16447363793849945,0.45102378726005554
-4.093999862670898,-1.753999948501587,0.9875137209892273,0.538823664188385,0.08705420047044754,0.21293891966342926,-0.433849036693573,0.5130782127380371
-4.093999862670898,-0.7540000081062317,0.9171343445777893,2.4293880462646484,0.09427262842655182,1.9089598655700684,0.10717892646789551,0.0942673608660698
-4.093999862670898,-0.7540000081062317,0.9453588128089905,3.9927732944488525,0.04642323777079582,0.20242561399936676,0.30706387758255005,0.580011248588562
-4.093999862670898,-0.7540000081062317,0.9238634705543518,1.435571312904358,0.048502277582883835,0.3275204002857208,-0.1920364648103714,0.3257213830947876
-4.093999862670898,0.2460000067949295,0.6451842784881592,4.80955696105957,0.028727728873491287,1.3516569137573242,-0.007518351078033447,0.2606561779975891
-4.093999862670898,0.2460000067949295,0.7465001344680786,3.5231995582580566,0.09883364289999008,0.42063963413238525,0.2528548538684845,0.5500794649124146
-4.093999862670898,0.2460000067949295,1.058620572090149,1.3156720399856567,0.2536028325557709,0.15484702587127686,-0.29775288701057434,0.18926431238651276
-4.093999862670898,1.246000051498413,0.9715179204940796,4.458566665649414,0.10277126729488373,1.5593044757843018,0.05874638631939888,0.23788633942604065
-4.093999862670898,1.246000051498413,1.0617492198944092,2.8981730937957764,0.09253004938364029,0.07792598754167557,0.10674469918012619,0.5397942066192627
-4.093999862670898,1.246000051498413,1.1014708280563354,5.573824882507324,0.07259885966777802,0.09806004911661148,0.13790848851203918,0.22231945395469666
-4.093999862670898,2.246000051498413,1.0517210960388184,5.247493743896484,0.20722267031669617,1.5304211378097534,0.0444544181227684,0.05118740350008011
-4.093999862670898,2.246000051498413,1.229501485824585,2.998183488845825,0.12306422740221024,0.13645963370800018,-0.008517710492014885,0.37435030937194824
-4.093999862670898,2.246000051498413,1.3528152704238892,6.2461042404174805,0.13733980059623718,0.03181333467364311,-0.021810980513691902,0.5744622349739075
-4.093999862670898,3.246000051498413,1.0025227069854736,5.757224082946777,0.14691993594169617,2.0582046508789062,0.015236000530421734,0.09265468269586563
-4.093999862670898,3.246000051498413,1.1437536478042603,2.8819150924682617,0.12042979896068573,0.12000001966953278,0.13398756086826324,0.40035492181777954
-4.093999862670898,3.246000051498413,1.2248780727386475,6.218081951141357,0.09321993589401245,0.035888027399778366,-0.10584750026464462,0.5069904327392578
-4.093999862670898,4.245999813079834,0.862956166267395,4.746376037597656,0.06055755168199539,1.7030792236328125,0.002939737169072032,0.22188347578048706
-4.093999862670898,4.245999813079834,1.0982551574707031,2.758847713470459,0.12682010233402252,0.1123582050204277,0.21525068581104279,0.3744964003562927
-4.093999862670898,4.245999813079834,1.229343056678772,6.024256229400635,0.10705026984214783,0.061367351561784744,-0.07902823388576508,0.4036201536655426
-4.093999862670898,5.245999813079834,1.065187931060791,4.909722805023193,0.22183282673358917,1.7292078733444214,0.027426423504948616,0.16730791330337524
-4.093999862670898,5.245999813079834,1.137531042098999,2.5524349212646484,0.10036520659923553,0.05123428255319595,0.12883590161800385,0.43758872151374817
-4.093999862670898,5.245999813079834,1.2414286136627197,5.806830883026123,0.11433146148920059,0.05735009163618088,-0.05037129297852516,0.395103394985199
-4.093999862670898,6.245999813079834,0.9356848001480103,4.6864728927612305,0.13363152742385864,1.324867844581604,-0.06790249794721603,0.21895430982112885
-4.093999862670898,6.245999813079834,1.0219966173171997,2.6814699172973633,0.08625968545675278,0.057543881237506866,0.05112133547663689,0.3307073712348938
-4.093999862670898,6.245999813079834,1.243404507637024,5.922750949859619,0.18494611978530884,0.0405496209859848,-0.056240346282720566,0.4503382742404938
-4.093999862670898,7.245999813079834,0.7073811292648315,1.2840747833251953,0.03499463573098183,1.4356111288070679,0.0004396140284370631,0.45387476682662964
-4.093999862670898,7.245999813079834,0.9464954733848572,3.6324234008789062,0.14262926578521729,0.2462300807237625,0.04704511538147926,0.40448084473609924
-4.093999862670898,7.245999813079834,1.3133891820907593,0.21350783109664917,0.2122224122285843,0.058071568608284,-0.07533931732177734,0.14164432883262634
-4.093999862670898,8.246000289916992,1.0586583614349365,5.469945430755615,0.37698912620544434,2.3212833404541016,0.060902394354343414,0.07340753823518753
-4.093999862670898,8.246000289916992,0.839877188205719,3.4747447967529297,0.03771859034895897,0.7785100936889648,0.12424866855144501,0.8666895031929016
-4.093999862670898,8.246000289916992,1.0112450122833252,0.9584288001060486,0.08733054250478745,0.6721720695495605,-0.15908978879451752,0.05990296229720116
-4.093999862670898,9.246000289916992,0.6415340900421143,4.386812210083008,0.08877734839916229,1.8179501295089722,-0.34833356738090515,0.09584304690361023
-4.093999862670898,9.246000289916992,0.6105794310569763,1.998113989830017,0.01586310565471649,0.12301746755838394,0.07396364212036133,0.427261620759964
-4.093999862670898,9.246000289916992,0.5957032442092896,4.544299125671387,0.010704033076763153,0.1929473727941513,0.07360085844993591,0.4768953323364258
-4.093999862670898,10.246000289916992,0.7072501182556152,2.6694579124450684,0.08124898374080658,0.8917897343635559,0.10588248819112778,0.08691104501485825
-4.093999862670898,10.246000289916992,0.5682201981544495,2.5708229541778564,0.022980276495218277,0.4092431664466858,-0.11513876914978027,0.9071850776672363
-4.093999862670898,10.246000289916992,0.6985966563224792,5.040873050689697,0.09834899753332138,3.5805704593658447,0.39844822883605957,0.005903854966163635
-4.093999862670898,17.246000289916992,0.5629579424858093,5.55485725402832,0.18400877714157104,2.161715269088745,0.3066355586051941,4.948249625158496e-06
-4.093999862670898,17.246000289916992,0.7194913625717163,6.211212635040283,0.01774904504418373,0.02353079244494438,-0.005863689351826906,0.9999949932098389
-4.093999862670898,17.246000289916992,0.9129490256309509,0.20432201027870178,2.3987085819244385,15.193796157836914,-0.0825534462928772,4.1072141243603255e-08
-4.093999862670898,18.246000289916992,0.8384179472923279,5.116204261779785,0.10166991502046585,0.8739272952079773,0.21328772604465485,0.0005199835868552327
-4.093999862670898,18.246000289916992,1.2241209745407104,0.7528431415557861,0.07453422993421555,0.026702648028731346,-0.04844550043344498,0.9994760155677795
-4.093999862670898,18.246000289916992,1.2033302783966064,0.03247261792421341,1.433884859085083,3.206296920776367,0.011823057197034359,4.0500476643501315e-06
-3.0940001010894775,-11.753999710083008,0.889581561088562,0.3270657956600189,1.0017386674880981,0.36462172865867615,-0.1508796066045761,1.2100964568162453e-06
-3.0940001010894775,-11.753999710083008,0.30077606439590454,0.25007086992263794,0.09173811972141266,45.16240692138672,-0.1497206836938858,3.797651970671723e-09
-3.0940001010894775,-11.753999710083008,0.2606405019760132,0.05679555982351303,0.0002803242823574692,0.03006388247013092,-0.3046015501022339,0.9999988079071045
-3.0940001010894775,-10.753999710083008,0.6218999624252319,5.394341468811035,0.17049673199653625,0.6687792539596558,-0.12304876744747162,0.015039937570691109
-3.0940001010894775,-10.753999710083008,0.5332738161087036,5.148314476013184,0.011836855672299862,0.5517083406448364,-0.007804463617503643,0.05958179011940956
-3.0940001010894775,-10.753999710083008,0.5961841940879822,1.0605812072753906,0.006706876214593649,0.28585442900657654,-0.23372100293636322,0.9253783226013184
-3.0940001010894775,-9.753999710083008,0.5646162629127502,6.163642406463623,0.06026973947882652,1.4076110124588013,-0.08114683628082275,0.3824419379234314
-3.0940001010894775,-9.753999710083008,0.6119439601898193,0.8681328892707825,0.07603605836629868,1.111205816268921,-0.18449382483959198,0.16473934054374695
-3.0940001010894775,-9.753999710083008,0.589820384979248,4.663691997528076,0.0141671784222126,0.4632422924041748,-0.05079570785164833,0.45281872153282166
-3.0940001010894775,-8.753999710083008,0.5934114456176758,5.389629364013672,0.03583646938204765,1.716615915298462,-0.024934101849794388,0.5981723666191101
-3.0940001010894775,-8.753999710083008,0.5022627115249634,1.722976565361023,0.023312963545322418,0.6566215753555298,-0.059980545192956924,0.1959989368915558
-3.0940001010894775,-8.753999710083008,0.6825640201568604,5.297735691070557,0.01345253735780716,0.15829244256019592,0.06971871852874756,0.2058287262916565
-3.0940001010894775,-7.754000186920166,0.6866438388824463,0.24117381870746613,0.14262384176254272,1.2726010084152222,-0.09731876105070114,0.057194195687770844
-3.0940001010894775,-7.754000186920166,0.6323260068893433,1.6176522970199585,0.024557605385780334,0.19365112483501434,-0.09449172765016556,0.7574406862258911
-3.0940001010894775,-7.754000186920166,0.6514433026313782,4.725581645965576,0.026657091453671455,0.3342391848564148,0.15393079817295074,0.18536508083343506
-3.0940001010894775,-6.754000186920166,0.8530170917510986,4.800859451293945,0.029733916744589806,1.4986618757247925,-0.02756369486451149,0.28945067524909973
-3.0940001010894775,-6.754000186920166,0.8301762938499451,1.3530470132827759,0.11358308047056198,0.3587949275970459,0.1526036560535431,0.5315098762512207
-3.0940001010894775,-6.754000186920166,0.7614467144012451,4.605928421020508,0.044490475207567215,0.3361700177192688,0.13392555713653564,0.17903947830200195
-3.0940001010894775,-5.754000186920166,0.8555724620819092,4.025259971618652,0.041636377573013306,0.7900285720825195,0.295260488986969,0.2927059531211853
-3.0940001010894775,-5.754000186920166,0.7996971607208252,1.4342679977416992,0.08258175104856491,0.22225813567638397,0.038431886583566666,0.6711384057998657
-3.0940001010894775,-5.754000186920166,0.8572185635566711,5.9844136238098145,0.11278098821640015,0.6875398755073547,0.06281065940856934,0.03615563362836838
-3.0940001010894775,-4.754000186920166,0.9131725430488586,4.292544364929199,0.03913862630724907,0.29259753227233887,0.02623840793967247,0.4519418776035309
-3.0940001010894775,-4.754000186920166,1.0446773767471313,1.7208272218704224,0.14399638772010803,0.2664756774902344,0.1987583041191101,0.5198973417282104
-3.0940001010894775,-4.754000186920166,1.0582324266433716,0.47621455788612366,0.2112504094839096,0.14289207756519318,0.16293101012706757,0.028160814195871353
-3.0940001010894775,-3.753999948501587,1.0031989812850952,2.6331899166107178,0.3952217400074005,1.9963034391403198,0.14300833642482758,0.02510497346520424
-3.0940001010894775,-3.753999948501587,0.9225993156433105,4.212448596954346,0.07023657113313675,0.11297440528869629,-0.023049689829349518,0.34751394391059875
-3.0940001010894775,-3.753999948501587,0.9985672235488892,1.0970568656921387,0.0726359412074089,0.17996017634868622,-0.2632127106189728,0.6273810863494873
-3.0940001010894775,-2.753999948501587,0.8630858659744263,6.2051591873168945,0.04507101699709892,1.1370617151260376,0.015130758285522461,0.17365218698978424
-3.0940001010894775,-2.753999948501587,1.1424896717071533,3.8122000694274902,0.2800484597682953,0.16064824163913727,0.07684258371591568,0.2538619935512543
-3.0940001010894775,-2.753999948501587,1.0309299230575562,0.708253800868988,0.09988119453191757,0.25645729899406433,-0.033402975648641586,0.5724858045578003
-3.0940001010894775,-1.753999948501587,1.0646202564239502,5.6419830322265625,0.13849391043186188,1.6653270721435547,0.13126468658447266,0.5252034664154053
-3.0940001010894775,-1.753999948501587,1.077674388885498,4.0108962059021,0.1456964761018753,0.16887974739074707,0.09367296099662781,0.25458213686943054
-3.0940001010894775,-1.753999948501587,0.9388309717178345,0.3437444865703583,0.054482076317071915,0.09530673176050186,-0.186395525932312,0.2202143371105194
-3.0940001010894775,-0.7540000081062317,1.0318126678466797,1.955909252166748,0.20689675211906433,1.9490200281143188,0.10784018039703369,0.1538809835910797
-3.0940001010894775,-0.7540000081062317,0.9725867509841919,3.9499120712280273,0.10579035431146622,0.2041294425725937,0.17273221909999847,0.5369285345077515
-3.0940001010894775,-0.7540000081062317,0.8378897309303284,0.8676728010177612,0.06914369761943817,0.4955604374408722,-0.11437474191188812,0.309190571308136
-3.0940001010894775,0.2460000067949295,0.720641553401947,5.6802778244018555,0.03347894176840782,1.4208483695983887,-0.06534737348556519,0.38537299633026123
-3.0940001010894775,0.2460000067949295,0.9265053272247314,3.7505874633789062,0.1577959656715393,0.3326214551925659,0.18483878672122955,0.5021368265151978
-3.0940001010894775,0.2460000067949295,0.898643434047699,1.1300522089004517,0.14470790326595306,0.2733670473098755,-0.17362083494663239,0.11249023675918579
-3.0940001010894775,1.246000051498413,1.0115870237350464,5.402439594268799,0.0889219269156456,1.7808291912078857,0.11763551086187363,0.26132962107658386
-3.0940001010894775,1.246000051498413,1.1579394340515137,3.1040656566619873,0.1389501392841339,0.1854444444179535,-0.06815682351589203,0.4304965138435364
-3.0940001010894775,1.246000051498413,1.1755019426345825,5.8327765464782715,0.09106336534023285,0.0601368248462677,-0.13445740938186646,0.30817386507987976
-3.0940001010894775,2.246000051498413,1.1252679824829102,5.363759517669678,0.3801354467868805,2.1278340816497803,0.10880879312753677,0.09213878214359283
-3.0940001010894775,2.246000051498413,1.1504430770874023,3.016026258468628,0.10626613348722458,0.11739228665828705,-0.05154965817928314,0.42426466941833496
-3.0940001010894775,2.246000051498413,1.1538575887680054,6.180112838745117,0.0715564414858818,0.03480932116508484,-0.017333732917904854,0.4835965037345886
-3.0940001010894775,3.246000051498413,0.9809244275093079,6.103720664978027,0.10812361538410187,1.5642045736312866,0.02986329235136509,0.09858228266239166
-3.0940001010894775,3.246000051498413,1.1163274049758911,2.8791675567626953,0.10249456018209457,0.0814158022403717,0.06545107066631317,0.3522856831550598
-3.0940001010894775,3.246000051498413,1.1604527235031128,6.17886209487915,0.07795382291078568,0.0370095819234848,-0.003718162188306451,0.5491320490837097
-3.0940001010894775,4.245999813079834,0.9416942596435547,5.573853969573975,0.13405916094779968,2.1603972911834717,0.057769183069467545,0.10530263930559158
-3.0940001010894775,4.245999813079834,1.0669581890106201,2.808351516723633,0.09275158494710922,0.08501223474740982,0.10588545352220535,0.5409572720527649
-3.0940001010894775,4.245999813079834,1.0528199672698975,5.869357109069824,0.07013556361198425,0.06268516927957535,0.0461500845849514,0.35374003648757935
-3.0940001010894775,5.245999813079834,0.9505213499069214,5.0610175132751465,0.1139487624168396,1.859336018562317,0.028469108045101166,0.12586776912212372
-3.0940001010894775,5.245999813079834,1.1249635219573975,2.6598167419433594,0.10458353906869888,0.04946739226579666,0.16225175559520721,0.41910794377326965
-3.0940001010894775,5.245999813079834,1.1992884874343872,5.859280586242676,0.0887368693947792,0.035247210413217545,-0.02103975974023342,0.4550243020057678
-3.0940001010894775,6.245999813079834,0.9134536385536194,5.993023872375488,0.050403136759996414,1.284043312072754,0.04838906228542328,0.2786425054073334
-3.0940001010894775,6.245999813079834,1.0053024291992188,2.809692621231079,0.13572350144386292,0.4416143596172333,0.2660730481147766,0.32568204402923584
-3.0940001010894775,6.245999813079834,1.1492973566055298,5.972900867462158,0.07995735853910446,0.02272021770477295,-0.08669749647378922,0.395675390958786
-3.0940001010894775,7.245999813079834,0.9800480604171753,4.551764011383057,0.05993864685297012,0.8871943950653076,0.026055870577692986,0.21160776913166046
-3.0940001010894775,7.245999813079834,0.8828566670417786,2.5883615016937256,0.06971541047096252,2.8302009105682373,0.20397673547267914,0.6953898668289185
-3.0940001010894775,7.245999813079834,1.2269030809402466,0.5949605107307434,0.2104681134223938,0.16027221083641052,-0.2152823805809021,0.09300243109464645
-3.0940001010894775,8.246000289916992,0.8532885313034058,3.9491331577301025,0.09785594791173935,0.8412027359008789,0.08998247236013412,0.1971428245306015
-3.0940001010894775,8.246000289916992,0.8377004265785217,1.6454284191131592,0.05145853012800217,1.7200597524642944,-0.1902446746826172,0.5828447341918945
-3.0940001010894775,8.246000289916992,0.9742864966392517,0.6926906108856201,0.08821947872638702,2.3065102100372314,-0.17158463597297668,0.22001248598098755
-3.0940001010894775,9.246000289916992,0.7691280841827393,2.156407356262207,0.09888540208339691,1.3890947103500366,-0.024093640968203545,0.22153709828853607
-3.0940001010894775,9.246000289916992,0.6727269291877747,2.0273544788360596,0.03385801240801811,0.21082955598831177,-0.2810420095920563,0.44415736198425293
-3.0940001010894775,9.246000289916992,0.5910970568656921,5.274032115936279,0.02131207101047039,1.3223085403442383,0.045306943356990814,0.33430564403533936
-3.0940001010894775,10.246000289916992,0.6635304689407349,2.6414308547973633,0.10088364034891129,0.7945152521133423,-0.08550532162189484,0.18241354823112488
-3.0940001010894775,10.246000289916992,0.5332483053207397,1.2402552366256714,0.021311594173312187,0.5806388258934021,-0.06566612422466278,0.5050478577613831
-3.0940001010894775,10.246000289916992,0.5611899495124817,5.407444000244141,0.01953679323196411,1.1894190311431885,0.06382720917463303,0.3125384747982025
-3.0940001010894775,11.246000289916992,0.9953026175498962,0.46830540895462036,0.2687116265296936,2.289477825164795,0.15919144451618195,0.0029752079863101244
-3.0940001010894775,11.246000289916992,0.6747987270355225,4.172616004943848,0.007196193095296621,2.8796632289886475,-0.17696510255336761,0.9926738142967224
-3.0940001010894775,11.246000289916992,0.6465256810188293,1.1310127973556519,0.03450344502925873,5.756455898284912,0.019413422793149948,0.004351020324975252
-2.0940001010894775,-10.753999710083008,0.745069682598114,3.730191230773926,0.40289705991744995,0.5722794532775879,-0.051801081746816635,0.001586014055646956
-2.0940001010894775,-10.753999710083008,0.4055027365684509,3.7567546367645264,0.00960269570350647,4.175276279449463,-0.04570164903998375,0.0010370099917054176
-2.0940001010894775,-10.753999710083008,0.5941378474235535,2.6004860401153564,0.0035030595026910305,0.22892361879348755,-0.40347787737846375,0.9973770380020142
-2.0940001010894775,-9.753999710083008,0.5907061100006104,6.20341682434082,0.09948372840881348,0.9977965950965881,-0.044378940016031265,0.04956210404634476
-2.0940001010894775,-9.753999710083008,0.5925413370132446,1.2164896726608276,0.10762342810630798,0.8803322911262512,-0.024592364206910133,0.008773427456617355
-2.0940001010894775,-9.753999710083008,0.6376262903213501,5.064579963684082,0.013615181669592857,0.14869064092636108,-0.042820461094379425,0.941664457321167
-2.0940001010894775,-8.753999710083008,0.61646968126297,0.16448083519935608,0.013513479381799698,1.0133720636367798,-0.08669576048851013,0.905989944934845
-2.0940001010894775,-8.753999710083008,0.6256353259086609,2.2805612087249756,0.10864134877920151,0.3498571813106537,0.3187418282032013,0.03017568401992321
-2.0940001010894775,-8.753999710083008,0.8707522749900818,5.679325580596924,0.08527259528636932,0.07491173595190048,0.04979342222213745,0.06383435428142548
-2.0940001010894775,-7.754000186920166,0.7315687537193298,1.1626410484313965,0.07099614292383194,1.4334664344787598,-0.06113263592123985,0.10925258696079254
-2.0940001010894775,-7.754000186920166,0.7715292572975159,1.6707839965820312,0.11288899928331375,0.10304512828588486,0.032744746655225754,0.21617677807807922
-2.0940001010894775,-7.754000186920166,0.8274827003479004,5.0143351554870605,0.09492912143468857,0.08527064323425293,-0.05000009387731552,0.6745706796646118
-2.0940001010894775,-6.754000186920166,0.6678420305252075,4.506232261657715,0.04104797914624214,1.0456428527832031,0.09570702910423279,0.2799004018306732
-2.0940001010894775,-6.754000186920166,0.9148026704788208,1.84806489944458,0.16234664618968964,0.2377653568983078,0.1394175887107849,0.5136851072311401
-2.0940001010894775,-6.754000186920166,0.7184059023857117,4.792970657348633,0.05725282058119774,0.12422821670770645,0.05812527611851692,0.20641447603702545
-2.0940001010894775,-5.754000186920166,0.9493820071220398,5.042616367340088,0.1293165534734726,0.8348836898803711,0.4530342221260071,0.013861047104001045
-2.0940001010894775,-5.754000186920166,0.8256228566169739,1.400701642036438,0.055560771375894547,0.26350173354148865,0.17140451073646545,0.9653398990631104
-2.0940001010894775,-5.754000186920166,0.8412008881568909,0.47984930872917175,0.10261931270360947,0.41646867990493774,0.17131692171096802,0.020798949524760246
-2.0940001010894775,-4.754000186920166,0.9533993005752563,4.471927642822266,0.03296874836087227,0.2643320858478546,0.06372104585170746,0.9116741418838501
-2.0940001010894775,-4.754000186920166,1.1152727603912354,2.3316688537597656,0.47771981358528137,0.3457558751106262,0.22587795555591583,0.07332856953144073
-2.0940001010894775,-4.754000186920166,0.8729984760284424,6.098048686981201,0.12208190560340881,0.13631342351436615,0.0969012901186943,0.014997344464063644
-2.0940001010894775,-3.753999948501587,1.0474443435668945,1.12237548828125,0.565385103225708,2.4751505851745605,0.21704813838005066,0.028076598420739174
-2.0940001010894775,-3.753999948501587,0.7039065361022949,3.1670117378234863,0.024473857134580612,0.6406190991401672,0.11386575549840927,0.898781955242157
-2.0940001010894775,-3.753999948501587,0.8099663853645325,0.22398769855499268,0.04560082033276558,0.32390305399894714,-0.17731119692325592,0.07314141094684601
-2.0940001010894775,-2.753999948501587,0.908046305179596,4.382031440734863,0.08113734424114227,1.1009455919265747,0.16615894436836243,0.03135792165994644
-2.0940001010894775,-2.753999948501587,1.1082432270050049,4.004713535308838,0.1913207769393921,0.18462525308132172,0.03611396625638008,0.2679024934768677
-2.0940001010894775,-2.753999948501587,1.0751845836639404,0.7449662089347839,0.09520378708839417,0.22869667410850525,-0.07946283370256424,0.7007395625114441
-2.0940001010894775,-1.753999948501587,1.184722900390625,5.713624954223633,0.2346670776605606,1.9343695640563965,0.27023452520370483,0.14015017449855804
-2.0940001010894775,-1.753999948501587,0.9966059327125549,4.023735046386719,0.10383603721857071,0.9928880929946899,0.024534231051802635,0.5442453622817993
-2.0940001010894775,-1.753999948501587,0.9321264028549194,0.36160212755203247,0.06401797384023666,0.21185047924518585,-0.070001520216465,0.31560444831848145
-2.0940001010894775,-0.7540000081062317,1.1588835716247559,0.6549466252326965,0.3182312846183777,2.2217652797698975,0.16787563264369965,0.17241813242435455
-2.0940001010894775,-0.7540000081062317,0.9122908711433411,3.834902763366699,0.10560467839241028,0.3812015950679779,0.19840964674949646,0.716796875
-2.0940001010894775,-0.7540000081062317,0.7686969637870789,0.5574294328689575,0.08726023882627487,0.6934716105461121,-0.062020912766456604,0.11078489571809769
-2.0940001010894775,0.2460000067949295,0.8091722130775452,0.19344112277030945,0.06008455902338028,1.357844352722168,-0.001335703069344163,0.4971229135990143
-2.0940001010894775,0.2460000067949295,0.9056841731071472,3.3616483211517334,0.10839199274778366,0.34217965602874756,0.11188340932130814,0.338055819272995
-2.0940001010894775,0.2460000067949295,0.8386056423187256,1.0669788122177124,0.07711069285869598,0.18831712007522583,-0.17906464636325836,0.1648213267326355
-2.0940001010894775,1.246000051498413,0.8950416445732117,0.527787983417511,0.05908537656068802,1.5640710592269897,0.11563541740179062,0.22328869998455048
-2.0940001010894775,1.246000051498413,1.0278091430664062,3.151181697845459,0.12621988356113434,0.39755216240882874,-0.05903227999806404,0.36927682161331177
-2.0940001010894775,1.246000051498413,1.1014364957809448,6.051016807556152,0.09735097736120224,0.07871174812316895,-0.16859163343906403,0.40743452310562134
-2.0940001010894775,2.246000051498413,1.0962011814117432,6.084718704223633,0.15862514078617096,1.6768271923065186,0.15522433817386627,0.09436079114675522
-2.0940001010894775,2.246000051498413,1.1129595041275024,2.9269750118255615,0.10595978051424026,0.1805560439825058,-0.018401019275188446,0.39874982833862305
-2.0940001010894775,2.246000051498413,1.0943487882614136,6.073530673980713,0.0629456639289856,0.06445235759019852,0.09179342538118362,0.5068894028663635
-2.0940001010894775,3.246000051498413,0.9167238473892212,5.730895519256592,0.08363930881023407,1.1798981428146362,0.027652708813548088,0.12949714064598083
-2.0940001010894775,3.246000051498413,1.0498930215835571,2.651334524154663,0.0744643360376358,0.051937755197286606,0.10581167042255402,0.35755255818367004
-2.0940001010894775,3.246000051498413,1.1775742769241333,6.021700859069824,0.10618280619382858,0.05042991787195206,0.05130990222096443,0.5129503011703491
-2.0940001010894775,4.245999813079834,0.9323997497558594,5.836474895477295,0.08739040046930313,1.70175039768219,0.0031027430668473244,0.10629867762327194
-2.0940001010894775,4.245999813079834,1.0736557245254517,2.6451284885406494,0.08865353465080261,0.0433160662651062,0.13361337780952454,0.46463727951049805
-2.0940001010894775,4.245999813079834,1.0654106140136719,5.909880638122559,0.07074557989835739,0.05998357757925987,-0.003963803872466087,0.4290640354156494
-2.0940001010894775,5.245999813079834,0.9881138205528259,5.6144585609436035,0.09467974305152893,2.2383503913879395,0.1317238062620163,0.11669062823057175
-2.0940001010894775,5.245999813079834,1.0468025207519531,2.6832170486450195,0.08138316124677658,0.11243829876184464,0.12957072257995605,0.3415418565273285
-2.0940001010894775,5.245999813079834,1.0662591457366943,5.872349262237549,0.05410146713256836,0.03843901678919792,0.0379953496158123,0.5417675375938416
-2.0940001010894775,6.245999813079834,0.9460416436195374,4.379478454589844,0.02370067872107029,0.6022619605064392,0.2475261688232422,0.17617198824882507
-2.0940001010894775,6.245999813079834,0.9554862976074219,2.708404302597046,0.12765009701251984,1.8375627994537354,0.1963845193386078,0.6506022214889526
-2.0940001010894775,6.245999813079834,1.061195731163025,5.975151538848877,0.09928440302610397,0.11067011207342148,0.029246000573039055,0.17322580516338348
-2.0940001010894775,7.245999813079834,0.8401960134506226,4.97036075592041,0.021449122577905655,0.5508629083633423,-0.04847726225852966,0.2088424116373062
-2.0940001010894775,7.245999813079834,0.8817141056060791,1.8245704174041748,0.08054906874895096,2.5005905628204346,0.17690153419971466,0.7299846410751343
-2.0940001010894775,7.245999813079834,1.1949061155319214,0.06392744183540344,0.2983112633228302,0.43021097779273987,-0.15448997914791107,0.061172954738140106
-2.0940001010894775,8.246000289916992,0.7135748863220215,5.503167152404785,0.023622404783964157,1.0651953220367432,-0.05868646502494812,0.4683617353439331
-2.0940001010894775,8.246000289916992,1.0400111675262451,1.7238224744796753,0.14656010270118713,0.31569501757621765,-0.2245948314666748,0.3763278126716614
-2.0940001010894775,8.246000289916992,0.8739080429077148,5.73569917678833,0.14691714942455292,1.3848762512207031,0.034987613558769226,0.15531043708324432
-2.0940001010894775,9.246000289916992,0.9138327240943909,3.5686399936676025,0.05496257543563843,0.917094349861145,0.09565838426351547,0.2577999234199524
-2.0940001010894775,9.246000289916992,0.9085980653762817,1.309777855873108,0.1489659547805786,0.45536431670188904,-0.21577370166778564,0.4627707302570343
-2.0940001010894775,9.246000289916992,0.6412510275840759,5.499576568603516,0.03491607680916786,1.7299741506576538,0.12394186854362488,0.27942943572998047
-2.0940001010894775,10.246000289916992,0.7225601673126221,3.5952765941619873,0.049559611827135086,0.7318300008773804,0.12601977586746216,0.2568568289279938
-2.0940001010894775,10.246000289916992,0.705303430557251,0.7027292847633362,0.08174564689397812,0.8852592706680298,-0.0738610178232193,0.7125592827796936
-2.0940001010894775,10.246000289916992,0.6848825216293335,5.345883846282959,0.0826074630022049,3.090139150619507,0.02631879784166813,0.03058391623198986
-2.0940001010894775,11.246000289916992,0.9305858016014099,4.950033187866211,0.15027214586734772,1.9049400091171265,0.005750979762524366,0.034870605915784836
-2.0940001010894775,11.246000289916992,0.7381867170333862,0.5369263887405396,0.044599875807762146,0.3369421660900116,-0.09888317435979843,0.3222632110118866
-2.0940001010894775,11.246000289916992,0.6304756999015808,4.22239351272583,0.023777611553668976,0.9966302514076233,0.10411268472671509,0.6428661942481995
-2.0940001010894775,12.246000289916992,0.8213001489639282,2.9410829544067383,0.9874043464660645,1.7165240049362183,0.33223554491996765,0.00045825334382243454
-2.0940001010894775,12.246000289916992,0.5716320872306824,1.189133644104004,0.012462385930120945,0.03248737379908562,0.036989275366067886,0.9992774128913879
-2.0940001010894775,12.246000289916992,0.5896007418632507,5.338234901428223,0.02332211472094059,0.20547634363174438,-0.11883600056171417,0.0002643018960952759
-1.093999981880188,-7.754000186920166,0.8449006080627441,0.3270254135131836,0.49650606513023376,2.1396701335906982,0.009322031401097775,0.00114873715210706
-1.093999981880188,-7.754000186920166,1.1186299324035645,2.1394455432891846,0.06936962902545929,0.0054385364055633545,0.13561180233955383,0.02822004072368145
-1.093999981880188,-7.754000186920166,0.8787810802459717,5.178070068359375,0.03726280480623245,0.014178762212395668,-0.06317204982042313,0.9706313014030457
-1.093999981880188,-3.753999948501587,0.7818284034729004,4.865118026733398,0.13749754428863525,1.6290141344070435,0.09585118293762207,0.028009139001369476
-1.093999981880188,-3.753999948501587,0.5120760202407837,2.575155258178711,0.03581748902797699,0.8071890473365784,0.08875071257352829,0.01374233327805996
-1.093999981880188,-3.753999948501587,0.5749185681343079,5.3372063636779785,0.014447923749685287,0.12872466444969177,-0.05527704209089279,0.958248496055603
-1.093999981880188,-2.753999948501587,0.6669458746910095,4.984616279602051,0.11045493930578232,1.543713092803955,0.14279673993587494,0.17446906864643097
-1.093999981880188,-2.753999948501587,0.5965043902397156,2.219998359680176,0.03493693843483925,2.190389633178711,0.023903969675302505,0.47694456577301025
-1.093999981880188,-2.753999948501587,0.6695563197135925,5.908557415008545,0.017081554979085922,1.0082167387008667,-0.20235827565193176,0.3485862910747528
-1.093999981880188,-1.753999948501587,0.9993468523025513,3.8686296939849854,0.16400009393692017,1.217756986618042,0.27771517634391785,0.17935310304164886
-1.093999981880188,-1.753999948501587,0.6649478077888489,2.7914202213287354,0.06679066270589828,1.3129167556762695,0.05666067451238632,0.223841592669487
-1.093999981880188,-1.753999948501587,0.8228803277015686,0.5446910858154297,0.08003206551074982,0.1191415935754776,-0.25562506914138794,0.5968053340911865
-1.093999981880188,-0.7540000081062317,1.2328156232833862,0.6964362859725952,0.460363507270813,2.1884772777557373,0.10765188932418823,0.20395976305007935
-1.093999981880188,-0.7540000081062317,1.065415382385254,3.7467215061187744,0.14544472098350525,0.5841971039772034,0.19589802622795105,0.4815685451030731
-1.093999981880188,-0.7540000081062317,0.9200426340103149,0.870254635810852,0.06995535641908646,0.20818358659744263,-0.4427793622016907,0.31447169184684753
-1.093999981880188,0.2460000067949295,0.8692639470100403,5.450847148895264,0.061270613223314285,1.295898199081421,0.02962312288582325,0.6251868605613708
-1.093999981880188,0.2460000067949295,1.1280924081802368,3.1917343139648438,0.14427565038204193,0.28295567631721497,-0.06925971806049347,0.26659688353538513
-1.093999981880188,0.2460000067949295,1.2220244407653809,0.6674472093582153,0.1645570546388626,0.1557149589061737,-0.1482369303703308,0.1082162857055664
-1.093999981880188,1.246000051498413,0.8096204996109009,0.398490846157074,0.06512126326560974,2.0011789798736572,0.026755567640066147,0.20876549184322357
-1.093999981880188,1.246000051498413,1.0826730728149414,3.4631810188293457,0.17074307799339294,0.2748298943042755,-0.11576471477746964,0.34682992100715637
-1.093999981880188,1.246000051498413,1.2531554698944092,6.017069339752197,0.11782710254192352,0.05386074632406235,-0.17477592825889587,0.4444045126438141
-1.093999981880188,2.246000051498413,1.0006074905395508,4.965757369995117,0.15212684869766235,1.6805577278137207,0.08233300596475601,0.14465390145778656
-1.093999981880188,2.246000051498413,1.1375948190689087,2.962008476257324,0.10284597426652908,0.10712065547704697,0.0030502406880259514,0.40872955322265625
-1.093999981880188,2.246000051498413,1.0979996919631958,6.075375556945801,0.06273447722196579,0.04639134183526039,-0.047877512872219086,0.4466164708137512
-1.093999981880188,3.246000051498413,0.8968840837478638,5.3270721435546875,0.11777964234352112,2.103335380554199,0.02422543615102768,0.0874323695898056
-1.093999981880188,3.246000051498413,1.1073894500732422,2.691746234893799,0.11168643832206726,0.09858624637126923,0.049540452659130096,0.42747142910957336
-1.093999981880188,3.246000051498413,1.1166120767593384,5.979294300079346,0.09071814268827438,0.06372325122356415,-0.01161959022283554,0.4850962162017822
-1.093999981880188,4.245999813079834,0.9529532790184021,5.798662185668945,0.1904134899377823,2.285029888153076,0.010280069895088673,0.055039819329977036
-1.093999981880188,4.245999813079834,1.1800646781921387,2.636939764022827,0.12342623621225357,0.03915105760097504,-0.034729842096567154,0.3834032714366913
-1.093999981880188,4.245999813079834,1.040674090385437,5.901732444763184,0.06455167382955551,0.03291763365268707,-0.017051255330443382,0.561556875705719
-1.093999981880188,5.245999813079834,1.0919675827026367,6.089896202087402,0.1606033742427826,1.5847097635269165,0.08908961713314056,0.1377432495355606
-1.093999981880188,5.245999813079834,1.073504090309143,2.54573655128479,0.09482163190841675,0.11460308730602264,-0.035739704966545105,0.328315794467926
-1.093999981880188,5.245999813079834,1.0876762866973877,5.91996431350708,0.047871433198451996,0.03405469283461571,-0.08512037247419357,0.5339409708976746
-1.093999981880188,6.245999813079834,1.0128209590911865,4.701266765594482,0.052266716957092285,0.9595098495483398,0.18905708193778992,0.10656112432479858
-1.093999981880188,6.245999813079834,1.0066263675689697,2.228882074356079,0.10457398742437363,1.6534976959228516,0.13229601085186005,0.8182620406150818
-1.093999981880188,6.245999813079834,1.05506432056427,5.670168399810791,0.09639061987400055,0.4003702402114868,0.02240634150803089,0.07517686486244202
-1.093999981880188,7.245999813079834,0.9023237824440002,4.832049369812012,0.059454210102558136,0.9683753848075867,0.08978729695081711,0.11253194510936737
-1.093999981880188,7.245999813079834,0.9566645622253418,2.2075841426849365,0.14315588772296906,1.2198235988616943,0.12342878431081772,0.852253258228302
-1.093999981880188,7.245999813079834,1.0475401878356934,5.256002902984619,0.15981507301330566,0.7790112495422363,-0.0018426852766424417,0.03521477431058884
-1.093999981880188,8.246000289916992,0.7446547150611877,4.917061805725098,0.03029818832874298,0.959273099899292,0.09327010065317154,0.4730396568775177
-1.093999981880188,8.246000289916992,1.058397650718689,1.6271169185638428,0.1254388689994812,0.18549859523773193,-0.07091531902551651,0.5082578659057617
-1.093999981880188,8.246000289916992,0.9174016118049622,4.9563374519348145,0.14439573884010315,1.5874215364456177,0.14045171439647675,0.018702508881688118
-1.093999981880188,9.246000289916992,0.8119353652000427,4.412606716156006,0.03144931048154831,0.6899759769439697,0.08171950280666351,0.287503719329834
-1.093999981880188,9.246000289916992,1.0042182207107544,1.047890067100525,0.12807300686836243,0.25977981090545654,0.1164182648062706,0.6967523097991943
-1.093999981880188,9.246000289916992,0.760360062122345,6.022546291351318,0.18517935276031494,2.495103359222412,0.1457289308309555,0.01574396714568138
-1.093999981880188,10.246000289916992,0.7149683833122253,3.601407766342163,0.05232568085193634,0.8231949210166931,0.12246187776327133,0.06055507808923721
-1.093999981880188,10.246000289916992,0.7580446004867554,0.43818366527557373,0.02799329161643982,0.39766594767570496,0.19074203073978424,0.8996227383613586
-1.093999981880188,10.246000289916992,0.7923818230628967,0.47640615701675415,0.11161621659994125,0.840610146522522,0.04335782304406166,0.03982216492295265
-1.093999981880188,11.246000289916992,0.989872932434082,5.467358589172363,0.31623801589012146,2.202361583709717,0.03080534189939499,0.005639320705085993
-1.093999981880188,11.246000289916992,0.8099841475486755,0.9087810516357422,0.03850124031305313,0.4220118224620819,0.015156428329646587,0.9915777444839478
-1.093999981880188,11.246000289916992,0.6134427785873413,6.1545000076293945,0.07608012109994888,3.192399740219116,-0.11801053583621979,0.0027829434257000685
-1.093999981880188,12.246000289916992,1.022627830505371,4.73148250579834,0.1263354867696762,0.8609415292739868,0.2087879180908203,0.04866209253668785
-1.093999981880188,12.246000289916992,0.951088011264801,1.5137206315994263,0.12911547720432281,0.14883407950401306,0.37205713987350464,0.9421069622039795
-1.093999981880188,12.246000289916992,0.7581768035888672,5.503880977630615,0.05527154356241226,0.07480110228061676,0.06813053786754608,0.009230957366526127
-0.09399999678134918,-3.753999948501587,0.9283791780471802,0.7490702867507935,0.09444164484739304,0.5316300988197327,-0.011863737367093563,0.001857976196333766
-0.09399999678134918,-3.753999948501587,0.5527971386909485,1.9637513160705566,0.4475077986717224,7.87995719909668,0.2982584536075592,4.4558222725754604e-05
-0.09399999678134918,-3.753999948501587,0.5913369059562683,5.023808479309082,0.015937164425849915,0.16221541166305542,-0.04729488864541054,0.9980974793434143
-0.09399999678134918,-2.753999948501587,0.6401453018188477,6.183150768280029,0.039598751813173294,2.0174221992492676,0.10932723432779312,0.23629868030548096
-0.09399999678134918,-2.753999948501587,0.621772050857544,1.6483267545700073,0.04419320449233055,1.1262480020523071,0.2562354505062103,0.6744215488433838
-0.09399999678134918,-2.753999948501587,0.669043242931366,5.856595516204834,0.03685103356838226,1.0815867185592651,-0.10523442924022675,0.08927986025810242
-0.09399999678134918,-1.753999948501587,0.620049238204956,3.1543707847595215,0.0390954464673996,0.6473639011383057,0.13729433715343475,0.41470545530319214
-0.09399999678134918,-1.753999948501587,0.5878192186355591,1.482958436012268,0.026184573769569397,1.15950345993042,-0.022464971989393234,0.42075249552726746
-0.09399999678134918,-1.753999948501587,0.7237882018089294,5.931232929229736,0.04075692594051361,1.7347816228866577,0.10315394401550293,0.1645420789718628
-0.09399999678134918,-0.7540000081062317,1.165890097618103,5.681695461273193,0.267805814743042,2.227126121520996,0.08875086903572083,0.09038890898227692
-0.09399999678134918,-0.7540000081062317,0.9761916995048523,3.2144129276275635,0.14525312185287476,1.0142872333526611,0.12196860462427139,0.4996117949485779
-0.09399999678134918,-0.7540000081062317,1.0752853155136108,0.2908678352832794,0.14738398790359497,0.10657799243927002,-0.4187609553337097,0.409999281167984
-0.09399999678134918,0.2460000067949295,1.006403923034668,5.100520133972168,0.05841810628771782,1.6944786310195923,-0.0054949019104242325,0.2477535754442215
-0.09399999678134918,0.2460000067949295,1.150931715965271,3.1174395084381104,0.1027023121714592,0.7577890157699585,-0.06819894164800644,0.5453137159347534
-0.09399999678134918,0.2460000067949295,1.4179469347000122,0.4547117352485657,0.18919599056243896,0.12779034674167633,-0.20999601483345032,0.20693272352218628
-0.09399999678134918,1.246000051498413,0.8681740760803223,0.27994129061698914,0.08436229079961777,2.178671360015869,0.050511714071035385,0.1113714650273323
-0.09399999678134918,1.246000051498413,1.172652006149292,3.5551886558532715,0.11276695877313614,0.10917015373706818,-0.01735518127679825,0.3715543746948242
-0.09399999678134918,1.246000051498413,1.2195734977722168,0.12231965363025665,0.08004015684127808,0.04988200217485428,-0.14436444640159607,0.5170741081237793
-0.09399999678134918,2.246000051498413,0.8732383847236633,3.969175338745117,0.08342336118221283,1.9386399984359741,0.09594444185495377,0.10466815531253815
-0.09399999678134918,2.246000051498413,1.1161632537841797,2.962667226791382,0.10256800055503845,0.0909428596496582,0.09751081466674805,0.36072567105293274
-0.09399999678134918,2.246000051498413,1.1658263206481934,6.063231468200684,0.08132076263427734,0.0425754114985466,-0.013598896563053131,0.5346061587333679
-0.09399999678134918,3.246000051498413,0.8629496693611145,5.093276500701904,0.07603616267442703,2.3061001300811768,-0.021483413875102997,0.1485377997159958
-0.09399999678134918,3.246000051498413,1.0759912729263306,2.6856446266174316,0.11024359613656998,0.0888785868883133,0.06951068341732025,0.5657745003700256
-0.09399999678134918,3.246000051498413,1.2217388153076172,5.924119472503662,0.10637348145246506,0.05965597555041313,-0.13122105598449707,0.2856876850128174
-0.09399999678134918,4.245999813079834,0.8652568459510803,5.458980560302734,0.05567789077758789,2.0900092124938965,-0.08330437541007996,0.18503539264202118
-0.09399999678134918,4.245999813079834,1.195029854774475,2.5202040672302246,0.1377079039812088,0.09999968856573105,-0.06627689301967621,0.38788074254989624
-0.09399999678134918,4.245999813079834,1.216117024421692,5.935703277587891,0.09369918704032898,0.042417798191308975,-0.14661185443401337,0.4270838797092438
-0.09399999678134918,5.245999813079834,0.9469391703605652,5.319216728210449,0.08112885057926178,1.73074471950531,0.09202315658330917,0.17565308511257172
-0.09399999678134918,5.245999813079834,1.0275018215179443,2.4572784900665283,0.10252998024225235,0.20717324316501617,-0.040744271129369736,0.6343574523925781
-0.09399999678134918,5.245999813079834,1.0422046184539795,5.829003810882568,0.07262254506349564,0.0857957974076271,-0.051672086119651794,0.18998944759368896
-0.09399999678134918,6.245999813079834,0.9712769985198975,4.751404285430908,0.08695946633815765,1.2936413288116455,0.1408606916666031,0.2963436245918274
-0.09399999678134918,6.245999813079834,0.880699634552002,2.180286407470703,0.10398800671100616,0.7351539134979248,-0.009703107178211212,0.5564088225364685
-0.09399999678134918,6.245999813079834,0.9854313135147095,5.059054374694824,0.06808009743690491,0.5029851794242859,-0.0751783475279808,0.1472475528717041
-0.09399999678134918,7.245999813079834,1.0862709283828735,5.689901351928711,0.12538838386535645,1.5176249742507935,0.1317785233259201,0.11302102357149124
-0.09399999678134918,7.245999813079834,0.9303808212280273,1.8432117700576782,0.08261002600193024,0.8767950534820557,0.1789483278989792,0.5992158651351929
-0.09399999678134918,7.245999813079834,0.979366660118103,4.782246112823486,0.06617502123117447,0.4438086748123169,0.1179371103644371,0.28776314854621887
-0.09399999678134918,8.246000289916992,0.7715139985084534,5.04930305480957,0.037388693541288376,1.1599946022033691,0.08232790976762772,0.3884564936161041
-0.09399999678134918,8.246000289916992,0.8808490037918091,1.5697275400161743,0.09318011999130249,0.3518286943435669,0.17054636776447296,0.47743257880210876
-0.09399999678134918,8.246000289916992,0.8647982478141785,4.6350812911987305,0.06794886291027069,0.46245914697647095,0.18842817842960358,0.13411091268062592
-0.09399999678134918,9.246000289916992,0.8695455193519592,4.512233257293701,0.09238561987876892,0.390432745218277,0.08985619246959686,0.26819226145744324
-0.09399999678134918,9.246000289916992,0.9740571975708008,1.0624254941940308,0.0791466161608696,0.3148689866065979,0.2987686097621918,0.6097902059555054
-0.09399999678134918,9.246000289916992,0.8310168981552124,5.524717330932617,0.10612431913614273,0.5334790945053101,0.17929308116436005,0.12201754003763199
-0.09399999678134918,10.246000289916992,0.6187044382095337,5.014210224151611,0.025947729125618935,0.9443992376327515,0.10606706142425537,0.044923845678567886
-0.09399999678134918,10.246000289916992,0.9211140871047974,1.0403928756713867,0.058420002460479736,0.4021613597869873,0.2932305335998535,0.9460040926933289
-0.09399999678134918,10.246000289916992,1.064483880996704,0.923872709274292,0.5128722786903381,0.41931697726249695,0.08552611619234085,0.00907207652926445
-0.09399999678134918,11.246000289916992,0.7577437162399292,1.1091731786727905,0.1348830908536911,0.7028041481971741,-0.016039174050092697,0.0037063686177134514
-0.09399999678134918,11.246000289916992,0.7828872799873352,1.6408746242523193,0.05142882466316223,0.39508870244026184,0.5701913833618164,0.9953657388687134
-0.09399999678134918,11.246000289916992,0.6131395697593689,0.34584787487983704,0.15718843042850494,1.1675585508346558,0.14456672966480255,0.0009278699872083962
-0.09399999678134918,12.246000289916992,1.1208115816116333,5.11527156829834,0.02443525940179825,0.3663941025733948,-0.12019921094179153,0.6948127150535583
-0.09399999678134918,12.246000289916992,1.1800456047058105,2.263554334640503,0.23842117190361023,0.35172319412231445,0.5811024308204651,0.2839466631412506
-0.09399999678134918,12.246000289916992,1.0517566204071045,5.8904290199279785,0.12106934934854507,0.07398364692926407,0.12959030270576477,0.021240610629320145
0.906000018119812,-3.753999948501587,0.6265475153923035,0.382125586271286,0.19118447601795197,0.5745694637298584,-0.13560886681079865,4.3575719246291555e-06
0.906000018119812,-3.753999948501587,0.39774268865585327,3.3489201068878174,0.11815568059682846,2.4666919708251953,0.4496082365512848,7.073213055264205e-06
0.906000018119812,-3.753999948501587,0.46401041746139526,4.824841499328613,0.0067543042823672295,0.04434091970324516,0.11960498988628387,0.9999885559082031
0.906000018119812,-2.753999948501587,0.3798379898071289,5.939664363861084,0.0067394571378827095,1.2882550954818726,0.009809919632971287,0.554976224899292
0.906000018119812,-2.753999948501587,0.6933189034461975,3.0335845947265625,0.17353372275829315,0.4135608971118927,-0.1772029846906662,0.05846048891544342
0.906000018119812,-2.753999948501587,0.9692068696022034,6.142333030700684,0.11381526291370392,0.0670328438282013,-0.23930442333221436,0.3865632712841034
0.906000018119812,-1.753999948501587,0.6235071420669556,4.832516193389893,0.0648801401257515,1.0309077501296997,-0.16842007637023926,0.22266602516174316
0.906000018119812,-1.753999948501587,0.5567665696144104,2.2433698177337646,0.05260094627737999,1.132102131843567,0.021123243495821953,0.10806393623352051
0.906000018119812,-1.753999948501587,0.582662045955658,5.122499942779541,0.014711430296301842,1.362551212310791,0.08870191872119904,0.6692700386047363
0.906000018119812,-0.7540000081062317,1.0624288320541382,5.161129474639893,0.1811695545911789,2.775174379348755,0.19355857372283936,0.07824760675430298
0.906000018119812,-0.7540000081062317,0.8066723346710205,2.616273880004883,0.06923907995223999,0.7253038287162781,0.05476747825741768,0.6721660494804382
0.906000018119812,-0.7540000081062317,1.0920765399932861,0.2908184826374054,0.14465799927711487,0.18444539606571198,-0.27069178223609924,0.24958637356758118
0.906000018119812,0.2460000067949295,0.9316922426223755,5.449217796325684,0.037778981029987335,1.6585454940795898,0.013322113081812859,0.6539497971534729
0.906000018119812,0.2460000067949295,1.0179187059402466,2.9435369968414307,0.12310263514518738,0.7039676308631897,0.11320052295923233,0.3003907799720764
0.906000018119812,0.2460000067949295,1.3388372659683228,0.26729145646095276,0.19252915680408478,0.13495613634586334,-0.19545699656009674,0.04565940797328949
0.906000018119812,1.246000051498413,0.7525806427001953,5.3652119636535645,0.03476356342434883,1.8812432289123535,0.029042096808552742,0.2758285403251648
0.906000018119812,1.246000051498413,1.1382752656936646,3.4694130420684814,0.1420145034790039,0.13863174617290497,-0.01443073246628046,0.29440900683403015
0.906000018119812,1.246000051498413,1.1137611865997314,0.1092110127210617,0.07497654110193253,0.05418059602379799,-0.15642450749874115,0.42976248264312744
0.906000018119812,2.246000051498413,0.6879291534423828,4.16946268081665,0.026958877220749855,1.007826328277588,-0.1473003774881363,0.41362321376800537
0.906000018119812,2.246000051498413,1.0915976762771606,2.687486171722412,0.11924757063388824,0.04715017229318619,0.10042433440685272,0.36766672134399414
0.906000018119812,2.246000051498413,1.1703044176101685,6.10491418838501,0.13248270750045776,0.05955379828810692,-0.1383918672800064,0.2187100052833557
0.906000018119812,3.246000051498413,0.8983064293861389,5.939564228057861,0.1034027710556984,1.7798757553100586,-0.07157895714044571,0.11328330636024475
0.906000018119812,3.246000051498413,1.061007022857666,2.535113573074341,0.08690839260816574,0.07542596012353897,0.14907020330429077,0.5592098236083984
0.906000018119812,3.246000051498413,1.2150815725326538,5.922231674194336,0.09825180470943451,0.05080855265259743,-0.07523996382951736,0.3275068998336792
0.906000018119812,4.245999813079834,0.9296369552612305,5.702213287353516,0.08541708439588547,1.7796201705932617,-0.02263246290385723,0.13752441108226776
0.906000018119812,4.245999813079834,1.1260206699371338,2.4274086952209473,0.10526276379823685,0.167885884642601,0.027857117354869843,0.3807716965675354
0.906000018119812,4.245999813079834,1.1726971864700317,5.841371059417725,0.08249004930257797,0.05596824362874031,-0.011500992812216282,0.48170387744903564
0.906000018119812,5.245999813079834,0.8672912120819092,5.582813739776611,0.07144296169281006,1.756445288658142,0.08889473229646683,0.12289079278707504
0.906000018119812,5.245999813079834,1.0387710332870483,2.4149057865142822,0.12185060977935791,0.1772981882095337,0.16067898273468018,0.5111509561538696
0.906000018119812,5.245999813079834,1.0499601364135742,5.333652496337891,0.07399921119213104,0.08191975206136703,0.08466003835201263,0.3659583032131195
0.906000018119812,6.245999813079834,0.8673784136772156,5.063311576843262,0.04305219277739525,1.0243499279022217,0.05431019142270088,0.16401654481887817
0.906000018119812,6.245999813079834,1.010496973991394,2.148141622543335,0.07877922058105469,0.15428905189037323,0.14235934615135193,0.5354253649711609
0.906000018119812,6.245999813079834,1.0106902122497559,4.982884407043457,0.04633653536438942,0.08210454881191254,0.10506982356309891,0.3005580008029938
0.906000018119812,7.245999813079834,0.965946614742279,5.753381729125977,0.20027770102024078,1.5155987739562988,0.08482293784618378,0.10274402797222137
0.906000018119812,7.245999813079834,0.9558278322219849,2.021496534347534,0.09729310870170593,0.16251583397388458,0.07114329189062119,0.5412311553955078
0.906000018119812,7.245999813079834,0.9946171641349792,4.9202141761779785,0.07700379937887192,0.10424410551786423,0.08894740790128708,0.356024831533432
0.906000018119812,8.246000289916992,0.8939102292060852,5.509478569030762,0.2026558667421341,1.3510785102844238,0.016155796125531197,0.1078551784157753
0.906000018119812,8.246000289916992,0.9789744019508362,1.6916871070861816,0.06513121724128723,0.11192715167999268,0.1681620180606842,0.4681788682937622
0.906000018119812,8.246000289916992,0.8279385566711426,4.573554515838623,0.0410270020365715,0.22637271881103516,0.2226172685623169,0.4239659607410431
0.906000018119812,9.246000289916992,0.8482962250709534,5.579153537750244,0.13166730105876923,0.8833995461463928,0.11667585372924805,0.05733732879161835
0.906000018119812,9.246000289916992,0.9399455785751343,1.3895139694213867,0.07159983366727829,0.1225711777806282,0.2459021359682083,0.9140263795852661
0.906000018119812,9.246000289916992,0.838085949420929,5.6973557472229,0.10206340998411179,0.353347510099411,0.1567215770483017,0.028636189177632332
0.906000018119812,10.246000289916992,0.8682465553283691,0.30815213918685913,0.11129144579172134,0.7178207635879517,-0.053977541625499725,0.026045123115181923
0.906000018119812,10.246000289916992,1.1550337076187134,1.5113435983657837,0.0779842734336853,0.1405850052833557,0.28490951657295227,0.9524934887886047
0.906000018119812,10.246000289916992,1.2431352138519287,0.7180356979370117,0.5385403633117676,0.18239335715770721,0.14658936858177185,0.021461445838212967
0.906000018119812,11.246000289916992,0.912797212600708,0.7700128555297852,0.15324810147285461,0.9561692476272583,-0.08997610211372375,0.01628785952925682
0.906000018119812,11.246000289916992,0.9437615871429443,1.571357011795044,0.053881771862506866,0.1710921674966812,0.20839177072048187,0.9322274923324585
0.906000018119812,11.246000289916992,1.052716612815857,0.8400231003761292,0.3811796307563782,0.36225414276123047,0.1288057416677475,0.05148464813828468
1.906000018119812,-2.753999948501587,0.5041247606277466,2.089737892150879,0.024763256311416626,3.243525266647339,0.15638236701488495,0.001386806950904429
1.906000018119812,-2.753999948501587,0.7935178279876709,3.1416356563568115,0.06354953348636627,0.13694684207439423,-0.45643511414527893,0.11789489537477493
1.906000018119812,-2.753999948501587,1.0786933898925781,0.11760857701301575,0.08285403996706009,0.04908210411667824,-0.22177502512931824,0.8807183504104614
1.906000018119812,-1.753999948501587,0.5983215570449829,5.797952175140381,0.058233268558979034,0.922957718372345,-0.05955954268574715,0.06459271162748337
1.906000018119812,-1.753999948501587,0.5569604635238647,2.635331392288208,0.10534515976905823,1.1671308279037476,0.05142291635274887,0.016980575397610664
1.906000018119812,-1.753999948501587,0.6203660368919373,5.027501106262207,0.017851687967777252,0.33484262228012085,0.19660942256450653,0.9184266924858093
1.906000018119812,-0.7540000081062317,0.7977132201194763,6.082261562347412,0.07430121302604675,1.6235532760620117,0.0925825759768486,0.1814754456281662
1.906000018119812,-0.7540000081062317,1.063854455947876,2.8715126514434814,0.2524164319038391,0.17712612450122833,0.18374712765216827,0.44388848543167114
1.906000018119812,-0.7540000081062317,0.931668758392334,0.07399271428585052,0.09730783849954605,0.11808747053146362,-0.13640601933002472,0.37463608384132385
1.906000018119812,0.2460000067949295,0.7026352882385254,0.45630133152008057,0.02211112156510353,1.3274897336959839,-0.041500043123960495,0.701958954334259
1.906000018119812,0.2460000067949295,0.876638650894165,2.5421762466430664,0.26397523283958435,1.656949520111084,0.30024346709251404,0.27016881108283997
1.906000018119812,0.2460000067949295,1.0233432054519653,6.146271705627441,0.15174709260463715,0.2425416111946106,-0.1551925092935562,0.027872206643223763
1.906000018119812,1.246000051498413,0.8152373433113098,5.3922905921936035,0.06347998976707458,2.0932366847991943,-0.04123033583164215,0.32524484395980835
1.906000018119812,1.246000051498413,1.1906458139419556,2.9892680644989014,0.1746671199798584,0.07044395059347153,-0.010885614901781082,0.3241788446903229
1.906000018119812,1.246000051498413,1.0354070663452148,0.034095827490091324,0.07316860556602478,0.059201665222644806,-0.18188229203224182,0.35057637095451355
1.906000018119812,2.246000051498413,0.7303580641746521,0.007079506292939186,0.04409034922719002,1.476571798324585,-0.15379197895526886,0.3463039696216583
1.906000018119812,2.246000051498413,1.2072070837020874,2.6056885719299316,0.14344686269760132,0.042109642177820206,0.12106358259916306,0.32355284690856934
1.906000018119812,2.246000051498413,1.0348830223083496,5.989727020263672,0.0777723640203476,0.07985947281122208,-0.07476387172937393,0.33014318346977234
1.906000018119812,3.246000051498413,0.8760315775871277,5.205669403076172,0.10593404620885849,1.403950810432434,-0.03703751415014267,0.15877841413021088
1.906000018119812,3.246000051498413,1.026650309562683,2.487964391708374,0.07349495589733124,0.07185928523540497,0.16182316839694977,0.45153337717056274
1.906000018119812,3.246000051498413,1.0557485818862915,5.915956974029541,0.06673774868249893,0.06789278239011765,-0.04160483554005623,0.3896881639957428
1.906000018119812,4.245999813079834,0.8951109647750854,5.729994773864746,0.05784013494849205,1.3001676797866821,-0.027745069935917854,0.1825207769870758
1.906000018119812,4.245999813079834,1.081028699874878,2.2593016624450684,0.07717351615428925,0.10029210150241852,0.11560658365488052,0.5012871623039246
1.906000018119812,4.245999813079834,1.0923211574554443,5.50090217590332,0.07677409052848816,0.08599833399057388,0.054106734693050385,0.31619203090667725
1.906000018119812,5.245999813079834,0.8335644602775574,0.2725680470466614,0.053353093564510345,1.4301388263702393,-0.021052056923508644,0.25895535945892334
1.906000018119812,5.245999813079834,1.1382873058319092,2.069624423980713,0.11278636753559113,0.08592953532934189,0.02966572903096676,0.4152560532093048
1.906000018119812,5.245999813079834,1.1769484281539917,5.253077983856201,0.12632690370082855,0.09659536927938461,0.09383051842451096,0.32578858733177185
1.906000018119812,6.245999813079834,0.7373949885368347,5.506180763244629,0.03773976489901543,1.2178748846054077,0.10730595886707306,0.16053546965122223
1.906000018119812,6.245999813079834,1.1384950876235962,2.0673155784606934,0.15606723725795746,0.10622221231460571,0.23726007342338562,0.49134859442710876
1.906000018119812,6.245999813079834,0.9552895426750183,5.014729022979736,0.05797184258699417,0.04961073026061058,0.1598522961139679,0.3481159210205078
1.906000018119812,7.245999813079834,0.8263456225395203,0.3971925973892212,0.10060497373342514,1.4651424884796143,-0.04146489128470421,0.15839041769504547
1.906000018119812,7.245999813079834,1.0475916862487793,1.967413306236267,0.10816328972578049,0.05157908797264099,-0.05114784464240074,0.3299064636230469
1.906000018119812,7.245999813079834,1.0695158243179321,5.136857986450195,0.10139603167772293,0.05539708584547043,0.07116139680147171,0.5117031931877136
1.906000018119812,8.246000289916992,0.875022828578949,5.7919816970825195,0.14298762381076813,1.3235570192337036,-0.0004910547286272049,0.0738464817404747
1.906000018119812,8.246000289916992,0.928019106388092,1.5793062448501587,0.09191128611564636,0.09717515856027603,0.04824555292725563,0.3601289689540863
1.906000018119812,8.246000289916992,0.766292154788971,5.008432388305664,0.05022600293159485,0.1628655195236206,0.1378343254327774,0.5660245418548584
1.906000018119812,9.246000289916992,0.5204816460609436,5.863241672515869,0.026757672429084778,0.8420025110244751,0.09163360297679901,0.012058151885867119
1.906000018119812,9.246000289916992,1.0505248308181763,0.954149603843689,0.10453712195158005,0.12912967801094055,0.10583510249853134,0.9878126978874207
1.906000018119812,9.246000289916992,1.0572900772094727,0.11796446144580841,0.6032079458236694,3.1178181171417236,0.1118776872754097,0.0001291346998186782
1.906000018119812,10.246000289916992,0.8535455465316772,1.7868062257766724,0.2605206370353699,0.7590068578720093,-0.003415293525904417,0.024384472519159317
1.906000018119812,10.246000289916992,0.9929339289665222,1.0993086099624634,0.06709819287061691,0.10650108009576797,0.038020603358745575,0.579500138759613
1.906000018119812,10.246000289916992,1.085859775543213,0.8185378313064575,0.24617241322994232,0.15313149988651276,0.0789429098367691,0.3961152732372284
1.906000018119812,11.246000289916992,0.9774147868156433,4.680590629577637,0.35191163420677185,0.5424482226371765,0.07787655293941498,0.01144653931260109
1.906000018119812,11.246000289916992,0.9887073040008545,1.328306794166565,0.037200480699539185,0.05276375636458397,0.04734984412789345,0.6945174336433411
1.906000018119812,11.246000289916992,1.2057616710662842,0.956234335899353,0.4030812382698059,0.11081141978502274,0.2640799582004547,0.29403606057167053
2.9059998989105225,-1.753999948501587,0.521078884601593,3.7162857055664062,0.0287487655878067,1.0249497890472412,0.09346778690814972,0.3155953586101532
2.9059998989105225,-1.753999948501587,0.6202452182769775,2.714158535003662,0.12061600387096405,0.74366694688797,0.051898133009672165,0.010593347251415253
2.9059998989105225,-1.753999948501587,0.611625075340271,5.968174457550049,0.028725292533636093,0.18659836053848267,-0.03879471495747566,0.6738112568855286
2.9059998989105225,-0.7540000081062317,0.7050814628601074,5.725902557373047,0.05153642222285271,1.4889017343521118,-0.00820875633507967,0.13621671497821808
2.9059998989105225,-0.7540000081062317,1.1391608715057373,2.813176393508911,0.2094549685716629,0.13867267966270447,0.2688722610473633,0.47265195846557617
2.9059998989105225,-0.7540000081062317,1.0959594249725342,0.17488950490951538,0.10346577316522598,0.042120132595300674,-0.11200617253780365,0.39113131165504456
2.9059998989105225,0.2460000067949295,0.6769102215766907,5.336007595062256,0.018981143832206726,1.4902652502059937,0.023156646639108658,0.44066837430000305
2.9059998989105225,0.2460000067949295,0.9319760799407959,2.2534923553466797,0.20796220004558563,0.9443694353103638,0.20416803658008575,0.519433856010437
2.9059998989105225,0.2460000067949295,0.9964614510536194,5.6192498207092285,0.13333621621131897,0.1382756531238556,-0.13734397292137146,0.03989776596426964
2.9059998989105225,1.246000051498413,0.7879448533058167,5.220221042633057,0.06454121321439743,1.9353044033050537,-0.1286587417125702,0.22657057642936707
2.9059998989105225,1.246000051498413,1.2278594970703125,2.5643110275268555,0.15837888419628143,0.029638275504112244,-0.033279918134212494,0.35206711292266846
2.9059998989105225,1.246000051498413,1.1695703268051147,5.893123626708984,0.11470877379179001,0.06691373884677887,-0.21634215116500854,0.42136234045028687
2.9059998989105225,2.246000051498413,0.8654078841209412,0.259269118309021,0.103829525411129,1.656057357788086,-0.1070050448179245,0.1241392195224762
2.9059998989105225,2.246000051498413,1.2250773906707764,2.4960665702819824,0.12880374491214752,0.05196663737297058,0.09438082575798035,0.48546797037124634
2.9059998989105225,2.246000051498413,1.0055381059646606,5.78754186630249,0.06617891788482666,0.11018814891576767,-0.028309689834713936,0.39039283990859985
2.9059998989105225,3.246000051498413,0.8676321506500244,5.293480396270752,0.10141102224588394,1.3805962800979614,-0.03760252892971039,0.1675163060426712
2.9059998989105225,3.246000051498413,1.0480324029922485,2.373467206954956,0.09133938699960709,0.07850407063961029,0.1330115795135498,0.4737984538078308
2.9059998989105225,3.246000051498413,0.9926234483718872,5.719549655914307,0.06411297619342804,0.0917413979768753,-0.028331603854894638,0.3586852550506592
2.9059998989105225,4.245999813079834,0.8971702456474304,5.72489070892334,0.07072171568870544,1.274824857711792,-0.0441778190433979,0.12148580700159073
2.9059998989105225,4.245999813079834,1.0701202154159546,2.173051357269287,0.06937225908041,0.07884316891431808,0.038554392755031586,0.5428449511528015
2.9059998989105225,4.245999813079834,1.0953391790390015,5.386361598968506,0.07694867253303528,0.07705430686473846,-0.01522561814635992,0.33566921949386597
2.9059998989105225,5.245999813079834,0.7351232767105103,0.29889941215515137,0.04932742938399315,1.765684962272644,-0.10592510551214218,0.17366556823253632
2.9059998989105225,5.245999813079834,1.148715853691101,2.018043279647827,0.12141095846891403,0.07350701093673706,0.0031523394864052534,0.4794626832008362
2.9059998989105225,5.245999813079834,1.1962916851043701,5.490969657897949,0.17860423028469086,0.06035657972097397,0.11265046894550323,0.34687182307243347
2.9059998989105225,6.245999813079834,0.5923193693161011,1.4703388214111328,0.018041089177131653,0.8699206113815308,-0.08076842129230499,0.3957969844341278
2.9059998989105225,6.245999813079834,1.1199010610580444,1.7786611318588257,0.21918132901191711,0.10430553555488586,0.17702387273311615,0.44907674193382263
2.9059998989105225,6.245999813079834,1.061659336090088,5.726623058319092,0.24747180938720703,0.08425229787826538,0.2504630386829376,0.15512621402740479
2.9059998989105225,7.245999813079834,0.6054103374481201,1.0476001501083374,0.011853602714836597,0.8508105278015137,0.014658923260867596,0.7483766078948975
2.9059998989105225,7.245999813079834,1.1029729843139648,1.7671376466751099,0.22650811076164246,0.06821854412555695,0.08851513266563416,0.22216063737869263
2.9059998989105225,7.245999813079834,0.9170545339584351,5.162402153015137,0.13413769006729126,0.19439531862735748,0.06437081098556519,0.02946275658905506
2.9059998989105225,8.246000289916992,0.7269772291183472,0.27115100622177124,0.061374299228191376,1.9641215801239014,0.014730575494468212,0.18565908074378967
2.9059998989105225,8.246000289916992,0.8715855479240417,2.166093111038208,0.12878912687301636,0.0577877014875412,0.1216893270611763,0.5117899179458618
2.9059998989105225,8.246000289916992,0.8482807874679565,5.498733997344971,0.10612154006958008,0.08337991684675217,-0.0029500117525458336,0.3025509715080261
2.9059998989105225,9.246000289916992,0.7544257044792175,1.1720038652420044,0.10645578801631927,0.9809685349464417,0.04626156762242317,0.009955628775060177
2.9059998989105225,9.246000289916992,0.899539589881897,0.8589845299720764,0.09589122235774994,0.16266904771327972,0.06693363189697266,0.9895285964012146
2.9059998989105225,9.246000289916992,0.9106395840644836,0.009345579892396927,0.3194153606891632,3.313293933868408,0.023134686052799225,0.0005157575360499322
2.9059998989105225,10.246000289916992,0.8047958612442017,6.170503616333008,0.10373923927545547,0.771976113319397,0.18348906934261322,0.01046920008957386
2.9059998989105225,10.246000289916992,0.988684892654419,0.7929762005805969,0.0692186951637268,0.07666467130184174,0.09968677163124084,0.9883081316947937
2.9059998989105225,10.246000289916992,0.9889326095581055,1.2120411396026611,0.3421523869037628,0.09663524478673935,0.04652838036417961,0.0012226778781041503
2.9059998989105225,11.246000289916992,1.1206705570220947,6.0251641273498535,0.3229805827140808,0.4043179750442505,-0.012497029267251492,0.04718403518199921
2.9059998989105225,11.246000289916992,1.1594141721725464,1.1311955451965332,0.08143261820077896,0.051350776106119156,0.04141891747713089,0.30367225408554077
2.9059998989105225,11.246000289916992,1.2084405422210693,0.5088426470756531,0.17958411574363708,0.021602192893624306,0.28260356187820435,0.6491436958312988
3.9059998989105225,-2.753999948501587,0.9468405842781067,5.973278045654297,0.08284392952919006,0.7486839890480042,0.12168990075588226,0.10457522422075272
3.9059998989105225,-2.753999948501587,0.9173517227172852,2.926020383834839,0.3332537114620209,1.5077913999557495,0.05398708954453468,0.020997855812311172
3.9059998989105225,-2.753999948501587,0.8434230089187622,5.731322288513184,0.0809422954916954,0.30809256434440613,0.008279524743556976,0.8744269013404846
3.9059998989105225,-1.753999948501587,0.582006573677063,4.118644714355469,0.012264992110431194,0.9248639345169067,0.1733790636062622,0.8340131640434265
3.9059998989105225,-1.753999948501587,0.7536771297454834,2.876171350479126,0.29550719261169434,0.6662108302116394,0.06863776594400406,0.004644231405109167
3.9059998989105225,-1.753999948501587,0.7650217413902283,5.558148384094238,0.08055584877729416,0.1409054547548294,0.05655831843614578,0.16134266555309296
3.9059998989105225,-0.7540000081062317,0.6589630842208862,5.348781108856201,0.04368852451443672,1.6980788707733154,-0.052911244332790375,0.20240084826946259
3.9059998989105225,-0.7540000081062317,0.86795574426651,2.633143901824951,0.13430871069431305,0.26069802045822144,0.28898826241493225,0.42273321747779846
3.9059998989105225,-0.7540000081062317,1.023404836654663,0.09754207730293274,0.11255218088626862,0.03259964659810066,-0.0524100698530674,0.37486597895622253
3.9059998989105225,0.2460000067949295,0.7442854642868042,5.669256687164307,0.043441008776426315,2.0633978843688965,-0.022792182862758636,0.14924269914627075
3.9059998989105225,0.2460000067949295,1.0997511148452759,2.419468879699707,0.129498690366745,0.05888219550251961,0.19075468182563782,0.469148188829422
3.9059998989105225,0.2460000067949295,1.1418176889419556,5.549210548400879,0.09451523423194885,0.031027205288410187,-0.07117808610200882,0.38160908222198486
3.9059998989105225,1.246000051498413,0.9431076645851135,5.672717094421387,0.18702955543994904,1.5906587839126587,-0.07190510630607605,0.16805537045001984
3.9059998989105225,1.246000051498413,1.156036138534546,2.4788243770599365,0.10385631769895554,0.041391804814338684,0.07224439084529877,0.4639124572277069
3.9059998989105225,1.246000051498413,1.1185548305511475,5.708353519439697,0.0903780609369278,0.06555458903312683,-0.09987923502922058,0.36803221702575684
3.9059998989105225,2.246000051498413,0.9498761296272278,5.38047456741333,0.20663630962371826,1.7045097351074219,-0.03201768919825554,0.09438688308000565
3.9059998989105225,2.246000051498413,1.1982231140136719,2.376143455505371,0.1272495687007904,0.05959794670343399,0.05739957094192505,0.4757198691368103
3.9059998989105225,2.246000051498413,1.0183995962142944,5.647717475891113,0.06973552703857422,0.1223430335521698,-0.06381513923406601,0.42989322543144226
3.9059998989105225,3.246000051498413,0.8532570004463196,5.989190578460693,0.06874220073223114,1.260231852531433,-0.046279728412628174,0.1444592922925949
3.9059998989105225,3.246000051498413,1.151320219039917,2.24539852142334,0.13688480854034424,0.08866431564092636,0.11186270415782928,0.514660120010376
3.9059998989105225,3.246000051498413,1.0058754682540894,5.468155860900879,0.07391693443059921,0.12111949920654297,-0.012451843358576298,0.3408806324005127
3.9059998989105225,4.245999813079834,0.7517796754837036,4.972601413726807,0.04206005483865738,1.0997544527053833,0.028881678357720375,0.24437583982944489
3.9059998989105225,4.245999813079834,1.1433695554733276,2.0018856525421143,0.139169380068779,0.0932701826095581,-0.00157543970271945,0.43483594059944153
3.9059998989105225,4.245999813079834,1.1575549840927124,5.238766670227051,0.12601754069328308,0.07828792929649353,0.07499285042285919,0.32078826427459717
3.9059998989105225,5.245999813079834,0.6474151611328125,1.576798439025879,0.026715200394392014,1.3017520904541016,-0.1592397391796112,0.18219034373760223
3.9059998989105225,5.245999813079834,0.9225521683692932,1.7547513246536255,0.13384640216827393,0.1654181182384491,0.17147564888000488,0.7128375768661499
3.9059998989105225,5.245999813079834,1.085527777671814,5.752415180206299,0.24454271793365479,0.10770757496356964,0.0025577920023351908,0.10497196763753891
3.9059998989105225,6.245999813079834,0.8545612692832947,2.764211654663086,0.18836665153503418,0.909089207649231,-0.023225240409374237,0.005205508321523666
3.9059998989105225,6.245999813079834,0.9647954702377319,1.612199306488037,0.1179557517170906,0.13777314126491547,0.08094614744186401,0.989008367061615
3.9059998989105225,6.245999813079834,1.1972655057907104,0.5254777073860168,0.5531296133995056,0.11695405095815659,0.15339098870754242,0.0057860855013132095
3.9059998989105225,7.245999813079834,0.5247707962989807,4.485881805419922,0.015045573003590107,0.51724773645401,0.02709018811583519,0.0056032645516097546
3.9059998989105225,7.245999813079834,1.0431487560272217,1.307672142982483,0.14795400202274323,0.08503299206495285,0.17726020514965057,0.9943838119506836
3.9059998989105225,7.245999813079834,0.7962353229522705,6.082880020141602,0.4979574978351593,2.3968803882598877,0.033667124807834625,1.2938711734022945e-05
4.906000137329102,-4.754000186920166,0.6100119352340698,3.6114425659179688,0.17893758416175842,0.4119974672794342,0.02032957412302494,0.004808151628822088
4.906000137329102,-4.754000186920166,0.5620712637901306,3.3270928859710693,0.22815173864364624,2.2255303859710693,0.22526706755161285,0.0011048385640606284
4.906000137329102,-4.754000186920166,0.5502298474311829,4.563784599304199,0.02748914435505867,0.14888359606266022,0.08807923644781113,0.9940869808197021
4.906000137329102,-3.753999948501587,0.5918149352073669,5.679647922515869,0.04512350633740425,0.8102686405181885,-0.1225881576538086,0.002977557945996523
4.906000137329102,-3.753999948501587,0.6549845933914185,2.865241289138794,0.12520457804203033,0.6688072681427002,-0.05584591627120972,0.001481706858612597
4.906000137329102,-3.753999948501587,0.7172297835350037,4.840231418609619,0.02000921405851841,0.09232913702726364,-0.13259495794773102,0.9955406785011292
4.906000137329102,-2.753999948501587,1.2066874504089355,6.102102756500244,0.22264376282691956,0.4564971327781677,0.0021894737146794796,0.2540186941623688
4.906000137329102,-2.753999948501587,0.9601563811302185,2.512661933898926,0.16873793303966522,1.2053420543670654,0.08494175970554352,0.03354921564459801
4.906000137329102,-2.753999948501587,0.8236615657806396,4.721755504608154,0.03267523646354675,0.2869114279747009,0.1335054486989975,0.7124320268630981
4.906000137329102,-1.753999948501587,0.680038332939148,5.9131951332092285,0.03127690777182579,1.3048045635223389,0.06262742727994919,0.537865936756134
4.906000137329102,-1.753999948501587,0.8712350130081177,2.54630184173584,0.20755013823509216,0.19739747047424316,0.14060473442077637,0.06356894969940186
4.906000137329102,-1.753999948501587,0.9644910097122192,5.193414688110352,0.10923448950052261,0.10011784732341766,0.19872534275054932,0.3985650837421417
4.906000137329102,-0.7540000081062317,0.8334606289863586,6.009016513824463,0.06873135268688202,2.0122532844543457,-0.07299526035785675,0.26824790239334106
4.906000137329102,-0.7540000081062317,1.0264592170715332,2.4307639598846436,0.11636045575141907,0.09151149541139603,0.1475544571876526,0.26221132278442383
4.906000137329102,-0.7540000081062317,1.1105116605758667,5.7347731590271,0.08380919694900513,0.028160158544778824,-0.05032831057906151,0.46954071521759033
4.906000137329102,0.2460000067949295,0.8622435331344604,4.936398983001709,0.22823338210582733,1.6621638536453247,-0.022319326177239418,0.07858695089817047
4.906000137329102,0.2460000067949295,1.0862287282943726,2.430795431137085,0.08921206742525101,0.03516381233930588,0.13194184005260468,0.5029605627059937
4.906000137329102,0.2460000067949295,1.0771727561950684,5.737361907958984,0.08067578077316284,0.04031350836157799,-0.023492079228162766,0.41845253109931946
4.906000137329102,1.246000051498413,0.947677731513977,5.424521446228027,0.2514740228652954,1.6606677770614624,-0.04035788029432297,0.11991453915834427
4.906000137329102,1.246000051498413,1.1210240125656128,2.36944842338562,0.09695382416248322,0.05484452843666077,0.07924207299947739,0.5259379148483276
4.906000137329102,1.246000051498413,1.080519676208496,5.616325855255127,0.08495418727397919,0.0638435110449791,-0.04377184808254242,0.3541475534439087
4.906000137329102,2.246000051498413,1.0574874877929688,4.673282623291016,0.40274977684020996,1.7679195404052734,0.04939543828368187,0.0979202464222908
4.906000137329102,2.246000051498413,1.1187684535980225,2.308079719543457,0.1020490750670433,0.07875676453113556,0.06922903656959534,0.46449682116508484
4.906000137329102,2.246000051498413,1.065712809562683,5.530665397644043,0.0803585797548294,0.1266487091779709,-0.030099935829639435,0.43758293986320496
4.906000137329102,3.246000051498413,0.8887414336204529,5.690432071685791,0.0980226919054985,1.1373586654663086,-0.04077136889100075,0.10520736873149872
4.906000137329102,3.246000051498413,1.1292659044265747,2.16048526763916,0.12214519828557968,0.09332886338233948,0.09359760582447052,0.5284813046455383
4.906000137329102,3.246000051498413,1.052890419960022,5.352927207946777,0.08879843354225159,0.12021166831254959,0.00216045998968184,0.36631137132644653
4.906000137329102,4.245999813079834,0.6397615075111389,4.45084810256958,0.03334508091211319,1.2650794982910156,-0.03548957780003548,0.21881930530071259
4.906000137329102,4.245999813079834,1.0706932544708252,1.875413179397583,0.1514301747083664,0.07501999288797379,0.09983022511005402,0.7434313297271729
4.906000137329102,4.245999813079834,1.049811840057373,5.443922519683838,0.21815621852874756,0.2009870707988739,0.015828965231776237,0.03774939104914665
4.906000137329102,5.245999813079834,0.5914566516876221,1.6956212520599365,0.026690732687711716,0.9971751570701599,-0.10476861894130707,0.09907608479261398
4.906000137329102,5.245999813079834,0.8400936126708984,1.7688555717468262,0.15785478055477142,0.1216675192117691,0.04318162426352501,0.8922938704490662
4.906000137329102,5.245999813079834,0.9254046082496643,5.690766334533691,0.26792386174201965,0.32083576917648315,-0.07846459746360779,0.008630125783383846
4.906000137329102,6.245999813079834,0.8854883313179016,1.8345035314559937,0.22877858579158783,1.1673684120178223,0.021992361173033714,0.0027893122751265764
4.906000137329102,6.245999813079834,1.0275379419326782,1.811144471168518,0.12881477177143097,0.0985388532280922,-0.05287964642047882,0.9960365891456604
4.906000137329102,6.245999813079834,1.2085611820220947,0.054283902049064636,0.533353865146637,0.31790992617607117,0.16064967215061188,0.001174058299511671
4.906000137329102,7.245999813079834,0.5337542295455933,4.556097984313965,0.01660899631679058,0.8239318132400513,-0.03392253443598747,0.0020717568695545197
4.906000137329102,7.245999813079834,1.0597199201583862,1.6348952054977417,0.15904460847377777,0.04959891363978386,0.2532680928707123,0.9979214072227478
4.906000137329102,7.245999813079834,0.8535947203636169,5.915297031402588,0.533905029296875,2.3836748600006104,0.059166859835386276,6.933661097718868e-06
5.906000137329102,-5.754000186920166,0.9464812874794006,2.633798360824585,0.2319507598876953,2.5635857582092285,0.047270987182855606,0.05419061332941055
5.906000137329102,-5.754000186920166,1.1212574243545532,3.523380994796753,0.08326473087072372,0.014415862038731575,0.2781088650226593,0.9452951550483704
5.906000137329102,-5.754000186920166,1.1111407279968262,0.028732910752296448,0.22321178019046783,0.25549671053886414,-0.009163260459899902,0.0005142203881405294
5.906000137329102,-4.754000186920166,1.03634774684906,0.14855490624904633,0.2871498763561249,0.709999144077301,-0.06717189401388168,0.08294092863798141
5.906000137329102,-4.754000186920166,0.9795113205909729,2.2450385093688965,0.08604636788368225,0.07870343327522278,0.1636510044336319,0.2146570086479187
5.906000137329102,-4.754000186920166,0.7702663540840149,5.133729934692383,0.032525476068258286,0.06026715040206909,0.0051697297021746635,0.7024020552635193
5.906000137329102,-3.753999948501587,0.7787628769874573,5.277101516723633,0.05441776290535927,1.0280364751815796,-0.0820285826921463,0.15784214437007904
5.906000137329102,-3.753999948501587,0.7122758626937866,2.1549172401428223,0.07617875188589096,1.0672117471694946,0.0701451450586319,0.06657141447067261
5.906000137329102,-3.753999948501587,0.8036606311798096,5.063757419586182,0.029558483511209488,0.13419686257839203,-0.10832009464502335,0.7755864262580872
5.906000137329102,-2.753999948501587,0.8265801072120667,4.75570011138916,0.11251910030841827,0.6870348453521729,-0.006276638712733984,0.29751652479171753
5.906000137329102,-2.753999948501587,0.6740677952766418,2.3917007446289062,0.08814387768507004,1.0839134454727173,-0.12000785022974014,0.17288953065872192
5.906000137329102,-2.753999948501587,0.6634508967399597,4.601188659667969,0.0401880256831646,0.5223972201347351,-0.05186329409480095,0.5295939445495605
5.906000137329102,-1.753999948501587,0.7488237023353577,5.856527328491211,0.05219424143433571,1.541225790977478,-0.003021536860615015,0.18836276233196259
5.906000137329102,-1.753999948501587,1.1104614734649658,2.439404010772705,0.11718001961708069,0.03091527707874775,0.0640643835067749,0.30322811007499695
5.906000137329102,-1.753999948501587,1.0927969217300415,5.601120471954346,0.0923663005232811,0.04572257399559021,0.014345819130539894,0.5084090232849121
5.906000137329102,-0.7540000081062317,0.9357984662055969,1.2546510696411133,0.1772337555885315,2.42147159576416,-0.058693777769804,0.06695997714996338
5.906000137329102,-0.7540000081062317,1.1369295120239258,2.4029085636138916,0.09056562930345535,0.028906142339110374,0.017367156222462654,0.4864189922809601
5.906000137329102,-0.7540000081062317,1.11919367313385,5.608682632446289,0.07928184419870377,0.039570052176713943,0.0003090280224569142,0.44662097096443176
5.906000137329102,0.2460000067949295,0.9087617993354797,5.534106254577637,0.1629641205072403,1.8008984327316284,-0.08372246474027634,0.11978783458471298
5.906000137329102,0.2460000067949295,1.1624839305877686,2.3837544918060303,0.09123893827199936,0.030292639508843422,0.03281015157699585,0.48115259408950806
5.906000137329102,0.2460000067949295,1.1307458877563477,5.628359794616699,0.07470236718654633,0.04134353622794151,-0.10469432175159454,0.39905956387519836
5.906000137329102,1.246000051498413,0.7941205501556396,5.91176700592041,0.08809702098369598,1.7333136796951294,-0.06747347861528397,0.2342488169670105
5.906000137329102,1.246000051498413,1.0748883485794067,2.2475640773773193,0.10541907697916031,0.07454672455787659,0.06477750837802887,0.4024706184864044
5.906000137329102,1.246000051498413,1.0389838218688965,5.452141761779785,0.087307408452034,0.0753168985247612,-0.031157758086919785,0.3632805645465851
5.906000137329102,2.246000051498413,0.7642830610275269,5.681276798248291,0.055880431085824966,1.3646528720855713,-0.09155749529600143,0.22448936104774475
5.906000137329102,2.246000051498413,1.1982938051223755,2.171750545501709,0.13451293110847473,0.06837980449199677,0.06902080774307251,0.42123544216156006
5.906000137329102,2.246000051498413,1.0566498041152954,5.426709175109863,0.09454286843538284,0.11970772594213486,-0.03435602784156799,0.3542752265930176
5.906000137329102,3.246000051498413,0.7103955745697021,5.292198181152344,0.04373111575841904,1.008305311203003,-0.09193563461303711,0.2088942974805832
5.906000137329102,3.246000051498413,1.1359089612960815,2.010014772415161,0.12381540238857269,0.04619121178984642,-0.0071171182207763195,0.6557342410087585
5.906000137329102,3.246000051498413,1.0637354850769043,5.105225086212158,0.14352169632911682,0.18544797599315643,0.08273492753505707,0.13537149131298065
5.906000137329102,4.245999813079834,0.5542902946472168,5.749811172485352,0.022204378619790077,1.1223350763320923,-0.07905614376068115,0.2488124966621399
5.906000137329102,4.245999813079834,1.0748035907745361,1.9542205333709717,0.18666554987430573,0.06308124959468842,0.0713682696223259,0.6728003621101379
5.906000137329102,4.245999813079834,0.9727159142494202,5.027451038360596,0.14039498567581177,0.18413054943084717,0.10937637090682983,0.07838711887598038
5.906000137329102,5.245999813079834,0.5712094902992249,1.1903175115585327,0.03635569289326668,1.5564700365066528,-0.10454551875591278,0.0516098253428936
5.906000137329102,5.245999813079834,0.9792463183403015,1.902048110961914,0.15597108006477356,0.04469455033540726,0.11615289002656937,0.9449688792228699
5.906000137329102,5.245999813079834,0.9628112316131592,5.720423221588135,0.24871116876602173,0.24494333565235138,-0.00012309194426052272,0.0034212558530271053
5.906000137329102,6.245999813079834,0.6473582983016968,1.3314117193222046,0.06797486543655396,1.559963583946228,-0.033754076808691025,0.038589607924222946
5.906000137329102,6.245999813079834,1.010567307472229,2.169767141342163,0.15293851494789124,0.03369375318288803,0.035767849534749985,0.959753155708313
5.906000137329102,6.245999813079834,0.970763087272644,5.3974609375,0.22273299098014832,0.3849546015262604,-0.01968538388609886,0.0016572311287745833
5.906000137329102,7.245999813079834,0.5945844650268555,5.857703685760498,0.03311704471707344,1.1457479000091553,-0.027089737355709076,0.00896034948527813
5.906000137329102,7.245999813079834,1.1339731216430664,2.020552635192871,0.1882990300655365,0.0343853123486042,0.20171993970870972,0.9904199242591858
5.906000137329102,7.245999813079834,1.0579816102981567,5.117473602294922,0.2491857260465622,0.558667004108429,0.08381427824497223,0.0006197005277499557
5.906000137329102,8.246000289916992,0.5357484817504883,6.003925800323486,0.04933728650212288,2.2719614505767822,0.09567716717720032,0.003619586583226919
5.906000137329102,8.246000289916992,1.1279550790786743,1.8000173568725586,0.1038995310664177,0.012608579359948635,0.0028198363725095987,0.995900571346283
5.906000137329102,8.246000289916992,1.217578649520874,5.670207977294922,0.31327635049819946,0.18412725627422333,-0.10860487818717957,0.00047985740820877254
6.906000137329102,-6.754000186920166,1.3298518657684326,2.069139003753662,2.007535696029663,1.5308705568313599,-0.061419516801834106,0.011827324517071247
6.906000137329102,-6.754000186920166,1.425328254699707,3.502667188644409,0.23765558004379272,0.023869536817073822,0.3063107132911682,0.35006728768348694
6.906000137329102,-6.754000186920166,1.2296608686447144,5.404642581939697,0.04723500832915306,0.03138691186904907,-0.19805990159511566,0.6381053924560547
6.906000137329102,-5.754000186920166,1.173910140991211,5.845651626586914,0.9253880977630615,2.014734983444214,0.20491598546504974,0.033437199890613556
6.906000137329102,-5.754000186920166,0.6971649527549744,4.327624797821045,0.10836289823055267,0.5580670833587646,0.5197837948799133,0.959258496761322
6.906000137329102,-5.754000186920166,0.7859905362129211,5.6301751136779785,0.17305101454257965,2.5131759643554688,0.14933037757873535,0.007304233033210039
6.906000137329102,-4.754000186920166,0.7592833638191223,4.591090679168701,0.04082394018769264,0.8996894955635071,-0.06299642473459244,0.3928135931491852
6.906000137329102,-4.754000186920166,0.6439931988716125,2.0653493404388428,0.05377848446369171,0.4105565845966339,0.30031949281692505,0.5291722416877747
6.906000137329102,-4.754000186920166,0.712864339351654,4.690528869628906,0.039747454226017,0.6366637945175171,0.03300568461418152,0.07801420241594315
6.906000137329102,-3.753999948501587,0.746064305305481,3.9864165782928467,0.09206651896238327,1.2942757606506348,-0.017772983759641647,0.4666807949542999
6.906000137329102,-3.753999948501587,0.8492991924285889,2.1907825469970703,0.17386510968208313,0.272870808839798,-0.02154465764760971,0.24093671143054962
6.906000137329102,-3.753999948501587,0.8871650695800781,5.049097537994385,0.07584963738918304,0.10840196907520294,-0.11456073075532913,0.2923824191093445
6.906000137329102,-2.753999948501587,0.7588621377944946,6.068597316741943,0.05668457970023155,2.0179150104522705,-0.027608536183834076,0.20711031556129456
6.906000137329102,-2.753999948501587,1.1023285388946533,2.332392454147339,0.14951077103614807,0.0498315766453743,0.18461501598358154,0.2671818137168884
6.906000137329102,-2.753999948501587,1.0569219589233398,5.568164348602295,0.08337584137916565,0.04806385189294815,0.048011329025030136,0.5257078409194946
6.906000137329102,-1.753999948501587,0.8951767683029175,0.04865166172385216,0.08630461245775223,1.2314344644546509,-0.05230966582894325,0.07651696354150772
6.906000137329102,-1.753999948501587,1.2284867763519287,2.3684985637664795,0.11961714178323746,0.03026832453906536,0.13250739872455597,0.5431272387504578
6.906000137329102,-1.753999948501587,1.1695935726165771,5.5032477378845215,0.07995834946632385,0.04377755895256996,0.014678803272545338,0.38035574555397034
6.906000137329102,-0.7540000081062317,0.93284010887146,0.6378555297851562,0.17059144377708435,2.066704750061035,-0.0349075011909008,0.07449061423540115
6.906000137329102,-0.7540000081062317,1.1340378522872925,2.3391923904418945,0.10762535035610199,0.03398067504167557,0.04189433157444,0.5079905390739441
6.906000137329102,-0.7540000081062317,1.1177442073822021,5.529669761657715,0.07597795873880386,0.04493213817477226,-0.013736294582486153,0.41751882433891296
6.906000137329102,0.2460000067949295,0.8459806442260742,6.255028247833252,0.08527308702468872,1.5607128143310547,-0.07818717509508133,0.19517141580581665
6.906000137329102,0.2460000067949295,1.182295560836792,2.2875683307647705,0.12314855307340622,0.04724147543311119,0.050527527928352356,0.4206429123878479
6.906000137329102,0.2460000067949295,1.0925588607788086,5.479975700378418,0.07845620810985565,0.0674067884683609,-0.06247827410697937,0.3841857314109802
6.906000137329102,1.246000051498413,0.7581045031547546,6.160167694091797,0.05753939598798752,1.720808506011963,-0.06284356117248535,0.26984480023384094
6.906000137329102,1.246000051498413,1.173446774482727,2.170363426208496,0.14530260860919952,0.0786082074046135,0.1844436228275299,0.4037216305732727
6.906000137329102,1.246000051498413,1.0754414796829224,5.289649963378906,0.08776453137397766,0.04542628675699234,-0.0426376610994339,0.32643353939056396
6.906000137329102,2.246000051498413,0.5645083785057068,3.839879274368286,0.01715332642197609,0.993061900138855,-0.07612981647253036,0.5200261473655701
6.906000137329102,2.246000051498413,1.1716476678848267,2.0267655849456787,0.13349522650241852,0.0699707493185997,-0.06682959944009781,0.2617134749889374
6.906000137329102,2.246000051498413,1.1793208122253418,5.246667861938477,0.150306835770607,0.0844532921910286,-0.019565695896744728,0.21826031804084778
6.906000137329102,3.246000051498413,0.7790042161941528,5.334193229675293,0.07102306187152863,1.4167914390563965,-0.03854621946811676,0.08510887622833252
6.906000137329102,3.246000051498413,1.137539029121399,2.1112489700317383,0.1708129346370697,0.05834227800369263,-0.02018546871840954,0.1429496556520462
6.906000137329102,3.246000051498413,1.0668106079101562,4.598040580749512,0.0821714848279953,0.056948646903038025,0.12077117711305618,0.7719414234161377
6.906000137329102,4.245999813079834,0.7982507944107056,0.9658128619194031,0.09078038483858109,1.6992805004119873,-0.13461436331272125,0.05236669257283211
6.906000137329102,4.245999813079834,1.191626787185669,1.9539949893951416,0.16216270625591278,0.03657502308487892,0.06736226379871368,0.6456071734428406
6.906000137329102,4.245999813079834,0.9921359419822693,4.8828911781311035,0.06786628812551498,0.05677038058638573,0.06283960491418839,0.3020261526107788
6.906000137329102,5.245999813079834,0.6376239061355591,0.22384071350097656,0.0700313150882721,1.6916193962097168,-0.04258351027965546,0.01615421660244465
6.906000137329102,5.245999813079834,1.0691232681274414,1.703503131866455,0.09897352010011673,0.03160287067294121,0.12516392767429352,0.9797168374061584
6.906000137329102,5.245999813079834,1.0154510736465454,5.933829307556152,0.1666146218776703,0.11492280662059784,-0.018723847344517708,0.004128915257751942
6.906000137329102,6.245999813079834,0.5783489942550659,0.15707357227802277,0.05186568573117256,1.4882766008377075,-0.02993442863225937,0.01350135263055563
6.906000137329102,6.245999813079834,1.0240423679351807,1.475730299949646,0.07419997453689575,0.028880447149276733,0.123819999396801,0.9860675930976868
6.906000137329102,6.245999813079834,0.9429906606674194,6.2125115394592285,0.17815084755420685,0.3970167338848114,-0.09954862296581268,0.0004310571530368179
6.906000137329102,7.245999813079834,0.6356210708618164,0.03865298256278038,0.03296837955713272,0.919166088104248,0.012975378893315792,0.013409394770860672
6.906000137329102,7.245999813079834,1.1233938932418823,1.7304924726486206,0.14839968085289001,0.0568278543651104,0.11723870038986206,0.9841062426567078
6.906000137329102,7.245999813079834,1.1269456148147583,4.997674465179443,0.27748581767082214,0.816869854927063,0.1879955381155014,0.0024843192659318447
6.906000137329102,8.246000289916992,0.6105066537857056,5.698129653930664,0.05131736397743225,0.909588634967804,0.03793054446578026,0.16256089508533478
6.906000137329102,8.246000289916992,1.059187412261963,1.7744121551513672,0.15444374084472656,0.02573455311357975,-0.162122905254364,0.7575682997703552
6.906000137329102,8.246000289916992,1.2048810720443726,5.11062479019165,0.2765519320964813,0.1129908412694931,0.12318944185972214,0.07987083494663239
7.906000137329102,-6.754000186920166,0.9218748807907104,5.117955684661865,0.417303204536438,1.080841064453125,0.04424729570746422,0.09754915535449982
7.906000137329102,-6.754000186920166,0.8153437376022339,3.5216050148010254,0.13025671243667603,0.2146468609571457,0.13119441270828247,0.1792594939470291
7.906000137329102,-6.754000186920166,0.8641896843910217,4.785992622375488,0.04623633250594139,0.04052919149398804,0.10646151751279831,0.7231913208961487
7.906000137329102,-5.754000186920166,1.11203932762146,3.2084624767303467,0.20778289437294006,1.2021434307098389,0.11970744282007217,0.3173098564147949
7.906000137329102,-5.754000186920166,0.69364333152771,3.7770683765411377,0.025125758722424507,0.973716676235199,0.41800418496131897,0.5290430784225464
7.906000137329102,-5.754000186920166,0.7269736528396606,5.174497127532959,0.02019697055220604,0.3296603262424469,0.0986117497086525,0.1536470204591751
7.906000137329102,-4.754000186920166,0.7002960443496704,4.345371723175049,0.02666127309203148,0.8129643201828003,0.07120977342128754,0.7597405314445496
7.906000137329102,-4.754000186920166,0.916885256767273,2.197420358657837,0.11313532292842865,0.09099111706018448,0.08923189342021942,0.0813358724117279
7.906000137329102,-4.754000186920166,0.9201708436012268,5.15904426574707,0.07362157851457596,0.10553807765245438,0.03130268678069115,0.1589236557483673
7.906000137329102,-3.753999948501587,0.780746340751648,5.484076499938965,0.08494942635297775,2.236420154571533,-0.01469150185585022,0.0627208799123764
7.906000137329102,-3.753999948501587,1.120160460472107,2.3984265327453613,0.10429275780916214,0.03379349410533905,0.050134941935539246,0.28856489062309265
7.906000137329102,-3.753999948501587,1.088078498840332,5.420007705688477,0.07016918063163757,0.022085703909397125,-0.052384816110134125,0.6487143039703369
7.906000137329102,-2.753999948501587,0.8303893804550171,5.94826602935791,0.10434836894273758,1.7329312562942505,-0.06349040567874908,0.09812198579311371
7.906000137329102,-2.753999948501587,1.1330106258392334,2.3607423305511475,0.1003570705652237,0.04249778762459755,0.12348190695047379,0.4811151921749115
7.906000137329102,-2.753999948501587,1.1631368398666382,5.550976276397705,0.09280086308717728,0.046662718057632446,-0.05504516884684563,0.420762836933136
7.906000137329102,-1.753999948501587,0.8722405433654785,5.058016300201416,0.08774789422750473,1.2285728454589844,-0.031193502247333527,0.10146870464086533
7.906000137329102,-1.753999948501587,1.1797047853469849,2.3018546104431152,0.10272714495658875,0.045449644327163696,0.16818441450595856,0.5242647528648376
7.906000137329102,-1.753999948501587,1.1982802152633667,5.508803844451904,0.09933554381132126,0.060909997671842575,0.014495708979666233,0.37426653504371643
7.906000137329102,-0.7540000081062317,0.866598904132843,5.690158843994141,0.07613154500722885,1.6865614652633667,0.016473401337862015,0.07498893141746521
7.906000137329102,-0.7540000081062317,1.1318860054016113,2.202376127243042,0.1127474382519722,0.05775647610425949,0.07932242751121521,0.49914631247520447
7.906000137329102,-0.7540000081062317,1.18274986743927,5.373409271240234,0.08848624676465988,0.07590889930725098,0.01128937117755413,0.4258647561073303
7.906000137329102,0.2460000067949295,0.7704142928123474,4.72134256362915,0.052797164767980576,1.5649152994155884,0.04662215709686279,0.15647229552268982
7.906000137329102,0.2460000067949295,1.1184405088424683,2.0664255619049072,0.14826908707618713,0.10528018325567245,0.0902090072631836,0.41472193598747253
7.906000137329102,0.2460000067949295,1.0954740047454834,5.041168212890625,0.07985278964042664,0.12294583022594452,0.06506627053022385,0.42880570888519287
7.906000137329102,1.246000051498413,0.6686753034591675,6.177737236022949,0.041195373982191086,1.827582597732544,0.031108345836400986,0.08775300532579422
7.906000137329102,1.246000051498413,1.0633138418197632,1.8201831579208374,0.11969505250453949,0.09402183443307877,0.09502954035997391,0.48356911540031433
7.906000137329102,1.246000051498413,1.1325559616088867,4.91672945022583,0.08525562286376953,0.07525448501110077,0.11886914074420929,0.42867782711982727
7.906000137329102,2.246000051498413,0.6749997138977051,5.518662452697754,0.04446542635560036,1.6264475584030151,0.04196469485759735,0.07626982778310776
7.906000137329102,2.246000051498413,1.2053674459457397,1.809322476387024,0.14657194912433624,0.05649765580892563,0.03850898891687393,0.5404643416404724
7.906000137329102,2.246000051498413,1.1180092096328735,5.055996894836426,0.09692613780498505,0.07582303881645203,0.15011410415172577,0.38326576352119446
7.906000137329102,3.246000051498413,0.59686279296875,0.48385024070739746,0.04562773555517197,0.8908877372741699,-0.00669552618637681,0.172463059425354
7.906000137329102,3.246000051498413,0.9956715703010559,1.7074288129806519,0.10236091166734695,0.06401040405035019,-0.07000348716974258,0.8058425188064575
7.906000137329102,3.246000051498413,1.0654181241989136,5.701889991760254,0.20066392421722412,0.12594686448574066,0.17241747677326202,0.02169441618025303
7.906000137329102,4.245999813079834,0.8368368744850159,1.7696330547332764,0.13098806142807007,0.8910666108131409,0.04507685825228691,0.039068736135959625
7.906000137329102,4.245999813079834,1.0947575569152832,1.5320227146148682,0.12979920208454132,0.04377242177724838,-0.3069808781147003,0.9595243334770203
7.906000137329102,4.245999813079834,1.1145966053009033,5.294538497924805,0.4160768687725067,1.0984779596328735,0.0754859670996666,0.001406957977451384
7.906000137329102,5.245999813079834,0.5728856921195984,3.7362523078918457,0.024345451965928078,0.6511423587799072,-0.05301177129149437,0.5163009762763977
7.906000137329102,5.245999813079834,0.9340739250183105,2.0199332237243652,0.14226458966732025,0.0620599165558815,0.27429112792015076,0.45813989639282227
7.906000137329102,5.245999813079834,0.9613921642303467,1.0924737453460693,0.5972747802734375,0.44962385296821594,0.11507933586835861,0.025559166446328163
8.906000137329102,-8.753999710083008,1.2192103862762451,0.556166410446167,1.873348593711853,1.6867716312408447,0.1714068502187729,0.0017901293467730284
8.906000137329102,-8.753999710083008,1.1481882333755493,3.7015726566314697,0.24086584150791168,0.6460014581680298,0.37141698598861694,0.9976683259010315
8.906000137329102,-8.753999710083008,0.8754797577857971,5.342645645141602,0.2112301141023636,0.927152156829834,0.14346328377723694,0.000541437475476414
8.906000137329102,-7.754000186920166,0.6443278789520264,5.389573574066162,0.03452591598033905,2.869607925415039,0.2824600338935852,0.15437115728855133
8.906000137329102,-7.754000186920166,0.7029650807380676,3.154632329940796,0.06024663522839546,0.2950030565261841,-0.18464620411396027,0.7975332736968994
8.906000137329102,-7.754000186920166,0.8744516968727112,5.224053859710693,0.10854519158601761,0.13818037509918213,0.24615104496479034,0.04809551686048508
8.906000137329102,-6.754000186920166,0.8447276949882507,5.123756408691406,0.1631193459033966,0.5618451237678528,0.13865643739700317,0.16820235550403595
8.906000137329102,-6.754000186920166,0.6559715270996094,3.489689826965332,0.11727238446474075,2.3697268962860107,0.23225776851177216,0.2111179083585739
8.906000137329102,-6.754000186920166,0.6646217107772827,4.4055562019348145,0.04697840288281441,0.2687661647796631,-0.07147598266601562,0.6206797361373901
8.906000137329102,-5.754000186920166,0.999634325504303,4.382497787475586,0.19320040941238403,0.6720220446586609,0.13043253123760223,0.1765512228012085
8.906000137329102,-5.754000186920166,0.6047215461730957,2.771411418914795,0.04435725510120392,1.3636014461517334,0.22645515203475952,0.5636271238327026
8.906000137329102,-5.754000186920166,0.6879429221153259,4.881152153015137,0.04415697231888771,0.41550445556640625,0.18536213040351868,0.2598216235637665
8.906000137329102,-4.754000186920166,0.7506545186042786,4.464849472045898,0.04600184038281441,1.5490307807922363,0.015435131266713142,0.5235748887062073
8.906000137329102,-4.754000186920166,1.002677083015442,2.4954538345336914,0.0894370824098587,0.0348040908575058,0.06773358583450317,0.21002186834812164
8.906000137329102,-4.754000186920166,1.1274994611740112,5.515556335449219,0.0871904194355011,0.031996212899684906,-0.08522520214319229,0.2664031982421875
8.906000137329102,-3.753999948501587,0.7111128568649292,5.572944641113281,0.04189889505505562,2.119173526763916,-0.04853169992566109,0.13689446449279785
8.906000137329102,-3.753999948501587,1.1743743419647217,2.4467642307281494,0.09100206941366196,0.029136022552847862,-0.0667099580168724,0.4972868859767914
8.906000137329102,-3.753999948501587,1.221856713294983,5.511526107788086,0.10343403369188309,0.02586802840232849,0.027479082345962524,0.36581870913505554
8.906000137329102,-2.753999948501587,0.8219378590583801,0.2983592450618744,0.12867994606494904,1.4400856494903564,-0.034128498286008835,0.1490926891565323
8.906000137329102,-2.753999948501587,1.0574367046356201,2.320204496383667,0.09067045897245407,0.045011576265096664,0.11454477161169052,0.503262460231781
8.906000137329102,-2.753999948501587,1.130346417427063,5.526580333709717,0.08956310898065567,0.04476145654916763,0.014597768895328045,0.3476448059082031
8.906000137329102,-1.753999948501587,1.009919285774231,4.786835670471191,0.24588744342327118,1.7198907136917114,0.03654349222779274,0.06195618584752083
8.906000137329102,-1.753999948501587,1.1652536392211914,2.25219464302063,0.1103086918592453,0.07645710557699203,0.2011335790157318,0.3528096377849579
8.906000137329102,-1.753999948501587,1.070896863937378,5.369063377380371,0.08368214964866638,0.10600759088993073,0.05738631635904312,0.5852342247962952
8.906000137329102,-0.7540000081062317,0.8401195406913757,4.95796537399292,0.0750351995229721,1.3909106254577637,-0.0194319449365139,0.12433306872844696
8.906000137329102,-0.7540000081062317,1.1957025527954102,2.105562925338745,0.1766679883003235,0.05267268046736717,-0.014248302206397057,0.4035568833351135
8.906000137329102,-0.7540000081062317,1.195591688156128,5.172767639160156,0.09935219585895538,0.06667661666870117,-0.04324766993522644,0.4721100330352783
8.906000137329102,0.2460000067949295,0.7348299622535706,5.2802839279174805,0.03967731446027756,1.604291319847107,0.012254775501787663,0.2573080360889435
8.906000137329102,0.2460000067949295,1.0388500690460205,2.043219804763794,0.20018714666366577,0.09079112112522125,0.0368274487555027,0.30346670746803284
8.906000137329102,0.2460000067949295,1.189674735069275,5.054628372192383,0.11655184626579285,0.04044238477945328,0.06394117325544357,0.43922528624534607
8.906000137329102,1.246000051498413,0.8749718070030212,0.40517544746398926,0.10613109916448593,0.8801516890525818,0.014903264120221138,0.035090457648038864
8.906000137329102,1.246000051498413,1.004256010055542,1.3206477165222168,0.1288052499294281,0.11912114918231964,-0.23675525188446045,0.1772254854440689
8.906000137329102,1.246000051498413,1.1372871398925781,5.217947006225586,0.14857368171215057,0.17193880677223206,0.21888969838619232,0.7876840233802795
8.906000137329102,2.246000051498413,0.8659175634384155,1.32603120803833,0.06808899343013763,0.728040337562561,0.03679466247558594,0.3757103979587555
8.906000137329102,2.246000051498413,1.0722346305847168,1.3379775285720825,0.23363451659679413,0.18903657793998718,-0.1985185295343399,0.26653212308883667
8.906000137329102,2.246000051498413,0.8680996894836426,5.1645355224609375,0.08483387529850006,0.3474610447883606,0.19616124033927917,0.35775747895240784
8.906000137329102,3.246000051498413,0.6235954761505127,0.5664612054824829,0.05629584565758705,0.3068963587284088,0.009050779975950718,0.19213713705539703
8.906000137329102,3.246000051498413,1.0297179222106934,1.6214171648025513,0.08567272126674652,0.10100643336772919,-0.165733203291893,0.763302206993103
8.906000137329102,3.246000051498413,1.229042649269104,0.373188316822052,0.5098827481269836,0.19471018016338348,0.26135703921318054,0.04456067830324173
8.906000137329102,4.245999813079834,0.8672997951507568,3.8647263050079346,0.08464930951595306,0.14072415232658386,-0.02316126599907875,0.3000354766845703
8.906000137329102,4.245999813079834,1.2259039878845215,0.5219400525093079,0.24011485278606415,0.09399556368589401,-0.5065916180610657,0.6986693739891052
8.906000137329102,4.245999813079834,1.205596923828125,5.674571990966797,1.8892749547958374,30.701444625854492,0.2268528789281845,0.0012952313991263509
9.906000137329102,-8.753999710083008,0.924235999584198,4.699357986450195,0.523993730545044,1.7631158828735352,-0.002136130118742585,0.008558881469070911
9.906000137329102,-8.753999710083008,0.669193685054779,4.2186689376831055,0.055914681404829025,0.189369797706604,0.1865525245666504,0.023042378947138786
9.906000137329102,-8.753999710083008,0.6140446066856384,5.1745123863220215,0.01118374615907669,0.06808972358703613,-0.06819679588079453,0.9683987498283386
9.906000137329102,-7.754000186920166,0.5794367790222168,5.190174579620361,0.13969294726848602,1.1726340055465698,0.041361670941114426,0.05170422047376633
9.906000137329102,-7.754000186920166,0.5739545822143555,1.5491044521331787,0.020982777699828148,0.13470503687858582,0.06738188862800598,0.5246233940124512
9.906000137329102,-7.754000186920166,0.6118514537811279,0.7121949791908264,0.024764815345406532,0.18561837077140808,0.0008720805053599179,0.4236723482608795
9.906000137329102,-6.754000186920166,0.6281843185424805,3.594101905822754,0.020012352615594864,0.7330008149147034,0.05386064574122429,0.5999683737754822
9.906000137329102,-6.754000186920166,0.5783076882362366,2.3899102210998535,0.04444650933146477,0.722575843334198,-0.0013619840610772371,0.3618108928203583
9.906000137329102,-6.754000186920166,0.730503261089325,4.978786468505859,0.10269626975059509,1.2747716903686523,-0.20200489461421967,0.03822074085474014
9.906000137329102,-5.754000186920166,0.6987241506576538,6.031076908111572,0.03236283361911774,1.8904529809951782,-0.041938770562410355,0.32778629660606384
9.906000137329102,-5.754000186920166,0.910322368144989,2.5627450942993164,0.1057257279753685,0.05979501083493233,0.16335763037204742,0.34050577878952026
9.906000137329102,-5.754000186920166,0.957967221736908,5.639786243438721,0.07893020659685135,0.036642737686634064,-0.04145297035574913,0.3317079246044159
9.906000137329102,-4.754000186920166,0.8612563014030457,5.106491565704346,0.12480708956718445,1.855117917060852,-0.009663187898695469,0.07224398106336594
9.906000137329102,-4.754000186920166,1.0679229497909546,2.3938796520233154,0.07468879222869873,0.02628905139863491,-0.051792506128549576,0.5203787684440613
9.906000137329102,-4.754000186920166,1.1055247783660889,5.526927471160889,0.07237166911363602,0.03176454082131386,-0.08136477321386337,0.40737730264663696
9.906000137329102,-3.753999948501587,0.7969605922698975,5.425365447998047,0.13496024906635284,1.8076472282409668,-0.02952227182686329,0.07443366199731827
9.906000137329102,-3.753999948501587,1.1516364812850952,2.2950706481933594,0.0841941088438034,0.0307010468095541,-0.08625602722167969,0.5530833601951599
9.906000137329102,-3.753999948501587,1.0658118724822998,5.483880043029785,0.08437954634428024,0.04701146483421326,-0.0021407550666481256,0.3724830150604248
9.906000137329102,-2.753999948501587,0.9463039040565491,5.624283313751221,0.27982255816459656,1.7888357639312744,-0.011530473828315735,0.10452263802289963
9.906000137329102,-2.753999948501587,1.0580998659133911,2.28924298286438,0.08534469455480576,0.045776981860399246,0.017462190240621567,0.429509699344635
9.906000137329102,-2.753999948501587,1.140953540802002,5.414877891540527,0.09590080380439758,0.055886026471853256,-0.02655506320297718,0.46596759557724
9.906000137329102,-1.753999948501587,0.8119897246360779,5.156308174133301,0.09634879976511002,1.4241760969161987,-0.04025563970208168,0.08826962113380432
9.906000137329102,-1.753999948501587,1.1287564039230347,2.2391273975372314,0.1021355614066124,0.034489817917346954,0.04815914109349251,0.3139304518699646
9.906000137329102,-1.753999948501587,1.2015113830566406,5.340189456939697,0.13485018908977509,0.04852777346968651,0.046938344836235046,0.5977999567985535
9.906000137329102,-0.7540000081062317,0.7082973718643188,5.660211086273193,0.04695466160774231,1.0015140771865845,-0.02617872878909111,0.6823092103004456
9.906000137329102,-0.7540000081062317,0.7487745881080627,2.2449519634246826,0.09877151995897293,0.19159817695617676,0.09650438278913498,0.04163849726319313
9.906000137329102,-0.7540000081062317,0.6419386863708496,4.869537830352783,0.03192616254091263,0.29378944635391235,0.16307832300662994,0.276052325963974
9.906000137329102,0.2460000067949295,0.8835229873657227,3.025190830230713,0.1978306770324707,2.1691555976867676,0.12601038813591003,0.039851050823926926
9.906000137329102,0.2460000067949295,0.6343620419502258,0.9703786969184875,0.026230713352560997,0.48595988750457764,0.1826053410768509,0.9436649084091187
9.906000137329102,0.2460000067949295,0.7198889851570129,0.04577232897281647,0.051827479153871536,0.4944586455821991,-0.14306262135505676,0.016484053805470467
9.906000137329102,1.246000051498413,0.6333217620849609,6.013854026794434,0.06580764800310135,0.9020075798034668,0.15448850393295288,0.002942001912742853
9.906000137329102,1.246000051498413,0.9783204793930054,0.8849723935127258,0.1184883862733841,0.06697767972946167,0.3814062178134918,0.9968562126159668
9.906000137329102,1.246000051498413,1.1085153818130493,1.1503030061721802,2.070967674255371,0.3933560252189636,0.22903035581111908,0.00020174933888483793
10.906000137329102,-13.753999710083008,1.031479835510254,1.6562561988830566,0.5188419222831726,1.1482222080230713,0.09180206060409546,0.030694691464304924
10.906000137329102,-13.753999710083008,1.1509376764297485,4.217735767364502,0.4160033166408539,0.1235208511352539,0.14237038791179657,0.9293329119682312
10.906000137329102,-13.753999710083008,0.8518078327178955,5.424511909484863,0.1556522697210312,0.24058237671852112,0.09528804570436478,0.03997237607836723
10.906000137329102,-12.753999710083008,0.8680503368377686,3.6056935787200928,0.19459542632102966,1.5964752435684204,0.010429571382701397,0.018694445490837097
10.906000137329102,-12.753999710083008,0.6564606428146362,2.3273990154266357,0.036430615931749344,0.3548770844936371,0.3572559654712677,0.9496136903762817
10.906000137329102,-12.753999710083008,0.7809362411499023,4.29314661026001,0.06666027754545212,1.2843762636184692,0.07234399765729904,0.031691938638687134
10.906000137329102,-11.753999710083008,0.8548997044563293,3.3320207595825195,0.06965383887290955,0.4469272792339325,0.12050972878932953,0.3673933446407318
10.906000137329102,-11.753999710083008,0.6464556455612183,2.527700662612915,0.05693794786930084,0.46930965781211853,0.056201763451099396,0.3804093897342682
10.906000137329102,-11.753999710083008,0.6931014060974121,4.373290538787842,0.04655854403972626,0.39631664752960205,-0.0021910076029598713,0.2521973252296448
10.906000137329102,-8.753999710083008,0.924830436706543,5.453906536102295,0.12873129546642303,0.6435304284095764,-0.003372608684003353,0.26324233412742615
10.906000137329102,-8.753999710083008,0.5708548426628113,2.878455638885498,0.2683972120285034,4.200817108154297,-0.09135698527097702,0.002463230863213539
10.906000137329102,-8.753999710083008,0.5704331994056702,4.100445747375488,0.03415714204311371,0.5684522390365601,0.2407011091709137,0.7342944741249084
10.906000137329102,-7.754000186920166,0.898800253868103,5.198077201843262,0.09626912325620651,1.0087870359420776,-0.15277992188930511,0.33054596185684204
10.906000137329102,-7.754000186920166,0.6784172058105469,2.5888919830322266,0.040269166231155396,0.4805401861667633,-0.09707891196012497,0.1705285757780075
10.906000137329102,-7.754000186920166,0.6366350054740906,4.2001872062683105,0.016698461025953293,0.4020911753177643,0.13611043989658356,0.49892550706863403
10.906000137329102,-6.754000186920166,0.5616248250007629,0.04658476635813713,0.02125065214931965,1.9868249893188477,-0.006434915121644735,0.6010136008262634
10.906000137329102,-6.754000186920166,0.7048092484474182,2.4648823738098145,0.13738717138767242,0.2575598955154419,0.030200466513633728,0.2525328993797302
10.906000137329102,-6.754000186920166,0.8941134810447693,5.6479105949401855,0.11797918379306793,0.11765449494123459,-0.23078793287277222,0.14645345509052277
10.906000137329102,-5.754000186920166,0.82406085729599,5.181130409240723,0.11972465366125107,2.154344320297241,-0.04591861367225647,0.05848643183708191
10.906000137329102,-5.754000186920166,1.3026779890060425,2.407196283340454,0.10732365399599075,0.01905144564807415,-0.0388588011264801,0.5450040698051453
10.906000137329102,-5.754000186920166,1.1277093887329102,5.611530303955078,0.06735014170408249,0.03242466598749161,-0.09752316772937775,0.39650946855545044
10.906000137329102,-4.754000186920166,1.0404947996139526,5.505317687988281,0.3445184826850891,2.201746940612793,0.02706506848335266,0.03223709389567375
10.906000137329102,-4.754000186920166,1.1869020462036133,2.356583595275879,0.11385244131088257,0.037957146763801575,-0.03668131306767464,0.44912171363830566
10.906000137329102,-4.754000186920166,1.083762764930725,5.555572986602783,0.061947062611579895,0.0406036451458931,-0.05171842873096466,0.5186411738395691
10.906000137329102,-3.753999948501587,0.94239741563797,4.956027030944824,0.4561331272125244,2.080221652984619,0.009669894352555275,0.08133330196142197
10.906000137329102,-3.753999948501587,1.1393752098083496,2.265188455581665,0.0941140353679657,0.04588230326771736,-0.03352348878979683,0.41092753410339355
10.906000137329102,-3.753999948501587,1.046215534210205,5.462974548339844,0.06493785977363586,0.04843026399612427,-0.056712739169597626,0.5077391266822815
10.906000137329102,-2.753999948501587,0.7505552172660828,0.16175426542758942,0.0892556756734848,2.108769655227661,-0.08355826139450073,0.05485144257545471
10.906000137329102,-2.753999948501587,1.0666958093643188,2.297797679901123,0.09574837237596512,0.02788846381008625,0.015167445875704288,0.30556628108024597
10.906000137329102,-2.753999948501587,1.0759541988372803,5.397011756896973,0.07601998001337051,0.027038753032684326,-0.08395981043577194,0.6395822763442993
10.906000137329102,-1.753999948501587,0.6459156274795532,6.283167362213135,0.03139536827802658,1.0054861307144165,-0.08898601680994034,0.39793506264686584
10.906000137329102,-1.753999948501587,0.895047664642334,1.716082215309143,0.1666053980588913,0.1616397351026535,-0.03177348151803017,0.2331153154373169
10.906000137329102,-1.753999948501587,1.1603960990905762,5.2405314445495605,0.20822128653526306,0.04233277216553688,0.010269757360219955,0.3689495921134949
10.906000137329102,-0.7540000081062317,0.7714551687240601,6.26491117477417,0.019706876948475838,0.4604521095752716,-0.16825996339321136,0.9822971224784851
10.906000137329102,-0.7540000081062317,0.6438922882080078,0.40311771631240845,0.1487940400838852,14.329141616821289,0.18747074902057648,0.0008895086357370019
10.906000137329102,-0.7540000081062317,0.43116578459739685,5.440042495727539,0.011027703061699867,1.1930261850357056,0.03385644778609276,0.016813449561595917
10.906000137329102,0.2460000067949295,1.0071574449539185,0.11314258724451065,2.0799779891967773,0.9791913628578186,0.34123969078063965,0.01771853119134903
10.906000137329102,0.2460000067949295,0.5830221176147461,1.015451431274414,0.024480603635311127,0.03955863043665886,-0.2229575663805008,0.522580623626709
10.906000137329102,0.2460000067949295,0.6009246706962585,1.0339962244033813,0.0660395547747612,0.8752999901771545,-0.015639424324035645,0.45970088243484497
10.906000137329102,1.246000051498413,0.8159961700439453,1.2233920097351074,0.10624236613512039,0.8854561448097229,0.08409831672906876,0.05569557100534439
10.906000137329102,1.246000051498413,0.8658702969551086,1.5328853130340576,0.10998240113258362,0.1218157559633255,0.0094056511297822,0.942399263381958
10.906000137329102,1.246000051498413,1.3533036708831787,1.5994237661361694,5.054871082305908,0.45634588599205017,0.20300908386707306,0.0019051425624638796
11.906000137329102,-15.753999710083008,0.6114940643310547,2.834989070892334,0.05169817805290222,0.5186868906021118,0.21320128440856934,0.7649853825569153
11.906000137329102,-15.753999710083008,0.5172218084335327,1.8283336162567139,0.09638869017362595,0.29972541332244873,-0.11829317361116409,0.05929438769817352
11.906000137329102,-15.753999710083008,0.8362908959388733,5.492985248565674,0.2491462528705597,0.391309916973114,0.19662192463874817,0.17572025954723358
11.906000137329102,-14.753999710083008,1.0854504108428955,4.90221643447876,0.27901598811149597,0.5562557578086853,0.16735923290252686,0.09081998467445374
11.906000137329102,-14.753999710083008,0.8964986801147461,2.864630699157715,0.12934094667434692,0.4564272165298462,0.061914410442113876,0.4713228642940521
11.906000137329102,-14.753999710083008,0.808099091053009,4.323347568511963,0.05327199772000313,0.19612577557563782,0.08931566774845123,0.43785718083381653
11.906000137329102,-13.753999710083008,0.8067784309387207,6.190732955932617,0.14213132858276367,0.40758341550827026,0.07085707038640976,0.38784632086753845
11.906000137329102,-13.753999710083008,0.8038225173950195,2.712477445602417,0.22348132729530334,0.6059619188308716,-0.06644826382398605,0.4246211349964142
11.906000137329102,-13.753999710083008,0.7380162477493286,5.096175193786621,0.062278442084789276,0.37830227613449097,0.08492961525917053,0.18753261864185333
11.906000137329102,-12.753999710083008,0.8639533519744873,5.511767864227295,0.16420544683933258,0.4252752661705017,-0.06259123235940933,0.16040769219398499
11.906000137329102,-12.753999710083008,0.574172854423523,1.6879230737686157,0.05406590551137924,1.3152525424957275,0.1675482839345932,0.5909780859947205
11.906000137329102,-12.753999710083008,0.5828262567520142,4.7862772941589355,0.036468617618083954,0.6631678342819214,-0.0932726040482521,0.24861416220664978
11.906000137329102,-11.753999710083008,0.9910303354263306,4.044300079345703,0.09398162364959717,0.20866942405700684,-0.030895918607711792,0.5352741479873657
11.906000137329102,-11.753999710083008,0.5937047004699707,2.616180419921875,0.06013980507850647,1.438328504562378,0.283426970243454,0.14775094389915466
11.906000137329102,-11.753999710083008,0.6000006198883057,4.034331321716309,0.02617059461772442,0.4493653178215027,0.007800978142768145,0.31697484850883484
11.906000137329102,-10.753999710083008,0.8100688457489014,4.460923194885254,0.08663884550333023,0.3315339982509613,-0.177706778049469,0.16846990585327148
11.906000137329102,-10.753999710083008,0.7550324201583862,2.485507011413574,0.05311444774270058,0.20786920189857483,0.05060894787311554,0.7088258862495422
11.906000137329102,-10.753999710083008,0.5280101895332336,2.970978021621704,0.0195974949747324,1.3929386138916016,0.11600140482187271,0.1227041482925415
11.906000137329102,-9.753999710083008,0.4482957720756531,5.073958396911621,0.01655087247490883,0.13058564066886902,-0.2906981408596039,0.1666078418493271
11.906000137329102,-9.753999710083008,0.4589950442314148,4.134891033172607,0.015224769711494446,0.10754507035017014,-0.06482814997434616,0.7993590831756592
11.906000137329102,-9.753999710083008,0.6409050822257996,0.9201235771179199,0.011546336114406586,0.16196587681770325,0.21951891481876373,0.03403296694159508
11.906000137329102,-8.753999710083008,0.6013413071632385,4.264975070953369,0.038665276020765305,0.4353334903717041,-0.001180271035991609,0.7752771973609924
11.906000137329102,-8.753999710083008,0.4520268440246582,2.8370606899261475,0.12632808089256287,1.7817269563674927,0.08457420021295547,0.012431061826646328
11.906000137329102,-8.753999710083008,0.5867848992347717,4.319384574890137,0.04864393174648285,0.666104257106781,0.17599092423915863,0.2122916579246521
11.906000137329102,-7.754000186920166,0.41126319766044617,3.9698591232299805,0.040801919996738434,1.1168148517608643,-0.12152761965990067,0.2086590975522995
11.906000137329102,-7.754000186920166,0.5057319402694702,2.8493688106536865,0.032988082617521286,0.4724169671535492,-0.10221190750598907,0.3649102449417114
11.906000137329102,-7.754000186920166,0.5869946479797363,4.0102739334106445,0.015670469030737877,0.24709656834602356,0.1583683341741562,0.4264306128025055
11.906000137329102,-6.754000186920166,0.7280750274658203,6.282859802246094,0.061145856976509094,2.293935775756836,-0.05728545039892197,0.0601075105369091
11.906000137329102,-6.754000186920166,1.1339654922485352,2.4356822967529297,0.09399933367967606,0.033576495945453644,-0.021260574460029602,0.5519677400588989
11.906000137329102,-6.754000186920166,1.295776605606079,5.606245994567871,0.09797710925340652,0.02864377200603485,-0.13700896501541138,0.38792479038238525
11.906000137329102,-5.754000186920166,0.9461496472358704,4.420855522155762,0.2609432339668274,2.0674359798431396,0.007541265804320574,0.054703086614608765
11.906000137329102,-5.754000186920166,1.219680905342102,2.358389377593994,0.11515592038631439,0.033073391765356064,0.04171149060130119,0.5141773223876953
11.906000137329102,-5.754000186920166,1.200037956237793,5.494741439819336,0.09275759756565094,0.046548645943403244,-0.08044568449258804,0.4311196208000183
11.906000137329102,-4.754000186920166,0.9353945255279541,5.446676254272461,0.15385064482688904,2.1093053817749023,-0.0012492777314037085,0.1490393579006195
11.906000137329102,-4.754000186920166,1.3293269872665405,2.3281726837158203,0.184776172041893,0.024477241560816765,0.05073786899447441,0.37247321009635925
11.906000137329102,-4.754000186920166,1.0893325805664062,5.493785858154297,0.061854999512434006,0.031832240521907806,-0.018390802666544914,0.47848743200302124
11.906000137329102,-3.753999948501587,0.6886165142059326,5.901040077209473,0.03640041872859001,1.9535529613494873,-0.037512537091970444,0.3379240334033966
11.906000137329102,-3.753999948501587,1.0820965766906738,2.2034528255462646,0.10859395563602448,0.04013507440686226,0.07212988287210464,0.18967631459236145
11.906000137329102,-3.753999948501587,1.058026909828186,5.477269649505615,0.06503999978303909,0.02958378754556179,-0.005210717674344778,0.47239968180656433
11.906000137329102,-2.753999948501587,0.702019453048706,0.6924805045127869,0.014337437227368355,0.45884624123573303,0.07811827212572098,0.8570998907089233
11.906000137329102,-2.753999948501587,0.7996230125427246,1.669359564781189,0.1238803043961525,0.37091386318206787,0.06961149722337723,0.12645119428634644
11.906000137329102,-2.753999948501587,0.8463246822357178,5.7780985832214355,0.1797630935907364,0.2608455717563629,-0.014802822843194008,0.01644897274672985
11.906000137329102,0.2460000067949295,1.0357801914215088,6.075455665588379,0.356510728597641,0.1492580622434616,0.24858540296554565,0.44381916522979736
11.906000137329102,0.2460000067949295,0.8292255401611328,1.0638234615325928,0.03337550908327103,0.029413238167762756,-0.5920500159263611,0.07420844584703445
11.906000137329102,0.2460000067949295,1.1220378875732422,5.304125785827637,0.16833771765232086,0.1602419912815094,0.34585142135620117,0.4819723963737488
12.906000137329102,-16.753999710083008,0.6224027872085571,0.6207574009895325,0.027855291962623596,2.1914727687835693,0.026300573721528053,0.7918605208396912
12.906000137329102,-16.753999710083008,0.7906651496887207,2.9319746494293213,0.10418500006198883,0.13837584853172302,0.18722958862781525,0.13148434460163116
12.906000137329102,-16.753999710083008,0.9825928211212158,6.145614147186279,0.10422216355800629,0.04893520474433899,-0.14074765145778656,0.0766550749540329
12.906000137329102,-15.753999710083008,0.90193110704422,5.726799011230469,0.4580557644367218,0.9340759515762329,0.0945262759923935,0.011484825983643532
12.906000137329102,-15.753999710083008,0.5277005434036255,2.9975297451019287,0.03911826014518738,0.7176914811134338,-0.00456578005105257,0.2970457971096039
12.906000137329102,-15.753999710083008,0.5071779489517212,4.079697608947754,0.013455122709274292,0.14305993914604187,0.18198730051517487,0.6914693713188171
12.906000137329102,-14.753999710083008,0.8243386745452881,6.21424674987793,0.09431540966033936,0.38177406787872314,0.11400825530290604,0.04119086638092995
12.906000137329102,-14.753999710083008,0.7377042174339294,2.029888868331909,0.08826585114002228,0.25708717107772827,-0.25453534722328186,0.036142732948064804
12.906000137329102,-14.753999710083008,0.8576317429542542,4.6959686279296875,0.05313370004296303,0.03941064327955246,-0.008161061443388462,0.9226664304733276
12.906000137329102,-13.753999710083008,0.7915959358215332,4.961170196533203,0.04561162739992142,0.7067173719406128,-0.025673218071460724,0.14308373630046844
12.906000137329102,-13.753999710083008,0.9297216534614563,1.781774878501892,0.1366850882768631,0.20265556871891022,0.015357975848019123,0.06541739404201508
12.906000137329102,-13.753999710083008,0.9536707401275635,4.477102756500244,0.08005191385746002,0.06515651196241379,0.04855172708630562,0.7914988398551941
12.906000137329102,-12.753999710083008,0.9116860628128052,5.540465831756592,0.14690159261226654,0.42002758383750916,0.06493505090475082,0.1254776120185852
12.906000137329102,-12.753999710083008,0.6734721064567566,1.1549465656280518,0.03140288591384888,0.43198347091674805,-0.022441528737545013,0.3967682719230652
12.906000137329102,-12.753999710083008,0.631129801273346,4.824605464935303,0.030055826529860497,0.3448660671710968,-0.14390623569488525,0.47775402665138245
12.906000137329102,-11.753999710083008,0.9751456379890442,3.9390861988067627,0.08224339783191681,0.2845207154750824,-0.0570305734872818,0.35738784074783325
12.906000137329102,-11.753999710083008,0.6043755412101746,2.3287887573242188,0.0449356734752655,2.519254446029663,0.28420892357826233,0.42302805185317993
12.906000137329102,-11.753999710083008,0.6403052806854248,4.1323018074035645,0.024420734494924545,0.7870779037475586,0.06686969101428986,0.2195841521024704
12.906000137329102,-10.753999710083008,0.875120222568512,3.385240316390991,0.1282321959733963,0.8148621916770935,-0.033936385065317154,0.35760587453842163
12.906000137329102,-10.753999710083008,0.60248863697052,3.7489895820617676,0.039418142288923264,0.36705222725868225,0.06612095236778259,0.4574286937713623
12.906000137329102,-10.753999710083008,0.6170225143432617,2.945582151412964,0.02932649292051792,1.1335787773132324,0.1990518867969513,0.18496546149253845
12.906000137329102,-9.753999710083008,0.7800533771514893,4.099672794342041,0.0856454148888588,0.46985924243927,-0.22392800450325012,0.16085000336170197
12.906000137329102,-9.753999710083008,0.636755108833313,1.939173936843872,0.05148161202669144,0.9626811742782593,-0.14714790880680084,0.24418215453624725
12.906000137329102,-9.753999710083008,0.5875415802001953,3.1228878498077393,0.013304137624800205,0.8347447514533997,-0.013851058669388294,0.5949679017066956
12.906000137329102,-8.753999710083008,0.5181007385253906,4.667652130126953,0.025448154658079147,0.6200681328773499,0.0464269258081913,0.4362395703792572
12.906000137329102,-8.753999710083008,0.6352344751358032,2.082305908203125,0.08453020453453064,0.42903783917427063,0.19221819937229156,0.2993617355823517
12.906000137329102,-8.753999710083008,0.6708874106407166,4.7772722244262695,0.05875885486602783,0.23621292412281036,0.13752199709415436,0.2643986642360687
12.906000137329102,-7.754000186920166,0.6953794956207275,0.23897524178028107,0.04852892830967903,1.9216043949127197,-0.05571005493402481,0.11770884692668915
12.906000137329102,-7.754000186920166,1.039840817451477,2.2565786838531494,0.09735164791345596,0.048881612718105316,0.17658188939094543,0.4676164984703064
12.906000137329102,-7.754000186920166,0.9845181703567505,5.5096588134765625,0.060025036334991455,0.039912622421979904,0.08729536831378937,0.41467463970184326
12.906000137329102,-6.754000186920166,0.7974343299865723,5.961610317230225,0.09704029560089111,1.7794005870819092,-0.0616433247923851,0.05992097780108452
12.906000137329102,-6.754000186920166,1.0530387163162231,2.349689245223999,0.08086473494768143,0.03357004374265671,0.1269235610961914,0.41627416014671326
12.906000137329102,-6.754000186920166,1.1426633596420288,5.518468856811523,0.08381687104701996,0.028579486533999443,-0.011336734518408775,0.5238048434257507
12.906000137329102,-5.754000186920166,0.8637932538986206,4.655881404876709,0.20314326882362366,2.586153745651245,0.031512390822172165,0.022714851424098015
12.906000137329102,-5.754000186920166,1.0662577152252197,2.3461897373199463,0.0810815766453743,0.029379820451140404,0.06277909874916077,0.38660985231399536
12.906000137329102,-5.754000186920166,1.2465683221817017,5.474148750305176,0.10665435343980789,0.02425800822675228,-0.0215463787317276,0.5906753540039062
12.906000137329102,-4.754000186920166,0.6225962042808533,0.2732604742050171,0.022308753803372383,0.7850106358528137,-0.043645381927490234,0.6230414509773254
12.906000137329102,-4.754000186920166,0.8392506837844849,1.8019779920578003,0.13216298818588257,0.03775947540998459,-0.03756023198366165,0.1982601284980774
12.906000137329102,-4.754000186920166,0.9606130123138428,5.406257629394531,0.20012782514095306,0.08456975221633911,0.11519604921340942,0.17869840562343597
12.906000137329102,-3.753999948501587,0.7047613859176636,0.8349080681800842,0.03549475595355034,0.6231981515884399,-0.09925909340381622,0.25663477182388306
12.906000137329102,-3.753999948501587,0.5409756898880005,0.6115556955337524,0.04624674841761589,0.7287628650665283,0.2603936195373535,0.026035377755761147
12.906000137329102,-3.753999948501587,0.8141441345214844,0.29443708062171936,0.052314888685941696,0.29599711298942566,0.09510299563407898,0.7173299193382263
12.906000137329102,-2.753999948501587,1.0743920803070068,5.025788307189941,1.0233289003372192,0.5220322608947754,0.23550981283187866,0.007476887200027704
12.906000137329102,-2.753999948501587,0.5673127770423889,0.3694356679916382,0.012787584215402603,0.2535295784473419,-0.5621379017829895,0.9863911867141724
12.906000137329102,-2.753999948501587,0.7442935705184937,0.8803547620773315,0.2045414000749588,3.1221094131469727,-0.16543839871883392,0.006131927017122507
13.906000137329102,-15.753999710083008,0.6679260730743408,0.097772017121315,0.05485759302973747,0.9302700161933899,-0.0019503054209053516,0.10623569786548615
13.906000137329102,-15.753999710083008,0.61788409948349,3.1184628009796143,0.07583294808864594,0.247183158993721,0.23501966893672943,0.8685784339904785
13.906000137329102,-15.753999710083008,0.6631976366043091,4.824163913726807,0.07697509229183197,0.1421697735786438,0.22489920258522034,0.02518586255609989
13.906000137329102,-14.753999710083008,0.8076041340827942,5.338997840881348,0.06975152343511581,0.6659631133079529,0.019639352336525917,0.19196902215480804
13.906000137329102,-14.753999710083008,0.7156676054000854,1.7813224792480469,0.054326996207237244,0.2923276126384735,-0.10762876272201538,0.3513036370277405
13.906000137329102,-14.753999710083008,0.7566132545471191,4.186673164367676,0.036791205406188965,0.12975074350833893,0.1185305118560791,0.45672735571861267
13.906000137329102,-13.753999710083008,0.7817133069038391,5.038910388946533,0.04673205688595772,0.6510683298110962,-0.05707903206348419,0.07537174969911575
13.906000137329102,-13.753999710083008,0.8853548169136047,1.9404245615005493,0.10017915815114975,0.1373702436685562,-0.05174769461154938,0.027909936383366585
13.906000137329102,-13.753999710083008,0.952813982963562,4.09672737121582,0.07398568093776703,0.0470261387526989,0.1440742313861847,0.8967183232307434
13.906000137329102,-12.753999710083008,0.7709261775016785,4.8061747550964355,0.05843617394566536,0.35107067227363586,0.07759610563516617,0.6021196246147156
13.906000137329102,-12.753999710083008,0.7245720624923706,1.6745620965957642,0.05257792770862579,0.30047765374183655,-0.01211479026824236,0.15150725841522217
13.906000137329102,-12.753999710083008,0.7106563448905945,4.521145343780518,0.053545236587524414,0.388040155172348,-0.0031805490143597126,0.24637316167354584
13.906000137329102,-11.753999710083008,0.749992847442627,3.6963837146759033,0.04307970032095909,0.4458494186401367,-0.015624603256583214,0.5871936082839966
13.906000137329102,-11.753999710083008,0.5888172388076782,2.2838361263275146,0.043729186058044434,1.1966640949249268,-0.015482704155147076,0.3050421476364136
13.906000137329102,-11.753999710083008,0.7174373269081116,4.453906059265137,0.03653464466333389,0.535522997379303,0.006391158327460289,0.10776419937610626
13.906000137329102,-10.753999710083008,0.7225525379180908,3.6494646072387695,0.03615175560116768,1.892212152481079,0.010573599487543106,0.7895258665084839
13.906000137329102,-10.753999710083008,0.6978869438171387,2.7155466079711914,0.07056735455989838,0.21732132136821747,0.08971693366765976,0.0941297858953476
13.906000137329102,-10.753999710083008,0.8030346632003784,5.2176361083984375,0.05192165821790695,0.19938595592975616,-0.008210943080484867,0.11634444445371628
13.906000137329102,-9.753999710083008,0.6197196245193481,5.89924955368042,0.018069319427013397,1.0541644096374512,-0.12400778383016586,0.5084822773933411
13.906000137329102,-9.753999710083008,1.0581964254379272,1.9684385061264038,0.19538861513137817,0.09142275899648666,0.026687178760766983,0.1562577188014984
13.906000137329102,-9.753999710083008,1.0033302307128906,5.2358808517456055,0.10933031886816025,0.06406295299530029,0.01785452291369438,0.3352600038051605
13.906000137329102,-8.753999710083008,0.8518643975257874,6.085320949554443,0.13640622794628143,2.075904130935669,-0.044216644018888474,0.14639577269554138
13.906000137329102,-8.753999710083008,1.1473093032836914,2.2676167488098145,0.10826332122087479,0.037009548395872116,0.08802424371242523,0.4209671914577484
13.906000137329102,-8.753999710083008,1.0305217504501343,5.45369815826416,0.060544345527887344,0.026802878826856613,0.04804396629333496,0.4326370358467102
13.906000137329102,-7.754000186920166,0.8335709571838379,0.35146430134773254,0.11600498110055923,1.947095274925232,-0.08956455439329147,0.09285232424736023
13.906000137329102,-7.754000186920166,1.1543490886688232,2.31827974319458,0.09723223745822906,0.03650738298892975,0.15900015830993652,0.4251571297645569
13.906000137329102,-7.754000186920166,1.0424443483352661,5.564370155334473,0.056198205798864365,0.027239792048931122,0.030127134174108505,0.4819905459880829
13.906000137329102,-6.754000186920166,0.7303457260131836,0.481186181306839,0.05616702139377594,1.6961643695831299,-0.12086990475654602,0.1168183982372284
13.906000137329102,-6.754000186920166,1.1329694986343384,2.338404655456543,0.11737347394227982,0.026753297075629234,0.1711129993200302,0.32032716274261475
13.906000137329102,-6.754000186920166,1.0322058200836182,5.51687479019165,0.06797707080841064,0.025151638314127922,0.030047984793782234,0.5628544092178345
13.906000137329102,-5.754000186920166,0.5327047109603882,6.171957969665527,0.011361316777765751,1.3784279823303223,-0.058118291199207306,0.7361676096916199
13.906000137329102,-5.754000186920166,0.7943518161773682,2.271697759628296,0.16899321973323822,0.101710744202137,0.014648161828517914,0.18915961682796478
13.906000137329102,-5.754000186920166,0.8052726984024048,6.048834800720215,0.13907456398010254,0.13890014588832855,-0.07923009991645813,0.07467279583215714
13.906000137329102,-4.754000186920166,0.8244926333427429,4.8357133865356445,0.02735721692442894,0.17408078908920288,0.17673298716545105,0.13384975492954254
13.906000137329102,-4.754000186920166,0.9778252840042114,0.8635292649269104,0.09246855974197388,0.21281620860099792,0.05998138710856438,0.7443100810050964
13.906000137329102,-4.754000186920166,0.8459959030151367,5.1123552322387695,0.19414860010147095,0.39973753690719604,0.2959027886390686,0.1218402236700058
13.906000137329102,-3.753999948501587,0.260093629360199,5.528731346130371,0.0015186506789177656,0.2847435772418976,-0.2439117282629013,0.9992311000823975
13.906000137329102,-3.753999948501587,0.5436655282974243,0.4159916639328003,0.12070176005363464,2.4075376987457275,0.16742418706417084,0.00015997204172890633
13.906000137329102,-3.753999948501587,0.5170249938964844,5.4900641441345215,0.016836019232869148,0.9695273041725159,0.10906444489955902,0.0006089119706302881
14.906000137329102,-15.753999710083008,0.650025486946106,1.5175060033798218,0.0675847977399826,1.0405080318450928,0.01762988232076168,0.026048574596643448
14.906000137329102,-15.753999710083008,0.7637551426887512,3.610729694366455,0.05038083717226982,0.12689734995365143,0.13777758181095123,0.9723816514015198
14.906000137329102,-15.753999710083008,0.7981701493263245,4.608041763305664,0.12723655998706818,0.2987392246723175,0.441023051738739,0.0015697350027039647
14.906000137329102,-14.753999710083008,0.9188942313194275,4.861750602722168,0.13340693712234497,0.7556026577949524,-0.02658793516457081,0.1176072359085083
14.906000137329102,-14.753999710083008,0.6806436777114868,2.5644826889038086,0.03840803727507591,0.3836887776851654,0.04950425773859024,0.8717300891876221
14.906000137329102,-14.753999710083008,0.6420845985412598,3.9345829486846924,0.041833534836769104,1.1834183931350708,0.3021529018878937,0.010662691667675972
14.906000137329102,-13.753999710083008,0.7697327136993408,3.636924982070923,0.057233523577451706,0.6307297348976135,0.048941414803266525,0.6168074607849121
14.906000137329102,-13.753999710083008,0.6547460556030273,1.5389679670333862,0.05897097289562225,0.8301363587379456,-0.05335042625665665,0.027983710169792175
14.906000137329102,-13.753999710083008,0.7287351489067078,4.638139247894287,0.04571877047419548,0.6780523657798767,0.06774981319904327,0.3552088141441345
14.906000137329102,-12.753999710083008,0.5209677219390869,4.315195083618164,0.008022958412766457,0.3819696307182312,-0.014713510870933533,0.8617019057273865
14.906000137329102,-12.753999710083008,0.6429377198219299,1.9597954750061035,0.1023705005645752,0.43332502245903015,0.30573323369026184,0.011421335861086845
14.906000137329102,-12.753999710083008,0.7161697149276733,4.941374778747559,0.06242262199521065,0.15070928633213043,0.06367477029561996,0.12687666714191437
14.906000137329102,-11.753999710083008,0.6077438592910767,4.673471450805664,0.03067796863615513,1.5521234273910522,-0.04471183940768242,0.49239328503608704
14.906000137329102,-11.753999710083008,0.7820823788642883,2.2993052005767822,0.07319537550210953,0.09988652914762497,0.05769229307770729,0.34298175573349
14.906000137329102,-11.753999710083008,0.858542799949646,5.294649600982666,0.07170166820287704,0.10852096974849701,-0.09096996486186981,0.16462494432926178
14.906000137329102,-10.753999710083008,0.7571089863777161,5.664281368255615,0.045674484223127365,1.9152480363845825,-0.06245473772287369,0.24471555650234222
14.906000137329102,-10.753999710083008,1.0552942752838135,2.2997961044311523,0.1075788140296936,0.041353918612003326,-0.0314338356256485,0.3817889094352722
14.906000137329102,-10.753999710083008,1.1434974670410156,5.4268646240234375,0.09703379124403,0.03460386022925377,-0.11166742444038391,0.37349557876586914
14.906000137329102,-9.753999710083008,0.8506596684455872,0.03294045850634575,0.0954560711979866,2.043045997619629,-0.0690760388970375,0.14342139661312103
14.906000137329102,-9.753999710083008,1.170446753501892,2.268104314804077,0.12967133522033691,0.03591664880514145,0.06681513041257858,0.44944244623184204
14.906000137329102,-9.753999710083008,1.13322114944458,5.432441711425781,0.0803908109664917,0.03266392648220062,-0.05048683285713196,0.40713614225387573
14.906000137329102,-8.753999710083008,0.8654420971870422,0.4296509027481079,0.1775318682193756,2.224741220474243,-0.040065519511699677,0.05813588201999664
14.906000137329102,-8.753999710083008,1.144134283065796,2.30084490776062,0.09355837851762772,0.03546765074133873,0.0630650520324707,0.45960116386413574
14.906000137329102,-8.753999710083008,1.1616060733795166,5.4665632247924805,0.07429533451795578,0.027921102941036224,-0.005144249647855759,0.4822629392147064
14.906000137329102,-7.754000186920166,0.8478111624717712,0.5235441327095032,0.10236088186502457,2.091998338699341,-0.0662449449300766,0.1094026267528534
14.906000137329102,-7.754000186920166,1.1346665620803833,2.3403029441833496,0.10290385782718658,0.02657376043498516,0.10971049219369888,0.35156333446502686
14.906000137329102,-7.754000186920166,1.1793135404586792,5.5233235359191895,0.08523339033126831,0.02493324689567089,0.000922186067327857,0.5390340685844421
14.906000137329102,-6.754000186920166,0.6027352809906006,0.5620201826095581,0.019825058057904243,1.8358408212661743,-0.08173875510692596,0.3879650831222534
14.906000137329102,-6.754000186920166,1.0008326768875122,2.0907680988311768,0.1343712955713272,0.05799589678645134,0.008204367943108082,0.3525065779685974
14.906000137329102,-6.754000186920166,0.9460894465446472,5.4864115715026855,0.12869013845920563,0.07021118700504303,0.042774930596351624,0.25952833890914917
14.906000137329102,-5.754000186920166,0.7199098467826843,0.13741067051887512,0.0369841530919075,0.2434827983379364,-0.15181460976600647,0.09097182005643845
14.906000137329102,-5.754000186920166,0.8089926838874817,1.205792784690857,0.045351769775152206,0.137900248169899,0.37278619408607483,0.90631502866745
14.906000137329102,-5.754000186920166,0.7739419341087341,6.185000896453857,0.2709469795227051,3.0402536392211914,0.20950224995613098,0.002713114256039262
14.906000137329102,-4.754000186920166,0.8480029106140137,6.2738494873046875,0.11183645576238632,0.30574288964271545,0.11494565010070801,0.00010053675941890106
14.906000137329102,-4.754000186920166,1.6013847589492798,1.686602234840393,0.170395627617836,0.003098681103438139,-0.177808940410614,0.9998983144760132
14.906000137329102,-4.754000186920166,1.0424656867980957,5.8984880447387695,1.4401038885116577,5.1918535232543945,-0.2232915610074997,1.1638934438451543e-06
15.906000137329102,-15.753999710083008,0.6065526008605957,0.7480018138885498,0.11700667440891266,0.8853229284286499,-0.07824565470218658,0.2450617253780365
15.906000137329102,-15.753999710083008,0.6373761296272278,3.3151352405548096,0.0722181648015976,0.4469703137874603,0.13605721294879913,0.7260331511497498
15.906000137329102,-15.753999710083008,0.6654365658760071,4.638928413391113,0.057213250547647476,0.23528295755386353,0.31234002113342285,0.028905171900987625
15.906000137329102,-14.753999710083008,0.8286985754966736,4.520216941833496,0.1541828215122223,0.9028156399726868,-0.06832491606473923,0.1161671131849289
15.906000137329102,-14.753999710083008,0.6520472764968872,3.7391488552093506,0.03686569258570671,0.27421003580093384,0.13479886949062347,0.8219258189201355
15.906000137329102,-14.753999710083008,0.5837525725364685,4.174469947814941,0.026394391432404518,0.9327410459518433,0.24043861031532288,0.06190701574087143
15.906000137329102,-13.753999710083008,0.7107864618301392,4.545895576477051,0.07697608321905136,0.679830014705658,0.025961250066757202,0.8461087942123413
15.906000137329102,-13.753999710083008,0.595854640007019,2.0890564918518066,0.036288727074861526,0.6192378401756287,0.006810775492340326,0.09553678333759308
15.906000137329102,-13.753999710083008,0.6091857552528381,4.452184677124023,0.02999223954975605,1.8038501739501953,0.0065543027594685555,0.05835442245006561
15.906000137329102,-12.753999710083008,0.5555206537246704,5.15287446975708,0.01205432042479515,0.8431403040885925,-0.055132899433374405,0.8048951625823975
15.906000137329102,-12.753999710083008,0.7352234721183777,2.1463165283203125,0.12041211873292923,0.21662165224552155,0.3414550721645355,0.10458878427743912
15.906000137329102,-12.753999710083008,0.8954450488090515,5.314057350158691,0.1018410250544548,0.07898291945457458,-0.009912136010825634,0.09051600098609924
15.906000137329102,-11.753999710083008,0.6335085034370422,4.9002532958984375,0.031277697533369064,1.6664358377456665,-0.06474213302135468,0.2856329679489136
15.906000137329102,-11.753999710083008,1.0868703126907349,2.410123825073242,0.12060924619436264,0.034042079001665115,0.08164487779140472,0.3354037404060364
15.906000137329102,-11.753999710083008,1.0471001863479614,5.502744674682617,0.07879498600959778,0.029133647680282593,-0.07987690716981888,0.37896326184272766
15.906000137329102,-10.753999710083008,0.825222909450531,5.078160285949707,0.13018688559532166,2.0751521587371826,-0.010078851133584976,0.07491105049848557
15.906000137329102,-10.753999710083008,1.151964545249939,2.337402582168579,0.108531653881073,0.030536314472556114,0.011040235869586468,0.47949227690696716
15.906000137329102,-10.753999710083008,1.0760700702667236,5.487370491027832,0.07453203946352005,0.0344080775976181,-0.05390658974647522,0.4455966055393219
15.906000137329102,-9.753999710083008,0.8890216946601868,5.674149990081787,0.1700625717639923,2.1137537956237793,-0.0014366002287715673,0.0874704048037529
15.906000137329102,-9.753999710083008,1.141414999961853,2.302206516265869,0.1244412362575531,0.03846774995326996,0.07542861998081207,0.41732701659202576
15.906000137329102,-9.753999710083008,1.1309043169021606,5.471261978149414,0.08084224164485931,0.03354434669017792,-0.02349911257624626,0.4952026307582855
15.906000137329102,-8.753999710083008,0.786019504070282,0.09905699640512466,0.10163833200931549,2.6142120361328125,-0.03890466317534447,0.042875442653894424
15.906000137329102,-8.753999710083008,1.1585177183151245,2.311526298522949,0.11206471920013428,0.03125789761543274,0.01633279025554657,0.3499646782875061
15.906000137329102,-8.753999710083008,1.112703800201416,5.441798686981201,0.07792164385318756,0.03384745493531227,-0.0486527718603611,0.6071599125862122
15.906000137329102,-7.754000186920166,0.5851178169250488,5.561013221740723,0.008702006191015244,0.5172228813171387,-0.06551588326692581,0.9146954417228699
15.906000137329102,-7.754000186920166,1.0121660232543945,1.6671026945114136,0.1852928251028061,0.21206164360046387,0.07711047679185867,0.06923297792673111
15.906000137329102,-7.754000186920166,1.0025080442428589,5.722820281982422,0.18412458896636963,0.12970571219921112,0.15035605430603027,0.016071587800979614
15.906000137329102,-6.754000186920166,0.8764370679855347,5.841589450836182,0.3461218774318695,0.8620424866676331,-0.032320138067007065,0.007388133555650711
15.906000137329102,-6.754000186920166,0.6737532615661621,0.6337575912475586,0.036570724099874496,0.1575850397348404,-0.2981337904930115,0.9634307622909546
15.906000137329102,-6.754000186920166,0.9229338765144348,5.081032752990723,0.4625210464000702,2.5225179195404053,0.281099408864975,0.029181083664298058
15.906000137329102,-5.754000186920166,0.7255580425262451,0.243038147687912,0.03126193955540657,0.37370219826698303,-0.2750318646430969,0.004184513818472624
15.906000137329102,-5.754000186920166,0.965397834777832,1.5988702774047852,0.03627290576696396,0.019884737208485603,0.32759889960289,0.9956799745559692
15.906000137329102,-5.754000186920166,0.9022493958473206,5.494643211364746,0.43074825406074524,2.9669339656829834,0.14336442947387695,0.00013547483831644058
16.9060001373291,-15.753999710083008,0.7094292640686035,5.044422149658203,0.11443454772233963,0.2504063844680786,-0.19407910108566284,0.3608424663543701
16.9060001373291,-15.753999710083008,0.4491734504699707,2.4060003757476807,0.0336584746837616,0.8490209579467773,0.23786479234695435,0.08391111344099045
16.9060001373291,-15.753999710083008,0.5121520757675171,4.268693923950195,0.016548529267311096,0.32066982984542847,0.20137910544872284,0.5552464127540588
16.9060001373291,-14.753999710083008,0.6895134449005127,3.868178129196167,0.05058017000555992,0.5650887489318848,-0.07624189555644989,0.27613139152526855
16.9060001373291,-14.753999710083008,0.6337312459945679,2.940781354904175,0.046462204307317734,0.9346331357955933,0.02245965786278248,0.4164150655269623
16.9060001373291,-14.753999710083008,0.6121135950088501,4.884414196014404,0.02214743010699749,0.6197786331176758,0.01559835858643055,0.30745354294776917
16.9060001373291,-13.753999710083008,0.5941005945205688,5.292767524719238,0.026171736419200897,1.5418152809143066,-0.01894729770720005,0.5046517848968506
16.9060001373291,-13.753999710083008,0.6517595052719116,2.751516342163086,0.06853669136762619,0.0921984538435936,0.0525539331138134,0.18723928928375244
16.9060001373291,-13.753999710083008,0.8488857746124268,5.054859161376953,0.07045918703079224,0.12862062454223633,-0.009774784557521343,0.3081088364124298
16.9060001373291,-12.753999710083008,0.6995000839233398,5.468407154083252,0.05415401607751846,1.5339678525924683,-0.0697716772556305,0.2740515172481537
16.9060001373291,-12.753999710083008,1.1309653520584106,2.4847283363342285,0.11451661586761475,0.028291048482060432,0.10565200448036194,0.3398553431034088
16.9060001373291,-12.753999710083008,1.138861894607544,5.573722839355469,0.09680613875389099,0.030806485563516617,-0.04053162783384323,0.3860931098461151
16.9060001373291,-11.753999710083008,0.8070818185806274,4.083431243896484,0.10268186777830124,1.8624917268753052,-0.06553561240434647,0.14823433756828308
16.9060001373291,-11.753999710083008,1.3191717863082886,2.440992593765259,0.1985098272562027,0.031537219882011414,0.2150905430316925,0.408837229013443
16.9060001373291,-11.753999710083008,1.0892058610916138,5.513405799865723,0.07678518444299698,0.04003443941473961,-0.06453481316566467,0.4429284632205963
16.9060001373291,-10.753999710083008,0.8437756896018982,4.258713722229004,0.12984782457351685,2.0073678493499756,-0.02188899740576744,0.13156530261039734
16.9060001373291,-10.753999710083008,1.2427846193313599,2.3733086585998535,0.18835455179214478,0.03491228073835373,0.1376008838415146,0.37733355164527893
16.9060001373291,-10.753999710083008,1.1061664819717407,5.499873161315918,0.09547591954469681,0.04930699244141579,-0.03168274089694023,0.4911012351512909
16.9060001373291,-9.753999710083008,0.8127596378326416,5.1593098640441895,0.12497618794441223,2.210378408432007,-0.021220393478870392,0.09477011114358902
16.9060001373291,-9.753999710083008,1.1844279766082764,2.327263832092285,0.1481357365846634,0.03235450014472008,0.11083749681711197,0.3723686635494232
16.9060001373291,-9.753999710083008,1.0945026874542236,5.492581367492676,0.07889796048402786,0.03208554536104202,-0.044399332255125046,0.5328612923622131
16.9060001373291,-8.753999710083008,0.6147345304489136,0.6617758274078369,0.023900765925645828,0.5727134346961975,-0.055290255695581436,0.6790012121200562
16.9060001373291,-8.753999710083008,0.954018771648407,1.89255690574646,0.16599011421203613,0.0809347927570343,0.012834831140935421,0.09386154264211655
16.9060001373291,-8.753999710083008,0.7737507820129395,5.823850631713867,0.05711859464645386,0.06232866272330284,0.08242721110582352,0.2271372228860855
16.9060001373291,-7.754000186920166,0.5333608984947205,0.9963985681533813,0.027989614754915237,0.6469517946243286,0.03460169583559036,0.0372115783393383
16.9060001373291,-7.754000186920166,1.0255532264709473,0.9725856781005859,0.16680845618247986,0.6276307702064514,0.20133961737155914,0.9606066346168518
16.9060001373291,-7.754000186920166,1.1096733808517456,1.21589195728302,0.8459864258766174,0.10769951343536377,0.2376803755760193,0.0021818228997290134
17.9060001373291,-15.753999710083008,0.7225610017776489,5.487293243408203,0.021967556327581406,0.10637282580137253,-0.07816489040851593,0.9135861992835999
17.9060001373291,-15.753999710083008,0.6072489023208618,0.9760554432868958,0.05447366088628769,2.7044057846069336,0.2908180356025696,0.015795396640896797
17.9060001373291,-15.753999710083008,0.7246649265289307,4.834672451019287,0.04880708456039429,1.21818208694458,0.16205845773220062,0.07061845809221268
17.9060001373291,-14.753999710083008,0.6894038915634155,3.543226957321167,0.05562720447778702,0.7710447311401367,-0.05033734068274498,0.2783293128013611
17.9060001373291,-14.753999710083008,0.4614906311035156,2.179839611053467,0.037268199026584625,1.8255897760391235,0.12183269113302231,0.24242796003818512
17.9060001373291,-14.753999710083008,0.6244838833808899,4.748239994049072,0.014343783259391785,0.2750130295753479,-0.009088724851608276,0.4792427718639374
17.9060001373291,-13.753999710083008,0.6982933282852173,4.688721656799316,0.04841148480772972,2.1728851795196533,-0.07256875932216644,0.1612941175699234
17.9060001373291,-13.753999710083008,1.0509635210037231,2.557338237762451,0.09173450618982315,0.02927396073937416,0.1220376193523407,0.3562217354774475
17.9060001373291,-13.753999710083008,1.1289148330688477,5.752991199493408,0.08324286341667175,0.03320668637752533,-0.1148122251033783,0.4824841320514679
17.9060001373291,-12.753999710083008,0.7019888162612915,3.386049270629883,0.06096581742167473,1.5833721160888672,-0.025288285687565804,0.0844944640994072
17.9060001373291,-12.753999710083008,1.1432511806488037,2.4482243061065674,0.10788004845380783,0.03375774249434471,0.15165017545223236,0.5755239725112915
17.9060001373291,-12.753999710083008,1.2502796649932861,5.674489498138428,0.13000138103961945,0.03385520353913307,-0.1242985725402832,0.3399815261363983
17.9060001373291,-11.753999710083008,0.767713725566864,3.9869441986083984,0.11463716626167297,1.4121259450912476,-0.02384515106678009,0.1971588283777237
17.9060001373291,-11.753999710083008,1.2775559425354004,2.445394277572632,0.17173811793327332,0.03493116423487663,0.1690557301044464,0.27848631143569946
17.9060001373291,-11.753999710083008,1.126551866531372,5.552672863006592,0.11235970258712769,0.06428710371255875,0.0700731873512268,0.524354875087738
17.9060001373291,-10.753999710083008,0.6887967586517334,3.365356683731079,0.044961027801036835,1.1472481489181519,-0.08602002263069153,0.35989928245544434
17.9060001373291,-10.753999710083008,1.3411799669265747,2.4260120391845703,0.2674482464790344,0.028376948088407516,0.23799145221710205,0.2009812295436859
17.9060001373291,-10.753999710083008,1.1335941553115845,5.471323013305664,0.12085048854351044,0.036053579300642014,0.06381215900182724,0.43911951780319214
17.9060001373291,-9.753999710083008,0.616992712020874,0.8162124156951904,0.04209570959210396,1.4031440019607544,0.08963387459516525,0.3351118266582489
17.9060001373291,-9.753999710083008,0.7121585607528687,1.6507066488265991,0.0929824486374855,0.2137543112039566,0.06759478896856308,0.632294774055481
17.9060001373291,-9.753999710083008,0.7774262428283691,6.141490936279297,0.17795643210411072,0.6258068680763245,0.10192713886499405,0.032593388110399246
17.9060001373291,-8.753999710083008,0.9689192771911621,0.3301030099391937,0.18302762508392334,0.5118973851203918,0.06084608659148216,0.15120278298854828
17.9060001373291,-8.753999710083008,0.7288427352905273,0.8711555004119873,0.02857094258069992,0.6319708824157715,0.3827657997608185,0.5364463925361633
17.9060001373291,-8.753999710083008,0.9203583598136902,0.813218355178833,0.16275039315223694,0.1903260499238968,0.1852821409702301,0.3123508393764496
18.9060001373291,-15.753999710083008,0.6990216970443726,5.2590179443359375,0.086805060505867,0.3608511984348297,-0.1059482991695404,0.13358037173748016
18.9060001373291,-15.753999710083008,0.5683026909828186,1.5847129821777344,0.05859541520476341,0.6107444167137146,-0.04817826673388481,0.01029838528484106
18.9060001373291,-15.753999710083008,0.6056690216064453,4.589141368865967,0.02022426389157772,0.36479341983795166,0.04369795694947243,0.8561212420463562
18.9060001373291,-14.753999710083008,0.5963089466094971,4.792191982269287,0.021378498524427414,1.2890080213546753,0.043750256299972534,0.5025942325592041
18.9060001373291,-14.753999710083008,0.8062819838523865,2.6069416999816895,0.11256280541419983,0.1667247712612152,0.13447217643260956,0.2006770819425583
18.9060001373291,-14.753999710083008,0.9379341006278992,5.578503608703613,0.07867566496133804,0.05883048474788666,-0.02721521444618702,0.2967287003993988
18.9060001373291,-13.753999710083008,0.7635567784309387,3.7634437084198,0.08784692734479904,2.4335038661956787,-0.012322524562478065,0.1010817289352417
18.9060001373291,-13.753999710083008,1.0474358797073364,2.4800684452056885,0.06677556782960892,0.026696372777223587,-0.019684629514813423,0.5529832243919373
18.9060001373291,-13.753999710083008,1.0967895984649658,5.747185707092285,0.07569613307714462,0.0429716631770134,-0.11360694468021393,0.34593501687049866
18.9060001373291,-12.753999710083008,0.8429240584373474,3.436027765274048,0.2103969156742096,2.0291218757629395,0.01815141923725605,0.03915594145655632
18.9060001373291,-12.753999710083008,1.0515775680541992,2.4215922355651855,0.07229820638895035,0.0310678593814373,0.046411141753196716,0.47267526388168335
18.9060001373291,-12.753999710083008,1.1639238595962524,5.6921844482421875,0.09674951434135437,0.03609594702720642,-0.08425591140985489,0.48816874623298645
18.9060001373291,-11.753999710083008,0.7293974757194519,2.903977632522583,0.10676993429660797,1.4006472826004028,0.05659564957022667,0.12970171868801117
18.9060001373291,-11.753999710083008,1.0573829412460327,2.465512990951538,0.08961736410856247,0.03229326382279396,0.038495223969221115,0.32423919439315796
18.9060001373291,-11.753999710083008,1.2893668413162231,5.700018882751465,0.18533524870872498,0.05192428454756737,0.07059119641780853,0.5460591316223145
18.9060001373291,-10.753999710083008,0.7300370931625366,1.9822275638580322,0.11211591958999634,1.3647522926330566,0.004570427350699902,0.2864035367965698
18.9060001373291,-10.753999710083008,0.7955636382102966,2.232201337814331,0.09331880509853363,0.11158428341150284,0.08527287095785141,0.23537355661392212
18.9060001373291,-10.753999710083008,0.8170764446258545,5.869248390197754,0.06366059929132462,0.07954172044992447,-0.028489379212260246,0.4782228171825409
18.9060001373291,-9.753999710083008,1.196389079093933,1.3661597967147827,0.5213627219200134,0.22298865020275116,-0.07759576290845871,0.06842919439077377
18.9060001373291,-9.753999710083008,0.7820219993591309,0.014435157179832458,0.023548975586891174,4.252381324768066,0.3997690975666046,0.9014913439750671
18.9060001373291,-9.753999710083008,0.8226202130317688,0.6546669602394104,0.09820684045553207,25.942182540893555,0.010970463044941425,0.030079463496804237
18.9060001373291,-8.753999710083008,1.6734551191329956,0.25963881611824036,1.3496333360671997,1.8033899068832397,0.2826480567455292,0.0015712365275248885
18.9060001373291,-8.753999710083008,1.1302777528762817,2.4934544563293457,0.045453306287527084,2.3442578315734863,0.5630800724029541,0.08355928212404251
18.9060001373291,-8.753999710083008,1.5789248943328857,0.2487812042236328,0.055360473692417145,0.005727495066821575,-0.013418076559901237,0.9148695468902588
19.9060001373291,-16.753999710083008,0.472671240568161,3.853086233139038,0.01946488581597805,2.600538492202759,0.00822226982563734,0.05282672867178917
19.9060001373291,-16.753999710083008,0.5590303540229797,2.5461084842681885,0.01150588970631361,0.07268859446048737,-0.18708105385303497,0.8864789009094238
19.9060001373291,-16.753999710083008,0.7520158290863037,4.830558776855469,0.09410593658685684,0.4525606632232666,0.34196823835372925,0.060694362968206406
19.9060001373291,-15.753999710083008,0.5367187261581421,4.364712238311768,0.03798602521419525,1.2103163003921509,-0.0365765206515789,0.4431268870830536
19.9060001373291,-15.753999710083008,0.6665065288543701,2.642991781234741,0.12293721735477448,0.3423672914505005,-0.08856096863746643,0.17182715237140656
19.9060001373291,-15.753999710083008,0.7384473085403442,4.819218158721924,0.06270084530115128,0.23278263211250305,-0.04263298586010933,0.38504597544670105
19.9060001373291,-14.753999710083008,0.7356261610984802,4.530670166015625,0.0558367483317852,2.47210955619812,0.013104056008160114,0.10676363855600357
19.9060001373291,-14.753999710083008,1.1024904251098633,2.5100507736206055,0.09142147749662399,0.038171812891960144,0.005130478646606207,0.44773247838020325
19.9060001373291,-14.753999710083008,0.976052463054657,5.794316291809082,0.05864490196108818,0.054398152977228165,-0.02005644328892231,0.44550392031669617
19.9060001373291,-13.753999710083008,0.9176529049873352,3.902284622192383,0.2582683265209198,2.2279469966888428,0.04791439324617386,0.05468089133501053
19.9060001373291,-13.753999710083008,1.0974040031433105,2.527400493621826,0.06065242737531662,0.03208170458674431,0.09591760486364365,0.46761953830718994
19.9060001373291,-13.753999710083008,1.0261470079421997,5.715368747711182,0.051088642328977585,0.048475850373506546,-0.003827230539172888,0.47769951820373535
19.9060001373291,-12.753999710083008,0.7276627421379089,4.318630218505859,0.08058837056159973,2.287041425704956,-0.05108177289366722,0.12393341958522797
19.9060001373291,-12.753999710083008,1.0233229398727417,2.4755327701568604,0.08404990285634995,0.036049142479896545,0.09418419748544693,0.31093156337738037
19.9060001373291,-12.753999710083008,0.9837284088134766,5.70039176940918,0.06330949068069458,0.03422188758850098,-0.05556391179561615,0.5651350617408752
19.9060001373291,-11.753999710083008,0.6577001810073853,4.723708152770996,0.04250911623239517,1.9092841148376465,0.0891166403889656,0.22811907529830933
19.9060001373291,-11.753999710083008,0.8966895341873169,2.3044986724853516,0.0975433960556984,0.08554162830114365,0.21288251876831055,0.39186394214630127
19.9060001373291,-11.753999710083008,0.9965199828147888,5.573112487792969,0.10202120244503021,0.08876651525497437,0.12072214484214783,0.38001689314842224
19.9060001373291,-10.753999710083008,0.6989487409591675,0.8910409808158875,0.15004205703735352,0.794382631778717,-0.02124413289129734,0.10856328159570694
19.9060001373291,-10.753999710083008,0.6229082942008972,1.593923807144165,0.029942147433757782,0.29826638102531433,0.3538055717945099,0.813309907913208
19.9060001373291,-10.753999710083008,0.588627278804779,0.9262272119522095,0.04216831550002098,0.31754061579704285,-0.15266278386116028,0.07812677323818207
19.9060001373291,-9.753999710083008,2.1119861602783203,2.122392416000366,4.725866794586182,0.023239798843860626,-0.28600504994392395,0.04298998787999153
19.9060001373291,-9.753999710083008,1.239885687828064,6.074158668518066,0.07533649355173111,114.88184356689453,0.33287662267684937,0.5794899463653564
19.9060001373291,-9.753999710083008,1.1341248750686646,5.700560092926025,0.22002874314785004,617.9215698242188,-0.03729965537786484,0.3775201141834259
20.9060001373291,-18.753999710083008,0.7418756484985352,4.434802532196045,0.23756414651870728,2.125293016433716,0.0136832594871521,0.20001137256622314
20.9060001373291,-18.753999710083008,0.7362784743309021,2.671004295349121,0.05517011508345604,0.07552910596132278,0.11512475460767746,0.5511114001274109
20.9060001373291,-18.753999710083008,0.7399040460586548,5.144974708557129,0.046355705708265305,0.1466975063085556,0.1075182631611824,0.24887728691101074
20.9060001373291,-17.753999710083008,0.8488043546676636,3.8881678581237793,0.268137127161026,0.7549052238464355,-0.05546697601675987,0.01858084462583065
20.9060001373291,-17.753999710083008,0.4632495045661926,2.667069911956787,0.02674288861453533,1.3174148797988892,0.1268341988325119,0.09091881662607193
20.9060001373291,-17.753999710083008,0.5260407328605652,3.7507271766662598,0.01300829742103815,0.7126925587654114,0.16884316504001617,0.8905003666877747
20.9060001373291,-16.753999710083008,0.9346209764480591,4.120326042175293,0.6524673104286194,1.4993171691894531,0.09989695996046066,0.05574435740709305
20.9060001373291,-16.753999710083008,0.5807119011878967,2.143498659133911,0.013071944937109947,0.3274516463279724,-0.23615968227386475,0.7254072427749634
20.9060001373291,-16.753999710083008,0.5795018672943115,4.430541038513184,0.013121536932885647,0.18540073931217194,0.06274070590734482,0.21884840726852417
20.9060001373291,-15.753999710083008,0.6992497444152832,5.562314510345459,0.055723682045936584,1.8395891189575195,-0.05639032647013664,0.08890613913536072
20.9060001373291,-15.753999710083008,1.0413843393325806,2.4525909423828125,0.1495370715856552,0.09773910790681839,0.0417119562625885,0.4664701223373413
20.9060001373291,-15.753999710083008,1.108362078666687,5.745553016662598,0.093058742582798,0.04983274266123772,-0.15832045674324036,0.4446237087249756
20.9060001373291,-14.753999710083008,0.70947265625,4.520916938781738,0.05266417935490608,2.3443291187286377,-0.0606941357254982,0.10290869325399399
20.9060001373291,-14.753999710083008,1.1313334703445435,2.5729751586914062,0.08691968768835068,0.0268702395260334,-0.027886589989066124,0.4599928557872772
20.9060001373291,-14.753999710083008,1.0196642875671387,5.821735858917236,0.05934479460120201,0.04147999733686447,-0.12006767839193344,0.43709853291511536
20.9060001373291,-13.753999710083008,0.6789456605911255,4.6770243644714355,0.05767594650387764,2.1788012981414795,-0.08368206769227982,0.12337888032197952
20.9060001373291,-13.753999710083008,1.1113367080688477,2.5632541179656982,0.09865123778581619,0.026521163061261177,0.12256890535354614,0.31693002581596375
20.9060001373291,-13.753999710083008,0.956900417804718,5.769576549530029,0.05985339358448982,0.0471758097410202,-0.07293810695409775,0.5596910715103149
20.9060001373291,-12.753999710083008,0.6959388256072998,5.920199871063232,0.04669772833585739,1.917012095451355,-0.08776700496673584,0.15741325914859772
20.9060001373291,-12.753999710083008,1.0168858766555786,2.5205020904541016,0.08781815320253372,0.020962217822670937,0.21634522080421448,0.33044669032096863
20.9060001373291,-12.753999710083008,1.008347511291504,5.6593918800354,0.060032591223716736,0.030519559979438782,-0.04005180671811104,0.5121400356292725
20.9060001373291,-11.753999710083008,0.728358805179596,6.158489227294922,0.21171791851520538,1.0126155614852905,0.0971212089061737,0.08464204519987106
20.9060001373291,-11.753999710083008,0.6250607371330261,1.8925018310546875,0.03173036500811577,0.6997625827789307,-0.12755584716796875,0.8160492777824402
20.9060001373291,-11.753999710083008,0.6331077218055725,5.767768383026123,0.025920294225215912,0.9341545701026917,-0.011286096647381783,0.09930863976478577
20.9060001373291,-10.753999710083008,0.8717749714851379,0.8665193319320679,0.10422017425298691,1.11968994140625,0.045095525681972504,0.16302035748958588
20.9060001373291,-10.753999710083008,0.8057992458343506,1.75589919090271,0.16777320206165314,3.0353968143463135,0.2434123307466507,0.47175952792167664
20.9060001373291,-10.753999710083008,0.9348101019859314,0.46744853258132935,0.10167320817708969,0.4044826626777649,-0.24291588366031647,0.36522015929222107
21.9060001373291,-19.753999710083008,0.6588488817214966,2.8823349475860596,0.10404611378908157,0.3818250000476837,0.032542839646339417,0.16606001555919647
21.9060001373291,-19.753999710083008,0.2779708504676819,2.544332504272461,0.09406111389398575,7.977909088134766,0.053006768226623535,0.008324976079165936
21.9060001373291,-19.753999710083008,0.523130476474762,3.7989017963409424,0.011864346452057362,0.119097039103508,0.07439283281564713,0.8256150484085083
21.9060001373291,-18.753999710083008,0.7105664610862732,5.269350051879883,0.13382582366466522,0.8311482667922974,0.05754084512591362,0.15155555307865143
21.9060001373291,-18.753999710083008,0.5215544104576111,2.2593047618865967,0.059860311448574066,1.5449697971343994,0.03840766102075577,0.3016063868999481
21.9060001373291,-18.753999710083008,0.6386099457740784,4.421571254730225,0.023355957120656967,0.6862355470657349,0.2271188646554947,0.546838104724884
21.9060001373291,-17.753999710083008,0.7857530117034912,4.3413615226745605,0.10087469220161438,0.6204444169998169,0.02397211454808712,0.3904856741428375
21.9060001373291,-17.753999710083008,0.473949670791626,2.2250733375549316,0.03316650167107582,1.5415891408920288,0.22438347339630127,0.3629601001739502
21.9060001373291,-17.753999710083008,0.5708778500556946,4.504751682281494,0.018992679193615913,0.6327095031738281,0.15823540091514587,0.2465542107820511
21.9060001373291,-16.753999710083008,0.7006189823150635,4.808300018310547,0.03855690732598305,1.488452434539795,0.06330208480358124,0.25200095772743225
21.9060001373291,-16.753999710083008,0.8266277313232422,2.4750189781188965,0.10655578225851059,0.2132793366909027,0.21407760679721832,0.5540977120399475
21.9060001373291,-16.753999710083008,0.8639131784439087,5.270236968994141,0.08075249195098877,0.16708238422870636,-0.027685843408107758,0.1939014196395874
21.9060001373291,-15.753999710083008,0.8626093864440918,3.960317850112915,0.13485302031040192,2.171318531036377,0.023579590022563934,0.08249853551387787
21.9060001373291,-15.753999710083008,1.0564513206481934,2.6523382663726807,0.0781407579779625,0.03644183278083801,0.08481858670711517,0.5407068133354187
21.9060001373291,-15.753999710083008,1.1451389789581299,5.854227542877197,0.0778239443898201,0.036511439830064774,-0.16862936317920685,0.3767946660518646
21.9060001373291,-14.753999710083008,0.7372924089431763,4.151551246643066,0.07987948507070541,2.767559289932251,-0.004421215504407883,0.06572151929140091
21.9060001373291,-14.753999710083008,1.213505506515503,2.649090528488159,0.09853158891201019,0.025588206946849823,-0.003662683768197894,0.43620702624320984
21.9060001373291,-14.753999710083008,1.0879353284835815,5.841507911682129,0.06312976032495499,0.03972751274704933,-0.08947262167930603,0.49807146191596985
21.9060001373291,-13.753999710083008,0.6394600868225098,4.390706539154053,0.041490886360406876,2.509962797164917,-0.026998400688171387,0.06999088078737259
21.9060001373291,-13.753999710083008,1.2087137699127197,2.587740182876587,0.1379457414150238,0.023248888552188873,0.1824730783700943,0.28473958373069763
21.9060001373291,-13.753999710083008,1.0173821449279785,5.780419826507568,0.05614235997200012,0.03188379853963852,-0.0418124794960022,0.6452695727348328
21.9060001373291,-12.753999710083008,0.7056479454040527,2.204436779022217,0.0339096337556839,1.5994895696640015,-0.1380581557750702,0.6893867254257202
21.9060001373291,-12.753999710083008,0.7481441497802734,2.2119529247283936,0.09303509443998337,0.12714263796806335,0.2001134157180786,0.15210531651973724
21.9060001373291,-12.753999710083008,0.7683634161949158,5.752054214477539,0.06179483234882355,0.18179398775100708,-0.09364278614521027,0.15850797295570374
21.9060001373291,-11.753999710083008,0.7575695514678955,1.1676911115646362,0.40301015973091125,1.1559107303619385,0.04130250960588455,0.007984129711985588
21.9060001373291,-11.753999710083008,0.6231732964515686,0.985164225101471,0.025909433141350746,0.49749064445495605,0.0551229752600193,0.9910740256309509
21.9060001373291,-11.753999710083008,0.7401856780052185,0.8276288509368896,0.164567232131958,21.809059143066406,-0.02793329954147339,0.0009418834233656526
21.9060001373291,-10.753999710083008,0.9160383939743042,2.244060516357422,0.3045329451560974,1.8463354110717773,-0.03518470749258995,0.001805502106435597
21.9060001373291,-10.753999710083008,0.9332433938980103,1.763784646987915,0.1933957189321518,2.9953370094299316,0.138563334941864,0.5475645065307617
21.9060001373291,-10.753999710083008,0.743598461151123,5.406172275543213,0.0599045567214489,0.8536486625671387,-0.08986030519008636,0.45062994956970215
22.9060001373291,-19.753999710083008,0.629317045211792,4.4785943031311035,0.052370522171258926,1.141395926475525,-0.017683325335383415,0.5153971314430237
22.9060001373291,-19.753999710083008,0.4992905855178833,1.8423421382904053,0.08336441218852997,0.7473534941673279,0.2449801117181778,0.1865648329257965
22.9060001373291,-19.753999710083008,0.6132993698120117,4.7237114906311035,0.025423144921660423,0.1518174111843109,0.11206924170255661,0.2980380356311798
22.9060001373291,-18.753999710083008,0.7619574069976807,5.425241470336914,0.0993233472108841,0.7162018418312073,-0.006270339246839285,0.11663809418678284
22.9060001373291,-18.753999710083008,0.5481243133544922,1.9044698476791382,0.031357668340206146,2.562098741531372,-0.07832502573728561,0.19010627269744873
22.9060001373291,-18.753999710083008,0.6802534461021423,4.698589324951172,0.014222797006368637,0.32853108644485474,0.10530179738998413,0.693255603313446
22.9060001373291,-17.753999710083008,0.7920339107513428,4.731329917907715,0.08128038793802261,1.065018892288208,0.06268836557865143,0.19178472459316254
22.9060001373291,-17.753999710083008,0.6242555379867554,2.6270978450775146,0.04743925482034683,1.1796238422393799,0.3156922161579132,0.693011999130249
22.9060001373291,-17.753999710083008,0.660961925983429,4.756277084350586,0.02564428560435772,0.20646704733371735,0.009343715384602547,0.11520334333181381
22.9060001373291,-16.753999710083008,0.7766254544258118,5.263674736022949,0.05235862359404564,1.6841089725494385,-0.04843482747673988,0.204258531332016
22.9060001373291,-16.753999710083008,1.0344724655151367,2.552461862564087,0.12764613330364227,0.07677189260721207,0.2618781328201294,0.37411439418792725
22.9060001373291,-16.753999710083008,0.9934962391853333,5.783763885498047,0.07674635946750641,0.050805915147066116,-0.08531215041875839,0.42162713408470154
22.9060001373291,-15.753999710083008,0.8665698766708374,3.8111023902893066,0.1368052214384079,2.0786116123199463,-0.007433737628161907,0.089082270860672
22.9060001373291,-15.753999710083008,1.0892032384872437,2.6410491466522217,0.07689189165830612,0.027280697599053383,0.05908685550093651,0.4804382920265198
22.9060001373291,-15.753999710083008,1.1250231266021729,5.893468379974365,0.07285070419311523,0.041036784648895264,-0.12469223886728287,0.4304795265197754
22.9060001373291,-14.753999710083008,0.7317957878112793,3.5231211185455322,0.07662474364042282,1.7321631908416748,0.01585202105343342,0.13711795210838318
22.9060001373291,-14.753999710083008,1.1489150524139404,2.61930513381958,0.09887764602899551,0.029458433389663696,0.09380172193050385,0.35931748151779175
22.9060001373291,-14.753999710083008,1.17350172996521,5.884241580963135,0.08741365373134613,0.03229176998138428,-0.04811544343829155,0.5035645961761475
22.9060001373291,-13.753999710083008,0.5772032737731934,4.787853240966797,0.029820429161190987,2.421837329864502,0.015109142288565636,0.21012014150619507
22.9060001373291,-13.753999710083008,1.0825870037078857,2.6117401123046875,0.1612943708896637,0.03722962737083435,0.18567878007888794,0.30297818779945374
22.9060001373291,-13.753999710083008,1.0609829425811768,5.851945877075195,0.08080113679170609,0.02953789196908474,0.016645660623908043,0.4869016110897064
22.9060001373291,-12.753999710083008,0.805470883846283,1.2128888368606567,0.06107405573129654,1.229732871055603,-0.08466468006372452,0.6723553538322449
22.9060001373291,-12.753999710083008,0.6832943558692932,1.812035083770752,0.09885188192129135,0.7906205654144287,-0.07855281978845596,0.222059965133667
22.9060001373291,-12.753999710083008,0.7253725528717041,5.358552932739258,0.12628261744976044,1.8141541481018066,-0.023437991738319397,0.10558471828699112
22.9060001373291,-11.753999710083008,0.6469873785972595,6.218898773193359,0.17925255000591278,0.5301540493965149,0.3156195282936096,0.00040152252768166363
22.9060001373291,-11.753999710083008,0.8064269423484802,0.5988085865974426,0.01935424841940403,0.03826658055186272,0.35201147198677063,0.9995978474617004
22.9060001373291,-11.753999710083008,0.7226983904838562,0.6178224682807922,0.9325112700462341,9.229012489318848,0.11390616744756699,5.47831007224886e-07
23.9060001373291,-20.753999710083008,0.639568030834198,4.703611373901367,0.006336812395602465,0.35567551851272583,-0.07525520026683807,0.9915600419044495
23.9060001373291,-20.753999710083008,0.7764031291007996,0.4778341054916382,0.470034122467041,2.534897565841675,-0.27906280755996704,0.0016649754252284765
23.9060001373291,-20.753999710083008,0.9494274258613586,5.514047145843506,0.08102109283208847,0.44676798582077026,-0.14506854116916656,0.00677496800199151
23.9060001373291,-19.753999710083008,0.6397220492362976,4.8389716148376465,0.03697643801569939,2.029353380203247,-0.08001860231161118,0.3515090346336365
23.9060001373291,-19.753999710083008,0.570084810256958,1.304519772529602,0.07902492582798004,1.0613305568695068,0.32115310430526733,0.17885722219944
23.9060001373291,-19.753999710083008,0.6101278066635132,5.717588424682617,0.018728768453001976,0.13209331035614014,-0.04766389727592468,0.46963366866111755
23.9060001373291,-18.753999710083008,0.6060556769371033,5.955248832702637,0.021205991506576538,0.5925020575523376,-0.040585458278656006,0.6635482907295227
23.9060001373291,-18.753999710083008,0.7089409828186035,1.779760718345642,0.08620937168598175,0.6404682993888855,-0.11790314316749573,0.16586211323738098
23.9060001373291,-18.753999710083008,0.8120637536048889,5.535846710205078,0.07422927767038345,0.4293173551559448,-0.12016437202692032,0.1705896407365799
23.9060001373291,-17.753999710083008,0.7610384821891785,5.205386161804199,0.03272973746061325,1.5481503009796143,-0.04932471364736557,0.3946794271469116
23.9060001373291,-17.753999710083008,1.0444334745407104,2.6191537380218506,0.14179210364818573,0.3210253119468689,0.3549478352069855,0.4427286982536316
23.9060001373291,-17.753999710083008,0.9526387453079224,5.698924541473389,0.08042631298303604,0.08293770253658295,-0.21414828300476074,0.1625918447971344
23.9060001373291,-16.753999710083008,0.7788874506950378,3.518324613571167,0.09480641782283783,2.17578387260437,-0.013117034919559956,0.10944950580596924
23.9060001373291,-16.753999710083008,1.1329485177993774,2.667509078979492,0.08351600170135498,0.02079741284251213,0.11065709590911865,0.4956068694591522
23.9060001373291,-16.753999710083008,1.02629816532135,5.896518707275391,0.05783621594309807,0.03138213977217674,-0.11441782861948013,0.39494362473487854
23.9060001373291,-15.753999710083008,0.8956998586654663,3.604402542114258,0.21917320787906647,2.2139198780059814,0.0055000497959554195,0.05172568932175636
23.9060001373291,-15.753999710083008,1.1041302680969238,2.640300989151001,0.07249048352241516,0.026219921186566353,0.051751863211393356,0.4411969780921936
23.9060001373291,-15.753999710083008,1.0670912265777588,5.92213773727417,0.06044409051537514,0.03417934104800224,-0.09222900122404099,0.5070772767066956
23.9060001373291,-14.753999710083008,0.7472711205482483,4.410245895385742,0.06810178607702255,1.9246913194656372,-0.0003341177653055638,0.1043180301785469
23.9060001373291,-14.753999710083008,1.0594414472579956,2.623061180114746,0.0921129360795021,0.029433229938149452,0.13896116614341736,0.30832749605178833
23.9060001373291,-14.753999710083008,1.204488754272461,5.901493549346924,0.0961633250117302,0.026389867067337036,-0.036666449159383774,0.5873544216156006
23.9060001373291,-13.753999710083008,0.7962373495101929,5.703298091888428,0.2011502981185913,1.1841528415679932,0.00092697684885934,0.04265604168176651
23.9060001373291,-13.753999710083008,0.5333440899848938,2.9809134006500244,0.0618639700114727,0.7272494435310364,-0.019398754462599754,0.20589867234230042
23.9060001373291,-13.753999710083008,0.5596192479133606,4.052611351013184,0.01745324395596981,0.09889695048332214,0.1856786608695984,0.7514452934265137
23.9060001373291,-12.753999710083008,1.1254264116287231,1.9103978872299194,0.31148725748062134,0.5521862506866455,0.04773657023906708,0.5508646965026855
23.9060001373291,-12.753999710083008,0.7523148059844971,1.6954586505889893,0.09403596073389053,1.3602321147918701,0.06001272425055504,0.36712560057640076
23.9060001373291,-12.753999710083008,0.8219943046569824,5.726806163787842,0.2092292755842209,2.6054184436798096,-0.0325888954102993,0.08200972527265549
24.9060001373291,-19.753999710083008,0.7144970297813416,5.168104648590088,0.0313149094581604,1.9994462728500366,0.029752692207694054,0.11635258048772812
24.9060001373291,-19.753999710083008,0.6853335499763489,1.721479892730713,0.25389233231544495,0.925726592540741,0.24265839159488678,0.06274257600307465
24.9060001373291,-19.753999710083008,0.7730200290679932,5.2900238037109375,0.05413072928786278,0.10278185456991196,-0.025789577513933182,0.8209047913551331
24.9060001373291,-18.753999710083008,0.5484366416931152,0.14137454330921173,0.009816729463636875,1.2335504293441772,0.008373819291591644,0.5095253586769104
24.9060001373291,-18.753999710083008,0.8128015398979187,2.261291742324829,0.20826676487922668,0.9883033633232117,-0.16490331292152405,0.23334456980228424
24.9060001373291,-18.753999710083008,0.9647374153137207,5.630782127380371,0.15184329450130463,0.2641492486000061,-0.18538448214530945,0.2571300268173218
24.9060001373291,-17.753999710083008,0.7246285080909729,4.90705680847168,0.038505859673023224,1.9509315490722656,-0.09310332685709,0.35747408866882324
24.9060001373291,-17.753999710083008,1.0994787216186523,2.849090099334717,0.12797307968139648,0.06939765065908432,0.1982845515012741,0.3596777021884918
24.9060001373291,-17.753999710083008,1.0647804737091064,5.991888046264648,0.08736082166433334,0.04618994519114494,-0.19941696524620056,0.28284817934036255
24.9060001373291,-16.753999710083008,0.8480696082115173,3.5357205867767334,0.13762949407100677,1.9672231674194336,-0.03653569146990776,0.08942832797765732
24.9060001373291,-16.753999710083008,1.2684705257415771,2.67929744720459,0.10055369883775711,0.01712978631258011,0.0330144539475441,0.5070316791534424
24.9060001373291,-16.753999710083008,1.048207402229309,5.9104180335998535,0.05690078064799309,0.03186458721756935,-0.06861110031604767,0.4035399854183197
24.9060001373291,-15.753999710083008,0.8765449523925781,4.088332653045654,0.17253495752811432,2.177314281463623,-0.017279881983995438,0.08453480899333954
24.9060001373291,-15.753999710083008,1.1783186197280884,2.6438450813293457,0.09322933852672577,0.02219224162399769,0.05406324565410614,0.3782274127006531
24.9060001373291,-15.753999710083008,1.0181139707565308,5.907034873962402,0.05297929793596268,0.03244268149137497,-0.08053241670131683,0.537237823009491
24.9060001373291,-14.753999710083008,0.6983786821365356,5.020736217498779,0.049365054816007614,2.6186511516571045,-0.004638443700969219,0.09286406636238098
24.9060001373291,-14.753999710083008,1.091570258140564,2.679582357406616,0.09471471607685089,0.02269638516008854,0.07645197212696075,0.3298930823802948
24.9060001373291,-14.753999710083008,1.0733096599578857,5.932265281677246,0.07090062648057938,0.02731400728225708,-0.019976938143372536,0.5772428512573242
24.9060001373291,-13.753999710083008,1.0066828727722168,0.8273205757141113,0.36816665530204773,1.311034917831421,0.030123591423034668,0.11117535829544067
24.9060001373291,-13.753999710083008,0.7253709435462952,1.361549973487854,0.0772077888250351,0.8480283617973328,0.21441049873828888,0.41457536816596985
24.9060001373291,-13.753999710083008,0.6303281784057617,0.12125387787818909,0.025493165478110313,0.19799628853797913,-0.02716420777142048,0.47424936294555664
24.9060001373291,-12.753999710083008,1.0531787872314453,1.3280620574951172,0.2506140470504761,0.337762713432312,0.0830124020576477,0.1307903379201889
24.9060001373291,-12.753999710083008,0.7752803564071655,1.3219915628433228,0.07016060501337051,0.29965755343437195,0.207329660654068,0.8415175676345825
24.9060001373291,-12.753999710083008,0.8766528367996216,0.4549650549888611,0.341830849647522,1.0906751155853271,-0.020393233746290207,0.027692114934325218
25.9060001373291,-19.753999710083008,0.6334465742111206,4.157432556152344,0.038280386477708817,1.5974584817886353,0.1302628219127655,0.09120505303144455
25.9060001373291,-19.753999710083008,0.6674290895462036,2.0293874740600586,0.20988553762435913,0.6686446666717529,0.16461211442947388,0.032220471650362015
25.9060001373291,-19.753999710083008,0.7414717078208923,4.981470584869385,0.03363695740699768,0.0999845489859581,0.14764373004436493,0.8765744566917419
25.9060001373291,-18.753999710083008,0.5665757656097412,5.664964199066162,0.016480114310979843,1.5988245010375977,0.03539174422621727,0.35146114230155945
25.9060001373291,-18.753999710083008,0.684297502040863,2.7855398654937744,0.12212685495615005,1.2940194606781006,-0.06095164641737938,0.27426663041114807
25.9060001373291,-18.753999710083008,0.8273925185203552,5.548599720001221,0.0674290657043457,0.14204859733581543,-0.10080540925264359,0.37427228689193726
25.9060001373291,-17.753999710083008,0.7321751117706299,4.317540168762207,0.05904591828584671,2.3563599586486816,-0.06551807373762131,0.1468231976032257
25.9060001373291,-17.753999710083008,1.1230578422546387,2.8056085109710693,0.10704360157251358,0.04249362275004387,0.16069047152996063,0.4550703763961792
25.9060001373291,-17.753999710083008,1.1081582307815552,5.965002059936523,0.07746241241693497,0.041906967759132385,-0.17122513055801392,0.3981064260005951
25.9060001373291,-16.753999710083008,0.9023650288581848,4.544506072998047,0.1382131576538086,2.1766090393066406,-0.0727044939994812,0.08551689237356186
25.9060001373291,-16.753999710083008,1.2398202419281006,2.7050392627716064,0.08886021375656128,0.02323088049888611,0.016778426244854927,0.44422680139541626
25.9060001373291,-16.753999710083008,1.160264015197754,5.905694961547852,0.0699087530374527,0.030521582812070847,-0.10367244482040405,0.47025635838508606
25.9060001373291,-15.753999710083008,0.8959901332855225,4.499991416931152,0.13923077285289764,2.024186849594116,-0.0028358716517686844,0.09482867270708084
25.9060001373291,-15.753999710083008,1.2626159191131592,2.689474105834961,0.10810018330812454,0.02280070260167122,0.05643230676651001,0.3359319269657135
25.9060001373291,-15.753999710083008,1.1397265195846558,5.923877239227295,0.0648597851395607,0.031427573412656784,-0.021286295726895332,0.5692393779754639
25.9060001373291,-14.753999710083008,0.6538271903991699,5.347679138183594,0.03180496022105217,2.876011848449707,-0.029995866119861603,0.12339621037244797
25.9060001373291,-14.753999710083008,1.1153039932250977,2.649064779281616,0.10728362202644348,0.025265326723456383,0.09665793925523758,0.34223875403404236
25.9060001373291,-14.753999710083008,0.9565173983573914,5.9740986824035645,0.051351241767406464,0.0330277681350708,0.012821493670344353,0.5343649983406067
25.9060001373291,-13.753999710083008,0.93843674659729,1.4499953985214233,0.1752207726240158,0.6506921052932739,-0.16796067357063293,0.08297451585531235
25.9060001373291,-13.753999710083008,0.7987871766090393,0.9657532572746277,0.03872907534241676,0.4337923526763916,0.6325335502624512,0.6510420441627502
25.9060001373291,-13.753999710083008,0.7162360548973083,1.40677809715271,0.058957841247320175,0.16228798031806946,0.14741048216819763,0.2659834623336792
25.9060001373291,-12.753999710083008,1.1034361124038696,1.4457018375396729,0.18776452541351318,0.5707290768623352,0.024064723402261734,0.02537858672440052
25.9060001373291,-12.753999710083008,0.9916850924491882,1.1915876865386963,0.11421692371368408,0.08001359552145004,0.016997599974274635,0.9722235202789307
25.9060001373291,-12.753999710083008,0.8938890099525452,6.114238739013672,0.26005521416664124,0.8522228598594666,-0.009233549237251282,0.002397972857579589
26.9060001373291,-19.753999710083008,0.9468086361885071,4.863900184631348,0.2552475929260254,1.0452700853347778,0.0014144425513222814,0.00018004042794927955
26.9060001373291,-19.753999710083008,0.5645648241043091,0.966879665851593,0.1492919772863388,7.264028549194336,0.1256834864616394,2.5402785468031652e-05
26.9060001373291,-19.753999710083008,0.8470699191093445,5.496616840362549,0.0069576227106153965,0.03577036410570145,0.031367529183626175,0.9997945427894592
26.9060001373291,-18.753999710083008,0.601873517036438,3.7358953952789307,0.016046468168497086,1.0078046321868896,0.14878535270690918,0.6158693432807922
26.9060001373291,-18.753999710083008,0.6676222085952759,2.944230079650879,0.10627859830856323,2.1662213802337646,-0.021985415369272232,0.16830411553382874
26.9060001373291,-18.753999710083008,0.7089326977729797,5.415602207183838,0.03504001721739769,0.16520433127880096,-0.011933531612157822,0.21582649648189545
26.9060001373291,-17.753999710083008,0.9140884280204773,4.31782865524292,0.20643350481987,2.1519739627838135,-0.00740743987262249,0.06423946470022202
26.9060001373291,-17.753999710083008,1.1319172382354736,2.8165838718414307,0.11372580379247665,0.06407295912504196,0.04847011715173721,0.49868834018707275
26.9060001373291,-17.753999710083008,1.1279897689819336,5.9490132331848145,0.08769626170396805,0.05239984765648842,-0.12449951469898224,0.4370722472667694
26.9060001373291,-16.753999710083008,0.9803274869918823,4.951387405395508,0.2042367160320282,2.014007568359375,-0.02278278023004532,0.06333769112825394
26.9060001373291,-16.753999710083008,1.1293492317199707,2.7364306449890137,0.0813961997628212,0.03590986877679825,0.06176329404115677,0.4185830056667328
26.9060001373291,-16.753999710083008,1.238372564315796,5.904052734375,0.08966805785894394,0.026684675365686417,-0.09434783458709717,0.5180793404579163
26.9060001373291,-15.753999710083008,0.8546169400215149,2.8264317512512207,0.11468423902988434,1.8671603202819824,0.04396810010075569,0.0716206505894661
26.9060001373291,-15.753999710083008,1.1680266857147217,2.6985747814178467,0.08046074211597443,0.024129942059516907,-0.02931155636906624,0.3445415496826172
26.9060001373291,-15.753999710083008,1.2620482444763184,5.935247898101807,0.08791835606098175,0.02293304167687893,-0.03495084121823311,0.5838377475738525
26.9060001373291,-14.753999710083008,0.5820826292037964,1.3446930646896362,0.01493374165147543,1.402154803276062,-0.1524616777896881,0.6523216962814331
26.9060001373291,-14.753999710083008,1.033445119857788,2.1477789878845215,0.17585235834121704,0.08439761400222778,0.13332928717136383,0.11592351645231247
26.9060001373291,-14.753999710083008,0.9764231443405151,5.895241737365723,0.0934702605009079,0.08164089173078537,0.05541449785232544,0.2317548245191574
26.9060001373291,-13.753999710083008,0.9048935174942017,1.2544211149215698,0.11124300211668015,0.42473724484443665,-0.235032856464386,0.12921442091464996
26.9060001373291,-13.753999710083008,0.8672900199890137,0.67710280418396,0.030158400535583496,0.49849647283554077,0.7402235269546509,0.5134490132331848
26.9060001373291,-13.753999710083008,0.77638179063797,1.8069257736206055,0.07006010413169861,0.19116200506687164,0.2355562001466751,0.3573366105556488
27.9060001373291,-19.753999710083008,0.7054985761642456,3.740391254425049,0.030773546546697617,0.2021719217300415,-0.19866622984409332,0.00216401694342494
27.9060001373291,-19.753999710083008,0.3520246148109436,1.6373869180679321,0.25089848041534424,47.851505279541016,0.06149040535092354,5.183869689062703e-07
27.9060001373291,-19.753999710083008,0.46931231021881104,4.828883171081543,0.002574875485152006,0.06517390161752701,-0.22189082205295563,0.9978354573249817
27.9060001373291,-18.753999710083008,0.5833908915519714,4.843289375305176,0.019791999831795692,1.6867862939834595,0.01185071375221014,0.5608056783676147
27.9060001373291,-18.753999710083008,0.6983456015586853,2.7391834259033203,0.08726193755865097,0.7129034996032715,0.14874833822250366,0.25033801794052124
27.9060001373291,-18.753999710083008,0.8531296253204346,5.983055591583252,0.05107373371720314,0.12112396955490112,-0.061924293637275696,0.1888563632965088
27.9060001373291,-17.753999710083008,0.7957500219345093,5.951659679412842,0.07149765640497208,2.1421051025390625,-0.06401325762271881,0.07886364310979843
27.9060001373291,-17.753999710083008,1.1325795650482178,2.7688918113708496,0.08709553629159927,0.04021235182881355,0.08230868726968765,0.49454057216644287
27.9060001373291,-17.753999710083008,1.0758074522018433,5.9991655349731445,0.06374972313642502,0.035100456327199936,-0.10477283596992493,0.4265957474708557
27.9060001373291,-16.753999710083008,0.8950312733650208,4.5162200927734375,0.15359266102313995,2.10667085647583,0.012875821441411972,0.0615890696644783
27.9060001373291,-16.753999710083008,1.0587058067321777,2.7409658432006836,0.08049602806568146,0.04113354533910751,0.03888298198580742,0.38701850175857544
27.9060001373291,-16.753999710083008,1.1200531721115112,5.982285022735596,0.07272008806467056,0.03430650383234024,-0.09997023642063141,0.5513923764228821
27.9060001373291,-15.753999710083008,0.7028732299804688,3.2158195972442627,0.04410122334957123,1.8761765956878662,0.06196818873286247,0.06801022589206696
27.9060001373291,-15.753999710083008,1.0872831344604492,2.755781650543213,0.08508987724781036,0.03611467778682709,-0.029109377413988113,0.279604434967041
27.9060001373291,-15.753999710083008,1.2271023988723755,5.968908786773682,0.08528601378202438,0.020643094554543495,-0.008296425454318523,0.6523853540420532
27.9060001373291,-14.753999710083008,0.7539713382720947,2.70959210395813,0.20933650434017181,1.3848625421524048,-0.09522245079278946,0.0656505674123764
27.9060001373291,-14.753999710083008,0.6860153079032898,1.476844310760498,0.05795860290527344,0.48527613282203674,-0.14231641590595245,0.9331759810447693
27.9060001373291,-14.753999710083008,0.7450535297393799,5.253049373626709,0.14619717001914978,4.953200340270996,0.09485149383544922,0.001173466327600181
28.9060001373291,-20.753999710083008,1.2847065925598145,4.526037216186523,3.088648796081543,0.5952221751213074,-0.06928122788667679,0.14701345562934875
28.9060001373291,-20.753999710083008,0.27329275012016296,1.863369107246399,0.004372225143015385,0.4130312502384186,0.07603882253170013,0.7193761467933655
28.9060001373291,-20.753999710083008,0.3296586871147156,2.7436282634735107,0.01065641175955534,6.262764930725098,0.47224390506744385,0.13361041247844696
28.9060001373291,-19.753999710083008,0.7049872279167175,4.752890586853027,0.05984563007950783,0.2837914526462555,-0.09505494683980942,0.7056087255477905
28.9060001373291,-19.753999710083008,0.3990247845649719,2.651120901107788,0.05844976007938385,1.5132595300674438,0.32654643058776855,0.01877155713737011
28.9060001373291,-19.753999710083008,0.4151955842971802,4.3062872886657715,0.017553582787513733,0.17321369051933289,0.06961856782436371,0.2756197154521942
28.9060001373291,-18.753999710083008,0.6193628311157227,5.4615631103515625,0.03645545616745949,1.8044334650039673,-0.008387351408600807,0.2383071929216385
28.9060001373291,-18.753999710083008,1.0042575597763062,2.715618848800659,0.20492050051689148,0.14260049164295197,0.10820996016263962,0.4125101566314697
28.9060001373291,-18.753999710083008,1.0819250345230103,6.02281379699707,0.14925126731395721,0.07114402204751968,-0.18442511558532715,0.3491826355457306
28.9060001373291,-17.753999710083008,0.7466011047363281,5.116430282592773,0.036748528480529785,2.0092380046844482,-0.0677802562713623,0.08744315057992935
28.9060001373291,-17.753999710083008,1.2750535011291504,2.7521514892578125,0.1214577704668045,0.04235168918967247,0.03830638900399208,0.5449526309967041
28.9060001373291,-17.753999710083008,1.1088513135910034,5.973921775817871,0.07971174269914627,0.04197811707854271,-0.145644873380661,0.36760419607162476
28.9060001373291,-16.753999710083008,0.7320920825004578,4.566434383392334,0.07937347888946533,2.2080695629119873,0.05190954729914665,0.0670396164059639
28.9060001373291,-16.753999710083008,1.0580815076828003,2.767108678817749,0.09247411787509918,0.04680415615439415,0.001247455831617117,0.3374725878238678
28.9060001373291,-16.753999710083008,1.0712686777114868,6.004746913909912,0.07087251543998718,0.029948659241199493,-0.0719214677810669,0.5954877734184265
28.9060001373291,-15.753999710083008,0.6566101312637329,5.791447162628174,0.03058876283466816,2.098317861557007,0.030067190527915955,0.19587986171245575
28.9060001373291,-15.753999710083008,0.9530216455459595,2.7357044219970703,0.0662461668252945,0.044236570596694946,0.13003213703632355,0.446018248796463
28.9060001373291,-15.753999710083008,1.1468580961227417,6.02618408203125,0.07507603615522385,0.02555544301867485,-0.05415404587984085,0.35810181498527527
28.9060001373291,-14.753999710083008,1.0883872509002686,0.3958263099193573,0.6302943229675293,1.0065184831619263,-0.0021250587888062,0.07217589765787125
28.9060001373291,-14.753999710083008,0.7567198872566223,1.4684531688690186,0.04456247016787529,0.26417261362075806,-0.3642154037952423,0.9253624081611633
28.9060001373291,-14.753999710083008,0.8909557461738586,5.304795265197754,0.1251554787158966,3.1939923763275146,0.15290261805057526,0.002461762400344014
29.9060001373291,-21.753999710083008,0.9349994659423828,5.227344512939453,0.051179904490709305,0.11168286949396133,-0.318445086479187,0.9293950200080872
29.9060001373291,-21.753999710083008,0.5882941484451294,2.940655469894409,0.10324815660715103,1.359310507774353,0.434966504573822,0.000509646546561271
29.9060001373291,-21.753999710083008,0.5658670663833618,3.707160472869873,0.006643649190664291,0.29370707273483276,0.10275083780288696,0.07009530067443848
29.9060001373291,-20.753999710083008,1.0710461139678955,3.4224777221679688,0.22441184520721436,0.9910950064659119,-0.011267622001469135,0.2291984260082245
29.9060001373291,-20.753999710083008,0.5279123187065125,3.679826498031616,0.008537528105080128,0.22005513310432434,-0.0005924315191805363,0.5217902064323425
29.9060001373291,-20.753999710083008,0.5290757417678833,3.5597989559173584,0.009010850451886654,1.1225448846817017,0.2815583646297455,0.24901138246059418
29.9060001373291,-19.753999710083008,0.6951762437820435,0.08229637145996094,0.061089884489774704,0.9015274047851562,-0.007692729588598013,0.6079258918762207
29.9060001373291,-19.753999710083008,0.679031252861023,1.800552487373352,0.14126527309417725,1.4850045442581177,0.10791647434234619,0.08714520186185837
29.9060001373291,-19.753999710083008,0.6693377494812012,5.499471664428711,0.04411541670560837,0.32540926337242126,-0.06515531241893768,0.30492883920669556
29.9060001373291,-18.753999710083008,0.7691727876663208,5.164241313934326,0.05426396429538727,1.550397515296936,-0.11261533945798874,0.17706024646759033
29.9060001373291,-18.753999710083008,1.3233470916748047,2.6917619705200195,0.21860945224761963,0.03565426170825958,0.23372957110404968,0.41876012086868286
29.9060001373291,-18.753999710083008,1.139047622680664,5.935765266418457,0.09659463167190552,0.043156493455171585,-0.05288456752896309,0.40417957305908203
29.9060001373291,-17.753999710083008,0.9389044642448425,4.543529510498047,0.1526641696691513,1.7665959596633911,-0.04916907474398613,0.04330582916736603
29.9060001373291,-17.753999710083008,1.263749599456787,2.7089953422546387,0.12248055636882782,0.024437403306365013,0.06202971562743187,0.44104287028312683
29.9060001373291,-17.753999710083008,1.0795007944107056,6.037289142608643,0.06193707883358002,0.03750772401690483,-0.12386728078126907,0.515651285648346
29.9060001373291,-16.753999710083008,0.8573811054229736,3.132516384124756,0.13093073666095734,2.443058490753174,0.05511455982923508,0.055064331740140915
29.9060001373291,-16.753999710083008,1.205091118812561,2.715970039367676,0.11708414554595947,0.027722202241420746,0.013251138851046562,0.2583918571472168
29.9060001373291,-16.753999710083008,1.0474448204040527,6.006237506866455,0.0533524826169014,0.03287842869758606,-0.08892503380775452,0.6865437626838684
29.9060001373291,-15.753999710083008,0.6110497117042542,5.608125686645508,0.02167542092502117,2.1372556686401367,0.051890816539525986,0.37354305386543274
29.9060001373291,-15.753999710083008,0.6988610029220581,2.677473306655884,0.07009263336658478,0.27053260803222656,0.14039070904254913,0.4851633906364441
29.9060001373291,-15.753999710083008,0.9144481420516968,5.910415172576904,0.08085816353559494,0.07067856937646866,-0.1389036774635315,0.14129357039928436
29.9060001373291,-14.753999710083008,0.8718924522399902,1.5685127973556519,0.7272137999534607,1.598313808441162,-0.07076975703239441,0.006607884541153908
29.9060001373291,-14.753999710083008,0.5798107385635376,1.2751357555389404,0.03818455711007118,0.14994196593761444,-0.19327381253242493,0.9929510354995728
29.9060001373291,-14.753999710083008,0.6734606027603149,4.609367847442627,0.18111754953861237,9.2379150390625,0.3316754996776581,0.00044119980884715915
30.9060001373291,-21.753999710083008,0.9885161519050598,4.168864727020264,0.12538383901119232,0.22851678729057312,-0.24028749763965607,0.7184150815010071
30.9060001373291,-21.753999710083008,0.7486671805381775,2.8015782833099365,0.15148693323135376,1.4813581705093384,0.3766443729400635,0.003468015231192112
30.9060001373291,-21.753999710083008,0.6276083588600159,4.524746417999268,0.012589510530233383,0.2359275072813034,0.18175020813941956,0.27811697125434875
30.9060001373291,-20.753999710083008,0.9005525708198547,4.671377182006836,0.16710186004638672,3.1200456619262695,0.257371723651886,0.22526267170906067
30.9060001373291,-20.753999710083008,0.6423768997192383,3.384183168411255,0.03181465342640877,0.23042519390583038,0.03744445741176605,0.70167475938797
30.9060001373291,-20.753999710083008,0.6788290143013,5.916141986846924,0.028179757297039032,0.5702448487281799,-0.16190947592258453,0.07306259870529175
30.9060001373291,-19.753999710083008,0.8052979707717896,5.378497123718262,0.03103754110634327,1.3416420221328735,-0.050722841173410416,0.4326595366001129
30.9060001373291,-19.753999710083008,1.2460432052612305,2.915052652359009,0.4364817142486572,0.2717764377593994,0.03064337931573391,0.3327690660953522
30.9060001373291,-19.753999710083008,1.3233147859573364,5.825786590576172,0.27782341837882996,0.06907205283641815,-0.08500415086746216,0.2345714569091797
30.9060001373291,-18.753999710083008,0.9703651666641235,3.5254740715026855,0.14557349681854248,1.343569278717041,-0.07297280430793762,0.1822870373725891
30.9060001373291,-18.753999710083008,1.4102786779403687,2.735849618911743,0.22279386222362518,0.028173280879855156,0.09797536581754684,0.4136981964111328
30.9060001373291,-18.753999710083008,1.2930063009262085,5.875819206237793,0.10968782752752304,0.026811635121703148,-0.06489384174346924,0.4040147066116333
30.9060001373291,-17.753999710083008,1.0670737028121948,4.279027462005615,0.2656817138195038,2.000922203063965,-0.0075437529012560844,0.14313377439975739
30.9060001373291,-17.753999710083008,1.3583589792251587,2.73994779586792,0.18964937329292297,0.03270112723112106,0.05475391075015068,0.343944787979126
30.9060001373291,-17.753999710083008,1.230322003364563,5.914664268493652,0.08191830664873123,0.02751697413623333,-0.04081171005964279,0.5129214525222778
30.9060001373291,-16.753999710083008,0.7163547277450562,3.1847400665283203,0.05079295486211777,1.9168916940689087,0.020854881033301353,0.12011799961328506
30.9060001373291,-16.753999710083008,1.2568206787109375,2.7078278064727783,0.16544683277606964,0.02821577899158001,0.11535076051950455,0.1901939958333969
30.9060001373291,-16.753999710083008,1.085404396057129,6.03491735458374,0.06898519396781921,0.03159952536225319,-0.023231886327266693,0.689687967300415
30.9060001373291,-15.753999710083008,0.7207217812538147,5.686120986938477,0.12132897973060608,1.2682708501815796,-0.07353191822767258,0.19028827548027039
30.9060001373291,-15.753999710083008,0.6355117559432983,1.5434447526931763,0.05119089037179947,1.1980334520339966,0.1862095594406128,0.3268665373325348
30.9060001373291,-15.753999710083008,0.618777871131897,5.287142276763916,0.028037743642926216,0.3234477937221527,0.06275438517332077,0.4828452169895172
30.9060001373291,-14.753999710083008,0.8500614762306213,2.8549532890319824,0.3768908977508545,0.8943862318992615,-0.009250711649656296,0.011337325908243656
30.9060001373291,-14.753999710083008,0.6183886528015137,0.9676945805549622,0.03527078405022621,0.21049104630947113,-0.14097580313682556,0.987412691116333
30.9060001373291,-14.753999710083008,0.7138472199440002,5.498586654663086,0.21807560324668884,9.966910362243652,0.32182633876800537,0.0012499927543103695
31.9060001373291,-23.753999710083008,0.7467367053031921,1.8074300289154053,0.04379109665751457,0.8154215216636658,0.01921788603067398,0.09150918573141098
31.9060001373291,-23.753999710083008,0.7730170488357544,0.2546652555465698,0.26642265915870667,1.3562507629394531,0.30645352602005005,0.04985461011528969
31.9060001373291,-23.753999710083008,0.7125579118728638,5.207396507263184,0.03060738742351532,0.25742894411087036,0.042222827672958374,0.858636200428009
31.9060001373291,-22.753999710083008,1.0271947383880615,3.4390177726745605,0.12855787575244904,0.22246351838111877,0.1087215319275856,0.06661101430654526
31.9060001373291,-22.753999710083008,0.656350314617157,0.8844439387321472,0.037651706486940384,1.2490224838256836,-0.16244332492351532,0.003034424502402544
31.9060001373291,-22.753999710083008,0.627907931804657,4.0950236320495605,0.026577284559607506,0.45515960454940796,0.020771848037838936,0.9303545951843262
31.9060001373291,-21.753999710083008,0.8778961896896362,4.538267135620117,0.06257892400026321,0.3729010820388794,-0.18171139061450958,0.3918018043041229
31.9060001373291,-21.753999710083008,0.7031015753746033,2.3950634002685547,0.08933645486831665,2.0226523876190186,0.23853063583374023,0.0138036934658885
31.9060001373291,-21.753999710083008,0.6112931966781616,4.427340030670166,0.01139277033507824,0.26065176725387573,0.20194262266159058,0.5943945050239563
31.9060001373291,-20.753999710083008,0.9680472016334534,4.224258899688721,0.42540308833122253,2.9946846961975098,0.25494834780693054,0.11855766922235489
31.9060001373291,-20.753999710083008,0.538754403591156,2.796684741973877,0.04331585764884949,2.1797759532928467,-0.054864417761564255,0.6786702871322632
31.9060001373291,-20.753999710083008,0.6705206036567688,5.4373393058776855,0.031816836446523666,1.066168189048767,-0.0371006540954113,0.20277205109596252
31.9060001373291,-19.753999710083008,0.8941701054573059,5.503467559814453,0.07175681740045547,2.1023967266082764,-0.10496588796377182,0.05816446244716644
31.9060001373291,-19.753999710083008,1.2556356191635132,2.81412935256958,0.15656678378582,0.0528341606259346,0.03774673491716385,0.5476033687591553
31.9060001373291,-19.753999710083008,1.4305365085601807,5.870691776275635,0.19161157310009003,0.024195510894060135,-0.12067735940217972,0.39423221349716187
31.9060001373291,-18.753999710083008,0.9858914017677307,3.193131685256958,0.2054602950811386,1.4065204858779907,-0.03554030507802963,0.08825219422578812
31.9060001373291,-18.753999710083008,1.3193926811218262,2.73531174659729,0.19085144996643066,0.0379808284342289,0.04273531213402748,0.37653258442878723
31.9060001373291,-18.753999710083008,1.2799943685531616,5.913793563842773,0.1333702653646469,0.03656076267361641,-0.07604078948497772,0.5352153182029724
31.9060001373291,-17.753999710083008,1.0384042263031006,4.541183948516846,0.27695396542549133,1.769327998161316,0.0006433153175748885,0.09360232204198837
31.9060001373291,-17.753999710083008,1.288425087928772,2.815659999847412,0.18812523782253265,0.06086600944399834,0.028988618403673172,0.3264773488044739
31.9060001373291,-17.753999710083008,1.2829906940460205,5.93991756439209,0.11546170711517334,0.03959571197628975,-0.06489893794059753,0.5799203515052795
31.9060001373291,-16.753999710083008,0.6240572929382324,3.478032112121582,0.03735329210758209,1.5686160326004028,0.01942051760852337,0.11184819042682648
31.9060001373291,-16.753999710083008,1.1378999948501587,2.7525458335876465,0.1421075165271759,0.046720538288354874,0.04669101536273956,0.19522495567798615
31.9060001373291,-16.753999710083008,1.1370325088500977,6.02106237411499,0.0958007276058197,0.0415157824754715,-0.06237122043967247,0.6929268836975098
31.9060001373291,-15.753999710083008,1.0243908166885376,0.8222817182540894,0.284056156873703,1.305300235748291,-0.0852564126253128,0.39813005924224854
31.9060001373291,-15.753999710083008,0.7538095712661743,1.4480880498886108,0.17909684777259827,1.348944067955017,0.40667563676834106,0.09266841411590576
31.9060001373291,-15.753999710083008,0.675799548625946,6.018210411071777,0.037084802985191345,0.1660267859697342,0.0148750189691782,0.5092015266418457
31.9060001373291,-14.753999710083008,1.0818182229995728,0.6840837001800537,0.1550551950931549,0.9097734093666077,-0.1206618994474411,0.31053268909454346
31.9060001373291,-14.753999710083008,0.8937439322471619,0.7872493267059326,0.15451490879058838,0.7170146703720093,0.32742467522621155,0.07139221578836441
31.9060001373291,-14.753999710083008,0.9520299434661865,0.44885310530662537,0.09692248702049255,0.07581528276205063,0.03303535655140877,0.6180750727653503
32.90599822998047,-22.753999710083008,0.6268386840820312,6.010676383972168,0.03879642114043236,0.8963255882263184,0.01327695231884718,0.730402946472168
32.90599822998047,-22.753999710083008,0.5940561294555664,2.886298179626465,0.3300217092037201,1.8108863830566406,0.30475759506225586,0.01996372453868389
32.90599822998047,-22.753999710083008,0.7729270458221436,5.035267353057861,0.12519606947898865,0.14023135602474213,0.20790056884288788,0.2496332973241806
32.90599822998047,-21.753999710083008,0.6589432954788208,5.945672988891602,0.04170214384794235,0.5064843893051147,-0.2650013864040375,0.09005475044250488
32.90599822998047,-21.753999710083008,0.6290323734283447,2.6509621143341064,0.026638273149728775,0.3399593234062195,-0.09156632423400879,0.03399594500660896
32.90599822998047,-21.753999710083008,0.5947558283805847,3.98954439163208,0.005818214267492294,0.41217997670173645,0.00018458259000908583,0.8759492635726929
32.90599822998047,-20.753999710083008,0.6405016183853149,3.8704869747161865,0.06307979673147202,1.4600297212600708,0.062014009803533554,0.3094642162322998
32.90599822998047,-20.753999710083008,0.5389253497123718,2.569943904876709,0.06621991097927094,1.5943114757537842,0.06621690094470978,0.32807138562202454
32.90599822998047,-20.753999710083008,0.6793299317359924,4.579056739807129,0.027664177119731903,0.4743507504463196,0.05483970791101456,0.3624643385410309
32.90599822998047,-19.753999710083008,0.7844517827033997,4.53780460357666,0.06860718131065369,2.0753180980682373,-0.05919197201728821,0.11059822142124176
32.90599822998047,-19.753999710083008,1.086787462234497,2.719557523727417,0.0905260369181633,0.04207555949687958,0.09856083244085312,0.4884653091430664
32.90599822998047,-19.753999710083008,1.2764577865600586,5.951230525970459,0.12874427437782288,0.02223656140267849,-0.09249190986156464,0.4009365141391754
32.90599822998047,-18.753999710083008,0.9407635927200317,4.13999080657959,0.18142934143543243,2.277984619140625,0.010659868828952312,0.048854291439056396
32.90599822998047,-18.753999710083008,1.1416047811508179,2.8338897228240967,0.09100406616926193,0.04565173014998436,0.1039501279592514,0.43121159076690674
32.90599822998047,-18.753999710083008,1.2971668243408203,5.99721097946167,0.11293148249387741,0.028669748455286026,-0.15671908855438232,0.5199340581893921
32.90599822998047,-17.753999710083008,0.8910329937934875,5.567919731140137,0.1408800482749939,1.9840127229690552,-0.010684438049793243,0.06641356647014618
32.90599822998047,-17.753999710083008,1.0992242097854614,2.9214558601379395,0.1184244230389595,0.10095832496881485,0.04625116288661957,0.3646007478237152
32.90599822998047,-17.753999710083008,1.3173723220825195,6.010757923126221,0.12965302169322968,0.032048266381025314,-0.1398453712463379,0.5689857006072998
32.90599822998047,-16.753999710083008,0.5447373390197754,6.111725330352783,0.051316361874341965,1.7277805805206299,-0.004657064098864794,0.24732032418251038
32.90599822998047,-16.753999710083008,0.5832830667495728,3.063582181930542,0.03569171577692032,0.5895004272460938,0.032310787588357925,0.6600522398948669
32.90599822998047,-16.753999710083008,0.7374205589294434,0.22314578294754028,0.030582303181290627,0.3756830096244812,-0.24030394852161407,0.0926273763179779
32.90599822998047,-15.753999710083008,1.1265506744384766,0.9780921936035156,0.30143070220947266,0.9148814082145691,0.04615030810236931,0.25736552476882935
32.90599822998047,-15.753999710083008,0.7714738845825195,1.4571521282196045,0.5254032015800476,2.001612901687622,0.27249279618263245,0.007182402536273003
32.90599822998047,-15.753999710083008,0.669517993927002,0.22577646374702454,0.05271540954709053,0.06478393077850342,-0.28173956274986267,0.7354520559310913
33.90599822998047,-22.753999710083008,0.7365971207618713,5.949289798736572,0.07707580178976059,0.5932567715644836,0.023399796336889267,0.6144446730613708
33.90599822998047,-22.753999710083008,0.662399172782898,3.544588088989258,0.2665112018585205,1.7231923341751099,0.21513621509075165,0.02881542593240738
33.90599822998047,-22.753999710083008,0.8504205346107483,4.968105792999268,0.11282046884298325,0.14395944774150848,0.14648191630840302,0.35673993825912476
33.90599822998047,-21.753999710083008,0.5247201919555664,5.328228950500488,0.02687549963593483,0.6374268531799316,-0.1681516021490097,0.11485811322927475
33.90599822998047,-21.753999710083008,0.5529807209968567,2.3796417713165283,0.034667063504457474,1.3983052968978882,-0.10265003889799118,0.2537805140018463
33.90599822998047,-21.753999710083008,0.6091534495353699,4.370019912719727,0.015372630208730698,0.905637800693512,0.021714914590120316,0.6313614249229431
33.90599822998047,-20.753999710083008,0.6350893974304199,5.773487567901611,0.037622686475515366,2.6484761238098145,0.030069567263126373,0.20729291439056396
33.90599822998047,-20.753999710083008,1.0426944494247437,2.5867223739624023,0.1573338508605957,0.11250799149274826,0.14392518997192383,0.5709872841835022
33.90599822998047,-20.753999710083008,1.0188285112380981,5.73766565322876,0.10821712762117386,0.08768091350793839,0.013660121709108353,0.22171983122825623
33.90599822998047,-19.753999710083008,0.8254492878913879,4.73563814163208,0.13006287813186646,2.563610315322876,-0.0231380145996809,0.054562754929065704
33.90599822998047,-19.753999710083008,1.1573909521102905,2.7699456214904785,0.10808701068162918,0.03902152553200722,0.030938131734728813,0.4945247769355774
33.90599822998047,-19.753999710083008,1.089878797531128,5.969054222106934,0.08614469319581985,0.029803860932588577,-0.033429279923439026,0.4509125053882599
33.90599822998047,-18.753999710083008,0.8994513750076294,4.691684246063232,0.12152601778507233,1.648012638092041,0.01361312996596098,0.09420245885848999
33.90599822998047,-18.753999710083008,1.0694911479949951,2.854339361190796,0.08494590222835541,0.08635091781616211,0.1412302702665329,0.36702781915664673
33.90599822998047,-18.753999710083008,1.1579307317733765,6.096283912658691,0.08487328886985779,0.042632557451725006,-0.044417042285203934,0.5387696623802185
33.90599822998047,-17.753999710083008,0.7774497866630554,6.15641975402832,0.08406388759613037,1.8025727272033691,-0.00958267506211996,0.08524791896343231
33.90599822998047,-17.753999710083008,1.0282046794891357,2.952995777130127,0.11472165584564209,0.09654678404331207,0.02012966014444828,0.27798351645469666
33.90599822998047,-17.753999710083008,1.1784206628799438,6.119332313537598,0.0945940911769867,0.027139946818351746,-0.059688832610845566,0.6367685198783875
33.90599822998047,-16.753999710083008,0.6580579280853271,0.43076837062835693,0.07837887853384018,1.4193332195281982,0.029944848269224167,0.19318720698356628
33.90599822998047,-16.753999710083008,0.5471876859664917,3.3639042377471924,0.0349213071167469,1.670034408569336,-0.07265456765890121,0.48581603169441223
33.90599822998047,-16.753999710083008,0.6285933256149292,0.06562288850545883,0.016964862123131752,0.5257457494735718,-0.14134427905082703,0.3209967315196991
33.90599822998047,-15.753999710083008,1.0549662113189697,1.485021710395813,0.3574773967266083,1.075904369354248,0.045669082552194595,0.4037869870662689
33.90599822998047,-15.753999710083008,0.7015953063964844,1.7080961465835571,0.267865389585495,3.0604262351989746,0.12444669753313065,0.05468615144491196
33.90599822998047,-15.753999710083008,0.6163363456726074,0.0384150929749012,0.040698934346437454,0.14466328918933868,-0.22422704100608826,0.5415269136428833
34.90599822998047,-22.753999710083008,0.8654550909996033,4.326909065246582,0.31558576226234436,0.778380811214447,0.1573886275291443,0.06140026077628136
34.90599822998047,-22.753999710083008,0.5942869782447815,4.101688861846924,0.21443715691566467,2.064105272293091,0.019509796053171158,0.024043241515755653
34.90599822998047,-22.753999710083008,0.7009069919586182,4.703070640563965,0.07134011387825012,0.18985195457935333,0.04137476161122322,0.9145565629005432
34.90599822998047,-21.753999710083008,0.6914629936218262,4.391533851623535,0.07307087630033493,2.108718156814575,0.007290378678590059,0.13303467631340027
34.90599822998047,-21.753999710083008,0.6000882983207703,1.6659202575683594,0.016523415222764015,0.4094913899898529,-0.018706655129790306,0.7979432344436646
34.90599822998047,-21.753999710083008,0.6756323575973511,5.87244987487793,0.024763019755482674,0.6867796182632446,0.03691546991467476,0.06902215629816055
34.90599822998047,-20.753999710083008,0.7414449453353882,5.70917272567749,0.04570389539003372,2.3169658184051514,-0.05320269241929054,0.10472084581851959
34.90599822998047,-20.753999710083008,1.2442940473556519,2.7920148372650146,0.15888606011867523,0.0458543635904789,0.14884395897388458,0.45111364126205444
34.90599822998047,-20.753999710083008,1.1896955966949463,5.943324089050293,0.105155348777771,0.033066313713788986,-0.10296183824539185,0.44416549801826477
34.90599822998047,-19.753999710083008,0.9026444554328918,4.263647079467773,0.11362887918949127,2.288806676864624,0.007568201515823603,0.02872534655034542
34.90599822998047,-19.753999710083008,1.2533096075057983,2.7985193729400635,0.11315768957138062,0.03956838324666023,0.1035354807972908,0.49691370129585266
34.90599822998047,-19.753999710083008,1.10666024684906,5.983963489532471,0.060157373547554016,0.03306970372796059,-0.05378768965601921,0.47436094284057617
34.90599822998047,-18.753999710083008,0.9515912532806396,5.259829998016357,0.17984473705291748,1.6550419330596924,0.0274514090269804,0.05191284418106079
34.90599822998047,-18.753999710083008,1.1042996644973755,2.8139758110046387,0.08218678832054138,0.06803145259618759,0.1529879868030548,0.3955579698085785
34.90599822998047,-18.753999710083008,1.1240758895874023,6.0484819412231445,0.06885793805122375,0.036983173340559006,0.040259428322315216,0.5525291562080383
34.90599822998047,-17.753999710083008,0.7667007446289062,0.03897024318575859,0.07027965039014816,1.7861526012420654,0.021533312276005745,0.0977775976061821
34.90599822998047,-17.753999710083008,1.1034464836120605,2.9153387546539307,0.13144046068191528,0.08206112682819366,0.06588378548622131,0.30158963799476624
34.90599822998047,-17.753999710083008,1.0610606670379639,6.146411418914795,0.06322578340768814,0.02973959408700466,0.019926123321056366,0.6006326675415039
34.90599822998047,-16.753999710083008,0.7121257781982422,1.5302859544754028,0.11060886830091476,1.5072938203811646,-0.04260506108403206,0.1706141084432602
34.90599822998047,-16.753999710083008,0.56522136926651,2.3368701934814453,0.042000912129879,1.7142517566680908,0.07720962166786194,0.643012285232544
34.90599822998047,-16.753999710083008,0.5984728932380676,0.490965873003006,0.026805318892002106,0.6394460797309875,-0.010440929792821407,0.18637366592884064
34.90599822998047,-15.753999710083008,0.8526408076286316,6.096214771270752,0.46604570746421814,0.6841107606887817,0.09744047373533249,0.017748281359672546
34.90599822998047,-15.753999710083008,0.6318487524986267,0.41663873195648193,0.03183275833725929,0.39894071221351624,-0.0023185911122709513,0.9800695180892944
34.90599822998047,-15.753999710083008,0.6088386178016663,0.7887740731239319,0.10855968296527863,3.1323418617248535,0.09940101206302643,0.0021822252310812473
35.90599822998047,-23.753999710083008,0.6681497097015381,5.013932228088379,0.041750453412532806,0.5855754017829895,-0.12202481180429459,0.7397462129592896
35.90599822998047,-23.753999710083008,0.6544207334518433,3.173112154006958,0.3416764438152313,1.1891340017318726,-0.054190464317798615,0.018643636256456375
35.90599822998047,-23.753999710083008,0.7546960115432739,4.635858535766602,0.07752220332622528,0.10559435933828354,-0.05944247543811798,0.24161016941070557
35.90599822998047,-22.753999710083008,1.0353460311889648,4.577856540679932,0.3989674150943756,1.7062733173370361,0.13512079417705536,0.1283218115568161
35.90599822998047,-22.753999710083008,0.6321170330047607,4.336901664733887,0.11459191888570786,4.109928131103516,-0.20086537301540375,0.13037651777267456
35.90599822998047,-22.753999710083008,0.7066136002540588,5.007846355438232,0.033485207706689835,0.5649385452270508,-0.1465422660112381,0.7413016557693481
35.90599822998047,-21.753999710083008,0.6950218677520752,5.881120204925537,0.06697996705770493,1.6735883951187134,0.04228435829281807,0.2622617185115814
35.90599822998047,-21.753999710083008,0.6189383864402771,2.123772382736206,0.047235503792762756,0.6718756556510925,0.2939243018627167,0.613254725933075
35.90599822998047,-21.753999710083008,0.7883760333061218,0.3631485402584076,0.048778001219034195,0.24967196583747864,-0.1098015308380127,0.1244836077094078
35.90599822998047,-20.753999710083008,0.8358216285705566,5.532537460327148,0.094411700963974,2.418407678604126,-0.04255913197994232,0.04400722682476044
35.90599822998047,-20.753999710083008,1.1511266231536865,2.7581403255462646,0.10710140317678452,0.051282238215208054,0.0339927151799202,0.4582735002040863
35.90599822998047,-20.753999710083008,1.2189151048660278,5.967932224273682,0.08755730837583542,0.027552686631679535,-0.17302542924880981,0.49771925806999207
35.90599822998047,-19.753999710083008,0.8828310966491699,3.4859139919281006,0.06600025296211243,1.7984181642532349,0.04993718862533569,0.03062169812619686
35.90599822998047,-19.753999710083008,1.2076555490493774,2.7883315086364746,0.10217148810625076,0.03815479949116707,0.0664876252412796,0.4382156431674957
35.90599822998047,-19.753999710083008,1.185296654701233,5.994815349578857,0.06539559364318848,0.03166809678077698,-0.054522473365068436,0.531162679195404
35.90599822998047,-18.753999710083008,0.9779614210128784,4.486831188201904,0.2132100611925125,1.3973907232284546,0.0670846551656723,0.026590505614876747
35.90599822998047,-18.753999710083008,1.18622887134552,2.8428750038146973,0.11204900592565536,0.0750373974442482,0.16284513473510742,0.35275906324386597
35.90599822998047,-18.753999710083008,1.1106096506118774,6.042433738708496,0.06557521969079971,0.04192415624856949,0.051800984889268875,0.6206504106521606
35.90599822998047,-17.753999710083008,0.844380795955658,5.61047887802124,0.11747367680072784,1.7760045528411865,0.0684039369225502,0.053446460515260696
35.90599822998047,-17.753999710083008,1.17722749710083,2.943631410598755,0.14403831958770752,0.09187014400959015,0.0948067381978035,0.3013986647129059
35.90599822998047,-17.753999710083008,1.0603505373001099,6.139420986175537,0.05631767213344574,0.03371614217758179,0.04584849998354912,0.6451548337936401
35.90599822998047,-16.753999710083008,0.5984184741973877,6.1823410987854,0.05222722887992859,1.1902260780334473,-0.041193459182977676,0.2975766360759735
35.90599822998047,-16.753999710083008,0.5685442686080933,1.4997222423553467,0.04971829056739807,1.419076919555664,-0.08517104387283325,0.46333950757980347
35.90599822998047,-16.753999710083008,0.6456076502799988,0.24794155359268188,0.03602340444922447,1.1174627542495728,-0.007929357700049877,0.23908381164073944
35.90599822998047,-15.753999710083008,0.7259839177131653,3.0144243240356445,0.3782728612422943,0.5447866916656494,0.23009078204631805,0.012585220858454704
35.90599822998047,-15.753999710083008,0.5167436003684998,5.692878246307373,0.014026075601577759,0.3806605637073517,-0.25813886523246765,0.9840037226676941
35.90599822998047,-15.753999710083008,0.575870156288147,0.21736770868301392,0.050815872848033905,13.87997817993164,0.09665341675281525,0.0034110553096979856
36.90599822998047,-24.753999710083008,1.0901250839233398,5.072397232055664,0.12348377704620361,0.528531551361084,-0.06901475042104721,0.007781750522553921
36.90599822998047,-24.753999710083008,0.9847773909568787,3.465383768081665,0.08127738535404205,0.13456182181835175,0.6185879111289978,0.009368866682052612
36.90599822998047,-24.753999710083008,0.9314983487129211,4.9595794677734375,0.03286353871226311,0.01696082577109337,-0.016710329800844193,0.9828494191169739
36.90599822998047,-23.753999710083008,0.425241619348526,6.245412349700928,0.02071140706539154,1.0249664783477783,-0.15163381397724152,0.1172758936882019
36.90599822998047,-23.753999710083008,0.5630550980567932,3.0121943950653076,0.11516017466783524,0.09852170199155807,0.13346755504608154,0.10638833045959473
36.90599822998047,-23.753999710083008,0.7874751091003418,4.632542133331299,0.07578109204769135,0.04356417432427406,-0.11063501238822937,0.7763357758522034
36.90599822998047,-22.753999710083008,0.7273598313331604,4.439192295074463,0.03554188832640648,0.6061000227928162,0.052017875015735626,0.652527391910553
36.90599822998047,-22.753999710083008,0.6678199768066406,2.795595645904541,0.1006498783826828,4.421184539794922,0.02816569060087204,0.14988620579242706
36.90599822998047,-22.753999710083008,0.7277633547782898,5.92120361328125,0.05688253417611122,0.7713800668716431,-0.010284021496772766,0.19758634269237518
36.90599822998047,-21.753999710083008,0.7475084662437439,0.20919564366340637,0.03561269864439964,1.661491870880127,-0.10951106995344162,0.3732396066188812
36.90599822998047,-21.753999710083008,1.0265159606933594,2.674855947494507,0.13106410205364227,0.06544914096593857,0.27613571286201477,0.3905951678752899
36.90599822998047,-21.753999710083008,1.041636347770691,5.984457015991211,0.12518246471881866,0.06930015236139297,-0.06632088124752045,0.23616518080234528
36.90599822998047,-20.753999710083008,0.8931740522384644,4.834386825561523,0.1392924040555954,2.2256479263305664,-0.01748216338455677,0.06851053982973099
36.90599822998047,-20.753999710083008,1.0974197387695312,2.7302980422973633,0.07697819918394089,0.032248470932245255,0.010578230954706669,0.47605007886886597
36.90599822998047,-20.753999710083008,1.1978356838226318,5.9544806480407715,0.09682850539684296,0.028577905148267746,-0.07838001847267151,0.45543941855430603
36.90599822998047,-19.753999710083008,0.9752646088600159,3.1052095890045166,0.14753536880016327,1.6973929405212402,0.07627104222774506,0.022749682888388634
36.90599822998047,-19.753999710083008,1.1487094163894653,2.751542091369629,0.09142515808343887,0.034047968685626984,0.038169462233781815,0.4621517062187195
36.90599822998047,-19.753999710083008,1.1848690509796143,6.004091262817383,0.07798061519861221,0.038753531873226166,-0.054559845477342606,0.5150986313819885
36.90599822998047,-18.753999710083008,0.9574981927871704,3.6105635166168213,0.22176174819469452,1.578722357749939,0.14647160470485687,0.017388777807354927
36.90599822998047,-18.753999710083008,1.1666438579559326,2.8444063663482666,0.11745555698871613,0.09592613577842712,0.09635166078805923,0.20561344921588898
36.90599822998047,-18.753999710083008,1.1427158117294312,6.048615455627441,0.07328572124242783,0.051105670630931854,0.03230917453765869,0.7769978046417236
36.90599822998047,-17.753999710083008,0.8271665573120117,4.399112701416016,0.10848165303468704,1.9368315935134888,0.08548926562070847,0.05865219235420227
36.90599822998047,-17.753999710083008,1.2634799480438232,3.0388665199279785,0.17794227600097656,0.10751043260097504,0.11844602227210999,0.2820914387702942
36.90599822998047,-17.753999710083008,1.1192409992218018,6.17518424987793,0.06771053373813629,0.0375959649682045,0.050995856523513794,0.6592563390731812
36.90599822998047,-16.753999710083008,0.7863786816596985,2.838408946990967,0.14843159914016724,0.7293983101844788,0.26131823658943176,0.17080743610858917
36.90599822998047,-16.753999710083008,0.5840242505073547,1.32277250289917,0.023092934861779213,0.40567246079444885,-0.16055287420749664,0.7232897281646729
36.90599822998047,-16.753999710083008,0.6336995363235474,4.924408912658691,0.045707881450653076,3.0238547325134277,0.09233523160219193,0.105902761220932
37.90599822998047,-23.753999710083008,0.5132181644439697,1.7448824644088745,0.02300487831234932,1.3099080324172974,-0.136069655418396,0.04374660179018974
37.90599822998047,-23.753999710083008,0.7128530144691467,2.3946073055267334,0.08267709612846375,0.05469714105129242,0.1563691347837448,0.2677915692329407
37.90599822998047,-23.753999710083008,0.8183243274688721,5.080297470092773,0.07505130022764206,0.06925999373197556,-0.0962938517332077,0.6884617805480957
37.90599822998047,-22.753999710083008,0.5812233686447144,4.067718029022217,0.020410964265465736,0.47335708141326904,0.09439798444509506,0.65360027551651
37.90599822998047,-22.753999710083008,0.7368112206459045,2.240323066711426,0.19598513841629028,0.9583505988121033,0.18383285403251648,0.19397547841072083
37.90599822998047,-22.753999710083008,0.8145614266395569,5.903533935546875,0.1325795203447342,0.1978563815355301,0.1519886553287506,0.15242426097393036
37.90599822998047,-21.753999710083008,0.7905806303024292,4.485965728759766,0.047703541815280914,1.6046010255813599,-0.12806770205497742,0.26818138360977173
37.90599822998047,-21.753999710083008,1.08709716796875,2.6089634895324707,0.107746921479702,0.047262270003557205,0.2775692045688629,0.4087223708629608
37.90599822998047,-21.753999710083008,1.0117326974868774,5.945892810821533,0.07100345939397812,0.05053833872079849,-0.14545144140720367,0.32309627532958984
37.90599822998047,-20.753999710083008,0.9276660680770874,4.408686637878418,0.11807387322187424,1.9922395944595337,-0.013562388718128204,0.04840772971510887
37.90599822998047,-20.753999710083008,1.0865908861160278,2.731584072113037,0.07127626240253448,0.0452185794711113,0.054321154952049255,0.5254151225090027
37.90599822998047,-20.753999710083008,1.1390022039413452,5.961628437042236,0.07906806468963623,0.025673674419522285,-0.1376991719007492,0.42617714405059814
37.90599822998047,-19.753999710083008,0.9258325695991516,2.6458847522735596,0.13094863295555115,1.693930745124817,0.06989458948373795,0.024305202066898346
37.90599822998047,-19.753999710083008,1.156404733657837,2.7416133880615234,0.09257570654153824,0.027804147452116013,0.012792595662176609,0.4631510078907013
37.90599822998047,-19.753999710083008,1.177096962928772,6.0016188621521,0.08370783179998398,0.04024895280599594,-0.06984861195087433,0.512543797492981
37.90599822998047,-18.753999710083008,0.7938109040260315,3.8101084232330322,0.06134909391403198,1.9553345441818237,0.12113511562347412,0.0483747161924839
37.90599822998047,-18.753999710083008,1.160814881324768,2.833888530731201,0.1290842741727829,0.09671111404895782,0.09271230548620224,0.22812946140766144
37.90599822998047,-18.753999710083008,1.180854320526123,6.047069549560547,0.08555137366056442,0.05410510674118996,0.024434564635157585,0.7234957814216614
37.90599822998047,-17.753999710083008,0.7485973834991455,4.251473426818848,0.06942964345216751,2.0493991374969482,0.024007178843021393,0.08526249974966049
37.90599822998047,-17.753999710083008,1.225584626197815,2.943901777267456,0.15170380473136902,0.06652170419692993,0.08391287922859192,0.29942166805267334
37.90599822998047,-17.753999710083008,1.147935390472412,6.19021463394165,0.07751744985580444,0.029295729473233223,0.002149366308003664,0.6153157949447632
37.90599822998047,-16.753999710083008,0.8517036437988281,2.1260218620300293,0.23630206286907196,1.2658706903457642,0.35831987857818604,0.06450874358415604
37.90599822998047,-16.753999710083008,0.6140177845954895,1.2368072271347046,0.02500741556286812,0.27362582087516785,0.042649030685424805,0.9267343878746033
37.90599822998047,-16.753999710083008,0.6550495624542236,4.6592912673950195,0.12451424449682236,3.711378574371338,0.19529715180397034,0.008756820112466812
38.90599822998047,-25.753999710083008,0.5880187749862671,5.9574480056762695,0.06911405920982361,1.5611355304718018,-0.022941654548048973,0.11654370278120041
38.90599822998047,-25.753999710083008,0.5989514589309692,3.4243550300598145,0.019330471754074097,0.0220782607793808,0.3809349536895752,0.6596795320510864
38.90599822998047,-25.753999710083008,0.6980724334716797,4.736005783081055,0.023365693166851997,0.5287246704101562,0.32459449768066406,0.22377663850784302
38.90599822998047,-24.753999710083008,0.9273912310600281,0.3904590606689453,0.07379995286464691,1.3542917966842651,0.12018771469593048,0.6824608445167542
38.90599822998047,-24.753999710083008,0.7486528158187866,3.2761106491088867,0.08370286226272583,0.2358306646347046,0.4191552698612213,0.28015995025634766
38.90599822998047,-24.753999710083008,0.7820943593978882,5.798537731170654,0.13802413642406464,0.2677803933620453,-0.12156673520803452,0.037379179149866104
38.90599822998047,-23.753999710083008,0.6177425384521484,0.37037649750709534,0.05901550129055977,1.4230924844741821,-0.22676053643226624,0.09482228755950928
38.90599822998047,-23.753999710083008,0.685246467590332,2.567601203918457,0.0610412135720253,0.11459574103355408,0.11532562971115112,0.056930769234895706
38.90599822998047,-23.753999710083008,0.6392039656639099,4.37313985824585,0.021258359774947166,0.3099702000617981,0.05222506821155548,0.8482469916343689
38.90599822998047,-22.753999710083008,0.5377333760261536,4.765787124633789,0.019354447722434998,0.9766623377799988,0.0003465833142399788,0.5482217073440552
38.90599822998047,-22.753999710083008,0.6773064732551575,1.8485398292541504,0.05639604851603508,0.31916534900665283,0.2997719645500183,0.36350497603416443
38.90599822998047,-22.753999710083008,0.7592284679412842,5.896848678588867,0.058913663029670715,0.16598083078861237,-0.012947234325110912,0.0882732942700386
38.90599822998047,-21.753999710083008,0.8461203575134277,3.381330966949463,0.0908043310046196,1.7653974294662476,-0.06334641575813293,0.2113276571035385
38.90599822998047,-21.753999710083008,1.1371043920516968,2.5914697647094727,0.12376870959997177,0.03219097852706909,0.21305254101753235,0.4402277171611786
38.90599822998047,-21.753999710083008,1.0577232837677002,5.94277286529541,0.07028798013925552,0.041761722415685654,-0.14366479218006134,0.3484445810317993
38.90599822998047,-20.753999710083008,0.9100061058998108,4.762199878692627,0.14354564249515533,2.0750539302825928,-0.020787790417671204,0.06886469572782516
38.90599822998047,-20.753999710083008,1.125340461730957,2.6628851890563965,0.09448551386594772,0.027572479099035263,0.05410641059279442,0.5281273126602173
38.90599822998047,-20.753999710083008,1.0864540338516235,5.965290546417236,0.07085298746824265,0.031173426657915115,-0.07007110863924026,0.40300798416137695
38.90599822998047,-19.753999710083008,0.7979205250740051,6.194385528564453,0.08633960038423538,2.3916962146759033,-0.0037546290550380945,0.08645635843276978
38.90599822998047,-19.753999710083008,1.1875108480453491,2.6295599937438965,0.10488053411245346,0.029293788596987724,0.12235328555107117,0.3340192437171936
38.90599822998047,-19.753999710083008,1.1841431856155396,5.900636196136475,0.07923372834920883,0.02813781052827835,-0.010872859507799149,0.5795244574546814
38.90599822998047,-18.753999710083008,0.8968920111656189,5.054444789886475,0.12228760123252869,1.790246844291687,0.09307189285755157,0.03781748563051224
38.90599822998047,-18.753999710083008,1.0814967155456543,3.000394344329834,0.11632589995861053,0.18671397864818573,0.11481258273124695,0.3042050898075104
38.90599822998047,-18.753999710083008,1.153687596321106,6.1197099685668945,0.08951311558485031,0.0504070520401001,0.014718356542289257,0.6579774022102356
38.90599822998047,-17.753999710083008,0.7809304594993591,4.766140460968018,0.11243899911642075,1.4588780403137207,0.0145344790071249,0.032227497547864914
38.90599822998047,-17.753999710083008,1.058112621307373,2.993730306625366,0.08454184979200363,0.062010958790779114,0.07308319211006165,0.42247387766838074
38.90599822998047,-17.753999710083008,1.1880993843078613,6.21074914932251,0.08433594554662704,0.02253531478345394,-0.14918187260627747,0.5452986359596252
38.90599822998047,-16.753999710083008,0.7582653164863586,3.425973892211914,0.18102169036865234,1.3012751340866089,0.24635300040245056,0.15206973254680634
38.90599822998047,-16.753999710083008,0.5798444151878357,3.6570839881896973,0.03382008522748947,0.4641638994216919,-0.0691794604063034,0.4151902198791504
38.90599822998047,-16.753999710083008,0.5743886232376099,4.351371765136719,0.02122427709400654,0.15658646821975708,0.08763826638460159,0.43274009227752686
38.90599822998047,-15.753999710083008,0.7989388108253479,3.835710287094116,0.0463968925178051,1.0028315782546997,0.17383946478366852,0.5819502472877502
38.90599822998047,-15.753999710083008,0.6285232901573181,1.4446768760681152,0.08196922391653061,1.0323035717010498,-0.1769934445619583,0.2551719844341278
38.90599822998047,-15.753999710083008,0.8813232183456421,0.6891957521438599,0.2812015414237976,1.0782794952392578,-0.12292414158582687,0.16287776827812195
39.90599822998047,-26.753999710083008,0.6905112266540527,4.811929702758789,0.009906228631734848,0.7117853760719299,-0.0007234268705360591,0.240176722407341
39.90599822998047,-26.753999710083008,0.6487218737602234,3.037139415740967,0.029156217351555824,0.07950061559677124,0.47521060705184937,0.6473603844642639
39.90599822998047,-26.753999710083008,0.8792506456375122,3.9515810012817383,0.04876590892672539,0.06862804293632507,0.0835414007306099,0.11246287077665329
39.90599822998047,-25.753999710083008,0.6978330016136169,4.429239273071289,0.05294577404856682,1.8910422325134277,-0.016381511464715004,0.613756537437439
39.90599822998047,-25.753999710083008,0.618990421295166,2.8896689414978027,0.028587663546204567,0.09817422926425934,0.2508348822593689,0.32897335290908813
39.90599822998047,-25.753999710083008,0.7674154043197632,4.860466003417969,0.02743024192750454,0.24057559669017792,-0.05884646251797676,0.05727016180753708
39.90599822998047,-24.753999710083008,0.8186445832252502,4.201425075531006,0.1097300723195076,1.8029261827468872,0.16622939705848694,0.04222523048520088
39.90599822998047,-24.753999710083008,0.6505125761032104,4.235383033752441,0.015778161585330963,0.23391585052013397,0.18740427494049072,0.9383995532989502
39.90599822998047,-24.753999710083008,0.8232695460319519,0.5356864333152771,0.06828078627586365,0.5462950468063354,-0.011373941786587238,0.01937517151236534
39.90599822998047,-23.753999710083008,0.5671103000640869,5.691784381866455,0.024794816970825195,1.0188723802566528,-0.08189473301172256,0.8380966782569885
39.90599822998047,-23.753999710083008,0.7587869167327881,2.040922164916992,0.08506819605827332,0.3144557476043701,0.1676032543182373,0.10926073044538498
39.90599822998047,-23.753999710083008,0.6906250715255737,5.289729595184326,0.019412606954574585,0.27616098523139954,0.11760874837636948,0.05264247953891754
39.90599822998047,-22.753999710083008,0.6426663994789124,0.017171958461403847,0.021956466138362885,1.5478291511535645,-0.12844179570674896,0.6580550670623779
39.90599822998047,-22.753999710083008,1.166439175605774,2.6486592292785645,0.160391703248024,0.05004851520061493,0.2111450880765915,0.12256939709186554
39.90599822998047,-22.753999710083008,1.1415892839431763,5.78865385055542,0.08646319806575775,0.03784917667508125,-0.040758002549409866,0.2193755805492401
39.90599822998047,-21.753999710083008,0.8698347210884094,4.745230197906494,0.08179446309804916,1.6725687980651855,-0.04671362042427063,0.1602492481470108
39.90599822998047,-21.753999710083008,1.1885241270065308,2.63584303855896,0.12150822579860687,0.04166087508201599,0.21051043272018433,0.4324765205383301
39.90599822998047,-21.753999710083008,1.1282557249069214,5.9378862380981445,0.06448795646429062,0.033726222813129425,-0.10326001048088074,0.40727418661117554
39.90599822998047,-20.753999710083008,0.8488965034484863,4.060523986816406,0.08203745633363724,1.1935175657272339,0.007579490076750517,0.06584249436855316
39.90599822998047,-20.753999710083008,1.2479838132858276,2.694673538208008,0.13584689795970917,0.053944241255521774,0.15154929459095,0.3918892741203308
39.90599822998047,-20.753999710083008,1.0297396183013916,5.882408618927002,0.06852628290653229,0.04757960885763168,0.0069845146499574184,0.5422682762145996
39.90599822998047,-19.753999710083008,0.8007750511169434,6.252084255218506,0.06946150213479996,1.643754243850708,0.02714448794722557,0.044970907270908356
39.90599822998047,-19.753999710083008,1.0941919088363647,2.636406183242798,0.12910236418247223,0.04072518274188042,0.41842785477638245,0.24366338551044464
39.90599822998047,-19.753999710083008,1.0467894077301025,5.845429420471191,0.07301276922225952,0.04389093071222305,0.000602923973929137,0.7113656997680664
39.90599822998047,-18.753999710083008,0.9491581916809082,0.9474428296089172,0.18447667360305786,1.9721324443817139,0.08900842815637589,0.07601150870323181
39.90599822998047,-18.753999710083008,1.0262157917022705,3.2741167545318604,0.08636269718408585,0.10334564000368118,0.14315281808376312,0.3351815640926361
39.90599822998047,-18.753999710083008,1.1029554605484009,0.025405187159776688,0.06486476212739944,0.0386776328086853,-0.0038575385697185993,0.5888068675994873
39.90599822998047,-17.753999710083008,0.6052582263946533,4.650306224822998,0.02076232060790062,0.501589298248291,0.030454441905021667,0.39347293972969055
39.90599822998047,-17.753999710083008,1.0087649822235107,2.919083595275879,0.06879299134016037,0.048788584768772125,0.08064042776823044,0.24960476160049438
39.90599822998047,-17.753999710083008,1.067670464515686,6.251380443572998,0.07470448315143585,0.02400781586766243,-0.20828257501125336,0.35692229866981506
39.90599822998047,-16.753999710083008,0.8141424059867859,5.441680908203125,0.1757403463125229,2.7944095134735107,0.3088894188404083,0.020814942196011543
39.90599822998047,-16.753999710083008,0.72713702917099,3.327906370162964,0.0429653599858284,0.20556595921516418,-0.05167204514145851,0.8737815618515015
39.90599822998047,-16.753999710083008,0.7637401819229126,6.206234931945801,0.0699986144900322,0.2241784632205963,-0.015383782796561718,0.10540342330932617
39.90599822998047,-15.753999710083008,0.8899050354957581,2.2373263835906982,0.10432874411344528,1.3254159688949585,0.017614226788282394,0.020250769332051277
39.90599822998047,-15.753999710083008,0.8312401175498962,2.555110216140747,0.21300360560417175,0.17592380940914154,0.3161667287349701,0.0034450253006070852
39.90599822998047,-15.753999710083008,0.9419438242912292,0.10760696232318878,0.06107650324702263,0.08851414173841476,0.1203535944223404,0.9763042330741882
40.90599822998047,-27.753999710083008,1.2129476070404053,5.00344181060791,0.12492948025465012,0.8171143531799316,-0.0022143088281154633,0.9518090486526489
40.90599822998047,-27.753999710083008,0.5770424604415894,3.488980293273926,0.08520808815956116,4.173153400421143,0.2385149449110031,0.01230862271040678
40.90599822998047,-27.753999710083008,0.6852775812149048,4.71296501159668,0.015537922270596027,0.47638991475105286,-0.06525680422782898,0.035882361233234406
40.90599822998047,-26.753999710083008,0.7821460962295532,5.2341108322143555,0.0293265487998724,0.32755327224731445,-0.22883294522762299,0.1698279082775116
40.90599822998047,-26.753999710083008,0.6029775142669678,2.219369649887085,0.11070975661277771,5.637609481811523,0.2324700951576233,0.10993513464927673
40.90599822998047,-26.753999710083008,0.6590059995651245,4.161802768707275,0.022712785750627518,0.31920138001441956,0.10532332956790924,0.7202369570732117
40.90599822998047,-25.753999710083008,0.6006757020950317,4.691477298736572,0.09060368686914444,1.2937891483306885,-0.11154238879680634,0.04587642103433609
40.90599822998047,-25.753999710083008,0.5319222807884216,2.540471076965332,0.03739860653877258,0.6633910536766052,0.006607854273170233,0.17899227142333984
40.90599822998047,-25.753999710083008,0.58806312084198,4.702877998352051,0.01298105251044035,0.3332293629646301,-0.011245673522353172,0.775131344795227
40.90599822998047,-24.753999710083008,0.7932838797569275,5.10026741027832,0.11978012323379517,1.1512799263000488,0.06990466266870499,0.22159893810749054
40.90599822998047,-24.753999710083008,0.5939586162567139,2.835880994796753,0.025721758604049683,1.1106547117233276,0.09189397841691971,0.4884164333343506
40.90599822998047,-24.753999710083008,0.6118025183677673,5.3603410720825195,0.016086488962173462,1.7155619859695435,0.0697178915143013,0.2899845838546753
40.90599822998047,-23.753999710083008,0.73403400182724,5.345673561096191,0.042769528925418854,1.9278498888015747,0.011826083064079285,0.5855645537376404
40.90599822998047,-23.753999710083008,1.0177865028381348,2.5199332237243652,0.16754372417926788,0.08246161788702011,0.27079570293426514,0.2924741506576538
40.90599822998047,-23.753999710083008,1.1375348567962646,5.896966457366943,0.11163271963596344,0.047992296516895294,-0.047997914254665375,0.12196129560470581
40.90599822998047,-22.753999710083008,0.797749936580658,4.704704284667969,0.06239753216505051,2.031139612197876,-0.10901077091693878,0.269284725189209
40.90599822998047,-22.753999710083008,1.1830562353134155,2.6978249549865723,0.11751320213079453,0.0341365672647953,0.15652191638946533,0.3438073694705963
40.90599822998047,-22.753999710083008,1.2098723649978638,5.8680877685546875,0.08222473412752151,0.024834584444761276,-0.15105170011520386,0.3869078755378723
40.90599822998047,-21.753999710083008,0.8512592315673828,3.1340444087982178,0.11526988446712494,2.345869779586792,0.01654825545847416,0.168907031416893
40.90599822998047,-21.753999710083008,1.143196940422058,2.6753783226013184,0.08631148189306259,0.03418251872062683,0.1019640788435936,0.31600138545036316
40.90599822998047,-21.753999710083008,1.168928623199463,5.876500129699707,0.09044522792100906,0.045664772391319275,-0.1740519404411316,0.515091598033905
40.90599822998047,-20.753999710083008,0.8120660185813904,5.374947547912598,0.06852132827043533,1.3296529054641724,0.05605519190430641,0.06131548061966896
40.90599822998047,-20.753999710083008,1.194434404373169,2.890594482421875,0.11821118742227554,0.12170201539993286,0.07945264130830765,0.3552839159965515
40.90599822998047,-20.753999710083008,1.2035064697265625,5.88803768157959,0.0953141376376152,0.041822176426649094,0.02932843752205372,0.583400547504425
40.90599822998047,-19.753999710083008,0.8728588819503784,6.0863356590271,0.09043674916028976,1.4464056491851807,-0.007097661029547453,0.19184337556362152
40.90599822998047,-19.753999710083008,0.9528011083602905,2.5267202854156494,0.1025114506483078,0.05836222693324089,0.27211782336235046,0.236710786819458
40.90599822998047,-19.753999710083008,0.9923204183578491,5.847696304321289,0.09306216239929199,0.0697777047753334,-0.058514200150966644,0.571445882320404
40.90599822998047,-18.753999710083008,0.8936800360679626,0.7594069838523865,0.14845073223114014,1.848510980606079,0.11560694873332977,0.04830067232251167
40.90599822998047,-18.753999710083008,0.9098442792892456,3.4074769020080566,0.08056099712848663,0.12639804184436798,0.1935550570487976,0.24329133331775665
40.90599822998047,-18.753999710083008,0.987604558467865,0.2628181576728821,0.05511672422289848,0.04977499693632126,-0.07739338278770447,0.7084080576896667
40.90599822998047,-17.753999710083008,0.7115868926048279,4.524700164794922,0.08106523752212524,1.5757783651351929,0.08292970061302185,0.037222765386104584
40.90599822998047,-17.753999710083008,0.8674885034561157,2.8920328617095947,0.06610731035470963,0.07582414150238037,0.05957682430744171,0.3492332696914673
40.90599822998047,-17.753999710083008,1.0028703212738037,6.240368843078613,0.06112842261791229,0.03324903920292854,-0.21023857593536377,0.6135439872741699
40.90599822998047,-16.753999710083008,0.8740207552909851,6.251890659332275,0.1962381899356842,0.9406195878982544,0.12025309354066849,0.23681291937828064
40.90599822998047,-16.753999710083008,0.7050948143005371,2.9182324409484863,0.06935350596904755,0.3379873037338257,0.09948950260877609,0.09915368258953094
40.90599822998047,-16.753999710083008,0.7183746695518494,0.043300919234752655,0.02969321608543396,0.09869113564491272,-0.08102459460496902,0.6640333533287048
40.90599822998047,-15.753999710083008,0.7222697734832764,1.4061347246170044,0.04669138416647911,1.6580309867858887,-0.02079721726477146,0.12732675671577454
40.90599822998047,-15.753999710083008,0.7892967462539673,2.61773943901062,0.16484524309635162,0.19720418751239777,0.22282037138938904,0.030977651476860046
40.90599822998047,-15.753999710083008,0.8476468324661255,0.06577751040458679,0.058257389813661575,0.10456481575965881,-0.03659381344914436,0.8416956067085266
41.90599822998047,-27.753999710083008,0.5977993607521057,4.653008937835693,0.03991188108921051,1.0751581192016602,-0.04739263281226158,0.4148644506931305
41.90599822998047,-27.753999710083008,0.5242515206336975,2.381568670272827,0.09591731429100037,0.45849061012268066,-0.02762787975370884,0.008690997026860714
41.90599822998047,-27.753999710083008,0.6469683051109314,4.542206764221191,0.019216356799006462,0.14327970147132874,-0.01202296745032072,0.5764445662498474
41.90599822998047,-26.753999710083008,0.6880384683609009,5.154410362243652,0.028225749731063843,0.4145444631576538,-0.1443209946155548,0.6704751253128052
41.90599822998047,-26.753999710083008,0.5900869965553284,2.0287349224090576,0.10687993466854095,2.863701581954956,0.08611252158880234,0.13995319604873657
41.90599822998047,-26.753999710083008,0.597665011882782,4.0737409591674805,0.02176375314593315,1.5017733573913574,0.10036075860261917,0.18957163393497467
41.90599822998047,-25.753999710083008,0.5907666683197021,5.835485458374023,0.039929382503032684,1.3580708503723145,-0.16762663424015045,0.5085855722427368
41.90599822998047,-25.753999710083008,0.5660530924797058,1.1987491846084595,0.04457417130470276,2.592743158340454,-0.07930424064397812,0.3016553819179535
41.90599822998047,-25.753999710083008,0.6036919355392456,5.269956588745117,0.013736192137002945,0.8746894001960754,-0.1269625425338745,0.18975915014743805
41.90599822998047,-24.753999710083008,0.8283806443214417,4.2952680587768555,0.055084407329559326,1.0392905473709106,0.06309960782527924,0.22659701108932495
41.90599822998047,-24.753999710083008,0.6961516737937927,1.8157600164413452,0.12132295966148376,1.749086856842041,0.05058709904551506,0.4644874036312103
41.90599822998047,-24.753999710083008,0.6795768141746521,5.093019008636475,0.041154224425554276,1.8236716985702515,0.055183641612529755,0.3089155852794647
41.90599822998047,-23.753999710083008,0.7378401160240173,5.9279465675354,0.04843537136912346,2.3184099197387695,-0.04388405382633209,0.34316393733024597
41.90599822998047,-23.753999710083008,1.0138205289840698,2.577209711074829,0.20855145156383514,0.31061869859695435,0.2273372858762741,0.3816879391670227
41.90599822998047,-23.753999710083008,1.1890523433685303,5.991576671600342,0.12585414946079254,0.0735156387090683,-0.15232591331005096,0.2751481235027313
41.90599822998047,-22.753999710083008,0.7825817465782166,4.5094804763793945,0.04467359557747841,2.0699496269226074,-0.15652617812156677,0.3367948830127716
41.90599822998047,-22.753999710083008,1.2266099452972412,2.7303645610809326,0.13303668797016144,0.0331205353140831,0.20864735543727875,0.3338713049888611
41.90599822998047,-22.753999710083008,1.1787726879119873,5.918126106262207,0.10479694604873657,0.0454527884721756,-0.2037433385848999,0.3293338119983673
41.90599822998047,-21.753999710083008,0.8521846532821655,3.899630069732666,0.11877238750457764,2.1060450077056885,0.05314944311976433,0.16138362884521484
41.90599822998047,-21.753999710083008,1.0931016206741333,2.708542585372925,0.09169694036245346,0.05351080372929573,0.06260102242231369,0.33382290601730347
41.90599822998047,-21.753999710083008,1.1499079465866089,5.903046131134033,0.09360815584659576,0.05164569616317749,-0.07007260620594025,0.5047935247421265
41.90599822998047,-20.753999710083008,0.9686274528503418,0.4190554618835449,0.241698756814003,1.3865965604782104,0.10431595891714096,0.0339483879506588
41.90599822998047,-20.753999710083008,1.0139495134353638,2.919595718383789,0.08550221472978592,0.23193246126174927,0.0183094535022974,0.32719722390174866
41.90599822998047,-20.753999710083008,1.112068772315979,5.994419097900391,0.08173348009586334,0.05724147707223892,-0.006708374712616205,0.6388543844223022
41.90599822998047,-19.753999710083008,0.6313965320587158,0.7720763087272644,0.03465108200907707,2.056312322616577,0.06034575775265694,0.40997442603111267
41.90599822998047,-19.753999710083008,0.6542477011680603,2.7308168411254883,0.07967828214168549,0.38307154178619385,0.15736877918243408,0.5081642270088196
41.90599822998047,-19.753999710083008,0.7216939926147461,6.0934906005859375,0.05245434492826462,0.3043633997440338,0.0007836450822651386,0.08186142891645432
41.90599822998047,-18.753999710083008,0.5689291954040527,4.208033561706543,0.020615290850400925,1.183990716934204,0.09522953629493713,0.3575436472892761
41.90599822998047,-18.753999710083008,0.8075751066207886,3.3148021697998047,0.08664502203464508,0.2828894853591919,0.07949365675449371,0.31452280282974243
41.90599822998047,-18.753999710083008,0.9560405015945435,0.022256512194871902,0.0750647783279419,0.11143176257610321,-0.025860456749796867,0.32793357968330383
41.90599822998047,-17.753999710083008,0.5720705986022949,5.914881706237793,0.027282871305942535,1.6803263425827026,0.07485166192054749,0.24548180401325226
41.90599822998047,-17.753999710083008,0.6554941534996033,2.7965099811553955,0.07385702431201935,0.30413389205932617,0.1129605621099472,0.27765196561813354
41.90599822998047,-17.753999710083008,0.8959540128707886,0.001727178692817688,0.06786889582872391,0.07019893825054169,-0.24063430726528168,0.476866215467453
41.90599822998047,-16.753999710083008,0.8095878958702087,0.4892638325691223,0.22225871682167053,0.5958223938941956,0.11694943904876709,0.025613462552428246
41.90599822998047,-16.753999710083008,0.7347995042800903,1.5782017707824707,0.03940633311867714,0.32314184308052063,0.0757034569978714,0.013851386494934559
41.90599822998047,-16.753999710083008,0.6551691889762878,1.0227224826812744,0.026116011664271355,0.40115201473236084,-0.043864503502845764,0.9605351686477661
41.90599822998047,-15.753999710083008,0.7748917937278748,5.651081562042236,0.053585465997457504,2.1847712993621826,0.010653880424797535,0.16241079568862915
41.90599822998047,-15.753999710083008,0.8326282501220703,2.7509615421295166,0.11141598224639893,0.7839001417160034,0.2323189377784729,0.22236967086791992
41.90599822998047,-15.753999710083008,0.8188430070877075,6.095673084259033,0.05843166261911392,0.23395870625972748,-0.053913235664367676,0.6152195930480957
42.90599822998047,-27.753999710083008,0.6480972766876221,4.249249458312988,0.11120492219924927,0.7424705624580383,0.04228249564766884,0.2414156198501587
42.90599822998047,-27.753999710083008,0.5196510553359985,1.9847415685653687,0.15767879784107208,1.0365396738052368,-0.03728988766670227,0.08201864361763
42.90599822998047,-27.753999710083008,0.5744630098342896,4.103690147399902,0.0511699877679348,0.8215185403823853,0.06078912690281868,0.6765657663345337
42.90599822998047,-26.753999710083008,0.6339476704597473,5.523277759552002,0.03332072123885155,0.7786500453948975,-0.0007256654789671302,0.5392302870750427
42.90599822998047,-26.753999710083008,0.641154944896698,1.232980489730835,0.11188707500696182,1.5485926866531372,-0.033695466816425323,0.2388717085123062
42.90599822998047,-26.753999710083008,0.6326953172683716,4.388848304748535,0.032321978360414505,1.2160892486572266,0.05268752947449684,0.22189801931381226
42.90599822998047,-25.753999710083008,0.7210336327552795,4.19521951675415,0.07473396509885788,1.3060510158538818,-0.15573574602603912,0.21093802154064178
42.90599822998047,-25.753999710083008,0.5598711371421814,1.9064069986343384,0.03478853777050972,2.673431873321533,-0.10736481100320816,0.16568438708782196
42.90599822998047,-25.753999710083008,0.5974889397621155,4.568221092224121,0.008676959201693535,0.8445122241973877,-0.0105080371722579,0.6233775615692139
42.90599822998047,-24.753999710083008,0.7827392816543579,4.960446357727051,0.05006701499223709,0.8918446898460388,0.06199510395526886,0.2281588762998581
42.90599822998047,-24.753999710083008,0.8012457489967346,2.302788257598877,0.21477878093719482,1.237471342086792,0.22581352293491364,0.5934983491897583
42.90599822998047,-24.753999710083008,0.8778913021087646,5.923767566680908,0.16534459590911865,0.42786285281181335,0.17265549302101135,0.178342804312706
42.90599822998047,-23.753999710083008,0.792884111404419,5.679332733154297,0.056784648448228836,1.8332436084747314,-0.006920762360095978,0.26871258020401
42.90599822998047,-23.753999710083008,1.215131163597107,2.776524543762207,0.3072824776172638,0.4419328570365906,0.19060513377189636,0.2756958603858948
42.90599822998047,-23.753999710083008,1.1708945035934448,6.026155471801758,0.09477575123310089,0.05118117481470108,-0.15292426943778992,0.4555915594100952
42.90599822998047,-22.753999710083008,0.950279176235199,4.105730056762695,0.140560120344162,2.1315624713897705,-0.08001799881458282,0.10416584461927414
42.90599822998047,-22.753999710083008,1.2731194496154785,2.736250162124634,0.11930825561285019,0.03619334101676941,0.11620134115219116,0.39909428358078003
42.90599822998047,-22.753999710083008,1.2107326984405518,5.9295477867126465,0.09815559536218643,0.04862428084015846,-0.19167356193065643,0.49673992395401
42.90599822998047,-21.753999710083008,0.8395455479621887,5.919425964355469,0.07429951429367065,1.8957421779632568,0.0834573358297348,0.15296615660190582
42.90599822998047,-21.753999710083008,1.0481903553009033,2.9922847747802734,0.10621876269578934,0.21036721765995026,-0.03906828165054321,0.34417203068733215
42.90599822998047,-21.753999710083008,1.1200133562088013,5.875452995300293,0.08367544412612915,0.05141889303922653,0.06465055048465729,0.5028617978096008
42.90599822998047,-20.753999710083008,0.9227350950241089,0.9173923134803772,0.10330577939748764,1.4290268421173096,0.09489355236291885,0.1083407923579216
42.90599822998047,-20.753999710083008,0.9818657040596008,3.294635534286499,0.06792192906141281,0.17294268310070038,0.041379041969776154,0.5273573994636536
42.90599822998047,-20.753999710083008,1.096663236618042,6.250627040863037,0.07928512990474701,0.0680360272526741,0.008806384168565273,0.36430180072784424
42.90599822998047,-19.753999710083008,0.6321964263916016,1.5237191915512085,0.028881356120109558,1.62745201587677,0.041878923773765564,0.3348735272884369
42.90599822998047,-19.753999710083008,0.7007133364677429,3.1967685222625732,0.08457709103822708,1.1325558423995972,0.14092041552066803,0.57979416847229
42.90599822998047,-19.753999710083008,0.7742032408714294,0.20186445116996765,0.05331924185156822,0.3863546550273895,-0.05637023225426674,0.08533235639333725
42.90599822998047,-18.753999710083008,0.6155019998550415,4.577624797821045,0.023466911166906357,1.3719607591629028,0.02240496128797531,0.27245983481407166
42.90599822998047,-18.753999710083008,0.8948195576667786,2.6756913661956787,0.1690581887960434,0.2669817805290222,0.09577006846666336,0.21340550482273102
42.90599822998047,-18.753999710083008,0.9721441268920898,6.027811050415039,0.07314638793468475,0.04744470492005348,-0.042148347944021225,0.5141345858573914
42.90599822998047,-17.753999710083008,0.5283116102218628,0.35493865609169006,0.020124778151512146,1.5965467691421509,0.17308035492897034,0.30425187945365906
42.90599822998047,-17.753999710083008,0.7269054651260376,2.210298776626587,0.10923180729150772,0.7756725549697876,0.07648099958896637,0.4113241136074066
42.90599822998047,-17.753999710083008,0.8951975703239441,0.2463206946849823,0.08094349503517151,0.08086546510457993,-0.15591293573379517,0.2844240963459015
42.90599822998047,-16.753999710083008,0.7504993081092834,1.5154331922531128,0.09232359379529953,0.6842547655105591,0.23563942313194275,0.14801731705665588
42.90599822998047,-16.753999710083008,0.9759718179702759,1.7405428886413574,0.06888914108276367,0.10419485718011856,0.038564953953027725,0.4613132178783417
42.90599822998047,-16.753999710083008,0.9488885402679443,0.9066905379295349,0.17405198514461517,0.3207925856113434,-0.08789024502038956,0.39066949486732483
43.90599822998047,-27.753999710083008,0.8034731149673462,4.666823863983154,0.09835785627365112,0.23098152875900269,0.13279016315937042,0.05044872313737869
43.90599822998047,-27.753999710083008,0.45949089527130127,0.13010741770267487,0.14301978051662445,10.703217506408691,-0.11983431875705719,7.889603148214519e-05
43.90599822998047,-27.753999710083008,0.5252653956413269,5.17951774597168,0.0051279570907354355,0.05454324185848236,-0.06784245371818542,0.9494723081588745
43.90599822998047,-26.753999710083008,0.5674135088920593,4.352092266082764,0.05271464213728905,0.7288481593132019,-0.05403496325016022,0.42672571539878845
43.90599822998047,-26.753999710083008,0.5253950357437134,0.6480038166046143,0.04248978570103645,1.2052441835403442,-0.05502370744943619,0.19363655149936676
43.90599822998047,-26.753999710083008,0.6455649733543396,4.351961135864258,0.026462284848093987,0.8541574478149414,0.12702856957912445,0.37963780760765076
43.90599822998047,-25.753999710083008,0.7331895232200623,5.269594669342041,0.11784297972917557,1.0327197313308716,-0.12764088809490204,0.09581227600574493
43.90599822998047,-25.753999710083008,0.5774771571159363,2.127258539199829,0.03118649683892727,1.1185237169265747,0.03357800096273422,0.2933754026889801
43.90599822998047,-25.753999710083008,0.6490040421485901,5.479375839233398,0.014677369967103004,1.219362497329712,0.08220924437046051,0.6108123064041138
43.90599822998047,-24.753999710083008,0.7892453670501709,4.596236705780029,0.049179960042238235,1.080021858215332,-0.03851993754506111,0.3640455901622772
43.90599822998047,-24.753999710083008,0.9055335521697998,2.4152755737304688,0.2025976926088333,1.544879674911499,0.02990104630589485,0.39106833934783936
43.90599822998047,-24.753999710083008,1.2090972661972046,6.187387943267822,0.2876949906349182,0.25987929105758667,0.05156983807682991,0.2448861449956894
43.90599822998047,-23.753999710083008,0.7813165187835693,4.439560413360596,0.06925909221172333,1.3472044467926025,0.06489071995019913,0.15041419863700867
43.90599822998047,-23.753999710083008,1.1486008167266846,2.8963279724121094,0.2341838926076889,0.5580940842628479,0.10241322219371796,0.2934468984603882
43.90599822998047,-23.753999710083008,1.2232900857925415,6.003900051116943,0.11611298471689224,0.04292266443371773,-0.22082066535949707,0.5561389327049255
43.90599822998047,-22.753999710083008,0.9628137946128845,3.291926622390747,0.13920167088508606,1.8787235021591187,0.0009827804751694202,0.10022972524166107
43.90599822998047,-22.753999710083008,1.1697617769241333,2.6748437881469727,0.0925774946808815,0.04997772350907326,0.12518157064914703,0.2805290222167969
43.90599822998047,-22.753999710083008,1.248834490776062,6.000373840332031,0.07028015702962875,0.042888201773166656,-0.2254694551229477,0.6192412972450256
43.90599822998047,-21.753999710083008,0.7703953981399536,5.692966461181641,0.037930380553007126,1.495519757270813,0.02936321310698986,0.19155405461788177
43.90599822998047,-21.753999710083008,1.0657522678375244,2.7450108528137207,0.14912602305412292,0.35257214307785034,0.207156702876091,0.22966794669628143
43.90599822998047,-21.753999710083008,1.1237725019454956,5.989485263824463,0.07908602803945541,0.053376682102680206,-0.020662764087319374,0.5787779688835144
43.90599822998047,-20.753999710083008,0.9235252141952515,1.4047319889068604,0.04835797846317291,1.9896416664123535,0.10718871653079987,0.42002642154693604
43.90599822998047,-20.753999710083008,1.1061421632766724,3.565941095352173,0.081863172352314,0.05183369293808937,0.11555786430835724,0.3856693208217621
43.90599822998047,-20.753999710083008,1.082387924194336,0.18284553289413452,0.06842011958360672,0.045995719730854034,0.03574173152446747,0.19430425763130188
43.90599822998047,-19.753999710083008,0.931716799736023,0.46932491660118103,0.07141084223985672,1.3907607793807983,0.03944354131817818,0.3531053960323334
43.90599822998047,-19.753999710083008,0.853035032749176,3.03499174118042,0.13018757104873657,1.9497007131576538,0.03731551393866539,0.5299882888793945
43.90599822998047,-19.753999710083008,1.0589182376861572,0.27990350127220154,0.08641286939382553,0.09310834109783173,-0.23367621004581451,0.1169063076376915
43.90599822998047,-18.753999710083008,0.596741259098053,4.690201282501221,0.022407252341508865,1.2025703191757202,-0.06734058260917664,0.3033122718334198
43.90599822998047,-18.753999710083008,0.8702248334884644,2.3915679454803467,0.1738876849412918,0.4247901737689972,0.1452290415763855,0.23001381754875183
43.90599822998047,-18.753999710083008,0.9826187491416931,5.960454940795898,0.09381714463233948,0.06257681548595428,-0.028791721910238266,0.46667394042015076
43.90599822998047,-17.753999710083008,0.6253582835197449,1.3232390880584717,0.02293415740132332,1.239706039428711,-0.036595702171325684,0.3871082067489624
43.90599822998047,-17.753999710083008,0.7239696979522705,2.470344305038452,0.16280901432037354,1.0426303148269653,0.11507009714841843,0.093422532081604
43.90599822998047,-17.753999710083008,0.8995097279548645,0.20183977484703064,0.08562712371349335,0.0813899114727974,-0.03840352222323418,0.5194692015647888
43.90599822998047,-16.753999710083008,0.9808939099311829,1.3472754955291748,0.3349314332008362,2.5149548053741455,0.2080465853214264,0.0049678669311106205
43.90599822998047,-16.753999710083008,1.0607008934020996,2.1108078956604004,0.025956472381949425,0.08450549840927124,0.2875361442565918,0.9754182696342468
43.90599822998047,-16.753999710083008,1.0289092063903809,0.2886601388454437,0.10344145447015762,0.2486000657081604,-0.02180471271276474,0.019613852724432945
44.90599822998047,-27.753999710083008,0.7873022556304932,1.2990083694458008,0.09884971380233765,1.2263134717941284,0.03849621117115021,0.01626875065267086
44.90599822998047,-27.753999710083008,0.5898429751396179,0.15472090244293213,0.1556025594472885,0.6408833861351013,0.28322941064834595,0.002995667513459921
44.90599822998047,-27.753999710083008,0.6822666525840759,5.61568546295166,0.020313315093517303,0.038786448538303375,0.010488592088222504,0.9807355999946594
44.90599822998047,-26.753999710083008,0.6300170421600342,5.7184224128723145,0.07993976771831512,0.7132990956306458,-0.04277289658784866,0.15298789739608765
44.90599822998047,-26.753999710083008,0.526596188545227,1.3036013841629028,0.07294462621212006,1.8796861171722412,0.013754734769463539,0.015596199780702591
44.90599822998047,-26.753999710083008,0.5975497961044312,4.739370346069336,0.012699528597295284,0.18244066834449768,0.07976849377155304,0.8314158916473389
44.90599822998047,-25.753999710083008,0.8322967886924744,4.953561305999756,0.18416833877563477,1.4329355955123901,0.07701078057289124,0.1869751214981079
44.90599822998047,-25.753999710083008,0.5662566423416138,1.565330982208252,0.014710244722664356,1.4292556047439575,-0.08569202572107315,0.7174370884895325
44.90599822998047,-25.753999710083008,0.716515302658081,5.956501483917236,0.025275278836488724,2.4555044174194336,0.019288457930088043,0.095587819814682
44.90599822998047,-24.753999710083008,0.7433814406394958,5.055803298950195,0.03287079557776451,1.5145548582077026,-0.08793945610523224,0.4696026146411896
44.90599822998047,-24.753999710083008,0.9212526679039001,2.7069783210754395,0.26178592443466187,2.2014873027801514,0.1747419536113739,0.21265485882759094
44.90599822998047,-24.753999710083008,1.191935658454895,6.113175392150879,0.13341546058654785,0.08080876618623734,-0.12118198722600937,0.31774255633354187
44.90599822998047,-23.753999710083008,0.7618606090545654,5.1033244132995605,0.07623136788606644,1.602751612663269,0.03913355991244316,0.16421721875667572
44.90599822998047,-23.753999710083008,1.0204461812973022,2.803955078125,0.15299955010414124,0.34088635444641113,0.05938208848237991,0.35274070501327515
44.90599822998047,-23.753999710083008,1.159935712814331,5.997783184051514,0.10136260092258453,0.046705879271030426,-0.15842241048812866,0.48304206132888794
44.90599822998047,-22.753999710083008,0.9497573375701904,4.303928375244141,0.1285918951034546,1.9905388355255127,-0.0033990072552114725,0.13129591941833496
44.90599822998047,-22.753999710083008,1.0776159763336182,2.5994997024536133,0.08488419651985168,0.06398571282625198,0.10642829537391663,0.22616377472877502
44.90599822998047,-22.753999710083008,1.1553930044174194,6.003234386444092,0.06415233761072159,0.049758683890104294,-0.17809198796749115,0.6425403356552124
44.90599822998047,-21.753999710083008,0.848426342010498,5.148134708404541,0.05168472230434418,1.7160066366195679,0.07312894612550735,0.17430050671100616
44.90599822998047,-21.753999710083008,0.9573869705200195,2.590867280960083,0.12086056917905807,0.7235464453697205,0.242723286151886,0.35166436433792114
44.90599822998047,-21.753999710083008,1.096848487854004,6.053867816925049,0.08235206454992294,0.08144741505384445,-0.07019775360822678,0.4740351736545563
44.90599822998047,-20.753999710083008,0.973181962966919,1.2100629806518555,0.03924129530787468,2.0415639877319336,0.15476615726947784,0.6425976157188416
44.90599822998047,-20.753999710083008,1.0149376392364502,3.520725965499878,0.08265364170074463,0.15479885041713715,0.3070155382156372,0.27243977785110474
44.90599822998047,-20.753999710083008,1.0902870893478394,0.2815266251564026,0.07405590265989304,0.04471513256430626,-0.008624526672065258,0.08496258407831192
44.90599822998047,-19.753999710083008,1.0668812990188599,5.642838001251221,0.17231477797031403,0.7372376918792725,-0.04597514867782593,0.11337972432374954
44.90599822998047,-19.753999710083008,0.8693532347679138,2.238196849822998,0.09440261125564575,2.673445463180542,-0.0015529132215306163,0.4948013126850128
44.90599822998047,-19.753999710083008,1.1272324323654175,0.3066764771938324,0.1189679354429245,0.1551048904657364,-0.0751127079129219,0.39181897044181824
44.90599822998047,-18.753999710083008,0.6186811923980713,4.746953010559082,0.040502894669771194,0.6654719114303589,-0.039989616721868515,0.16081316769123077
44.90599822998047,-18.753999710083008,0.8191895484924316,1.919698715209961,0.13258767127990723,0.8059322834014893,-0.07138123363256454,0.32215723395347595
44.90599822998047,-18.753999710083008,1.095816969871521,6.083803176879883,0.2307332158088684,0.2075912356376648,0.10312966257333755,0.5170296430587769
44.90599822998047,-17.753999710083008,0.7757773399353027,1.5245498418807983,0.08852608501911163,1.100847840309143,-0.07316206395626068,0.16798852384090424
44.90599822998047,-17.753999710083008,0.6356305480003357,2.068016290664673,0.0874193087220192,1.0734893083572388,0.11451796442270279,0.11751766502857208
44.90599822998047,-17.753999710083008,0.9437944293022156,0.231160968542099,0.10171302407979965,0.11842256039381027,-0.09407217800617218,0.7144938111305237
44.90599822998047,-16.753999710083008,1.1372190713882446,0.2892872393131256,0.5540691614151001,2.5974464416503906,0.14685842394828796,0.004154488444328308
44.90599822998047,-16.753999710083008,1.1114535331726074,2.4320452213287354,0.025427425280213356,0.11916131526231766,0.17888891696929932,0.9450063705444336
44.90599822998047,-16.753999710083008,1.1742308139801025,6.031670093536377,0.10345327109098434,0.20697838068008423,0.12990428507328033,0.05083916336297989
45.90599822998047,-26.753999710083008,0.7994283437728882,5.498648166656494,0.13910721242427826,1.4502015113830566,0.13471509516239166,0.012093594297766685
45.90599822998047,-26.753999710083008,0.6664953827857971,1.644900918006897,0.19534748792648315,1.1419507265090942,0.11833754926919937,0.008897706866264343
45.90599822998047,-26.753999710083008,0.6331685185432434,5.969353675842285,0.03241916000843048,0.09846900403499603,-0.08662345260381699,0.9790087342262268
45.90599822998047,-25.753999710083008,0.8967393040657043,0.10187580436468124,0.14739637076854706,0.6234931945800781,0.020765388384461403,0.18593065440654755
45.90599822998047,-25.753999710083008,0.6858236193656921,1.2608819007873535,0.14431056380271912,4.65207052230835,-0.33420997858047485,0.013930879533290863
45.90599822998047,-25.753999710083008,0.6805040240287781,5.535269737243652,0.03655451908707619,1.7815288305282593,-0.20198661088943481,0.8001384139060974
45.90599822998047,-24.753999710083008,0.821627140045166,5.9934916496276855,0.049953360110521317,1.0099714994430542,-0.020504705607891083,0.2619430720806122
45.90599822998047,-24.753999710083008,0.8756811022758484,3.0026443004608154,0.1420832872390747,0.9799038171768188,0.29005834460258484,0.13559971749782562
45.90599822998047,-24.753999710083008,0.9942263960838318,6.1475019454956055,0.05020948126912117,0.07234341651201248,-0.007023428566753864,0.6024572253227234
45.90599822998047,-23.753999710083008,1.009857177734375,0.3058973550796509,0.18458707630634308,2.227363348007202,0.0068324292078614235,0.09394627809524536
45.90599822998047,-23.753999710083008,1.039216160774231,2.623377799987793,0.05854553356766701,0.05173368752002716,-0.040579210966825485,0.2851565182209015
45.90599822998047,-23.753999710083008,1.0510255098342896,5.994246006011963,0.05092288926243782,0.05543488636612892,-0.04195937514305115,0.6208971738815308
45.90599822998047,-22.753999710083008,0.9020420908927917,4.984614372253418,0.13081984221935272,1.7653306722640991,0.019970836117863655,0.10822495073080063
45.90599822998047,-22.753999710083008,1.0377895832061768,2.5037598609924316,0.08750499039888382,0.052710555493831635,-0.060419682413339615,0.2974533140659332
45.90599822998047,-22.753999710083008,1.0360853672027588,5.916257858276367,0.05742259323596954,0.04571182653307915,-0.09268122166395187,0.5943217873573303
45.90599822998047,-21.753999710083008,0.8094053864479065,5.387628555297852,0.048545800149440765,1.512963056564331,0.063029445707798,0.3507729172706604
45.90599822998047,-21.753999710083008,0.8731334209442139,2.0151233673095703,0.08213325589895248,0.31257128715515137,-0.12475540488958359,0.36667150259017944
45.90599822998047,-21.753999710083008,0.9990984797477722,5.950117588043213,0.1051778718829155,0.3103654384613037,-0.19694244861602783,0.28255558013916016
45.90599822998047,-20.753999710083008,0.8753765821456909,4.286330223083496,0.0739675834774971,1.1791362762451172,0.32315754890441895,0.2849136292934418
45.90599822998047,-20.753999710083008,0.7565941214561462,2.5017406940460205,0.04695522412657738,0.5449814200401306,-0.12229748070240021,0.48300907015800476
45.90599822998047,-20.753999710083008,0.9844759702682495,0.13406072556972504,0.17657600343227386,0.7187204360961914,-0.016107922419905663,0.23207727074623108
45.90599822998047,-19.753999710083008,0.921005129814148,4.871377944946289,0.13291551172733307,0.8056583404541016,0.046324945986270905,0.10861938446760178
45.90599822998047,-19.753999710083008,0.8965261578559875,1.6865159273147583,0.09342240542173386,0.7962654232978821,0.06093074753880501,0.32629260420799255
45.90599822998047,-19.753999710083008,1.051857590675354,0.38154593110084534,0.13945329189300537,0.1677200049161911,0.12279487401247025,0.5650880932807922
45.90599822998047,-18.753999710083008,0.9360563158988953,1.3349281549453735,0.19524040818214417,0.4182110130786896,0.026703402400016785,0.1748954951763153
45.90599822998047,-18.753999710083008,0.7409800887107849,1.5102077722549438,0.09045570343732834,0.7278838753700256,0.005563854705542326,0.31639084219932556
45.90599822998047,-18.753999710083008,0.9899284243583679,0.14423255622386932,0.18933221697807312,0.3892889618873596,0.06877317279577255,0.5087137222290039
45.90599822998047,-17.753999710083008,1.0244007110595703,1.277172565460205,0.45571690797805786,0.8884062170982361,0.0139236431568861,0.02346934750676155
45.90599822998047,-17.753999710083008,0.7417888641357422,1.189682960510254,0.06483308225870132,0.32072681188583374,0.2869248688220978,0.6940659880638123
45.90599822998047,-17.753999710083008,1.083221197128296,0.7103285193443298,0.26699644327163696,0.05758410692214966,-0.03481564298272133,0.2824646532535553
46.90599822998047,-25.753999710083008,0.9606988430023193,0.9649375677108765,0.17908456921577454,0.36482295393943787,0.04009406641125679,0.2221444696187973
46.90599822998047,-25.753999710083008,0.6408481001853943,1.577057957649231,0.22221575677394867,14.037384986877441,-0.16459600627422333,0.015538154169917107
46.90599822998047,-25.753999710083008,0.7063537836074829,5.6925530433654785,0.05002908036112785,0.7758520245552063,-0.27882272005081177,0.762317419052124
46.90599822998047,-24.753999710083008,1.1499433517456055,5.662353515625,0.4309130012989044,0.9824851751327515,0.08342763036489487,0.06412839144468307
46.90599822998047,-24.753999710083008,0.7775958180427551,3.5179433822631836,0.11569913476705551,0.9553683996200562,0.3571915328502655,0.0514540895819664
46.90599822998047,-24.753999710083008,0.9303089380264282,5.837691783905029,0.04777790233492851,0.26019108295440674,-0.06890740990638733,0.8844174742698669
46.90599822998047,-23.753999710083008,0.8916946053504944,5.727254867553711,0.0812743604183197,0.9305447936058044,-0.024407964199781418,0.16446787118911743
46.90599822998047,-23.753999710083008,0.8273521661758423,2.1294143199920654,0.0964585542678833,0.22096437215805054,0.007179745472967625,0.05723616108298302
46.90599822998047,-23.753999710083008,0.9572961330413818,5.788694381713867,0.059949666261672974,0.1441560685634613,-0.05535280331969261,0.7782959938049316
46.90599822998047,-22.753999710083008,0.8941066861152649,4.783674716949463,0.1490158885717392,0.4357409179210663,0.03599539399147034,0.22661931812763214
46.90599822998047,-22.753999710083008,0.9994795918464661,1.8399202823638916,0.09560753405094147,0.04374409839510918,-0.1344054490327835,0.402269184589386
46.90599822998047,-22.753999710083008,0.9463444352149963,5.4771528244018555,0.0684475302696228,0.2040890008211136,-0.15876363217830658,0.3711114525794983
46.90599822998047,-21.753999710083008,0.7369897961616516,5.5052289962768555,0.04022558405995369,0.8367120623588562,0.014350526034832,0.2505192756652832
46.90599822998047,-21.753999710083008,1.0829414129257202,1.4672572612762451,0.10903502255678177,0.04282344505190849,-0.10557471215724945,0.6519103646278381
46.90599822998047,-21.753999710083008,0.9311694502830505,5.185852527618408,0.16312363743782043,0.3606545329093933,-0.05098304897546768,0.09757032245397568
46.90599822998047,-20.753999710083008,0.8042867183685303,6.136721134185791,0.04236021265387535,0.8635920286178589,0.0320717878639698,0.2490423023700714
46.90599822998047,-20.753999710083008,1.0880131721496582,1.3231019973754883,0.11928419023752213,0.09338610619306564,-0.10617366433143616,0.7367774844169617
46.90599822998047,-20.753999710083008,1.0314421653747559,0.05934341624379158,0.2861148416996002,0.4899071753025055,-0.016439393162727356,0.014180238358676434
46.90599822998047,-19.753999710083008,0.8190447092056274,0.4782230854034424,0.12751446664333344,0.9018439054489136,0.16533486545085907,0.22048500180244446
46.90599822998047,-19.753999710083008,0.962053656578064,1.426039457321167,0.11841631680727005,0.15363167226314545,-0.04227132350206375,0.6654244661331177
46.90599822998047,-19.753999710083008,0.9623326063156128,0.29202526807785034,0.1448410004377365,0.11706463247537613,0.0035175099037587643,0.11409061402082443
46.90599822998047,-18.753999710083008,1.2420175075531006,1.942867636680603,1.3113404512405396,0.4503287971019745,0.10941025614738464,0.025168249383568764
46.90599822998047,-18.753999710083008,0.959122896194458,0.8780444264411926,0.10660670697689056,0.19244195520877838,0.24494801461696625,0.8959404230117798
46.90599822998047,-18.753999710083008,1.0514565706253052,0.14291784167289734,0.33994030952453613,0.2690310478210449,0.14885208010673523,0.07889126241207123
46.90599822998047,-17.753999710083008,1.1856207847595215,0.3972605764865875,1.0419716835021973,0.45634394884109497,0.09100570529699326,0.007602385710924864
46.90599822998047,-17.753999710083008,1.2999684810638428,0.5002085566520691,0.11020147055387497,0.08374104648828506,0.39811280369758606,0.7884382605552673
46.90599822998047,-17.753999710083008,1.2785158157348633,0.4783766567707062,0.2473950833082199,0.04253038391470909,0.20661862194538116,0.20395928621292114
47.90599822998047,-25.753999710083008,0.7464423775672913,5.873184680938721,0.03292076289653778,0.5223585963249207,-0.0027789731975644827,0.9516160488128662
47.90599822998047,-25.753999710083008,0.8854426145553589,2.3251466751098633,0.06499256938695908,0.10916315019130707,0.18491236865520477,0.039362192153930664
47.90599822998047,-25.753999710083008,1.0775535106658936,5.682793617248535,0.08700641244649887,0.045489657670259476,0.04473016411066055,0.00902179442346096
47.90599822998047,-24.753999710083008,0.8642221093177795,5.963788986206055,0.15971513092517853,0.7592253684997559,0.021370964124798775,0.02765108272433281
47.90599822998047,-24.753999710083008,0.7892056107521057,2.6564202308654785,0.2086562216281891,0.9200978875160217,0.0657697543501854,0.0061017670668661594
47.90599822998047,-24.753999710083008,0.9084968566894531,5.895254135131836,0.05492912977933884,0.06889048963785172,-0.1609690636396408,0.9662471413612366
47.90599822998047,-23.753999710083008,0.912875235080719,0.369687557220459,0.03327905759215355,0.27957093715667725,-0.17149388790130615,0.31813496351242065
47.90599822998047,-23.753999710083008,0.9432830810546875,1.488431453704834,0.3887052536010742,2.401789665222168,0.2702011466026306,0.0029137537349015474
47.90599822998047,-23.753999710083008,0.8584045171737671,6.170803546905518,0.06850994378328323,0.17091812193393707,-0.2927665412425995,0.6789512038230896
47.90599822998047,-22.753999710083008,0.7787158489227295,5.509681701660156,0.07557869702577591,0.5207040905952454,0.01627849042415619,0.3074393570423126
47.90599822998047,-22.753999710083008,0.8619703054428101,1.1780829429626465,0.23217685520648956,0.35876700282096863,0.09903901070356369,0.007408154662698507
47.90599822998047,-22.753999710083008,0.8210094571113586,5.792525768280029,0.055083777755498886,0.09017137438058853,-0.1919289380311966,0.6851524710655212
47.90599822998047,-21.753999710083008,0.5660682320594788,6.079237461090088,0.01694774441421032,0.09049379825592041,-0.01337291020900011,0.3523191511631012
47.90599822998047,-21.753999710083008,1.1144282817840576,0.3737642168998718,0.39616158604621887,0.16803376376628876,0.15386664867401123,0.594738781452179
47.90599822998047,-21.753999710083008,0.753067135810852,5.79229736328125,0.4123457372188568,0.8632456660270691,-0.14067402482032776,0.05294202268123627
47.90599822998047,-20.753999710083008,0.6184170246124268,0.3059527575969696,0.0689559206366539,0.3914853036403656,0.1316024363040924,0.04794973507523537
47.90599822998047,-20.753999710083008,0.7877446413040161,0.6952229142189026,0.05321888253092766,0.08947519958019257,0.3090945780277252,0.9508561491966248
47.90599822998047,-20.753999710083008,0.5391678214073181,0.44153156876564026,0.29163962602615356,1.001361608505249,-0.001847169827669859,0.00119411398191005
47.90599822998047,-19.753999710083008,1.002265453338623,4.461027145385742,0.22637614607810974,0.8070691227912903,0.09626008570194244,0.0021870124619454145
47.90599822998047,-19.753999710083008,0.9787439703941345,0.31385916471481323,0.03966859355568886,0.1364419311285019,0.6426002383232117,0.9966891407966614
47.90599822998047,-19.753999710083008,0.8440362215042114,2.9344894886016846,0.3228956162929535,0.10506346076726913,-0.12278635799884796,0.0011238354491069913
47.90599822998047,-18.753999710083008,1.4777323007583618,4.840983867645264,0.4507494270801544,0.35420283675193787,0.10898435115814209,0.003254358656704426
47.90599822998047,-18.753999710083008,1.4282135963439941,6.265030860900879,0.09329544752836227,0.4646209478378296,0.6870340704917908,0.9937171936035156
47.90599822998047,-18.753999710083008,1.5301074981689453,1.3711860179901123,0.42475003004074097,0.0953570306301117,0.006688485853374004,0.003028457285836339
