x,y,mean_speed,mean_motion_angle,var_speed,var_motion_angle,coef,weight
-41.09400177001953,-2.753999948501587,1.660705804824829,2.0558576583862305,8.672647476196289,3.1840667724609375,-0.02843650057911873,0.0015038893325254321
-41.09400177001953,-2.753999948501587,1.6457874774932861,3.100647211074829,0.2556902766227722,0.04780491814017296,-0.34912922978401184,0.9977184534072876
-41.09400177001953,-2.753999948501587,1.3088181018829346,0.4456996023654938,0.4083889424800873,0.558115541934967,0.028371304273605347,0.0007777029532007873
-41.09400177001953,-1.753999948501587,0.7416152954101562,5.97062873840332,0.2105710804462433,3.0685513019561768,0.043144967406988144,0.0028860517777502537
-41.09400177001953,-1.753999948501587,1.18463933467865,2.6290788650512695,0.07798189669847488,0.020763305947184563,-0.1466953009366989,0.9970443844795227
-41.09400177001953,-1.753999948501587,0.9737939238548279,5.543313980102539,0.18520210683345795,0.7019996047019958,0.08730072528123856,6.947280053282157e-05
-40.09400177001953,-3.753999948501587,0.37075191736221313,5.528623104095459,0.006580663844943047,3.490823268890381,0.03377305343747139,0.1093592569231987
-40.09400177001953,-3.753999948501587,1.032820701599121,3.7175869941711426,0.0972151979804039,0.06211712956428528,-0.4836653769016266,0.8906137347221375
-40.09400177001953,-3.753999948501587,0.8118788599967957,4.289323806762695,0.17516382038593292,0.11876765638589859,0.37053701281547546,2.6982897907146253e-05
-40.09400177001953,-2.753999948501587,1.2422276735305786,4.26025390625,3.6554338932037354,3.4493930339813232,0.10928835719823837,0.00314034940674901
-40.09400177001953,-2.753999948501587,1.1511555910110474,2.998565435409546,0.09220174700021744,0.05857841670513153,-0.14025545120239258,0.9963625073432922
-40.09400177001953,-2.753999948501587,0.9237496256828308,6.095736026763916,0.1403946578502655,0.6843842267990112,-0.15813051164150238,0.0004972527385689318
-40.09400177001953,-1.753999948501587,0.872394323348999,3.1410696506500244,0.1385115087032318,1.8491016626358032,0.0013975549954921007,0.14646469056606293
-40.09400177001953,-1.753999948501587,1.246239185333252,2.3238699436187744,0.2264566868543625,0.030551796779036522,0.06676367670297623,0.847567081451416
-40.09400177001953,-1.753999948501587,0.9679770469665527,5.441325664520264,0.10666465014219284,0.06723227351903915,0.016124846413731575,0.005968211684376001
-39.09400177001953,-3.753999948501587,0.5478390455245972,4.837838649749756,0.027092410251498222,3.9988605976104736,0.053214699029922485,0.0027060348074883223
-39.09400177001953,-3.753999948501587,0.9069482088088989,3.463707208633423,0.03891880065202713,0.03249172866344452,-0.3839327096939087,0.9972901344299316
-39.09400177001953,-3.753999948501587,0.9276144504547119,4.985873699188232,0.2804953157901764,0.45072436332702637,0.2595541775226593,3.7450358831847552e-06
-39.09400177001953,-2.753999948501587,1.41718327999115,5.344196796417236,9.194013595581055,3.5727298259735107,0.12294197827577591,0.002600796055048704
-39.09400177001953,-2.753999948501587,1.1942436695098877,2.9974331855773926,0.1024400144815445,0.0698140412569046,-0.032713163644075394,0.9953568577766418
-39.09400177001953,-2.753999948501587,1.0130521059036255,6.048750400543213,0.12406376749277115,0.28731656074523926,-0.1468299925327301,0.0020423559471964836
-39.09400177001953,-1.753999948501587,1.0894553661346436,6.002054691314697,0.19042164087295532,0.9214978814125061,0.23225313425064087,0.13355600833892822
-39.09400177001953,-1.753999948501587,1.0865052938461304,1.9798461198806763,0.27690261602401733,0.15152902901172638,-0.017110589891672134,0.8594378232955933
-39.09400177001953,-1.753999948501587,0.8642299175262451,5.665543556213379,0.15666508674621582,0.6236928105354309,0.1692924052476883,0.007006136234849691
-38.09400177001953,-4.754000186920166,0.4733649790287018,4.517574310302734,0.03872697800397873,0.5321629643440247,-0.06107813119888306,0.022304631769657135
-38.09400177001953,-4.754000186920166,0.8149594664573669,3.5071756839752197,0.23825041949748993,0.04903256148099899,0.2521720230579376,0.9776949286460876
-38.09400177001953,-4.754000186920166,0.6040449142456055,5.732903003692627,0.573957085609436,13.973299980163574,0.36860278248786926,5.070274369245453e-07
-38.09400177001953,-3.753999948501587,0.7965273857116699,5.361912727355957,0.08856813609600067,1.647879719734192,0.05673884600400925,0.015442170202732086
-38.09400177001953,-3.753999948501587,0.8985708951950073,2.9886314868927,0.057539328932762146,0.08103132992982864,-0.019571591168642044,0.983686625957489
-38.09400177001953,-3.753999948501587,0.9214074611663818,6.212890148162842,0.1433769315481186,0.7189619541168213,-0.0493905134499073,0.0008711335831321776
-38.09400177001953,-2.753999948501587,1.3327062129974365,1.1217564344406128,2.7130613327026367,2.8012688159942627,0.1465195119380951,0.013086842373013496
-38.09400177001953,-2.753999948501587,1.1348811388015747,3.0747766494750977,0.09043347835540771,0.07438264042139053,0.14762404561042786,0.9822403788566589
-38.09400177001953,-2.753999948501587,1.1435860395431519,5.9370012283325195,0.15217384696006775,0.12161236256361008,-0.040238652378320694,0.0046728127636015415
-38.09400177001953,-1.753999948501587,1.4293584823608398,0.8042873740196228,0.4106139838695526,0.7087975144386292,0.17367540299892426,0.23343653976917267
-38.09400177001953,-1.753999948501587,1.074190378189087,1.33986496925354,0.35980939865112305,2.2824556827545166,-0.4336779713630676,0.7571020722389221
-38.09400177001953,-1.753999948501587,0.8775065541267395,5.465633392333984,0.08163345605134964,4.726860046386719,0.3305647671222687,0.009461339563131332
-37.09400177001953,-4.754000186920166,0.7676982879638672,4.679412364959717,0.10418872535228729,0.5412251353263855,-0.18981240689754486,0.023500999435782433
-37.09400177001953,-4.754000186920166,0.726738452911377,3.715726375579834,0.12115079909563065,0.07852198928594589,-0.04622996598482132,0.9764818549156189
-37.09400177001953,-4.754000186920166,0.5900534391403198,4.086091995239258,0.19103819131851196,3.20806622505188,0.43459561467170715,1.7121688870247453e-05
-37.09400177001953,-3.753999948501587,1.0883904695510864,0.8884634375572205,0.3809794485569,2.5226759910583496,0.052294157445430756,0.006113268900662661
-37.09400177001953,-3.753999948501587,1.0781909227371216,3.2487566471099854,0.06239326298236847,0.05434902012348175,0.11705119162797928,0.9746121764183044
-37.09400177001953,-3.753999948501587,1.0977338552474976,0.030016262084245682,0.08359289169311523,0.12319083511829376,0.0018797424854710698,0.01927451230585575
-37.09400177001953,-2.753999948501587,1.3233050107955933,0.7979828119277954,1.6448609828948975,2.9931392669677734,0.146731436252594,0.02719472534954548
-37.09400177001953,-2.753999948501587,1.1261518001556396,3.3224844932556152,0.07532048970460892,0.08650581538677216,0.0638846755027771,0.8974178433418274
-37.09400177001953,-2.753999948501587,1.1581858396530151,0.06844692677259445,0.09456946700811386,0.059552211314439774,-0.10972321033477783,0.0753873959183693
-37.09400177001953,-1.753999948501587,1.38053560256958,2.059145450592041,1.0868873596191406,1.3979377746582031,0.09736651927232742,0.09119918942451477
-37.09400177001953,-1.753999948501587,1.0719562768936157,2.9133505821228027,0.19756574928760529,0.25453004240989685,-0.09839246422052383,0.8883957266807556
-37.09400177001953,-1.753999948501587,0.992113471031189,0.29287466406822205,0.11433269083499908,0.5474803447723389,0.32072722911834717,0.020405160263180733
-37.09400177001953,0.2460000067949295,0.8920512199401855,3.767605781555176,0.0775265246629715,1.158761739730835,0.13776202499866486,0.6193802356719971
-37.09400177001953,0.2460000067949295,0.7592203617095947,2.734473943710327,0.0636875256896019,0.27458757162094116,-0.06138483062386513,0.37766748666763306
-37.09400177001953,0.2460000067949295,0.985258936882019,0.6973844766616821,0.47942766547203064,1.013231635093689,-0.125197634100914,0.002952280919998884
-37.09400177001953,1.246000051498413,0.8801435232162476,5.439411163330078,0.19423721730709076,3.042755126953125,0.11927846074104309,0.00021367119916249067
-37.09400177001953,1.246000051498413,0.6661050319671631,2.755805492401123,0.02117406763136387,0.10686342418193817,0.06333602964878082,0.9997125267982483
-37.09400177001953,1.246000051498413,0.6377639174461365,0.08478202670812607,0.22437764704227448,6.37851095199585,0.08666568249464035,7.374490087386221e-05
-36.09400177001953,-4.754000186920166,0.9307010173797607,3.2257158756256104,0.32967549562454224,0.8584200143814087,0.1643545925617218,0.004736242815852165
-36.09400177001953,-4.754000186920166,0.6724472045898438,3.608191728591919,0.09579326212406158,0.6116728782653809,-0.31197524070739746,0.381706565618515
-36.09400177001953,-4.754000186920166,0.5846356749534607,4.1427764892578125,0.016725914552807808,0.10944460332393646,0.16620104014873505,0.6135572195053101
-36.09400177001953,-3.753999948501587,0.8927351236343384,0.5570223331451416,0.08487587422132492,2.287942409515381,-0.00939186941832304,0.07017045468091965
-36.09400177001953,-3.753999948501587,1.0404866933822632,3.3364553451538086,0.07616572827100754,0.06357116997241974,0.15283122658729553,0.6453306078910828
-36.09400177001953,-3.753999948501587,1.1272650957107544,0.08064145594835281,0.05835908278822899,0.05549100786447525,0.029205746948719025,0.284498929977417
-36.09400177001953,-2.753999948501587,1.2413626909255981,0.8987782001495361,0.9677421450614929,2.7155203819274902,0.1218486875295639,0.014127343893051147
-36.09400177001953,-2.753999948501587,1.0922579765319824,3.4016804695129395,0.06558188050985336,0.08723689615726471,-0.07666850835084915,0.7618619799613953
-36.09400177001953,-2.753999948501587,1.0940946340560913,0.2609281539916992,0.06883489340543747,0.06495072692632675,-0.11305208504199982,0.2240106761455536
-36.09400177001953,-1.753999948501587,0.9613332748413086,0.5519464612007141,0.23623770475387573,1.9767553806304932,0.01005108468234539,0.027688678354024887
-36.09400177001953,-1.753999948501587,1.2253652811050415,3.8576736450195312,0.09199913591146469,0.022190654650330544,-0.03782593086361885,0.39935895800590515
-36.09400177001953,-1.753999948501587,1.3552629947662354,0.5219240188598633,0.0878831297159195,0.035479020327329636,-0.012480325065553188,0.5729523301124573
-36.09400177001953,-0.7540000081062317,1.275258183479309,0.956403374671936,0.2672152817249298,1.1184802055358887,0.09845370799303055,0.6468076705932617
-36.09400177001953,-0.7540000081062317,1.19981050491333,3.2845957279205322,0.23760178685188293,0.8835486173629761,-0.25315091013908386,0.2678578495979309
-36.09400177001953,-0.7540000081062317,1.3150640726089478,0.8863717913627625,0.15436668694019318,0.15323324501514435,-0.043309688568115234,0.08533445000648499
-36.09400177001953,0.2460000067949295,0.8100378513336182,5.849588394165039,0.07320298254489899,0.5493975281715393,-0.16399145126342773,0.11353270709514618
-36.09400177001953,0.2460000067949295,0.7020649313926697,1.6236447095870972,0.05048583075404167,0.31417953968048096,-0.021558687090873718,0.8857744336128235
-36.09400177001953,0.2460000067949295,0.9904907941818237,1.5439108610153198,1.2646273374557495,4.367642879486084,0.06288576871156693,0.0006929344381205738
-36.09400177001953,1.246000051498413,1.0088984966278076,0.26005658507347107,0.16261136531829834,2.476062059402466,0.0727824792265892,0.034380823373794556
-36.09400177001953,1.246000051498413,0.8353473544120789,3.113311767578125,0.0892728716135025,0.23657557368278503,0.22152000665664673,0.3143044114112854
-36.09400177001953,1.246000051498413,0.7777186632156372,0.7862282395362854,0.06261296570301056,0.04370368272066116,0.015927322208881378,0.6513148546218872
-35.09400177001953,-4.754000186920166,0.8589626550674438,4.733394622802734,0.06148926168680191,0.35963279008865356,0.003819515462964773,0.08727919310331345
-35.09400177001953,-4.754000186920166,0.763183057308197,3.045423984527588,0.16115127503871918,1.145707368850708,0.07510284334421158,0.007705263327807188
-35.09400177001953,-4.754000186920166,0.8900726437568665,5.93898868560791,0.023652317002415657,0.04487421736121178,0.1398674100637436,0.9050155282020569
-35.09400177001953,-3.753999948501587,0.85643070936203,5.935958385467529,0.07613212615251541,2.550743579864502,0.010114946402609348,0.05742480978369713
-35.09400177001953,-3.753999948501587,1.109562873840332,3.5133447647094727,0.09774448722600937,0.05493270605802536,0.2050979733467102,0.609566330909729
-35.09400177001953,-3.753999948501587,1.2121111154556274,0.15052175521850586,0.07293418049812317,0.06881608814001083,0.01346917636692524,0.33300891518592834
-35.09400177001953,-2.753999948501587,1.1678029298782349,1.9005063772201538,0.5523068904876709,2.0479397773742676,0.06778352707624435,0.02493985928595066
-35.09400177001953,-2.753999948501587,1.127285361289978,3.575427770614624,0.060818374156951904,0.043559957295656204,-0.10769936442375183,0.6755622029304504
-35.09400177001953,-2.753999948501587,1.1707141399383545,0.33450382947921753,0.06744769960641861,0.04954748973250389,-0.07880894094705582,0.29949790239334106
-35.09400177001953,-1.753999948501587,0.9443092942237854,0.0036029238253831863,0.19230149686336517,2.0986711978912354,0.00025720373378135264,0.03598976507782936
-35.09400177001953,-1.753999948501587,1.1462182998657227,3.820239782333374,0.06971313059329987,0.025823378935456276,-0.03501644730567932,0.3591083288192749
-35.09400177001953,-1.753999948501587,1.2781404256820679,0.5036245584487915,0.0696803480386734,0.03240659460425377,-0.12298306822776794,0.604901909828186
-35.09400177001953,-0.7540000081062317,0.930680513381958,1.8900424242019653,0.12521129846572876,1.681567907333374,0.016085052862763405,0.07801245152950287
-35.09400177001953,-0.7540000081062317,1.025281310081482,3.8479459285736084,0.08903194218873978,0.039765674620866776,-0.18458828330039978,0.34091275930404663
-35.09400177001953,-0.7540000081062317,1.2393598556518555,0.87126624584198,0.09968525171279907,0.045811090618371964,0.09957727044820786,0.5810748338699341
-35.09400177001953,0.2460000067949295,1.0175108909606934,1.2002930641174316,0.25042954087257385,0.8072238564491272,-0.24840599298477173,0.07069072127342224
-35.09400177001953,0.2460000067949295,0.7039143443107605,1.7085014581680298,0.031825024634599686,0.4200388789176941,0.12387498468160629,0.925683856010437
-35.09400177001953,0.2460000067949295,0.8876802325248718,1.8602222204208374,0.5066295266151428,2.3716249465942383,0.10247766226530075,0.003625467186793685
-34.09400177001953,-4.754000186920166,0.8315258026123047,4.436471939086914,0.06016094610095024,0.708026111125946,0.03660339117050171,0.8290720582008362
-34.09400177001953,-4.754000186920166,0.8039914965629578,2.4250359535217285,0.14101602137088776,0.23671527206897736,0.11339309066534042,0.0837157592177391
-34.09400177001953,-4.754000186920166,0.679914116859436,5.419497966766357,0.026014406234025955,0.1603230983018875,0.2240549772977829,0.0872122123837471
-34.09400177001953,-3.753999948501587,0.858216404914856,3.366398811340332,0.05643196031451225,1.8285952806472778,0.05154690518975258,0.3423525393009186
-34.09400177001953,-3.753999948501587,0.9936884045600891,3.4915528297424316,0.11173555254936218,0.13575732707977295,0.18504410982131958,0.5053921341896057
-34.09400177001953,-3.753999948501587,1.2268450260162354,0.1886085867881775,0.1509156972169876,0.13216447830200195,-0.0562070831656456,0.15225528180599213
-34.09400177001953,-2.753999948501587,0.9558791518211365,3.2845458984375,0.16983476281166077,2.008213996887207,0.01886061020195484,0.05410183221101761
-34.09400177001953,-2.753999948501587,1.1875464916229248,3.720546007156372,0.06490355730056763,0.026298178359866142,-0.0717201754450798,0.6644290089607239
-34.09400177001953,-2.753999948501587,1.1591694355010986,0.415418803691864,0.07011571526527405,0.047722116112709045,0.08862102776765823,0.2814691960811615
-34.09400177001953,-1.753999948501587,1.1688604354858398,6.140735626220703,0.6797893047332764,2.8401730060577393,0.08065817505121231,0.029315654188394547
-34.09400177001953,-1.753999948501587,1.1896926164627075,3.7117128372192383,0.07302458584308624,0.028831366449594498,-0.10117015242576599,0.5000883936882019
-34.09400177001953,-1.753999948501587,1.2054132223129272,0.44628018140792847,0.056629329919815063,0.030896738171577454,-0.10230100899934769,0.47059595584869385
-34.09400177001953,-0.7540000081062317,0.8794251084327698,0.8429675698280334,0.11783811450004578,2.2191789150238037,0.06921622157096863,0.033640116453170776
-34.09400177001953,-0.7540000081062317,1.1052272319793701,3.896296977996826,0.08471967279911041,0.015253006480634212,-0.16091381013393402,0.24025534093379974
-34.09400177001953,-0.7540000081062317,1.2331243753433228,0.6760002374649048,0.08060674369335175,0.028128942474722862,0.010250692255795002,0.7261046171188354
-34.09400177001953,0.2460000067949295,0.7338559627532959,1.6076143980026245,0.09268300980329514,1.5760915279388428,-0.047518983483314514,0.2559167146682739
-34.09400177001953,0.2460000067949295,0.5365554094314575,3.3303050994873047,0.017276711761951447,0.3021528124809265,0.07148361951112747,0.7006074786186218
-34.09400177001953,0.2460000067949295,0.6575842499732971,1.3159021139144897,0.04520435258746147,0.7374290227890015,0.01178839523345232,0.043475888669490814
-34.09400177001953,1.246000051498413,0.8435696363449097,1.9397668838500977,0.28615546226501465,1.5902841091156006,-0.029263436794281006,0.015700271353125572
-34.09400177001953,1.246000051498413,0.637836217880249,2.7231431007385254,0.018036281690001488,0.239656001329422,0.3127376139163971,0.8495061993598938
-34.09400177001953,1.246000051498413,0.6686255931854248,2.3276474475860596,0.033616192638874054,0.23433555662631989,-0.0922694206237793,0.13479353487491608
-33.09400177001953,-5.754000186920166,0.7985588312149048,5.071037292480469,0.029885882511734962,3.4879188537597656,-0.07770970463752747,0.005740095395594835
-33.09400177001953,-5.754000186920166,0.5914329290390015,3.2940759658813477,0.04310785233974457,0.4724205434322357,0.429089218378067,0.25774192810058594
-33.09400177001953,-5.754000186920166,0.7102152109146118,4.272619247436523,0.0860765129327774,0.16100510954856873,-0.07055268436670303,0.7365180253982544
-33.09400177001953,-4.754000186920166,0.8122525215148926,2.2075538635253906,0.13407886028289795,0.9634591937065125,0.19000029563903809,0.3913821578025818
-33.09400177001953,-4.754000186920166,0.6750316619873047,2.238652229309082,0.03619891777634621,0.19755370914936066,-0.021117892116308212,0.2698007822036743
-33.09400177001953,-4.754000186920166,0.6184470653533936,4.5764360427856445,0.012730127200484276,0.32227471470832825,0.2695533037185669,0.3388170599937439
-33.09400177001953,-3.753999948501587,0.9902345538139343,3.5443058013916016,0.10188796371221542,1.328149437904358,0.042316142469644547,0.43919655680656433
-33.09400177001953,-3.753999948501587,0.9578235149383545,3.551635503768921,0.07564540207386017,0.1681106835603714,0.16241304576396942,0.4539085626602173
-33.09400177001953,-3.753999948501587,1.198743224143982,0.15043731033802032,0.15472818911075592,0.29138705134391785,-0.16771213710308075,0.10689482092857361
-33.09400177001953,-2.753999948501587,0.9006583094596863,2.947533130645752,0.13580363988876343,2.192657232284546,0.040697041898965836,0.049539946019649506
-33.09400177001953,-2.753999948501587,1.1707041263580322,3.6131606101989746,0.07021272927522659,0.021111954003572464,0.029038334265351295,0.5611380934715271
-33.09400177001953,-2.753999948501587,1.0369093418121338,0.3093208074569702,0.0630984753370285,0.06370320171117783,0.2738609313964844,0.38932204246520996
-33.09400177001953,-1.753999948501587,1.3576195240020752,0.3157557547092438,1.4251890182495117,2.9291269779205322,0.11197479814291,0.028541486710309982
-33.09400177001953,-1.753999948501587,1.242378830909729,3.6391289234161377,0.056932710111141205,0.01957053504884243,-0.011077783070504665,0.7010672092437744
-33.09400177001953,-1.753999948501587,1.2333157062530518,0.42104169726371765,0.05192950740456581,0.027113623917102814,-0.08464494347572327,0.2703912556171417
-33.09400177001953,-0.7540000081062317,0.8441817164421082,6.2250542640686035,0.04681826010346413,1.7101666927337646,0.08156164735555649,0.3259241580963135
-33.09400177001953,-0.7540000081062317,1.0515072345733643,3.776442527770996,0.08271980285644531,0.05607261136174202,-0.005576024763286114,0.284267783164978
-33.09400177001953,-0.7540000081062317,1.167994499206543,0.6717700958251953,0.06640363484621048,0.04967985302209854,-0.10144177824258804,0.3898080587387085
-33.09400177001953,0.2460000067949295,0.7510793209075928,3.5951156616210938,0.03737505525350571,1.641560673713684,-0.09861493110656738,0.6097061038017273
-33.09400177001953,0.2460000067949295,1.2157338857650757,3.7203454971313477,0.24565242230892181,0.02019229158759117,-0.05550805479288101,0.14002804458141327
-33.09400177001953,0.2460000067949295,1.1387273073196411,0.7357481122016907,0.10503022372722626,0.0350770466029644,-0.03251747041940689,0.25026586651802063
-33.09400177001953,1.246000051498413,0.5558851957321167,1.680135726928711,0.042424727231264114,0.9786438345909119,-0.01871112920343876,0.14119021594524384
-33.09400177001953,1.246000051498413,0.5552729368209839,2.832639455795288,0.03285664692521095,0.35248446464538574,0.026056285947561264,0.02792743220925331
-33.09400177001953,1.246000051498413,0.7764883637428284,1.0476418733596802,0.01547657884657383,0.07929957658052444,-0.021890049800276756,0.8308823108673096
-33.09400177001953,2.246000051498413,0.8566263318061829,1.205689787864685,0.0793401226401329,1.9146325588226318,0.21800412237644196,0.20562325417995453
-33.09400177001953,2.246000051498413,0.7156686782836914,3.5452957153320312,0.06800094991922379,1.615924596786499,0.14471565186977386,0.3612651526927948
-33.09400177001953,2.246000051498413,0.9367797374725342,0.4110608696937561,0.059129104018211365,0.12798525393009186,0.11291821300983429,0.43311160802841187
-32.09400177001953,-6.754000186920166,0.9251406788825989,3.9911820888519287,0.03208068013191223,0.2596557140350342,-0.27258533239364624,0.10147376358509064
-32.09400177001953,-6.754000186920166,0.832879364490509,1.8135007619857788,0.06763160973787308,0.9172587394714355,0.03342264145612717,0.0008785033714957535
-32.09400177001953,-6.754000186920166,0.7307006120681763,4.464695453643799,0.005675097461789846,0.056160539388656616,-0.18479514122009277,0.8976477384567261
-32.09400177001953,-5.754000186920166,0.6808685064315796,3.251939296722412,0.03703705966472626,0.9624829888343811,-0.027509169653058052,0.11429431289434433
-32.09400177001953,-5.754000186920166,0.7733944058418274,3.4714243412017822,0.13884909451007843,0.41320568323135376,0.12135930359363556,0.33284229040145874
-32.09400177001953,-5.754000186920166,1.0221632719039917,4.882777214050293,0.12287699431180954,0.10702132433652878,-0.11512450873851776,0.5528634190559387
-32.09400177001953,-4.754000186920166,0.8686819672584534,4.401999473571777,0.11252902448177338,1.5126357078552246,0.2528184950351715,0.35488468408584595
-32.09400177001953,-4.754000186920166,0.7791423797607422,2.4820396900177,0.09491393715143204,0.24798843264579773,0.014532523229718208,0.23922055959701538
-32.09400177001953,-4.754000186920166,0.8658427596092224,5.5190205574035645,0.05768615007400513,0.1044020727276802,0.07660815864801407,0.4058946967124939
-32.09400177001953,-3.753999948501587,1.106493353843689,5.746949195861816,0.3531601130962372,1.7429869174957275,0.06672755628824234,0.17770786583423615
-32.09400177001953,-3.753999948501587,1.0225847959518433,3.9467480182647705,0.06800951063632965,0.063118577003479,-0.009843157604336739,0.8045941591262817
-32.09400177001953,-3.753999948501587,1.0033520460128784,0.2578847110271454,0.09402354061603546,0.06703698635101318,-0.007819188758730888,0.017697926610708237
-32.09400177001953,-2.753999948501587,0.9344509243965149,3.022742986679077,0.09154246002435684,2.1896913051605225,-0.002692821202799678,0.2337849736213684
-32.09400177001953,-2.753999948501587,1.242776870727539,3.6597747802734375,0.08223763108253479,0.013714796863496304,0.0034997044131159782,0.6029530167579651
-32.09400177001953,-2.753999948501587,1.1516087055206299,0.4451616406440735,0.07926783710718155,0.04545712098479271,0.16732478141784668,0.16326197981834412
-32.09400177001953,-1.753999948501587,1.1970452070236206,0.20947635173797607,0.7941429018974304,2.3115298748016357,0.07008633017539978,0.03536712005734444
-32.09400177001953,-1.753999948501587,1.241888403892517,3.6464247703552246,0.07928811758756638,0.018349766731262207,-0.061736106872558594,0.6134294867515564
-32.09400177001953,-1.753999948501587,1.1308836936950684,0.42484065890312195,0.05738462880253792,0.03200962767004967,0.00828652735799551,0.3512033522129059
-32.09400177001953,-0.7540000081062317,0.9921761155128479,0.37034139037132263,0.22289012372493744,2.0976734161376953,0.02975507080554962,0.095798559486866
-32.09400177001953,-0.7540000081062317,1.1706959009170532,3.515437126159668,0.09888177365064621,0.02765689790248871,-0.0865548849105835,0.47240447998046875
-32.09400177001953,-0.7540000081062317,1.1784520149230957,0.3623529076576233,0.062370672821998596,0.024068737402558327,-0.07694312930107117,0.43179696798324585
-32.09400177001953,0.2460000067949295,0.8126250505447388,1.5513712167739868,0.07163333892822266,2.9397029876708984,-0.11043165624141693,0.2913629710674286
-32.09400177001953,0.2460000067949295,1.2642713785171509,3.879460573196411,0.2647903859615326,0.012437713332474232,-0.013983760960400105,0.27777859568595886
-32.09400177001953,0.2460000067949295,1.1028921604156494,0.8034974336624146,0.07978207617998123,0.06676206737756729,-0.22852709889411926,0.43085840344429016
-32.09400177001953,1.246000051498413,0.8228711485862732,0.7532005906105042,0.08499912172555923,1.571579933166504,-0.08692635595798492,0.21100811660289764
-32.09400177001953,1.246000051498413,1.1115418672561646,3.860596179962158,0.12367544323205948,0.03886205703020096,0.05738360434770584,0.2751908302307129
-32.09400177001953,1.246000051498413,1.3054808378219604,0.6259542107582092,0.09560030698776245,0.01968233287334442,-0.12974271178245544,0.5138010382652283
-32.09400177001953,2.246000051498413,0.7851589918136597,2.3280296325683594,0.02970382384955883,1.0631157159805298,0.030123328790068626,0.8723304867744446
-32.09400177001953,2.246000051498413,0.839134693145752,3.9339993000030518,0.17619585990905762,0.5308669805526733,0.15986670553684235,0.03856666013598442
-32.09400177001953,2.246000051498413,1.1528351306915283,0.4158087372779846,0.11709947139024734,0.052450571209192276,0.13352447748184204,0.0891028642654419
-32.09400177001953,3.246000051498413,1.1544852256774902,2.3579933643341064,1.4191992282867432,3.3513882160186768,0.14748479425907135,0.00016893954307306558
-32.09400177001953,3.246000051498413,0.7771323919296265,1.8238904476165771,0.02510581724345684,0.07680024951696396,0.5108488202095032,0.9988597631454468
-32.09400177001953,3.246000051498413,0.9195767641067505,1.7408610582351685,0.37507790327072144,0.35511165857315063,-0.0825398787856102,0.0009712550672702491
-32.09400177001953,4.245999813079834,1.3060959577560425,3.079050302505493,1.9108965396881104,1.794373631477356,0.2404724806547165,0.00282238214276731
-32.09400177001953,4.245999813079834,0.9313504695892334,1.2196238040924072,0.11245550960302353,0.17666268348693848,-0.10859351605176926,0.996694803237915
-32.09400177001953,4.245999813079834,0.9370680451393127,0.9761707186698914,0.6825696229934692,1.710536241531372,-0.018698666244745255,0.00048285318189300597
-31.0939998626709,-6.754000186920166,0.6724458932876587,5.912446022033691,0.001471149967983365,0.39119091629981995,-0.13568373024463654,0.995978832244873
-31.0939998626709,-6.754000186920166,0.8606208562850952,2.2762298583984375,0.17596563696861267,4.414073944091797,-0.044153232127428055,0.0010957260383293033
-31.0939998626709,-6.754000186920166,0.777618944644928,5.509057998657227,0.03862670809030533,0.31516310572624207,-0.21140466630458832,0.002925333334133029
-31.0939998626709,-5.754000186920166,0.8935476541519165,5.760946273803711,0.03211772069334984,0.2086384892463684,0.028438666835427284,0.4878966510295868
-31.0939998626709,-5.754000186920166,1.0339468717575073,3.2297844886779785,0.2939513325691223,1.6223558187484741,0.16770227253437042,0.007931427098810673
-31.0939998626709,-5.754000186920166,1.1225495338439941,5.898804664611816,0.08904391527175903,0.07766491174697876,-0.011195994913578033,0.5041719675064087
-31.0939998626709,-4.754000186920166,0.8107228875160217,0.03813552483916283,0.050396788865327835,2.3408095836639404,0.1211070865392685,0.5349188446998596
-31.0939998626709,-4.754000186920166,0.8107644319534302,3.716632127761841,0.20938758552074432,0.7509887218475342,-0.12419608980417252,0.25750792026519775
-31.0939998626709,-4.754000186920166,1.0065351724624634,5.029914855957031,0.09601590037345886,0.0835242047905922,-0.032020505517721176,0.20757326483726501
-31.0939998626709,-3.753999948501587,1.0118749141693115,6.227502346038818,0.0774068608880043,1.4807933568954468,0.08240833133459091,0.35943740606307983
-31.0939998626709,-3.753999948501587,0.9524512887001038,4.403670787811279,0.047726601362228394,0.25415894389152527,-0.14293615520000458,0.6381219625473022
-31.0939998626709,-3.753999948501587,1.0664793252944946,6.250612258911133,0.0689685121178627,0.03614101931452751,0.041055068373680115,0.002440572949126363
-31.0939998626709,-2.753999948501587,1.0350027084350586,2.6349925994873047,0.1455628126859665,2.5713868141174316,0.017097366973757744,0.33686742186546326
-31.0939998626709,-2.753999948501587,1.3106663227081299,3.8085765838623047,0.13234716653823853,0.010455137118697166,-0.012398770079016685,0.5249872207641602
-31.0939998626709,-2.753999948501587,1.0771703720092773,0.6972144842147827,0.06861626356840134,0.06055979058146477,0.09218590706586838,0.1381453573703766
-31.0939998626709,-1.753999948501587,1.2527703046798706,0.6207731366157532,0.836260974407196,2.8374738693237305,0.03539533540606499,0.0548635832965374
-31.0939998626709,-1.753999948501587,1.3303941488265991,3.5847389698028564,0.07312333583831787,0.020681390538811684,-0.004594722762703896,0.7526575922966003
-31.0939998626709,-1.753999948501587,1.1069649457931519,0.30895060300827026,0.04249975457787514,0.039697855710983276,-0.12530776858329773,0.19247889518737793
-31.0939998626709,-0.7540000081062317,1.390177607536316,0.7933452725410461,2.4572980403900146,3.930981397628784,0.06667553633451462,0.004693835508078337
-31.0939998626709,-0.7540000081062317,1.392127275466919,3.596665859222412,0.08561412245035172,0.016423074528574944,-0.19642120599746704,0.6298561692237854
-31.0939998626709,-0.7540000081062317,1.2256619930267334,0.4143986701965332,0.05321512743830681,0.02955631911754608,-0.08040609210729599,0.36545005440711975
-31.0939998626709,0.2460000067949295,0.8146781325340271,1.2297236919403076,0.06450343132019043,2.8488659858703613,-0.0964236706495285,0.32052260637283325
-31.0939998626709,0.2460000067949295,1.146144151687622,3.6867940425872803,0.25719040632247925,0.023521076887845993,0.17515547573566437,0.158918097615242
-31.0939998626709,0.2460000067949295,1.170857310295105,0.6258339285850525,0.0781911313533783,0.06759277731180191,-0.19560565054416656,0.5205592513084412
-31.0939998626709,1.246000051498413,0.886817991733551,6.254546642303467,0.08788218349218369,1.8110864162445068,-0.1429033875465393,0.050797704607248306
-31.0939998626709,1.246000051498413,1.1247426271438599,3.8836867809295654,0.07850680500268936,0.020158639177680016,0.13365516066551208,0.36606886982917786
-31.0939998626709,1.246000051498413,1.5254491567611694,0.7113463282585144,0.14565454423427582,0.03334687650203705,-0.17157509922981262,0.5831334590911865
-31.0939998626709,2.246000051498413,0.8945738077163696,3.2987594604492188,0.09480802714824677,1.7038136720657349,-0.017824748530983925,0.11425182968378067
-31.0939998626709,2.246000051498413,1.0184420347213745,3.886683225631714,0.06749380379915237,0.01877889223396778,0.060902711004018784,0.19922253489494324
-31.0939998626709,2.246000051498413,1.1164515018463135,0.6508130431175232,0.06073331832885742,0.021528616547584534,0.18359501659870148,0.6865255832672119
-31.0939998626709,3.246000051498413,0.8899621963500977,0.24506740272045135,0.08813080191612244,1.288014531135559,0.06419380009174347,0.16568493843078613
-31.0939998626709,3.246000051498413,0.8611339926719666,3.168128728866577,0.07640546560287476,0.28894856572151184,0.006318606436252594,0.8170687556266785
-31.0939998626709,3.246000051498413,1.0049794912338257,5.867560863494873,0.11701217293739319,0.2783797085285187,0.06248415261507034,0.01724628172814846
-31.0939998626709,4.245999813079834,0.8353979587554932,1.3893400430679321,0.17738673090934753,1.1135694980621338,-0.19516393542289734,0.1050400659441948
-31.0939998626709,4.245999813079834,0.5290325880050659,3.6688060760498047,0.0199692752212286,0.36960113048553467,0.021636024117469788,0.6567546725273132
-31.0939998626709,4.245999813079834,0.5251256227493286,4.47098970413208,0.024263596162199974,0.7769261002540588,0.1913943588733673,0.2382051795721054
-31.0939998626709,5.245999813079834,1.3073632717132568,5.665099620819092,1.924281120300293,0.7196429967880249,0.12800772488117218,0.1254839450120926
-31.0939998626709,5.245999813079834,1.2978637218475342,1.8561646938323975,0.088286854326725,0.010341464541852474,-0.4903161823749542,0.5801286101341248
-31.0939998626709,5.245999813079834,1.0530879497528076,5.844388008117676,0.07170189172029495,0.07278728485107422,-0.022964494302868843,0.29438742995262146
-30.0939998626709,-5.754000186920166,0.9494397044181824,4.216287612915039,0.2716512978076935,0.914253294467926,0.06747036427259445,0.028826210647821426
-30.0939998626709,-5.754000186920166,0.9942647218704224,3.1358537673950195,0.18783769011497498,0.21600712835788727,0.0756455585360527,0.04413415119051933
-30.0939998626709,-5.754000186920166,0.889758825302124,5.819523811340332,0.04479805380105972,0.08227403461933136,-0.10406355559825897,0.927039623260498
-30.0939998626709,-4.754000186920166,1.1597120761871338,4.739276885986328,0.28901731967926025,0.3991033136844635,0.024298636242747307,0.05198125168681145
-30.0939998626709,-4.754000186920166,0.7461716532707214,2.6619200706481934,0.11851053684949875,0.7091041207313538,0.34130144119262695,0.02285159006714821
-30.0939998626709,-4.754000186920166,0.824413537979126,4.75925874710083,0.04283273592591286,0.053662583231925964,0.15558947622776031,0.9251671433448792
-30.0939998626709,-3.753999948501587,1.3424423933029175,2.4786956310272217,6.337956428527832,1.7958234548568726,0.07034338265657425,0.00044006280950270593
-30.0939998626709,-3.753999948501587,0.8296812176704407,4.532469749450684,0.006726012099534273,0.03839181363582611,0.06258396059274673,0.9992485642433167
-30.0939998626709,-3.753999948501587,0.6000702381134033,0.8327106237411499,0.04055066779255867,2.046332359313965,0.41923990845680237,0.00031133723678067327
-30.0939998626709,-2.753999948501587,1.0316317081451416,1.7870477437973022,0.16824603080749512,1.2809116840362549,0.10015666484832764,0.16592435538768768
-30.0939998626709,-2.753999948501587,0.9150241613388062,4.359549522399902,0.07639063894748688,0.08723556250333786,0.05591298267245293,0.18159128725528717
-30.0939998626709,-2.753999948501587,0.9608441591262817,1.0994184017181396,0.03523240610957146,0.05928527191281319,-0.2062389850616455,0.6524843573570251
-30.0939998626709,-1.753999948501587,1.0516974925994873,2.8660223484039307,0.26415324211120605,1.89090895652771,-0.03452681377530098,0.03706424683332443
-30.0939998626709,-1.753999948501587,1.1727017164230347,3.9145750999450684,0.07344675064086914,0.018485838547348976,0.13552509248256683,0.6833490133285522
-30.0939998626709,-1.753999948501587,1.179690957069397,0.8152923583984375,0.07935173809528351,0.08649929612874985,-0.11145296692848206,0.2795867621898651
-30.0939998626709,-0.7540000081062317,1.2630048990249634,1.2979933023452759,1.219522476196289,2.802513360977173,0.030348222702741623,0.014677252620458603
-30.0939998626709,-0.7540000081062317,1.262668490409851,3.7266502380371094,0.06411545723676682,0.02267150580883026,-0.07459231466054916,0.6945463418960571
-30.0939998626709,-0.7540000081062317,1.2895135879516602,0.44643494486808777,0.06844113022089005,0.028712967410683632,-0.0814051553606987,0.29077643156051636
-30.0939998626709,0.2460000067949295,0.944027304649353,1.156036376953125,0.16925184428691864,2.6358635425567627,-0.037133339792490005,0.03821947053074837
-30.0939998626709,0.2460000067949295,1.155614972114563,3.8929755687713623,0.09181050211191177,0.03424792364239693,0.10301471501588821,0.5197462439537048
-30.0939998626709,0.2460000067949295,1.3766891956329346,0.5343997478485107,0.11402290314435959,0.0515572763979435,-0.15611687302589417,0.4420342743396759
-30.0939998626709,1.246000051498413,0.8056691884994507,6.20123291015625,0.07577475160360336,2.131507635116577,-0.04113273695111275,0.14814074337482452
-30.0939998626709,1.246000051498413,1.0849218368530273,3.9508864879608154,0.08016912639141083,0.020358454436063766,0.08991096168756485,0.4526634216308594
-30.0939998626709,1.246000051498413,1.3088797330856323,0.6520609855651855,0.09931927919387817,0.046779099851846695,-0.121225506067276,0.3991958796977997
-30.0939998626709,2.246000051498413,1.0354746580123901,3.2152881622314453,0.22512014210224152,2.1944522857666016,-0.024186616763472557,0.0446227565407753
-30.0939998626709,2.246000051498413,1.252327561378479,3.751927137374878,0.10330309718847275,0.010054713115096092,0.017003728076815605,0.26183122396469116
-30.0939998626709,2.246000051498413,1.1798304319381714,0.5948525667190552,0.04675579443573952,0.016274413093924522,0.06736531853675842,0.6935460567474365
-30.0939998626709,3.246000051498413,0.8296403884887695,5.097087860107422,0.07229942828416824,1.3795714378356934,0.13837125897407532,0.29090848565101624
-30.0939998626709,3.246000051498413,0.8154200315475464,3.657959222793579,0.07133887708187103,0.24037158489227295,0.09742996841669083,0.2599986493587494
-30.0939998626709,3.246000051498413,0.9587986469268799,0.7968855500221252,0.06811924278736115,0.08644697070121765,-0.06527068465948105,0.44909289479255676
-30.0939998626709,4.245999813079834,0.7601207494735718,2.7108235359191895,0.18830865621566772,1.1395390033721924,0.08241178095340729,0.06346099823713303
-30.0939998626709,4.245999813079834,0.539603590965271,1.8943352699279785,0.017385276034474373,0.241502046585083,-0.1618848443031311,0.6684700846672058
-30.0939998626709,4.245999813079834,0.5810297727584839,6.011317729949951,0.022356489673256874,0.14723749458789825,0.01988375186920166,0.2680688798427582
-30.0939998626709,5.245999813079834,0.9114789366722107,5.902707099914551,0.14269186556339264,0.797235906124115,0.11621085554361343,0.3677821457386017
-30.0939998626709,5.245999813079834,0.8848487734794617,1.782138705253601,0.10594495385885239,0.035597607493400574,-0.1826891452074051,0.6092336177825928
-30.0939998626709,5.245999813079834,0.9546064734458923,0.033604759722948074,0.2257152497768402,0.19821687042713165,-0.03323959559202194,0.02298416756093502
-29.0939998626709,-1.753999948501587,0.9070438742637634,3.6161022186279297,0.3619409501552582,1.1074864864349365,0.020251061767339706,0.005164113827049732
-29.0939998626709,-1.753999948501587,0.9205766916275024,4.2329206466674805,0.07374509423971176,0.08224908262491226,0.14376239478588104,0.1985800713300705
-29.0939998626709,-1.753999948501587,1.0518884658813477,1.0501985549926758,0.09122464805841446,0.09355101734399796,-0.06288942694664001,0.7962558269500732
-29.0939998626709,-0.7540000081062317,1.4050180912017822,1.9660427570343018,2.8694217205047607,2.6009228229522705,0.05969211459159851,0.0059241182170808315
-29.0939998626709,-0.7540000081062317,1.3046365976333618,3.946549892425537,0.08771353214979172,0.024221252650022507,-0.00470100250095129,0.7158032655715942
-29.0939998626709,-0.7540000081062317,1.28821861743927,0.6195704936981201,0.07388881593942642,0.031355034559965134,-0.08743806183338165,0.2782725989818573
-29.0939998626709,0.2460000067949295,1.411842942237854,3.2672948837280273,2.9189980030059814,4.019619464874268,0.055885445326566696,0.004150045104324818
-29.0939998626709,0.2460000067949295,1.3358887434005737,3.912287473678589,0.08425478637218475,0.02215941995382309,-0.07844526320695877,0.5713171362876892
-29.0939998626709,0.2460000067949295,1.304248571395874,0.5886831879615784,0.06271297484636307,0.03356264904141426,-0.11112765222787857,0.42453277111053467
-29.0939998626709,1.246000051498413,1.016347050666809,1.5602465867996216,0.396419495344162,2.181151866912842,0.0311360415071249,0.04571542888879776
-29.0939998626709,1.246000051498413,1.069283366203308,3.9461398124694824,0.08037641644477844,0.029742728918790817,0.1328599452972412,0.46724697947502136
-29.0939998626709,1.246000051498413,1.1310302019119263,0.7926090955734253,0.0784682184457779,0.05252068489789963,-0.026542318984866142,0.48703765869140625
-29.0939998626709,2.246000051498413,0.982958197593689,1.4292182922363281,0.14483141899108887,1.862207293510437,0.001388345961458981,0.2305493950843811
-29.0939998626709,2.246000051498413,1.2305165529251099,3.6168479919433594,0.10748152434825897,0.014270860701799393,0.05989120155572891,0.35315650701522827
-29.0939998626709,2.246000051498413,1.2441251277923584,0.36091506481170654,0.05628852918744087,0.020113175734877586,-0.012566198594868183,0.41629403829574585
-29.0939998626709,3.246000051498413,0.920253574848175,6.021425724029541,0.08143139630556107,1.810360074043274,0.07019170373678207,0.17845062911510468
-29.0939998626709,3.246000051498413,0.9937522411346436,3.6522445678710938,0.09709107130765915,0.05869651958346367,0.13599340617656708,0.20426854491233826
-29.0939998626709,3.246000051498413,1.2879705429077148,0.6441782712936401,0.11438405513763428,0.028783714398741722,-0.052856605499982834,0.6172808408737183
-29.0939998626709,4.245999813079834,0.8646389842033386,3.281888961791992,0.17068423330783844,1.3882862329483032,0.12224863469600677,0.07152678817510605
-29.0939998626709,4.245999813079834,0.4983897805213928,2.2471225261688232,0.013871978037059307,2.026761293411255,0.1908828765153885,0.7647415399551392
-29.0939998626709,4.245999813079834,0.8852039575576782,0.8750961422920227,0.05124173313379288,0.08449506014585495,-0.012629032135009766,0.16373175382614136
-29.0939998626709,5.245999813079834,0.5979697108268738,2.934925079345703,0.11040933430194855,0.9591668248176575,0.006229632534086704,0.02324381284415722
-29.0939998626709,5.245999813079834,0.48338764905929565,2.2465128898620605,0.021600471809506416,0.37154075503349304,-0.16872650384902954,0.9435349702835083
-29.0939998626709,5.245999813079834,0.5659230947494507,4.831954002380371,0.03156467527151108,0.6908113360404968,0.08190151304006577,0.03322117403149605
-29.0939998626709,6.245999813079834,1.0335571765899658,2.335505723953247,0.5034661889076233,3.1191375255584717,0.25593313574790955,0.022808648645877838
-29.0939998626709,6.245999813079834,0.6955754160881042,3.2360265254974365,0.054293107241392136,0.26742443442344666,0.12047847360372543,0.8543375730514526
-29.0939998626709,6.245999813079834,0.7511336803436279,1.0954203605651855,0.07326480746269226,0.11344616115093231,-0.2554091215133667,0.12285374850034714
-28.0939998626709,-0.7540000081062317,1.3132861852645874,1.609929084777832,2.1162426471710205,2.9437716007232666,0.13848578929901123,0.032247599214315414
-28.0939998626709,-0.7540000081062317,1.1102441549301147,3.930873394012451,0.08253498375415802,0.06917788088321686,-0.043661244213581085,0.7589796781539917
-28.0939998626709,-0.7540000081062317,1.0470613241195679,0.4296717643737793,0.07076253741979599,0.06138511374592781,-0.14024047553539276,0.2087726593017578
-28.0939998626709,0.2460000067949295,1.3100533485412598,3.438563585281372,1.3550225496292114,2.7816169261932373,0.04421203210949898,0.01452825777232647
-28.0939998626709,0.2460000067949295,1.2874972820281982,3.9661483764648438,0.11346277594566345,0.03128645569086075,-0.03525158017873764,0.5617573857307434
-28.0939998626709,0.2460000067949295,1.1945525407791138,0.6245666742324829,0.06993929296731949,0.055842846632003784,-0.07293052971363068,0.4237143099308014
-28.0939998626709,1.246000051498413,1.167445182800293,2.297945737838745,0.557701826095581,2.590147018432617,0.0012073153629899025,0.016434064134955406
-28.0939998626709,1.246000051498413,1.2004019021987915,3.797456979751587,0.08071141690015793,0.02192281000316143,-0.013575640507042408,0.358026921749115
-28.0939998626709,1.246000051498413,1.180869460105896,0.7200020551681519,0.065012127161026,0.03500549867749214,0.0014087961753830314,0.6255390048027039
-28.0939998626709,2.246000051498413,0.9978408813476562,1.528937578201294,0.10364939272403717,1.5945276021957397,-0.026567718014121056,0.23439690470695496
-28.0939998626709,2.246000051498413,1.179978847503662,3.7977638244628906,0.07340351492166519,0.030346306040883064,0.09064135700464249,0.39482763409614563
-28.0939998626709,2.246000051498413,1.3369003534317017,0.6382794380187988,0.06611207127571106,0.026443010196089745,-0.09312218427658081,0.3707754909992218
-28.0939998626709,3.246000051498413,1.0969717502593994,1.3984969854354858,0.24710072576999664,2.1366677284240723,0.017582261934876442,0.12186642736196518
-28.0939998626709,3.246000051498413,1.1815377473831177,3.719932794570923,0.10399829596281052,0.02927391789853573,0.15166577696800232,0.3056119382381439
-28.0939998626709,3.246000051498413,1.2889342308044434,0.5469801425933838,0.08857223391532898,0.02536170929670334,-0.004144389182329178,0.5725216865539551
-28.0939998626709,4.245999813079834,0.6984152793884277,5.147588729858398,0.03819876164197922,1.398248314857483,0.06637080013751984,0.28590157628059387
-28.0939998626709,4.245999813079834,0.8044888377189636,3.2075295448303223,0.09360040724277496,0.21573424339294434,0.20294708013534546,0.14140677452087402
-28.0939998626709,4.245999813079834,1.178067922592163,0.6025546789169312,0.13237819075584412,0.018012870103120804,-0.13940677046775818,0.5726916790008545
-28.0939998626709,5.245999813079834,0.6398663520812988,4.497838973999023,0.03011329472064972,1.1263971328735352,0.028569361194968224,0.6670404076576233
-28.0939998626709,5.245999813079834,0.7387961745262146,2.5774710178375244,0.07398056238889694,0.47101226449012756,-0.10627667605876923,0.15670686960220337
-28.0939998626709,5.245999813079834,0.9355382919311523,0.5752003192901611,0.06305131316184998,0.10562089830636978,-0.0631643682718277,0.17625273764133453
-28.0939998626709,6.245999813079834,0.9727001190185547,3.458148956298828,0.26298266649246216,1.6239535808563232,0.0879274532198906,0.02033957839012146
-28.0939998626709,6.245999813079834,0.7765352725982666,3.1049253940582275,0.08336739242076874,0.30033600330352783,0.004021414089947939,0.08725828677415848
-28.0939998626709,6.245999813079834,0.8204667568206787,1.0922952890396118,0.03221496567130089,0.02494817227125168,-0.2046525627374649,0.892402172088623
-27.0939998626709,-0.7540000081062317,1.2226901054382324,1.9707010984420776,1.2826210260391235,2.5391623973846436,0.23705807328224182,0.0025895042344927788
-27.0939998626709,-0.7540000081062317,0.7404212355613708,4.785135746002197,0.0767301693558693,0.49185773730278015,0.15802134573459625,0.9927181005477905
-27.0939998626709,-0.7540000081062317,0.6635913252830505,0.029900100082159042,0.11499418318271637,0.8071826100349426,-0.08014924079179764,0.004692385904490948
-27.0939998626709,0.2460000067949295,0.8059608936309814,1.9519504308700562,0.0602131187915802,1.3473764657974243,0.08164841681718826,0.531793475151062
-27.0939998626709,0.2460000067949295,1.00114107131958,4.199062347412109,0.17585092782974243,0.12390697747468948,-0.06655891984701157,0.3141683042049408
-27.0939998626709,0.2460000067949295,1.0266990661621094,0.1954389214515686,0.10539907217025757,0.0738418772816658,0.14683236181735992,0.1540381908416748
-27.0939998626709,1.246000051498413,1.1697455644607544,2.3828423023223877,0.46090659499168396,2.3156797885894775,-0.06148720905184746,0.0199379101395607
-27.0939998626709,1.246000051498413,1.2958524227142334,3.6855249404907227,0.08909247815608978,0.027200788259506226,-0.05071102827787399,0.6435321569442749
-27.0939998626709,1.246000051498413,1.2582563161849976,0.48225095868110657,0.07772763073444366,0.03744782134890556,0.09894280880689621,0.33652985095977783
-27.0939998626709,2.246000051498413,1.2585467100143433,1.977229118347168,0.5007792711257935,2.0643372535705566,0.0376906618475914,0.05665864422917366
-27.0939998626709,2.246000051498413,1.1734670400619507,3.8541386127471924,0.053389981389045715,0.024547290056943893,0.0513610802590847,0.43012258410453796
-27.0939998626709,2.246000051498413,1.2981927394866943,0.7146451473236084,0.05482430383563042,0.020325416699051857,-0.06988072395324707,0.5132187604904175
-27.0939998626709,3.246000051498413,0.9906526207923889,1.2457929849624634,0.11021298170089722,1.7583469152450562,0.05523582547903061,0.19051328301429749
-27.0939998626709,3.246000051498413,1.112213134765625,3.6793839931488037,0.09333515912294388,0.06870264559984207,0.13899625837802887,0.41533273458480835
-27.0939998626709,3.246000051498413,1.1441808938980103,0.4312325119972229,0.0811930000782013,0.05227351933717728,0.13462886214256287,0.39415404200553894
-27.0939998626709,4.245999813079834,0.885172963142395,0.8730767369270325,0.09253997355699539,2.167684555053711,0.0578187070786953,0.2137877643108368
-27.0939998626709,4.245999813079834,1.175937533378601,3.7406387329101562,0.1257002204656601,0.030244318768382072,0.11964220553636551,0.2901782989501953
-27.0939998626709,4.245999813079834,1.2263331413269043,0.4781929552555084,0.09361542761325836,0.0335044302046299,0.0365811288356781,0.4960339069366455
-27.0939998626709,5.245999813079834,0.9076312780380249,1.027107834815979,0.10736148059368134,1.3936209678649902,0.035163506865501404,0.028985047712922096
-27.0939998626709,5.245999813079834,1.1140037775039673,3.4993457794189453,0.12968282401561737,0.057591356337070465,0.11937858909368515,0.25149592757225037
-27.0939998626709,5.245999813079834,1.2159067392349243,0.5449928641319275,0.09461545199155807,0.05964735895395279,0.10561952739953995,0.7195190787315369
-27.0939998626709,6.245999813079834,0.7910211682319641,0.7642201781272888,0.11014945805072784,0.8209906816482544,-0.033208396285772324,0.04500066116452217
-27.0939998626709,6.245999813079834,0.951103150844574,3.1973395347595215,0.19043125212192535,0.22169381380081177,-0.05586817488074303,0.01325589045882225
-27.0939998626709,6.245999813079834,1.109938144683838,0.5020143389701843,0.05257466807961464,0.02664986066520214,-0.029165707528591156,0.9417434334754944
-27.0939998626709,7.245999813079834,1.1814813613891602,1.2192879915237427,0.5399011373519897,0.7294347286224365,0.002845493843778968,0.015124640427529812
-27.0939998626709,7.245999813079834,0.8215968608856201,2.887150287628174,0.1999753713607788,8.512354850769043,-0.3595752716064453,0.002510153455659747
-27.0939998626709,7.245999813079834,0.7850565314292908,0.6433326601982117,0.011380054987967014,0.05510752648115158,-0.16429919004440308,0.9823651909828186
-26.0939998626709,-0.7540000081062317,1.1259069442749023,4.608159065246582,0.4523170590400696,2.5237770080566406,0.2929292917251587,0.0718347579240799
-26.0939998626709,-0.7540000081062317,0.7942607998847961,3.9077138900756836,0.12102533876895905,0.6135966181755066,0.018916111439466476,0.3462780714035034
-26.0939998626709,-0.7540000081062317,0.6939823627471924,0.05852695554494858,0.054299283772706985,0.10872654616832733,-0.052104704082012177,0.5818871259689331
-26.0939998626709,0.2460000067949295,0.8016077280044556,4.9886322021484375,0.08834909647703171,1.056028127670288,0.02726089581847191,0.30958572030067444
-26.0939998626709,0.2460000067949295,0.6326456069946289,4.394714832305908,0.05389605835080147,0.2658365070819855,-0.07326461374759674,0.32889148592948914
-26.0939998626709,0.2460000067949295,0.7162119150161743,4.960700988769531,0.04214278608560562,0.15013813972473145,0.2211890071630478,0.36152276396751404
-26.0939998626709,1.246000051498413,1.0845966339111328,2.295971632003784,0.2905527949333191,2.0557448863983154,-0.09809038788080215,0.043399907648563385
-26.0939998626709,1.246000051498413,1.3119492530822754,3.5477797985076904,0.1449727565050125,0.037615906447172165,-0.07021847367286682,0.6554506421089172
-26.0939998626709,1.246000051498413,1.2444583177566528,0.42125779390335083,0.09623169898986816,0.05354929715394974,0.11270487308502197,0.30114948749542236
-26.0939998626709,2.246000051498413,1.3071929216384888,1.7106893062591553,1.1480025053024292,2.16374135017395,0.03345705568790436,0.03904688358306885
-26.0939998626709,2.246000051498413,1.237812876701355,3.824003219604492,0.06592167913913727,0.029833322390913963,0.01735815964639187,0.5639429688453674
-26.0939998626709,2.246000051498413,1.2711957693099976,0.5153932571411133,0.06258565187454224,0.028871359303593636,0.02637537568807602,0.3970101475715637
-26.0939998626709,3.246000051498413,1.2023687362670898,1.271905779838562,0.4704923629760742,2.2991220951080322,0.041767384856939316,0.030603963881731033
-26.0939998626709,3.246000051498413,1.2136174440383911,3.7527976036071777,0.09117094427347183,0.07309895008802414,0.05623145028948784,0.4825485050678253
-26.0939998626709,3.246000051498413,1.1962981224060059,0.5228769183158875,0.07137737423181534,0.06176923215389252,0.05334686487913132,0.48684749007225037
-26.0939998626709,4.245999813079834,0.9800078868865967,1.2953417301177979,0.1508772075176239,1.8892356157302856,0.09689794480800629,0.07702639698982239
-26.0939998626709,4.245999813079834,1.2092431783676147,3.7125039100646973,0.10403691232204437,0.027008961886167526,0.20652642846107483,0.3619065284729004
-26.0939998626709,4.245999813079834,1.1916327476501465,0.41607430577278137,0.08261806517839432,0.06967157870531082,0.14849548041820526,0.5610670447349548
-26.0939998626709,5.245999813079834,0.9817139506340027,1.056533932685852,0.18943895399570465,1.4090440273284912,0.08262235671281815,0.006879104301333427
-26.0939998626709,5.245999813079834,1.2401186227798462,3.651608943939209,0.11504548788070679,0.02322755753993988,0.14464348554611206,0.268363356590271
-26.0939998626709,5.245999813079834,1.3023606538772583,0.46071720123291016,0.10153394192457199,0.05185067653656006,0.2442583292722702,0.7247574925422668
-26.0939998626709,6.245999813079834,0.7958536148071289,4.940454006195068,0.07536045461893082,1.123863697052002,0.0018498178105801344,0.06457441300153732
-26.0939998626709,6.245999813079834,1.046510100364685,3.361797332763672,0.14661987125873566,0.11657099425792694,-0.06970907002687454,0.07073334604501724
-26.0939998626709,6.245999813079834,1.3429012298583984,0.5573561191558838,0.1060604527592659,0.03902902454137802,-0.0015248879790306091,0.8646922707557678
-26.0939998626709,7.245999813079834,1.0576694011688232,5.956343173980713,0.28816795349121094,0.7716319561004639,0.03586981073021889,0.0272491667419672
-26.0939998626709,7.245999813079834,0.9214021563529968,2.9393560886383057,0.1775956004858017,2.616884469985962,-0.30892306566238403,0.006121822167187929
-26.0939998626709,7.245999813079834,1.024980068206787,0.4059808850288391,0.027145829051733017,0.049372728914022446,-0.12262844294309616,0.9666290283203125
-25.0939998626709,0.2460000067949295,0.9826041460037231,4.482290267944336,0.2984148859977722,0.8975398540496826,0.06093074753880501,0.26135140657424927
-25.0939998626709,0.2460000067949295,0.5295607447624207,4.258589267730713,0.054004594683647156,1.1534909009933472,-0.04731465503573418,0.6158990859985352
-25.0939998626709,0.2460000067949295,0.5241110324859619,4.336427688598633,0.02715596742928028,0.5336131453514099,0.14981159567832947,0.1227494552731514
-25.0939998626709,1.246000051498413,0.8096952438354492,2.3806512355804443,0.05005689337849617,1.3955875635147095,0.02239670418202877,0.40073633193969727
-25.0939998626709,1.246000051498413,0.9037432670593262,3.4739649295806885,0.13726888597011566,0.3006821274757385,-0.04076898470520973,0.43536701798439026
-25.0939998626709,1.246000051498413,0.8764452934265137,6.053910732269287,0.12081922590732574,0.1980111002922058,0.10954131186008453,0.16389666497707367
-25.0939998626709,2.246000051498413,1.2407282590866089,1.3146005868911743,0.8729485273361206,2.0178115367889404,-0.0111007671803236,0.023499183356761932
-25.0939998626709,2.246000051498413,1.4010337591171265,3.7763900756835938,0.11210207641124725,0.0273988489061594,0.03114984929561615,0.6075052618980408
-25.0939998626709,2.246000051498413,1.3062766790390015,0.43378812074661255,0.0719100683927536,0.03197955712676048,0.17506901919841766,0.36899542808532715
-25.0939998626709,3.246000051498413,1.309558391571045,1.0084816217422485,1.302164077758789,2.17769718170166,0.03345648571848869,0.011617021635174751
-25.0939998626709,3.246000051498413,1.3147289752960205,3.7730162143707275,0.1064007505774498,0.044189032167196274,0.030298534780740738,0.5997072458267212
-25.0939998626709,3.246000051498413,1.2322256565093994,0.4247083365917206,0.058367904275655746,0.042571451514959335,0.05931537225842476,0.3886757791042328
-25.0939998626709,4.245999813079834,1.075911045074463,1.8243091106414795,0.33043617010116577,1.778076171875,0.1362457573413849,0.022256378084421158
-25.0939998626709,4.245999813079834,1.1866148710250854,3.631105422973633,0.10631237924098969,0.07117512077093124,0.08694887906312943,0.25892454385757446
-25.0939998626709,4.245999813079834,1.1503947973251343,0.4441203773021698,0.06313454359769821,0.08135514706373215,-0.025595445185899734,0.7188190817832947
-25.0939998626709,5.245999813079834,1.039631724357605,1.2818790674209595,0.2200520932674408,1.8414949178695679,0.06280496716499329,0.04554307833313942
-25.0939998626709,5.245999813079834,1.2645686864852905,3.6830880641937256,0.12698359787464142,0.020929856225848198,-0.050319671630859375,0.36011743545532227
-25.0939998626709,5.245999813079834,1.307879090309143,0.46782737970352173,0.11587417870759964,0.04825146123766899,0.12456023693084717,0.5943395495414734
-25.0939998626709,6.245999813079834,1.0097813606262207,0.8402198553085327,0.18983982503414154,1.9089375734329224,0.006224790588021278,0.04335065186023712
-25.0939998626709,6.245999813079834,1.3155624866485596,3.685929298400879,0.17657627165317535,0.015107981860637665,-0.05337212234735489,0.22147829830646515
-25.0939998626709,6.245999813079834,1.3335241079330444,0.4421382248401642,0.11740686744451523,0.03617044910788536,0.09617394208908081,0.7351710200309753
-25.0939998626709,7.245999813079834,0.8627558350563049,1.7621498107910156,0.11072395741939545,1.087772011756897,0.016089951619505882,0.3251382112503052
-25.0939998626709,7.245999813079834,0.8644746541976929,3.5299317836761475,0.14007936418056488,0.09423092007637024,0.028267087414860725,0.07926934957504272
-25.0939998626709,7.245999813079834,1.0164872407913208,0.5912783145904541,0.1155436635017395,0.2272796332836151,0.0710492879152298,0.5955924391746521
-25.0939998626709,8.246000289916992,0.7144031524658203,2.1276206970214844,0.021937476471066475,1.490378499031067,-0.13121183216571808,0.48091834783554077
-25.0939998626709,8.246000289916992,0.7425804138183594,4.010838031768799,0.043488118797540665,2.959195375442505,-0.14624564349651337,0.06320419162511826
-25.0939998626709,8.246000289916992,0.9039024710655212,1.8797770738601685,0.01033311989158392,0.1658058911561966,-0.19135870039463043,0.4558774530887604
-24.0939998626709,-0.7540000081062317,1.3120176792144775,4.215521812438965,0.8203848600387573,1.0416021347045898,-0.012982947751879692,0.36976358294487
-24.0939998626709,-0.7540000081062317,1.3149443864822388,3.0560860633850098,0.15277515351772308,0.055373407900333405,-0.16185881197452545,0.4845302402973175
-24.0939998626709,-0.7540000081062317,1.382373571395874,6.178777694702148,0.0950830802321434,0.022434627637267113,-0.186228945851326,0.14570622146129608
-24.0939998626709,0.2460000067949295,0.9509185552597046,5.381477355957031,0.26915258169174194,0.5689504742622375,0.09142421931028366,0.30869483947753906
-24.0939998626709,0.2460000067949295,0.5450007915496826,3.794795513153076,0.14196020364761353,1.843601107597351,0.12903137505054474,0.3637118637561798
-24.0939998626709,0.2460000067949295,0.5431777238845825,4.69343900680542,0.043105438351631165,0.43020740151405334,0.12131120264530182,0.32759326696395874
-24.0939998626709,1.246000051498413,0.9816736578941345,2.5346503257751465,0.4207306504249573,1.7905460596084595,0.007774330209940672,0.0907243862748146
-24.0939998626709,1.246000051498413,0.5604766607284546,2.8158586025238037,0.03021443635225296,0.5250800251960754,0.016068939119577408,0.7741773724555969
-24.0939998626709,1.246000051498413,0.5616483092308044,5.837437152862549,0.03667502477765083,0.6427239775657654,0.12065020948648453,0.13509830832481384
-24.0939998626709,2.246000051498413,1.1205997467041016,0.7387920618057251,0.42039626836776733,1.673911690711975,-0.033772923052310944,0.06581556051969528
-24.0939998626709,2.246000051498413,1.3998146057128906,3.7882213592529297,0.16343845427036285,0.03390633687376976,-0.028251206502318382,0.5945739150047302
-24.0939998626709,2.246000051498413,1.2910970449447632,0.3635236620903015,0.0909179076552391,0.043794553726911545,0.1509150266647339,0.3396104872226715
-24.0939998626709,3.246000051498413,1.1367747783660889,1.5025312900543213,0.40797320008277893,1.9773386716842651,-0.05688357353210449,0.024790136143565178
-24.0939998626709,3.246000051498413,1.3063939809799194,3.668531656265259,0.09773139655590057,0.035450827330350876,0.04742288216948509,0.5297543406486511
-24.0939998626709,3.246000051498413,1.3538587093353271,0.37365224957466125,0.061753444373607635,0.03084470145404339,0.023384544998407364,0.44545549154281616
-24.0939998626709,4.245999813079834,1.125257968902588,1.6423048973083496,0.37671980261802673,1.8013476133346558,0.07835642248392105,0.028785167261958122
-24.0939998626709,4.245999813079834,1.207985758781433,3.574627637863159,0.10463783890008926,0.07777749747037888,0.051370225846767426,0.6659221649169922
-24.0939998626709,4.245999813079834,1.342408537864685,0.25592395663261414,0.09284339845180511,0.059891477227211,-0.011215060018002987,0.3052927553653717
-24.0939998626709,5.245999813079834,1.046457290649414,6.249532699584961,0.2081885188817978,1.989996314048767,0.08860555291175842,0.04800098016858101
-24.0939998626709,5.245999813079834,1.2601649761199951,3.6143743991851807,0.1169726774096489,0.03754840046167374,-0.07248227298259735,0.3419976830482483
-24.0939998626709,5.245999813079834,1.3282815217971802,0.3291061818599701,0.10871981084346771,0.048890214413404465,0.017274294048547745,0.6100013256072998
-24.0939998626709,6.245999813079834,0.9799620509147644,1.5152007341384888,0.12925906479358673,1.741740345954895,-0.039929792284965515,0.07563772797584534
-24.0939998626709,6.245999813079834,1.3029011487960815,3.6340909004211426,0.1859041452407837,0.01699255034327507,-0.039207056164741516,0.21504570543766022
-24.0939998626709,6.245999813079834,1.274621605873108,0.4166976511478424,0.11836691945791245,0.03448547422885895,0.103969044983387,0.709316611289978
-24.0939998626709,7.245999813079834,1.1026527881622314,3.7664544582366943,0.46475526690483093,1.3711576461791992,-0.003273947397246957,0.028041400015354156
-24.0939998626709,7.245999813079834,1.1956003904342651,3.571754217147827,0.1767977476119995,0.024270158261060715,0.09568769484758377,0.07769009470939636
-24.0939998626709,7.245999813079834,1.0517925024032593,0.35265490412712097,0.07684928178787231,0.05861395597457886,0.2902911901473999,0.8942685127258301
-24.0939998626709,8.246000289916992,0.608954906463623,2.0821187496185303,0.009058316238224506,0.4437795877456665,-0.01931164227426052,0.664130687713623
-24.0939998626709,8.246000289916992,0.9442987442016602,4.080970287322998,0.345652312040329,0.3891318440437317,-0.05668492615222931,0.010226123034954071
-24.0939998626709,8.246000289916992,1.2484482526779175,0.6674697399139404,0.10270040482282639,0.04349808394908905,0.08946172893047333,0.3256431818008423
-24.0939998626709,15.246000289916992,0.9173908233642578,2.9142026901245117,0.08121712505817413,1.9512240886688232,-0.05487960949540138,0.27641525864601135
-24.0939998626709,15.246000289916992,0.9159367084503174,2.6422977447509766,0.05931347608566284,0.02321741357445717,-0.008659983985126019,0.6792627573013306
-24.0939998626709,15.246000289916992,1.0531567335128784,0.36430492997169495,0.10321060568094254,0.04608685150742531,-0.20645278692245483,0.044321950525045395
-24.0939998626709,16.246000289916992,1.2716262340545654,1.3731032609939575,2.806155204772949,1.620514988899231,0.1291368454694748,0.00012835401867050678
-24.0939998626709,16.246000289916992,0.9110746383666992,2.9662091732025146,0.041424285620450974,0.04572272673249245,0.09405955672264099,0.9007060527801514
-24.0939998626709,16.246000289916992,0.9209121465682983,2.381805181503296,0.1916252225637436,0.40428784489631653,-0.05167921632528305,0.0991656482219696
-23.0939998626709,-0.7540000081062317,1.1012554168701172,3.4534084796905518,0.4954255521297455,1.8040772676467896,0.02788829244673252,0.07059209793806076
-23.0939998626709,-0.7540000081062317,1.3630174398422241,2.9630722999572754,0.10098256915807724,0.017769664525985718,0.049314193427562714,0.3338553011417389
-23.0939998626709,-0.7540000081062317,1.3205056190490723,5.957546710968018,0.06957272440195084,0.022909412160515785,-0.0804624930024147,0.5955525636672974
-23.0939998626709,0.2460000067949295,1.019517183303833,6.0624494552612305,0.801170825958252,0.8452719449996948,0.16652105748653412,0.10662044584751129
-23.0939998626709,0.2460000067949295,0.617881178855896,3.7614059448242188,0.15690161287784576,1.5936696529388428,0.11431697756052017,0.4256843030452728
-23.0939998626709,0.2460000067949295,0.6234106421470642,4.940463066101074,0.053766366094350815,0.38410720229148865,0.0794965848326683,0.46769535541534424
-23.0939998626709,1.246000051498413,0.6726427674293518,2.660853147506714,0.1267777681350708,1.07951021194458,0.027393853291869164,0.08073460310697556
-23.0939998626709,1.246000051498413,0.5203953385353088,2.6495203971862793,0.021619897335767746,0.3665928542613983,-0.030933858826756477,0.8765785098075867
-23.0939998626709,1.246000051498413,0.6080453395843506,4.495203018188477,0.020373186096549034,1.058943510055542,0.04469946399331093,0.04268699884414673
-23.0939998626709,2.246000051498413,0.867457926273346,5.622369289398193,0.055542878806591034,1.1784037351608276,-0.008340299129486084,0.3805171251296997
-23.0939998626709,2.246000051498413,1.0804941654205322,3.5067038536071777,0.17143285274505615,0.19478128850460052,0.12754297256469727,0.4694729149341583
-23.0939998626709,2.246000051498413,1.0685228109359741,0.22876828908920288,0.1060461699962616,0.05575881898403168,-0.04281053692102432,0.1500099003314972
-23.0939998626709,3.246000051498413,0.942672848701477,0.8949230313301086,0.19135040044784546,2.336228847503662,-0.03837199509143829,0.1166115403175354
-23.0939998626709,3.246000051498413,1.3018525838851929,3.4922292232513428,0.13245613873004913,0.04131371155381203,-0.16550759971141815,0.5685662031173706
-23.0939998626709,3.246000051498413,1.3955150842666626,0.30791956186294556,0.12210973352193832,0.03932807967066765,0.07019408792257309,0.3148222267627716
-23.0939998626709,4.245999813079834,1.0857943296432495,6.157473087310791,0.34650951623916626,1.5618380308151245,0.04871346428990364,0.00886603631079197
-23.0939998626709,4.245999813079834,1.2882275581359863,3.4329745769500732,0.1118093952536583,0.06954639405012131,-0.007018829695880413,0.5689533352851868
-23.0939998626709,4.245999813079834,1.4275859594345093,0.15163229405879974,0.10981392860412598,0.05670507252216339,0.008006581105291843,0.4221805930137634
-23.0939998626709,5.245999813079834,0.9944435954093933,4.7590107917785645,0.14213702082633972,2.492358922958374,0.08643995970487595,0.041293058544397354
-23.0939998626709,5.245999813079834,1.2283459901809692,3.633823871612549,0.1046178787946701,0.05349276587367058,-0.034699488431215286,0.6152228116989136
-23.0939998626709,5.245999813079834,1.3892813920974731,0.1407705843448639,0.11808907240629196,0.06770585477352142,-0.00884940568357706,0.343484103679657
-23.0939998626709,6.245999813079834,0.8936641216278076,0.47779616713523865,0.09673793613910675,2.146941900253296,-0.002417625393718481,0.10300488024950027
-23.0939998626709,6.245999813079834,1.300320029258728,3.7330734729766846,0.12029478698968887,0.020357979461550713,-0.008295832201838493,0.39512065052986145
-23.0939998626709,6.245999813079834,1.3733220100402832,0.3553476631641388,0.11669206619262695,0.030070433393120766,0.05400277301669121,0.5018744468688965
-23.0939998626709,7.245999813079834,1.3022087812423706,1.9034849405288696,1.289377212524414,1.6821036338806152,0.0282889511436224,0.010036998428404331
-23.0939998626709,7.245999813079834,1.3661624193191528,3.728952646255493,0.10899125039577484,0.017881199717521667,0.031401555985212326,0.2211577594280243
-23.0939998626709,7.245999813079834,1.382082462310791,0.34181320667266846,0.0991922914981842,0.031272463500499725,0.1390547901391983,0.7688052654266357
-23.0939998626709,8.246000289916992,1.03387451171875,1.987467885017395,0.06763673573732376,0.5773554444313049,0.05466948822140694,0.646709680557251
-23.0939998626709,8.246000289916992,1.1075931787490845,3.4208250045776367,0.23900091648101807,0.272122323513031,0.37429797649383545,0.013261870481073856
-23.0939998626709,8.246000289916992,1.4991568326950073,0.6490217447280884,0.15404991805553436,0.0355912409722805,0.19744625687599182,0.3400284945964813
-23.0939998626709,14.246000289916992,0.8714266419410706,6.102561950683594,0.18010982871055603,2.0042481422424316,0.02156318910419941,0.007190822158008814
-23.0939998626709,14.246000289916992,1.1216524839401245,2.4349749088287354,0.09478765726089478,0.021050041541457176,0.06888004392385483,0.9893635511398315
-23.0939998626709,14.246000289916992,1.113383173942566,5.498108386993408,0.2016180157661438,0.4300808906555176,0.1302148848772049,0.003445666516199708
-23.0939998626709,15.246000289916992,0.8583354353904724,2.401357889175415,0.09961364418268204,1.8501018285751343,-0.021643707528710365,0.05446065589785576
-23.0939998626709,15.246000289916992,0.9540759325027466,2.2788798809051514,0.06625822186470032,0.04603170230984688,0.010740205645561218,0.9448264837265015
-23.0939998626709,15.246000289916992,1.0808242559432983,0.5853990316390991,0.26131242513656616,0.20310723781585693,-0.1092490628361702,0.0007128533907234669
-23.0939998626709,16.246000289916992,1.022658109664917,0.3654780089855194,0.24884091317653656,1.867382526397705,0.014071334153413773,0.016730982810258865
-23.0939998626709,16.246000289916992,0.8406813740730286,2.2294681072235107,0.058312490582466125,0.14337889850139618,0.15497474372386932,0.9648776650428772
-23.0939998626709,16.246000289916992,0.9731079936027527,0.8084877729415894,0.18546639382839203,0.17760661244392395,-0.10424671322107315,0.0183914415538311
-23.0939998626709,17.246000289916992,1.1460219621658325,4.412797451019287,0.3115113079547882,1.0535658597946167,0.1451498121023178,0.0607205405831337
-23.0939998626709,17.246000289916992,0.8936687111854553,2.2028725147247314,0.07775973528623581,0.09326497465372086,-0.13112802803516388,0.9387459754943848
-23.0939998626709,17.246000289916992,0.9552856683731079,5.095301628112793,0.17849643528461456,2.5064501762390137,0.11498167365789413,0.0005334467277862132
-23.0939998626709,18.246000289916992,1.0678352117538452,1.7977101802825928,0.5944188833236694,2.573730945587158,0.09713241457939148,0.014182008802890778
-23.0939998626709,18.246000289916992,0.9915767312049866,1.8782422542572021,0.06738772988319397,0.041831858456134796,-0.011873450130224228,0.9745317101478577
-23.0939998626709,18.246000289916992,1.0818562507629395,0.41565391421318054,0.17972415685653687,0.09196459501981735,0.08173587918281555,0.011286327615380287
-22.0939998626709,-10.753999710083008,1.121628761291504,1.4828470945358276,1.271985411643982,0.8861761689186096,-0.1201879158616066,0.0011843314860016108
-22.0939998626709,-10.753999710083008,0.5449720025062561,3.6736364364624023,0.004835416097193956,0.10381138324737549,0.358687162399292,0.976671576499939
-22.0939998626709,-10.753999710083008,0.5134710073471069,5.099124908447266,0.009909119457006454,1.904228925704956,0.266986608505249,0.02214413322508335
-22.0939998626709,-9.753999710083008,0.6523100733757019,5.30099630355835,0.06987570971250534,3.3498520851135254,0.01673855073750019,0.0047018262557685375
-22.0939998626709,-9.753999710083008,0.9489731788635254,2.9168078899383545,0.07235952466726303,0.021064290776848793,0.08931697905063629,0.9952185750007629
-22.0939998626709,-9.753999710083008,0.9547838568687439,6.018102169036865,0.21518638730049133,0.9370062947273254,-0.08890355378389359,7.964990072650835e-05
-22.0939998626709,-7.754000186920166,0.8179974555969238,1.0373570919036865,0.15349934995174408,1.9435166120529175,0.06897509098052979,0.025006180629134178
-22.0939998626709,-7.754000186920166,0.7323707938194275,3.035780429840088,0.019793033599853516,0.024829233065247536,-0.009326063096523285,0.9727511405944824
-22.0939998626709,-7.754000186920166,0.8293768167495728,5.707392692565918,0.07295958697795868,0.6574026346206665,-0.030260467901825905,0.002242669928818941
-22.0939998626709,-6.754000186920166,0.772229015827179,1.4495197534561157,0.15491995215415955,4.059800148010254,0.28113415837287903,0.0020351146813482046
-22.0939998626709,-6.754000186920166,0.734698474407196,3.561643123626709,0.07001347094774246,0.1130637601017952,-0.13426168262958527,0.9979422688484192
-22.0939998626709,-6.754000186920166,0.8137887120246887,5.725574970245361,0.4381389915943146,1.722349762916565,0.15152260661125183,2.256432344438508e-05
-22.0939998626709,-5.754000186920166,0.695395290851593,2.636727809906006,0.04537798836827278,1.6284364461898804,0.10912071168422699,0.5838600993156433
-22.0939998626709,-5.754000186920166,0.7477455735206604,3.434410333633423,0.09630066156387329,0.33422771096229553,0.27800509333610535,0.40597349405288696
-22.0939998626709,-5.754000186920166,0.8638603091239929,0.676052987575531,0.11945230513811111,0.3939553499221802,0.07120445370674133,0.010166360065340996
-22.0939998626709,-0.7540000081062317,0.8089108467102051,3.2958812713623047,0.1331198811531067,1.2803584337234497,0.04879530146718025,0.14703817665576935
-22.0939998626709,-0.7540000081062317,1.1621001958847046,2.6192212104797363,0.13151904940605164,0.02928658202290535,0.21990293264389038,0.19846010208129883
-22.0939998626709,-0.7540000081062317,1.218802571296692,5.693670749664307,0.08755046129226685,0.030017700046300888,0.024212351068854332,0.654501736164093
-22.0939998626709,0.2460000067949295,1.1257612705230713,1.064449429512024,0.28573504090309143,0.9479981064796448,0.05083873122930527,0.27590858936309814
-22.0939998626709,0.2460000067949295,0.6814908385276794,3.1829612255096436,0.17036958038806915,2.5563249588012695,0.29241541028022766,0.13321900367736816
-22.0939998626709,0.2460000067949295,0.7128810286521912,5.517000198364258,0.05218510702252388,0.1977599412202835,0.1396389752626419,0.5908724069595337
-22.0939998626709,1.246000051498413,0.8228667378425598,5.124461650848389,0.10420586168766022,0.568278968334198,-0.047332774847745895,0.09526367485523224
-22.0939998626709,1.246000051498413,0.5373783111572266,2.212660551071167,0.141465961933136,4.181732654571533,0.16198144853115082,0.0022998154163360596
-22.0939998626709,1.246000051498413,0.646945059299469,5.548784255981445,0.013875947333872318,0.15859143435955048,0.03374113887548447,0.9024365544319153
-22.0939998626709,2.246000051498413,0.5262604355812073,2.5213303565979004,0.10032293200492859,1.0563905239105225,-0.06920532882213593,0.08466222882270813
-22.0939998626709,2.246000051498413,0.5218731760978699,2.3218564987182617,0.019152285531163216,0.37248170375823975,-0.14656345546245575,0.9008049964904785
-22.0939998626709,2.246000051498413,0.5427176356315613,6.154577732086182,0.04303865507245064,3.2341465950012207,-0.0604235865175724,0.014532751403748989
-22.0939998626709,3.246000051498413,0.9788413047790527,0.6511523127555847,0.1946205496788025,2.7560150623321533,0.026437534019351006,0.09614966064691544
-22.0939998626709,3.246000051498413,1.2641240358352661,3.4453535079956055,0.15112647414207458,0.06818438321352005,-0.06647258251905441,0.5223754048347473
-22.0939998626709,3.246000051498413,1.360783576965332,0.23753389716148376,0.12467355281114578,0.043515678495168686,0.13758216798305511,0.38147497177124023
-22.0939998626709,4.245999813079834,1.0860261917114258,5.728416442871094,0.3163476586341858,1.4840209484100342,0.029955420643091202,0.010105879046022892
-22.0939998626709,4.245999813079834,1.342079758644104,3.399378538131714,0.13930535316467285,0.07639329880475998,-0.008343810215592384,0.5315287113189697
-22.0939998626709,4.245999813079834,1.3779206275939941,0.1328042447566986,0.09091014415025711,0.059397533535957336,-0.0001574091293150559,0.45836541056632996
-22.0939998626709,5.245999813079834,0.9561504125595093,4.945999622344971,0.1100517064332962,2.30171799659729,0.10091355443000793,0.03506357967853546
-22.0939998626709,5.245999813079834,1.1808440685272217,3.698042869567871,0.08895638585090637,0.1286192536354065,-0.05377968028187752,0.7016319036483765
-22.0939998626709,5.245999813079834,1.3409007787704468,0.24313971400260925,0.09911610186100006,0.08173494040966034,-0.027146918699145317,0.26330453157424927
-22.0939998626709,6.245999813079834,0.8859772086143494,5.996513366699219,0.12215372920036316,2.449037790298462,0.03938634693622589,0.043001215904951096
-22.0939998626709,6.245999813079834,1.2400480508804321,3.7761988639831543,0.09144718199968338,0.03739521652460098,0.022108593955636024,0.6080736517906189
-22.0939998626709,6.245999813079834,1.3736023902893066,0.33548834919929504,0.11264993250370026,0.04304270073771477,-0.07676868885755539,0.3489251732826233
-22.0939998626709,7.245999813079834,1.039029836654663,1.066359043121338,0.16439376771450043,1.249935269355774,0.03901112452149391,0.026301518082618713
-22.0939998626709,7.245999813079834,1.3326247930526733,3.8513126373291016,0.08216684311628342,0.01827981323003769,-0.013374068774282932,0.2612004280090332
-22.0939998626709,7.245999813079834,1.5827192068099976,0.4263567626476288,0.18731607496738434,0.02497202344238758,0.08279964327812195,0.7124980688095093
-22.0939998626709,8.246000289916992,1.298069953918457,0.2856654226779938,0.3343289792537689,0.8366044163703918,0.10919032990932465,0.030723469331860542
-22.0939998626709,8.246000289916992,1.2631624937057495,3.278254270553589,0.11279134452342987,0.05298606678843498,0.4292243719100952,0.03633265569806099
-22.0939998626709,8.246000289916992,1.3975694179534912,0.5582418441772461,0.085434190928936,0.0691094771027565,0.17819052934646606,0.9329438805580139
-22.0939998626709,9.246000289916992,0.7495271563529968,1.00741446018219,0.005650689359754324,0.30690184235572815,-0.14433544874191284,0.9933146834373474
-22.0939998626709,9.246000289916992,0.9497703909873962,2.421419143676758,0.3006339967250824,0.1705009639263153,0.23453949391841888,0.0005615702248178422
-22.0939998626709,9.246000289916992,0.8576313257217407,5.846258640289307,0.06554628908634186,0.08655598759651184,0.13412980735301971,0.006123787257820368
-22.0939998626709,13.246000289916992,1.0188885927200317,1.403035283088684,0.2685071527957916,1.9898444414138794,0.012174884788691998,0.018261931836605072
-22.0939998626709,13.246000289916992,1.0701171159744263,2.499480962753296,0.07635950297117233,0.03952714055776596,0.04388125240802765,0.9766929745674133
-22.0939998626709,13.246000289916992,1.0690423250198364,5.7662506103515625,0.13926167786121368,0.2232777327299118,0.023380586877465248,0.005045079160481691
-22.0939998626709,14.246000289916992,1.1353474855422974,4.041007041931152,0.5141604542732239,3.0023670196533203,0.05709414929151535,0.001983193214982748
-22.0939998626709,14.246000289916992,1.1385241746902466,2.3587234020233154,0.03982999548316002,0.020724155008792877,0.0367916114628315,0.9977644681930542
-22.0939998626709,14.246000289916992,1.0198572874069214,5.2887468338012695,0.12223341315984726,1.232840895652771,0.049512829631567,0.00025226676370948553
-22.0939998626709,15.246000289916992,1.0460083484649658,1.0552399158477783,0.3404110372066498,1.654133677482605,-0.02813052386045456,0.0038270647637546062
-22.0939998626709,15.246000289916992,1.1481860876083374,2.3776228427886963,0.05029891058802605,0.059731051325798035,-0.036441754549741745,0.9955215454101562
-22.0939998626709,15.246000289916992,1.3056056499481201,0.5864052176475525,0.30266210436820984,0.2032494843006134,-0.014559930190443993,0.0006513654952868819
-22.0939998626709,16.246000289916992,1.024595022201538,0.07866206765174866,0.4256593585014343,2.1372737884521484,-0.00045128667261451483,0.005645150318741798
-22.0939998626709,16.246000289916992,1.1578742265701294,2.1090545654296875,0.08031896501779556,0.021810004487633705,-0.1666949987411499,0.9918117523193359
-22.0939998626709,16.246000289916992,1.220799207687378,5.623552322387695,0.34123682975769043,0.5500495433807373,0.023592336103320122,0.0025431113317608833
-22.0939998626709,17.246000289916992,0.8995454907417297,5.985335826873779,0.09486778825521469,1.8231902122497559,0.13060003519058228,0.011368921026587486
-22.0939998626709,17.246000289916992,1.0570859909057617,1.9652303457260132,0.07078243046998978,0.026762420311570168,0.03070807084441185,0.988619327545166
-22.0939998626709,17.246000289916992,0.9060587286949158,5.945059776306152,0.293735533952713,4.806967258453369,0.028670961037278175,1.1807845112343784e-05
-22.0939998626709,18.246000289916992,1.1266083717346191,2.5327138900756836,0.7290040254592896,2.3793420791625977,0.159722700715065,0.01125576626509428
-22.0939998626709,18.246000289916992,0.8980101346969604,1.8053289651870728,0.05243559181690216,0.08545122295618057,0.3094070851802826,0.9531378149986267
-22.0939998626709,18.246000289916992,1.005357027053833,1.1940277814865112,0.20047979056835175,0.07164153456687927,-0.0021437532268464565,0.035606443881988525
-21.0939998626709,-10.753999710083008,0.9732409715652466,5.635214805603027,1.0932356119155884,1.4069335460662842,-0.0549904964864254,0.0014125279849395156
-21.0939998626709,-10.753999710083008,0.5776240229606628,4.032706260681152,0.007243999745696783,0.1165165901184082,-0.17136773467063904,0.9899634718894958
-21.0939998626709,-10.753999710083008,0.5779212117195129,4.234595775604248,0.008281863294541836,1.8435677289962769,0.21688015758991241,0.008624063804745674
-21.0939998626709,-9.753999710083008,0.9744402170181274,1.6472920179367065,0.1271401345729828,1.5573694705963135,-0.03220895677804947,0.02670699544250965
-21.0939998626709,-9.753999710083008,1.0993303060531616,3.154384136199951,0.132241353392601,0.10762479156255722,0.11547360569238663,0.9730855822563171
-21.0939998626709,-9.753999710083008,0.9457425475120544,6.190657615661621,0.1635097861289978,0.3290524184703827,-0.23086333274841309,0.0002073871437460184
-21.0939998626709,-6.754000186920166,0.996353805065155,5.996753692626953,0.9580292701721191,2.2277402877807617,0.22913633286952972,0.007737414911389351
-21.0939998626709,-6.754000186920166,0.9354754686355591,3.6798675060272217,0.07174072414636612,0.040451884269714355,-0.2723729908466339,0.9918442368507385
-21.0939998626709,-6.754000186920166,0.9050412178039551,5.395932674407959,0.23464682698249817,0.714096188545227,0.25694334506988525,0.00041837184107862413
-21.0939998626709,-5.754000186920166,0.7362506985664368,3.7729196548461914,0.11076868325471878,1.5260719060897827,-0.028329532593488693,0.06441615521907806
-21.0939998626709,-5.754000186920166,1.0065324306488037,3.5760793685913086,0.08761163800954819,0.033736322075128555,0.15057848393917084,0.9238634705543518
-21.0939998626709,-5.754000186920166,0.9739956855773926,0.31289827823638916,0.10487100481987,0.3760976493358612,-0.04413033276796341,0.011720356531441212
-21.0939998626709,-4.754000186920166,0.9790961146354675,3.037550210952759,0.31790482997894287,2.4060864448547363,-0.007211390417069197,0.012497025541961193
-21.0939998626709,-4.754000186920166,0.9426609873771667,3.7273035049438477,0.032789986580610275,0.008504880592226982,0.3203568458557129,0.9767357707023621
-21.0939998626709,-4.754000186920166,1.0828320980072021,1.0958486795425415,0.19177208840847015,0.11272117495536804,0.07555075734853745,0.010767228901386261
-21.0939998626709,-1.753999948501587,0.9730374217033386,2.895491123199463,0.09247227013111115,1.1954864263534546,-0.10809897631406784,0.08677889406681061
-21.0939998626709,-1.753999948501587,0.6807940006256104,1.3366343975067139,0.0829782485961914,0.3991536498069763,0.37244361639022827,0.8797653317451477
-21.0939998626709,-1.753999948501587,0.8039509654045105,4.22501277923584,0.17287515103816986,0.2843145430088043,0.2718914747238159,0.033455874770879745
-21.0939998626709,-0.7540000081062317,1.0931999683380127,5.657888889312744,0.43540966510772705,1.7708854675292969,0.07474438101053238,0.03779454529285431
-21.0939998626709,-0.7540000081062317,1.0593699216842651,3.0459649562835693,0.06127442419528961,0.05916252359747887,0.004610699601471424,0.7855724096298218
-21.0939998626709,-0.7540000081062317,1.2569818496704102,6.148140907287598,0.0881275087594986,0.026821289211511612,-0.08809280395507812,0.17663303017616272
-21.0939998626709,1.246000051498413,0.7653852105140686,5.232221603393555,0.12365330010652542,0.7895779609680176,-0.025792503729462624,0.4330373704433441
-21.0939998626709,1.246000051498413,0.5441952347755432,2.84727144241333,0.11910626292228699,0.46040424704551697,0.07900600880384445,0.04798920452594757
-21.0939998626709,1.246000051498413,0.6922959685325623,5.528580665588379,0.03811921179294586,0.2390596717596054,-0.05712788179516792,0.5189734101295471
-21.0939998626709,2.246000051498413,0.6112570762634277,5.12015438079834,0.10115570574998856,1.5831669569015503,-0.10601691156625748,0.15176483988761902
-21.0939998626709,2.246000051498413,0.5135335922241211,3.59525203704834,0.021563146263360977,0.4082871675491333,0.03691932186484337,0.2517676055431366
-21.0939998626709,2.246000051498413,0.5858898758888245,6.083402156829834,0.014051125384867191,0.16541674733161926,0.011015348136425018,0.5964674949645996
-21.0939998626709,3.246000051498413,0.9243196249008179,2.040691375732422,0.10723390430212021,2.060093879699707,-0.03414998576045036,0.16143576800823212
-21.0939998626709,3.246000051498413,1.1741411685943604,3.2735300064086914,0.1208292543888092,0.08021727204322815,0.016805339604616165,0.5317428112030029
-21.0939998626709,3.246000051498413,1.271154522895813,0.2672141194343567,0.093505859375,0.06602655351161957,0.05964154005050659,0.30682143568992615
-21.0939998626709,4.245999813079834,0.9896728992462158,2.093101739883423,0.10569918900728226,1.2976452112197876,0.023304278030991554,0.13283388316631317
-21.0939998626709,4.245999813079834,1.1555496454238892,3.3552231788635254,0.08316105604171753,0.07718294113874435,0.11504499614238739,0.3820819556713104
-21.0939998626709,4.245999813079834,1.2351778745651245,0.1365337073802948,0.0762985572218895,0.040532436221838,0.1714012771844864,0.4850841760635376
-21.0939998626709,5.245999813079834,1.0197117328643799,1.2315447330474854,0.1270957887172699,1.4953880310058594,0.014473934657871723,0.06600804626941681
-21.0939998626709,5.245999813079834,1.1048439741134644,3.380682945251465,0.09205550700426102,0.14230242371559143,0.16975931823253632,0.6092994809150696
-21.0939998626709,5.245999813079834,1.2438082695007324,0.19679027795791626,0.093626968562603,0.07464877516031265,0.015826569870114326,0.3246924877166748
-21.0939998626709,6.245999813079834,0.9600952863693237,0.585450291633606,0.15718765556812286,2.1571617126464844,0.05160149186849594,0.05954190716147423
-21.0939998626709,6.245999813079834,1.1640543937683105,3.7811264991760254,0.10611364245414734,0.06037279590964317,0.07265970855951309,0.5993483662605286
-21.0939998626709,6.245999813079834,1.2659869194030762,0.457290917634964,0.10615519434213638,0.07239411026239395,-0.08323740214109421,0.3411097228527069
-21.0939998626709,7.245999813079834,1.0342538356781006,2.4550466537475586,0.1982496678829193,1.8277058601379395,0.03644075617194176,0.049666792154312134
-21.0939998626709,7.245999813079834,1.2384964227676392,3.903533458709717,0.08694625645875931,0.021569831296801567,0.012023303657770157,0.5037831664085388
-21.0939998626709,7.245999813079834,1.356720209121704,0.5399542450904846,0.10938742011785507,0.04576120525598526,0.08082474768161774,0.4465501308441162
-21.0939998626709,8.246000289916992,1.2199788093566895,1.8167977333068848,0.5167202353477478,1.7453441619873047,0.1357627958059311,0.046097271144390106
-21.0939998626709,8.246000289916992,1.229580044746399,3.73504638671875,0.10042484849691391,0.014132639393210411,0.27373427152633667,0.20391160249710083
-21.0939998626709,8.246000289916992,1.3130621910095215,0.5512078404426575,0.09175460785627365,0.04332756996154785,0.12963247299194336,0.7499911189079285
-21.0939998626709,9.246000289916992,1.1307871341705322,0.3798353672027588,0.15083830058574677,1.0475096702575684,0.07287048548460007,0.3371630311012268
-21.0939998626709,9.246000289916992,1.1438064575195312,3.457860231399536,0.12228943407535553,0.04756985232234001,0.08351045846939087,0.10145564377307892
-21.0939998626709,9.246000289916992,1.1002188920974731,0.4018022418022156,0.04798602685332298,0.02317783609032631,0.004050818271934986,0.5613813400268555
-21.0939998626709,12.246000289916992,0.8589939475059509,5.565753936767578,0.04687824100255966,1.140855073928833,-0.03540064021945,0.34341156482696533
-21.0939998626709,12.246000289916992,1.0232789516448975,2.4919631481170654,0.1029888316988945,0.050984032452106476,0.21356239914894104,0.5649722218513489
-21.0939998626709,12.246000289916992,1.1948494911193848,5.692397117614746,0.1000005230307579,0.06793397665023804,-0.014464872889220715,0.09161625057458878
-21.0939998626709,13.246000289916992,1.0713527202606201,0.22679796814918518,0.3281659781932831,2.1153149604797363,0.19832515716552734,0.001904821489006281
-21.0939998626709,13.246000289916992,1.2730083465576172,2.409963846206665,0.10104232281446457,0.03761214017868042,0.12137562036514282,0.9976849555969238
-21.0939998626709,13.246000289916992,1.0520588159561157,6.054542064666748,0.12867307662963867,0.2377089560031891,-0.10833171010017395,0.00041022937512025237
-21.0939998626709,14.246000289916992,1.2582793235778809,5.81241512298584,1.0899714231491089,1.8450192213058472,0.10643322765827179,0.0026529841125011444
-21.0939998626709,14.246000289916992,1.0930421352386475,2.5035603046417236,0.04925347492098808,0.02657471038401127,0.17451384663581848,0.9955828785896301
-21.0939998626709,14.246000289916992,0.8907619714736938,4.286388397216797,0.10265886038541794,1.2923903465270996,0.1730545461177826,0.0017641548765823245
-21.0939998626709,15.246000289916992,1.2262603044509888,0.37773630023002625,3.361649990081787,2.39611554145813,0.0721168965101242,0.004491525702178478
-21.0939998626709,15.246000289916992,1.1175891160964966,2.1719000339508057,0.07058754563331604,0.03653812035918236,-0.1312088817358017,0.9855115413665771
-21.0939998626709,15.246000289916992,1.1205531358718872,6.090948104858398,0.16172082722187042,0.17974965274333954,0.022645724937319756,0.009996877983212471
-21.0939998626709,16.246000289916992,0.8518995642662048,4.8600006103515625,0.23736901581287384,2.9681553840637207,0.04382108151912689,0.02915625087916851
-21.0939998626709,16.246000289916992,0.9503360390663147,2.2222211360931396,0.07582634687423706,0.034240756183862686,-0.07556242495775223,0.8968433141708374
-21.0939998626709,16.246000289916992,0.9795956611633301,5.701691627502441,0.10842365026473999,0.11491744220256805,0.010655767284333706,0.07400049269199371
-21.0939998626709,17.246000289916992,0.7922385334968567,0.11955899000167847,0.04444460943341255,1.6985859870910645,-0.026431351900100708,0.006014168728142977
-21.0939998626709,17.246000289916992,1.0504393577575684,2.2548515796661377,0.078765869140625,0.09510435163974762,0.18439039587974548,0.9939699172973633
-21.0939998626709,17.246000289916992,1.0671343803405762,4.233002662658691,0.2784371078014374,1.1850558519363403,0.085054412484169,1.5894889656919986e-05
-20.0939998626709,-10.753999710083008,0.6478409171104431,2.7964954376220703,0.26081666350364685,0.6761259436607361,0.07549159973859787,0.0061373962089419365
-20.0939998626709,-10.753999710083008,0.40906596183776855,3.257765531539917,0.09389864653348923,2.758305072784424,-0.3570812940597534,0.004534517414867878
-20.0939998626709,-10.753999710083008,0.5937104225158691,4.300287246704102,0.008376315236091614,0.1469554454088211,0.06813642382621765,0.9893280863761902
-20.0939998626709,-9.753999710083008,1.0704013109207153,2.6448395252227783,0.06363406777381897,0.6711791157722473,-0.12358953803777695,0.10211670398712158
-20.0939998626709,-9.753999710083008,0.9760358929634094,3.4082257747650146,0.09403566271066666,0.342960000038147,0.16144713759422302,0.8962558507919312
-20.0939998626709,-9.753999710083008,0.834381639957428,4.588992118835449,0.08528801053762436,0.13042911887168884,-0.0624723806977272,0.0016273746732622385
-20.0939998626709,-8.753999710083008,0.7866073846817017,2.964399576187134,0.03293142467737198,0.6465269923210144,-0.32659831643104553,0.059045299887657166
-20.0939998626709,-8.753999710083008,0.6218920350074768,2.089831590652466,0.027551228180527687,0.16698916256427765,-0.14327967166900635,0.9197798371315002
-20.0939998626709,-8.753999710083008,0.803624153137207,3.688699960708618,0.061120640486478806,0.458528608083725,0.007949774153530598,0.02117493748664856
-20.0939998626709,-6.754000186920166,1.3056814670562744,4.3249311447143555,3.5201494693756104,2.0050957202911377,0.07791932672262192,0.08165732771158218
-20.0939998626709,-6.754000186920166,1.0820561647415161,3.786919593811035,0.07745268195867538,0.18238264322280884,-0.24575017392635345,0.31209635734558105
-20.0939998626709,-6.754000186920166,1.0797595977783203,5.629852294921875,0.04744529351592064,0.15051013231277466,0.12063656002283096,0.606246292591095
-20.0939998626709,-5.754000186920166,0.8253602981567383,2.1942694187164307,0.3040810525417328,1.3677867650985718,-0.004071574192494154,0.017958959564566612
-20.0939998626709,-5.754000186920166,1.1486459970474243,3.3490467071533203,0.1110459566116333,0.03235102817416191,0.05635659396648407,0.9779356718063354
-20.0939998626709,-5.754000186920166,1.0257776975631714,0.029468033462762833,0.14808310568332672,0.5832582116127014,-0.05401192605495453,0.004105363041162491
-20.0939998626709,-4.754000186920166,0.9519653916358948,2.032726287841797,0.16207200288772583,3.533196449279785,0.17195914685726166,0.0731508731842041
-20.0939998626709,-4.754000186920166,0.9219011664390564,3.6110153198242188,0.09138423204421997,0.03559207171201706,-0.03800788149237633,0.8491852879524231
-20.0939998626709,-4.754000186920166,0.790540337562561,0.58951336145401,0.07552576065063477,0.1297147125005722,0.06827960163354874,0.07766382396221161
-20.0939998626709,-3.753999948501587,1.1468638181686401,1.924114465713501,0.5683683753013611,3.211564779281616,0.23532798886299133,0.003955324180424213
-20.0939998626709,-3.753999948501587,0.8643369078636169,4.011612415313721,0.02903871238231659,0.009189787320792675,-0.05724797025322914,0.4467490017414093
-20.0939998626709,-3.753999948501587,0.8508915901184082,0.5911409258842468,0.05024740844964981,0.1466383934020996,-0.06494074314832687,0.5492956638336182
-20.0939998626709,-2.753999948501587,0.9746184945106506,0.1148637980222702,0.17581138014793396,2.9691710472106934,0.09206132590770721,0.030003244057297707
-20.0939998626709,-2.753999948501587,1.1427907943725586,3.8545656204223633,0.061925239861011505,0.020298026502132416,-0.01177540048956871,0.5714914202690125
-20.0939998626709,-2.753999948501587,0.9788838624954224,0.923025906085968,0.04528173804283142,0.039879605174064636,-0.19343554973602295,0.39850541949272156
-20.0939998626709,-1.753999948501587,1.4800647497177124,4.546252250671387,0.5010843873023987,0.6692988276481628,-0.2583061754703522,0.018355650827288628
-20.0939998626709,-1.753999948501587,1.0708386898040771,1.5766265392303467,0.00376306870020926,0.01658746972680092,-0.43446972966194153,0.9815812110900879
-20.0939998626709,-1.753999948501587,0.7751221656799316,1.8398499488830566,0.03202786296606064,15.502963066101074,0.5907527208328247,6.303530972218141e-05
-20.0939998626709,-0.7540000081062317,1.1222944259643555,4.238325119018555,0.28598129749298096,0.6351281404495239,0.09204691648483276,0.09009584784507751
-20.0939998626709,-0.7540000081062317,1.201906681060791,2.91156005859375,0.09999031573534012,0.0754302591085434,-0.0756925716996193,0.44633495807647705
-20.0939998626709,-0.7540000081062317,1.1093980073928833,6.2593464851379395,0.0707017108798027,0.04877585917711258,-0.2116205394268036,0.46356919407844543
-20.0939998626709,0.2460000067949295,0.710442066192627,5.769834041595459,0.2665661573410034,1.289742350578308,-0.1865788698196411,0.006568431854248047
-20.0939998626709,0.2460000067949295,0.5930072069168091,4.090134143829346,0.022799909114837646,0.27465227246284485,-0.234899640083313,0.9817803502082825
-20.0939998626709,0.2460000067949295,0.5522350072860718,4.494441509246826,0.009935799986124039,6.92795991897583,0.05019775778055191,0.01165113877505064
-20.0939998626709,1.246000051498413,0.8949119448661804,4.286370754241943,0.5104598999023438,1.3659521341323853,-0.14109452068805695,0.04502290487289429
-20.0939998626709,1.246000051498413,0.5208653211593628,3.023158550262451,0.04014825448393822,0.1682252138853073,0.24965906143188477,0.5038527846336365
-20.0939998626709,1.246000051498413,0.6351557970046997,5.470287322998047,0.018573487177491188,0.5253031849861145,0.06352434307336807,0.45112425088882446
-20.0939998626709,2.246000051498413,0.827875018119812,5.172202110290527,0.3200894594192505,3.454533576965332,0.06196530535817146,0.2609037160873413
-20.0939998626709,2.246000051498413,0.6164512038230896,2.9756171703338623,0.023921197280287743,0.21035435795783997,-0.18564057350158691,0.6971097588539124
-20.0939998626709,2.246000051498413,0.6586230397224426,6.0508809089660645,0.02243845723569393,0.2807406783103943,0.10527900606393814,0.04198650270700455
-20.0939998626709,3.246000051498413,0.9068223834037781,1.2139958143234253,0.10344883054494858,2.5403003692626953,-0.026871848851442337,0.09701324254274368
-20.0939998626709,3.246000051498413,1.1643744707107544,3.109381914138794,0.10174772888422012,0.07768265157938004,0.04685621336102486,0.47903352975845337
-20.0939998626709,3.246000051498413,1.2593202590942383,6.210207462310791,0.08703596144914627,0.028290143236517906,0.14505602419376373,0.42395320534706116
-20.0939998626709,4.245999813079834,0.9200864434242249,1.290041446685791,0.07369069755077362,2.324070453643799,-0.010160621255636215,0.07392165064811707
-20.0939998626709,4.245999813079834,1.0870107412338257,3.2147207260131836,0.06958639621734619,0.07014606893062592,0.16726240515708923,0.5889028906822205
-20.0939998626709,4.245999813079834,1.2823071479797363,0.060177091509103775,0.10234973579645157,0.05958373844623566,0.2648572623729706,0.337175577878952
-20.0939998626709,5.245999813079834,0.9481116533279419,6.011578559875488,0.10147160291671753,1.3431119918823242,-0.010081942193210125,0.12675133347511292
-20.0939998626709,5.245999813079834,1.0697026252746582,3.238659381866455,0.09466441720724106,0.09451422095298767,0.2661390006542206,0.5846389532089233
-20.0939998626709,5.245999813079834,1.2148962020874023,0.07397515326738358,0.09942995011806488,0.06629899144172668,-0.0005925716832280159,0.2886097729206085
-20.0939998626709,6.245999813079834,1.0462536811828613,0.9948336482048035,0.2669147849082947,1.7602698802947998,0.0819159522652626,0.07667294144630432
-20.0939998626709,6.245999813079834,1.099056601524353,3.62443470954895,0.11460249125957489,0.06524121761322021,0.2349724918603897,0.6374512910842896
-20.0939998626709,6.245999813079834,1.1193289756774902,0.3765757083892822,0.103865846991539,0.15211990475654602,-0.0028073154389858246,0.28587567806243896
-20.0939998626709,7.245999813079834,1.0809807777404785,2.164356231689453,0.24859823286533356,1.7647135257720947,0.09901901334524155,0.03155244514346123
-20.0939998626709,7.245999813079834,1.2596253156661987,3.9190399646759033,0.09491871297359467,0.055603787302970886,0.12871381640434265,0.5115988254547119
-20.0939998626709,7.245999813079834,1.2517883777618408,0.5643845796585083,0.07791370898485184,0.0793772041797638,0.14820116758346558,0.45684874057769775
-20.0939998626709,8.246000289916992,1.376639485359192,5.816850185394287,1.843039870262146,3.217968463897705,0.2676558792591095,0.03507169336080551
-20.0939998626709,8.246000289916992,1.2531458139419556,3.9753377437591553,0.09634710103273392,0.04887942224740982,-0.06820639967918396,0.5243932604789734
-20.0939998626709,8.246000289916992,1.1877976655960083,0.641741156578064,0.0684337243437767,0.061411112546920776,0.05080236494541168,0.44053512811660767
-20.0939998626709,9.246000289916992,1.2764933109283447,5.990241050720215,0.7969304919242859,1.859687328338623,0.14096403121948242,0.04752974957227707
-20.0939998626709,9.246000289916992,1.1563845872879028,4.236091613769531,0.0994172915816307,0.08357799053192139,-0.07087492197751999,0.26207560300827026
-20.0939998626709,9.246000289916992,1.3994979858398438,0.8148470520973206,0.09867290407419205,0.021229904145002365,-0.09421438723802567,0.6903946399688721
-20.0939998626709,10.246000289916992,1.2386929988861084,3.910207509994507,0.24225251376628876,0.45356470346450806,0.19322526454925537,0.531177282333374
-20.0939998626709,10.246000289916992,1.0687164068222046,2.7233898639678955,0.18405790627002716,0.6797111630439758,-0.2423078566789627,0.08729741722345352
-20.0939998626709,10.246000289916992,1.1395220756530762,6.191149711608887,0.13485610485076904,0.2638879120349884,0.05820454657077789,0.3815252482891083
-20.0939998626709,11.246000289916992,1.297008752822876,5.561435699462891,2.3250036239624023,1.5773873329162598,0.28912413120269775,0.008179266937077045
-20.0939998626709,11.246000289916992,1.1097941398620605,2.2500429153442383,0.09534284472465515,0.11098389327526093,-0.2265239953994751,0.9916310906410217
-20.0939998626709,11.246000289916992,1.0703446865081787,4.392053604125977,0.5226073265075684,7.167870998382568,0.42657217383384705,0.0001895683235488832
-20.0939998626709,12.246000289916992,1.2542874813079834,5.2573370933532715,0.8554874062538147,1.8393840789794922,-0.0362108089029789,0.0010662184795364738
-20.0939998626709,12.246000289916992,1.3176324367523193,2.1823031902313232,0.06397547572851181,0.05290476232767105,-0.2111145704984665,0.9987928867340088
-20.0939998626709,12.246000289916992,1.5244441032409668,0.459013432264328,0.7844341993331909,0.8536866307258606,0.05189070478081703,0.00014080319670028985
-20.0939998626709,13.246000289916992,1.018388271331787,4.786709785461426,0.3468286395072937,2.0723421573638916,0.3523250222206116,0.00022691396588925272
-20.0939998626709,13.246000289916992,1.1948589086532593,2.2613728046417236,0.10856429487466812,0.09357387572526932,0.1667986512184143,0.9994919300079346
-20.0939998626709,13.246000289916992,0.9863748550415039,5.412209510803223,0.08729510754346848,0.283947616815567,-0.05043867230415344,0.0002812095044646412
-20.0939998626709,14.246000289916992,1.3747584819793701,1.8302574157714844,1.250367522239685,0.985615074634552,0.2516556978225708,0.016086870804429054
-20.0939998626709,14.246000289916992,1.1971490383148193,2.311190128326416,0.09521892666816711,0.05981229245662689,0.05292927473783493,0.9783713817596436
-20.0939998626709,14.246000289916992,0.9817586541175842,4.870635509490967,0.1150127425789833,0.6792579889297485,0.13785338401794434,0.00554166454821825
-20.0939998626709,15.246000289916992,1.1729257106781006,0.5846752524375916,1.7196781635284424,2.695779323577881,0.1043500229716301,0.0006484984187409282
-20.0939998626709,15.246000289916992,0.9752309918403625,2.4317097663879395,0.045453641563653946,0.01999950222671032,0.09670529514551163,0.9973132014274597
-20.0939998626709,15.246000289916992,1.042895793914795,5.7466044425964355,0.13979849219322205,0.15668189525604248,-0.0033866746816784143,0.00203828327357769
-20.0939998626709,16.246000289916992,0.9372408390045166,5.280001640319824,0.6111545562744141,5.142643928527832,0.0944681391119957,0.0018752813339233398
-20.0939998626709,16.246000289916992,1.026089072227478,2.415710687637329,0.06390094757080078,0.02208150364458561,-0.08080784976482391,0.9589036703109741
-20.0939998626709,16.246000289916992,0.8770762085914612,5.654160976409912,0.07033726572990417,0.15506447851657867,0.02101016417145729,0.03922109678387642
-20.0939998626709,19.246000289916992,1.2149574756622314,3.970027446746826,0.7144240140914917,1.3549633026123047,0.09813928604125977,0.26566755771636963
-20.0939998626709,19.246000289916992,1.1887626647949219,2.573953151702881,0.119036003947258,0.05943252518773079,-0.10279940068721771,0.4323870539665222
-20.0939998626709,19.246000289916992,1.1343715190887451,5.920045375823975,0.09085831791162491,0.14566372334957123,-0.08936891704797745,0.30194541811943054
-20.0939998626709,20.246000289916992,1.3901994228363037,3.044112205505371,0.9401859641075134,0.9427735805511475,0.017463481053709984,0.014817767776548862
-20.0939998626709,20.246000289916992,1.051249623298645,2.3075098991394043,0.06592812389135361,0.04769395664334297,-0.016207557171583176,0.9391883015632629
-20.0939998626709,20.246000289916992,1.3672528266906738,5.4851393699646,0.10866145044565201,0.08740033954381943,0.027871493250131607,0.045993905514478683
-19.0939998626709,-11.753999710083008,0.6838209629058838,2.924664258956909,0.1094551682472229,0.9766764640808105,0.1954999566078186,0.0716140940785408
-19.0939998626709,-11.753999710083008,0.347794771194458,3.193810224533081,0.1761937290430069,2.661078453063965,0.005445944610983133,0.0032140156254172325
-19.0939998626709,-11.753999710083008,0.6565386056900024,4.3515520095825195,0.034138213843107224,0.07106520980596542,0.05763671547174454,0.9251719117164612
-19.0939998626709,-10.753999710083008,0.6973932981491089,4.658832550048828,0.09880287200212479,0.6726716160774231,-0.05471881851553917,0.060586459934711456
-19.0939998626709,-10.753999710083008,0.5280085206031799,2.798269748687744,0.05532877892255783,1.2889434099197388,-0.3065486252307892,0.017473315820097923
-19.0939998626709,-10.753999710083008,0.6302021145820618,4.259751319885254,0.011041388846933842,0.16150645911693573,0.0768926590681076,0.921940267086029
-19.0939998626709,-9.753999710083008,0.9139001965522766,1.3541020154953003,0.06777288019657135,0.9957295060157776,-0.14401982724666595,0.4555952250957489
-19.0939998626709,-9.753999710083008,0.6633402109146118,2.6398816108703613,0.0542430505156517,1.8062570095062256,-0.12415127456188202,0.5093213319778442
-19.0939998626709,-9.753999710083008,0.6826775670051575,4.498867988586426,0.025555308908224106,0.2706441879272461,-0.10790914297103882,0.03508344665169716
-19.0939998626709,-8.753999710083008,1.2912096977233887,0.1131235808134079,0.2787802815437317,1.082139015197754,-0.25822269916534424,0.12179683893918991
-19.0939998626709,-8.753999710083008,0.7611812353134155,1.0076515674591064,0.019705191254615784,0.26752617955207825,-0.15185026824474335,0.7472293376922607
-19.0939998626709,-8.753999710083008,0.8329368829727173,4.036228179931641,0.024294564500451088,0.31120580434799194,-0.0302126482129097,0.13097378611564636
-19.0939998626709,-7.754000186920166,0.9354997873306274,3.4578425884246826,0.017039764672517776,0.17619846761226654,-0.28467732667922974,0.753633439540863
-19.0939998626709,-7.754000186920166,0.8423171043395996,0.19778649508953094,0.043285466730594635,0.37688159942626953,0.2883906960487366,0.100022092461586
-19.0939998626709,-7.754000186920166,0.8605099320411682,4.247967720031738,0.036815475672483444,0.08233963698148727,0.2934868037700653,0.14634445309638977
-19.0939998626709,-6.754000186920166,1.0832115411758423,4.040043354034424,0.48755988478660583,1.5152287483215332,-0.02301415614783764,0.27331864833831787
-19.0939998626709,-6.754000186920166,1.031427264213562,3.1103546619415283,0.07936554402112961,0.18650585412979126,-0.02774011343717575,0.46899858117103577
-19.0939998626709,-6.754000186920166,1.0819942951202393,6.2218194007873535,0.055442024022340775,0.11322224140167236,-0.1711941510438919,0.25768280029296875
-19.0939998626709,-5.754000186920166,1.1079707145690918,2.652320384979248,0.3814086318016052,1.2159955501556396,-0.08971664309501648,0.07497023046016693
-19.0939998626709,-5.754000186920166,1.0881999731063843,3.4104926586151123,0.08603529632091522,0.17278222739696503,0.01932455040514469,0.6792579889297485
-19.0939998626709,-5.754000186920166,1.1894571781158447,0.3230220377445221,0.0758342295885086,0.03531039506196976,-0.09603690356016159,0.24577181041240692
-19.0939998626709,-4.754000186920166,1.0681655406951904,1.850977897644043,0.15786118805408478,2.1033377647399902,0.11947748064994812,0.060006871819496155
-19.0939998626709,-4.754000186920166,0.9546982645988464,3.646702766418457,0.05359697714447975,0.061831794679164886,0.04749768599867821,0.27304914593696594
-19.0939998626709,-4.754000186920166,0.9312829375267029,0.5767956376075745,0.0381786935031414,0.031202977523207664,0.025824205949902534,0.6669439673423767
-19.0939998626709,-3.753999948501587,1.0321261882781982,1.9777250289916992,0.27109405398368835,1.9762732982635498,0.18502677977085114,0.009990787133574486
-19.0939998626709,-3.753999948501587,0.847879946231842,3.8255503177642822,0.040810491889715195,0.026749661192297935,0.13924312591552734,0.405563086271286
-19.0939998626709,-3.753999948501587,0.8865781426429749,0.9066774249076843,0.05532970279455185,0.10501081496477127,-0.07038634270429611,0.584446132183075
-19.0939998626709,-2.753999948501587,0.8360495567321777,5.97894811630249,0.056756358593702316,2.6572697162628174,0.029203809797763824,0.07607221603393555
-19.0939998626709,-2.753999948501587,1.04539155960083,4.09804105758667,0.07164829969406128,0.07709252834320068,0.049061261117458344,0.6472854018211365
-19.0939998626709,-2.753999948501587,1.0478365421295166,1.1697556972503662,0.061238206923007965,0.05402195453643799,-0.27458956837654114,0.276642382144928
-19.0939998626709,-1.753999948501587,1.1755783557891846,4.6321306228637695,0.09597257524728775,0.42068570852279663,-0.21214954555034637,0.6350982785224915
-19.0939998626709,-1.753999948501587,0.9245631098747253,1.583996057510376,0.05374141409993172,0.2507682144641876,-0.18713825941085815,0.295367568731308
-19.0939998626709,-1.753999948501587,0.8898389935493469,5.093512535095215,0.06843329966068268,1.065981388092041,0.06183010712265968,0.06953413039445877
-19.0939998626709,-0.7540000081062317,1.145137071609497,6.1220784187316895,0.11484378576278687,1.2904913425445557,-0.02370346523821354,0.3614603281021118
-19.0939998626709,-0.7540000081062317,1.0852895975112915,2.8699257373809814,0.10335440933704376,0.2833297550678253,-0.10768738389015198,0.3430821895599365
-19.0939998626709,-0.7540000081062317,1.2627739906311035,0.19374731183052063,0.09127555787563324,0.060379765927791595,-0.19786565005779266,0.2954574525356293
-19.0939998626709,0.2460000067949295,1.0026001930236816,5.005492210388184,0.12937508523464203,1.4766067266464233,-0.17964482307434082,0.15011750161647797
-19.0939998626709,0.2460000067949295,0.9067938923835754,2.3891775608062744,0.06150125339627266,0.2638259530067444,-0.42186546325683594,0.8429079651832581
-19.0939998626709,0.2460000067949295,0.8345450162887573,5.011006832122803,0.03374210745096207,2.1629762649536133,-0.002972656162455678,0.006974583491683006
-19.0939998626709,1.246000051498413,0.9192667007446289,0.6405920386314392,0.4268122613430023,1.279241919517517,-0.08488880097866058,0.11836625635623932
-19.0939998626709,1.246000051498413,0.5332395434379578,2.9745562076568604,0.022514209151268005,0.2790233790874481,0.08227357268333435,0.7548739314079285
-19.0939998626709,1.246000051498413,0.687466025352478,5.637428283691406,0.024030447006225586,0.32484960556030273,0.06575390696525574,0.126759871840477
-19.0939998626709,2.246000051498413,0.9009308815002441,5.737024307250977,0.19208188354969025,2.0498316287994385,0.024926623329520226,0.17463450133800507
-19.0939998626709,2.246000051498413,0.8353405594825745,2.5010933876037598,0.06076100841164589,0.07039707899093628,0.17861293256282806,0.5735552906990051
-19.0939998626709,2.246000051498413,0.9432547092437744,5.825756072998047,0.06938482820987701,0.07641634345054626,0.06981240957975388,0.251810222864151
-19.0939998626709,3.246000051498413,1.011702299118042,0.6006574630737305,0.18448780477046967,2.2415459156036377,-0.014975656755268574,0.04895535483956337
-19.0939998626709,3.246000051498413,1.1199785470962524,3.0127205848693848,0.08302617818117142,0.07529529929161072,-0.019414467737078667,0.5718154907226562
-19.0939998626709,3.246000051498413,1.2821458578109741,6.177844047546387,0.08864457160234451,0.022809000685811043,0.13452547788619995,0.37922921776771545
-19.0939998626709,4.245999813079834,0.9275293946266174,5.946999549865723,0.08097315579652786,2.1584179401397705,-0.018065504729747772,0.044596295803785324
-19.0939998626709,4.245999813079834,1.115721344947815,3.0597245693206787,0.06334473937749863,0.08280159533023834,0.13497720658779144,0.6204468607902527
-19.0939998626709,4.245999813079834,1.3275564908981323,6.281871795654297,0.09989674389362335,0.03982236236333847,0.14248476922512054,0.3349567651748657
-19.0939998626709,5.245999813079834,1.087456464767456,6.091408729553223,0.13415861129760742,1.454519510269165,0.06732688844203949,0.13622425496578217
-19.0939998626709,5.245999813079834,1.087463140487671,3.1587064266204834,0.06867951899766922,0.1492941677570343,0.2582821846008301,0.5258994698524475
-19.0939998626709,5.245999813079834,1.3226826190948486,0.049407098442316055,0.08202485740184784,0.03052816167473793,0.01897525042295456,0.3378763198852539
-19.0939998626709,6.245999813079834,0.983127236366272,5.739116668701172,0.19642291963100433,1.7374944686889648,0.14422796666622162,0.09101596474647522
-19.0939998626709,6.245999813079834,1.0063661336898804,3.458000421524048,0.10013414919376373,0.21329832077026367,0.16846737265586853,0.48019614815711975
-19.0939998626709,6.245999813079834,1.213058590888977,0.17126405239105225,0.10985836386680603,0.07385258376598358,-0.06205926090478897,0.42878779768943787
-19.0939998626709,7.245999813079834,0.9900890588760376,0.7005722522735596,0.12891627848148346,1.8581382036209106,0.11423204839229584,0.1440659463405609
-19.0939998626709,7.245999813079834,1.085801124572754,3.7607853412628174,0.10761765390634537,0.1488887518644333,0.19306086003780365,0.5793777704238892
-19.0939998626709,7.245999813079834,1.2380602359771729,0.5588536858558655,0.09814687073230743,0.0932835191488266,-0.04264404624700546,0.2765563130378723
-19.0939998626709,8.246000289916992,1.1786041259765625,5.78515625,0.4647989273071289,2.6345126628875732,0.19278745353221893,0.13259674608707428
-19.0939998626709,8.246000289916992,1.1888139247894287,4.0106282234191895,0.08803354948759079,0.052295807749032974,0.00825430080294609,0.5500265955924988
-19.0939998626709,8.246000289916992,1.2074493169784546,0.7870948910713196,0.06714677810668945,0.05622730031609535,-0.006698218174278736,0.31737664341926575
-19.0939998626709,9.246000289916992,1.2190322875976562,6.0195770263671875,0.4691216051578522,2.1022510528564453,0.11519210040569305,0.10798006504774094
-19.0939998626709,9.246000289916992,1.1813740730285645,4.0868239402771,0.08189176768064499,0.05282684415578842,0.03869776427745819,0.38906940817832947
-19.0939998626709,9.246000289916992,1.3386236429214478,0.7488316297531128,0.080782450735569,0.030074721202254295,-0.13380607962608337,0.5029505491256714
-19.0939998626709,10.246000289916992,1.1026546955108643,4.691200256347656,0.13790875673294067,0.7070451378822327,0.14302118122577667,0.474903404712677
-19.0939998626709,10.246000289916992,1.058025598526001,2.6060478687286377,0.11157167702913284,0.41694751381874084,-0.04955540969967842,0.18526704609394073
-19.0939998626709,10.246000289916992,1.2068705558776855,1.3139454126358032,0.117159903049469,0.07847557216882706,-0.12105566263198853,0.3398295044898987
-19.0939998626709,11.246000289916992,1.2942390441894531,5.503490924835205,1.1104087829589844,1.4373241662979126,0.21662288904190063,0.02552902139723301
-19.0939998626709,11.246000289916992,1.2197421789169312,2.1131374835968018,0.09436368197202682,0.08198614418506622,-0.09001569449901581,0.9691078066825867
-19.0939998626709,11.246000289916992,1.2066513299942017,5.208127021789551,0.23512223362922668,0.7903559803962708,0.20760412514209747,0.005363105330616236
-19.0939998626709,12.246000289916992,0.9919264912605286,5.061172008514404,0.1641823649406433,1.396144151687622,0.035667937248945236,0.017998114228248596
-19.0939998626709,12.246000289916992,1.2079206705093384,2.237218141555786,0.08997111767530441,0.05867820233106613,-0.16368359327316284,0.981836199760437
-19.0939998626709,12.246000289916992,1.2693135738372803,0.03205760195851326,0.7205432653427124,1.3688019514083862,0.008099748753011227,0.00016575667541474104
-19.0939998626709,13.246000289916992,0.9660427570343018,0.2965909242630005,0.10302584618330002,0.9902734160423279,0.1246115118265152,0.010456723161041737
-19.0939998626709,13.246000289916992,1.1210079193115234,2.2531986236572266,0.09479104727506638,0.056989558041095734,0.059767261147499084,0.9889464974403381
-19.0939998626709,13.246000289916992,1.1447521448135376,5.579875946044922,0.1858370155096054,0.2553165555000305,0.005648765247315168,0.0005967176402918994
-19.0939998626709,14.246000289916992,1.1009585857391357,2.663235664367676,0.38922956585884094,0.8652949333190918,0.1346508413553238,0.057997096329927444
-19.0939998626709,14.246000289916992,0.8821429014205933,2.1872849464416504,0.06404091417789459,0.0800948441028595,0.24252934753894806,0.9373522400856018
-19.0939998626709,14.246000289916992,0.8599186539649963,6.083440780639648,0.241848424077034,0.36778372526168823,0.2759638726711273,0.004650643095374107
-19.0939998626709,15.246000289916992,0.9453632235527039,0.31327804923057556,0.7112048864364624,2.7119650840759277,0.10804863274097443,0.02610928565263748
-19.0939998626709,15.246000289916992,0.8227636814117432,2.665259599685669,0.07871837168931961,0.08256012946367264,-0.016277220100164413,0.9577279686927795
-19.0939998626709,15.246000289916992,0.937944233417511,5.610723495483398,0.11326811462640762,0.12781009078025818,0.004797450266778469,0.016162706539034843
-19.0939998626709,16.246000289916992,0.8409669399261475,4.170112609863281,0.5686739683151245,2.75545072555542,0.10798436403274536,0.000903850537724793
-19.0939998626709,16.246000289916992,1.1076298952102661,3.173792600631714,0.10974909365177155,0.026371099054813385,-0.16504116356372833,0.9898770451545715
-19.0939998626709,16.246000289916992,0.8839312791824341,5.6227617263793945,0.12163031101226807,0.2925229072570801,-0.055641911923885345,0.009219029918313026
-19.0939998626709,17.246000289916992,1.188825011253357,4.65562629699707,0.15815046429634094,1.4407991170883179,0.060224518179893494,0.003804377745836973
-19.0939998626709,17.246000289916992,1.1876370906829834,2.1882669925689697,0.06837096810340881,0.08658591657876968,0.21947507560253143,0.9943625926971436
-19.0939998626709,17.246000289916992,1.1417399644851685,5.093111038208008,0.09136798232793808,0.13851602375507355,0.13159260153770447,0.001833043061196804
-19.0939998626709,18.246000289916992,1.2175347805023193,0.5596066117286682,0.6213078498840332,1.7802579402923584,0.04906328767538071,0.000572623626794666
-19.0939998626709,18.246000289916992,1.0789768695831299,3.099583387374878,0.00824282318353653,0.002097503514960408,-0.11326168477535248,0.9992407560348511
-19.0939998626709,18.246000289916992,1.0594604015350342,5.161218643188477,0.15968292951583862,0.4881781041622162,0.2023269683122635,0.00018664801609702408
-19.0939998626709,19.246000289916992,1.0828263759613037,2.567453145980835,0.35507267713546753,1.3752458095550537,0.1456802934408188,0.06787344068288803
-19.0939998626709,19.246000289916992,1.1555891036987305,2.2123312950134277,0.07487046718597412,0.03812190145254135,0.0299469493329525,0.9160048961639404
-19.0939998626709,19.246000289916992,1.1928210258483887,6.101116180419922,0.16564302146434784,0.24357540905475616,0.011024408973753452,0.01612159237265587
-19.0939998626709,20.246000289916992,1.3314056396484375,2.1401798725128174,0.6239079833030701,1.0598400831222534,0.09211309254169464,0.048719555139541626
-19.0939998626709,20.246000289916992,0.9586350321769714,2.3865225315093994,0.07985547184944153,0.08247020840644836,0.05024081841111183,0.9492046236991882
-19.0939998626709,20.246000289916992,1.153766393661499,5.577633857727051,0.1418701410293579,0.2826251983642578,0.07421954721212387,0.0020758332684636116
-19.0939998626709,21.246000289916992,1.0829322338104248,3.634256362915039,0.0430886372923851,0.473236620426178,-0.06464361399412155,0.31179240345954895
-19.0939998626709,21.246000289916992,1.0472440719604492,2.2662606239318848,0.11069545149803162,0.08679177612066269,0.17910876870155334,0.6865856647491455
-19.0939998626709,21.246000289916992,1.1295182704925537,5.397904872894287,0.11754138767719269,0.36143043637275696,0.13110136985778809,0.0016219615936279297
-18.0939998626709,-11.753999710083008,0.7083160877227783,3.5671284198760986,0.028379756957292557,0.37293243408203125,0.03076818399131298,0.7399407029151917
-18.0939998626709,-11.753999710083008,0.5463902950286865,1.9336016178131104,0.04953232407569885,0.8985766768455505,-0.005257328972220421,0.03129638731479645
-18.0939998626709,-11.753999710083008,0.7215293049812317,5.3524065017700195,0.019516894593834877,0.10668166726827621,-0.06770677864551544,0.22876287996768951
-18.0939998626709,-10.753999710083008,0.923457682132721,4.571415901184082,0.30027124285697937,0.8258004188537598,-0.03456946834921837,0.03482815623283386
-18.0939998626709,-10.753999710083008,0.5292695164680481,2.1147713661193848,0.05685083568096161,2.0520286560058594,-0.08914448320865631,0.021908247843384743
-18.0939998626709,-10.753999710083008,0.6220250129699707,4.503876209259033,0.015211286954581738,0.3904300034046173,-0.07820991426706314,0.943263590335846
-18.0939998626709,-9.753999710083008,0.8579007983207703,4.549790859222412,0.06581321358680725,1.4497627019882202,0.010446176864206791,0.6088118553161621
-18.0939998626709,-9.753999710083008,0.6138147711753845,1.4697692394256592,0.036969877779483795,0.9181958436965942,0.059785790741443634,0.279407799243927
-18.0939998626709,-9.753999710083008,0.7673880457878113,4.701345920562744,0.03432471677660942,0.26204100251197815,0.13472308218479156,0.11178040504455566
-18.0939998626709,-8.753999710083008,1.1619096994400024,0.08415649831295013,0.12206001579761505,0.9297995567321777,-0.0315525159239769,0.2611168622970581
-18.0939998626709,-8.753999710083008,0.8700436949729919,1.0967141389846802,0.060119420289993286,0.3959501087665558,-0.060296472162008286,0.4166968762874603
-18.0939998626709,-8.753999710083008,0.8918969631195068,4.526471138000488,0.03335188701748848,0.18686018884181976,0.19801191985607147,0.32218626141548157
-18.0939998626709,-7.754000186920166,1.0766830444335938,5.670650959014893,0.06553582102060318,0.6136064529418945,-0.15541568398475647,0.2621302008628845
-18.0939998626709,-7.754000186920166,0.9007740616798401,1.028367042541504,0.0419221967458725,0.21708247065544128,-0.08889676630496979,0.17822587490081787
-18.0939998626709,-7.754000186920166,0.9194852113723755,4.348045349121094,0.02332466095685959,0.08059223741292953,0.157893106341362,0.5596438646316528
-18.0939998626709,-6.754000186920166,1.0080225467681885,4.203563690185547,0.041444577276706696,1.0015360116958618,-0.007771014701575041,0.4878576993942261
-18.0939998626709,-6.754000186920166,0.8650444149971008,2.278472661972046,0.05858404189348221,0.39014896750450134,0.19449324905872345,0.35735923051834106
-18.0939998626709,-6.754000186920166,1.2909531593322754,5.930647373199463,0.11617963761091232,0.037969328463077545,-0.11725675314664841,0.15478304028511047
-18.0939998626709,-5.754000186920166,1.025710105895996,5.204606533050537,0.08501269668340683,0.6760847568511963,-0.07685232162475586,0.16592073440551758
-18.0939998626709,-5.754000186920166,1.0058811902999878,3.264400005340576,0.08111634105443954,0.3867684304714203,-0.07793712615966797,0.5071613788604736
-18.0939998626709,-5.754000186920166,1.2956806421279907,0.2945984899997711,0.08240102231502533,0.0184903796762228,-0.15721499919891357,0.32691794633865356
-18.0939998626709,-4.754000186920166,1.091850757598877,5.79608154296875,0.14256657660007477,1.8805322647094727,0.15671196579933167,0.3287939727306366
-18.0939998626709,-4.754000186920166,0.8914955854415894,3.67033052444458,0.04827725887298584,0.13914862275123596,0.30571311712265015,0.2639014720916748
-18.0939998626709,-4.754000186920166,1.089950680732727,0.4541659355163574,0.04716930910944939,0.03429301083087921,-0.12000284343957901,0.407304584980011
-18.0939998626709,-3.753999948501587,1.0245835781097412,0.8966275453567505,0.06896522641181946,1.5651360750198364,-0.008257895708084106,0.2830564081668854
-18.0939998626709,-3.753999948501587,1.0825116634368896,3.7927627563476562,0.15697522461414337,0.4597558081150055,-0.0023870260920375586,0.3725106120109558
-18.0939998626709,-3.753999948501587,1.1056782007217407,0.8394684195518494,0.08142184466123581,0.15074138343334198,-0.07801695913076401,0.3444330394268036
-18.0939998626709,-2.753999948501587,0.8867225050926208,5.023000240325928,0.02454819157719612,1.3943519592285156,0.06912048161029816,0.7244892120361328
-18.0939998626709,-2.753999948501587,0.9697524309158325,4.284022808074951,0.1270955204963684,0.8965052366256714,0.29226091504096985,0.09045569598674774
-18.0939998626709,-2.753999948501587,1.1837862730026245,1.7018390893936157,0.0946224257349968,0.08136973530054092,-0.15269283950328827,0.18505507707595825
-18.0939998626709,-1.753999948501587,1.0076639652252197,4.662497043609619,0.05604908615350723,0.6599343419075012,0.10093056410551071,0.5407233834266663
-18.0939998626709,-1.753999948501587,0.8576894998550415,2.4630043506622314,0.08446942269802094,0.4403972029685974,-0.03221985325217247,0.287709504365921
-18.0939998626709,-1.753999948501587,1.0879268646240234,0.545464813709259,0.14034375548362732,0.3190731406211853,0.0268107820302248,0.1715671271085739
-18.0939998626709,-0.7540000081062317,1.24469792842865,5.401551723480225,0.14497126638889313,1.018631100654602,0.11856406182050705,0.4422442317008972
-18.0939998626709,-0.7540000081062317,1.0443403720855713,2.006243944168091,0.19260160624980927,2.7612476348876953,-0.3386194407939911,0.38182106614112854
-18.0939998626709,-0.7540000081062317,0.8784283995628357,4.869193077087402,0.05412714183330536,1.590956211090088,-0.021728390827775,0.17593470215797424
-18.0939998626709,0.2460000067949295,1.1736180782318115,5.430574417114258,0.1816370040178299,1.4346486330032349,0.17691031098365784,0.38950762152671814
-18.0939998626709,0.2460000067949295,0.9381418824195862,2.1805994510650635,0.09117628633975983,0.40220674872398376,-0.35846182703971863,0.5025928020477295
-18.0939998626709,0.2460000067949295,1.0260403156280518,5.148693084716797,0.08356424421072006,0.2474859654903412,0.0038903397507965565,0.10789951682090759
-18.0939998626709,1.246000051498413,0.972672164440155,3.6977627277374268,0.11566749960184097,1.0189101696014404,0.08511845767498016,0.18842998147010803
-18.0939998626709,1.246000051498413,0.968018651008606,2.4453649520874023,0.12245529890060425,0.235800638794899,-0.1341084986925125,0.5227744579315186
-18.0939998626709,1.246000051498413,0.9670094847679138,5.298015594482422,0.08026108145713806,0.18065591156482697,-0.021270791068673134,0.2887956202030182
-18.0939998626709,2.246000051498413,0.9720087051391602,5.056984901428223,0.21460165083408356,2.1942434310913086,0.06101832911372185,0.2533191442489624
-18.0939998626709,2.246000051498413,0.9590580463409424,2.6126151084899902,0.09621012955904007,0.13189320266246796,0.091474749147892,0.5948913097381592
-18.0939998626709,2.246000051498413,1.0810176134109497,5.859506130218506,0.07473163306713104,0.03851651772856712,0.08086805790662766,0.15178963541984558
-18.0939998626709,3.246000051498413,1.0034204721450806,0.40016061067581177,0.14437682926654816,1.795953392982483,-0.001623491058126092,0.11839007586240768
-18.0939998626709,3.246000051498413,1.083938479423523,2.868028163909912,0.10607046633958817,0.11225885897874832,0.048240020871162415,0.6050819158554077
-18.0939998626709,3.246000051498413,1.3102256059646606,6.141910076141357,0.09693945199251175,0.020383011549711227,0.13932238519191742,0.2765279710292816
-18.0939998626709,4.245999813079834,0.9661785960197449,5.615786075592041,0.096448615193367,1.8852379322052002,0.003196739125996828,0.07167504727840424
-18.0939998626709,4.245999813079834,1.1184712648391724,3.035287380218506,0.07047699391841888,0.08986978232860565,0.044778820127248764,0.5633517503738403
-18.0939998626709,4.245999813079834,1.2650843858718872,6.221993923187256,0.08007480204105377,0.03687442094087601,-0.013904672116041183,0.36497315764427185
-18.0939998626709,5.245999813079834,1.222159504890442,6.137649059295654,0.22082586586475372,1.71395742893219,0.10756880044937134,0.24714268743991852
-18.0939998626709,5.245999813079834,1.1190778017044067,3.1332509517669678,0.07019194215536118,0.15516813099384308,0.2121700644493103,0.5196934342384338
-18.0939998626709,5.245999813079834,1.293828010559082,0.024287153035402298,0.063630610704422,0.024083318188786507,-0.024828225374221802,0.23316384851932526
-18.0939998626709,6.245999813079834,1.011210322380066,5.475505828857422,0.11268912255764008,1.483868956565857,0.06754116714000702,0.2226754128932953
-18.0939998626709,6.245999813079834,1.095350742340088,3.4809072017669678,0.1016765758395195,0.2803418040275574,0.18754355609416962,0.621198296546936
-18.0939998626709,6.245999813079834,1.3638958930969238,6.155888080596924,0.09466667473316193,0.02820737101137638,-0.1482723355293274,0.15612629055976868
-18.0939998626709,7.245999813079834,0.8090320825576782,6.135373592376709,0.04313536360859871,1.4232134819030762,0.014536245726048946,0.5224944353103638
-18.0939998626709,7.245999813079834,1.0240058898925781,3.50671124458313,0.1911991983652115,0.5680596232414246,0.11727115511894226,0.34045466780662537
-18.0939998626709,7.245999813079834,1.1181939840316772,0.29351097345352173,0.09884108603000641,0.08451613783836365,-0.17157380282878876,0.13705094158649445
-18.0939998626709,8.246000289916992,0.9702406525611877,0.10390724241733551,0.08985878527164459,1.8499290943145752,0.05221133679151535,0.2873290777206421
-18.0939998626709,8.246000289916992,1.0657740831375122,3.9106216430664062,0.058031678199768066,0.05590527132153511,0.05012756586074829,0.5092746615409851
-18.0939998626709,8.246000289916992,1.172856092453003,0.5521807670593262,0.059970322996377945,0.045131415128707886,-0.09526006877422333,0.2033962905406952
-18.0939998626709,9.246000289916992,1.1340444087982178,0.6020027995109558,0.1957024484872818,1.8535938262939453,0.07048778980970383,0.2861902117729187
-18.0939998626709,9.246000289916992,1.1820483207702637,4.0930891036987305,0.05748216435313225,0.026189357042312622,-0.02653374895453453,0.48478129506111145
-18.0939998626709,9.246000289916992,1.245019555091858,0.712055504322052,0.05352785065770149,0.020931214094161987,-0.1544439196586609,0.22902850806713104
-18.0939998626709,10.246000289916992,1.2573820352554321,1.4382985830307007,0.27090153098106384,2.784176826477051,0.11930407583713531,0.198299378156662
-18.0939998626709,10.246000289916992,1.251590371131897,4.150058746337891,0.07741035521030426,0.04181608185172081,0.05474754422903061,0.47557783126831055
-18.0939998626709,10.246000289916992,1.2767775058746338,0.8539634943008423,0.05466912314295769,0.020490244030952454,-0.1354541778564453,0.32612279057502747
-18.0939998626709,11.246000289916992,1.307657241821289,4.5968804359436035,0.33213627338409424,1.3405555486679077,0.1227428987622261,0.16297759115695953
-18.0939998626709,11.246000289916992,1.055751919746399,2.598606586456299,0.09145598858594894,0.4596813917160034,0.1626128852367401,0.7596270442008972
-18.0939998626709,11.246000289916992,1.2051784992218018,0.41451436281204224,0.13212229311466217,0.05556283891201019,-0.055391162633895874,0.07739532738924026
-18.0939998626709,12.246000289916992,0.7906323075294495,5.097130298614502,0.05162036418914795,1.5060129165649414,0.12338771671056747,0.041085753589868546
-18.0939998626709,12.246000289916992,1.138080358505249,2.4333996772766113,0.08908523619174957,0.06758557260036469,-0.06430614739656448,0.9587587714195251
-18.0939998626709,12.246000289916992,1.0884674787521362,5.535027503967285,0.2900771200656891,1.1627799272537231,0.0599677637219429,0.00015546598297078162
-18.0939998626709,13.246000289916992,0.9566602110862732,1.4814326763153076,0.05930377542972565,0.7794994115829468,0.007370748091489077,0.49685612320899963
-18.0939998626709,13.246000289916992,0.9647295475006104,2.108039140701294,0.08415187895298004,0.05406705290079117,-0.30880340933799744,0.49009034037590027
-18.0939998626709,13.246000289916992,1.117672324180603,5.858676433563232,0.2381548136472702,0.3670710325241089,0.11357767134904861,0.013053514063358307
-18.0939998626709,14.246000289916992,0.8488989472389221,2.405193567276001,0.07913388311862946,1.0151208639144897,0.12899719178676605,0.045005954802036285
-18.0939998626709,14.246000289916992,0.8602081537246704,2.038473129272461,0.058995526283979416,0.041092053055763245,0.1397588551044464,0.9543220400810242
-18.0939998626709,14.246000289916992,0.9537891149520874,1.0656139850616455,0.6118364930152893,0.3526073098182678,0.39447176456451416,0.0006719637312926352
-18.0939998626709,15.246000289916992,0.6603029370307922,3.0133609771728516,0.0629887804389,2.0863306522369385,-0.14096951484680176,0.0037849298678338528
-18.0939998626709,15.246000289916992,0.7414097189903259,2.109640598297119,0.05445215851068497,0.13723884522914886,0.4246390461921692,0.9959379434585571
-18.0939998626709,15.246000289916992,0.7658576369285583,0.8102615475654602,0.22443562746047974,0.42235493659973145,-0.252640962600708,0.00027707265689969063
-18.0939998626709,16.246000289916992,1.1252686977386475,1.832794427871704,0.6395435929298401,0.8871377110481262,0.0663897693157196,0.002139548771083355
-18.0939998626709,16.246000289916992,1.1454575061798096,2.297938585281372,0.08085540682077408,0.08716496080160141,-0.17358335852622986,0.9199150800704956
-18.0939998626709,16.246000289916992,1.2510932683944702,1.1713379621505737,0.18060748279094696,0.2548263370990753,-0.0870392769575119,0.07794537395238876
-18.0939998626709,17.246000289916992,0.9246548414230347,0.006697149947285652,0.08035742491483688,1.061153531074524,-0.10057209432125092,0.020384926348924637
-18.0939998626709,17.246000289916992,1.1645445823669434,1.9769480228424072,0.10531994700431824,0.06413190811872482,0.3346770107746124,0.976576566696167
-18.0939998626709,17.246000289916992,1.0990183353424072,5.568389892578125,0.16859877109527588,0.17856436967849731,0.14999543130397797,0.0030384950805455446
-18.0939998626709,18.246000289916992,1.3094584941864014,1.7992095947265625,1.2204729318618774,1.584370493888855,-0.10270660370588303,0.004617583006620407
-18.0939998626709,18.246000289916992,1.1909488439559937,2.211498260498047,0.08663293719291687,0.05292906239628792,0.03728503733873367,0.9899410605430603
-18.0939998626709,18.246000289916992,1.303133487701416,0.5121841430664062,0.48433372378349304,0.11180419474840164,0.1691332906484604,0.0054413615725934505
-18.0939998626709,19.246000289916992,0.8546243906021118,5.230942249298096,0.04995345696806908,1.1090757846832275,-0.034055862575769424,0.03063599020242691
-18.0939998626709,19.246000289916992,1.0668308734893799,1.9517816305160522,0.09831800311803818,0.0701521560549736,0.35620468854904175,0.9673454761505127
-18.0939998626709,19.246000289916992,1.2046478986740112,6.210513591766357,0.2068004012107849,0.1383737325668335,-0.00026347709354013205,0.0020184642635285854
-18.0939998626709,20.246000289916992,1.1671855449676514,1.0368465185165405,0.2228090763092041,1.5362344980239868,0.04107484966516495,0.013409199193120003
-18.0939998626709,20.246000289916992,1.0734082460403442,2.2836787700653076,0.11307518929243088,0.10785751789808273,0.23408405482769012,0.985892117023468
-18.0939998626709,20.246000289916992,1.1288901567459106,5.449688911437988,0.17539425194263458,0.5133551359176636,0.11457867920398712,0.0006986851803958416
-18.0939998626709,21.246000289916992,1.2649277448654175,1.6791713237762451,0.16882392764091492,1.0861085653305054,-0.0501365065574646,0.015550928190350533
-18.0939998626709,21.246000289916992,1.0275521278381348,2.1611835956573486,0.11975051462650299,0.15474823117256165,0.15626944601535797,0.9835039377212524
-18.0939998626709,21.246000289916992,1.0278971195220947,5.412376880645752,0.1419747918844223,0.775847852230072,0.050706394016742706,0.0009450401412323117
-18.0939998626709,22.246000289916992,1.1689767837524414,2.85667085647583,0.05530097708106041,0.5838860869407654,-0.20543928444385529,0.023402666673064232
-18.0939998626709,22.246000289916992,1.0330960750579834,1.9827141761779785,0.1585838943719864,0.18662945926189423,0.0990903452038765,0.9750081896781921
-18.0939998626709,22.246000289916992,0.961650550365448,5.365162372589111,0.13354890048503876,0.8748478889465332,-0.010657533071935177,0.00158915133215487
-17.0939998626709,-12.753999710083008,0.7193326950073242,4.178391456604004,0.15303337574005127,1.3522306680679321,0.03323597088456154,0.03059004619717598
-17.0939998626709,-12.753999710083008,0.6152603030204773,2.8217804431915283,0.07634107768535614,0.46586671471595764,0.13375656306743622,0.04071608558297157
-17.0939998626709,-12.753999710083008,0.737569272518158,4.7580766677856445,0.03396813943982124,0.10827648639678955,0.009150736965239048,0.9286938905715942
-17.0939998626709,-11.753999710083008,0.7540391087532043,3.711493968963623,0.04236944392323494,0.4481552541255951,0.03310456871986389,0.3130105435848236
-17.0939998626709,-11.753999710083008,0.5815547704696655,1.6683610677719116,0.058435242623090744,0.7785027623176575,-0.003349470207467675,0.0172868799418211
-17.0939998626709,-11.753999710083008,0.7697689533233643,5.2155280113220215,0.01887352764606476,0.08673834055662155,-0.060800619423389435,0.6697025895118713
-17.0939998626709,-10.753999710083008,1.0851784944534302,5.187899589538574,0.37901607155799866,0.5822898149490356,0.04665711522102356,0.08033426851034164
-17.0939998626709,-10.753999710083008,0.6198791861534119,1.7733001708984375,0.07367660850286484,1.8845019340515137,0.10372883081436157,0.09181015193462372
-17.0939998626709,-10.753999710083008,0.6563609838485718,4.9600419998168945,0.023751424625515938,0.3701026737689972,-0.10192114114761353,0.8278555274009705
-17.0939998626709,-9.753999710083008,0.9129986763000488,3.56473445892334,0.09014024585485458,1.0661602020263672,0.07180152088403702,0.6066789627075195
-17.0939998626709,-9.753999710083008,0.6059324741363525,1.4191291332244873,0.023592079058289528,1.0038783550262451,-0.06994809955358505,0.2943134605884552
-17.0939998626709,-9.753999710083008,0.8239776492118835,4.676249980926514,0.037762951105833054,0.5800477266311646,0.19200143218040466,0.09900763630867004
-17.0939998626709,-8.753999710083008,1.1879830360412598,5.904212474822998,0.13786183297634125,1.0076215267181396,0.009637677110731602,0.39997825026512146
-17.0939998626709,-8.753999710083008,0.81727135181427,0.929833710193634,0.04615551233291626,0.49300041794776917,-0.18183834850788116,0.31898802518844604
-17.0939998626709,-8.753999710083008,0.9289907813072205,4.652085781097412,0.04453316703438759,0.36356300115585327,0.21490275859832764,0.2810336649417877
-17.0939998626709,-7.754000186920166,1.0883108377456665,5.7483954429626465,0.1065979152917862,0.8747953176498413,-0.12205703556537628,0.2888512909412384
-17.0939998626709,-7.754000186920166,0.8578370213508606,1.2089512348175049,0.055319834500551224,0.4404331147670746,-0.08789248019456863,0.21978358924388885
-17.0939998626709,-7.754000186920166,0.8806635141372681,4.620926856994629,0.02217421866953373,0.10417764633893967,0.0793984979391098,0.4913651943206787
-17.0939998626709,-6.754000186920166,1.0901836156845093,4.459582328796387,0.09472595900297165,0.9106976389884949,0.015295709483325481,0.35050615668296814
-17.0939998626709,-6.754000186920166,0.8204100131988525,1.8888685703277588,0.06860453635454178,1.1458275318145752,0.06285049021244049,0.40435391664505005
-17.0939998626709,-6.754000186920166,1.0333356857299805,5.121102333068848,0.03163076192140579,0.24167406558990479,0.0754302591085434,0.245139941573143
-17.0939998626709,-5.754000186920166,0.9822292327880859,4.543790340423584,0.06838055700063705,0.7159646153450012,0.03743290528655052,0.5244837403297424
-17.0939998626709,-5.754000186920166,0.8556334972381592,3.131892681121826,0.07745669037103653,0.9918822050094604,-0.11537252366542816,0.3180806040763855
-17.0939998626709,-5.754000186920166,1.115389108657837,0.2198510766029358,0.06827586889266968,0.04111764207482338,-0.12028168141841888,0.15743562579154968
-17.0939998626709,-4.754000186920166,1.1378147602081299,6.149127960205078,0.14779484272003174,1.744481086730957,0.11635523289442062,0.34686383605003357
-17.0939998626709,-4.754000186920166,1.0021934509277344,3.5533370971679688,0.06842781603336334,0.25654828548431396,0.2921106219291687,0.3158327639102936
-17.0939998626709,-4.754000186920166,1.3039875030517578,0.33715739846229553,0.06860954314470291,0.018892085179686546,-0.047604046761989594,0.33730337023735046
-17.0939998626709,-3.753999948501587,1.1275463104248047,5.884704113006592,0.084299236536026,1.0253549814224243,0.07891009747982025,0.46680131554603577
-17.0939998626709,-3.753999948501587,1.0308645963668823,3.1273272037506104,0.1064889132976532,0.8673292398452759,-0.048046957701444626,0.23031064867973328
-17.0939998626709,-3.753999948501587,1.152539849281311,0.8302513957023621,0.06990835070610046,0.14710497856140137,-0.02038395218551159,0.30288803577423096
-17.0939998626709,-2.753999948501587,0.9985512495040894,5.5775017738342285,0.05174528434872627,1.25571870803833,0.07846442610025406,0.6675524711608887
-17.0939998626709,-2.753999948501587,0.8973780274391174,3.448206663131714,0.08683488517999649,1.9066708087921143,0.41303855180740356,0.11700401455163956
-17.0939998626709,-2.753999948501587,1.0990992784500122,1.8589096069335938,0.059330008924007416,0.07414820790290833,-0.12123347073793411,0.21544349193572998
-17.0939998626709,-1.753999948501587,1.0869961977005005,4.9215240478515625,0.0616491474211216,1.0524932146072388,0.021774839609861374,0.5920671224594116
-17.0939998626709,-1.753999948501587,0.8789506554603577,1.9301927089691162,0.049313414841890335,0.42868494987487793,0.08773481100797653,0.18433119356632233
-17.0939998626709,-1.753999948501587,1.086493730545044,1.5119872093200684,0.049389731138944626,0.08263492584228516,-0.16090473532676697,0.22360163927078247
-17.0939998626709,-0.7540000081062317,1.18027663230896,5.140137672424316,0.27581602334976196,0.7971566915512085,0.15336529910564423,0.3099951446056366
-17.0939998626709,-0.7540000081062317,0.7909848690032959,2.2246830463409424,0.06720541417598724,1.6716680526733398,-0.4595184326171875,0.39155489206314087
-17.0939998626709,-0.7540000081062317,0.6911031007766724,4.269082069396973,0.019844897091388702,0.9280364513397217,0.13508255779743195,0.29844990372657776
-17.0939998626709,0.2460000067949295,0.9419655203819275,4.788369655609131,0.039929669350385666,1.0356709957122803,0.07939383387565613,0.5508702993392944
-17.0939998626709,0.2460000067949295,0.9047771692276001,2.204394817352295,0.09823323041200638,0.2685543894767761,-0.3028649687767029,0.33301809430122375
-17.0939998626709,0.2460000067949295,1.0590513944625854,5.334024429321289,0.1192716509103775,0.21092534065246582,-0.1200425922870636,0.1161116436123848
-17.0939998626709,1.246000051498413,1.0344678163528442,3.872114419937134,0.1498168408870697,1.3029738664627075,0.07111815363168716,0.09336500614881516
-17.0939998626709,1.246000051498413,0.9922972321510315,2.2791035175323486,0.08940169215202332,0.16726715862751007,-0.11859456449747086,0.5113510489463806
-17.0939998626709,1.246000051498413,0.9179551005363464,5.906857490539551,0.06094663217663765,0.23086820542812347,-0.14814803004264832,0.39528384804725647
-17.0939998626709,2.246000051498413,1.086517333984375,5.347640037536621,0.4154464304447174,2.01904296875,0.01639541983604431,0.14204169809818268
-17.0939998626709,2.246000051498413,0.9056709408760071,2.6025984287261963,0.0778752863407135,0.12278275936841965,0.005316675174981356,0.6804336905479431
-17.0939998626709,2.246000051498413,1.1250147819519043,5.958275318145752,0.08209540694952011,0.031937818974256516,0.028621861711144447,0.17752471566200256
-17.0939998626709,3.246000051498413,1.0446045398712158,5.786989212036133,0.19470252096652985,1.9468408823013306,-0.005193882156163454,0.13756874203681946
-17.0939998626709,3.246000051498413,1.1021658182144165,3.03307843208313,0.08281626552343369,0.11677692085504532,-0.014483777806162834,0.6614681482315063
-17.0939998626709,3.246000051498413,1.2991000413894653,6.165857791900635,0.08262621611356735,0.02157135307788849,-0.030920449644327164,0.2009631246328354
-17.0939998626709,4.245999813079834,1.050676941871643,5.465967178344727,0.1306452453136444,1.7049826383590698,0.025436600670218468,0.1515360325574875
-17.0939998626709,4.245999813079834,1.1425890922546387,3.0989739894866943,0.07103578001260757,0.07169148325920105,0.029772907495498657,0.5260953307151794
-17.0939998626709,4.245999813079834,1.2659101486206055,6.269241809844971,0.07226987183094025,0.02587589994072914,-0.039381422102451324,0.32236871123313904
-17.0939998626709,5.245999813079834,1.0947574377059937,6.017007827758789,0.12117160111665726,1.4409171342849731,0.03647145256400108,0.3843804895877838
-17.0939998626709,5.245999813079834,1.0611649751663208,3.120105028152466,0.08254139870405197,0.14640341699123383,0.20190581679344177,0.43365994095802307
-17.0939998626709,5.245999813079834,1.2243355512619019,0.14175626635551453,0.07350573688745499,0.024196146056056023,-0.01735730655491352,0.18195955455303192
-17.0939998626709,6.245999813079834,1.0013291835784912,5.5374650955200195,0.0713503360748291,1.335142731666565,0.038276828825473785,0.43604937195777893
-17.0939998626709,6.245999813079834,1.0591963529586792,3.2913262844085693,0.08693305402994156,0.3229341208934784,0.21547217667102814,0.4389795958995819
-17.0939998626709,6.245999813079834,1.3906234502792358,0.0493425577878952,0.09945998340845108,0.030434224754571915,-0.09724115580320358,0.124970942735672
-17.0939998626709,7.245999813079834,0.8698933720588684,5.281574249267578,0.038865409791469574,1.0962114334106445,0.008806982077658176,0.6352052092552185
-17.0939998626709,7.245999813079834,0.9848653674125671,3.0694313049316406,0.15566466748714447,0.7768734097480774,0.14701420068740845,0.22120775282382965
-17.0939998626709,7.245999813079834,1.1026805639266968,0.309766948223114,0.12056910991668701,0.15161195397377014,-0.13141900300979614,0.14358709752559662
-17.0939998626709,8.246000289916992,1.126589298248291,0.508581280708313,0.10547604411840439,1.757864236831665,0.06540323793888092,0.5187874436378479
-17.0939998626709,8.246000289916992,1.0549002885818481,3.7244534492492676,0.09577638655900955,0.5619345307350159,0.05494764447212219,0.404962956905365
-17.0939998626709,8.246000289916992,1.093422532081604,0.7312729358673096,0.06752359867095947,0.13158981502056122,-0.0750277116894722,0.07624968886375427
-17.0939998626709,9.246000289916992,1.1404006481170654,6.125810146331787,0.13634641468524933,1.668317198753357,0.057884182780981064,0.2434268444776535
-17.0939998626709,9.246000289916992,1.1273958683013916,3.5883543491363525,0.08810567855834961,0.4622071385383606,0.07107868045568466,0.593677282333374
-17.0939998626709,9.246000289916992,1.2409709692001343,0.7643052935600281,0.07032959908246994,0.05727694556117058,-0.1293397694826126,0.1628958135843277
-17.0939998626709,10.246000289916992,1.2376787662506104,0.335510790348053,0.1916639804840088,2.439875602722168,0.17496150732040405,0.27686870098114014
-17.0939998626709,10.246000289916992,1.246041178703308,4.116036891937256,0.07228390127420425,0.08125340193510056,0.05870010703802109,0.4430040717124939
-17.0939998626709,10.246000289916992,1.2748626470565796,0.8401021957397461,0.04873192310333252,0.028939254581928253,-0.1467038244009018,0.28012722730636597
-17.0939998626709,11.246000289916992,1.2524961233139038,3.7960846424102783,0.14786502718925476,1.1066676378250122,0.04345573112368584,0.41534844040870667
-17.0939998626709,11.246000289916992,1.031264305114746,1.8291079998016357,0.12231748551130295,1.0538238286972046,0.016687681898474693,0.29996857047080994
-17.0939998626709,11.246000289916992,1.1849910020828247,0.6844256520271301,0.08867382258176804,0.118596151471138,-0.13299860060214996,0.2846829295158386
-17.0939998626709,12.246000289916992,1.0041773319244385,3.8342626094818115,0.07987620681524277,0.6664699912071228,0.12477322667837143,0.328039288520813
-17.0939998626709,12.246000289916992,0.9780192971229553,1.6305739879608154,0.11105731874704361,0.21895350515842438,-0.25826168060302734,0.6164610981941223
-17.0939998626709,12.246000289916992,1.0794097185134888,5.251065731048584,0.17830997705459595,0.6796583533287048,0.03678794950246811,0.05549962446093559
-17.0939998626709,13.246000289916992,0.9735855460166931,2.0788886547088623,0.08442530781030655,0.846031904220581,0.008791420608758926,0.18291090428829193
-17.0939998626709,13.246000289916992,1.1173235177993774,1.794898509979248,0.09613753855228424,0.04057968035340309,-0.17641401290893555,0.8093729019165039
-17.0939998626709,13.246000289916992,1.274436116218567,5.7394328117370605,0.3024881184101105,0.2974744737148285,0.17535088956356049,0.0077162133529782295
-17.0939998626709,14.246000289916992,1.060746669769287,2.6989598274230957,0.2978094220161438,1.226273775100708,0.06221998855471611,0.014425357803702354
-17.0939998626709,14.246000289916992,0.9941458106040955,1.9444270133972168,0.04756217449903488,0.024114953354001045,0.025963176041841507,0.9823079109191895
-17.0939998626709,14.246000289916992,1.1236777305603027,1.0909535884857178,0.4773709177970886,0.16037744283676147,0.29039475321769714,0.0032667412888258696
-17.0939998626709,15.246000289916992,0.6857490539550781,2.547454357147217,0.09510418772697449,2.6976778507232666,-0.004236780572682619,0.003247103188186884
-17.0939998626709,15.246000289916992,0.7473278045654297,1.5062845945358276,0.030694035813212395,0.08187976479530334,0.12640561163425446,0.9961060881614685
-17.0939998626709,15.246000289916992,0.6547514796257019,1.0996602773666382,0.1022472232580185,0.8910496830940247,-0.25064826011657715,0.0006468079518526793
-17.0939998626709,16.246000289916992,1.2295188903808594,2.323115110397339,0.874580442905426,0.7955413460731506,0.019065413624048233,0.004951514303684235
-17.0939998626709,16.246000289916992,1.2027801275253296,1.8658688068389893,0.08635827153921127,0.07088655978441238,0.10952945053577423,0.8690352439880371
-17.0939998626709,16.246000289916992,1.4869351387023926,1.477447748184204,0.2801128327846527,0.10922318696975708,-0.03750644624233246,0.12601321935653687
-17.0939998626709,17.246000289916992,0.971871018409729,4.123625755310059,0.0993066355586052,1.366294503211975,-0.0677095279097557,0.010316520929336548
-17.0939998626709,17.246000289916992,1.1438308954238892,2.0501818656921387,0.0864625796675682,0.07695557177066803,0.39012178778648376,0.9888669848442078
-17.0939998626709,17.246000289916992,1.012168288230896,0.21435442566871643,0.15983371436595917,0.23691000044345856,-0.06724326312541962,0.0008165102917701006
-17.0939998626709,18.246000289916992,1.2321982383728027,1.1662976741790771,1.0213632583618164,1.6087642908096313,-0.04855937510728836,0.006697745993733406
-17.0939998626709,18.246000289916992,1.2651559114456177,2.0999979972839355,0.11486098170280457,0.05354135483503342,-0.07730834186077118,0.9895852208137512
-17.0939998626709,18.246000289916992,1.2993258237838745,0.6522180438041687,0.33566805720329285,0.1491299867630005,-0.0036456971429288387,0.0037171002477407455
-17.0939998626709,19.246000289916992,0.9535592794418335,5.951514720916748,0.08649560809135437,1.2461758852005005,-0.06153644621372223,0.081427663564682
-17.0939998626709,19.246000289916992,1.0316166877746582,2.0623931884765625,0.11789201945066452,0.08112303167581558,0.20398570597171783,0.9014829397201538
-17.0939998626709,19.246000289916992,1.1371171474456787,6.096912384033203,0.13019493222236633,0.09524238109588623,-0.030822813510894775,0.01708943024277687
-17.0939998626709,20.246000289916992,1.2109055519104004,1.59243643283844,0.41147536039352417,1.3856312036514282,0.03712981566786766,0.010242792777717113
-17.0939998626709,20.246000289916992,1.0036792755126953,2.262526273727417,0.08294626325368881,0.09316114336252213,0.02484968863427639,0.989012598991394
-17.0939998626709,20.246000289916992,1.077655553817749,5.310677528381348,0.14910976588726044,0.3162519633769989,0.09631171822547913,0.0007446699892170727
-17.0939998626709,21.246000289916992,1.0548341274261475,0.7912915349006653,0.27024707198143005,1.690972924232483,-0.004559602588415146,0.000980677199549973
-17.0939998626709,21.246000289916992,0.9935647249221802,2.0843544006347656,0.08792462199926376,0.054096102714538574,0.029012709856033325,0.9977040886878967
-17.0939998626709,21.246000289916992,0.9102550148963928,5.066911220550537,0.15152791142463684,0.5188534259796143,0.16314451396465302,0.0013153401669114828
-17.0939998626709,22.246000289916992,0.8664409518241882,5.952214241027832,0.12187861651182175,1.3101669549942017,0.006819266825914383,0.0011364769889041781
-17.0939998626709,22.246000289916992,0.9794633984565735,1.9661450386047363,0.09353461861610413,0.04700607433915138,0.022964779287576675,0.995962917804718
-17.0939998626709,22.246000289916992,0.864061176776886,5.031685829162598,0.1404004842042923,0.3197862505912781,0.15495078265666962,0.0029006763361394405
-17.0939998626709,23.246000289916992,0.7482564449310303,5.014200687408447,0.07135335355997086,0.982452929019928,0.012709073722362518,0.0014923688722774386
-17.0939998626709,23.246000289916992,0.9568201303482056,1.8221659660339355,0.08749670535326004,0.04896797984838486,0.014670388773083687,0.9884782433509827
-17.0939998626709,23.246000289916992,0.8223393559455872,4.9440717697143555,0.1162947565317154,0.18214282393455505,0.16952024400234222,0.010029381141066551
-16.0939998626709,-12.753999710083008,0.852928102016449,4.901887893676758,0.19428054988384247,0.763860821723938,-0.039391230791807175,0.01323653757572174
-16.0939998626709,-12.753999710083008,0.5344647169113159,2.3570544719696045,0.11511007696390152,0.995577871799469,0.1995348036289215,0.0007998412474989891
-16.0939998626709,-12.753999710083008,0.6333277225494385,4.842186450958252,0.01710880547761917,0.0957857221364975,0.022426174953579903,0.9859636425971985
-16.0939998626709,-11.753999710083008,0.8462930917739868,4.1876044273376465,0.10432829707860947,0.5017187595367432,0.028130708262324333,0.1475224792957306
-16.0939998626709,-11.753999710083008,0.6585795283317566,1.8852659463882446,0.06508554518222809,0.2658454179763794,-0.0360870435833931,0.017196008935570717
-16.0939998626709,-11.753999710083008,0.7943590879440308,4.7295660972595215,0.02608613483607769,0.07159348577260971,0.003496956778690219,0.8352814316749573
-16.0939998626709,-10.753999710083008,1.081521987915039,4.1811323165893555,0.18986544013023376,0.48108771443367004,0.13605466485023499,0.04145393148064613
-16.0939998626709,-10.753999710083008,0.6599305868148804,1.8991127014160156,0.07254373282194138,1.0005590915679932,0.20017661154270172,0.027623089030385017
-16.0939998626709,-10.753999710083008,0.735031008720398,5.010785102844238,0.023191921412944794,0.08571485430002213,-0.06977058202028275,0.9309229254722595
-16.0939998626709,-9.753999710083008,0.9282882213592529,4.874528884887695,0.06798166036605835,0.7906756401062012,-0.07916846871376038,0.2537904977798462
-16.0939998626709,-9.753999710083008,0.6727529168128967,1.9435136318206787,0.052356891334056854,0.7902535200119019,-0.19446267187595367,0.06925544887781143
-16.0939998626709,-9.753999710083008,0.8292538523674011,4.309223651885986,0.029090913012623787,0.3017454743385315,0.0821072980761528,0.6769540309906006
-16.0939998626709,-8.753999710083008,1.158273696899414,5.093415260314941,0.14125865697860718,1.1196900606155396,-0.06637890636920929,0.328469455242157
-16.0939998626709,-8.753999710083008,0.8424506783485413,1.4300638437271118,0.04887177795171738,0.2626122534275055,-0.25833117961883545,0.30002400279045105
-16.0939998626709,-8.753999710083008,0.9084117412567139,4.511023044586182,0.04387127235531807,0.3839530050754547,-0.012036796659231186,0.37150654196739197
-16.0939998626709,-7.754000186920166,0.9776288270950317,6.104300022125244,0.10462114959955215,0.9428933262825012,-0.18887735903263092,0.4978333115577698
-16.0939998626709,-7.754000186920166,0.7415465712547302,1.6482404470443726,0.06304343789815903,0.6053861379623413,-0.0647725760936737,0.3398018181324005
-16.0939998626709,-7.754000186920166,0.8753436803817749,4.525656700134277,0.03670768812298775,0.1554395705461502,0.06679800152778625,0.16236485540866852
-16.0939998626709,-6.754000186920166,1.2354539632797241,5.240994453430176,0.30709323287010193,0.8799394965171814,-0.039541494101285934,0.08825445175170898
-16.0939998626709,-6.754000186920166,0.9030776619911194,1.5837494134902954,0.039475906640291214,0.5621587634086609,-0.007842683233320713,0.456522136926651
-16.0939998626709,-6.754000186920166,0.9834737181663513,4.892724514007568,0.012551017105579376,0.4265899062156677,0.10684384405612946,0.4552234411239624
-16.0939998626709,-5.754000186920166,1.166837215423584,4.398551940917969,0.11133183538913727,1.107900857925415,0.10450327396392822,0.5923804044723511
-16.0939998626709,-5.754000186920166,0.9466604590415955,3.0073134899139404,0.10574118047952652,0.9508458375930786,-0.1846219152212143,0.35493528842926025
-16.0939998626709,-5.754000186920166,0.9839258193969727,0.06084725633263588,0.050775639712810516,0.3073851764202118,-0.19667546451091766,0.052684321999549866
-16.0939998626709,-4.754000186920166,1.0481607913970947,5.529153347015381,0.06971396505832672,1.5841361284255981,0.03968000039458275,0.437179297208786
-16.0939998626709,-4.754000186920166,0.979952871799469,3.2638823986053467,0.08215244859457016,0.5920704007148743,0.18305538594722748,0.41268113255500793
-16.0939998626709,-4.754000186920166,1.3533141613006592,0.11541762202978134,0.09965343773365021,0.020847979933023453,-0.04852447286248207,0.15013958513736725
-16.0939998626709,-3.753999948501587,1.089229941368103,4.6713480949401855,0.1448141634464264,1.065152883529663,0.24100126326084137,0.3997421860694885
-16.0939998626709,-3.753999948501587,0.8897580504417419,2.1167850494384766,0.054793111979961395,0.16273283958435059,-0.19536815583705902,0.5427944660186768
-16.0939998626709,-3.753999948501587,1.034080982208252,0.6410506963729858,0.11850206553936005,0.17290714383125305,-0.09383455663919449,0.0574633814394474
-16.0939998626709,-2.753999948501587,1.1393656730651855,4.961841583251953,0.11606797575950623,1.0240780115127563,0.1984170526266098,0.45546871423721313
-16.0939998626709,-2.753999948501587,0.8836115002632141,1.9230690002441406,0.048369843512773514,0.5439800024032593,-0.16927452385425568,0.408798485994339
-16.0939998626709,-2.753999948501587,0.910203754901886,0.8547021150588989,0.04249254986643791,0.18839503824710846,-0.08325465023517609,0.1357327252626419
-16.0939998626709,-1.753999948501587,1.0340518951416016,5.433219909667969,0.05042343586683273,1.1037439107894897,-0.08727964758872986,0.6788539290428162
-16.0939998626709,-1.753999948501587,0.8830070495605469,1.8412588834762573,0.04028978571295738,0.24997875094413757,-0.1118987426161766,0.2458244264125824
-16.0939998626709,-1.753999948501587,0.8678264021873474,1.4240422248840332,0.028282739222049713,0.12392910569906235,-0.23968391120433807,0.07532169669866562
-16.0939998626709,-0.7540000081062317,1.0812203884124756,6.043224334716797,0.10086469352245331,0.7282136678695679,0.12086223810911179,0.4696803689002991
-16.0939998626709,-0.7540000081062317,0.9010642766952515,1.7429795265197754,0.11506825685501099,0.49857136607170105,0.08315151184797287,0.29473012685775757
-16.0939998626709,-0.7540000081062317,0.959971010684967,5.695811748504639,0.0872807502746582,0.1586345136165619,0.040574006736278534,0.2355894148349762
-16.0939998626709,0.2460000067949295,0.9652270078659058,5.783867359161377,0.062086671590805054,0.8558074235916138,-0.16632746160030365,0.4104849398136139
-16.0939998626709,0.2460000067949295,0.922477662563324,2.0825140476226807,0.05875520035624504,0.12285476177930832,-0.28415822982788086,0.332497775554657
-16.0939998626709,0.2460000067949295,0.9558481574058533,4.929713249206543,0.05323203280568123,0.3463376462459564,-0.12827572226524353,0.2570173144340515
-16.0939998626709,1.246000051498413,1.150836706161499,3.864090919494629,0.3199593722820282,2.0740315914154053,0.08805865794420242,0.09717778116464615
-16.0939998626709,1.246000051498413,1.0370545387268066,2.566896915435791,0.10213317722082138,0.11439597606658936,0.06628410518169403,0.5866587162017822
-16.0939998626709,1.246000051498413,0.8087112307548523,5.610823631286621,0.042619213461875916,0.1957627385854721,-0.12775197625160217,0.3161635398864746
-16.0939998626709,2.246000051498413,1.005169153213501,5.235710144042969,0.15027356147766113,1.792764663696289,0.03609339892864227,0.3709128797054291
-16.0939998626709,2.246000051498413,1.0126549005508423,2.8376264572143555,0.09390538185834885,0.11351331323385239,0.009837375953793526,0.38134390115737915
-16.0939998626709,2.246000051498413,1.2737410068511963,6.146364212036133,0.08468213677406311,0.01838436909019947,-0.025907719507813454,0.24774323403835297
-16.0939998626709,3.246000051498413,1.0765489339828491,5.684484958648682,0.19696125388145447,2.09932279586792,-0.06970977783203125,0.13445642590522766
-16.0939998626709,3.246000051498413,1.1988611221313477,2.9963865280151367,0.080509714782238,0.06560499221086502,-0.07252246886491776,0.6032004356384277
-16.0939998626709,3.246000051498413,1.2950923442840576,6.212655544281006,0.0668463259935379,0.012177184224128723,-0.0796564593911171,0.2623431980609894
-16.0939998626709,4.245999813079834,1.102847695350647,6.112934112548828,0.16180257499217987,1.418290138244629,-0.0029034214094281197,0.15324179828166962
-16.0939998626709,4.245999813079834,1.141434669494629,3.044628143310547,0.06838593631982803,0.07848779112100601,0.008288279175758362,0.569808840751648
-16.0939998626709,4.245999813079834,1.2714961767196655,0.01597081497311592,0.05950438231229782,0.01683543249964714,-0.06002338230609894,0.2769494354724884
-16.0939998626709,5.245999813079834,1.060868263244629,5.855190277099609,0.061280444264411926,1.1800427436828613,0.007242606487125158,0.5217485427856445
-16.0939998626709,5.245999813079834,1.0409741401672363,3.0160298347473145,0.09857618808746338,0.2468462586402893,0.18166713416576385,0.3720843493938446
-16.0939998626709,5.245999813079834,1.289930820465088,0.10561785101890564,0.08928658068180084,0.02772250585258007,-0.10028214752674103,0.10616706311702728
-16.0939998626709,6.245999813079834,1.0252749919891357,5.178681373596191,0.05578574538230896,1.1279933452606201,0.07230063527822495,0.5106592774391174
-16.0939998626709,6.245999813079834,1.0769877433776855,3.1210010051727295,0.09609995037317276,0.41944602131843567,0.23957596719264984,0.359874427318573
-16.0939998626709,6.245999813079834,1.3558275699615479,0.16562619805335999,0.09132792800664902,0.02990810014307499,0.0012414406519383192,0.1294662207365036
-16.0939998626709,7.245999813079834,1.115499496459961,4.5276970863342285,0.12519410252571106,1.3500092029571533,0.0447186678647995,0.3910224139690399
-16.0939998626709,7.245999813079834,0.9298412203788757,2.4393861293792725,0.0756164938211441,0.5861600637435913,0.21977107226848602,0.45219486951828003
-16.0939998626709,7.245999813079834,1.0166524648666382,0.5433080196380615,0.07588986307382584,0.15071913599967957,-0.07069973647594452,0.15678276121616364
-16.0939998626709,8.246000289916992,1.1458008289337158,5.797968864440918,0.25249922275543213,1.4552929401397705,0.2339072823524475,0.14661037921905518
-16.0939998626709,8.246000289916992,0.8097203969955444,2.6980907917022705,0.06228671222925186,1.3463436365127563,0.1460803598165512,0.7814682126045227
-16.0939998626709,8.246000289916992,0.8701742887496948,5.661924362182617,0.04571032524108887,0.5108346343040466,0.20511950552463531,0.07192142307758331
-16.0939998626709,9.246000289916992,1.1125638484954834,4.862720012664795,0.07188913971185684,1.3659511804580688,0.14359422028064728,0.2748430073261261
-16.0939998626709,9.246000289916992,1.0242685079574585,2.5533742904663086,0.08043099194765091,1.383470892906189,0.20633584260940552,0.6872231364250183
-16.0939998626709,9.246000289916992,1.1644765138626099,5.895355224609375,0.06706651300191879,0.3112398684024811,0.007056191563606262,0.03793379291892052
-16.0939998626709,10.246000289916992,1.011260986328125,0.41057318449020386,0.08502301573753357,1.7464861869812012,0.06947974860668182,0.39956095814704895
-16.0939998626709,10.246000289916992,1.117092490196228,3.9845240116119385,0.10991188883781433,0.34119969606399536,0.1349671632051468,0.4398718476295471
-16.0939998626709,10.246000289916992,1.2190834283828735,0.8725616931915283,0.06914901733398438,0.07560331374406815,-0.2451295703649521,0.16056717932224274
-16.0939998626709,11.246000289916992,1.2263808250427246,3.511051893234253,0.11020635813474655,0.5372909903526306,0.13453958928585052,0.3572457730770111
-16.0939998626709,11.246000289916992,1.0551807880401611,1.3514646291732788,0.07597361505031586,0.4388968050479889,-0.009287209250032902,0.48917126655578613
-16.0939998626709,11.246000289916992,1.22860848903656,0.6014657616615295,0.14024411141872406,0.28689509630203247,0.02979693002998829,0.15358303487300873
-16.0939998626709,12.246000289916992,1.1581144332885742,4.534842014312744,0.11930996179580688,0.4343298077583313,0.038545768707990646,0.2463330179452896
-16.0939998626709,12.246000289916992,1.0116345882415771,1.0918996334075928,0.11344992369413376,0.07982349395751953,-0.38891154527664185,0.7203271985054016
-16.0939998626709,12.246000289916992,1.1066136360168457,4.846276760101318,0.22079497575759888,2.5895586013793945,0.09516723453998566,0.03333978354930878
-16.0939998626709,13.246000289916992,1.10239577293396,1.9713279008865356,0.22473780810832977,1.3652818202972412,0.23333114385604858,0.03484288230538368
-16.0939998626709,13.246000289916992,1.1017740964889526,1.3013360500335693,0.08463825285434723,0.10988099873065948,-0.10476335138082504,0.9620648622512817
-16.0939998626709,13.246000289916992,1.078882098197937,5.679947376251221,0.21852445602416992,0.6304946541786194,0.17535850405693054,0.0030923443846404552
-16.0939998626709,14.246000289916992,1.2717022895812988,1.6289305686950684,1.9698859453201294,1.540615200996399,0.10090954601764679,0.006262270733714104
-16.0939998626709,14.246000289916992,1.0760372877120972,1.5493417978286743,0.04286716505885124,0.08071359246969223,-0.289686918258667,0.881805956363678
-16.0939998626709,14.246000289916992,1.2503900527954102,1.0409215688705444,0.17484799027442932,0.09732141345739365,-0.05637447163462639,0.11193172633647919
-16.0939998626709,15.246000289916992,1.0789706707000732,0.3872748911380768,0.3967992067337036,1.308172583580017,0.13677223026752472,0.008063445799052715
-16.0939998626709,15.246000289916992,0.8992990255355835,1.4623558521270752,0.025212986394762993,0.1178608238697052,-0.17965470254421234,0.9131070971488953
-16.0939998626709,15.246000289916992,1.0524893999099731,1.5965207815170288,0.1475987434387207,0.30017364025115967,-0.04187870770692825,0.07882949709892273
-16.0939998626709,16.246000289916992,1.3443695306777954,0.8342663049697876,0.8166244626045227,0.8505153656005859,0.04405742511153221,0.006964578293263912
-16.0939998626709,16.246000289916992,1.1215142011642456,1.8242462873458862,0.06690027564764023,0.17352533340454102,0.13831071555614471,0.9772709012031555
-16.0939998626709,16.246000289916992,1.2575538158416748,0.9667315483093262,0.2512904703617096,0.09904371947050095,0.08424077928066254,0.01576456055045128
-16.0939998626709,17.246000289916992,1.4011197090148926,4.7609543800354,0.763568639755249,2.5763163566589355,0.07972400635480881,0.0016868760576471686
-16.0939998626709,17.246000289916992,1.2360260486602783,1.9909998178482056,0.07550663501024246,0.07678923010826111,0.12110097706317902,0.9958356618881226
-16.0939998626709,17.246000289916992,1.143707036972046,1.0289899110794067,0.13334207236766815,0.20571772754192352,-0.22079910337924957,0.0024774554185569286
-16.0939998626709,18.246000289916992,1.046583652496338,5.0571489334106445,0.17311856150627136,1.6490610837936401,0.17888253927230835,0.010038233362138271
-16.0939998626709,18.246000289916992,1.1630775928497314,1.9885149002075195,0.08256981521844864,0.10419731587171555,-0.00909237191081047,0.9891930222511292
-16.0939998626709,18.246000289916992,1.1640846729278564,0.0857468768954277,0.19413219392299652,0.32836589217185974,0.01096575427800417,0.000768751953728497
-16.0939998626709,19.246000289916992,1.1409436464309692,0.8367283940315247,0.22495518624782562,1.1438461542129517,0.088297039270401,0.1111656203866005
-16.0939998626709,19.246000289916992,1.0482962131500244,2.0061254501342773,0.11659111827611923,0.09132527559995651,0.014291170053184032,0.8739687204360962
-16.0939998626709,19.246000289916992,1.049472451210022,6.157496929168701,0.09443770349025726,0.14052961766719818,0.01230115070939064,0.014865687116980553
-16.0939998626709,20.246000289916992,0.9674313068389893,2.0294859409332275,0.10027268528938293,0.9447298049926758,-0.014328920282423496,0.046781886368989944
-16.0939998626709,20.246000289916992,1.0460392236709595,1.8037039041519165,0.10057774931192398,0.06086595356464386,0.03483593463897705,0.9521785974502563
-16.0939998626709,20.246000289916992,1.0594122409820557,4.944734573364258,0.1875820904970169,0.4394576847553253,0.044272441416978836,0.0010394908022135496
-16.0939998626709,21.246000289916992,0.9802820682525635,0.9091638922691345,0.18380233645439148,1.594271183013916,0.01580539532005787,0.005237503442913294
-16.0939998626709,21.246000289916992,0.9738541841506958,1.7464905977249146,0.09536144137382507,0.062316298484802246,0.11144977807998657,0.9944790601730347
-16.0939998626709,21.246000289916992,0.9772248268127441,4.5684709548950195,0.40228503942489624,1.5062023401260376,0.11396049708127975,0.00028344770544208586
-16.0939998626709,22.246000289916992,0.880363404750824,1.2152612209320068,0.1815512329339981,1.879982829093933,-0.009071607142686844,0.0010413520503789186
-16.0939998626709,22.246000289916992,0.9450966119766235,1.6334465742111206,0.0853448435664177,0.04781598597764969,0.09815076738595963,0.9989089965820312
-16.0939998626709,22.246000289916992,0.9436365365982056,4.42695426940918,0.6003639698028564,1.8241044282913208,0.14979247748851776,4.964827894582413e-05
-16.0939998626709,23.246000289916992,0.8368862867355347,0.814356803894043,0.2531536817550659,2.2851483821868896,0.00211265217512846,0.00021217275934759527
-16.0939998626709,23.246000289916992,0.9215337634086609,1.553086757659912,0.07504528760910034,0.04027264192700386,0.09295699745416641,0.999774158000946
-16.0939998626709,23.246000289916992,0.9089438319206238,4.279672622680664,0.6948185563087463,2.1332242488861084,0.17963416874408722,1.3705364835914224e-05
-16.0939998626709,24.246000289916992,0.8056660294532776,0.43252691626548767,0.3361656367778778,2.7149579524993896,0.013640429824590683,7.490265852538869e-05
-16.0939998626709,24.246000289916992,0.8868023753166199,1.4806509017944336,0.06860842555761337,0.03715301677584648,0.08755712956190109,0.9999178647994995
-16.0939998626709,24.246000289916992,0.8816189169883728,4.1704254150390625,0.7747032046318054,2.0695581436157227,0.19691742956638336,7.287210792128462e-06
-15.093999862670898,-12.753999710083008,0.8278193473815918,4.802504539489746,0.13294793665409088,0.9137521386146545,0.017009463161230087,0.150364488363266
-15.093999862670898,-12.753999710083008,0.5903304219245911,2.4876441955566406,0.11294004321098328,0.33803972601890564,0.19693033397197723,0.011564147658646107
-15.093999862670898,-12.753999710083008,0.7098175287246704,4.930050373077393,0.032127317041158676,0.07430075109004974,0.05928320437669754,0.838071346282959
-15.093999862670898,-11.753999710083008,0.91867995262146,4.75565242767334,0.14861367642879486,0.48843979835510254,0.010845194570720196,0.13689152896404266
-15.093999862670898,-11.753999710083008,0.6625407338142395,1.4599783420562744,0.061128802597522736,0.17826677858829498,-0.07032032310962677,0.010267766192555428
-15.093999862670898,-11.753999710083008,0.692459225654602,4.775176525115967,0.019260242581367493,0.08153107017278671,-0.013273753225803375,0.8528407216072083
-15.093999862670898,-10.753999710083008,1.1130547523498535,5.08532190322876,0.2651927173137665,0.5187591910362244,0.15072396397590637,0.014384515583515167
-15.093999862670898,-10.753999710083008,0.6352813839912415,1.757076621055603,0.07900141179561615,1.331626057624817,0.18149583041667938,0.010379702784121037
-15.093999862670898,-10.753999710083008,0.6895051598548889,4.955597877502441,0.01588740572333336,0.08126223087310791,0.002571223769336939,0.9752358198165894
-15.093999862670898,-9.753999710083008,0.8934090733528137,4.592452049255371,0.05206366628408432,0.6711845993995667,-0.10700458288192749,0.1911259889602661
-15.093999862670898,-9.753999710083008,0.582904577255249,1.793060064315796,0.045736443251371384,0.713768482208252,-0.051067955791950226,0.06679673492908478
-15.093999862670898,-9.753999710083008,0.7443410158157349,4.452997207641602,0.021293116733431816,0.2549842894077301,0.091108039021492,0.7420772910118103
-15.093999862670898,-8.753999710083008,1.040902853012085,4.773311138153076,0.0590360201895237,1.142861247062683,-0.056438054889440536,0.4892404079437256
-15.093999862670898,-8.753999710083008,0.8719959855079651,1.845631718635559,0.08473189920186996,0.3881658613681793,-0.24583986401557922,0.1866481751203537
-15.093999862670898,-8.753999710083008,0.9002642035484314,4.472869873046875,0.046512920409440994,0.29397493600845337,-0.05015556886792183,0.3241114616394043
-15.093999862670898,-7.754000186920166,0.9735714197158813,5.548696994781494,0.05785995349287987,0.9010879993438721,-0.1413101851940155,0.6806907653808594
-15.093999862670898,-7.754000186920166,0.8040288686752319,1.5316438674926758,0.06927154213190079,0.564942479133606,-0.10247789323329926,0.20190644264221191
-15.093999862670898,-7.754000186920166,0.9158709049224854,4.586652755737305,0.04046046733856201,0.1734115183353424,0.04473596438765526,0.11740284413099289
-15.093999862670898,-6.754000186920166,1.280271053314209,5.986569881439209,0.2904738187789917,0.9640318155288696,0.04336552321910858,0.0862765982747078
-15.093999862670898,-6.754000186920166,0.9468303918838501,1.6374987363815308,0.043849822133779526,0.6200013160705566,-0.0074986619874835014,0.5844067335128784
-15.093999862670898,-6.754000186920166,1.053189754486084,5.085455894470215,0.022917430847883224,0.6647827625274658,0.11148267239332199,0.3293167054653168
-15.093999862670898,-5.754000186920166,1.07973051071167,3.982473850250244,0.10095902532339096,0.8198199272155762,0.1447988599538803,0.3969206213951111
-15.093999862670898,-5.754000186920166,0.842288076877594,1.87308931350708,0.05203145369887352,0.876028299331665,-0.22775320708751678,0.5915988087654114
-15.093999862670898,-5.754000186920166,0.9576685428619385,0.11695973575115204,0.06748077273368835,0.9488362073898315,-0.03508435934782028,0.011480516754090786
-15.093999862670898,-4.754000186920166,1.1211044788360596,4.466283798217773,0.06322358548641205,0.8924238085746765,0.1673448532819748,0.49744805693626404
-15.093999862670898,-4.754000186920166,1.048394799232483,2.6753575801849365,0.11172039806842804,1.144045114517212,0.2791523337364197,0.3172653317451477
-15.093999862670898,-4.754000186920166,1.38668692111969,0.15883786976337433,0.07833770662546158,0.0135273402556777,-0.051674213260412216,0.1852865368127823
-15.093999862670898,-3.753999948501587,1.1648437976837158,4.630585193634033,0.14409850537776947,0.5759053230285645,0.19276699423789978,0.582979679107666
-15.093999862670898,-3.753999948501587,0.9349950551986694,1.639909267425537,0.05827132239937782,0.24269793927669525,-0.21494805812835693,0.3547462224960327
-15.093999862670898,-3.753999948501587,1.0876182317733765,0.32396548986434937,0.09049196541309357,0.15670379996299744,-0.05253097042441368,0.062274109572172165
-15.093999862670898,-2.753999948501587,1.0588932037353516,5.000601291656494,0.07713308930397034,1.0966293811798096,0.18615520000457764,0.5303716659545898
-15.093999862670898,-2.753999948501587,0.9703916907310486,2.2687249183654785,0.07059843838214874,0.2224218100309372,-0.2613697648048401,0.39237919449806213
-15.093999862670898,-2.753999948501587,0.9299872517585754,0.5535268783569336,0.048750076442956924,0.14177298545837402,-0.08171524107456207,0.07724915444850922
-15.093999862670898,-1.753999948501587,1.0230520963668823,5.160053253173828,0.052767064422369,0.9795057773590088,-0.011482374742627144,0.9115347266197205
-15.093999862670898,-1.753999948501587,0.9422736167907715,2.0161077976226807,0.05355430021882057,0.17416036128997803,-0.16732992231845856,0.0721222534775734
-15.093999862670898,-1.753999948501587,0.9383959770202637,1.0294872522354126,0.0462501123547554,0.191970556974411,-0.0868576318025589,0.016342923045158386
-15.093999862670898,-0.7540000081062317,1.1875025033950806,4.977734088897705,0.11200282722711563,0.6767293810844421,0.09002476185560226,0.5419401526451111
-15.093999862670898,-0.7540000081062317,0.9859708547592163,1.5852230787277222,0.10739217698574066,0.7168251276016235,0.2023894190788269,0.34778332710266113
-15.093999862670898,-0.7540000081062317,1.0363781452178955,5.74362325668335,0.1116717979311943,0.2659482955932617,0.030107010155916214,0.11027652025222778
-15.093999862670898,0.2460000067949295,1.223267674446106,5.720975399017334,0.1478472650051117,0.8321325778961182,-0.13865599036216736,0.5720062851905823
-15.093999862670898,0.2460000067949295,0.949893593788147,1.7844600677490234,0.05873109772801399,0.3885234296321869,-0.2553899884223938,0.3239710330963135
-15.093999862670898,0.2460000067949295,0.9255398511886597,4.857181549072266,0.036568719893693924,0.5131555199623108,-0.08341222256422043,0.10402267426252365
-15.093999862670898,1.246000051498413,1.1238057613372803,4.487292289733887,0.22055010497570038,1.3353146314620972,-0.024770036339759827,0.2718242406845093
-15.093999862670898,1.246000051498413,0.9473134279251099,2.234121084213257,0.06789751350879669,0.23567110300064087,0.18676342070102692,0.5698760151863098
-15.093999862670898,1.246000051498413,0.8423054218292236,6.183688640594482,0.0326567143201828,0.24128426611423492,-0.14172834157943726,0.15829972922801971
-15.093999862670898,2.246000051498413,0.956326425075531,5.8426666259765625,0.10522851347923279,1.7642052173614502,0.004592115990817547,0.4069533348083496
-15.093999862670898,2.246000051498413,1.0845450162887573,2.967937469482422,0.09487371146678925,0.09082489460706711,0.033344123512506485,0.36570537090301514
-15.093999862670898,2.246000051498413,1.2491456270217896,6.177897930145264,0.07266521453857422,0.020073795691132545,-0.0756191834807396,0.22734126448631287
-15.093999862670898,3.246000051498413,1.1321141719818115,5.289752006530762,0.21554309129714966,1.9065791368484497,-0.03025645762681961,0.13665400445461273
-15.093999862670898,3.246000051498413,1.2699148654937744,3.019700765609741,0.07894138991832733,0.0455242358148098,-0.08038394898176193,0.6164233088493347
-15.093999862670898,3.246000051498413,1.353385329246521,6.260011196136475,0.06453274935483932,0.01099803764373064,-0.07141406834125519,0.24692261219024658
-15.093999862670898,4.245999813079834,1.0896443128585815,5.7609171867370605,0.14264334738254547,1.4893848896026611,0.008288154378533363,0.18253281712532043
-15.093999862670898,4.245999813079834,1.1214311122894287,2.993445634841919,0.07030496001243591,0.06960336863994598,0.02451365813612938,0.5018941760063171
-15.093999862670898,4.245999813079834,1.2458986043930054,6.266855239868164,0.05885818228125572,0.01694713905453682,-0.05566976219415665,0.31557297706604004
-15.093999862670898,5.245999813079834,1.0717264413833618,5.697468280792236,0.06534858793020248,1.3131214380264282,0.02808663249015808,0.5025525093078613
-15.093999862670898,5.245999813079834,1.0374945402145386,3.000580072402954,0.09813786298036575,0.2803865969181061,0.11466118693351746,0.3616940379142761
-15.093999862670898,5.245999813079834,1.2725396156311035,0.07314639538526535,0.07945259660482407,0.03111780807375908,-0.11109206080436707,0.13575352728366852
-15.093999862670898,6.245999813079834,1.0543575286865234,5.230128288269043,0.06074440851807594,1.039914608001709,0.053755514323711395,0.38273948431015015
-15.093999862670898,6.245999813079834,1.0919009447097778,2.9989676475524902,0.09716498851776123,0.4484582841396332,0.24567635357379913,0.4277007281780243
-15.093999862670898,6.245999813079834,1.3623929023742676,0.05525142326951027,0.08497879654169083,0.03311972692608833,-0.009154108352959156,0.18955978751182556
-15.093999862670898,7.245999813079834,1.1040362119674683,4.983521461486816,0.11066947877407074,1.3474234342575073,-0.0021503805182874203,0.41458049416542053
-15.093999862670898,7.245999813079834,0.9983514547348022,2.692678689956665,0.07265297323465347,0.2963840067386627,0.23445890843868256,0.45252925157546997
-15.093999862670898,7.245999813079834,0.9868914484977722,0.1792834997177124,0.056851595640182495,0.12678131461143494,-0.016154510900378227,0.13289028406143188
-15.093999862670898,8.246000289916992,1.2183704376220703,0.30952486395835876,0.5273275375366211,1.547554850578308,0.12047514319419861,0.06877085566520691
-15.093999862670898,8.246000289916992,1.0386009216308594,2.210341453552246,0.08811983466148376,0.3055361211299896,0.16977837681770325,0.6528883576393127
-15.093999862670898,8.246000289916992,1.052396297454834,5.286811351776123,0.047813501209020615,0.2802998423576355,0.2533751130104065,0.27834078669548035
-15.093999862670898,9.246000289916992,1.1970641613006592,5.134059906005859,0.12269032001495361,1.4630043506622314,0.04764473810791969,0.2961589992046356
-15.093999862670898,9.246000289916992,1.0326480865478516,1.85304856300354,0.05582791194319725,0.4905441999435425,0.173919215798378,0.4056870937347412
-15.093999862670898,9.246000289916992,1.034467101097107,4.92558479309082,0.02420874871313572,0.24501195549964905,0.17640213668346405,0.29815390706062317
-15.093999862670898,10.246000289916992,0.9648352861404419,5.798859119415283,0.09813481569290161,1.6459496021270752,0.03471267968416214,0.14675650000572205
-15.093999862670898,10.246000289916992,1.067686676979065,3.7789578437805176,0.10473795235157013,0.44489791989326477,0.2031036615371704,0.6540038585662842
-15.093999862670898,10.246000289916992,1.2281373739242554,0.7699034810066223,0.09165025502443314,0.10719592124223709,-0.2604711055755615,0.19923970103263855
-15.093999862670898,11.246000289916992,1.1751303672790527,3.42185378074646,0.11162994801998138,0.38866716623306274,0.1741359680891037,0.48474276065826416
-15.093999862670898,11.246000289916992,0.998028576374054,1.1369173526763916,0.08307021856307983,0.27733489871025085,-0.19726473093032837,0.4098973274230957
-15.093999862670898,11.246000289916992,1.1346851587295532,6.245390892028809,0.13976338505744934,0.7160219550132751,0.09295795857906342,0.10535991191864014
-15.093999862670898,12.246000289916992,1.2642589807510376,4.045855522155762,0.1565302461385727,0.374647855758667,-0.0031851734966039658,0.2551344335079193
-15.093999862670898,12.246000289916992,1.0508348941802979,0.9391187429428101,0.09766577929258347,0.059508636593818665,-0.41895538568496704,0.6378074884414673
-15.093999862670898,12.246000289916992,1.0888108015060425,4.4211530685424805,0.14964380860328674,2.520970344543457,0.12456412613391876,0.10705804079771042
-15.093999862670898,13.246000289916992,1.3169878721237183,5.480227470397949,0.631272554397583,1.8787797689437866,0.24014997482299805,0.00623438972979784
-15.093999862670898,13.246000289916992,1.0844770669937134,1.4984549283981323,0.08106900751590729,0.3060978055000305,-0.08173458278179169,0.9795458316802979
-15.093999862670898,13.246000289916992,1.042101502418518,5.248438835144043,0.10371915251016617,0.45477887988090515,0.0879247710108757,0.014219803735613823
-15.093999862670898,14.246000289916992,1.2133605480194092,2.022883176803589,1.082250714302063,1.4472914934158325,0.1211906298995018,0.016894420608878136
-15.093999862670898,14.246000289916992,1.0385711193084717,1.7332135438919067,0.052950114011764526,0.286641389131546,-0.30158230662345886,0.9580039978027344
-15.093999862670898,14.246000289916992,1.2867956161499023,1.1319713592529297,0.1890406608581543,0.1303057223558426,-0.10490860790014267,0.02510160021483898
-15.093999862670898,15.246000289916992,1.2981642484664917,0.9865248203277588,1.5973387956619263,1.2743310928344727,0.24194636940956116,0.005252603907138109
-15.093999862670898,15.246000289916992,0.8612254858016968,1.9467214345932007,0.017532093450427055,0.1309511661529541,-0.06702150404453278,0.7309703230857849
-15.093999862670898,15.246000289916992,1.0596352815628052,1.5200841426849365,0.07371234893798828,0.12788087129592896,0.012592046521604061,0.2637770175933838
-15.093999862670898,16.246000289916992,1.1830198764801025,1.0929113626480103,0.7972166538238525,1.431663990020752,0.007401434239000082,0.0016044526128098369
-15.093999862670898,16.246000289916992,1.0936757326126099,1.9813098907470703,0.047176461666822433,0.10022158920764923,0.09617146104574203,0.9961575865745544
-15.093999862670898,16.246000289916992,1.2799543142318726,0.644842267036438,0.27158787846565247,0.1019768938422203,0.05438755452632904,0.002237984910607338
-15.093999862670898,17.246000289916992,1.3723541498184204,5.364459991455078,0.5449663996696472,1.9115080833435059,0.18056929111480713,0.008123400621116161
-15.093999862670898,17.246000289916992,1.1453619003295898,2.0522854328155518,0.07786737382411957,0.10873284935951233,0.06850021332502365,0.9871659874916077
-15.093999862670898,17.246000289916992,1.1582438945770264,0.7221873998641968,0.13653968274593353,0.23701396584510803,-0.04834103584289551,0.004710621200501919
-15.093999862670898,18.246000289916992,1.041551113128662,6.218741416931152,0.14553944766521454,1.6350308656692505,0.16524241864681244,0.008361845277249813
-15.093999862670898,18.246000289916992,1.1513079404830933,1.895551085472107,0.08651324361562729,0.1009034663438797,0.028088688850402832,0.9912802577018738
-15.093999862670898,18.246000289916992,1.0922569036483765,6.202408790588379,0.18701289594173431,0.4370899200439453,0.01875944621860981,0.00035792510607279837
-15.093999862670898,19.246000289916992,1.1066160202026367,0.7720078229904175,0.15577417612075806,1.044800043106079,0.1438409984111786,0.07727932184934616
-15.093999862670898,19.246000289916992,1.06111741065979,1.596961498260498,0.10297010093927383,0.08625379949808121,-0.06752454489469528,0.9108022451400757
-15.093999862670898,19.246000289916992,1.1479508876800537,0.16815684735774994,0.14408452808856964,0.255295068025589,-0.016212966293096542,0.011918424628674984
-15.093999862670898,20.246000289916992,1.0097453594207764,1.3138102293014526,0.16576676070690155,1.2960996627807617,0.11226820945739746,0.06745941191911697
-15.093999862670898,20.246000289916992,1.0250298976898193,1.5759820938110352,0.09815831482410431,0.06224573776125908,-0.03208373114466667,0.9291784167289734
-15.093999862670898,20.246000289916992,1.05971097946167,5.389122009277344,0.2151099294424057,0.5823240876197815,0.047160930931568146,0.0033621909096837044
-15.093999862670898,21.246000289916992,1.0160045623779297,0.2992399036884308,0.25876468420028687,1.4686189889907837,0.0668388232588768,0.01990676485002041
-15.093999862670898,21.246000289916992,0.9856431484222412,1.618103265762329,0.10513697564601898,0.0566570982336998,-0.020086660981178284,0.9790924787521362
-15.093999862670898,21.246000289916992,1.0170068740844727,4.5527424812316895,0.3537682294845581,1.233329176902771,0.16105224192142487,0.001000714022666216
-15.093999862670898,22.246000289916992,0.9333345890045166,2.342578887939453,0.3328465223312378,1.7604780197143555,-0.04287903010845184,0.0028360700234770775
-15.093999862670898,22.246000289916992,1.0460610389709473,1.6617494821548462,0.09380681067705154,0.022678783163428307,0.00728214206174016,0.9969995021820068
-15.093999862670898,22.246000289916992,1.045907735824585,4.278919219970703,0.38009801506996155,0.5153982639312744,0.23773688077926636,0.0001645419397391379
-15.093999862670898,23.246000289916992,0.9702051877975464,3.4848713874816895,0.7894733548164368,2.170220375061035,-0.06534215807914734,0.000680027122143656
-15.093999862670898,23.246000289916992,1.046440601348877,1.532573938369751,0.08740469813346863,0.015807056799530983,0.0018526243511587381,0.9992726445198059
-15.093999862670898,23.246000289916992,1.0850778818130493,4.013828754425049,0.4970415532588959,0.36340978741645813,0.29411110281944275,4.725449252873659e-05
-14.093999862670898,-12.753999710083008,0.8573245406150818,4.180395126342773,0.16267821192741394,1.3329071998596191,0.1586238294839859,0.014237524941563606
-14.093999862670898,-12.753999710083008,0.6735156774520874,3.2137105464935303,0.1230454221367836,0.2599300742149353,-0.07300006598234177,0.0018481594743207097
-14.093999862670898,-12.753999710083008,0.6840763092041016,4.802509307861328,0.022666113451123238,0.025207240134477615,0.02675194852054119,0.9839142560958862
-14.093999862670898,-11.753999710083008,0.936581552028656,4.665079593658447,0.07067713141441345,0.3328382670879364,-0.06160474196076393,0.4227391481399536
-14.093999862670898,-11.753999710083008,0.7130774855613708,2.658918619155884,0.1378578245639801,0.5889073610305786,0.15557268261909485,0.012471458874642849
-14.093999862670898,-11.753999710083008,0.744960367679596,4.754190444946289,0.02044869214296341,0.08253765851259232,0.00017096634837798774,0.5647894144058228
-14.093999862670898,-10.753999710083008,0.9107159376144409,4.403275489807129,0.10097736865282059,0.39558738470077515,-0.03312233090400696,0.12374583631753922
-14.093999862670898,-10.753999710083008,0.5997556447982788,2.103708505630493,0.09879959374666214,1.2604098320007324,0.1806616634130478,0.013328430242836475
-14.093999862670898,-10.753999710083008,0.6353359222412109,4.766818523406982,0.014104727655649185,0.13451460003852844,-0.010238921269774437,0.8629257082939148
-14.093999862670898,-9.753999710083008,0.9158185124397278,4.360555648803711,0.09872410446405411,0.9497889876365662,0.06895137578248978,0.30722370743751526
-14.093999862670898,-9.753999710083008,0.5982927680015564,1.2257351875305176,0.02943686582148075,0.673389732837677,0.10117661207914352,0.46838194131851196
-14.093999862670898,-9.753999710083008,0.7008200883865356,4.951747417449951,0.0185520239174366,0.2226632535457611,0.049291498959064484,0.22439444065093994
-14.093999862670898,-8.753999710083008,1.0698058605194092,5.0563812255859375,0.06725303828716278,1.4379127025604248,-0.13556082546710968,0.27127310633659363
-14.093999862670898,-8.753999710083008,0.8414986729621887,1.6100642681121826,0.07892836630344391,0.7604026198387146,-0.034580424427986145,0.45721131563186646
-14.093999862670898,-8.753999710083008,0.7599811553955078,4.456886291503906,0.029066745191812515,0.4050586223602295,-0.09685076773166656,0.27151548862457275
-14.093999862670898,-7.754000186920166,1.0556306838989258,4.768739700317383,0.05232918635010719,0.963593602180481,0.07332274317741394,0.50472491979599
-14.093999862670898,-7.754000186920166,0.9611493349075317,1.69014573097229,0.08038754761219025,0.44428518414497375,-0.13069087266921997,0.28046029806137085
-14.093999862670898,-7.754000186920166,0.9873775839805603,4.420936107635498,0.043898116797208786,0.18026553094387054,0.14726756513118744,0.21481482684612274
-14.093999862670898,-6.754000186920166,1.0970425605773926,4.785745620727539,0.04803628847002983,0.6108551025390625,0.05268529802560806,0.5131053328514099
-14.093999862670898,-6.754000186920166,0.8683233857154846,1.6641234159469604,0.031082069501280785,1.302610993385315,-0.24899643659591675,0.39365002512931824
-14.093999862670898,-6.754000186920166,1.2016187906265259,5.86220645904541,0.06860962510108948,1.3372820615768433,0.07414969801902771,0.09324461221694946
-14.093999862670898,-5.754000186920166,1.0200589895248413,4.867312431335449,0.12506212294101715,0.7896389365196228,0.18675187230110168,0.3773197829723358
-14.093999862670898,-5.754000186920166,0.8427705764770508,2.0297133922576904,0.07086582481861115,0.5694119930267334,-0.22112531960010529,0.49320974946022034
-14.093999862670898,-5.754000186920166,1.0231804847717285,6.087862491607666,0.09853511303663254,0.5349221229553223,-0.07247821241617203,0.12947052717208862
-14.093999862670898,-4.754000186920166,1.0640652179718018,4.95242166519165,0.07250918447971344,0.7159905433654785,0.0609099343419075,0.5356518626213074
-14.093999862670898,-4.754000186920166,1.061116099357605,2.4032838344573975,0.14125964045524597,0.4535241425037384,0.3517472445964813,0.17974133789539337
-14.093999862670898,-4.754000186920166,1.3746912479400635,0.08800996840000153,0.0824548751115799,0.01609433814883232,-0.08780977129936218,0.28460681438446045
-14.093999862670898,-3.753999948501587,1.2713390588760376,5.037360668182373,0.12375319004058838,0.5608360767364502,0.14302243292331696,0.5462085008621216
-14.093999862670898,-3.753999948501587,1.0184509754180908,1.4357519149780273,0.036921679973602295,0.43552136421203613,-0.13495689630508423,0.36028727889060974
-14.093999862670898,-3.753999948501587,1.3455438613891602,0.3340831696987152,0.0824742540717125,0.0948803648352623,-0.11482663452625275,0.09350427240133286
-14.093999862670898,-2.753999948501587,1.1476881504058838,4.316408634185791,0.10252736508846283,1.253456950187683,0.16485005617141724,0.6434324979782104
-14.093999862670898,-2.753999948501587,0.9527055621147156,3.1567890644073486,0.07238174974918365,1.475156545639038,0.25070464611053467,0.23294472694396973
-14.093999862670898,-2.753999948501587,1.1445730924606323,1.1806589365005493,0.04252904653549194,0.022790638729929924,-0.2410338819026947,0.12362274527549744
-14.093999862670898,-1.753999948501587,1.1836879253387451,4.603714466094971,0.05944383144378662,1.2317348718643188,0.19037207961082458,0.9283836483955383
-14.093999862670898,-1.753999948501587,1.0384284257888794,2.5886409282684326,0.11916659772396088,1.0958240032196045,0.09650331735610962,0.05678369104862213
-14.093999862670898,-1.753999948501587,1.2665553092956543,0.8111113905906677,0.14135664701461792,0.12734359502792358,-0.037772130221128464,0.014832725748419762
-14.093999862670898,-0.7540000081062317,1.244009017944336,5.676030158996582,0.08179043978452682,0.47604379057884216,-0.028133494779467583,0.38766247034072876
-14.093999862670898,-0.7540000081062317,1.0555431842803955,1.3444750308990479,0.08434092998504639,1.2919350862503052,-0.05449309200048447,0.3747226595878601
-14.093999862670898,-0.7540000081062317,1.0268328189849854,4.934539794921875,0.03666960448026657,0.3284066915512085,0.016808131709694862,0.23761485517024994
-14.093999862670898,0.2460000067949295,1.2178409099578857,4.562044143676758,0.09005488455295563,0.531439483165741,0.11022636294364929,0.3893719017505646
-14.093999862670898,0.2460000067949295,0.9915098547935486,2.2195885181427,0.1005498394370079,0.6679388284683228,0.193417489528656,0.4504717290401459
-14.093999862670898,0.2460000067949295,1.0490740537643433,4.274906158447266,0.04762870818376541,0.19270017743110657,0.2470044046640396,0.16015632450580597
-14.093999862670898,1.246000051498413,1.13243567943573,4.452862739562988,0.10573281347751617,0.7381781339645386,-0.12099030613899231,0.5873752236366272
-14.093999862670898,1.246000051498413,0.9133176803588867,1.6821752786636353,0.059444330632686615,0.9615088105201721,0.30997511744499207,0.3338449001312256
-14.093999862670898,1.246000051498413,0.9040887951850891,6.073639869689941,0.02325849048793316,0.3049550950527191,-0.07322670519351959,0.07877989858388901
-14.093999862670898,2.246000051498413,1.1107943058013916,5.57159948348999,0.10673774033784866,1.435669183731079,0.05060891434550285,0.4148440361022949
-14.093999862670898,2.246000051498413,1.1090881824493408,2.9824626445770264,0.06861130893230438,0.08791221678256989,0.14928902685642242,0.34795263409614563
-14.093999862670898,2.246000051498413,1.3452625274658203,6.215047359466553,0.07567263394594193,0.014002165757119656,0.017648734152317047,0.23720327019691467
-14.093999862670898,3.246000051498413,1.1189618110656738,5.078120231628418,0.1348743736743927,1.3510973453521729,0.09431755542755127,0.17422647774219513
-14.093999862670898,3.246000051498413,1.1526293754577637,3.033475875854492,0.06767483800649643,0.07163351029157639,0.09887786954641342,0.512144923210144
-14.093999862670898,3.246000051498413,1.2681939601898193,6.248137474060059,0.05850181728601456,0.01826310344040394,0.07856222242116928,0.31362855434417725
-14.093999862670898,4.245999813079834,1.0803529024124146,5.2853240966796875,0.12314170598983765,1.7823920249938965,0.0900433138012886,0.18511171638965607
-14.093999862670898,4.245999813079834,1.0942871570587158,2.972691535949707,0.06946779042482376,0.07888314127922058,0.1203806921839714,0.4379979074001312
-14.093999862670898,4.245999813079834,1.214338779449463,6.200588226318359,0.055257998406887054,0.019400984048843384,-0.01800399087369442,0.3768903911113739
-14.093999862670898,5.245999813079834,1.014101505279541,4.973825454711914,0.06599579751491547,1.599240779876709,0.025332190096378326,0.24986012279987335
-14.093999862670898,5.245999813079834,1.0668365955352783,3.1540074348449707,0.06430749595165253,0.15098422765731812,0.09639111906290054,0.5273287892341614
-14.093999862670898,5.245999813079834,1.2869142293930054,0.018321339040994644,0.07620809227228165,0.02806411311030388,-0.07156206667423248,0.22281107306480408
-14.093999862670898,6.245999813079834,1.0858361721038818,4.207366943359375,0.09529978036880493,1.0037628412246704,0.04327414929866791,0.36004510521888733
-14.093999862670898,6.245999813079834,1.1077557802200317,2.8373067378997803,0.08992872387170792,0.23843270540237427,0.17943012714385986,0.40268489718437195
-14.093999862670898,6.245999813079834,1.3075302839279175,0.06341033428907394,0.09147977828979492,0.0784306600689888,-0.019603725522756577,0.23726998269557953
-14.093999862670898,7.245999813079834,1.2400400638580322,5.35127592086792,0.23774996399879456,1.79440438747406,0.13359029591083527,0.12195955961942673
-14.093999862670898,7.245999813079834,1.0314487218856812,2.910280466079712,0.07765661180019379,0.3015482425689697,0.10501665621995926,0.6402143836021423
-14.093999862670898,7.245999813079834,1.0663336515426636,6.27955961227417,0.06895414739847183,0.2306160181760788,-0.0550195686519146,0.23782606422901154
-14.093999862670898,8.246000289916992,1.1433284282684326,6.200583457946777,0.37398651242256165,1.4785511493682861,0.049796801060438156,0.12898224592208862
-14.093999862670898,8.246000289916992,1.057472825050354,2.596898317337036,0.06825088709592819,0.08429989963769913,0.07022184878587723,0.6046586036682129
-14.093999862670898,8.246000289916992,1.0616892576217651,5.722580432891846,0.05983072146773338,0.23113156855106354,0.18075712025165558,0.26635921001434326
-14.093999862670898,9.246000289916992,1.089423656463623,5.419126987457275,0.38807573914527893,1.7721706628799438,0.10753753781318665,0.17087148129940033
-14.093999862670898,9.246000289916992,0.942833662033081,2.297565460205078,0.0702534168958664,0.25590628385543823,0.030950156971812248,0.4501137137413025
-14.093999862670898,9.246000289916992,0.9544072151184082,4.475175380706787,0.03010631538927555,0.1132950410246849,0.13671211898326874,0.37901484966278076
-14.093999862670898,10.246000289916992,0.8746667504310608,5.16208028793335,0.07272816449403763,1.8775635957717896,0.040527425706386566,0.16284863650798798
-14.093999862670898,10.246000289916992,0.9402543306350708,3.316983461380005,0.1173371896147728,0.24208544194698334,0.20440082252025604,0.5253693461418152
-14.093999862670898,10.246000289916992,1.0401333570480347,0.4216558039188385,0.10592184215784073,0.15059149265289307,-0.16084186732769012,0.31178203225135803
-14.093999862670898,11.246000289916992,1.1380459070205688,3.3421061038970947,0.1224631518125534,0.6699756979942322,0.11734732985496521,0.6117334365844727
-14.093999862670898,11.246000289916992,0.9673147797584534,1.1193809509277344,0.13908874988555908,0.368108332157135,-0.27067503333091736,0.3103688061237335
-14.093999862670898,11.246000289916992,0.9923060536384583,6.051468372344971,0.09610813111066818,0.6150538325309753,-0.06706537306308746,0.07789783179759979
-14.093999862670898,12.246000289916992,1.2584747076034546,2.8007192611694336,0.08985313028097153,0.30274420976638794,0.17369221150875092,0.18503008782863617
-14.093999862670898,12.246000289916992,1.10311758518219,1.1603145599365234,0.06927606463432312,0.33829542994499207,-0.2039531171321869,0.6495948433876038
-14.093999862670898,12.246000289916992,1.1946563720703125,4.6817779541015625,0.10213524103164673,0.5706098079681396,0.08639062196016312,0.16537506878376007
-14.093999862670898,13.246000289916992,1.1364158391952515,5.1780781745910645,0.1491813063621521,0.8106564879417419,0.10905522108078003,0.10000136494636536
-14.093999862670898,13.246000289916992,1.039489984512329,1.6039758920669556,0.1260233223438263,0.4837866425514221,-0.2416597455739975,0.7898270487785339
-14.093999862670898,13.246000289916992,1.073378086090088,4.301979064941406,0.0648016631603241,0.15542078018188477,0.15854953229427338,0.1101715937256813
-14.093999862670898,14.246000289916992,1.29253089427948,1.3943926095962524,1.7956318855285645,1.5738998651504517,0.10743693262338638,0.007234487216919661
-14.093999862670898,14.246000289916992,1.0690937042236328,1.6149855852127075,0.06825287640094757,0.3206046223640442,0.0164506733417511,0.9923325777053833
-14.093999862670898,14.246000289916992,1.336427927017212,1.5385081768035889,0.6443356275558472,0.5315627455711365,-0.01200189720839262,0.0004329263174440712
-14.093999862670898,15.246000289916992,1.285048484802246,5.76851224899292,0.6586760878562927,1.7278386354446411,0.38613012433052063,0.04238969087600708
-14.093999862670898,15.246000289916992,0.9256276488304138,2.1619930267333984,0.025380641222000122,0.11859646439552307,0.13353124260902405,0.8382037281990051
-14.093999862670898,15.246000289916992,1.0383284091949463,0.9188059568405151,0.04079441353678703,0.017922693863511086,-0.08798965066671371,0.11940661072731018
-14.093999862670898,16.246000289916992,1.0170280933380127,5.272000312805176,0.24151650071144104,1.7561655044555664,0.09920404851436615,0.011439529247581959
-14.093999862670898,16.246000289916992,0.933071494102478,2.0177860260009766,0.05523846298456192,0.11676771193742752,-0.028413552790880203,0.986428439617157
-14.093999862670898,16.246000289916992,1.013502836227417,0.5100802779197693,0.2309356927871704,0.4840617775917053,0.016274163499474525,0.002132103079929948
-14.093999862670898,17.246000289916992,1.1234309673309326,2.137746572494507,0.2666063904762268,1.6238081455230713,0.1263403445482254,0.006925805471837521
-14.093999862670898,17.246000289916992,1.1126174926757812,2.204829692840576,0.07280536741018295,0.05678046494722366,0.03798971697688103,0.9930641055107117
-14.093999862670898,17.246000289916992,1.1651676893234253,6.162732124328613,0.42616409063339233,1.1838840246200562,0.2349971979856491,1.0053819096356165e-05
-14.093999862670898,18.246000289916992,0.9684445261955261,1.8688422441482544,0.1716354489326477,2.083388566970825,0.09132437407970428,0.002737031551077962
-14.093999862670898,18.246000289916992,1.1906734704971313,1.686553955078125,0.08973579108715057,0.052333664149045944,-0.07120844721794128,0.996940016746521
-14.093999862670898,18.246000289916992,1.1936542987823486,0.43072912096977234,0.27802467346191406,0.2677261531352997,-0.031484205275774,0.0003230424190405756
-14.093999862670898,19.246000289916992,1.0929806232452393,1.6816580295562744,0.14790071547031403,1.1634423732757568,0.05945785716176033,0.08744855225086212
-14.093999862670898,19.246000289916992,1.0875433683395386,1.2069787979125977,0.08218321949243546,0.08347280323505402,-0.20140795409679413,0.9021539092063904
-14.093999862670898,19.246000289916992,1.2857667207717896,0.4909277856349945,0.3512513041496277,0.3034105598926544,0.07328568398952484,0.010397461242973804
-14.093999862670898,20.246000289916992,1.0756999254226685,5.9785990715026855,0.29125091433525085,1.3648699522018433,0.09557699412107468,0.024692069739103317
-14.093999862670898,20.246000289916992,1.098616123199463,1.0777087211608887,0.0629885122179985,0.055966537445783615,0.006587106268852949,0.9398846626281738
-14.093999862670898,20.246000289916992,1.298010230064392,0.7821919918060303,0.266637921333313,0.13609372079372406,-0.003910239785909653,0.035423293709754944
-14.093999862670898,21.246000289916992,1.0939408540725708,5.353518962860107,0.5412961840629578,1.5355522632598877,0.3224344253540039,0.017403237521648407
-14.093999862670898,21.246000289916992,0.9490578770637512,0.9473398327827454,0.04393557086586952,0.07672712951898575,-0.05033932998776436,0.961306631565094
-14.093999862670898,21.246000289916992,0.9824596047401428,0.23850008845329285,0.15005889534950256,0.4857196807861328,0.1827448010444641,0.02129015140235424
-14.093999862670898,22.246000289916992,1.0382049083709717,5.699959754943848,0.5141184329986572,1.1838569641113281,0.38217267394065857,0.03875458240509033
-14.093999862670898,22.246000289916992,0.9284183979034424,0.6394385099411011,0.05850371718406677,0.08416993916034698,-0.22015485167503357,0.9564642906188965
-14.093999862670898,22.246000289916992,0.9470763802528381,6.002170562744141,0.1851043552160263,1.3160085678100586,0.2837391197681427,0.00478103943169117
-14.093999862670898,23.246000289916992,1.0047500133514404,0.4971068203449249,0.8666989207267761,1.2047545909881592,0.4056893587112427,0.007152406964451075
-14.093999862670898,23.246000289916992,0.8565197587013245,0.15712597966194153,0.05003610625863075,0.08216609805822372,-0.16551008820533752,0.991198718547821
-14.093999862670898,23.246000289916992,0.8849159479141235,5.974255084991455,0.21198995411396027,2.632542848587036,0.37920767068862915,0.0016489465488120914
-13.093999862670898,-12.753999710083008,0.9586893320083618,4.979785919189453,0.33275577425956726,1.6336853504180908,0.2139962613582611,0.001282342942431569
-13.093999862670898,-12.753999710083008,0.6929039359092712,3.5619914531707764,0.15910452604293823,0.5423388481140137,-0.12414567172527313,0.0005520066479220986
-13.093999862670898,-12.753999710083008,0.7292746901512146,4.557124137878418,0.023111343383789062,0.018294114619493484,0.08450473099946976,0.9981656670570374
-13.093999862670898,-11.753999710083008,1.0943082571029663,4.2144551277160645,0.17714130878448486,0.5718238353729248,-0.009540705941617489,0.10326467454433441
-13.093999862670898,-11.753999710083008,0.7904617786407471,3.988354206085205,0.07709448039531708,0.17845270037651062,0.23404519259929657,0.027198467403650284
-13.093999862670898,-11.753999710083008,0.8053579926490784,4.498111248016357,0.014880955219268799,0.035176172852516174,0.09719938784837723,0.869536817073822
-13.093999862670898,-10.753999710083008,0.8628464937210083,4.548202991485596,0.08889473229646683,0.32582321763038635,-0.12534351646900177,0.2127591222524643
-13.093999862670898,-10.753999710083008,0.6024438142776489,2.3002634048461914,0.08524490892887115,1.0585832595825195,0.1709161400794983,0.01583094522356987
-13.093999862670898,-10.753999710083008,0.6082663536071777,4.9142045974731445,0.00990328099578619,0.09312308579683304,0.013848292641341686,0.7714099287986755
-13.093999862670898,-9.753999710083008,0.7360017895698547,4.199068069458008,0.05073646828532219,0.9438726902008057,-0.0336923748254776,0.6569287776947021
-13.093999862670898,-9.753999710083008,0.5721453428268433,1.2179661989212036,0.0318748764693737,0.4938504099845886,0.08819414675235748,0.24603833258152008
-13.093999862670898,-9.753999710083008,0.7217729687690735,5.00927734375,0.018999191001057625,0.268266499042511,0.03273135796189308,0.09703285992145538
-13.093999862670898,-8.753999710083008,0.886053204536438,5.578609466552734,0.04792386293411255,1.319680094718933,-0.26148721575737,0.49781954288482666
-13.093999862670898,-8.753999710083008,0.7125385403633118,1.510880708694458,0.05765533819794655,0.29145875573158264,-0.06828450411558151,0.4123898446559906
-13.093999862670898,-8.753999710083008,0.7207083106040955,4.608223915100098,0.026887286454439163,0.4330710768699646,-0.04002375155687332,0.08979053795337677
-13.093999862670898,-7.754000186920166,1.0447189807891846,4.6663432121276855,0.04008793830871582,0.7154219150543213,0.12081357091665268,0.5570538640022278
-13.093999862670898,-7.754000186920166,1.0339176654815674,1.5262727737426758,0.07595714926719666,0.5397819876670837,-0.23211157321929932,0.29106512665748596
-13.093999862670898,-7.754000186920166,1.0393563508987427,4.629255771636963,0.058949071913957596,0.4908027648925781,0.09908194094896317,0.15188106894493103
-13.093999862670898,-6.754000186920166,1.1503636837005615,4.856980323791504,0.060292042791843414,0.5187966823577881,0.10891712456941605,0.5207297205924988
-13.093999862670898,-6.754000186920166,0.932766854763031,1.8588879108428955,0.04911920428276062,1.5305085182189941,-0.3946056067943573,0.46835827827453613
-13.093999862670898,-6.754000186920166,1.4030112028121948,0.29736343026161194,0.4475201666355133,2.1500511169433594,-0.01213072333484888,0.010912046767771244
-13.093999862670898,-5.754000186920166,1.1223475933074951,5.076991081237793,0.11305497586727142,0.6837441325187683,0.15147987008094788,0.5109377503395081
-13.093999862670898,-5.754000186920166,0.9688294529914856,1.7605780363082886,0.08463913947343826,0.6801897883415222,-0.10582529008388519,0.3803587555885315
-13.093999862670898,-5.754000186920166,1.1073750257492065,6.228830814361572,0.10503973811864853,0.6399718523025513,-0.060262128710746765,0.10870344191789627
-13.093999862670898,-4.754000186920166,1.1413474082946777,4.2857561111450195,0.08022905141115189,0.43236857652664185,0.049665991216897964,0.7318958044052124
-13.093999862670898,-4.754000186920166,1.0161983966827393,1.6912548542022705,0.092891626060009,0.3821725845336914,0.15250344574451447,0.13737979531288147
-13.093999862670898,-4.754000186920166,1.1778379678726196,0.23735612630844116,0.08185501396656036,0.07299865037202835,0.05909174308180809,0.13072431087493896
-13.093999862670898,-3.753999948501587,1.0603575706481934,5.045165061950684,0.05181538313627243,0.6411535143852234,0.08772589266300201,0.7405999302864075
-13.093999862670898,-3.753999948501587,0.9155142307281494,1.4577587842941284,0.03621632978320122,0.4426528215408325,-0.020805256441235542,0.18380257487297058
-13.093999862670898,-3.753999948501587,1.414923906326294,0.44616544246673584,0.10284882038831711,0.049944452941417694,-0.1412629634141922,0.07559747248888016
-13.093999862670898,-2.753999948501587,1.1224896907806396,5.543117523193359,0.044097594916820526,1.2733922004699707,0.14632274210453033,0.7858232259750366
-13.093999862670898,-2.753999948501587,1.0380648374557495,4.250245571136475,0.07962636649608612,0.6845493316650391,0.2796054184436798,0.1685028374195099
-13.093999862670898,-2.753999948501587,1.2795578241348267,1.385833740234375,0.05142101272940636,0.045755594968795776,-0.338472843170166,0.045673977583646774
-13.093999862670898,-1.753999948501587,1.1350443363189697,4.934608459472656,0.054887790232896805,0.8491251468658447,0.12796719372272491,0.8595907092094421
-13.093999862670898,-1.753999948501587,1.0025460720062256,1.8253816366195679,0.09078791737556458,2.3788809776306152,0.1832599937915802,0.10791338980197906
-13.093999862670898,-1.753999948501587,1.3352574110031128,0.5979525446891785,0.12681610882282257,0.14265038073062897,-0.023404087871313095,0.03249581903219223
-13.093999862670898,-0.7540000081062317,1.1131484508514404,5.321642875671387,0.030315926298499107,0.39656704664230347,0.01986502669751644,0.5657516121864319
-13.093999862670898,-0.7540000081062317,1.0375854969024658,1.773353099822998,0.09029946476221085,0.971078097820282,-0.1471506655216217,0.17468783259391785
-13.093999862670898,-0.7540000081062317,1.0501271486282349,4.6649065017700195,0.021484725177288055,0.15988875925540924,-0.039668112993240356,0.25956055521965027
-13.093999862670898,0.2460000067949295,1.081378698348999,4.662693500518799,0.05762804299592972,0.6375029683113098,0.054320432245731354,0.2691044807434082
-13.093999862670898,0.2460000067949295,0.9935420155525208,2.396193504333496,0.13123416900634766,0.5740711092948914,0.22181358933448792,0.48563116788864136
-13.093999862670898,0.2460000067949295,1.1824157238006592,4.922186851501465,0.059635911136865616,0.10391241312026978,0.16381174325942993,0.24526435136795044
-13.093999862670898,1.246000051498413,1.1516294479370117,5.496004581451416,0.13732191920280457,1.1174176931381226,0.038202568888664246,0.5875446796417236
-13.093999862670898,1.246000051498413,0.8362289667129517,1.535782814025879,0.0569644533097744,1.5592310428619385,0.16224825382232666,0.33539071679115295
-13.093999862670898,1.246000051498413,0.994154691696167,5.767765045166016,0.021951889619231224,0.3111841082572937,-0.027768654748797417,0.07706460356712341
-13.093999862670898,2.246000051498413,1.1764824390411377,5.188398361206055,0.09349078685045242,1.195516586303711,0.00440905662253499,0.5031895041465759
-13.093999862670898,2.246000051498413,1.2335567474365234,3.0244648456573486,0.08285441994667053,0.05370258167386055,0.09926719218492508,0.29635190963745117
-13.093999862670898,2.246000051498413,1.3686519861221313,6.181016445159912,0.07903487235307693,0.017181560397148132,-0.0021902811713516712,0.2004586160182953
-13.093999862670898,3.246000051498413,1.0937252044677734,4.803741455078125,0.12336915731430054,1.323416829109192,0.10372992604970932,0.18405455350875854
-13.093999862670898,3.246000051498413,1.1518346071243286,3.0013344287872314,0.07792873680591583,0.0663570910692215,0.16788651049137115,0.4736177623271942
-13.093999862670898,3.246000051498413,1.2418363094329834,6.224575519561768,0.060293249785900116,0.01850527711212635,0.12804947793483734,0.34232771396636963
-13.093999862670898,4.245999813079834,1.1029269695281982,4.520131587982178,0.16890348494052887,1.869105339050293,0.13592848181724548,0.15858890116214752
-13.093999862670898,4.245999813079834,1.0496480464935303,3.0099594593048096,0.06036439165472984,0.0924442708492279,0.14131614565849304,0.4583793580532074
-13.093999862670898,4.245999813079834,1.224294900894165,6.199151039123535,0.057193540036678314,0.018611282110214233,-0.01439707912504673,0.3830317258834839
-13.093999862670898,5.245999813079834,1.0536584854125977,5.440013408660889,0.06369994580745697,1.701939582824707,-0.06553268432617188,0.3362445533275604
-13.093999862670898,5.245999813079834,1.0911049842834473,3.025824546813965,0.07899497449398041,0.12881503999233246,0.090155690908432,0.4537627696990967
-13.093999862670898,5.245999813079834,1.2498009204864502,6.27056360244751,0.07198451459407806,0.02783050388097763,-0.13769014179706573,0.2099926918745041
-13.093999862670898,6.245999813079834,1.167579174041748,3.843716859817505,0.19896642863750458,1.277328610420227,0.009565966203808784,0.21360859274864197
-13.093999862670898,6.245999813079834,1.1499085426330566,2.719264268875122,0.10777585208415985,0.19589050114154816,0.2257414609193802,0.4223649799823761
-13.093999862670898,6.245999813079834,1.1906747817993164,6.193086624145508,0.07703134417533875,0.11926320940256119,-0.03690478950738907,0.36402633786201477
-13.093999862670898,7.245999813079834,1.1107022762298584,5.607807636260986,0.1651909500360489,1.7963439226150513,0.13951173424720764,0.12275756895542145
-13.093999862670898,7.245999813079834,0.98780357837677,3.049053907394409,0.11477746069431305,0.39055126905441284,0.14607006311416626,0.5468277335166931
-13.093999862670898,7.245999813079834,1.0577239990234375,0.04634911194443703,0.08275105059146881,0.23274582624435425,0.041595377027988434,0.33041471242904663
-13.093999862670898,8.246000289916992,0.986343502998352,5.109068870544434,0.48305362462997437,1.2355058193206787,0.08564336597919464,0.07659810036420822
-13.093999862670898,8.246000289916992,0.7070952653884888,3.4872140884399414,0.09016558527946472,0.4094372093677521,0.017810096964240074,0.14452189207077026
-13.093999862670898,8.246000289916992,0.6866427063941956,4.594935894012451,0.021413570269942284,0.24714423716068268,0.30854424834251404,0.7788800001144409
-13.093999862670898,9.246000289916992,0.8010823726654053,4.417604446411133,0.27609023451805115,1.4052523374557495,0.09146632999181747,0.04917795583605766
-13.093999862670898,9.246000289916992,0.7587924003601074,2.0576071739196777,0.07226476818323135,0.05417682230472565,0.20111580193042755,0.9321022629737854
-13.093999862670898,9.246000289916992,0.7763768434524536,5.109057903289795,0.1474635750055313,0.2643881142139435,0.06623121351003647,0.01871977373957634
-13.093999862670898,10.246000289916992,1.0085861682891846,4.43841552734375,0.5336846709251404,1.4944010972976685,0.059388358145952225,0.12380535900592804
-13.093999862670898,10.246000289916992,0.7063325047492981,2.9324166774749756,0.06784041970968246,0.41390538215637207,-0.044872988015413284,0.23254068195819855
-13.093999862670898,10.246000289916992,0.7206886410713196,5.361185073852539,0.03852061554789543,0.3362323045730591,0.01992775686085224,0.643653929233551
-13.093999862670898,11.246000289916992,1.0240718126296997,3.6033034324645996,0.09102824330329895,1.033674955368042,0.09520290046930313,0.45165830850601196
-13.093999862670898,11.246000289916992,0.9143233895301819,2.253012180328369,0.11515182256698608,0.20484881103038788,-0.1264103800058365,0.511729896068573
-13.093999862670898,11.246000289916992,0.8974970579147339,5.615255355834961,0.0654054656624794,0.24338418245315552,-0.1007021963596344,0.036611784249544144
-13.093999862670898,12.246000289916992,1.1318554878234863,3.4159324169158936,0.09749531745910645,0.9587185382843018,0.24575823545455933,0.35640135407447815
-13.093999862670898,12.246000289916992,0.9464542865753174,2.008178234100342,0.07306046038866043,0.5331056118011475,0.10372906923294067,0.555750846862793
-13.093999862670898,12.246000289916992,1.1199983358383179,4.853595733642578,0.058220330625772476,0.0982648953795433,0.05893649160861969,0.08784778416156769
-13.093999862670898,13.246000289916992,0.939898669719696,4.312427043914795,0.05067380890250206,0.5678660273551941,0.117121122777462,0.30318960547447205
-13.093999862670898,13.246000289916992,1.0040637254714966,1.6976321935653687,0.11250504106283188,0.8309869170188904,-0.2726537585258484,0.5863944292068481
-13.093999862670898,13.246000289916992,1.0458301305770874,4.47446346282959,0.04891432821750641,0.1468620002269745,0.1734020859003067,0.110415980219841
-13.093999862670898,14.246000289916992,1.4487718343734741,1.896636724472046,2.3142945766448975,2.5818307399749756,0.14913146197795868,0.005362990312278271
-13.093999862670898,14.246000289916992,1.1168586015701294,1.6328346729278564,0.100417360663414,0.2652054727077484,0.08419457077980042,0.9945766925811768
-13.093999862670898,14.246000289916992,1.2842540740966797,1.4415439367294312,1.0284051895141602,1.9587591886520386,-0.07872695475816727,6.040748121449724e-05
-13.093999862670898,15.246000289916992,1.206014633178711,5.865951061248779,0.3908315598964691,2.0363476276397705,0.2903875410556793,0.12178439646959305
-13.093999862670898,15.246000289916992,0.9072274565696716,2.0806682109832764,0.03448591008782387,0.1355336308479309,0.15336227416992188,0.6482661962509155
-13.093999862670898,15.246000289916992,1.0547865629196167,0.8980425000190735,0.030280090868473053,0.00848210696130991,-0.12447334080934525,0.22994942963123322
-13.093999862670898,16.246000289916992,1.1249518394470215,3.4555275440216064,0.27702122926712036,0.6759282946586609,0.10742948204278946,0.06792402267456055
-13.093999862670898,16.246000289916992,1.0033469200134277,1.5783159732818604,0.07778489589691162,0.27768275141716003,-0.4216170310974121,0.9192734956741333
-13.093999862670898,16.246000289916992,0.978171706199646,0.11326965689659119,0.2019590437412262,3.582811117172241,0.1535763144493103,0.012802490964531898
-13.093999862670898,17.246000289916992,1.2192234992980957,3.953103542327881,0.3730278015136719,1.4614962339401245,0.11739403009414673,0.015091564506292343
-13.093999862670898,17.246000289916992,1.0697200298309326,1.3318405151367188,0.07672442495822906,0.13918669521808624,-0.010135236196219921,0.984582245349884
-13.093999862670898,17.246000289916992,1.2119336128234863,0.9405178427696228,0.2907339930534363,0.4812699258327484,0.07790274918079376,0.0003261344972997904
-13.093999862670898,20.246000289916992,1.3217802047729492,2.021699905395508,1.275249719619751,0.8589295148849487,-0.013524393551051617,0.006511549931019545
-13.093999862670898,20.246000289916992,1.114273190498352,1.2481387853622437,0.06480058282613754,0.16324293613433838,-0.0672309547662735,0.9668605923652649
-13.093999862670898,20.246000289916992,1.3586457967758179,1.017340898513794,0.3949541747570038,0.18901845812797546,0.21155795454978943,0.0266279224306345
-13.093999862670898,21.246000289916992,1.432657241821289,1.8044581413269043,3.0194995403289795,0.7791802287101746,0.19047856330871582,0.0207491647452116
-13.093999862670898,21.246000289916992,1.0406259298324585,1.2977973222732544,0.05546378716826439,0.2974746823310852,-0.43182340264320374,0.45877623558044434
-13.093999862670898,21.246000289916992,1.2614635229110718,1.16376531124115,0.13176743686199188,0.268989235162735,0.1996518224477768,0.5204745531082153
-13.093999862670898,22.246000289916992,1.3845518827438354,3.6235015392303467,3.8364884853363037,0.6060789227485657,0.2853938043117523,0.00956088025122881
-13.093999862670898,22.246000289916992,0.9053128957748413,1.0124015808105469,0.06149642914533615,1.619434118270874,-0.5091847777366638,0.07616599649190903
-13.093999862670898,22.246000289916992,1.126619577407837,1.702298641204834,0.07500232011079788,0.3182615637779236,0.21125824749469757,0.9142731428146362
-13.093999862670898,23.246000289916992,1.4163762331008911,5.415867328643799,5.430184841156006,0.4698934257030487,0.3532118499279022,0.0010032708523795009
-13.093999862670898,23.246000289916992,0.8101877570152283,0.8086007833480835,0.08640214055776596,10.364218711853027,-0.4974420666694641,0.003793842624872923
-13.093999862670898,23.246000289916992,1.0735377073287964,2.438263177871704,0.05874728411436081,0.3710724711418152,0.1528201550245285,0.995202898979187
-12.093999862670898,-12.753999710083008,0.9442764520645142,2.0577754974365234,0.6392393112182617,2.605825185775757,0.21152295172214508,0.00571189122274518
-12.093999862670898,-12.753999710083008,0.613705575466156,4.40277624130249,0.0291580930352211,0.07605715841054916,-0.14715757966041565,0.9929865002632141
-12.093999862670898,-12.753999710083008,0.7597858905792236,5.541287899017334,0.14888964593410492,2.005490779876709,0.22851617634296417,0.0013016528682783246
-12.093999862670898,-11.753999710083008,1.0350898504257202,4.6193647384643555,0.4360049366950989,2.2666356563568115,0.29184648394584656,0.01699899137020111
-12.093999862670898,-11.753999710083008,0.772143542766571,4.312348365783691,0.025590525940060616,0.053138017654418945,0.04809045419096947,0.7938105463981628
-12.093999862670898,-11.753999710083008,0.7696921825408936,5.076539039611816,0.04163909703493118,0.378481924533844,0.16516879200935364,0.18919046223163605
-12.093999862670898,-10.753999710083008,0.9062763452529907,4.812721252441406,0.11067359894514084,0.5799746513366699,-0.11925754696130753,0.10943848639726639
-12.093999862670898,-10.753999710083008,0.5421284437179565,3.1596481800079346,0.06457535177469254,1.5612629652023315,0.13307704031467438,0.02545899711549282
-12.093999862670898,-10.753999710083008,0.6150494813919067,4.544167518615723,0.00959637388586998,0.13696123659610748,0.09933203458786011,0.8651024699211121
-12.093999862670898,-9.753999710083008,0.8957569003105164,4.199939250946045,0.07934418320655823,1.487984538078308,-0.17740090191364288,0.5806435942649841
-12.093999862670898,-9.753999710083008,0.6554076075553894,1.5912959575653076,0.03207313269376755,0.285137802362442,-0.1522401124238968,0.26529791951179504
-12.093999862670898,-9.753999710083008,0.7284048199653625,4.5204339027404785,0.020759453997015953,0.379593163728714,-0.021091759204864502,0.15405847132205963
-12.093999862670898,-8.753999710083008,0.9883764386177063,5.278482913970947,0.03865935653448105,1.0922355651855469,-0.01765330135822296,0.5860415697097778
-12.093999862670898,-8.753999710083008,0.8153747320175171,1.565902590751648,0.06325283646583557,0.4177110195159912,-0.12941652536392212,0.31367039680480957
-12.093999862670898,-8.753999710083008,0.8496886491775513,4.968347072601318,0.05174660310149193,0.5446274876594543,-0.09279724210500717,0.10028798133134842
-12.093999862670898,-7.754000186920166,1.0239789485931396,4.568220138549805,0.065696120262146,0.8952446579933167,0.2693406939506531,0.5086772441864014
-12.093999862670898,-7.754000186920166,0.9547740817070007,1.8043798208236694,0.06201956421136856,1.2915867567062378,-0.25274762511253357,0.4400733411312103
-12.093999862670898,-7.754000186920166,1.1634867191314697,0.46596649289131165,0.10207661986351013,0.49017030000686646,-0.06167355924844742,0.05124932900071144
-12.093999862670898,-6.754000186920166,1.1657638549804688,5.5976128578186035,0.18576379120349884,2.2930333614349365,0.20440085232257843,0.33994951844215393
-12.093999862670898,-6.754000186920166,0.9095102548599243,3.3661060333251953,0.09090336412191391,2.676372528076172,-0.08261150121688843,0.6114997863769531
-12.093999862670898,-6.754000186920166,1.0747663974761963,1.4096876382827759,0.09867174923419952,0.900312066078186,-0.24657507240772247,0.048550624400377274
-12.093999862670898,-5.754000186920166,1.0500004291534424,5.426666259765625,0.05859570577740669,0.9430927038192749,0.010175904259085655,0.32080021500587463
-12.093999862670898,-5.754000186920166,0.9710745811462402,2.3176212310791016,0.08077263087034225,0.8206700682640076,-0.19203060865402222,0.5331109166145325
-12.093999862670898,-5.754000186920166,1.1217175722122192,0.6568290591239929,0.13817596435546875,0.6508031487464905,-0.2219264805316925,0.14608891308307648
-12.093999862670898,-4.754000186920166,1.0628929138183594,5.058352470397949,0.08569692820310593,0.7104908227920532,0.09834755212068558,0.6868810653686523
-12.093999862670898,-4.754000186920166,0.9554874897003174,1.7016851902008057,0.06735672801733017,0.1789001077413559,0.22191724181175232,0.2004341036081314
-12.093999862670898,-4.754000186920166,1.0782630443572998,0.21395528316497803,0.05157928541302681,0.037037529051303864,0.11904020607471466,0.11268479377031326
-12.093999862670898,-3.753999948501587,1.1774721145629883,5.305300235748291,0.05857362598180771,1.5519418716430664,0.02424776554107666,0.7491693496704102
-12.093999862670898,-3.753999948501587,1.0268616676330566,2.5815634727478027,0.09964068233966827,1.011801838874817,0.2337694615125656,0.13945037126541138
-12.093999862670898,-3.753999948501587,1.257774829864502,0.1767035275697708,0.07123581320047379,0.04388552904129028,-0.22256094217300415,0.11138027161359787
-12.093999862670898,-2.753999948501587,1.1324446201324463,5.578972816467285,0.06592840701341629,1.248134732246399,0.07920706272125244,0.8266850709915161
-12.093999862670898,-2.753999948501587,0.8496457934379578,3.199127435684204,0.04086672142148018,1.3463093042373657,0.43935641646385193,0.08469616621732712
-12.093999862670898,-2.753999948501587,1.0384447574615479,1.905672550201416,0.02513648383319378,0.0762411504983902,-0.3450603485107422,0.08861882984638214
-12.093999862670898,-1.753999948501587,1.2221095561981201,4.949987411499023,0.12768065929412842,0.9840591549873352,-0.10782656818628311,0.48441752791404724
-12.093999862670898,-1.753999948501587,1.0010181665420532,1.629489779472351,0.041010525077581406,0.5700963139533997,0.04416912794113159,0.45586884021759033
-12.093999862670898,-1.753999948501587,1.1441154479980469,6.013317584991455,0.03506702929735184,0.14954468607902527,-0.09774318337440491,0.05971357226371765
-12.093999862670898,-0.7540000081062317,1.2303632497787476,5.481553077697754,0.24869900941848755,1.015834927558899,0.23116973042488098,0.5590094327926636
-12.093999862670898,-0.7540000081062317,0.9542680382728577,2.2024354934692383,0.07621683180332184,0.7518299221992493,0.03985658660531044,0.396689236164093
-12.093999862670898,-0.7540000081062317,0.853309154510498,6.007509231567383,0.028017381206154823,0.20892074704170227,-0.05306599289178848,0.04430132731795311
-12.093999862670898,0.2460000067949295,0.896302342414856,2.9238481521606445,0.058134499937295914,0.5338007807731628,0.1905132532119751,0.6845631003379822
-12.093999862670898,0.2460000067949295,0.8863036632537842,2.5223071575164795,0.13608404994010925,0.6897031664848328,0.09193897992372513,0.27625522017478943
-12.093999862670898,0.2460000067949295,1.0496007204055786,5.937214374542236,0.09592078626155853,0.09817197918891907,0.06665384769439697,0.03918171301484108
-12.093999862670898,1.246000051498413,1.071701169013977,4.633842945098877,0.17497386038303375,1.1556679010391235,0.19821256399154663,0.3651183545589447
-12.093999862670898,1.246000051498413,0.8056174516677856,1.987479567527771,0.06082075089216232,0.342233806848526,-0.21041807532310486,0.5850311517715454
-12.093999862670898,1.246000051498413,0.984093427658081,0.12071205675601959,0.07699528336524963,0.2200622707605362,-0.12827064096927643,0.049850527197122574
-12.093999862670898,2.246000051498413,1.1466394662857056,5.4029107093811035,0.13058950006961823,1.3628422021865845,0.02981935255229473,0.4320594072341919
-12.093999862670898,2.246000051498413,1.1856192350387573,3.012575149536133,0.08726050704717636,0.05779414623975754,0.1188625693321228,0.37523868680000305
-12.093999862670898,2.246000051498413,1.310160517692566,6.188948154449463,0.07356017082929611,0.019522199407219887,0.07333383709192276,0.19270184636116028
-12.093999862670898,3.246000051498413,1.1327881813049316,5.477061748504639,0.25822877883911133,1.7634526491165161,0.09463760256767273,0.16540208458900452
-12.093999862670898,3.246000051498413,1.1370609998703003,2.978830337524414,0.0729903131723404,0.05152624845504761,0.0845961719751358,0.46848008036613464
-12.093999862670898,3.246000051498413,1.2225356101989746,6.19314432144165,0.054242998361587524,0.014891978353261948,0.06951984763145447,0.3661178648471832
-12.093999862670898,4.245999813079834,1.0763165950775146,4.810266017913818,0.1513238400220871,1.792151689529419,0.11126963794231415,0.2822558879852295
-12.093999862670898,4.245999813079834,1.0560722351074219,2.9103195667266846,0.06284726411104202,0.07610085606575012,0.15084123611450195,0.3886485993862152
-12.093999862670898,4.245999813079834,1.223563551902771,6.171249866485596,0.05663124844431877,0.016618574038147926,-0.011549852788448334,0.3290954828262329
-12.093999862670898,5.245999813079834,1.105262279510498,5.390805721282959,0.08854731917381287,1.4761061668395996,0.0023026515264064074,0.5194834470748901
-12.093999862670898,5.245999813079834,1.0868929624557495,3.0329208374023438,0.0783645287156105,0.17668180167675018,0.058134038001298904,0.3089756667613983
-12.093999862670898,5.245999813079834,1.1754440069198608,0.03164166584610939,0.05897743999958038,0.03528841212391853,-0.09717901796102524,0.17154094576835632
-12.093999862670898,6.245999813079834,1.1443421840667725,4.659605026245117,0.1956334412097931,1.4148099422454834,0.0649978443980217,0.3517765998840332
-12.093999862670898,6.245999813079834,1.1586040258407593,2.908322811126709,0.13008137047290802,0.21168911457061768,0.15310125052928925,0.480122447013855
-12.093999862670898,6.245999813079834,1.1805940866470337,6.220494747161865,0.07389356940984726,0.07118003815412521,-0.03276976943016052,0.168100968003273
-12.093999862670898,7.245999813079834,1.1069722175598145,5.068092346191406,0.08843044191598892,1.5517754554748535,0.18434390425682068,0.5847228169441223
-12.093999862670898,7.245999813079834,1.0602078437805176,3.1428890228271484,0.14182166755199432,0.4677090346813202,0.1369757503271103,0.3133735656738281
-12.093999862670898,7.245999813079834,1.0732852220535278,6.253541469573975,0.06480194628238678,0.12398898601531982,0.04869105666875839,0.10190371423959732
-12.093999862670898,8.246000289916992,1.139837384223938,5.524967670440674,0.17171530425548553,1.2648013830184937,0.030410129576921463,0.5072170495986938
-12.093999862670898,8.246000289916992,0.8703103065490723,2.50471830368042,0.1089264377951622,1.30109703540802,0.022934557870030403,0.41036680340766907
-12.093999862670898,8.246000289916992,0.8528755903244019,5.875317096710205,0.05123671516776085,0.39411088824272156,0.07404245436191559,0.08241613954305649
-12.093999862670898,9.246000289916992,1.122588872909546,5.02421236038208,0.37998801469802856,1.1517853736877441,0.12203695625066757,0.135839581489563
-12.093999862670898,9.246000289916992,0.7707694172859192,1.4748914241790771,0.038756683468818665,0.18568365275859833,-0.05926673486828804,0.5408143401145935
-12.093999862670898,9.246000289916992,0.7971300482749939,5.0687456130981445,0.03471209108829498,0.23259073495864868,0.0669274777173996,0.3233460783958435
-12.093999862670898,10.246000289916992,1.225132703781128,5.517018795013428,0.5121640563011169,1.9113556146621704,0.04498368501663208,0.09746550023555756
-12.093999862670898,10.246000289916992,1.0527712106704712,2.1136932373046875,0.08786690980195999,0.1601262390613556,0.17781616747379303,0.5382652282714844
-12.093999862670898,10.246000289916992,1.043342113494873,5.410678863525391,0.07264488190412521,0.23233547806739807,0.03334225341677666,0.3642692565917969
-12.093999862670898,11.246000289916992,1.0684834718704224,5.205395221710205,0.19386926293373108,1.401094913482666,0.055851008743047714,0.10437034070491791
-12.093999862670898,11.246000289916992,1.0423362255096436,2.2201714515686035,0.07755067199468613,0.071092389523983,0.07249751687049866,0.6325122714042664
-12.093999862670898,11.246000289916992,1.10163414478302,5.335212707519531,0.06302934139966965,0.1151919737458229,0.0749821588397026,0.26311737298965454
-12.093999862670898,12.246000289916992,1.0514044761657715,4.868391513824463,0.2040082961320877,1.6808674335479736,0.10985749214887619,0.2594321072101593
-12.093999862670898,12.246000289916992,1.082922339439392,2.1918156147003174,0.07952871173620224,0.0541759729385376,0.024014487862586975,0.6347424983978271
-12.093999862670898,12.246000289916992,1.1579779386520386,5.371753215789795,0.07792270183563232,0.09247059375047684,0.1837569922208786,0.10582545399665833
-12.093999862670898,13.246000289916992,1.0594518184661865,0.17831605672836304,0.1340286135673523,0.9389227032661438,0.143028125166893,0.09523759037256241
-12.093999862670898,13.246000289916992,1.0218428373336792,2.0606768131256104,0.1285480409860611,0.21703016757965088,0.11212076246738434,0.8697267770767212
-12.093999862670898,13.246000289916992,0.9015490412712097,4.907331943511963,0.10034137219190598,0.2465580254793167,0.12202668935060501,0.03503558412194252
-12.093999862670898,14.246000289916992,1.3280030488967896,0.12162679433822632,0.7777983546257019,1.5290780067443848,0.19104790687561035,0.007143241353332996
-12.093999862670898,14.246000289916992,0.976127564907074,1.5381314754486084,0.053034134209156036,0.2755347490310669,0.030381593853235245,0.9921940565109253
-12.093999862670898,14.246000289916992,1.1533104181289673,1.3999072313308716,0.378101110458374,0.7798556089401245,-0.09557519853115082,0.0006626846734434366
-12.093999862670898,15.246000289916992,1.3343913555145264,4.552483558654785,0.7124910354614258,1.2453171014785767,0.2829754054546356,0.04097111150622368
-12.093999862670898,15.246000289916992,0.9431385397911072,1.7119234800338745,0.04493468627333641,0.185712531208992,-0.10552895814180374,0.3423662483692169
-12.093999862670898,15.246000289916992,1.0321590900421143,0.7501415610313416,0.040702663362026215,0.06126370280981064,-0.17767459154129028,0.6166626214981079
-12.093999862670898,16.246000289916992,1.1790592670440674,4.641035079956055,0.36167749762535095,0.8355814814567566,0.21401143074035645,0.014424915425479412
-12.093999862670898,16.246000289916992,1.1044893264770508,1.1632851362228394,0.05477217584848404,0.2008180022239685,-0.09290938079357147,0.9845422506332397
-12.093999862670898,16.246000289916992,1.2270783185958862,0.4393581449985504,0.4951411187648773,1.22255539894104,0.21296538412570953,0.001032874803058803
-12.093999862670898,17.246000289916992,1.330717921257019,3.5109381675720215,1.1464811563491821,1.3366246223449707,0.1536554992198944,0.004077760968357325
-12.093999862670898,17.246000289916992,1.118959903717041,0.9235031604766846,0.07238029688596725,0.132502481341362,-0.042041268199682236,0.9949826002120972
-12.093999862670898,17.246000289916992,1.2183866500854492,1.4484598636627197,0.32339024543762207,0.281002402305603,0.05800865590572357,0.0009396097739227116
-12.093999862670898,18.246000289916992,1.1905014514923096,2.2985949516296387,0.23981155455112457,1.3657735586166382,0.04454810172319412,0.0037078866735100746
-12.093999862670898,18.246000289916992,1.2846527099609375,1.3901821374893188,0.08860582113265991,0.07943430542945862,-0.03817856311798096,0.9962103366851807
-12.093999862670898,18.246000289916992,1.4177569150924683,0.6845148801803589,0.547796905040741,0.1818503886461258,-0.06522834300994873,8.17820691736415e-05
-12.093999862670898,19.246000289916992,1.0329631567001343,3.4766106605529785,0.2147720903158188,1.0561846494674683,0.01850038394331932,0.05869500711560249
-12.093999862670898,19.246000289916992,1.0386149883270264,1.68291175365448,0.1753319799900055,0.12659817934036255,-0.21977636218070984,0.9394979476928711
-12.093999862670898,19.246000289916992,1.1746455430984497,5.844494819641113,0.5295673608779907,0.836162269115448,0.3115192949771881,0.0018071038648486137
-12.093999862670898,20.246000289916992,1.0851150751113892,2.136863946914673,0.36531129479408264,1.2362005710601807,-0.03857707977294922,0.013652619905769825
-12.093999862670898,20.246000289916992,1.096770167350769,1.8122462034225464,0.10285279154777527,0.07589587569236755,-0.06382517516613007,0.9761974215507507
-12.093999862670898,20.246000289916992,1.2469279766082764,6.2075324058532715,0.36196669936180115,0.16685914993286133,0.2761510908603668,0.010149946436285973
-12.093999862670898,21.246000289916992,0.9931436777114868,0.7040161490440369,0.4114339351654053,1.4451693296432495,-0.03701060637831688,0.010788743384182453
-12.093999862670898,21.246000289916992,1.0013961791992188,1.920011043548584,0.05147010087966919,0.05571606755256653,0.10688500851392746,0.9284877181053162
-12.093999862670898,21.246000289916992,1.2288471460342407,0.7661795616149902,0.24429631233215332,0.04375259950757027,0.1776183545589447,0.060723576694726944
-12.093999862670898,22.246000289916992,0.903214156627655,0.793775737285614,0.36041179299354553,1.0784649848937988,0.008300574496388435,0.029057903215289116
-12.093999862670898,22.246000289916992,0.9646587371826172,2.0829949378967285,0.05375135689973831,0.03896082192659378,-0.0984836220741272,0.5106427669525146
-12.093999862670898,22.246000289916992,1.191845417022705,0.8588147759437561,0.1676131784915924,0.06214199960231781,0.12010686844587326,0.4602992832660675
-12.093999862670898,23.246000289916992,0.9166198968887329,1.511108636856079,0.45040184259414673,0.8339478373527527,0.09102163463830948,0.01539040356874466
-12.093999862670898,23.246000289916992,0.9506818652153015,2.2296197414398193,0.055467620491981506,0.03607407584786415,-0.25552988052368164,0.10365805774927139
-12.093999862670898,23.246000289916992,1.151360273361206,0.8459106683731079,0.09580226242542267,0.1209084689617157,0.09848777204751968,0.8809515237808228
-11.093999862670898,-12.753999710083008,0.7936843633651733,4.510067462921143,0.3066474497318268,1.6767336130142212,0.11864156275987625,0.04623263701796532
-11.093999862670898,-12.753999710083008,0.5077495574951172,4.159067153930664,0.009220046922564507,0.0340033695101738,-0.1605023890733719,0.9506804943084717
-11.093999862670898,-12.753999710083008,0.7795711755752563,0.7321616411209106,0.09318795800209045,1.3506574630737305,0.11495216190814972,0.003086893353611231
-11.093999862670898,-11.753999710083008,0.9467740058898926,1.6517589092254639,0.5041680335998535,2.3322346210479736,0.21107390522956848,0.006757291965186596
-11.093999862670898,-11.753999710083008,0.7488661408424377,4.590703964233398,0.028180832043290138,0.0346679724752903,0.03992020711302757,0.5071486830711365
-11.093999862670898,-11.753999710083008,0.7489683032035828,5.836335182189941,0.04504815489053726,0.38996437191963196,0.2967770993709564,0.48609402775764465
-11.093999862670898,-10.753999710083008,1.0049089193344116,4.8959856033325195,0.1358555257320404,0.7073990702629089,-0.13212107121944427,0.13206061720848083
-11.093999862670898,-10.753999710083008,0.6846046447753906,3.3096039295196533,0.1470698118209839,1.630771517753601,0.12574781477451324,0.009005431085824966
-11.093999862670898,-10.753999710083008,0.6702237725257874,4.899982452392578,0.013358870521187782,0.24387170374393463,-0.011558480560779572,0.8589339256286621
-11.093999862670898,-9.753999710083008,0.7868417501449585,4.155664443969727,0.0918743684887886,1.8769606351852417,-0.16902148723602295,0.24115976691246033
-11.093999862670898,-9.753999710083008,0.6396610140800476,2.004141330718994,0.015025942586362362,0.16303248703479767,-0.2688126564025879,0.08728782087564468
-11.093999862670898,-9.753999710083008,0.6540243029594421,4.526803493499756,0.0076399450190365314,0.3143254518508911,0.06211819127202034,0.6715523600578308
-11.093999862670898,-8.753999710083008,0.8379383683204651,4.881687164306641,0.03330941125750542,1.1487137079238892,0.12142471224069595,0.4741111695766449
-11.093999862670898,-8.753999710083008,0.7263847589492798,2.198521852493286,0.09376958012580872,0.955545961856842,-0.34262576699256897,0.37791478633880615
-11.093999862670898,-8.753999710083008,0.938812792301178,5.494950771331787,0.11435446888208389,1.5245847702026367,-0.14278028905391693,0.14797408878803253
-11.093999862670898,-7.754000186920166,1.0779566764831543,4.244024276733398,0.1427653431892395,0.8875657916069031,0.322971910238266,0.2952598035335541
-11.093999862670898,-7.754000186920166,0.9182915091514587,2.8522262573242188,0.05907228961586952,1.5371748208999634,-0.28932517766952515,0.4702906906604767
-11.093999862670898,-7.754000186920166,1.113898754119873,1.0829929113388062,0.1227160319685936,0.5623942613601685,-0.020150117576122284,0.23444947600364685
-11.093999862670898,-6.754000186920166,0.9890492558479309,5.924912452697754,0.1844748705625534,3.0314576625823975,0.056521009653806686,0.10926242917776108
-11.093999862670898,-6.754000186920166,1.0888739824295044,4.1351118087768555,0.1433420181274414,0.1497923582792282,0.13076409697532654,0.5733174085617065
-11.093999862670898,-6.754000186920166,1.1309537887573242,1.1596314907073975,0.08471101522445679,0.1825374960899353,-0.35075610876083374,0.31742024421691895
-11.093999862670898,-5.754000186920166,1.0247137546539307,5.0875678062438965,0.05785893276333809,0.6379973888397217,-0.03775704652070999,0.262885183095932
-11.093999862670898,-5.754000186920166,0.8289000391960144,2.4524667263031006,0.04998566955327988,3.209705114364624,-0.22451187670230865,0.4788080155849457
-11.093999862670898,-5.754000186920166,1.0662776231765747,1.4168543815612793,0.16115355491638184,1.7639751434326172,-0.24453379213809967,0.2583068311214447
-11.093999862670898,-4.754000186920166,1.04789400100708,5.4754414558410645,0.05388437956571579,0.7469595670700073,0.11978446692228317,0.36843204498291016
-11.093999862670898,-4.754000186920166,0.9483424425125122,1.4341827630996704,0.14580126106739044,0.5319890975952148,0.12115734815597534,0.6006272435188293
-11.093999862670898,-4.754000186920166,0.9730204343795776,5.6025238037109375,0.06386631727218628,0.2551945745944977,0.11683085560798645,0.03094075620174408
-11.093999862670898,-3.753999948501587,1.1666816473007202,5.621432781219482,0.03321054205298424,1.227962613105774,-0.08362094312906265,0.7039195895195007
-11.093999862670898,-3.753999948501587,1.2991727590560913,3.1744985580444336,0.34832125902175903,1.2151947021484375,0.1822025626897812,0.15956583619117737
-11.093999862670898,-3.753999948501587,1.2898420095443726,0.3235328495502472,0.10737413167953491,0.030725490301847458,-0.10427148640155792,0.1365145891904831
-11.093999862670898,-2.753999948501587,1.1390734910964966,6.196186542510986,0.07436849176883698,1.026410460472107,0.0820527970790863,0.9105917811393738
-11.093999862670898,-2.753999948501587,0.8864350318908691,3.173799514770508,0.1018490344285965,0.644451916217804,0.3598577380180359,0.05855545029044151
-11.093999862670898,-2.753999948501587,0.9533814787864685,0.5431978106498718,0.06264517456293106,0.057384930551052094,-0.2149159014225006,0.030852816998958588
-11.093999862670898,-1.753999948501587,1.1949856281280518,5.230002403259277,0.07198777794837952,1.1433982849121094,-0.2432449907064438,0.4899761378765106
-11.093999862670898,-1.753999948501587,1.0237003564834595,1.5483027696609497,0.04956495016813278,0.20626594126224518,-0.18562297523021698,0.42680272459983826
-11.093999862670898,-1.753999948501587,1.08575439453125,5.387453079223633,0.03341769427061081,0.3506263792514801,-0.127969890832901,0.08322115987539291
-11.093999862670898,-0.7540000081062317,1.260710597038269,5.153570175170898,0.32805678248405457,1.7902625799179077,0.133907750248909,0.4045230746269226
-11.093999862670898,-0.7540000081062317,1.0253090858459473,2.722503185272217,0.18920333683490753,0.48711371421813965,0.024102462455630302,0.34406816959381104
-11.093999862670898,-0.7540000081062317,0.9938600063323975,0.1750563681125641,0.0743473619222641,0.12192552536725998,0.029595645144581795,0.25140875577926636
-11.093999862670898,0.2460000067949295,1.0461561679840088,2.9029362201690674,0.27560096979141235,1.386911392211914,0.2455988973379135,0.3356696665287018
-11.093999862670898,0.2460000067949295,0.870866060256958,3.0773794651031494,0.08015727996826172,0.27513185143470764,-0.24537736177444458,0.6221551299095154
-11.093999862670898,0.2460000067949295,0.9406132698059082,5.750173091888428,0.05404103174805641,0.2368623912334442,0.12928077578544617,0.042175158858299255
-11.093999862670898,1.246000051498413,1.082486629486084,6.1564412117004395,0.45266199111938477,1.9793676137924194,0.12739939987659454,0.10217046737670898
-11.093999862670898,1.246000051498413,0.5931603312492371,3.094512701034546,0.028386341407895088,0.3628327548503876,-0.2560262680053711,0.8560563325881958
-11.093999862670898,1.246000051498413,0.7429715991020203,5.6861796379089355,0.03449878841638565,0.3108728528022766,0.15765297412872314,0.04177316650748253
-11.093999862670898,2.246000051498413,1.1251596212387085,5.830575466156006,0.18635205924510956,1.5842536687850952,0.04761992022395134,0.33686813712120056
-11.093999862670898,2.246000051498413,1.1000865697860718,3.0127508640289307,0.08353270590305328,0.07360043376684189,0.06382366269826889,0.48951900005340576
-11.093999862670898,2.246000051498413,1.2239826917648315,6.167201042175293,0.06496009975671768,0.02418394200503826,0.06456151604652405,0.17361290752887726
-11.093999862670898,3.246000051498413,1.2333775758743286,5.705036163330078,0.5634279251098633,1.8226076364517212,0.0440434068441391,0.13400359451770782
-11.093999862670898,3.246000051498413,1.1992506980895996,3.0826938152313232,0.08026371896266937,0.051334742456674576,-0.03885011002421379,0.5527272820472717
-11.093999862670898,3.246000051498413,1.1686961650848389,6.2177958488464355,0.044898394495248795,0.022937525063753128,-0.05571465194225311,0.31326913833618164
-11.093999862670898,4.245999813079834,1.0926132202148438,4.723445415496826,0.13049080967903137,2.0214505195617676,0.08146404474973679,0.1722913682460785
-11.093999862670898,4.245999813079834,1.1040151119232178,2.913661479949951,0.05691862106323242,0.08244706690311432,0.15563872456550598,0.5069510340690613
-11.093999862670898,4.245999813079834,1.328255534172058,6.194579124450684,0.06149926036596298,0.019017908722162247,-0.078538678586483,0.32075753808021545
-11.093999862670898,5.245999813079834,1.1563342809677124,4.9694318771362305,0.14202699065208435,1.5351285934448242,0.08007339388132095,0.3098834156990051
-11.093999862670898,5.245999813079834,1.1029038429260254,3.0274384021759033,0.07266194373369217,0.15435603260993958,0.20974761247634888,0.447898268699646
-11.093999862670898,5.245999813079834,1.1636552810668945,6.167882919311523,0.058073990046978,0.04177276790142059,0.01603746972978115,0.24221830070018768
-11.093999862670898,6.245999813079834,1.0437698364257812,4.58045768737793,0.11273329704999924,1.319108486175537,0.1440904140472412,0.546003520488739
-11.093999862670898,6.245999813079834,1.1016854047775269,2.993229866027832,0.11931127309799194,0.21195489168167114,0.12679576873779297,0.347223699092865
-11.093999862670898,6.245999813079834,1.301095962524414,6.139989852905273,0.09874305874109268,0.04900158941745758,0.10583982616662979,0.10677281022071838
-11.093999862670898,7.245999813079834,1.0652730464935303,4.730408191680908,0.06346940249204636,1.039243221282959,0.19181102514266968,0.5145678520202637
-11.093999862670898,7.245999813079834,0.9192475080490112,2.7651524543762207,0.11469898372888565,0.9888604283332825,0.21826934814453125,0.3410487771034241
-11.093999862670898,7.245999813079834,1.0374130010604858,0.062296394258737564,0.06686325371265411,0.10551973432302475,0.13397380709648132,0.14438332617282867
-11.093999862670898,8.246000289916992,1.1177680492401123,4.835962295532227,0.08623065054416656,1.3406717777252197,0.10855906456708908,0.3233696520328522
-11.093999862670898,8.246000289916992,0.9194965362548828,2.4696145057678223,0.12751798331737518,3.27333927154541,0.01668575592339039,0.5986086130142212
-11.093999862670898,8.246000289916992,0.9579048752784729,5.660690784454346,0.07715383172035217,1.0900415182113647,0.028861209750175476,0.07802177220582962
-11.093999862670898,9.246000289916992,1.3423521518707275,5.89724063873291,0.18655836582183838,0.9746487140655518,0.05419890210032463,0.31019291281700134
-11.093999862670898,9.246000289916992,1.0828500986099243,1.7600834369659424,0.11604202538728714,0.5468354821205139,0.045802947133779526,0.5525858998298645
-11.093999862670898,9.246000289916992,0.9962555170059204,4.869028568267822,0.056685660034418106,0.4814910292625427,0.06400126218795776,0.13722114264965057
-11.093999862670898,10.246000289916992,1.2141108512878418,1.0071641206741333,0.21502025425434113,1.0802128314971924,-0.08399184048175812,0.2015305906534195
-11.093999862670898,10.246000289916992,1.1368753910064697,2.2720749378204346,0.09060027450323105,0.06413637101650238,0.29728659987449646,0.354654997587204
-11.093999862670898,10.246000289916992,1.0678143501281738,5.129084587097168,0.08259055018424988,0.31127095222473145,0.04058441147208214,0.44381439685821533
-11.093999862670898,11.246000289916992,1.1071319580078125,0.2858126163482666,0.1839638650417328,1.1364573240280151,0.027037018910050392,0.10526955127716064
-11.093999862670898,11.246000289916992,1.1097064018249512,2.1183342933654785,0.08992467075586319,0.08172420412302017,0.14016695320606232,0.5787683129310608
-11.093999862670898,11.246000289916992,1.162966012954712,5.147540092468262,0.06969071179628372,0.14976222813129425,0.1511838734149933,0.31596216559410095
-11.093999862670898,12.246000289916992,1.2541035413742065,4.9888916015625,0.5065634846687317,1.8709475994110107,0.08044519275426865,0.11679932475090027
-11.093999862670898,12.246000289916992,1.113352656364441,2.0538036823272705,0.09561747312545776,0.06475511938333511,0.08269677311182022,0.5547520518302917
-11.093999862670898,12.246000289916992,0.9736703634262085,4.816441535949707,0.04588958993554115,0.19572539627552032,0.17601525783538818,0.32844865322113037
-11.093999862670898,13.246000289916992,1.116426706314087,0.9440482258796692,0.10615382343530655,0.8233269453048706,-0.009808335453271866,0.041220929473638535
-11.093999862670898,13.246000289916992,1.104127049446106,1.7703704833984375,0.11423694342374802,0.16952429711818695,0.38889408111572266,0.9542810916900635
-11.093999862670898,13.246000289916992,0.928830623626709,5.017092227935791,0.15971091389656067,0.7309223413467407,0.027081456035375595,0.004497967194765806
-11.093999862670898,14.246000289916992,1.1496226787567139,4.553099632263184,0.5175983309745789,1.0931766033172607,0.4215315580368042,0.006165053229779005
-11.093999862670898,14.246000289916992,0.8709367513656616,1.7910374402999878,0.02807776629924774,0.20332524180412292,-0.1855752170085907,0.83719402551651
-11.093999862670898,14.246000289916992,0.9447112083435059,0.5118281841278076,0.07389149069786072,0.33926254510879517,-0.010582306422293186,0.15664097666740417
-11.093999862670898,15.246000289916992,1.3299230337142944,4.50576639175415,1.2686537504196167,0.7738513350486755,0.3399703800678253,0.03436858952045441
-11.093999862670898,15.246000289916992,0.9230542182922363,1.244990348815918,0.03962814435362816,0.2859424650669098,-0.3627764880657196,0.9010461568832397
-11.093999862670898,15.246000289916992,1.1134151220321655,1.3159157037734985,0.17384254932403564,0.46578431129455566,-0.04685373231768608,0.06458518654108047
-11.093999862670898,16.246000289916992,1.2605618238449097,0.44412195682525635,1.0615633726119995,0.8700347542762756,0.18013180792331696,0.05178499594330788
-11.093999862670898,16.246000289916992,1.0386008024215698,1.0724215507507324,0.05219347029924393,0.08558010309934616,-0.3397356867790222,0.9475403428077698
-11.093999862670898,16.246000289916992,1.3075021505355835,0.7726477980613708,0.7382450103759766,1.3188858032226562,0.16673874855041504,0.0006746621802449226
-11.093999862670898,17.246000289916992,1.7097111940383911,4.405726909637451,11.488049507141113,0.9632336497306824,0.2982912063598633,0.0008470943430438638
-11.093999862670898,17.246000289916992,1.1798465251922607,1.0316473245620728,0.03385484218597412,0.2157052904367447,-0.3250312805175781,0.9250442385673523
-11.093999862670898,17.246000289916992,1.476574182510376,1.3117715120315552,0.26448529958724976,0.11861354857683182,-0.21752110123634338,0.07410871237516403
-11.093999862670898,18.246000289916992,1.3138234615325928,0.8105612397193909,0.3789219260215759,1.689482569694519,-0.044955428689718246,0.008691437542438507
-11.093999862670898,18.246000289916992,1.125483512878418,1.4780861139297485,0.08557073771953583,0.18246352672576904,0.11996840685606003,0.9905016422271729
-11.093999862670898,18.246000289916992,1.434604287147522,0.7195393443107605,0.3120562732219696,0.09665484726428986,-0.12139129638671875,0.000806970230769366
-11.093999862670898,19.246000289916992,1.1065959930419922,2.758748769760132,0.36964160203933716,1.8205097913742065,0.20086818933486938,0.0023974014911800623
-11.093999862670898,19.246000289916992,1.2031924724578857,1.3157294988632202,0.11469003558158875,0.06424211710691452,-0.08424746990203857,0.9975940585136414
-11.093999862670898,19.246000289916992,1.177769422531128,0.06276186555624008,0.3582186996936798,0.6971378326416016,0.05683142691850662,8.554590749554336e-06
-11.093999862670898,20.246000289916992,0.9529153108596802,2.694166898727417,0.18316370248794556,1.6567531824111938,0.09889810532331467,0.0028435878921300173
-11.093999862670898,20.246000289916992,1.1267589330673218,1.494786024093628,0.10045868903398514,0.054196797311306,-0.1930522471666336,0.9971444010734558
-11.093999862670898,20.246000289916992,1.191585898399353,5.7258381843566895,0.6358336210250854,1.1446572542190552,0.09400279819965363,1.1964812074438669e-05
-11.093999862670898,21.246000289916992,0.902034342288971,1.2802952527999878,0.11642153561115265,1.6416352987289429,-0.07957721501588821,0.019196996465325356
-11.093999862670898,21.246000289916992,1.0266057252883911,1.5499769449234009,0.10367440432310104,0.06596598774194717,-0.19125983119010925,0.9784447550773621
-11.093999862670898,21.246000289916992,1.1178797483444214,5.662947654724121,0.44444870948791504,0.48382705450057983,-0.004260302521288395,0.0023582337889820337
-11.093999862670898,22.246000289916992,0.8530707955360413,0.0030532199889421463,0.1116095632314682,1.5150140523910522,-0.3004321753978729,0.014120408333837986
-11.093999862670898,22.246000289916992,1.0049036741256714,1.3076772689819336,0.090935118496418,0.06625518947839737,-0.11375601589679718,0.9812968373298645
-11.093999862670898,22.246000289916992,1.1343830823898315,5.9103593826293945,0.5021692514419556,0.5443710684776306,-0.17191360890865326,0.0045827957801520824
-11.093999862670898,23.246000289916992,0.9132561683654785,5.703094482421875,0.16901110112667084,1.5623359680175781,-0.3939913809299469,0.004658943973481655
-11.093999862670898,23.246000289916992,1.0953806638717651,1.214216947555542,0.10156510770320892,0.08033474534749985,-0.06528002768754959,0.9915978908538818
-11.093999862670898,23.246000289916992,1.1375727653503418,5.789553642272949,0.478633850812912,0.5868407487869263,-0.32205143570899963,0.0037431754171848297
-10.093999862670898,-11.753999710083008,0.9755775332450867,0.7383864521980286,0.19987455010414124,1.5862925052642822,0.18596504628658295,0.13260087370872498
-10.093999862670898,-11.753999710083008,0.7587047219276428,4.366092681884766,0.03595999628305435,0.17538446187973022,0.08541395515203476,0.6261720061302185
-10.093999862670898,-11.753999710083008,0.8906171321868896,0.11539838463068008,0.06533659249544144,0.4576129913330078,0.045581839978694916,0.24122706055641174
-10.093999862670898,-10.753999710083008,0.7198548316955566,5.351995944976807,0.1314324140548706,1.5078721046447754,-0.09110564738512039,0.3848959505558014
-10.093999862670898,-10.753999710083008,0.5577403903007507,2.118373155593872,0.041950423270463943,0.26960456371307373,0.05484183132648468,0.38943082094192505
-10.093999862670898,-10.753999710083008,0.6487820148468018,4.466841220855713,0.023750972002744675,0.6802276372909546,0.08851181715726852,0.2256731539964676
-10.093999862670898,-9.753999710083008,0.7374066710472107,3.984492063522339,0.07437939941883087,0.8580613136291504,-0.1333754062652588,0.4322630763053894
-10.093999862670898,-9.753999710083008,0.5717077851295471,1.6772795915603638,0.027851440012454987,0.3043251633644104,-0.19520804286003113,0.17887446284294128
-10.093999862670898,-9.753999710083008,0.642430305480957,4.969859600067139,0.015276648104190826,0.8345654010772705,-0.027047062292695045,0.3888624310493469
-10.093999862670898,-8.753999710083008,0.930791974067688,4.588040828704834,0.04559297114610672,1.2014491558074951,0.10230302065610886,0.647680401802063
-10.093999862670898,-8.753999710083008,0.780418872833252,1.7376935482025146,0.045112062245607376,0.418826162815094,0.03393841162323952,0.32479751110076904
-10.093999862670898,-8.753999710083008,0.882009744644165,5.044741630554199,0.05016885697841644,0.5377569198608398,0.06171777471899986,0.0275221299380064
-10.093999862670898,-7.754000186920166,0.8690171837806702,4.678286552429199,0.07410424202680588,1.9203718900680542,0.18986816704273224,0.4378623962402344
-10.093999862670898,-7.754000186920166,0.8391051292419434,3.7554500102996826,0.08517353981733322,1.4249119758605957,-0.050640080124139786,0.42131417989730835
-10.093999862670898,-7.754000186920166,1.0065598487854004,1.0189961194992065,0.06141931191086769,0.12347880005836487,-0.25564906001091003,0.1408233940601349
-10.093999862670898,-6.754000186920166,1.0042288303375244,5.831010818481445,0.1260206699371338,2.3407938480377197,0.15982989966869354,0.1901087611913681
-10.093999862670898,-6.754000186920166,0.909379780292511,4.076131343841553,0.09763399511575699,0.268155038356781,0.19495244324207306,0.46946945786476135
-10.093999862670898,-6.754000186920166,0.9554345011711121,1.1862772703170776,0.052457474172115326,0.17293469607830048,-0.23432065546512604,0.3404218256473541
-10.093999862670898,-5.754000186920166,1.0405194759368896,5.254339218139648,0.0729316771030426,1.7065736055374146,0.046446338295936584,0.12644542753696442
-10.093999862670898,-5.754000186920166,0.9860509634017944,3.451474189758301,0.08664136379957199,0.7139841914176941,0.04636474698781967,0.7111057043075562
-10.093999862670898,-5.754000186920166,1.0505245923995972,1.218981146812439,0.13412384688854218,0.535750150680542,-0.31491684913635254,0.1624489426612854
-10.093999862670898,-4.754000186920166,1.0499862432479858,4.2843918800354,0.045768775045871735,1.4751169681549072,0.13433730602264404,0.5353909134864807
-10.093999862670898,-4.754000186920166,0.9750138521194458,2.7082643508911133,0.06585749238729477,0.5402166843414307,0.11511306464672089,0.38304662704467773
-10.093999862670898,-4.754000186920166,1.0527136325836182,0.33142921328544617,0.037612006068229675,0.11100444942712784,-0.1261180192232132,0.08156250417232513
-10.093999862670898,-3.753999948501587,1.2469931840896606,5.406020641326904,0.17800068855285645,1.650089144706726,0.07257917523384094,0.42827853560447693
-10.093999862670898,-3.753999948501587,0.9918748736381531,3.3506226539611816,0.12014622241258621,1.1039670705795288,0.14003236591815948,0.36044761538505554
-10.093999862670898,-3.753999948501587,1.2458139657974243,0.34415462613105774,0.08468370884656906,0.02454228140413761,-0.12586663663387299,0.21127378940582275
-10.093999862670898,-2.753999948501587,1.0858166217803955,5.233089923858643,0.07547496259212494,1.4577244520187378,0.18002796173095703,0.7533661723136902
-10.093999862670898,-2.753999948501587,0.9515978097915649,3.5516343116760254,0.08923778682947159,0.7238572835922241,0.15733660757541656,0.14053966104984283
-10.093999862670898,-2.753999948501587,1.2367807626724243,0.2453078031539917,0.08163797855377197,0.01554677914828062,-0.047681815922260284,0.10609419643878937
-10.093999862670898,-1.753999948501587,1.1172661781311035,5.033298015594482,0.06307405233383179,0.7048276662826538,-0.05029163137078285,0.5473398566246033
-10.093999862670898,-1.753999948501587,0.9973015785217285,2.308473825454712,0.11224949359893799,0.7131209969520569,0.14093749225139618,0.3626491129398346
-10.093999862670898,-1.753999948501587,1.0746535062789917,6.033662796020508,0.05796533077955246,0.12582315504550934,-0.08260113000869751,0.09001097828149796
-10.093999862670898,-0.7540000081062317,1.153111219406128,4.938780307769775,0.08770415931940079,1.4327441453933716,0.08011031150817871,0.7388134598731995
-10.093999862670898,-0.7540000081062317,1.2055331468582153,2.6930606365203857,0.1836763173341751,0.485212117433548,0.2362649142742157,0.22559048235416412
-10.093999862670898,-0.7540000081062317,1.0407938957214355,6.144799709320068,0.05659233406186104,0.08658397942781448,-0.06582595407962799,0.035596054047346115
-10.093999862670898,0.2460000067949295,1.050691843032837,4.436459064483643,0.1597241461277008,1.2743017673492432,-0.09271283447742462,0.4162578582763672
-10.093999862670898,0.2460000067949295,0.7225095629692078,1.5416836738586426,0.06337893009185791,1.687861442565918,0.03829078748822212,0.11172737181186676
-10.093999862670898,0.2460000067949295,0.7079164981842041,0.07581562548875809,0.011375904083251953,0.24000339210033417,-0.05729314312338829,0.472014844417572
-10.093999862670898,1.246000051498413,1.1803475618362427,0.20050400495529175,0.5485481023788452,1.131299376487732,-0.04454497992992401,0.35187244415283203
-10.093999862670898,1.246000051498413,0.7041050791740417,2.8747239112854004,0.04779038950800896,0.9707322716712952,0.06583918631076813,0.3301698565483093
-10.093999862670898,1.246000051498413,0.6410074830055237,0.034465987235307693,0.014853576198220253,0.1759226769208908,0.01430706586688757,0.31795769929885864
-10.093999862670898,2.246000051498413,1.1389331817626953,4.935042381286621,0.20585347712039948,2.3005809783935547,0.12555764615535736,0.19239798188209534
-10.093999862670898,2.246000051498413,1.1625183820724487,3.1165103912353516,0.08862029016017914,0.058733925223350525,-0.019936634227633476,0.5876836180686951
-10.093999862670898,2.246000051498413,1.2800999879837036,6.248165607452393,0.0662371814250946,0.01803000457584858,0.05122259631752968,0.21991834044456482
-10.093999862670898,3.246000051498413,1.0889325141906738,4.084830284118652,0.29130950570106506,1.9756180047988892,0.04688761383295059,0.09363366663455963
-10.093999862670898,3.246000051498413,1.216589093208313,2.9570531845092773,0.0909600779414177,0.04808840528130531,-0.008782660588622093,0.5517247319221497
-10.093999862670898,3.246000051498413,1.2381396293640137,6.165806293487549,0.059711672365665436,0.02207435481250286,-0.04853339493274689,0.3546416461467743
-10.093999862670898,4.245999813079834,1.0771887302398682,4.429180145263672,0.15765225887298584,1.6536765098571777,0.054601117968559265,0.3246932029724121
-10.093999862670898,4.245999813079834,1.1200000047683716,2.958768129348755,0.072740338742733,0.0787511095404625,0.10485430806875229,0.4679591655731201
-10.093999862670898,4.245999813079834,1.2079702615737915,6.189645767211914,0.05936930328607559,0.025806255638599396,-0.04544161260128021,0.207347571849823
-10.093999862670898,5.245999813079834,1.1508455276489258,5.3268561363220215,0.21418362855911255,1.4926114082336426,0.07506934553384781,0.3573237359523773
-10.093999862670898,5.245999813079834,1.065415620803833,3.029888868331909,0.08732275664806366,0.18634486198425293,0.17078542709350586,0.41728875041007996
-10.093999862670898,5.245999813079834,1.0836304426193237,6.131563186645508,0.05540149658918381,0.04245547577738762,0.021175505593419075,0.22538751363754272
-10.093999862670898,6.245999813079834,1.1381096839904785,4.888735771179199,0.1657504439353943,1.467102289199829,0.09405793249607086,0.39658859372138977
-10.093999862670898,6.245999813079834,1.1625698804855347,3.0016605854034424,0.13349463045597076,0.20326535403728485,0.12144959717988968,0.4847559630870819
-10.093999862670898,6.245999813079834,1.077015995979309,6.20123815536499,0.06439715623855591,0.11215848475694656,-0.012697943486273289,0.11865539103746414
-10.093999862670898,7.245999813079834,1.0887882709503174,4.183287143707275,0.09305427968502045,0.725314199924469,0.2768145799636841,0.4323551058769226
-10.093999862670898,7.245999813079834,0.9385043382644653,2.4895718097686768,0.07863497734069824,1.3715654611587524,0.02468666061758995,0.3719387352466583
-10.093999862670898,7.245999813079834,0.9180710315704346,6.164914608001709,0.04622521996498108,0.15813669562339783,0.06025135517120361,0.19570614397525787
-10.093999862670898,8.246000289916992,1.0733892917633057,4.990626335144043,0.08293288201093674,1.4982506036758423,0.06137683987617493,0.41090473532676697
-10.093999862670898,8.246000289916992,0.9457690715789795,2.3943207263946533,0.11609504371881485,0.37892651557922363,0.04153841361403465,0.3339598476886749
-10.093999862670898,8.246000289916992,0.9139076471328735,5.3835601806640625,0.04613013193011284,0.22130022943019867,0.018125051632523537,0.2551354169845581
-10.093999862670898,9.246000289916992,1.1123220920562744,5.65938663482666,0.14333899319171906,1.5833210945129395,-0.058779746294021606,0.2897479236125946
-10.093999862670898,9.246000289916992,1.130336880683899,2.3848354816436768,0.07595814764499664,0.037046872079372406,0.0913413017988205,0.5469648838043213
-10.093999862670898,9.246000289916992,1.1236387491226196,5.440478324890137,0.06103644147515297,0.07845111936330795,0.051910173147916794,0.16328725218772888
-10.093999862670898,10.246000289916992,1.0991623401641846,0.529851496219635,0.14771859347820282,1.7427798509597778,-0.06987064331769943,0.28054237365722656
-10.093999862670898,10.246000289916992,1.1456094980239868,2.2540783882141113,0.06844204664230347,0.040767595171928406,0.20055754482746124,0.4492577910423279
-10.093999862670898,10.246000289916992,1.1673095226287842,5.131947994232178,0.0664425790309906,0.07942040264606476,0.15004153549671173,0.27019980549812317
-10.093999862670898,11.246000289916992,1.131041407585144,4.980422496795654,0.1569841504096985,1.341616153717041,0.021096812561154366,0.12281244248151779
-10.093999862670898,11.246000289916992,1.189076542854309,2.142583131790161,0.09472006559371948,0.05119189992547035,0.19240891933441162,0.4528294801712036
-10.093999862670898,11.246000289916992,1.1693778038024902,4.941096305847168,0.061551276594400406,0.07799200713634491,0.14372770488262177,0.424358069896698
-10.093999862670898,12.246000289916992,1.154098629951477,5.7572526931762695,0.19074834883213043,1.1948422193527222,0.05627322196960449,0.09701938927173615
-10.093999862670898,12.246000289916992,1.1258569955825806,1.8481663465499878,0.106486476957798,0.041478224098682404,0.10628695785999298,0.49466487765312195
-10.093999862670898,12.246000289916992,1.0196306705474854,4.666518688201904,0.041723210364580154,0.09219981729984283,0.16596417129039764,0.4083157181739807
-10.093999862670898,13.246000289916992,0.9400600790977478,0.01683102734386921,0.1499166190624237,1.0398107767105103,-0.10230047255754471,0.10762780159711838
-10.093999862670898,13.246000289916992,1.0847746133804321,1.5891460180282593,0.07041404396295547,0.032035812735557556,0.16047492623329163,0.8719469308853149
-10.093999862670898,13.246000289916992,1.2230452299118042,6.212411880493164,0.2898835241794586,0.19225507974624634,0.06251309812068939,0.02042531594634056
-10.093999862670898,14.246000289916992,1.2235358953475952,0.6424126625061035,0.5790918469429016,0.9370290040969849,0.30125749111175537,0.06514789909124374
-10.093999862670898,14.246000289916992,0.8545636534690857,1.482527732849121,0.031360551714897156,0.08349452167749405,0.038955528289079666,0.8626316785812378
-10.093999862670898,14.246000289916992,1.017168402671814,1.5325486660003662,0.10778874903917313,0.1238352432847023,-0.0024080807343125343,0.07222042232751846
-10.093999862670898,15.246000289916992,1.1412253379821777,6.197760105133057,0.49188268184661865,0.9409879446029663,0.07337190955877304,0.04039820656180382
-10.093999862670898,15.246000289916992,0.9449761509895325,1.4044339656829834,0.034639421850442886,0.037089310586452484,-0.20087221264839172,0.8106040954589844
-10.093999862670898,15.246000289916992,1.1245390176773071,1.1521415710449219,0.16004563868045807,0.1674051284790039,-0.10887006670236588,0.1489976942539215
-10.093999862670898,16.246000289916992,1.2327193021774292,6.2226481437683105,0.33543986082077026,1.0213022232055664,0.20572809875011444,0.05496928468346596
-10.093999862670898,16.246000289916992,1.1340402364730835,1.2270004749298096,0.06100895628333092,0.05669121444225311,-0.21014216542243958,0.9443793296813965
-10.093999862670898,16.246000289916992,1.2657206058502197,0.607492208480835,0.43705227971076965,0.659609854221344,0.10983209311962128,0.0006513616535812616
-10.093999862670898,17.246000289916992,1.1329352855682373,6.1774582862854,0.4657565951347351,0.7996721267700195,0.32018643617630005,0.020391972735524178
-10.093999862670898,17.246000289916992,1.1223902702331543,0.9649773240089417,0.07111893594264984,0.11577937752008438,-0.28080007433891296,0.9730311036109924
-10.093999862670898,17.246000289916992,1.1429908275604248,0.20981627702713013,0.28114867210388184,0.31359511613845825,0.057236894965171814,0.00657701725140214
-10.093999862670898,18.246000289916992,1.156722068786621,2.5112664699554443,0.30779680609703064,0.9876209497451782,0.15654905140399933,0.006634387653321028
-10.093999862670898,18.246000289916992,1.1545495986938477,1.1498692035675049,0.1287679672241211,0.1526697278022766,-0.3258691132068634,0.9933106899261475
-10.093999862670898,18.246000289916992,1.1567859649658203,0.023275721818208694,0.6251393556594849,1.1343438625335693,0.10610365867614746,5.4914391512284055e-05
-10.093999862670898,19.246000289916992,0.9077101945877075,1.1281927824020386,0.19436639547348022,1.2765133380889893,0.07386089116334915,0.005619766656309366
-10.093999862670898,19.246000289916992,1.0094857215881348,1.2110912799835205,0.08102765679359436,0.10862280428409576,-0.01474372111260891,0.9938226938247681
-10.093999862670898,19.246000289916992,1.2300833463668823,0.3726867735385895,0.5459927916526794,0.328421413898468,0.14796559512615204,0.0005574970273301005
-10.093999862670898,20.246000289916992,0.8883821368217468,4.859288692474365,0.17806333303451538,0.8694494366645813,-0.10075484961271286,0.037116799503564835
-10.093999862670898,20.246000289916992,1.0200600624084473,1.4792085886001587,0.11866369843482971,0.07356918603181839,-0.08013643324375153,0.9313550591468811
-10.093999862670898,20.246000289916992,1.1970194578170776,0.04333632066845894,0.7058513164520264,0.32561159133911133,0.23711691796779633,0.03152811527252197
-10.093999862670898,21.246000289916992,1.1177910566329956,2.207514762878418,1.5287997722625732,1.2222360372543335,-0.10677231103181839,0.0005858753575012088
-10.093999862670898,21.246000289916992,1.0125290155410767,1.4407405853271484,0.08049840480089188,0.068328358232975,-0.05476577952504158,0.9699515104293823
-10.093999862670898,21.246000289916992,1.106494426727295,6.14302921295166,0.5164446830749512,0.4485657215118408,0.06561973690986633,0.029462678357958794
-10.093999862670898,22.246000289916992,1.3364551067352295,1.2634334564208984,8.977919578552246,2.796578884124756,-0.10029267519712448,3.261637903051451e-05
-10.093999862670898,22.246000289916992,0.9514970183372498,1.6686971187591553,0.06665817648172379,0.09898583590984344,-0.01614733226597309,0.9877090454101562
-10.093999862670898,22.246000289916992,1.006295919418335,5.766481876373291,0.18761040270328522,0.2585507333278656,-0.23052741587162018,0.012258298695087433
-10.093999862670898,23.246000289916992,1.4315634965896606,5.354185581207275,24.429914474487305,4.027866840362549,-0.09798335283994675,5.733232683269307e-06
-10.093999862670898,23.246000289916992,0.9434888362884521,1.8091660737991333,0.05731494724750519,0.12402789294719696,-0.053259581327438354,0.9921413660049438
-10.093999862670898,23.246000289916992,1.0077155828475952,5.459657669067383,0.13081464171409607,0.2075626105070114,-0.3916124999523163,0.007852915674448013
-9.093999862670898,-11.753999710083008,0.9637352228164673,2.7471847534179688,0.11978509277105331,0.852711021900177,-0.006421731319278479,0.046867385506629944
-9.093999862670898,-11.753999710083008,0.7836267948150635,3.7192888259887695,0.060126159340143204,1.6441017389297485,0.04437804967164993,0.3841436505317688
-9.093999862670898,-11.753999710083008,1.008069634437561,0.689679741859436,0.07598806917667389,0.23266355693340302,-0.12427710741758347,0.5689889788627625
-9.093999862670898,-10.753999710083008,0.6921631097793579,4.217609882354736,0.11433816701173782,0.9828060269355774,-0.03156774118542671,0.17659972608089447
-9.093999862670898,-10.753999710083008,0.4949879050254822,1.8739608526229858,0.029193751513957977,0.9603520631790161,-0.0340922586619854,0.11255805939435959
-9.093999862670898,-10.753999710083008,0.6311183571815491,4.470448970794678,0.013193033635616302,0.5398808717727661,0.07116855680942535,0.7108422517776489
-9.093999862670898,-9.753999710083008,0.7613545060157776,4.353265285491943,0.12650084495544434,0.973193883895874,0.09287478029727936,0.11521802842617035
-9.093999862670898,-9.753999710083008,0.5778307318687439,1.497872233390808,0.03070245310664177,0.59794020652771,0.035187363624572754,0.08795511722564697
-9.093999862670898,-9.753999710083008,0.6237772703170776,5.322687149047852,0.013274683617055416,0.5105555057525635,-0.08418647199869156,0.7968268394470215
-9.093999862670898,-8.753999710083008,1.033174991607666,4.68895959854126,0.18026387691497803,0.8989377021789551,0.012096398510038853,0.20941269397735596
-9.093999862670898,-8.753999710083008,0.7694824934005737,1.3117642402648926,0.034199148416519165,0.4743613302707672,0.11941981315612793,0.3621803820133209
-9.093999862670898,-8.753999710083008,0.8177963495254517,4.928146839141846,0.017506489530205727,0.2439047247171402,0.11830037087202072,0.4284069538116455
-9.093999862670898,-7.754000186920166,1.080514907836914,1.893298864364624,0.6378759145736694,2.2421393394470215,0.14385545253753662,0.03164733946323395
-9.093999862670898,-7.754000186920166,0.7188792824745178,4.269172668457031,0.05271383747458458,0.8756895661354065,0.013460757210850716,0.8133625984191895
-9.093999862670898,-7.754000186920166,0.8582960963249207,1.396559238433838,0.05984644219279289,0.5782259702682495,-0.28110751509666443,0.15498995780944824
-9.093999862670898,-6.754000186920166,1.0513098239898682,2.6619114875793457,0.11150269955396652,1.5557268857955933,0.06552622467279434,0.13381466269493103
-9.093999862670898,-6.754000186920166,0.9300677180290222,4.047479629516602,0.09630052745342255,0.25738537311553955,0.056466326117515564,0.2108437418937683
-9.093999862670898,-6.754000186920166,0.9149631261825562,1.186381220817566,0.04023170471191406,0.42221060395240784,-0.1859859675168991,0.655341625213623
-9.093999862670898,-5.754000186920166,0.9485421776771545,5.4162068367004395,0.04638702794909477,1.5449042320251465,0.1253950148820877,0.17557036876678467
-9.093999862670898,-5.754000186920166,1.0310046672821045,4.05249547958374,0.1177610233426094,0.8235933780670166,0.03599349409341812,0.31303665041923523
-9.093999862670898,-5.754000186920166,1.0977575778961182,0.9413965940475464,0.07233016937971115,0.18958121538162231,-0.2784790098667145,0.5113930106163025
-9.093999862670898,-4.754000186920166,1.0669522285461426,0.11625052988529205,0.049204614013433456,1.4214704036712646,0.1319352686405182,0.5891571044921875
-9.093999862670898,-4.754000186920166,1.0181540250778198,3.8009073734283447,0.07178674638271332,0.4704568088054657,0.12859907746315002,0.3323591351509094
-9.093999862670898,-4.754000186920166,1.145962119102478,0.6092818975448608,0.06120273843407631,0.04382091388106346,-0.13486292958259583,0.07848378270864487
-9.093999862670898,-3.753999948501587,1.2678827047348022,4.323283672332764,0.21840372681617737,1.3472228050231934,0.1780327409505844,0.2931631803512573
-9.093999862670898,-3.753999948501587,0.7752871513366699,3.069835662841797,0.08184455335140228,2.5007355213165283,0.36715883016586304,0.4110555648803711
-9.093999862670898,-3.753999948501587,1.004569411277771,0.5199496746063232,0.07898122072219849,0.16088508069515228,-0.06937021017074585,0.29578131437301636
-9.093999862670898,-2.753999948501587,1.1618657112121582,6.236041069030762,0.1673983633518219,1.7626638412475586,0.16191928088665009,0.5354384183883667
-9.093999862670898,-2.753999948501587,0.9434778094291687,3.4505960941314697,0.06245178356766701,0.5728416442871094,0.19459471106529236,0.37103596329689026
-9.093999862670898,-2.753999948501587,1.3519697189331055,0.11107894033193588,0.0944567322731018,0.013197444379329681,0.06536881625652313,0.09352561086416245
-9.093999862670898,-1.753999948501587,1.1344784498214722,4.946293830871582,0.13437001407146454,1.494191288948059,0.19607160985469818,0.42518606781959534
-9.093999862670898,-1.753999948501587,1.1849873065948486,2.8060414791107178,0.20782291889190674,0.7931797504425049,0.0865064412355423,0.32524392008781433
-9.093999862670898,-1.753999948501587,1.199549913406372,6.182776927947998,0.051986441016197205,0.038348011672496796,-0.04148021340370178,0.24956998229026794
-9.093999862670898,-0.7540000081062317,1.1119842529296875,5.018463134765625,0.0706358477473259,0.9742681384086609,0.17394845187664032,0.5328648686408997
-9.093999862670898,-0.7540000081062317,1.1688804626464844,2.678149461746216,0.14700210094451904,0.4251832067966461,0.3485845625400543,0.35389241576194763
-9.093999862670898,-0.7540000081062317,1.0685346126556396,5.800839900970459,0.05841490253806114,0.058474600315093994,0.02337990701198578,0.11324264854192734
-9.093999862670898,0.2460000067949295,1.2064554691314697,5.365080833435059,0.13171637058258057,0.9573473334312439,-0.14874184131622314,0.5314059257507324
-9.093999862670898,0.2460000067949295,0.9717588424682617,1.2413585186004639,0.08356411755084991,0.5144073963165283,0.07724261283874512,0.23865902423858643
-9.093999862670898,0.2460000067949295,0.9193506240844727,5.452057838439941,0.040433987975120544,0.676393985748291,0.09103921055793762,0.22993499040603638
-9.093999862670898,1.246000051498413,0.9864304661750793,4.788424491882324,0.1144350916147232,2.4793503284454346,0.18751901388168335,0.27074337005615234
-9.093999862670898,1.246000051498413,0.7749857902526855,2.9920034408569336,0.11393887549638748,0.9557609558105469,0.3229309320449829,0.6077303290367126
-9.093999862670898,1.246000051498413,0.8696690797805786,0.5503625273704529,0.11450424790382385,0.09307496249675751,0.026289431378245354,0.12152630090713501
-9.093999862670898,2.246000051498413,1.0474302768707275,5.804504871368408,0.11109481751918793,2.485333204269409,0.11789538711309433,0.19224774837493896
-9.093999862670898,2.246000051498413,1.2642552852630615,3.185272693634033,0.09741315245628357,0.06567882001399994,-0.033221535384655,0.6096115112304688
-9.093999862670898,2.246000051498413,1.307983160018921,6.212550163269043,0.06544461846351624,0.021995268762111664,0.10946806520223618,0.19814077019691467
-9.093999862670898,3.246000051498413,1.0432833433151245,5.078428268432617,0.18472762405872345,1.5068694353103638,0.024779055267572403,0.1366417109966278
-9.093999862670898,3.246000051498413,1.234417200088501,2.9915215969085693,0.1919585019350052,0.07527559250593185,-0.017553703859448433,0.3999987542629242
-9.093999862670898,3.246000051498413,1.214924931526184,6.216088771820068,0.06553012877702713,0.01824050210416317,-0.11210517585277557,0.463359534740448
-9.093999862670898,4.245999813079834,1.0916045904159546,5.641378402709961,0.1845271736383438,1.5864895582199097,-0.004163246136158705,0.28077301383018494
-9.093999862670898,4.245999813079834,1.1117006540298462,3.0744452476501465,0.07754978537559509,0.14371247589588165,0.03856181725859642,0.5329558849334717
-9.093999862670898,4.245999813079834,1.2465004920959473,6.203649997711182,0.06876926124095917,0.029789553955197334,-0.10261333733797073,0.186271071434021
-9.093999862670898,5.245999813079834,1.1530086994171143,4.9042277336120605,0.35641419887542725,1.7249759435653687,0.11798375099897385,0.21239645779132843
-9.093999862670898,5.245999813079834,1.0772770643234253,2.999075412750244,0.10115985572338104,0.2009429633617401,0.04958990216255188,0.4463915228843689
-9.093999862670898,5.245999813079834,1.0346218347549438,6.108409404754639,0.050530266016721725,0.043436940759420395,0.06047897785902023,0.34121206402778625
-9.093999862670898,6.245999813079834,1.1159732341766357,3.9240357875823975,0.18442758917808533,1.628230333328247,0.06804021447896957,0.3158820867538452
-9.093999862670898,6.245999813079834,1.2294211387634277,2.9170725345611572,0.15486717224121094,0.1926431953907013,0.11907520890235901,0.5112586617469788
-9.093999862670898,6.245999813079834,1.0135729312896729,6.145686626434326,0.06986147910356522,0.21234934031963348,-0.056073933839797974,0.1728592813014984
-9.093999862670898,7.245999813079834,1.071918249130249,5.98219108581543,0.09210760146379471,0.89704829454422,0.11939161270856857,0.21671973168849945
-9.093999862670898,7.245999813079834,0.9366093873977661,2.370373487472534,0.05712736397981644,0.261019766330719,0.2707477807998657,0.6105833649635315
-9.093999862670898,7.245999813079834,1.004071593284607,5.440511703491211,0.05145394057035446,0.1672142595052719,0.14475364983081818,0.17269690334796906
-9.093999862670898,8.246000289916992,1.0054404735565186,5.199122905731201,0.09958125650882721,1.216087818145752,0.04296205937862396,0.26019349694252014
-9.093999862670898,8.246000289916992,1.0864425897598267,2.3988635540008545,0.0905890166759491,0.055092815309762955,0.006162608508020639,0.43153277039527893
-9.093999862670898,8.246000289916992,1.076268196105957,5.550909042358398,0.05745987221598625,0.051011160016059875,0.07997753471136093,0.30827370285987854
-9.093999862670898,9.246000289916992,1.0769126415252686,3.513451099395752,0.18473972380161285,1.2220487594604492,0.017023034393787384,0.23281028866767883
-9.093999862670898,9.246000289916992,1.1149777173995972,2.35644268989563,0.05961650609970093,0.030154891312122345,-0.00037710179458372295,0.5576857924461365
-9.093999862670898,9.246000289916992,1.1866205930709839,5.523555755615234,0.06245287135243416,0.03693610057234764,0.003929321188479662,0.20950396358966827
-9.093999862670898,10.246000289916992,1.0478975772857666,5.333636283874512,0.07735474407672882,1.3149406909942627,0.04728596284985542,0.36147621273994446
-9.093999862670898,10.246000289916992,1.0791064500808716,2.3134777545928955,0.06789550185203552,0.1655241996049881,0.08681285381317139,0.4696129560470581
-9.093999862670898,10.246000289916992,1.363349437713623,5.538702487945557,0.09328752756118774,0.0464712455868721,0.026841485872864723,0.16891083121299744
-9.093999862670898,11.246000289916992,1.1593022346496582,0.38153889775276184,0.1032935157418251,0.5679869055747986,0.050896719098091125,0.1968252807855606
-9.093999862670898,11.246000289916992,0.9945210218429565,1.0132659673690796,0.08156943321228027,0.6179238557815552,0.19664394855499268,0.4280056357383728
-9.093999862670898,11.246000289916992,0.9934235215187073,0.20999673008918762,0.04907706007361412,0.09476980566978455,0.11501654982566833,0.37516912817955017
-9.093999862670898,12.246000289916992,0.973625898361206,2.6374783515930176,0.08819781988859177,0.4236429035663605,0.11656415462493896,0.02290564402937889
-9.093999862670898,12.246000289916992,0.6866059899330139,1.0483351945877075,0.04571489989757538,0.1517619639635086,0.13629113137722015,0.9765563011169434
-9.093999862670898,12.246000289916992,0.9843480587005615,4.998152256011963,0.4732528030872345,0.8395532369613647,0.12598569691181183,0.0005380274378694594
-9.093999862670898,13.246000289916992,0.739494264125824,5.416611194610596,0.07281500846147537,0.6538745760917664,-0.08994168043136597,0.23629359900951385
-9.093999862670898,13.246000289916992,0.7610171437263489,0.7175605297088623,0.0445333793759346,0.11468109488487244,0.20994025468826294,0.5141285061836243
-9.093999862670898,13.246000289916992,0.9012839794158936,0.7802538871765137,0.20773445069789886,0.10247892886400223,-0.06698888540267944,0.24957795441150665
-9.093999862670898,14.246000289916992,1.1471302509307861,0.009550215676426888,0.3216794729232788,0.7503572106361389,0.0738745778799057,0.08747784793376923
-9.093999862670898,14.246000289916992,0.9290977716445923,1.1304140090942383,0.05432911962270737,0.0853462889790535,-0.06412062048912048,0.4961390495300293
-9.093999862670898,14.246000289916992,1.023453712463379,0.9288254380226135,0.08014585077762604,0.24269665777683258,-0.010925252921879292,0.41638311743736267
-9.093999862670898,15.246000289916992,1.2031512260437012,0.6971094608306885,0.27688318490982056,0.6235138773918152,-0.08594685047864914,0.2200428545475006
-9.093999862670898,15.246000289916992,1.011318325996399,1.1399118900299072,0.06162457540631294,0.08562000095844269,-0.20920529961585999,0.5236029624938965
-9.093999862670898,15.246000289916992,1.151177167892456,0.8028279542922974,0.1899440884590149,0.486368328332901,-0.03876938670873642,0.2563541829586029
-9.093999862670898,16.246000289916992,1.3878566026687622,5.825858116149902,0.7939095497131348,1.646311640739441,0.24063077569007874,0.0652478039264679
-9.093999862670898,16.246000289916992,1.072746753692627,1.284835696220398,0.051395006477832794,0.1083783507347107,-0.09544666111469269,0.9252616167068481
-9.093999862670898,16.246000289916992,1.2477021217346191,1.1268976926803589,0.22345080971717834,0.12457158416509628,0.03953639790415764,0.009490561671555042
-9.093999862670898,17.246000289916992,1.09585702419281,0.6508303880691528,0.5527700185775757,0.8894592523574829,0.0027374057099223137,0.003643813543021679
-9.093999862670898,17.246000289916992,1.2175503969192505,0.9979390501976013,0.060241565108299255,0.03710034862160683,-0.11836213618516922,0.9959243535995483
-9.093999862670898,17.246000289916992,1.2319581508636475,5.83324670791626,0.5027557611465454,0.5655271410942078,0.33180513978004456,0.00043176315375603735
-9.093999862670898,18.246000289916992,0.9477640986442566,2.7685866355895996,0.09120436012744904,0.8238525390625,-0.16529116034507751,0.026267817243933678
-9.093999862670898,18.246000289916992,1.238175392150879,0.969157338142395,0.16820178925991058,0.07814387232065201,-0.32960182428359985,0.9736264944076538
-9.093999862670898,18.246000289916992,1.2913271188735962,0.46658432483673096,0.9823321104049683,1.6826962232589722,0.1267768293619156,0.00010572505561867729
-9.093999862670898,19.246000289916992,0.7942546606063843,0.8795236349105835,0.04740435257554054,0.9381378889083862,-0.17669034004211426,0.0994470864534378
-9.093999862670898,19.246000289916992,1.0869475603103638,0.9746353030204773,0.1084444671869278,0.12378895282745361,-0.25645315647125244,0.8289174437522888
-9.093999862670898,19.246000289916992,1.3091782331466675,0.7536147236824036,0.7170124053955078,0.517406702041626,-0.09220506995916367,0.07163543999195099
-9.093999862670898,20.246000289916992,0.7913048267364502,2.34425687789917,0.07462642341852188,0.4228527247905731,-0.05158466845750809,0.20982785522937775
-9.093999862670898,20.246000289916992,1.01584792137146,1.2701950073242188,0.14614829421043396,0.11431717872619629,-0.19839172065258026,0.7522216439247131
-9.093999862670898,20.246000289916992,1.1590927839279175,6.1908464431762695,1.0634136199951172,1.7879682779312134,0.25878310203552246,0.03795042261481285
-9.093999862670898,21.246000289916992,1.1385247707366943,1.775528907775879,0.6772176027297974,0.8715423345565796,-0.027676578611135483,0.0011128938058391213
-9.093999862670898,21.246000289916992,0.9989498853683472,1.442752718925476,0.08529085665941238,0.13185355067253113,0.18527351319789886,0.9927669763565063
-9.093999862670898,21.246000289916992,0.9503747820854187,5.964239597320557,0.28142058849334717,0.8830060362815857,0.17406503856182098,0.006120119243860245
-9.093999862670898,22.246000289916992,1.076392650604248,0.5051193237304688,0.32783591747283936,0.9027071595191956,-0.005607929080724716,0.0007944567478261888
-9.093999862670898,22.246000289916992,0.9412275552749634,1.7075766324996948,0.09765399247407913,0.11768975853919983,0.07066664099693298,0.9972436428070068
-9.093999862670898,22.246000289916992,0.8185818791389465,5.392674922943115,0.13172946870326996,1.0058807134628296,0.050134893506765366,0.001961889211088419
-9.093999862670898,23.246000289916992,1.084024429321289,1.0698504447937012,0.24780811369419098,1.2542394399642944,-0.08586180955171585,9.182366193272173e-05
-9.093999862670898,23.246000289916992,0.9215811491012573,1.8089739084243774,0.10051240026950836,0.14974381029605865,0.06239030137658119,0.9996342658996582
-9.093999862670898,23.246000289916992,0.8162878751754761,5.046663761138916,0.10177972912788391,0.8599086999893188,-0.060274649411439896,0.00027386462897993624
-8.093999862670898,-11.753999710083008,0.8344866633415222,2.0448215007781982,0.1690596044063568,1.1919137239456177,-0.031168198212981224,0.20898869633674622
-8.093999862670898,-11.753999710083008,0.5504332184791565,2.4205269813537598,0.036298718303442,0.4671002924442291,-0.04961499199271202,0.46597880125045776
-8.093999862670898,-11.753999710083008,0.7823678255081177,0.04550904408097267,0.06406784057617188,0.4084111452102661,0.011448024772107601,0.325032502412796
-8.093999862670898,-10.753999710083008,0.6173677444458008,4.021772384643555,0.0722360759973526,2.194051504135132,0.008420346304774284,0.20115326344966888
-8.093999862670898,-10.753999710083008,0.5048025846481323,1.767661452293396,0.012807123363018036,0.2925487160682678,-0.018172230571508408,0.4257626533508301
-8.093999862670898,-10.753999710083008,0.6082168221473694,4.846126079559326,0.008033569902181625,0.3249092698097229,0.03586757928133011,0.373084157705307
-8.093999862670898,-9.753999710083008,0.8391489386558533,5.055079460144043,0.15956363081932068,1.2165039777755737,0.007275509648025036,0.1438336968421936
-8.093999862670898,-9.753999710083008,0.5612194538116455,2.0257654190063477,0.024193042889237404,0.48831892013549805,-0.04728090390563011,0.27720731496810913
-8.093999862670898,-9.753999710083008,0.6943457126617432,5.421664714813232,0.020338505506515503,0.4929673969745636,-0.04380107298493385,0.578959047794342
-8.093999862670898,-8.753999710083008,0.805747389793396,6.057124614715576,0.07444484531879425,0.7387550473213196,-0.1464536190032959,0.7595711946487427
-8.093999862670898,-8.753999710083008,0.6632848381996155,2.498966693878174,0.07897542417049408,0.4410111606121063,0.1267857402563095,0.12056411802768707
-8.093999862670898,-8.753999710083008,0.7085844278335571,4.615655422210693,0.027138639241456985,0.35728809237480164,0.1416827142238617,0.11986467242240906
-8.093999862670898,-7.754000186920166,0.8920126557350159,1.2882826328277588,0.357451468706131,1.9933114051818848,-0.06871339678764343,0.07463448494672775
-8.093999862670898,-7.754000186920166,0.6013984680175781,3.9765875339508057,0.022677550092339516,0.776506245136261,0.026269467547535896,0.5875464081764221
-8.093999862670898,-7.754000186920166,0.7040406465530396,1.7013956308364868,0.016734769567847252,0.37631648778915405,-0.30135926604270935,0.33781909942626953
-8.093999862670898,-6.754000186920166,0.9652634859085083,1.924246907234192,0.14455704391002655,1.5132818222045898,0.05211647227406502,0.13052679598331451
-8.093999862670898,-6.754000186920166,0.7412198185920715,3.644242763519287,0.07767357677221298,0.5380951762199402,-0.04237550124526024,0.1456475555896759
-8.093999862670898,-6.754000186920166,0.7534863948822021,0.1621893048286438,0.0295717716217041,0.6004729866981506,-0.024049345403909683,0.7238256335258484
-8.093999862670898,-5.754000186920166,0.8420698642730713,5.682712078094482,0.04014045372605324,1.7883609533309937,0.07438032329082489,0.26969438791275024
-8.093999862670898,-5.754000186920166,1.0761117935180664,3.8565573692321777,0.11328121274709702,0.2449387162923813,0.08875136077404022,0.6078628897666931
-8.093999862670898,-5.754000186920166,1.1979522705078125,0.489432156085968,0.1000075563788414,0.08674626052379608,-0.03400927782058716,0.12244274467229843
-8.093999862670898,-4.754000186920166,0.9707779884338379,0.5393109321594238,0.07653337717056274,1.802569031715393,0.1299472153186798,0.5764371156692505
-8.093999862670898,-4.754000186920166,0.9504728317260742,3.9127674102783203,0.09776877611875534,0.15883460640907288,0.02155991829931736,0.3375687897205353
-8.093999862670898,-4.754000186920166,1.040804147720337,0.6382774114608765,0.08078457415103912,0.08238935470581055,-0.17177726328372955,0.08599405735731125
-8.093999862670898,-3.753999948501587,1.008518934249878,6.181356430053711,0.08488791435956955,1.747340440750122,0.06428197026252747,0.4386281371116638
-8.093999862670898,-3.753999948501587,0.8403332829475403,3.4965438842773438,0.08096053451299667,0.40797871351242065,0.2743164300918579,0.38324129581451416
-8.093999862670898,-3.753999948501587,1.1570569276809692,0.6011340022087097,0.08729590475559235,0.07681097835302353,-0.1683761179447174,0.17813055217266083
-8.093999862670898,-2.753999948501587,1.1506037712097168,5.786609172821045,0.2249646782875061,1.8203494548797607,0.13149678707122803,0.3464941382408142
-8.093999862670898,-2.753999948501587,0.9697092771530151,3.4278388023376465,0.0598602294921875,0.36804595589637756,0.11954167485237122,0.5160260796546936
-8.093999862670898,-2.753999948501587,1.3525738716125488,0.1201595664024353,0.0909348577260971,0.018092487007379532,0.036932896822690964,0.1374797523021698
-8.093999862670898,-1.753999948501587,0.9334647059440613,5.419626235961914,0.07807327806949615,1.6288620233535767,0.13299064338207245,0.47256743907928467
-8.093999862670898,-1.753999948501587,1.106810450553894,2.9392969608306885,0.16166932880878448,0.289022833108902,0.05091993510723114,0.3855282664299011
-8.093999862670898,-1.753999948501587,1.2050132751464844,6.06326961517334,0.07561706751585007,0.06552733480930328,0.08448740094900131,0.1419043093919754
-8.093999862670898,-0.7540000081062317,1.097978115081787,4.953640460968018,0.2125145047903061,0.8978355526924133,0.143978089094162,0.26317963004112244
-8.093999862670898,-0.7540000081062317,0.8911738991737366,2.462684392929077,0.10369349271059036,0.2552800476551056,0.059213973581790924,0.3716520071029663
-8.093999862670898,-0.7540000081062317,0.9014860391616821,5.643835067749023,0.03417330980300903,0.11989535391330719,0.09644308686256409,0.3651682734489441
-8.093999862670898,0.2460000067949295,1.133039116859436,5.48126745223999,0.22052882611751556,1.9406317472457886,-0.05065086856484413,0.4208745062351227
-8.093999862670898,0.2460000067949295,0.7783177495002747,1.724677562713623,0.06698876619338989,0.5861527323722839,0.016473185271024704,0.47884342074394226
-8.093999862670898,0.2460000067949295,0.7888699769973755,5.777938365936279,0.02832758240401745,0.3836672008037567,-0.0473012700676918,0.10028204321861267
-8.093999862670898,1.246000051498413,0.7971139550209045,5.294436931610107,0.05682409927248955,1.48143470287323,0.09426794201135635,0.3247341215610504
-8.093999862670898,1.246000051498413,0.6363882422447205,3.0107815265655518,0.03977053612470627,0.36193642020225525,0.31636282801628113,0.625544011592865
-8.093999862670898,1.246000051498413,0.8063144087791443,0.6345131993293762,0.1082492545247078,0.6678228974342346,0.06168714910745621,0.04972195625305176
-8.093999862670898,2.246000051498413,0.9717065691947937,0.17648231983184814,0.10441172868013382,2.415884256362915,0.09868424385786057,0.16485001146793365
-8.093999862670898,2.246000051498413,1.143319010734558,3.2191312313079834,0.10288916528224945,0.0979306772351265,-0.02599218115210533,0.6554730534553528
-8.093999862670898,2.246000051498413,1.2462462186813354,6.2408223152160645,0.07771581411361694,0.030105426907539368,0.07844527810811996,0.17967692017555237
-8.093999862670898,3.246000051498413,0.9662814140319824,0.24695362150669098,0.11823238432407379,1.5299229621887207,-0.0017098941607400775,0.2624533474445343
-8.093999862670898,3.246000051498413,1.1509085893630981,2.9606146812438965,0.14005818963050842,0.09863002598285675,0.04905741289258003,0.3650926351547241
-8.093999862670898,3.246000051498413,1.2698464393615723,6.163851261138916,0.07861120253801346,0.0161878764629364,-0.017001571133732796,0.3724540174007416
-8.093999862670898,4.245999813079834,1.0533318519592285,6.132271766662598,0.1387690007686615,1.3137803077697754,-0.028355127200484276,0.1830233633518219
-8.093999862670898,4.245999813079834,1.0398539304733276,3.004925489425659,0.06385772675275803,0.11233286559581757,0.05766689032316208,0.5894622802734375
-8.093999862670898,4.245999813079834,1.2586028575897217,6.12149715423584,0.0781191885471344,0.025300975888967514,-0.04998686537146568,0.2275143563747406
-8.093999862670898,5.245999813079834,1.0853967666625977,5.08121919631958,0.17724724113941193,1.5603481531143188,0.10015473514795303,0.2531108558177948
-8.093999862670898,5.245999813079834,1.0358188152313232,3.051821231842041,0.09430169314146042,0.2565591037273407,0.07212074100971222,0.5314022898674011
-8.093999862670898,5.245999813079834,1.1093484163284302,6.175581932067871,0.06092669814825058,0.04160654917359352,0.04145083948969841,0.2154868245124817
-8.093999862670898,6.245999813079834,0.9648270606994629,5.3619384765625,0.05384238436818123,1.2081680297851562,-0.04493448883295059,0.5556439161300659
-8.093999862670898,6.245999813079834,1.1761250495910645,2.7760777473449707,0.20271368324756622,0.12665137648582458,0.10766570270061493,0.32920145988464355
-8.093999862670898,6.245999813079834,1.0669643878936768,5.996789455413818,0.08038496226072311,0.11580079793930054,-0.05659860000014305,0.11515472084283829
-8.093999862670898,7.245999813079834,1.0210565328598022,5.799506664276123,0.12687301635742188,1.1724451780319214,0.01866227015852928,0.3391333520412445
-8.093999862670898,7.245999813079834,1.111418604850769,2.543944835662842,0.13296309113502502,0.12934166193008423,0.10820167511701584,0.4157887101173401
-8.093999862670898,7.245999813079834,0.9597981572151184,5.492409706115723,0.0465947687625885,0.12065569311380386,0.0883081778883934,0.24507790803909302
-8.093999862670898,8.246000289916992,1.0504281520843506,5.151731491088867,0.26435497403144836,1.67160165309906,-0.041971106082201004,0.18630193173885345
-8.093999862670898,8.246000289916992,1.2676246166229248,2.4504358768463135,0.16660919785499573,0.04272809624671936,0.007421615533530712,0.5611518621444702
-8.093999862670898,8.246000289916992,1.087709903717041,5.514125823974609,0.05873991921544075,0.07190082967281342,-0.05882086232304573,0.25254619121551514
-8.093999862670898,9.246000289916992,1.0527266263961792,4.19209623336792,0.07906340807676315,1.053381323814392,-0.029962563887238503,0.4676620066165924
-8.093999862670898,9.246000289916992,1.2423415184020996,2.2953901290893555,0.09179367125034332,0.03169875219464302,0.048568371683359146,0.39825084805488586
-8.093999862670898,9.246000289916992,1.2280768156051636,5.469871997833252,0.07519307732582092,0.03908197209239006,-9.587053500581533e-05,0.13408708572387695
-8.093999862670898,10.246000289916992,0.9505224227905273,3.2613883018493652,0.03080805018544197,0.10486462712287903,0.0380743145942688,0.9929191470146179
-8.093999862670898,10.246000289916992,0.8823774456977844,0.4107559323310852,0.06376925855875015,3.7810399532318115,-0.006737475283443928,0.005803356412798166
-8.093999862670898,10.246000289916992,0.9946357607841492,6.152608394622803,0.11787456274032593,1.256495714187622,0.09263870120048523,0.0012775439536198974
-8.093999862670898,11.246000289916992,0.8646407723426819,6.0806989669799805,0.1262146383523941,0.7768499851226807,0.07813963294029236,0.0618596076965332
-8.093999862670898,11.246000289916992,0.9986136555671692,0.8676207661628723,0.07091379165649414,0.08531086891889572,-0.014653132297098637,0.9333609938621521
-8.093999862670898,11.246000289916992,0.9505059719085693,6.073568344116211,0.2085682600736618,0.721506655216217,0.11528854072093964,0.004779397509992123
-8.093999862670898,12.246000289916992,0.9290092587471008,1.2910802364349365,0.11550097167491913,0.7408964037895203,0.02582046203315258,0.013689247891306877
-8.093999862670898,12.246000289916992,0.8896040320396423,0.985285222530365,0.05881104990839958,0.044869232922792435,-0.0685870498418808,0.9855812191963196
-8.093999862670898,12.246000289916992,1.0454938411712646,5.758662223815918,0.2861323356628418,0.5525107979774475,-0.04654551297426224,0.0007294740644283593
-8.093999862670898,13.246000289916992,0.8891122341156006,5.597906112670898,0.41986003518104553,0.6461197137832642,0.06323237717151642,0.04505279287695885
-8.093999862670898,13.246000289916992,0.6267078518867493,0.6240611672401428,0.023664874956011772,0.07775775343179703,0.10523146390914917,0.4168488085269928
-8.093999862670898,13.246000289916992,0.8080575466156006,1.005218267440796,0.111618772149086,0.0920271947979927,-0.07320545613765717,0.5380983948707581
-8.093999862670898,14.246000289916992,1.1458336114883423,6.071411609649658,0.43708017468452454,0.9402989745140076,0.10035289824008942,0.04376163333654404
-8.093999862670898,14.246000289916992,1.0022826194763184,0.9199932813644409,0.0508502796292305,0.0776582658290863,0.05640237405896187,0.6034321188926697
-8.093999862670898,14.246000289916992,1.1118671894073486,1.0258864164352417,0.07215303927659988,0.10761270672082901,0.010979955084621906,0.35280629992485046
-8.093999862670898,15.246000289916992,1.3786721229553223,5.949793815612793,0.8729990124702454,0.5433138608932495,0.04531030356884003,0.05748271569609642
-8.093999862670898,15.246000289916992,1.0741387605667114,0.8038517236709595,0.03996114432811737,0.0624384731054306,-0.18379725515842438,0.6229415535926819
-8.093999862670898,15.246000289916992,1.2132116556167603,0.9809342622756958,0.16061602532863617,0.10037223994731903,-0.04303969070315361,0.31957578659057617
-8.093999862670898,16.246000289916992,1.2602752447128296,0.8768634796142578,0.46337008476257324,1.135649561882019,0.1603384166955948,0.04209158569574356
-8.093999862670898,16.246000289916992,1.0278595685958862,0.9448310136795044,0.05245654657483101,0.1067497506737709,-0.11634733527898788,0.9557834267616272
-8.093999862670898,16.246000289916992,1.261542558670044,1.1328768730163574,0.34834057092666626,0.2273593246936798,-0.004025979898869991,0.0021250906866043806
-8.093999862670898,17.246000289916992,1.009634017944336,0.23804929852485657,0.16634373366832733,1.1043816804885864,0.0484631210565567,0.11324804276227951
-8.093999862670898,17.246000289916992,1.2402958869934082,1.2867956161499023,0.09314846247434616,0.06686630845069885,-0.13931509852409363,0.8093035221099854
-8.093999862670898,17.246000289916992,1.2410523891448975,5.766552448272705,0.17086860537528992,0.1394939422607422,0.22659185528755188,0.07744845002889633
-8.093999862670898,18.246000289916992,1.0700442790985107,0.119244784116745,0.2780233323574066,1.4658596515655518,-0.23620639741420746,0.001810230314731598
-8.093999862670898,18.246000289916992,1.2611643075942993,1.0590689182281494,0.10943560302257538,0.03879614174365997,-0.06812898069620132,0.9981532692909241
-8.093999862670898,18.246000289916992,1.2367286682128906,0.6575959324836731,1.018359899520874,1.347230315208435,0.08208904415369034,3.650220241979696e-05
-8.093999862670898,19.246000289916992,0.8515903353691101,0.1779632568359375,0.07903924584388733,0.7082576155662537,-0.12505099177360535,0.12346048653125763
-8.093999862670898,19.246000289916992,1.190622091293335,0.8773612380027771,0.15687179565429688,0.07569888979196548,-0.2962131202220917,0.7948712110519409
-8.093999862670898,19.246000289916992,1.2670795917510986,0.5435699820518494,0.7683769464492798,0.32643747329711914,0.13355067372322083,0.08166833966970444
-8.093999862670898,20.246000289916992,0.9583690762519836,0.20124784111976624,0.33562400937080383,1.1114710569381714,0.09458094090223312,0.052873894572257996
-8.093999862670898,20.246000289916992,0.8733365535736084,0.8432472944259644,0.06863114982843399,0.09445258975028992,-0.02735474705696106,0.93138188123703
-8.093999862670898,20.246000289916992,1.053540825843811,0.18829452991485596,0.580449104309082,0.6169418096542358,0.2005675733089447,0.015744304284453392
-8.093999862670898,21.246000289916992,1.194673776626587,5.154097080230713,1.3867337703704834,0.6259764432907104,0.1779782921075821,0.06438015401363373
-8.093999862670898,21.246000289916992,0.9154881238937378,1.3993505239486694,0.06677410006523132,0.04389446601271629,-0.1364373117685318,0.9146238565444946
-8.093999862670898,21.246000289916992,0.8337486982345581,5.562565803527832,0.25369396805763245,1.0218807458877563,0.4406507909297943,0.020996050909161568
-7.093999862670898,-11.753999710083008,0.9793838858604431,3.4755239486694336,0.4167207181453705,0.5730261206626892,0.11910759657621384,0.576836884021759
-7.093999862670898,-11.753999710083008,0.6191515922546387,2.433900833129883,0.03206301108002663,0.13456878066062927,-0.1971009373664856,0.21844536066055298
-7.093999862670898,-11.753999710083008,0.5010919570922852,5.507325172424316,0.06022397428750992,2.535996675491333,0.39449989795684814,0.2047177106142044
-7.093999862670898,-10.753999710083008,1.0278836488723755,4.794963836669922,0.40697652101516724,0.5681385397911072,0.1731177121400833,0.22640793025493622
-7.093999862670898,-10.753999710083008,0.5350050926208496,1.7128021717071533,0.022930145263671875,0.7635102272033691,-0.05055677145719528,0.04695286229252815
-7.093999862670898,-10.753999710083008,0.6262773871421814,5.898204803466797,0.009784833528101444,0.14756761491298676,0.043584469705820084,0.7266392111778259
-7.093999862670898,-9.753999710083008,0.9171320199966431,5.771030902862549,0.16301903128623962,1.8076045513153076,0.036548763513565063,0.3114807903766632
-7.093999862670898,-9.753999710083008,0.6031937003135681,1.6294341087341309,0.03791073337197304,0.6344670653343201,0.3989848792552948,0.5917801856994629
-7.093999862670898,-9.753999710083008,0.7782400250434875,0.320773720741272,0.036387186497449875,0.45340222120285034,-0.046023283153772354,0.09673897176980972
-7.093999862670898,-8.753999710083008,0.8943384289741516,3.5324361324310303,0.14367355406284332,0.7714826464653015,-0.06531989574432373,0.3199009299278259
-7.093999862670898,-8.753999710083008,0.5371143221855164,4.863434314727783,0.03632567822933197,0.27324485778808594,0.11343982070684433,0.6298120021820068
-7.093999862670898,-8.753999710083008,0.734481930732727,4.056367874145508,0.022196127101778984,0.17906038463115692,0.1310303509235382,0.050287049263715744
-7.093999862670898,-7.754000186920166,0.9042849540710449,0.2140185832977295,0.2881030738353729,0.7957140803337097,0.0033815999049693346,0.09860941022634506
-7.093999862670898,-7.754000186920166,0.6907056570053101,3.6527364253997803,0.052992019802331924,0.37166354060173035,0.07320938259363174,0.024753011763095856
-7.093999862670898,-7.754000186920166,0.6326697468757629,0.45879343152046204,0.017757553607225418,0.17301008105278015,0.024446358904242516,0.8766375780105591
-7.093999862670898,-6.754000186920166,0.9652827382087708,5.6855950355529785,0.2874794900417328,1.7462111711502075,-0.052712783217430115,0.17203275859355927
-7.093999862670898,-6.754000186920166,0.5461654663085938,2.6157917976379395,0.021736767143011093,0.4391320049762726,-0.10255961120128632,0.5941312909126282
-7.093999862670898,-6.754000186920166,0.6307244300842285,5.86018180847168,0.031841941177845,1.5932282209396362,0.12241625040769577,0.23383599519729614
-7.093999862670898,-5.754000186920166,0.9361791014671326,5.26854133605957,0.07924599200487137,1.2847621440887451,0.03541789576411247,0.16870266199111938
-7.093999862670898,-5.754000186920166,0.9070941805839539,3.367189884185791,0.07280811667442322,0.5439355969429016,0.3240688741207123,0.5627201199531555
-7.093999862670898,-5.754000186920166,1.1463488340377808,0.6572434306144714,0.09579017758369446,0.05896788090467453,-0.03837938234210014,0.2685772776603699
-7.093999862670898,-4.754000186920166,1.037513256072998,5.538450241088867,0.11809234321117401,2.141083240509033,0.08341649174690247,0.42606401443481445
-7.093999862670898,-4.754000186920166,1.0239633321762085,3.953773021697998,0.08747737109661102,0.04862920567393303,0.1053454577922821,0.2714341878890991
-7.093999862670898,-4.754000186920166,1.108884334564209,0.5792416334152222,0.05916764587163925,0.07857225090265274,-0.2618963420391083,0.3025017976760864
-7.093999862670898,-3.753999948501587,0.952215313911438,5.824975967407227,0.20448674261569977,1.8349833488464355,0.0847560316324234,0.32875585556030273
-7.093999862670898,-3.753999948501587,1.0342921018600464,3.8500449657440186,0.05855988338589668,0.045273877680301666,0.011316529475152493,0.35923025012016296
-7.093999862670898,-3.753999948501587,1.2160940170288086,0.565952718257904,0.04619685187935829,0.04399781674146652,-0.1912469118833542,0.3120139241218567
-7.093999862670898,-2.753999948501587,0.9538041949272156,6.201052665710449,0.13318997621536255,1.3304544687271118,0.00038780816248618066,0.27500542998313904
-7.093999862670898,-2.753999948501587,0.9226060509681702,3.599975824356079,0.07353170961141586,0.31924811005592346,-0.04687785729765892,0.41583991050720215
-7.093999862670898,-2.753999948501587,1.1070382595062256,0.43785083293914795,0.06790575385093689,0.1101125180721283,-0.14455357193946838,0.3091546595096588
-7.093999862670898,-1.753999948501587,0.7950520515441895,0.769003689289093,0.07260529696941376,1.211806297302246,0.06967458128929138,0.4041458070278168
-7.093999862670898,-1.753999948501587,0.9436628222465515,3.208493232727051,0.11563432961702347,0.2226654589176178,0.1088557094335556,0.3595895767211914
-7.093999862670898,-1.753999948501587,1.1022968292236328,0.05361189320683479,0.08151435852050781,0.09043759107589722,0.19851085543632507,0.23626458644866943
-7.093999862670898,-0.7540000081062317,0.9824492931365967,5.24613094329834,0.2265140265226364,1.015449047088623,0.06642597913742065,0.0649879202246666
-7.093999862670898,-0.7540000081062317,0.8848586678504944,2.462425470352173,0.06157797574996948,0.10858955979347229,0.26631560921669006,0.7456919550895691
-7.093999862670898,-0.7540000081062317,0.7277988195419312,6.2465386390686035,0.02181974984705448,0.1964302510023117,0.2884543538093567,0.18932008743286133
-7.093999862670898,0.2460000067949295,0.8886041045188904,2.7140374183654785,0.28454452753067017,1.1231802701950073,0.11321084946393967,0.001939902431331575
-7.093999862670898,0.2460000067949295,0.5102118253707886,2.408358097076416,0.012468633241951466,1.1749320030212402,-0.44790852069854736,0.0009431616635993123
-7.093999862670898,0.2460000067949295,0.4735719561576843,6.029623031616211,0.0007720362045802176,0.09159711003303528,0.08051450550556183,0.9971169233322144
-7.093999862670898,1.246000051498413,0.8834993243217468,4.868337154388428,0.05742431804537773,1.592250943183899,0.17096972465515137,0.18067562580108643
-7.093999862670898,1.246000051498413,1.1850475072860718,3.3686182498931885,0.2481115609407425,0.10664677619934082,0.13397236168384552,0.17697948217391968
-7.093999862670898,1.246000051498413,1.0561251640319824,0.36013859510421753,0.0880018025636673,0.17999446392059326,0.05008714273571968,0.6423448920249939
-7.093999862670898,2.246000051498413,0.8505433201789856,5.542757987976074,0.06451493501663208,1.4489160776138306,0.08259912580251694,0.19753840565681458
-7.093999862670898,2.246000051498413,1.042649269104004,3.144725799560547,0.12403250485658646,0.11408615112304688,0.047685202211141586,0.4994579553604126
-7.093999862670898,2.246000051498413,1.166197657585144,6.252937316894531,0.09060591459274292,0.040467701852321625,0.0078032794408500195,0.30300372838974
-7.093999862670898,3.246000051498413,0.9949117302894592,5.0088043212890625,0.11794307082891464,1.9729801416397095,0.05285574495792389,0.14218434691429138
-7.093999862670898,3.246000051498413,1.147912859916687,3.0864903926849365,0.08085551857948303,0.07062628120183945,0.012890290468931198,0.42122888565063477
-7.093999862670898,3.246000051498413,1.3031253814697266,6.192790985107422,0.07902718335390091,0.018050486221909523,0.0219560693949461,0.4365866780281067
-7.093999862670898,4.245999813079834,1.0901901721954346,5.409641742706299,0.11455782502889633,1.0781607627868652,0.018908431753516197,0.20993784070014954
-7.093999862670898,4.245999813079834,1.0894923210144043,2.9055700302124023,0.0718337818980217,0.09743289649486542,0.14350707828998566,0.5292848348617554
-7.093999862670898,4.245999813079834,1.3402823209762573,6.037551403045654,0.08789700269699097,0.024052951484918594,-0.0015570844989269972,0.2607772946357727
-7.093999862670898,5.245999813079834,1.1032567024230957,4.9759111404418945,0.2614670991897583,2.039555788040161,0.04793527349829674,0.11231385916471481
-7.093999862670898,5.245999813079834,1.0851069688796997,2.8416261672973633,0.0996820479631424,0.12384365499019623,0.029375288635492325,0.6427232623100281
-7.093999862670898,5.245999813079834,1.1541757583618164,6.032052516937256,0.07561732083559036,0.06111279875040054,-0.06238372251391411,0.2449628710746765
-7.093999862670898,6.245999813079834,1.1445900201797485,4.254249095916748,0.1767314374446869,1.810564637184143,0.012545169331133366,0.1379702389240265
-7.093999862670898,6.245999813079834,1.1405271291732788,2.692610502243042,0.12305419147014618,0.11770833283662796,0.14376991987228394,0.6493199467658997
-7.093999862670898,6.245999813079834,1.0107314586639404,5.901031017303467,0.05459590628743172,0.14104324579238892,-0.07873551547527313,0.21270978450775146
-7.093999862670898,7.245999813079834,1.1045585870742798,5.285330772399902,0.18409191071987152,1.7791692018508911,-0.02094559744000435,0.21176530420780182
-7.093999862670898,7.245999813079834,1.1440460681915283,2.5870182514190674,0.15679462254047394,0.08968702703714371,0.17291748523712158,0.4747779667377472
-7.093999862670898,7.245999813079834,1.1240705251693726,5.696712970733643,0.07169865816831589,0.0645296722650528,-0.07256008684635162,0.3134567141532898
-7.093999862670898,8.246000289916992,0.7614700198173523,0.029384883120656013,0.06290728598833084,0.6333174109458923,-0.11258566379547119,0.5181853771209717
-7.093999862670898,8.246000289916992,1.1319478750228882,2.150568723678589,0.4259263575077057,0.13190484046936035,0.07058888673782349,0.08295433223247528
-7.093999862670898,8.246000289916992,0.8550779223442078,6.023543357849121,0.06655977666378021,0.0812172219157219,-0.21031028032302856,0.3988603353500366
-7.093999862670898,9.246000289916992,0.9515514373779297,5.387566566467285,0.018490387126803398,0.2857092320919037,-0.048026904463768005,0.9703081250190735
-7.093999862670898,9.246000289916992,0.9976089000701904,0.2082541435956955,0.3574443459510803,1.3285108804702759,0.14319775998592377,0.008490873500704765
-7.093999862670898,9.246000289916992,0.8015010952949524,0.18514195084571838,0.0822855681180954,0.24357253313064575,-0.13811804354190826,0.021201007068157196
-7.093999862670898,10.246000289916992,0.9262816309928894,4.299195289611816,0.013229357078671455,0.10124319046735764,-0.11634980887174606,0.9883031249046326
-7.093999862670898,10.246000289916992,0.75542151927948,0.7389347553253174,0.07975280284881592,4.448603630065918,-0.20841453969478607,0.009448804892599583
-7.093999862670898,10.246000289916992,0.8798825740814209,5.8642473220825195,0.14409272372722626,2.6306185722351074,0.053278274834156036,0.002248161006718874
-7.093999862670898,11.246000289916992,0.8809719085693359,4.242789268493652,0.331297904253006,1.639728307723999,0.1478857845067978,0.01555608306080103
-7.093999862670898,11.246000289916992,0.6325675845146179,1.6447060108184814,0.04358299821615219,0.09328850358724594,-0.23757736384868622,0.9642021656036377
-7.093999862670898,11.246000289916992,0.9857596158981323,5.2114362716674805,0.2225683480501175,0.8991407155990601,0.009292714297771454,0.020241666585206985
-7.093999862670898,12.246000289916992,0.9967225790023804,5.3963422775268555,1.6008589267730713,0.823028028011322,0.32474178075790405,0.009638065472245216
-7.093999862670898,12.246000289916992,0.7446184754371643,0.8552068471908569,0.0271652452647686,0.04762034863233566,-0.2967988848686218,0.9678695797920227
-7.093999862670898,12.246000289916992,0.8120454549789429,0.1920928657054901,0.08335479348897934,0.6676793694496155,0.054238319396972656,0.022492380812764168
-7.093999862670898,13.246000289916992,0.9759055376052856,0.7993476986885071,0.7925248146057129,1.2792264223098755,0.16603870689868927,0.032213859260082245
-7.093999862670898,13.246000289916992,0.6146403551101685,0.9888203144073486,0.026095353066921234,0.08529386669397354,-0.14719589054584503,0.5250289440155029
-7.093999862670898,13.246000289916992,0.8918342590332031,0.9455032348632812,0.0703662857413292,0.05190509930253029,-0.13151857256889343,0.4427572786808014
-7.093999862670898,14.246000289916992,1.1471359729766846,6.065604209899902,1.1847466230392456,1.0458362102508545,0.1477348506450653,0.019347716122865677
-7.093999862670898,14.246000289916992,0.867396891117096,0.6008150577545166,0.018094513565301895,0.15968146920204163,0.2710765600204468,0.17779231071472168
-7.093999862670898,14.246000289916992,0.8921722769737244,1.3760207891464233,0.01643054001033306,0.03269847482442856,-0.04429095238447189,0.8028600215911865
-7.093999862670898,15.246000289916992,1.3534536361694336,1.2271947860717773,0.6584807634353638,0.798773467540741,0.10581734776496887,0.0862862840294838
-7.093999862670898,15.246000289916992,1.2328541278839111,1.0469454526901245,0.06582745164632797,0.02038622833788395,-0.45162853598594666,0.7947823405265808
-7.093999862670898,15.246000289916992,1.1926419734954834,0.7153717875480652,0.18188734352588654,0.3669421374797821,0.04406346008181572,0.11893139034509659
-7.093999862670898,16.246000289916992,0.8574076294898987,1.8813955783843994,0.053196925669908524,0.9485471844673157,0.15803274512290955,0.018150407820940018
-7.093999862670898,16.246000289916992,1.021562099456787,0.7288262844085693,0.07991516590118408,0.05260087177157402,0.06927181035280228,0.9818223714828491
-7.093999862670898,16.246000289916992,1.066951870918274,0.36253416538238525,0.5428716540336609,0.7687532305717468,-0.0157676562666893,2.711305205593817e-05
-7.093999862670898,17.246000289916992,1.2491744756698608,4.423366069793701,1.2121119499206543,0.9927573204040527,0.30368730425834656,0.045235712081193924
-7.093999862670898,17.246000289916992,1.0259250402450562,0.3653295934200287,0.0863412618637085,0.08019588887691498,-0.5056788325309753,0.45952528715133667
-7.093999862670898,17.246000289916992,0.9747962951660156,5.851611137390137,0.1116717979311943,0.44251203536987305,0.2760859429836273,0.4952390193939209
-7.093999862670898,18.246000289916992,1.128309726715088,4.138444900512695,1.1678814888000488,1.0784555673599243,-0.06578116118907928,0.009439590387046337
-7.093999862670898,18.246000289916992,1.1493178606033325,1.173508644104004,0.1223396509885788,0.06219067424535751,-0.01660064607858658,0.9903725385665894
-7.093999862670898,18.246000289916992,1.145479679107666,0.3118647634983063,0.8996700644493103,1.663511872291565,0.19710151851177216,0.00018778862431645393
-7.093999862670898,19.246000289916992,0.9145320653915405,5.369299411773682,0.15383271872997284,0.365754097700119,0.05349242314696312,0.013747239485383034
-7.093999862670898,19.246000289916992,1.105970025062561,0.7529169917106628,0.08101923763751984,0.0352231003344059,-0.008686048910021782,0.9750475287437439
-7.093999862670898,19.246000289916992,1.1207020282745361,0.7542386651039124,0.393760621547699,0.05567438527941704,0.2927699387073517,0.011205317452549934
-7.093999862670898,20.246000289916992,1.2643470764160156,1.8326021432876587,0.8297869563102722,1.1962100267410278,0.0631452351808548,0.12997418642044067
-7.093999862670898,20.246000289916992,1.0324503183364868,0.80097895860672,0.09159500896930695,0.09977561235427856,-0.1674589216709137,0.832582950592041
-7.093999862670898,20.246000289916992,1.0626696348190308,0.24434524774551392,0.20441043376922607,0.4512641429901123,0.10905132442712784,0.03744285926222801
-6.093999862670898,-11.753999710083008,0.9426670074462891,1.9414219856262207,0.303190141916275,0.4557565748691559,0.1828242838382721,0.6229948997497559
-6.093999862670898,-11.753999710083008,0.5868101119995117,1.9281573295593262,0.03905947506427765,0.3108409345149994,-0.0019677276723086834,0.03823825716972351
-6.093999862670898,-11.753999710083008,0.48065871000289917,5.27414608001709,0.03134186565876007,0.5544700622558594,0.29410913586616516,0.33876684308052063
-6.093999862670898,-10.753999710083008,0.9613104462623596,4.151210784912109,0.21847781538963318,0.3906257152557373,0.17581269145011902,0.5215452313423157
-6.093999862670898,-10.753999710083008,0.5559661388397217,1.974653959274292,0.033363211899995804,1.1617074012756348,-0.08397484570741653,0.01830829121172428
-6.093999862670898,-10.753999710083008,0.5971245765686035,5.732568264007568,0.012097634375095367,0.1875113993883133,0.10934261232614517,0.46014639735221863
-6.093999862670898,-9.753999710083008,1.0240482091903687,3.8368659019470215,0.19236120581626892,1.6841535568237305,0.08003085106611252,0.2640240490436554
-6.093999862670898,-9.753999710083008,0.5400089025497437,1.7728478908538818,0.022316887974739075,0.7514936327934265,0.2887861728668213,0.507478654384613
-6.093999862670898,-9.753999710083008,0.7259286046028137,5.551422119140625,0.022902552038431168,0.331959068775177,0.09143893420696259,0.22849728167057037
-6.093999862670898,-8.753999710083008,0.9615575671195984,3.5915021896362305,0.1604655683040619,0.9303147792816162,-0.12419315427541733,0.25776800513267517
-6.093999862670898,-8.753999710083008,0.6260251402854919,4.278891086578369,0.030903177335858345,0.2767060697078705,0.03285576030611992,0.7080366015434265
-6.093999862670898,-8.753999710083008,0.7151613235473633,4.217892646789551,0.01921025477349758,0.21030957996845245,0.13564899563789368,0.034195370972156525
-6.093999862670898,-7.754000186920166,0.9551711082458496,0.16280846297740936,0.3057975471019745,0.6115761399269104,-0.0483364574611187,0.1157163605093956
-6.093999862670898,-7.754000186920166,0.6173105239868164,3.384321689605713,0.05819492042064667,0.44292518496513367,0.042450033128261566,0.06397544592618942
-6.093999862670898,-7.754000186920166,0.5731183886528015,5.061655044555664,0.014685273170471191,0.19433607161045074,0.04774986580014229,0.8203082084655762
-6.093999862670898,-6.754000186920166,0.9832790493965149,5.090198516845703,0.2570264935493469,1.5699172019958496,-0.09718536585569382,0.1507636457681656
-6.093999862670898,-6.754000186920166,0.6426549553871155,2.4395792484283447,0.03790867328643799,0.9360185265541077,-0.12100594490766525,0.13076826930046082
-6.093999862670898,-6.754000186920166,0.621134340763092,6.219726085662842,0.013906503096222878,0.7362830638885498,-0.010854155756533146,0.7184681296348572
-6.093999862670898,-5.754000186920166,0.8921741843223572,5.842765808105469,0.07155624777078629,0.9206938743591309,0.03590289503335953,0.31310585141181946
-6.093999862670898,-5.754000186920166,0.787580132484436,2.3088302612304688,0.08396562188863754,1.1109942197799683,0.237503319978714,0.5729658007621765
-6.093999862670898,-5.754000186920166,1.0823712348937988,0.4679641127586365,0.17577646672725677,0.24818752706050873,-0.04405203461647034,0.11392831802368164
-6.093999862670898,-4.754000186920166,1.0752108097076416,6.009444713592529,0.15108445286750793,1.9864760637283325,0.06846271455287933,0.34390881657600403
-6.093999862670898,-4.754000186920166,1.0008416175842285,3.9532647132873535,0.08938975632190704,0.06331609934568405,0.21266812086105347,0.32869723439216614
-6.093999862670898,-4.754000186920166,1.1224806308746338,0.7732548117637634,0.07249867171049118,0.11045625060796738,-0.22461429238319397,0.3273939788341522
-6.093999862670898,-3.753999948501587,1.0499489307403564,5.585265636444092,0.37454864382743835,2.2645907402038574,0.11133421212434769,0.1748945713043213
-6.093999862670898,-3.753999948501587,0.9943708181381226,3.8194611072540283,0.04927876591682434,0.05394541099667549,-0.04099692776799202,0.4905010461807251
-6.093999862670898,-3.753999948501587,1.1322588920593262,0.6604079604148865,0.04046321660280228,0.050963301211595535,-0.1929318755865097,0.334604412317276
-6.093999862670898,-2.753999948501587,0.8232885003089905,5.9892258644104,0.06114059314131737,0.6726353168487549,0.03184251859784126,0.4381224513053894
-6.093999862670898,-2.753999948501587,0.8087314367294312,3.6267178058624268,0.06390737742185593,0.4384309649467468,-0.012576350010931492,0.32264506816864014
-6.093999862670898,-2.753999948501587,1.0332393646240234,0.17378345131874084,0.09683585166931152,0.23301580548286438,-0.06282918155193329,0.23923248052597046
-6.093999862670898,-1.753999948501587,0.8191045522689819,0.4033815860748291,0.1161125972867012,1.5488944053649902,0.11801934987306595,0.1666102558374405
-6.093999862670898,-1.753999948501587,0.861684262752533,3.173964738845825,0.10826032608747482,0.20368310809135437,0.10292939096689224,0.3060932457447052
-6.093999862670898,-1.753999948501587,0.9933697581291199,0.10753415524959564,0.07684917002916336,0.11926627904176712,0.18545390665531158,0.5272965431213379
-6.093999862670898,-0.7540000081062317,0.8822407126426697,0.6640732884407043,0.17014522850513458,0.7943241596221924,-0.0723821297287941,0.11461880803108215
-6.093999862670898,-0.7540000081062317,0.8985451459884644,2.6393890380859375,0.09330692142248154,0.0839548110961914,0.2971676290035248,0.48436471819877625
-6.093999862670898,-0.7540000081062317,0.7697525024414062,0.3797246515750885,0.036410290747880936,0.2000391185283661,0.22254244983196259,0.4010164439678192
-6.093999862670898,1.246000051498413,0.8173930644989014,4.447251319885254,0.05964604765176773,1.396862268447876,0.17209236323833466,0.112875796854496
-6.093999862670898,1.246000051498413,1.2450289726257324,3.3640096187591553,0.3514471650123596,0.06979141384363174,0.13705295324325562,0.06904030591249466
-6.093999862670898,1.246000051498413,1.0966647863388062,0.1560862511396408,0.0764915868639946,0.09271930158138275,0.105964794754982,0.8180839419364929
-6.093999862670898,2.246000051498413,0.9286553859710693,3.979757308959961,0.1093909963965416,1.3810151815414429,0.08113525062799454,0.11570803076028824
-6.093999862670898,2.246000051498413,1.2158993482589722,3.07244873046875,0.14854329824447632,0.08263827860355377,0.01906489208340645,0.47511565685272217
-6.093999862670898,2.246000051498413,1.2322204113006592,6.188344955444336,0.0803859606385231,0.023464281111955643,-0.13191908597946167,0.4091763198375702
-6.093999862670898,3.246000051498413,1.0454678535461426,5.431745529174805,0.21659022569656372,1.6887539625167847,0.014851083047688007,0.21098953485488892
-6.093999862670898,3.246000051498413,1.1885615587234497,3.0198755264282227,0.09568794071674347,0.05283782631158829,-0.006021583452820778,0.4186193645000458
-6.093999862670898,3.246000051498413,1.2755141258239746,6.166108131408691,0.07991316169500351,0.02137765847146511,0.01336989738047123,0.3703910708427429
-6.093999862670898,4.245999813079834,1.0504124164581299,5.634674072265625,0.11073047667741776,1.2543331384658813,0.019054245203733444,0.39043453335762024
-6.093999862670898,4.245999813079834,1.065753698348999,2.891010284423828,0.0889737606048584,0.10309697687625885,0.15581390261650085,0.4295157194137573
-6.093999862670898,4.245999813079834,1.2450581789016724,6.102689743041992,0.08737686276435852,0.02746320329606533,0.022056687623262405,0.18004965782165527
-6.093999862670898,5.245999813079834,1.1582050323486328,4.350311756134033,0.41888344287872314,1.9280074834823608,0.04361649602651596,0.09960516542196274
-6.093999862670898,5.245999813079834,1.1478508710861206,2.719680070877075,0.10005854815244675,0.04577558487653732,0.06951922178268433,0.5377627611160278
-6.093999862670898,5.245999813079834,1.1441646814346313,5.9489827156066895,0.07530172914266586,0.060218360275030136,-0.06888550519943237,0.36263200640678406
-6.093999862670898,6.245999813079834,1.152111530303955,3.7601630687713623,0.2654821574687958,2.023249626159668,-0.006775136571377516,0.09258345514535904
-6.093999862670898,6.245999813079834,1.1616734266281128,2.673933506011963,0.11004965752363205,0.058745380491018295,0.12348207086324692,0.5774039030075073
-6.093999862670898,6.245999813079834,1.07220458984375,5.95156717300415,0.06124016270041466,0.08963612467050552,-0.13724172115325928,0.33001258969306946
-6.093999862670898,7.245999813079834,1.2354546785354614,4.131833076477051,0.3177148699760437,1.7488453388214111,0.07514183968305588,0.06399399787187576
-6.093999862670898,7.245999813079834,1.059393286705017,2.5772042274475098,0.07093418389558792,0.1069227010011673,0.1741221696138382,0.6815377473831177
-6.093999862670898,7.245999813079834,1.29159414768219,5.879181385040283,0.08592324703931808,0.04715033993124962,-0.035911012440919876,0.25446823239326477
-6.093999862670898,8.246000289916992,0.9748225808143616,0.7485013008117676,0.2496858686208725,0.4955684244632721,-0.02080819196999073,0.2298801988363266
-6.093999862670898,8.246000289916992,0.7091835737228394,0.5363171696662903,0.1672482192516327,1.0458825826644897,-0.023213164880871773,0.012233981862664223
-6.093999862670898,8.246000289916992,0.6293079853057861,0.9450002312660217,0.02918832190334797,0.20085741579532623,-0.3678632974624634,0.757885754108429
-6.093999862670898,9.246000289916992,0.7948835492134094,5.366158962249756,0.021403249353170395,0.4240909516811371,-0.08823204040527344,0.9165945053100586
-6.093999862670898,9.246000289916992,0.8497456908226013,0.5124693512916565,0.13984794914722443,0.5814158320426941,0.15766192972660065,0.06019652262330055
-6.093999862670898,9.246000289916992,0.7037850618362427,6.162854194641113,0.06658082455396652,0.3472839891910553,-0.0015275654150173068,0.023208966478705406
-6.093999862670898,12.246000289916992,0.7010334730148315,2.0566744804382324,2.9047348499298096,1.8712719678878784,0.5181862115859985,1.0144755833607633e-05
-6.093999862670898,12.246000289916992,0.32668739557266235,0.8380179405212402,0.0026869047433137894,0.225482776761055,-0.4557240307331085,0.9999414682388306
-6.093999862670898,12.246000289916992,0.4180319309234619,0.11662246286869049,0.021489590406417847,7.2201151847839355,0.08140064030885696,4.8421377869090065e-05
-6.093999862670898,13.246000289916992,0.8854261040687561,5.350160121917725,0.7070058584213257,1.1518406867980957,0.24453352391719818,0.009805180132389069
-6.093999862670898,13.246000289916992,0.6789795756340027,0.3259786069393158,0.023169085383415222,0.03416871652007103,-0.273910254240036,0.9826542735099792
-6.093999862670898,13.246000289916992,0.7721758484840393,1.054612636566162,0.11304311454296112,0.25299859046936035,-0.19126728177070618,0.0075404890812933445
-6.093999862670898,14.246000289916992,0.985776960849762,5.482574462890625,0.2380724549293518,1.0901373624801636,0.12805669009685516,0.08888908475637436
-6.093999862670898,14.246000289916992,1.25664484500885,2.058328151702881,0.10483298450708389,0.03011353872716427,0.1656508892774582,0.11075195670127869
-6.093999862670898,14.246000289916992,1.4282475709915161,6.152858734130859,0.06798935681581497,0.007262859959155321,0.05545114353299141,0.8003589510917664
-6.093999862670898,15.246000289916992,1.2559560537338257,2.560596466064453,1.651642918586731,1.2855082750320435,0.32092124223709106,0.002306539099663496
-6.093999862670898,15.246000289916992,1.3183156251907349,0.7057497501373291,0.03926650807261467,0.005291510373353958,-0.44069531559944153,0.9971449971199036
-6.093999862670898,15.246000289916992,1.1601061820983887,0.44596388936042786,0.3264150619506836,1.01261305809021,0.22384387254714966,0.0005484041175805032
-6.093999862670898,16.246000289916992,0.7135471105575562,4.616142272949219,0.029032232239842415,0.5885233879089355,0.060653384774923325,0.06029244512319565
-6.093999862670898,16.246000289916992,1.0088465213775635,0.6091052293777466,0.14723902940750122,0.03537062183022499,-0.075113445520401,0.9396370649337769
-6.093999862670898,16.246000289916992,0.9623523950576782,0.12357383966445923,0.8093799352645874,1.3453412055969238,0.13046519458293915,7.049323903629556e-05
-6.093999862670898,17.246000289916992,1.154106855392456,4.9273200035095215,1.0456353425979614,1.4505406618118286,0.3746102750301361,0.031150810420513153
-6.093999862670898,17.246000289916992,0.9507437944412231,0.4491214156150818,0.06593966484069824,0.06292399764060974,-0.4247211515903473,0.732813835144043
-6.093999862670898,17.246000289916992,0.9463962912559509,0.1593157798051834,0.10757340490818024,0.25169599056243896,0.15021580457687378,0.23603534698486328
-6.093999862670898,19.246000289916992,0.9690754413604736,0.4115174114704132,0.2829163372516632,0.333308607339859,0.21825283765792847,5.0707963964669034e-05
-6.093999862670898,19.246000289916992,1.0392316579818726,6.075888156890869,0.02077355608344078,0.06739568710327148,0.08413510769605637,0.9999490976333618
-6.093999862670898,19.246000289916992,1.1512689590454102,1.3212820291519165,1.8450955152511597,1.2431740760803223,0.4207124710083008,2.8191379897180013e-07
-6.093999862670898,20.246000289916992,1.8643709421157837,0.04055995121598244,51.9993896484375,2.37492036819458,0.40063101053237915,4.3732246268746167e-08
-6.093999862670898,20.246000289916992,1.3831676244735718,0.9864240884780884,0.014795985072851181,0.04417427256703377,0.22342833876609802,0.9999970197677612
-6.093999862670898,20.246000289916992,1.4000613689422607,1.6753913164138794,0.4050860106945038,2.1899123191833496,-0.05595505237579346,2.9226519018266117e-06
-5.093999862670898,-11.753999710083008,0.8188822865486145,5.7285590171813965,0.8654588460922241,1.2914588451385498,0.14693181216716766,0.19460177421569824
-5.093999862670898,-11.753999710083008,0.3829776644706726,2.597421884536743,0.02259303815662861,0.9373897314071655,-0.2075158953666687,0.07089529931545258
-5.093999862670898,-11.753999710083008,0.548143208026886,5.069059371948242,0.008981466293334961,0.07960111647844315,0.1693630963563919,0.734502911567688
-5.093999862670898,-10.753999710083008,0.6595159769058228,4.393784523010254,0.12252804636955261,0.7505772113800049,-0.043693602085113525,0.49515360593795776
-5.093999862670898,-10.753999710083008,0.5435850620269775,2.082230806350708,0.03346730396151543,0.9436518549919128,-0.11648304015398026,0.2266465425491333
-5.093999862670898,-10.753999710083008,0.5718956589698792,4.911736965179443,0.017184460535645485,0.7697815895080566,0.09359434992074966,0.27819985151290894
-5.093999862670898,-9.753999710083008,0.8451839685440063,3.5763025283813477,0.09558308124542236,1.1770403385162354,-0.04786454513669014,0.3859257996082306
-5.093999862670898,-9.753999710083008,0.5150786638259888,2.1165637969970703,0.025868188589811325,0.9914589524269104,0.17309929430484772,0.17048989236354828
-5.093999862670898,-9.753999710083008,0.6636303663253784,4.594631671905518,0.018981751054525375,0.2939611077308655,0.1694486290216446,0.4435843229293823
-5.093999862670898,-8.753999710083008,0.8803169131278992,4.942475318908691,0.15852060914039612,1.4492982625961304,-0.0697660744190216,0.12073811143636703
-5.093999862670898,-8.753999710083008,0.5868868231773376,2.132537364959717,0.02590573951601982,1.2566288709640503,-0.0533992201089859,0.4231456220149994
-5.093999862670898,-8.753999710083008,0.6430625319480896,5.5314531326293945,0.008993718773126602,0.3108440935611725,-0.17306235432624817,0.45611628890037537
-5.093999862670898,-7.754000186920166,0.9898682236671448,5.50160551071167,0.1561390608549118,1.254460334777832,-0.040425170212984085,0.09566932171583176
-5.093999862670898,-7.754000186920166,0.5939327478408813,1.6890490055084229,0.023597579449415207,0.3438788056373596,0.20854924619197845,0.7306129932403564
-5.093999862670898,-7.754000186920166,0.7970982193946838,5.118713855743408,0.046572521328926086,0.21929886937141418,0.08542601019144058,0.17371773719787598
-5.093999862670898,-6.754000186920166,1.123957872390747,5.249499320983887,0.13955369591712952,0.5439513325691223,0.1674654185771942,0.4561706483364105
-5.093999862670898,-6.754000186920166,0.8520553708076477,2.2250277996063232,0.1138601005077362,0.2962348163127899,0.013214227743446827,0.15415899455547333
-5.093999862670898,-6.754000186920166,0.7924452424049377,5.9409499168396,0.04024774581193924,0.660993218421936,0.21182803809642792,0.38967031240463257
-5.093999862670898,-5.754000186920166,1.0837606191635132,5.658060073852539,0.13817664980888367,1.3229234218597412,0.12397504597902298,0.47788897156715393
-5.093999862670898,-5.754000186920166,0.7374780178070068,1.3920010328292847,0.07051882892847061,0.8898391127586365,0.010246624238789082,0.48218804597854614
-5.093999862670898,-5.754000186920166,0.8506639003753662,5.694423198699951,0.11137595772743225,1.7253185510635376,-0.07904700189828873,0.03992301598191261
-5.093999862670898,-4.754000186920166,0.9629978537559509,6.2556843757629395,0.19091448187828064,1.5743352174758911,-0.05933448299765587,0.606778085231781
-5.093999862670898,-4.754000186920166,0.7884790301322937,3.4479141235351562,0.04497219994664192,0.7367407083511353,0.008805871941149235,0.21300551295280457
-5.093999862670898,-4.754000186920166,0.7733730673789978,0.8689708113670349,0.011454389430582523,0.9616794586181641,-0.18001921474933624,0.180216446518898
-5.093999862670898,-3.753999948501587,0.9773128032684326,6.081155300140381,0.2044057846069336,1.7822678089141846,0.1256307065486908,0.319089412689209
-5.093999862670898,-3.753999948501587,0.7681229710578918,3.9183804988861084,0.05714583396911621,0.11969151347875595,0.1230185404419899,0.3208705186843872
-5.093999862670898,-3.753999948501587,0.9212696552276611,0.9084388017654419,0.04096163436770439,0.06995917111635208,-0.2608175575733185,0.3600400984287262
-5.093999862670898,-2.753999948501587,0.7323971390724182,0.846237063407898,0.04559624195098877,1.3738642930984497,-0.010981275700032711,0.18473568558692932
-5.093999862670898,-2.753999948501587,0.9311949014663696,3.6934218406677246,0.14286044239997864,0.35724759101867676,0.024945707991719246,0.4829810559749603
-5.093999862670898,-2.753999948501587,1.040278673171997,0.6168740391731262,0.10965200513601303,0.2595330774784088,-0.16808614134788513,0.33228328824043274
-5.093999862670898,-1.753999948501587,1.0650017261505127,0.926418125629425,0.3015477955341339,1.6760969161987305,-0.02625027671456337,0.02896880730986595
-5.093999862670898,-1.753999948501587,1.1483845710754395,3.3683230876922607,0.18007314205169678,0.14289695024490356,0.13915082812309265,0.48466143012046814
-5.093999862670898,-1.753999948501587,1.0881346464157104,0.4325263500213623,0.1103842556476593,0.20012977719306946,-0.29400041699409485,0.4863697588443756
-5.093999862670898,-0.7540000081062317,0.8826252222061157,2.680825710296631,0.1820993572473526,1.3159844875335693,-0.027331121265888214,0.13305068016052246
-5.093999862670898,-0.7540000081062317,0.8879815340042114,3.332512617111206,0.10645660012960434,0.11037424951791763,0.21489359438419342,0.42853254079818726
-5.093999862670898,-0.7540000081062317,0.8766279220581055,0.6012351512908936,0.07205319404602051,0.25335580110549927,-0.03980202600359917,0.43841683864593506
-5.093999862670898,0.2460000067949295,0.564123272895813,5.738632678985596,0.04010750725865364,1.411354660987854,-0.060006167739629745,0.38158878684043884
-5.093999862670898,0.2460000067949295,0.45548224449157715,3.3957128524780273,0.024278942495584488,1.2181318998336792,0.22630923986434937,0.5732518434524536
-5.093999862670898,0.2460000067949295,0.7174657583236694,0.9966985583305359,0.04046289995312691,0.5423285961151123,-0.12181859463453293,0.04515938460826874
-5.093999862670898,1.246000051498413,0.7540929317474365,4.808382034301758,0.05075322464108467,1.0614771842956543,-0.03240999951958656,0.6721401214599609
-5.093999862670898,1.246000051498413,0.9879956245422363,3.038370370864868,0.08288638293743134,0.044454094022512436,0.07465889304876328,0.17806203663349152
-5.093999862670898,1.246000051498413,0.9583763480186462,5.952505588531494,0.045576613396406174,0.11970961093902588,0.22256533801555634,0.14979779720306396
-5.093999862670898,2.246000051498413,1.071874737739563,5.020993232727051,0.27149641513824463,1.6355209350585938,0.0016290599014610052,0.048767268657684326
-5.093999862670898,2.246000051498413,1.3144243955612183,3.0429513454437256,0.13274958729743958,0.07314711809158325,0.013456162996590137,0.5705950856208801
-5.093999862670898,2.246000051498413,1.3933541774749756,6.230376720428467,0.10108863562345505,0.020168108865618706,-0.12136915326118469,0.38063767552375793
-5.093999862670898,3.246000051498413,1.1627622842788696,5.334592819213867,0.5078659057617188,2.0749692916870117,0.024309899657964706,0.08195936679840088
-5.093999862670898,3.246000051498413,1.2112882137298584,2.9221863746643066,0.09120950847864151,0.060377087444067,0.03153624385595322,0.5864010453224182
-5.093999862670898,3.246000051498413,1.300452470779419,6.154163360595703,0.07417041808366776,0.029778845608234406,-0.07985413074493408,0.3316396474838257
-5.093999862670898,4.245999813079834,1.0209627151489258,4.7266130447387695,0.16090428829193115,1.7784837484359741,0.01414064783602953,0.18834422528743744
-5.093999862670898,4.245999813079834,1.124092698097229,2.739246368408203,0.09741956740617752,0.07153750211000443,0.09397518634796143,0.5162365436553955
-5.093999862670898,4.245999813079834,1.2698525190353394,6.078243255615234,0.08734474331140518,0.04537718743085861,-0.07856198400259018,0.29541921615600586
-5.093999862670898,5.245999813079834,1.2522673606872559,4.728141784667969,0.6664788126945496,1.7925615310668945,0.03529217466711998,0.10323256254196167
-5.093999862670898,5.245999813079834,1.1614283323287964,2.6609811782836914,0.0807085633277893,0.03574606776237488,0.06170497089624405,0.6095901727676392
-5.093999862670898,5.245999813079834,1.2283042669296265,5.8436760902404785,0.09779782593250275,0.06703218817710876,-0.0263153575360775,0.28717729449272156
-5.093999862670898,6.245999813079834,1.12113356590271,3.7647716999053955,0.37339767813682556,1.9104453325271606,-0.021716753020882607,0.08836673945188522
-5.093999862670898,6.245999813079834,1.061200737953186,2.557476758956909,0.058493003249168396,0.03746664896607399,-0.007447489537298679,0.6251679062843323
-5.093999862670898,6.245999813079834,1.285191297531128,5.885787010192871,0.12721917033195496,0.05321330204606056,-0.08360940963029861,0.2864653170108795
-5.093999862670898,7.245999813079834,0.9846459627151489,0.11950068175792694,0.18647313117980957,1.681607961654663,0.01566881127655506,0.16785189509391785
-5.093999862670898,7.245999813079834,0.9913113713264465,3.323664903640747,0.08933708816766739,0.1361534744501114,0.09318127483129501,0.6157362461090088
-5.093999862670898,7.245999813079834,1.307966947555542,0.0018144473433494568,0.12783125042915344,0.04625031352043152,-0.007402346935123205,0.21641193330287933
-5.093999862670898,8.246000289916992,1.2218862771987915,5.556022644042969,1.3105981349945068,1.477954387664795,0.030693620443344116,0.17723272740840912
-5.093999862670898,8.246000289916992,0.7871429324150085,2.514570713043213,0.05923048034310341,0.42299357056617737,0.14526689052581787,0.716780424118042
-5.093999862670898,8.246000289916992,0.8508542776107788,0.799697995185852,0.10196305811405182,0.731238842010498,-0.23885563015937805,0.10598686337471008
-5.093999862670898,9.246000289916992,0.892871081829071,4.698386192321777,0.1654224991798401,1.2973886728286743,-0.2585991322994232,0.276956707239151
-5.093999862670898,9.246000289916992,0.7185944318771362,1.8136179447174072,0.02398526296019554,0.06797366589307785,0.07633668184280396,0.44890889525413513
-5.093999862670898,9.246000289916992,0.6399570107460022,4.737764358520508,0.01729026809334755,0.0961749255657196,0.07891559600830078,0.27413442730903625
-5.093999862670898,16.246000289916992,0.9905173778533936,3.5681333541870117,0.11995505541563034,0.4250982403755188,0.07703609019517899,0.17218013107776642
-5.093999862670898,16.246000289916992,1.0469493865966797,0.4941120743751526,0.1435549110174179,0.060643721371889114,-0.21022778749465942,0.8219926357269287
-5.093999862670898,16.246000289916992,1.145580768585205,0.27000191807746887,0.965100109577179,0.9833648800849915,0.29822269082069397,0.005827355198562145
-5.093999862670898,17.246000289916992,0.8054824471473694,4.842551231384277,0.1297069787979126,1.9632203578948975,0.3110389709472656,0.0008225578931160271
-5.093999862670898,17.246000289916992,0.8872596025466919,0.8916093707084656,0.04928915202617645,0.05488886311650276,0.01005847379565239,0.9991663694381714
-5.093999862670898,17.246000289916992,0.949427604675293,5.8896403312683105,0.5479361414909363,2.824707508087158,-0.03850196301937103,1.1127360266982578e-05
-5.093999862670898,18.246000289916992,0.8357543349266052,4.19180965423584,0.0885830894112587,0.9192166924476624,0.1171623095870018,0.0006361041450873017
-5.093999862670898,18.246000289916992,1.1532832384109497,1.3396745920181274,0.08083007484674454,0.057945724576711655,-0.06440408527851105,0.999363362789154
-5.093999862670898,18.246000289916992,1.1779218912124634,5.6318793296813965,2.032029390335083,5.900421619415283,0.16554276645183563,6.392741056515661e-07
-4.093999862670898,-11.753999710083008,0.7444976568222046,5.16921329498291,1.2122324705123901,1.893338918685913,0.12118428945541382,0.011792602017521858
-4.093999862670898,-11.753999710083008,0.3564949631690979,2.8295280933380127,0.024238156154751778,1.490020513534546,-0.2499369978904724,0.03599568456411362
-4.093999862670898,-11.753999710083008,0.5316997766494751,4.3938469886779785,0.008132966235280037,0.17352496087551117,0.13578976690769196,0.9522116780281067
-4.093999862670898,-10.753999710083008,0.5389922857284546,5.318285942077637,0.16804109513759613,1.396776556968689,-0.08895453065633774,0.05692925304174423
-4.093999862670898,-10.753999710083008,0.5605174899101257,1.9665050506591797,0.01551467552781105,0.1532714068889618,-0.220352903008461,0.6378446817398071
-4.093999862670898,-10.753999710083008,0.6089246273040771,4.550289630889893,0.010692382231354713,0.2859666347503662,0.15208199620246887,0.3052261173725128
-4.093999862670898,-9.753999710083008,0.8681781888008118,3.974891185760498,0.10246030986309052,0.9070060849189758,-0.03109089285135269,0.3544687330722809
-4.093999862670898,-9.753999710083008,0.5882766246795654,0.9592832922935486,0.023119786754250526,0.5712774991989136,0.060860905796289444,0.17048843204975128
-4.093999862670898,-9.753999710083008,0.656978189945221,4.984332084655762,0.015145309269428253,0.326726496219635,0.0800720825791359,0.47504284977912903
-4.093999862670898,-8.753999710083008,0.8008192777633667,5.040505409240723,0.06759132444858551,1.2061806917190552,-0.0021535044070333242,0.5984390377998352
-4.093999862670898,-8.753999710083008,0.6391701102256775,1.7897566556930542,0.08110500872135162,1.5735535621643066,0.006219292059540749,0.05582373961806297
-4.093999862670898,-8.753999710083008,0.638723611831665,5.4467549324035645,0.014163018204271793,0.24963539838790894,-0.09925346821546555,0.3457372188568115
-4.093999862670898,-7.754000186920166,0.8958668112754822,5.959924221038818,0.19523559510707855,1.3705179691314697,0.10587630420923233,0.06391007453203201
-4.093999862670898,-7.754000186920166,0.6822629570960999,1.4372942447662354,0.05244550481438637,0.34176650643348694,0.05974409356713295,0.7364989519119263
-4.093999862670898,-7.754000186920166,0.7552157640457153,4.971240997314453,0.07117141783237457,0.40480467677116394,0.05502023175358772,0.19959096610546112
-4.093999862670898,-6.754000186920166,1.2539620399475098,4.827792167663574,0.19031035900115967,0.4896133244037628,0.11904208362102509,0.37991461157798767
-4.093999862670898,-6.754000186920166,0.9694901704788208,1.7233396768569946,0.11090057343244553,0.14827227592468262,0.23060522973537445,0.30921313166618347
-4.093999862670898,-6.754000186920166,0.8247745633125305,5.6258978843688965,0.04291549324989319,0.8531060218811035,0.13885585963726044,0.31087228655815125
-4.093999862670898,-5.754000186920166,0.9386582374572754,4.8856000900268555,0.1444256603717804,0.9763689041137695,0.019425317645072937,0.22079117596149445
-4.093999862670898,-5.754000186920166,0.7213857173919678,1.3662400245666504,0.057441022247076035,0.47463563084602356,-0.13129034638404846,0.3910641074180603
-4.093999862670898,-5.754000186920166,0.6215595006942749,4.578740119934082,0.041431695222854614,2.032900810241699,-0.15810993313789368,0.38814473152160645
-4.093999862670898,-4.754000186920166,0.8025195002555847,3.321092128753662,0.08759996294975281,0.8016133904457092,-0.198646679520607,0.6355289220809937
-4.093999862670898,-4.754000186920166,0.6329577565193176,1.900972604751587,0.0232064351439476,1.0895787477493286,-0.19328613579273224,0.3032357096672058
-4.093999862670898,-4.754000186920166,0.6742159128189087,0.2687511444091797,0.017025794833898544,1.5513176918029785,-0.12890957295894623,0.06123534217476845
-4.093999862670898,-3.753999948501587,1.1678071022033691,0.8698806762695312,0.457114577293396,1.8898760080337524,0.21013931930065155,0.16001208126544952
-4.093999862670898,-3.753999948501587,0.7785724997520447,4.22017765045166,0.059406034648418427,0.26764124631881714,0.10048073530197144,0.5183730721473694
-4.093999862670898,-3.753999948501587,0.8238772749900818,1.170037865638733,0.043261364102363586,0.19726964831352234,-0.29050010442733765,0.3216148912906647
-4.093999862670898,-2.753999948501587,0.7290182709693909,0.6400224566459656,0.042070984840393066,1.092878818511963,-0.10952254384756088,0.12122376263141632
-4.093999862670898,-2.753999948501587,1.0766626596450806,3.9604060649871826,0.22724129259586334,0.17743735015392303,0.10643263161182404,0.429882675409317
-4.093999862670898,-2.753999948501587,1.0469591617584229,0.6565136909484863,0.1083691194653511,0.2843566834926605,-0.1246275007724762,0.44889363646507263
-4.093999862670898,-1.753999948501587,1.2670952081680298,1.4634742736816406,0.6355875134468079,1.4857805967330933,-0.044561173766851425,0.04340650513768196
-4.093999862670898,-1.753999948501587,1.190093755722046,3.539436101913452,0.23050855100154877,0.14313499629497528,0.1213316023349762,0.45730629563331604
-4.093999862670898,-1.753999948501587,1.00136399269104,0.5508376955986023,0.0884966254234314,0.16860441863536835,-0.45413562655448914,0.4992871880531311
-4.093999862670898,-0.7540000081062317,0.9956070780754089,2.1994433403015137,0.15386466681957245,1.781610369682312,0.08633991330862045,0.11221613734960556
-4.093999862670898,-0.7540000081062317,0.902144193649292,3.985774517059326,0.0450676828622818,0.19817762076854706,0.26939940452575684,0.6287204027175903
-4.093999862670898,-0.7540000081062317,0.939935028553009,1.3804064989089966,0.049437325447797775,0.3014732301235199,-0.1779080033302307,0.25906339287757874
-4.093999862670898,0.2460000067949295,0.739901602268219,4.961413383483887,0.047281429171562195,1.5000114440917969,-0.01052786223590374,0.33588260412216187
-4.093999862670898,0.2460000067949295,0.7085508108139038,3.5413877964019775,0.09811895340681076,0.4425605237483978,0.22235414385795593,0.5565143823623657
-4.093999862670898,0.2460000067949295,1.0857245922088623,1.2578387260437012,0.235969677567482,0.13737018406391144,-0.3263709843158722,0.1076030358672142
-4.093999862670898,1.246000051498413,1.0720443725585938,4.170280933380127,0.20005007088184357,1.556105375289917,0.05922382324934006,0.17721320688724518
-4.093999862670898,1.246000051498413,1.06358003616333,2.9351701736450195,0.07785724103450775,0.05698821321129799,0.07639523595571518,0.592191219329834
-4.093999862670898,1.246000051498413,1.145338773727417,5.578891277313232,0.06455990672111511,0.07703035324811935,0.16258975863456726,0.23059552907943726
-4.093999862670898,2.246000051498413,1.1846522092819214,4.840063571929932,0.5029043555259705,1.4845529794692993,0.041901685297489166,0.043325308710336685
-4.093999862670898,2.246000051498413,1.2331852912902832,2.997183322906494,0.10519672930240631,0.10486525297164917,-0.02365766279399395,0.5012533664703369
-4.093999862670898,2.246000051498413,1.4169753789901733,6.251003742218018,0.12654566764831543,0.026554418727755547,-0.02705908939242363,0.4554213583469391
-4.093999862670898,3.246000051498413,1.110422134399414,5.25839376449585,0.2962142825126648,2.117184638977051,0.019728129729628563,0.08527520298957825
-4.093999862670898,3.246000051498413,1.148791790008545,2.8928325176239014,0.10059916228055954,0.09040995687246323,0.10826843976974487,0.5371472239494324
-4.093999862670898,3.246000051498413,1.2769176959991455,6.203232288360596,0.08418234437704086,0.032150618731975555,-0.08690851181745529,0.3775775134563446
-4.093999862670898,4.245999813079834,1.0000888109207153,3.9788358211517334,0.16156749427318573,1.8831970691680908,0.015374342910945415,0.15582522749900818
-4.093999862670898,4.245999813079834,1.0978609323501587,2.7671303749084473,0.10188884288072586,0.0856911689043045,0.16956357657909393,0.5368600487709045
-4.093999862670898,4.245999813079834,1.2970908880233765,6.020120620727539,0.1001109704375267,0.05318881943821907,-0.07435955107212067,0.30731475353240967
-4.093999862670898,5.245999813079834,1.2145040035247803,3.986969232559204,0.5893203020095825,1.9157764911651611,0.049078505486249924,0.10886761546134949
-4.093999862670898,5.245999813079834,1.1480894088745117,2.5612261295318604,0.07750863581895828,0.040981583297252655,0.0948137491941452,0.5907079577445984
-4.093999862670898,5.245999813079834,1.295562744140625,5.814114570617676,0.10026011615991592,0.05317084118723869,-0.03497878834605217,0.3004244565963745
-4.093999862670898,6.245999813079834,1.1075856685638428,3.821565628051758,0.38821154832839966,1.521506667137146,-0.042233239859342575,0.1365344077348709
-4.093999862670898,6.245999813079834,1.0141140222549438,2.6908814907073975,0.06432417780160904,0.05077963322401047,0.035983629524707794,0.5091225504875183
-4.093999862670898,6.245999813079834,1.2965611219406128,5.935911178588867,0.15389037132263184,0.03644594922661781,-0.05471710115671158,0.3543429970741272
-4.093999862670898,7.245999813079834,0.8136035799980164,0.6532989740371704,0.06307349354028702,1.4586702585220337,-0.013461063615977764,0.37604907155036926
-4.093999862670898,7.245999813079834,0.9423052668571472,3.63965106010437,0.11705617606639862,0.20628848671913147,0.057430200278759,0.4861142933368683
-4.093999862670898,7.245999813079834,1.3739440441131592,0.19289207458496094,0.1894146203994751,0.04784629866480827,-0.06373138725757599,0.13783659040927887
-4.093999862670898,8.246000289916992,1.1534602642059326,5.039841651916504,0.6485553979873657,2.378817558288574,0.05856051295995712,0.05880972743034363
-4.093999862670898,8.246000289916992,0.8059987425804138,3.4818813800811768,0.03192242234945297,0.7182264924049377,0.09506180137395859,0.8924567699432373
-4.093999862670898,8.246000289916992,1.0246708393096924,0.9373994469642639,0.07791313529014587,0.6144862174987793,-0.15866124629974365,0.04873357340693474
-4.093999862670898,9.246000289916992,0.7711430788040161,3.4869165420532227,0.18734900653362274,1.7807612419128418,-0.3307284414768219,0.12776118516921997
-4.093999862670898,9.246000289916992,0.586397111415863,2.128859281539917,0.013635738752782345,0.11067259311676025,0.0283231008797884,0.4503365457057953
-4.093999862670898,9.246000289916992,0.596081018447876,4.548825263977051,0.009264753200113773,0.19827905297279358,0.08091787993907928,0.42190223932266235
-4.093999862670898,10.246000289916992,0.8120569586753845,2.1246891021728516,0.15340860188007355,0.8655040264129639,0.1044175922870636,0.14590297639369965
-4.093999862670898,10.246000289916992,0.5185950398445129,2.810438632965088,0.02197384089231491,0.3487858474254608,-0.16669465601444244,0.8460822105407715
-4.093999862670898,10.246000289916992,0.7115029692649841,4.917448043823242,0.08316250145435333,2.853299617767334,0.396911084651947,0.008014816790819168
-4.093999862670898,17.246000289916992,0.6733647584915161,5.093845367431641,0.2484607845544815,2.266651153564453,0.30153170228004456,9.028673048305791e-06
-4.093999862670898,17.246000289916992,0.6765205264091492,0.14304527640342712,0.01659221574664116,0.023533876985311508,-0.07536575943231583,0.9999909400939941
-4.093999862670898,17.246000289916992,0.9467747807502747,0.08273524791002274,2.6529181003570557,20.562881469726562,-0.08697715401649475,2.4384984698144763e-08
-4.093999862670898,18.246000289916992,0.941737174987793,4.827055931091309,0.1550569385290146,0.8590531349182129,0.21889303624629974,0.0006636743200942874
-4.093999862670898,18.246000289916992,1.2281534671783447,0.8599064350128174,0.07206295430660248,0.023866795003414154,-0.10844720900058746,0.9993330836296082
-4.093999862670898,18.246000289916992,1.2352824211120605,6.209211826324463,1.2907307147979736,2.718207597732544,0.010439661331474781,3.1807016966922674e-06
-3.0940001010894775,-11.753999710083008,0.9327940940856934,5.44511079788208,1.5751521587371826,0.3542664647102356,-0.09329157322645187,1.6769974990893388e-06
-3.0940001010894775,-11.753999710083008,0.2228483408689499,0.6605967879295349,0.07739075273275375,43.24420928955078,-0.17277170717716217,3.332139675293888e-09
-3.0940001010894775,-11.753999710083008,0.24611391127109528,6.057485103607178,0.00029894965700805187,0.03368338942527771,-0.26656824350357056,0.9999983310699463
-3.0940001010894775,-10.753999710083008,0.6807053685188293,4.202264308929443,0.3013759255409241,0.598846435546875,-0.04564206674695015,0.018011128529906273
-3.0940001010894775,-10.753999710083008,0.463955283164978,5.416524410247803,0.009649326093494892,0.4699440598487854,-0.08822769671678543,0.039439525455236435
-3.0940001010894775,-10.753999710083008,0.5740367770195007,0.8176465034484863,0.00612363638356328,0.288309246301651,-0.20774197578430176,0.9425493478775024
-3.0940001010894775,-9.753999710083008,0.6626437306404114,5.6035943031311035,0.10852045565843582,1.2868467569351196,-0.0717504695057869,0.39129161834716797
-3.0940001010894775,-9.753999710083008,0.5841048955917358,1.093017578125,0.062230322510004044,0.8568155169487,-0.19689011573791504,0.1677379459142685
-3.0940001010894775,-9.753999710083008,0.5880868434906006,4.659176349639893,0.013212272897362709,0.3987782895565033,-0.023163406178355217,0.44097039103507996
-3.0940001010894775,-8.753999710083008,0.672823429107666,4.833083152770996,0.05331868305802345,1.6317323446273804,-0.033133815973997116,0.7630730271339417
-3.0940001010894775,-8.753999710083008,0.4413079619407654,1.7949531078338623,0.02129773609340191,0.6626004576683044,-0.07445614039897919,0.11947135627269745
-3.0940001010894775,-8.753999710083008,0.6917067766189575,5.302247524261475,0.013595621101558208,0.14791055023670197,0.05857836827635765,0.1174556165933609
-3.0940001010894775,-7.754000186920166,0.8062122464179993,6.101325035095215,0.25767284631729126,1.3195232152938843,-0.09774815291166306,0.06557966023683548
-3.0940001010894775,-7.754000186920166,0.5894152522087097,1.6938121318817139,0.01991838775575161,0.15908023715019226,-0.10679394751787186,0.8240371942520142
-3.0940001010894775,-7.754000186920166,0.6548251509666443,4.846475601196289,0.026335058733820915,0.2937186360359192,0.1638869196176529,0.11038314551115036
-3.0940001010894775,-6.754000186920166,0.9665486812591553,4.512853145599365,0.0540568046271801,1.5337413549423218,-0.039297398179769516,0.3763817548751831
-3.0940001010894775,-6.754000186920166,0.8073021173477173,1.5123201608657837,0.0943317785859108,0.2510201334953308,0.0922497808933258,0.469066858291626
-3.0940001010894775,-6.754000186920166,0.783950686454773,4.606149673461914,0.03996068611741066,0.2736387848854065,0.15516763925552368,0.15455131232738495
-3.0940001010894775,-5.754000186920166,0.9565989971160889,3.852665662765503,0.07188387215137482,0.7752461433410645,0.2728402018547058,0.3718082010746002
-3.0940001010894775,-5.754000186920166,0.7621227502822876,1.5208377838134766,0.07038874924182892,0.16535693407058716,0.014013024047017097,0.5979461669921875
-3.0940001010894775,-5.754000186920166,0.8745856881141663,6.024012088775635,0.1106163039803505,0.5514429807662964,0.07940809428691864,0.030245615169405937
-3.0940001010894775,-4.754000186920166,1.0134940147399902,4.0954461097717285,0.06823479384183884,0.2946968376636505,0.034535001963377,0.555451512336731
-3.0940001010894775,-4.754000186920166,1.0314013957977295,1.8394831418991089,0.12466826289892197,0.1799994856119156,0.08459927141666412,0.42336905002593994
-3.0940001010894775,-4.754000186920166,1.0831594467163086,0.4073353111743927,0.18050439655780792,0.12051614373922348,0.16408641636371613,0.021179402247071266
-3.0940001010894775,-3.753999948501587,1.1012214422225952,2.269615888595581,0.7226801514625549,1.9549528360366821,0.1402616947889328,0.022344570606946945
-3.0940001010894775,-3.753999948501587,0.8981489539146423,4.20575475692749,0.061541106551885605,0.10230079293251038,-0.044615648686885834,0.36973637342453003
-3.0940001010894775,-3.753999948501587,1.0195175409317017,1.0745031833648682,0.06709633767604828,0.15292909741401672,-0.22202490270137787,0.6079190969467163
-3.0940001010894775,-2.753999948501587,0.9688134789466858,5.682945251464844,0.09369298070669174,1.216245174407959,0.019497627392411232,0.14695149660110474
-3.0940001010894775,-2.753999948501587,1.1274116039276123,3.8406810760498047,0.2303539216518402,0.12024775892496109,0.042728859931230545,0.2897956073284149
-3.0940001010894775,-2.753999948501587,1.0748234987258911,0.678831160068512,0.08822597563266754,0.2052457332611084,-0.016254151239991188,0.563252866268158
-3.0940001010894775,-1.753999948501587,1.1439374685287476,5.306431770324707,0.27803054451942444,1.664833426475525,0.12476971745491028,0.5390344858169556
-3.0940001010894775,-1.753999948501587,1.05093514919281,4.008673667907715,0.14400623738765717,0.15724104642868042,0.02279314585030079,0.2873314619064331
-3.0940001010894775,-1.753999948501587,0.94822096824646,0.32283952832221985,0.05077701807022095,0.07872798293828964,-0.17352384328842163,0.17363400757312775
-3.0940001010894775,-0.7540000081062317,1.1265937089920044,1.628027081489563,0.3735361397266388,1.9682503938674927,0.10943124443292618,0.14606115221977234
-3.0940001010894775,-0.7540000081062317,0.9288524389266968,3.940514087677002,0.09039726108312607,0.17979326844215393,0.1463729292154312,0.6009878516197205
-3.0940001010894775,-0.7540000081062317,0.8443324565887451,0.8638693690299988,0.06521882116794586,0.4471481740474701,-0.09287022054195404,0.2529510259628296
-3.0940001010894775,0.2460000067949295,0.8392083644866943,5.407804489135742,0.06877174228429794,1.5780774354934692,-0.045204296708106995,0.34714141488075256
-3.0940001010894775,0.2460000067949295,0.8973191380500793,3.774773120880127,0.13387155532836914,0.29956740140914917,0.15943536162376404,0.5680701732635498
-3.0940001010894775,0.2460000067949295,0.9384897351264954,1.0674623250961304,0.12308714538812637,0.2316380739212036,-0.1791101098060608,0.08478835225105286
-3.0940001010894775,1.246000051498413,1.1092731952667236,5.1179518699646,0.1592177450656891,1.7808414697647095,0.1256818026304245,0.2310861051082611
-3.0940001010894775,1.246000051498413,1.1761658191680908,3.133486032485962,0.12051855772733688,0.14022904634475708,-0.07471749186515808,0.538287878036499
-3.0940001010894775,1.246000051498413,1.2330353260040283,5.7956976890563965,0.08295795321464539,0.04773222282528877,-0.09865780919790268,0.23062604665756226
-3.0940001010894775,2.246000051498413,1.2391457557678223,4.870217323303223,0.8075941205024719,2.0533323287963867,0.11546925455331802,0.08172879368066788
-3.0940001010894775,2.246000051498413,1.1558256149291992,3.0142297744750977,0.08753111213445663,0.08861801028251648,-0.06272564828395844,0.5418800115585327
-3.0940001010894775,2.246000051498413,1.1911182403564453,6.177672386169434,0.06349237263202667,0.03142811357975006,0.024454720318317413,0.3763912320137024
-3.0940001010894775,3.246000051498413,1.0989031791687012,5.655346870422363,0.2401687353849411,1.6002347469329834,0.03795245662331581,0.10209332406520844
-3.0940001010894775,3.246000051498413,1.1108496189117432,2.8742339611053467,0.08618541061878204,0.06299836188554764,0.04377833008766174,0.46372970938682556
-3.0940001010894775,3.246000051498413,1.1931074857711792,6.174620151519775,0.06900835037231445,0.032371677458286285,0.029030200093984604,0.4341769814491272
-3.0940001010894775,4.245999813079834,1.0831613540649414,4.780829429626465,0.3692139983177185,2.262751340866089,0.07840047776699066,0.07855964452028275
-3.0940001010894775,4.245999813079834,1.0502997636795044,2.808727502822876,0.07467018812894821,0.06779799610376358,0.06235437095165253,0.6675936579704285
-3.0940001010894775,4.245999813079834,1.089449405670166,5.869571685791016,0.06405302882194519,0.05848360434174538,0.06971821933984756,0.2538467347621918
-3.0940001010894775,5.245999813079834,1.0854213237762451,4.287228107452393,0.2674950659275055,1.9606776237487793,0.04919090121984482,0.09997695684432983
-3.0940001010894775,5.245999813079834,1.1346008777618408,2.6700286865234375,0.08048562705516815,0.03785097971558571,0.12726923823356628,0.5629547834396362
-3.0940001010894775,5.245999813079834,1.264304518699646,5.864653587341309,0.0816904678940773,0.03360053524374962,0.006750541739165783,0.33706825971603394
-3.0940001010894775,6.245999813079834,1.0460602045059204,5.256692886352539,0.10549040883779526,1.3091270923614502,0.08111074566841125,0.22969184815883636
-3.0940001010894775,6.245999813079834,1.0067193508148193,2.821840763092041,0.1092807799577713,0.3934752345085144,0.2642149329185486,0.4307034909725189
-3.0940001010894775,6.245999813079834,1.1937155723571777,5.9654541015625,0.07016020268201828,0.020133143290877342,-0.05501628294587135,0.33960458636283875
-3.0940001010894775,7.245999813079834,1.0887213945388794,3.9408223628997803,0.10531492531299591,0.9399017691612244,0.05002038925886154,0.19318978488445282
-3.0940001010894775,7.245999813079834,0.8659433126449585,2.6323976516723633,0.05841228365898132,2.4830586910247803,0.15282781422138214,0.7348470687866211
-3.0940001010894775,7.245999813079834,1.2509034872055054,0.5043830275535583,0.1714659184217453,0.148133784532547,-0.2093452662229538,0.07196313142776489
-3.0940001010894775,8.246000289916992,0.9405026435852051,3.48966908454895,0.15042196214199066,0.8857759237289429,0.0792420506477356,0.2158821076154709
-3.0940001010894775,8.246000289916992,0.8126084804534912,1.76987886428833,0.04305735602974892,1.3250885009765625,-0.22797593474388123,0.672081708908081
-3.0940001010894775,8.246000289916992,1.0098576545715332,0.5965333580970764,0.08249793201684952,2.0086209774017334,-0.1590736210346222,0.11203620582818985
-3.0940001010894775,9.246000289916992,0.865273654460907,1.7879142761230469,0.17094305157661438,1.4096342325210571,-0.03791576996445656,0.27658194303512573
-3.0940001010894775,9.246000289916992,0.6273157000541687,2.145974636077881,0.02869005687534809,0.17081470787525177,-0.2875142991542816,0.4993323087692261
-3.0940001010894775,9.246000289916992,0.6087088584899902,5.270137310028076,0.020176775753498077,1.1290532350540161,0.06217982992529869,0.22408577799797058
-3.0940001010894775,10.246000289916992,0.7645570635795593,2.105350971221924,0.16858936846256256,0.7897316217422485,-0.08466286957263947,0.26914748549461365
-3.0940001010894775,10.246000289916992,0.48357170820236206,1.486880898475647,0.018878288567066193,0.4983857572078705,-0.11823663860559464,0.48333826661109924
-3.0940001010894775,10.246000289916992,0.5789464712142944,5.279007911682129,0.018366249278187752,1.1005281209945679,0.07449622452259064,0.2475142627954483
-3.0940001010894775,11.246000289916992,1.0874563455581665,6.277985572814941,0.4469551146030426,2.1995856761932373,0.15088020265102386,0.005437719635665417
-3.0940001010894775,11.246000289916992,0.5988309979438782,4.247807025909424,0.006972305476665497,2.877758502960205,-0.20685824751853943,0.9908615350723267
-3.0940001010894775,11.246000289916992,0.6532116532325745,1.0118181705474854,0.03467116504907608,5.57772970199585,-0.007156475447118282,0.003700721776112914
-2.0940001010894775,-10.753999710083008,0.800689160823822,2.402674913406372,0.7068088054656982,0.5137585997581482,0.034828633069992065,0.0020529546309262514
-2.0940001010894775,-10.753999710083008,0.32099083065986633,4.15777587890625,0.007911400869488716,3.6134908199310303,-0.1314927339553833,0.000759370916057378
-2.0940001010894775,-10.753999710083008,0.5697325468063354,2.248539686203003,0.0035383054055273533,0.2621561586856842,-0.37771841883659363,0.9971876740455627
-2.0940001010894775,-9.753999710083008,0.6907550096511841,5.567392349243164,0.18653729557991028,0.9693567752838135,-0.03303370252251625,0.06131935864686966
-2.0940001010894775,-9.753999710083008,0.554956316947937,1.459768295288086,0.08835526555776596,0.6846199631690979,-0.0442475751042366,0.01274858694523573
-2.0940001010894775,-9.753999710083008,0.6405165791511536,5.033686637878418,0.01286957785487175,0.13475389778614044,-0.0012179368641227484,0.9259320497512817
-2.0940001010894775,-8.753999710083008,0.7119985818862915,5.845938682556152,0.022777432575821877,1.0226844549179077,-0.0778888463973999,0.945545494556427
-2.0940001010894775,-8.753999710083008,0.5727634429931641,2.2797601222991943,0.09167374670505524,0.33528897166252136,0.29496192932128906,0.025101209059357643
-2.0940001010894775,-8.753999710083008,0.8752545714378357,5.718906402587891,0.08412038534879684,0.07732332497835159,0.0596466101706028,0.029353350400924683
-2.0940001010894775,-7.754000186920166,0.8360068202018738,0.856825053691864,0.11781097948551178,1.475496768951416,-0.05224163830280304,0.17009322345256805
-2.0940001010894775,-7.754000186920166,0.7318456172943115,1.6948622465133667,0.09201809018850327,0.08950278908014297,0.01332977507263422,0.33989524841308594
-2.0940001010894775,-7.754000186920166,0.8414177298545837,5.097289085388184,0.09337039291858673,0.08073441684246063,-0.02445334754884243,0.4900115728378296
-2.0940001010894775,-6.754000186920166,0.8154460191726685,3.7161853313446045,0.0998661145567894,1.0565038919448853,0.12511251866817474,0.25442108511924744
-2.0940001010894775,-6.754000186920166,0.9303181171417236,1.9145630598068237,0.1359754055738449,0.1918458342552185,0.12955746054649353,0.5923094749450684
-2.0940001010894775,-6.754000186920166,0.7155020833015442,4.852463245391846,0.047671522945165634,0.11045178025960922,0.08081839233636856,0.15326952934265137
-2.0940001010894775,-5.754000186920166,1.0659289360046387,4.806125640869141,0.25538721680641174,0.8591197729110718,0.4373219907283783,0.023397188633680344
-2.0940001010894775,-5.754000186920166,0.7760786414146423,1.4941134452819824,0.04896795377135277,0.1993490755558014,0.12696459889411926,0.9559338092803955
-2.0940001010894775,-5.754000186920166,0.8569239377975464,0.4581921398639679,0.10539630800485611,0.36398255825042725,0.19070924818515778,0.02066904306411743
-2.0940001010894775,-4.754000186920166,1.029583215713501,4.533785343170166,0.05683671310544014,0.27222123742103577,0.08524288237094879,0.9072748422622681
-2.0940001010894775,-4.754000186920166,1.1032989025115967,2.339841365814209,0.4278169870376587,0.2769748270511627,0.15455782413482666,0.08058251440525055
-2.0940001010894775,-4.754000186920166,0.8931020498275757,6.079922199249268,0.1077629029750824,0.10284207761287689,0.10127323865890503,0.012142681516706944
-2.0940001010894775,-3.753999948501587,1.1609774827957153,0.7453492283821106,1.0721714496612549,2.550382614135742,0.21441985666751862,0.026426754891872406
-2.0940001010894775,-3.753999948501587,0.649351954460144,3.1907618045806885,0.02165471762418747,0.6611946225166321,0.10223179310560226,0.9179754257202148
-2.0940001010894775,-3.753999948501587,0.8057921528816223,0.20637744665145874,0.04469575360417366,0.33246129751205444,-0.16299821436405182,0.05559786036610603
-2.0940001010894775,-2.753999948501587,0.9941664338111877,3.991054058074951,0.1558353155851364,1.0959177017211914,0.15899381041526794,0.022127166390419006
-2.0940001010894775,-2.753999948501587,1.0962384939193726,4.039754867553711,0.1703253984451294,0.14492613077163696,-0.002995481248944998,0.24550563097000122
-2.0940001010894775,-2.753999948501587,1.116037130355835,0.6929016709327698,0.08443424850702286,0.171383336186409,-0.07488284260034561,0.732367217540741
-2.0940001010894775,-1.753999948501587,1.2476818561553955,5.459595680236816,0.40193894505500793,2.109844923019409,0.26159563660621643,0.14034734666347504
-2.0940001010894775,-1.753999948501587,0.9446012377738953,4.004515647888184,0.09143682569265366,0.8094969987869263,-0.033088307827711105,0.648578405380249
-2.0940001010894775,-1.753999948501587,0.9405279159545898,0.3629243075847626,0.06098861247301102,0.17116880416870117,-0.07987827062606812,0.21107420325279236
-2.0940001010894775,-0.7540000081062317,1.2546805143356323,0.3545466363430023,0.5888577103614807,2.33373761177063,0.17638394236564636,0.15581181645393372
-2.0940001010894775,-0.7540000081062317,0.8466008305549622,3.809885263442993,0.08858676254749298,0.35006609559059143,0.18757125735282898,0.7528145909309387
-2.0940001010894775,-0.7540000081062317,0.7673044204711914,0.5870269536972046,0.08495339751243591,0.6066468954086304,-0.05843773111701012,0.09137355536222458
-2.0940001010894775,0.2460000067949295,0.8971389532089233,5.87769889831543,0.11638021469116211,1.41544771194458,0.03853818401694298,0.4405009150505066
-2.0940001010894775,0.2460000067949295,0.8622384071350098,3.3468902111053467,0.08947037905454636,0.3212839365005493,0.07471618056297302,0.36036980152130127
-2.0940001010894775,0.2460000067949295,0.8763578534126282,1.0156793594360352,0.06627792119979858,0.1470147967338562,-0.184817835688591,0.19912922382354736
-2.0940001010894775,1.246000051498413,0.9868000149726868,0.22341042757034302,0.10099496692419052,1.5410746335983276,0.11879797279834747,0.2296922504901886
-2.0940001010894775,1.246000051498413,1.0317432880401611,3.1529924869537354,0.10904128849506378,0.3047022521495819,-0.05282018706202507,0.49483487010002136
-2.0940001010894775,1.246000051498413,1.151412010192871,6.022890090942383,0.09017665684223175,0.0645659863948822,-0.14345991611480713,0.27547287940979004
-2.0940001010894775,2.246000051498413,1.1895525455474854,5.738781929016113,0.306280255317688,1.692514181137085,0.15711714327335358,0.10442795604467392
-2.0940001010894775,2.246000051498413,1.099472999572754,2.9190845489501953,0.08684840798377991,0.12556758522987366,-0.0398985929787159,0.5147262811660767
-2.0940001010894775,2.246000051498413,1.1285134553909302,6.057134628295898,0.05660098418593407,0.05425802618265152,0.1275348663330078,0.3808457851409912
-2.0940001010894775,3.246000051498413,1.0450983047485352,5.385784149169922,0.19979217648506165,1.263416051864624,0.03649475798010826,0.12458961457014084
-2.0940001010894775,3.246000051498413,1.0463184118270874,2.6437032222747803,0.06476771831512451,0.04314040392637253,0.07650916278362274,0.4695415198802948
-2.0940001010894775,3.246000051498413,1.19068443775177,6.017156600952148,0.08847411721944809,0.0430355966091156,0.0814485251903534,0.40586888790130615
-2.0940001010894775,4.245999813079834,1.0672929286956787,5.205207824707031,0.22762957215309143,1.7166128158569336,0.0223282128572464,0.09820565581321716
-2.0940001010894775,4.245999813079834,1.043215036392212,2.632283926010132,0.07289388030767441,0.036398276686668396,0.08751591295003891,0.5767170786857605
-2.0940001010894775,4.245999813079834,1.1032453775405884,5.912284851074219,0.06681082397699356,0.054818108677864075,0.028696853667497635,0.3250773549079895
-2.0940001010894775,5.245999813079834,1.082227349281311,5.117039203643799,0.1675712615251541,2.2522165775299072,0.1392650306224823,0.14616405963897705
-2.0940001010894775,5.245999813079834,1.0128620862960815,2.684569835662842,0.06633445620536804,0.09359177201986313,0.11137343943119049,0.46365800499916077
-2.0940001010894775,5.245999813079834,1.105438470840454,5.884188175201416,0.0515076145529747,0.03679952397942543,0.06788760423660278,0.3901779055595398
-2.0940001010894775,6.245999813079834,1.0663437843322754,3.8522067070007324,0.04643232747912407,0.5960023403167725,0.2835467457771301,0.18283313512802124
-2.0940001010894775,6.245999813079834,0.9476902484893799,2.7627620697021484,0.11732789874076843,1.6988288164138794,0.19676204025745392,0.6613139510154724
-2.0940001010894775,6.245999813079834,1.0640740394592285,5.87840461730957,0.08204799890518188,0.08588482439517975,0.05234885215759277,0.15585297346115112
-2.0940001010894775,7.245999813079834,0.9597927331924438,4.342689514160156,0.039835333824157715,0.5949327945709229,-0.011323167011141777,0.19780993461608887
-2.0940001010894775,7.245999813079834,0.8731321692466736,1.9058600664138794,0.06891042739152908,2.1784512996673584,0.10786377638578415,0.7518628239631653
-2.0940001010894775,7.245999813079834,1.2178176641464233,6.233591556549072,0.23824192583560944,0.3896450102329254,-0.14922575652599335,0.050327230244874954
-2.0940001010894775,8.246000289916992,0.8261577486991882,4.905122756958008,0.04587293043732643,1.1990289688110352,-0.050972338765859604,0.44111257791519165
-2.0940001010894775,8.246000289916992,1.0246014595031738,1.7517694234848022,0.11602448672056198,0.24231205880641937,-0.265054315328598,0.48099640011787415
-2.0940001010894775,8.246000289916992,0.9344968199729919,5.699800968170166,0.13560472428798676,1.1105248928070068,0.04656095430254936,0.07789105921983719
-2.0940001010894775,9.246000289916992,1.0161073207855225,3.2673888206481934,0.10535460710525513,0.9492772221565247,0.08503146469593048,0.30559659004211426
-2.0940001010894775,9.246000289916992,0.8786317110061646,1.4111262559890747,0.11671866476535797,0.30875319242477417,-0.2261965125799179,0.5077434778213501
-2.0940001010894775,9.246000289916992,0.6770123839378357,5.554984092712402,0.03307603672146797,1.2885432243347168,0.14182612299919128,0.18665999174118042
-2.0940001010894775,10.246000289916992,0.8235549926757812,3.3233284950256348,0.0838705450296402,0.7746384143829346,0.10776563733816147,0.29277363419532776
-2.0940001010894775,10.246000289916992,0.6651064157485962,0.8884730339050293,0.0676039606332779,0.6742756962776184,-0.09749063104391098,0.6858499050140381
-2.0940001010894775,10.246000289916992,0.7066757678985596,5.347837924957275,0.07868819683790207,2.4930434226989746,0.02314121089875698,0.021376479417085648
-2.0940001010894775,11.246000289916992,1.0066759586334229,4.369121551513672,0.22132566571235657,1.8926684856414795,0.004991011694073677,0.06701578199863434
-2.0940001010894775,11.246000289916992,0.6932958364486694,0.7268275022506714,0.035096053034067154,0.24457545578479767,-0.13508273661136627,0.43707481026649475
-2.0940001010894775,11.246000289916992,0.641532838344574,4.318245887756348,0.02462218888103962,0.877870500087738,0.09330881386995316,0.4959093928337097
-2.0940001010894775,12.246000289916992,0.8604115843772888,2.669581890106201,1.1924376487731934,1.7226924896240234,0.31402865052223206,0.0008679141174070537
-2.0940001010894775,12.246000289916992,0.5186962485313416,1.2942438125610352,0.01229154970496893,0.035136979073286057,0.03330624848604202,0.9988168478012085
-2.0940001010894775,12.246000289916992,0.6138485074043274,5.299242973327637,0.02708747610449791,0.20659872889518738,-0.09502176940441132,0.0003152827557642013
-1.093999981880188,-7.754000186920166,0.9931756258010864,5.66558313369751,1.1964114904403687,2.2124407291412354,0.03975753113627434,0.002105149207636714
-1.093999981880188,-7.754000186920166,1.086824655532837,2.116591453552246,0.06322713941335678,0.006738322786986828,0.08778651058673859,0.07937490940093994
-1.093999981880188,-7.754000186920166,0.9264810681343079,5.18936014175415,0.0391421914100647,0.015177711844444275,-0.011712619103491306,0.918519914150238
-1.093999981880188,-3.753999948501587,0.8489528298377991,4.169221878051758,0.21970798075199127,1.446441888809204,0.11789081245660782,0.04800264909863472
-1.093999981880188,-3.753999948501587,0.4443235397338867,2.6523826122283936,0.03138964995741844,0.8024193048477173,0.07267417013645172,0.016317211091518402
-1.093999981880188,-3.753999948501587,0.5603408217430115,5.3055419921875,0.014129048213362694,0.1300615519285202,-0.04982950910925865,0.935680091381073
-1.093999981880188,-2.753999948501587,0.7191417217254639,4.654107093811035,0.15972663462162018,1.5079152584075928,0.12803366780281067,0.2371218055486679
-1.093999981880188,-2.753999948501587,0.5288586616516113,2.3075995445251465,0.03369069844484329,2.0530123710632324,-0.013800648972392082,0.3776744306087494
-1.093999981880188,-2.753999948501587,0.6795908212661743,5.903380870819092,0.01649002730846405,0.657096803188324,-0.2263655960559845,0.38520368933677673
-1.093999981880188,-1.753999948501587,1.0493226051330566,3.4757614135742188,0.22019051015377045,1.3548294305801392,0.2820986211299896,0.25882402062416077
-1.093999981880188,-1.753999948501587,0.6004704236984253,2.796590805053711,0.05909005180001259,1.312682032585144,0.030929619446396828,0.3008252680301666
-1.093999981880188,-1.753999948501587,0.8348885774612427,0.5157332420349121,0.08312979340553284,0.12495885044336319,-0.26620328426361084,0.4403506815433502
-1.093999981880188,-0.7540000081062317,1.3444653749465942,0.25528663396835327,0.9906837344169617,2.178715229034424,0.11529353260993958,0.15062789618968964
-1.093999981880188,-0.7540000081062317,1.0459080934524536,3.7274997234344482,0.13088233768939972,0.5685204267501831,0.17849260568618774,0.6267054677009583
-1.093999981880188,-0.7540000081062317,0.9529783725738525,0.8852851986885071,0.07177095115184784,0.19567008316516876,-0.4447762370109558,0.2226666659116745
-1.093999981880188,0.2460000067949295,0.9843543767929077,5.077817440032959,0.13224712014198303,1.4092997312545776,0.02453291416168213,0.5328726768493652
-1.093999981880188,0.2460000067949295,1.1257050037384033,3.1963462829589844,0.1224554181098938,0.2300201654434204,-0.0823068842291832,0.38079002499580383
-1.093999981880188,0.2460000067949295,1.281224012374878,0.6601747274398804,0.14322197437286377,0.12246549129486084,-0.151629239320755,0.08633730560541153
-1.093999981880188,1.246000051498413,0.9150346517562866,6.249697685241699,0.12914727628231049,2.0670063495635986,0.025931036099791527,0.1884637176990509
-1.093999981880188,1.246000051498413,1.0986833572387695,3.5190091133117676,0.14798101782798767,0.20823490619659424,-0.13367682695388794,0.45656338334083557
-1.093999981880188,1.246000051498413,1.3318885564804077,5.965043544769287,0.11090591549873352,0.045734304934740067,-0.14690303802490234,0.35497283935546875
-1.093999981880188,2.246000051498413,1.1414635181427002,4.232992172241211,0.4117942154407501,1.7734438180923462,0.10293424129486084,0.09280245751142502
-1.093999981880188,2.246000051498413,1.1391644477844238,2.9701340198516846,0.07965262234210968,0.07935339957475662,-0.022190479561686516,0.5683048367500305
-1.093999981880188,2.246000051498413,1.1611591577529907,6.064970970153809,0.05663042515516281,0.040444642305374146,-0.020554274320602417,0.33889275789260864
-1.093999981880188,3.246000051498413,1.0213828086853027,4.761890888214111,0.2752962112426758,2.192725896835327,0.03502177074551582,0.07775212079286575
-1.093999981880188,3.246000051498413,1.1064445972442627,2.6906161308288574,0.09331738203763962,0.07812108844518661,0.025082658976316452,0.5582640767097473
-1.093999981880188,3.246000051498413,1.1477985382080078,5.980404376983643,0.07919450104236603,0.05727566033601761,0.01484956219792366,0.36398380994796753
-1.093999981880188,4.245999813079834,1.0808262825012207,5.078923225402832,0.425998717546463,2.192452907562256,0.029376937076449394,0.05720513314008713
-1.093999981880188,4.245999813079834,1.1733176708221436,2.6366019248962402,0.10473614931106567,0.03483833000063896,-0.035364288836717606,0.5008936524391174
-1.093999981880188,4.245999813079834,1.0667128562927246,5.908491611480713,0.05949169769883156,0.03430928662419319,0.02885739505290985,0.44190123677253723
-1.093999981880188,5.245999813079834,1.1855748891830444,5.676673889160156,0.2768091559410095,1.637352466583252,0.0901903361082077,0.16652749478816986
-1.093999981880188,5.245999813079834,1.0698984861373901,2.555076837539673,0.0797676369547844,0.09350967407226562,-0.040990523993968964,0.4453665018081665
-1.093999981880188,5.245999813079834,1.127616047859192,5.927708148956299,0.045174937695264816,0.03293072432279587,-0.04496558755636215,0.38810601830482483
-1.093999981880188,6.245999813079834,1.1149871349334717,4.39456844329834,0.09332320839166641,0.9605722427368164,0.20067062973976135,0.12953375279903412
-1.093999981880188,6.245999813079834,0.9985473155975342,2.3069632053375244,0.09583744406700134,1.292150855064392,0.10478802770376205,0.80573570728302
-1.093999981880188,6.245999813079834,1.0722907781600952,5.636157512664795,0.08063242584466934,0.2821705639362335,0.03269558027386665,0.06473051756620407
-1.093999981880188,7.245999813079834,1.0159934759140015,4.269644737243652,0.1173691377043724,1.0337367057800293,0.10870175063610077,0.09521960467100143
-1.093999981880188,7.245999813079834,0.9447951912879944,2.3235721588134766,0.12612628936767578,1.0525109767913818,0.08510863035917282,0.8745639324188232
-1.093999981880188,7.245999813079834,1.072948932647705,5.191048622131348,0.13659285008907318,0.6252015233039856,0.011087396182119846,0.030216412618756294
-1.093999981880188,8.246000289916992,0.8527270555496216,4.486639976501465,0.057596754282712936,1.1127047538757324,0.09193488210439682,0.40120869874954224
-1.093999981880188,8.246000289916992,1.0547025203704834,1.6683390140533447,0.09842680394649506,0.13112054765224457,-0.11208941042423248,0.5883587598800659
-1.093999981880188,8.246000289916992,0.972233772277832,5.012204647064209,0.13367155194282532,1.1707056760787964,0.1472105234861374,0.010432519018650055
-1.093999981880188,9.246000289916992,0.9419090151786804,3.9663238525390625,0.06475970149040222,0.7747943997383118,0.11551222950220108,0.27431362867355347
-1.093999981880188,9.246000289916992,0.9911099076271057,1.1498420238494873,0.10392981022596359,0.1956222951412201,0.05047791823744774,0.7158936858177185
-1.093999981880188,9.246000289916992,0.8042997717857361,6.01369047164917,0.1697033941745758,2.025773525238037,0.14627346396446228,0.009792742319405079
-1.093999981880188,10.246000289916992,0.8193185329437256,3.0581846237182617,0.08745520561933517,0.8814507722854614,0.13714876770973206,0.08127200603485107
-1.093999981880188,10.246000289916992,0.7311218976974487,0.604631781578064,0.023956093937158585,0.3099125027656555,0.11803504079580307,0.8931825757026672
-1.093999981880188,10.246000289916992,0.8250976800918579,0.3620990812778473,0.1014012023806572,0.7548251748085022,0.03594336286187172,0.025545436888933182
-1.093999981880188,11.246000289916992,1.0926520824432373,5.141963958740234,0.5258433818817139,2.2066218852996826,0.05850653350353241,0.008400125429034233
-1.093999981880188,11.246000289916992,0.7645033597946167,1.0369746685028076,0.03363925963640213,0.37378713488578796,-0.0359024740755558,0.9893785119056702
-1.093999981880188,11.246000289916992,0.6257582902908325,6.127346992492676,0.07400021702051163,2.869558811187744,-0.12028192728757858,0.002221369184553623
-1.093999981880188,12.246000289916992,1.0894861221313477,4.8480730056762695,0.17571130394935608,0.9054900407791138,0.20944280922412872,0.07109551876783371
-1.093999981880188,12.246000289916992,0.9397525191307068,1.6007426977157593,0.12267013639211655,0.12269464880228043,0.33400604128837585,0.923168420791626
-1.093999981880188,12.246000289916992,0.7972770929336548,5.490786552429199,0.056196730583906174,0.0614449717104435,0.08693200349807739,0.005736003629863262
-0.09399999678134918,-3.753999948501587,1.0029518604278564,6.1244635581970215,0.16693195700645447,0.4625397324562073,0.001007567741908133,0.004508793819695711
-0.09399999678134918,-3.753999948501587,0.4862346053123474,2.4238603115081787,0.44005292654037476,7.083212375640869,0.27281150221824646,6.729564483975992e-05
-0.09399999678134918,-3.753999948501587,0.5830276012420654,4.748942852020264,0.017022686079144478,0.17135410010814667,-0.008612246252596378,0.9954239726066589
-0.09399999678134918,-2.753999948501587,0.7209261059761047,5.946896076202393,0.06591913849115372,2.0893476009368896,0.08835902065038681,0.2956613302230835
-0.09399999678134918,-2.753999948501587,0.5604586005210876,1.7024377584457397,0.039744507521390915,0.9270883798599243,0.2199689745903015,0.6109529137611389
-0.09399999678134918,-2.753999948501587,0.6821660399436951,5.8896074295043945,0.03604170307517052,0.770622968673706,-0.11857182532548904,0.09338578581809998
-0.09399999678134918,-1.753999948501587,0.7056008577346802,2.972707748413086,0.06019004061818123,0.6984983086585999,0.12570784986019135,0.5167108178138733
-0.09399999678134918,-1.753999948501587,0.5302589535713196,1.5801695585250854,0.02243889681994915,0.9425334930419922,-0.07128819078207016,0.36661791801452637
-0.09399999678134918,-1.753999948501587,0.7292777895927429,5.97775411605835,0.03814204782247543,1.374859094619751,0.07108477503061295,0.11667130887508392
-0.09399999678134918,-0.7540000081062317,1.2587502002716064,5.284428119659424,0.4785100817680359,2.124333620071411,0.07199342548847198,0.08867859840393066
-0.09399999678134918,-0.7540000081062317,0.9400850534439087,3.2229154109954834,0.13726505637168884,1.0463294982910156,0.1262166053056717,0.6416518688201904
-0.09399999678134918,-0.7540000081062317,1.10003662109375,0.28102678060531616,0.15212354063987732,0.10264857858419418,-0.44816091656684875,0.2696695029735565
-0.09399999678134918,0.2460000067949295,1.1088829040527344,4.703999996185303,0.11302629858255386,1.8839972019195557,-0.022071218118071556,0.19625191390514374
-0.09399999678134918,0.2460000067949295,1.1333837509155273,3.1169557571411133,0.08637313544750214,0.6213725805282593,-0.07765702903270721,0.6716673374176025
-0.09399999678134918,0.2460000067949295,1.4797277450561523,0.44972291588783264,0.16871625185012817,0.09754186123609543,-0.23117691278457642,0.13208071887493134
-0.09399999678134918,1.246000051498413,0.9932447075843811,5.960716247558594,0.18492856621742249,2.2957587242126465,0.060760002583265305,0.09061434864997864
-0.09399999678134918,1.246000051498413,1.185009241104126,3.583440065383911,0.09409575164318085,0.08599551022052765,-0.047269631177186966,0.4320918321609497
-0.09399999678134918,1.246000051498413,1.2825325727462769,0.09480489045381546,0.07240921258926392,0.04151525720953941,-0.10861969739198685,0.47729381918907166
-0.09399999678134918,2.246000051498413,1.005316972732544,3.2284300327301025,0.20068490505218506,2.0169460773468018,0.1072155237197876,0.077486552298069
-0.09399999678134918,2.246000051498413,1.1137597560882568,2.9734580516815186,0.0796995460987091,0.0671747550368309,0.07974309474229813,0.5191237330436707
-0.09399999678134918,2.246000051498413,1.2428677082061768,6.055540561676025,0.07770462334156036,0.03839695826172829,0.004980545490980148,0.40338969230651855
-0.09399999678134918,3.246000051498413,0.9811785817146301,4.438928127288818,0.16172552108764648,2.4677865505218506,-0.013984361663460732,0.09944029152393341
-0.09399999678134918,3.246000051498413,1.0748647451400757,2.699441909790039,0.08739698678255081,0.07035715878009796,0.044972386211156845,0.7119147181510925
-0.09399999678134918,3.246000051498413,1.2742964029312134,5.9260783195495605,0.09675438702106476,0.05577296391129494,-0.11390884965658188,0.18864503502845764
-0.09399999678134918,4.245999813079834,1.0056979656219482,4.667208671569824,0.12654569745063782,2.063006639480591,-0.06290283054113388,0.15088926255702972
-0.09399999678134918,4.245999813079834,1.2043747901916504,2.532268524169922,0.11119198799133301,0.08368214964866638,-0.06304853409528732,0.5170252323150635
-0.09399999678134918,4.245999813079834,1.2545952796936035,5.9385151863098145,0.0831642672419548,0.041869714856147766,-0.11144658923149109,0.33208543062210083
-0.09399999678134918,5.245999813079834,1.0428080558776855,4.953479766845703,0.13761262595653534,1.7667486667633057,0.09898921847343445,0.15717796981334686
-0.09399999678134918,5.245999813079834,1.0295734405517578,2.4745445251464844,0.08621537685394287,0.16064617037773132,-0.04751865193247795,0.7268524765968323
-0.09399999678134918,5.245999813079834,1.0791789293289185,5.836528778076172,0.06591102480888367,0.07383286952972412,-0.01852644421160221,0.11596956104040146
-0.09399999678134918,6.245999813079834,1.0564839839935303,4.51113224029541,0.1395464539527893,1.2853277921676636,0.11873093992471695,0.3130405843257904
-0.09399999678134918,6.245999813079834,0.8538387417793274,2.2833609580993652,0.09303189814090729,0.591476559638977,-0.025090960785746574,0.5612938404083252
-0.09399999678134918,6.245999813079834,1.0049227476119995,5.086824417114258,0.062140073627233505,0.3847291171550751,-0.05992412567138672,0.125665545463562
-0.09399999678134918,7.245999813079834,1.1793506145477295,5.184497356414795,0.2132328301668167,1.5582112073898315,0.1352190226316452,0.113401398062706
-0.09399999678134918,7.245999813079834,0.9177890419960022,1.9306286573410034,0.072287417948246,0.7120004296302795,0.15664233267307281,0.6501557230949402
-0.09399999678134918,7.245999813079834,1.0023211240768433,4.831591606140137,0.059654440730810165,0.34080255031585693,0.10995672643184662,0.2364429086446762
-0.09399999678134918,8.246000289916992,0.8665293455123901,4.748215675354004,0.06403204798698425,1.274395227432251,0.07283180952072144,0.4298456013202667
-0.09399999678134918,8.246000289916992,0.8721024394035339,1.6389704942703247,0.07424572110176086,0.2300914227962494,0.11924232542514801,0.48361608386039734
-0.09399999678134918,8.246000289916992,0.9004077315330505,4.750372886657715,0.0631798580288887,0.33756953477859497,0.18867278099060059,0.08653829991817474
-0.09399999678134918,9.246000289916992,0.9724041223526001,4.083827972412109,0.1364038735628128,0.4564743638038635,0.12761341035366058,0.2680589556694031
-0.09399999678134918,9.246000289916992,0.9960628151893616,1.1901217699050903,0.06942722946405411,0.24368152022361755,0.2405409961938858,0.6713651418685913
-0.09399999678134918,9.246000289916992,0.879450261592865,5.4922380447387695,0.09963027387857437,0.4653647243976593,0.17625616490840912,0.0605759471654892
-0.09399999678134918,10.246000289916992,0.7245537042617798,4.444363594055176,0.0443011149764061,0.9584618806838989,0.13902230560779572,0.07709097117185593
-0.09399999678134918,10.246000289916992,0.9249255657196045,1.1560994386672974,0.05293072760105133,0.30410507321357727,0.18545639514923096,0.9114534854888916
-0.09399999678134918,10.246000289916992,1.1035540103912354,0.7549139261245728,0.401590496301651,0.32554739713668823,0.07166142016649246,0.011455520987510681
-0.09399999678134918,11.246000289916992,0.8560984134674072,0.6282263398170471,0.2319808155298233,0.722182035446167,0.06359602510929108,0.005724996794015169
-0.09399999678134918,11.246000289916992,0.7495123744010925,1.7137722969055176,0.04612459987401962,0.36841100454330444,0.5086054801940918,0.9932437539100647
-0.09399999678134918,11.246000289916992,0.5992412567138672,0.25857236981391907,0.130569726228714,0.987166166305542,0.13201718032360077,0.0010313040111213923
-0.09399999678134918,12.246000289916992,1.2055144309997559,5.031304359436035,0.044355690479278564,0.4064441919326782,-0.07663544267416,0.6564987897872925
-0.09399999678134918,12.246000289916992,1.1719480752944946,2.294571876525879,0.20037312805652618,0.2522059381008148,0.5097057819366455,0.32651734352111816
-0.09399999678134918,12.246000289916992,1.0726816654205322,5.8301897048950195,0.09857400506734848,0.05308931693434715,0.1420683115720749,0.01698392443358898
0.906000018119812,-3.753999948501587,0.6926596164703369,5.155024528503418,0.3504239320755005,0.43801090121269226,-0.09312822669744492,7.990727681317367e-06
0.906000018119812,-3.753999948501587,0.3074988126754761,3.605083703994751,0.12394837290048599,3.101120710372925,0.40114396810531616,3.750755013243179e-06
0.906000018119812,-3.753999948501587,0.4325082004070282,4.605380535125732,0.006318376865237951,0.04784737154841423,0.10233055055141449,0.999988317489624
0.906000018119812,-2.753999948501587,0.46651244163513184,5.618354797363281,0.011447935365140438,1.279379963874817,0.003487006528303027,0.7091855406761169
0.906000018119812,-2.753999948501587,0.6562979817390442,3.0247161388397217,0.1552538424730301,0.3748714327812195,-0.17704716324806213,0.06492123007774353
0.906000018119812,-2.753999948501587,0.9986645579338074,6.123203277587891,0.10767301172018051,0.06182604283094406,-0.22561219334602356,0.22589333355426788
0.906000018119812,-1.753999948501587,0.710010290145874,4.0914459228515625,0.10753052681684494,1.0005720853805542,-0.16163450479507446,0.3149820566177368
0.906000018119812,-1.753999948501587,0.49592024087905884,2.3807334899902344,0.04596458747982979,1.0514795780181885,-0.022763613611459732,0.0867835134267807
0.906000018119812,-1.753999948501587,0.5845692753791809,5.103653430938721,0.013429534621536732,1.192558765411377,0.07472860813140869,0.5982344746589661
0.906000018119812,-0.7540000081062317,1.1382757425308228,4.954094409942627,0.2809660732746124,2.8806469440460205,0.17809011042118073,0.08285415917634964
0.906000018119812,-0.7540000081062317,0.7536473274230957,2.645580530166626,0.06219417229294777,0.7044534087181091,0.05752229318022728,0.7757720947265625
0.906000018119812,-0.7540000081062317,1.114172339439392,0.2759750783443451,0.14981865882873535,0.1741582453250885,-0.2817273736000061,0.14137378334999084
0.906000018119812,0.2460000067949295,1.0073254108428955,5.238557815551758,0.06260248273611069,1.8046246767044067,-0.006467238999903202,0.6344289183616638
0.906000018119812,0.2460000067949295,0.991184651851654,2.936832904815674,0.11148972064256668,0.6196789741516113,0.0721830502152443,0.3331320285797119
0.906000018119812,0.2460000067949295,1.3810726404190063,0.24347621202468872,0.1710163652896881,0.10243534296751022,-0.20679643750190735,0.032439060509204865
0.906000018119812,1.246000051498413,0.8714696168899536,4.777428150177002,0.08004914224147797,1.963850736618042,0.03873614966869354,0.2531106173992157
0.906000018119812,1.246000051498413,1.1324641704559326,3.490872621536255,0.12207384407520294,0.11076546460390091,-0.04686886817216873,0.3839731216430664
0.906000018119812,1.246000051498413,1.1723134517669678,0.0887490063905716,0.06992045044898987,0.045706138014793396,-0.1339915543794632,0.3629162311553955
0.906000018119812,2.246000051498413,0.8753693699836731,3.3715310096740723,0.10390605032444,1.18254816532135,-0.11622007936239243,0.2110154926776886
0.906000018119812,2.246000051498413,1.0959471464157104,2.704554319381714,0.09099777787923813,0.03774210438132286,0.06004032865166664,0.5993728637695312
0.906000018119812,2.246000051498413,1.2562007904052734,6.115623474121094,0.11578261107206345,0.04797034338116646,-0.14666053652763367,0.18961164355278015
0.906000018119812,3.246000051498413,1.0511784553527832,5.210093975067139,0.2970147430896759,1.9964309930801392,-0.046677276492118835,0.06316178292036057
0.906000018119812,3.246000051498413,1.0566116571426392,2.5422446727752686,0.0657026395201683,0.056388236582279205,0.08902048319578171,0.7035143971443176
0.906000018119812,3.246000051498413,1.2827376127243042,5.934169769287109,0.08982010185718536,0.04358724132180214,-0.05996352806687355,0.2333238571882248
0.906000018119812,4.245999813079834,1.0505784749984741,5.127010822296143,0.18055830895900726,1.864280104637146,-0.00614915881305933,0.11505840718746185
0.906000018119812,4.245999813079834,1.13468599319458,2.432391405105591,0.08388131856918335,0.12568587064743042,0.002928942209109664,0.5044552087783813
0.906000018119812,4.245999813079834,1.2179564237594604,5.844999313354492,0.07322188466787338,0.049966271966695786,0.023779382929205894,0.3804864287376404
0.906000018119812,5.245999813079834,0.9699484705924988,5.204163074493408,0.13756048679351807,1.8543434143066406,0.10229410231113434,0.11208941042423248
0.906000018119812,5.245999813079834,1.0430772304534912,2.4480509757995605,0.10369850695133209,0.1368238925933838,0.12451063841581345,0.6139556169509888
0.906000018119812,5.245999813079834,1.0921587944030762,5.331011772155762,0.0674087330698967,0.06582904607057571,0.12008161842823029,0.27395495772361755
0.906000018119812,6.245999813079834,0.9663894176483154,4.642618179321289,0.07602891325950623,1.0922553539276123,0.06092322990298271,0.15367062389850616
0.906000018119812,6.245999813079834,1.0148353576660156,2.2016446590423584,0.0683063492178917,0.12363888323307037,0.13261154294013977,0.5988149642944336
0.906000018119812,6.245999813079834,1.049260139465332,5.014107704162598,0.03996438533067703,0.06037988141179085,0.11587855964899063,0.24751447141170502
0.906000018119812,7.245999813079834,1.0826752185821533,5.2329230308532715,0.3815630376338959,1.6792247295379639,0.10018680989742279,0.10001309961080551
0.906000018119812,7.245999813079834,0.9553370475769043,2.0910372734069824,0.08003074675798416,0.13659058511257172,0.04539116844534874,0.662693202495575
0.906000018119812,7.245999813079834,1.035741925239563,4.937870502471924,0.07106731086969376,0.09322215616703033,0.11125677078962326,0.23729369044303894
0.906000018119812,8.246000289916992,1.0130916833877563,4.959566593170166,0.3890302777290344,1.4246569871902466,0.031734686344861984,0.13140363991260529
0.906000018119812,8.246000289916992,0.9867444634437561,1.7511883974075317,0.05272635817527771,0.08197426795959473,0.12631210684776306,0.6054839491844177
0.906000018119812,8.246000289916992,0.8476136922836304,4.64131498336792,0.0352315679192543,0.18612609803676605,0.23357224464416504,0.2631124258041382
0.906000018119812,9.246000289916992,0.9462913870811462,5.326372146606445,0.2039032131433487,0.978001594543457,0.14169032871723175,0.06209952384233475
0.906000018119812,9.246000289916992,0.9514020085334778,1.4789049625396729,0.06508161872625351,0.09976702183485031,0.2099696397781372,0.9203615784645081
0.906000018119812,9.246000289916992,0.8753079771995544,5.690258026123047,0.09418056160211563,0.2953934967517853,0.16208529472351074,0.017538951709866524
0.906000018119812,10.246000289916992,1.0068761110305786,6.112284183502197,0.21654179692268372,0.7753641605377197,0.0007492689182981849,0.02664165198802948
0.906000018119812,10.246000289916992,1.1895326375961304,1.5955238342285156,0.06712500751018524,0.10344177484512329,0.17803232371807098,0.956306517124176
0.906000018119812,10.246000289916992,1.2857952117919922,0.5656947493553162,0.41510137915611267,0.15834857523441315,0.1717752069234848,0.017051899805665016
0.906000018119812,11.246000289916992,1.0326104164123535,0.5652700066566467,0.3148340880870819,1.1174424886703491,-0.05680675432085991,0.01670660451054573
0.906000018119812,11.246000289916992,0.9007473587989807,1.638590693473816,0.04602808132767677,0.13838821649551392,0.1096324697136879,0.9449364542961121
0.906000018119812,11.246000289916992,1.0443954467773438,0.7151695489883423,0.29194679856300354,0.3497598469257355,0.1292150765657425,0.03835688903927803
1.906000018119812,-2.753999948501587,0.5986675024032593,1.5018692016601562,0.040980976074934006,2.9506895542144775,0.14663991332054138,0.0038729775696992874
1.906000018119812,-2.753999948501587,0.7783752679824829,3.1243436336517334,0.05514764040708542,0.11542493104934692,-0.4420439302921295,0.23291799426078796
1.906000018119812,-2.753999948501587,1.1216191053390503,0.09151566028594971,0.07842838019132614,0.0490250326693058,-0.19954156875610352,0.7632090449333191
1.906000018119812,-1.753999948501587,0.6904706954956055,4.883686065673828,0.11126451939344406,0.7845104932785034,-0.045178767293691635,0.06621746718883514
1.906000018119812,-1.753999948501587,0.5038893818855286,2.774763584136963,0.09814363718032837,1.136857509613037,0.01971796341240406,0.008975333534181118
1.906000018119812,-1.753999948501587,0.6085826754570007,4.958255767822266,0.014942004345357418,0.28550395369529724,0.21670374274253845,0.9248071908950806
1.906000018119812,-0.7540000081062317,0.9199332594871521,5.597931385040283,0.13184496760368347,1.6022541522979736,0.12892162799835205,0.18748287856578827
1.906000018119812,-0.7540000081062317,1.082763910293579,2.9276490211486816,0.21425673365592957,0.14655065536499023,0.1573849320411682,0.47895798087120056
1.906000018119812,-0.7540000081062317,0.9579347372055054,0.06461485475301743,0.0809352919459343,0.09946100413799286,-0.10399995744228363,0.33355918526649475
1.906000018119812,0.2460000067949295,0.7761690616607666,0.28706541657447815,0.032843347638845444,1.3898797035217285,-0.041926607489585876,0.7344561219215393
1.906000018119812,0.2460000067949295,0.8591259717941284,2.5871901512145996,0.2469012290239334,1.4364417791366577,0.24283328652381897,0.24236774444580078
1.906000018119812,0.2460000067949295,1.047021508216858,6.105405807495117,0.12549863755702972,0.173283189535141,-0.16430488228797913,0.023176148533821106
1.906000018119812,1.246000051498413,0.9933778047561646,4.502024173736572,0.24214833974838257,2.22194504737854,-0.010646606795489788,0.1856812685728073
1.906000018119812,1.246000051498413,1.190120816230774,2.988250732421875,0.1348726600408554,0.05412563309073448,-0.052896592766046524,0.5177679657936096
1.906000018119812,1.246000051498413,1.1293386220932007,0.030984286218881607,0.06858404725790024,0.04743727296590805,-0.17042359709739685,0.29655078053474426
1.906000018119812,2.246000051498413,0.9514760971069336,5.131235122680664,0.24812570214271545,1.6483771800994873,-0.10089202225208282,0.14422151446342468
1.906000018119812,2.246000051498413,1.1940875053405762,2.609381675720215,0.10509775578975677,0.031718768179416656,0.045397646725177765,0.548333466053009
1.906000018119812,2.246000051498413,1.152344822883606,5.99910306930542,0.07596632838249207,0.0621960423886776,-0.07513377815485,0.30744507908821106
1.906000018119812,3.246000051498413,1.0484076738357544,4.364335060119629,0.3725128769874573,1.5927355289459229,0.0010805391939356923,0.0869860053062439
1.906000018119812,3.246000051498413,1.0216364860534668,2.4902172088623047,0.054780181497335434,0.052881911396980286,0.08854841440916061,0.6046707034111023
1.906000018119812,3.246000051498413,1.1181015968322754,5.927301406860352,0.05976627767086029,0.05733189731836319,-0.021593797951936722,0.3083433508872986
1.906000018119812,4.245999813079834,0.9992691278457642,5.333734512329102,0.11715713888406754,1.456916093826294,-0.011112065985798836,0.1492457091808319
1.906000018119812,4.245999813079834,1.0812031030654907,2.2569494247436523,0.06068914011120796,0.06972378492355347,0.05599159374833107,0.6106089949607849
1.906000018119812,4.245999813079834,1.1313378810882568,5.510537147521973,0.06731457263231277,0.0716015100479126,0.08809161186218262,0.2401452660560608
1.906000018119812,5.245999813079834,0.9446291327476501,0.03979255631566048,0.10630807280540466,1.6353212594985962,-0.008291875012218952,0.2325914204120636
1.906000018119812,5.245999813079834,1.1502633094787598,2.0707554817199707,0.0937403216958046,0.06498872488737106,-0.015039271675050259,0.5352623462677002
1.906000018119812,5.245999813079834,1.2192349433898926,5.269562721252441,0.10833125561475754,0.07572490721940994,0.11967466026544571,0.2321462780237198
1.906000018119812,6.245999813079834,0.8629032969474792,5.088011264801025,0.07377494126558304,1.3063766956329346,0.1276562660932541,0.14373891055583954
1.906000018119812,6.245999813079834,1.1545774936676025,2.115715742111206,0.1290317177772522,0.0799468383193016,0.2198287695646286,0.5957251787185669
1.906000018119812,6.245999813079834,1.0062708854675293,5.058258533477783,0.05181021988391876,0.037899941205978394,0.1828039437532425,0.2605358958244324
1.906000018119812,7.245999813079834,0.9852688908576965,5.964602947235107,0.26300424337387085,1.6489276885986328,-0.009711692109704018,0.14463108777999878
1.906000018119812,7.245999813079834,1.057454228401184,1.9848781824111938,0.0818578228354454,0.041565459221601486,-0.09433205425739288,0.483601838350296
1.906000018119812,7.245999813079834,1.1208653450012207,5.167862892150879,0.08714019507169724,0.05002894997596741,0.09452784806489944,0.3717670738697052
1.906000018119812,8.246000289916992,0.9978646636009216,5.142619609832764,0.287262499332428,1.346253752708435,0.023792043328285217,0.10171577334403992
1.906000018119812,8.246000289916992,0.9133210182189941,1.6270396709442139,0.07481002062559128,0.07898557186126709,0.018038244917988777,0.47712981700897217
1.906000018119812,8.246000289916992,0.7660346627235413,5.078962802886963,0.04497313126921654,0.15679901838302612,0.15569911897182465,0.4211544394493103
1.906000018119812,9.246000289916992,0.6434506177902222,5.9812774658203125,0.05138825625181198,0.9657847881317139,0.10782500356435776,0.013968721963465214
1.906000018119812,9.246000289916992,1.0673538446426392,1.0691627264022827,0.09824974089860916,0.09772689640522003,0.05638624355196953,0.9859391450881958
1.906000018119812,9.246000289916992,1.1080983877182007,0.07016491144895554,0.5338147282600403,2.288817882537842,0.09649699181318283,9.210897405864671e-05
1.906000018119812,10.246000289916992,0.9837200045585632,1.3800774812698364,0.47712528705596924,0.8334422707557678,0.021201469004154205,0.029618462547659874
1.906000018119812,10.246000289916992,0.9813153743743896,1.1586072444915771,0.05755123496055603,0.08856433629989624,-0.05107972398400307,0.7332031726837158
1.906000018119812,10.246000289916992,1.1100183725357056,0.6980294585227966,0.22072461247444153,0.16082333028316498,0.12525683641433716,0.23717842996120453
1.906000018119812,11.246000289916992,1.107910394668579,4.529008865356445,0.7052335739135742,0.6712872385978699,0.1033577173948288,0.012328063137829304
1.906000018119812,11.246000289916992,0.9619011878967285,1.4239428043365479,0.03246773034334183,0.04544435814023018,-0.028003761544823647,0.7715742588043213
1.906000018119812,11.246000289916992,1.1939136981964111,0.7964128255844116,0.2809804081916809,0.11348512023687363,0.266238808631897,0.21609756350517273
2.9059998989105225,-1.753999948501587,0.6057928800582886,2.8342411518096924,0.05674557760357857,0.9398201704025269,0.12919947504997253,0.25660595297813416
2.9059998989105225,-1.753999948501587,0.560039222240448,2.746978759765625,0.10290288180112839,0.708254337310791,0.025885898619890213,0.006295455154031515
2.9059998989105225,-1.753999948501587,0.5960261821746826,5.925800323486328,0.023388400673866272,0.15094231069087982,-0.018452554941177368,0.7370985746383667
2.9059998989105225,-0.7540000081062317,0.8420140743255615,5.11423397064209,0.10436342656612396,1.5311758518218994,0.03762862831354141,0.12335008382797241
2.9059998989105225,-0.7540000081062317,1.188259243965149,2.86761736869812,0.1737423986196518,0.10406546294689178,0.21741735935211182,0.5197722911834717
2.9059998989105225,-0.7540000081062317,1.158426284790039,0.12143026292324066,0.08470426499843597,0.036699917167425156,-0.07337573170661926,0.3568776249885559
2.9059998989105225,0.2460000067949295,0.7761068344116211,4.9789838790893555,0.03164441138505936,1.5686935186386108,0.04404062777757645,0.4175403416156769
2.9059998989105225,0.2460000067949295,0.9220437407493591,2.290140151977539,0.18472212553024292,0.8382447957992554,0.17489907145500183,0.549964189529419
2.9059998989105225,0.2460000067949295,1.0079798698425293,5.582948684692383,0.10741714388132095,0.10778427869081497,-0.13227227330207825,0.03249549865722656
2.9059998989105225,1.246000051498413,0.9860941171646118,4.219887733459473,0.2688071131706238,2.072571039199829,-0.09142688661813736,0.09763188660144806
2.9059998989105225,1.246000051498413,1.2465476989746094,2.5756804943084717,0.11944982409477234,0.02320036105811596,-0.06604623049497604,0.5486333966255188
2.9059998989105225,1.246000051498413,1.272020697593689,5.893588542938232,0.10515181720256805,0.056459736078977585,-0.2005738914012909,0.35373473167419434
2.9059998989105225,2.246000051498413,1.0819982290267944,5.338623046875,0.5582262873649597,1.8794995546340942,-0.05190775543451309,0.042293746024370193
2.9059998989105225,2.246000051498413,1.2141224145889282,2.503016233444214,0.09259288012981415,0.03834247216582298,0.018041696399450302,0.663561224937439
2.9059998989105225,2.246000051498413,1.103922963142395,5.789491653442383,0.06235751509666443,0.08955621719360352,-0.02157587558031082,0.2941450774669647
2.9059998989105225,3.246000051498413,1.0371863842010498,4.448813438415527,0.358781635761261,1.5691149234771729,0.0008132452494464815,0.0960708037018776
2.9059998989105225,3.246000051498413,1.0440019369125366,2.3746118545532227,0.06921118497848511,0.05793432891368866,0.05736442282795906,0.6238702535629272
2.9059998989105225,3.246000051498413,1.047194242477417,5.728568077087402,0.056858859956264496,0.0784771591424942,-0.008814069442451,0.28005892038345337
2.9059998989105225,4.245999813079834,1.000246286392212,5.402170181274414,0.1396206021308899,1.4117369651794434,-0.02959027700126171,0.09900280088186264
2.9059998989105225,4.245999813079834,1.07475745677948,2.1714673042297363,0.05521845072507858,0.055817436426877975,-0.014028259553015232,0.6509956121444702
2.9059998989105225,4.245999813079834,1.137312889099121,5.396760940551758,0.06716801226139069,0.06429017335176468,0.020859038457274437,0.2500014901161194
2.9059998989105225,5.245999813079834,0.8384988307952881,0.21278610825538635,0.09240570664405823,1.991190791130066,-0.09254375100135803,0.19374845921993256
2.9059998989105225,5.245999813079834,1.1571948528289795,2.0133559703826904,0.10388504713773727,0.05642436072230339,-0.04739626869559288,0.5760548710823059
2.9059998989105225,5.245999813079834,1.2497973442077637,5.480780124664307,0.15049880743026733,0.04917081445455551,0.127484992146492,0.23019662499427795
2.9059998989105225,6.245999813079834,0.7229586243629456,1.249002456665039,0.039708372205495834,1.0123140811920166,-0.04997306689620018,0.3837811350822449
2.9059998989105225,6.245999813079834,1.1170790195465088,1.8122848272323608,0.18979692459106445,0.08450761437416077,0.1261380910873413,0.5145758390426636
2.9059998989105225,6.245999813079834,1.1249059438705444,5.723031520843506,0.21913297474384308,0.06638471782207489,0.24710619449615479,0.10164309293031693
2.9059998989105225,7.245999813079834,0.7439191937446594,0.5641231536865234,0.026822445914149284,0.9403653144836426,0.05026063323020935,0.6883823871612549
2.9059998989105225,7.245999813079834,1.1090730428695679,1.7879843711853027,0.18371757864952087,0.055324070155620575,0.05762718617916107,0.29092925786972046
2.9059998989105225,7.245999813079834,0.9755517244338989,5.203995227813721,0.12548917531967163,0.15403151512145996,0.09279902279376984,0.02068827860057354
2.9059998989105225,8.246000289916992,0.8454270958900452,5.853019714355469,0.11632487177848816,1.9323652982711792,0.046242814511060715,0.2059231549501419
2.9059998989105225,8.246000289916992,0.8557108044624329,2.1806752681732178,0.10376951843500137,0.05109748616814613,0.09714848548173904,0.5967354774475098
2.9059998989105225,8.246000289916992,0.8555743098258972,5.534761905670166,0.09584072977304459,0.09074407815933228,0.035118743777275085,0.1973414421081543
2.9059998989105225,9.246000289916992,0.8645416498184204,0.8222523927688599,0.18571728467941284,1.087842345237732,0.06102369725704193,0.011587543413043022
2.9059998989105225,9.246000289916992,0.899345874786377,0.992497444152832,0.08281112462282181,0.12890930473804474,0.01393955759704113,0.9880947470664978
2.9059998989105225,9.246000289916992,0.9691494703292847,6.260768413543701,0.336428701877594,3.2924623489379883,0.04077654331922531,0.00031767794280312955
2.9059998989105225,10.246000289916992,0.9415075778961182,5.7957072257995605,0.186346173286438,0.807219386100769,0.22290121018886566,0.013291139155626297
2.9059998989105225,10.246000289916992,0.998065710067749,0.8820123672485352,0.06606964766979218,0.07488014549016953,0.035402510315179825,0.9856529235839844
2.9059998989105225,10.246000289916992,1.0140937566757202,1.0349632501602173,0.3140159249305725,0.11419729143381119,0.09501577913761139,0.0010559515794739127
2.9059998989105225,11.246000289916992,1.2546982765197754,5.644377708435059,0.6965348124504089,0.4917614758014679,0.022499024868011475,0.04715745151042938
2.9059998989105225,11.246000289916992,1.1495481729507446,1.2237861156463623,0.06855834275484085,0.04369895160198212,-0.025927787646651268,0.4279431104660034
2.9059998989105225,11.246000289916992,1.2423572540283203,0.3654120862483978,0.145650252699852,0.023463822901248932,0.3083534240722656,0.5248994827270508
3.9059998989105225,-2.753999948501587,1.0314592123031616,5.251344680786133,0.18669283390045166,0.7016894221305847,0.1440098136663437,0.0636923611164093
3.9059998989105225,-2.753999948501587,0.8510650396347046,3.0040857791900635,0.3104221224784851,1.348427653312683,0.018089933320879936,0.010787389241158962
3.9059998989105225,-2.753999948501587,0.8307777643203735,5.619357109069824,0.06649421155452728,0.21950621902942657,0.018525807186961174,0.9255202412605286
3.9059998989105225,-1.753999948501587,0.659921407699585,3.615027904510498,0.022066650912165642,0.9650253653526306,0.1825646609067917,0.8720113635063171
3.9059998989105225,-1.753999948501587,0.7045971155166626,2.905921459197998,0.26320701837539673,0.579941987991333,0.04885699972510338,0.003963356837630272
3.9059998989105225,-1.753999948501587,0.7742139101028442,5.549237251281738,0.07004500925540924,0.10731460154056549,0.050233107060194016,0.12402528524398804
3.9059998989105225,-0.7540000081062317,0.7831308841705322,4.782191276550293,0.0876016765832901,1.7878538370132446,-0.025759179145097733,0.19366376101970673
3.9059998989105225,-0.7540000081062317,0.8710083961486816,2.6606507301330566,0.10835664719343185,0.20628461241722107,0.24732927978038788,0.4998115301132202
3.9059998989105225,-0.7540000081062317,1.0682218074798584,0.03886162117123604,0.0960589274764061,0.03141305595636368,-0.01789291389286518,0.30652469396591187
3.9059998989105225,0.2460000067949295,0.8825178146362305,4.895516395568848,0.09925509989261627,2.2192132472991943,0.010882550850510597,0.0832381322979927
3.9059998989105225,0.2460000067949295,1.1131281852722168,2.4453821182250977,0.1011383906006813,0.04916325584053993,0.1820356547832489,0.6304226517677307
3.9059998989105225,0.2460000067949295,1.2021501064300537,5.5441412925720215,0.08430550992488861,0.028822967782616615,-0.03696851804852486,0.2863391935825348
3.9059998989105225,1.246000051498413,1.1385160684585571,4.5528717041015625,0.7226105332374573,1.724080204963684,-0.030208652839064598,0.07109394669532776
3.9059998989105225,1.246000051498413,1.1698108911514282,2.4972851276397705,0.07609134912490845,0.032553885132074356,0.03544272482395172,0.6370487213134766
3.9059998989105225,1.246000051498413,1.1862112283706665,5.708345413208008,0.07986101508140564,0.06241727992892265,-0.07012759149074554,0.2918573319911957
3.9059998989105225,2.246000051498413,1.1458196640014648,4.278532028198242,0.9016301035881042,1.9073545932769775,0.0135674262419343,0.042133308947086334
3.9059998989105225,2.246000051498413,1.2082420587539673,2.383223056793213,0.09527412801980972,0.044114336371421814,-0.01089962013065815,0.6303570866584778
3.9059998989105225,2.246000051498413,1.0824065208435059,5.650798797607422,0.061620552092790604,0.10821310430765152,-0.045168157666921616,0.3275095820426941
3.9059998989105225,3.246000051498413,1.0209704637527466,5.142735004425049,0.23913243412971497,1.4191317558288574,-0.00814396608620882,0.08222226798534393
3.9059998989105225,3.246000051498413,1.1568416357040405,2.256193161010742,0.10616709291934967,0.06365610659122467,0.044584766030311584,0.6577392816543579
3.9059998989105225,3.246000051498413,1.0631550550460815,5.476561069488525,0.06575006991624832,0.10094095021486282,0.003779294202104211,0.26003843545913696
3.9059998989105225,4.245999813079834,0.8658561110496521,5.006638050079346,0.08246705681085587,1.266217589378357,0.03835422918200493,0.22579830884933472
3.9059998989105225,4.245999813079834,1.1734580993652344,2.0213406085968018,0.11904088407754898,0.06731856614351273,-0.02771601267158985,0.542961597442627
3.9059998989105225,4.245999813079834,1.2100468873977661,5.267041206359863,0.10295797139406204,0.05499226227402687,0.08462832123041153,0.23124006390571594
3.9059998989105225,5.245999813079834,0.753158450126648,1.4430896043777466,0.05291380733251572,1.4911075830459595,-0.1409032791852951,0.1863977313041687
3.9059998989105225,5.245999813079834,0.9102641344070435,1.7578924894332886,0.11647240072488785,0.13194027543067932,0.10426344722509384,0.7502493858337402
3.9059998989105225,5.245999813079834,1.1449090242385864,5.764700889587402,0.2373199313879013,0.09113577753305435,0.001071304315701127,0.06335294991731644
3.9059998989105225,6.245999813079834,0.9665926694869995,2.6622369289398193,0.37874963879585266,0.9808480143547058,-0.012847306206822395,0.006183830089867115
3.9059998989105225,6.245999813079834,0.9467216730117798,1.6480156183242798,0.105209119617939,0.10970522463321686,-0.00020953953207936138,0.9892472624778748
3.9059998989105225,6.245999813079834,1.243561029434204,0.4653346836566925,0.5250700116157532,0.10949424654245377,0.17389939725399017,0.004568852484226227
3.9059998989105225,7.245999813079834,0.6622153520584106,4.368629455566406,0.030735548585653305,0.5958994626998901,0.06909152865409851,0.008003773167729378
3.9059998989105225,7.245999813079834,1.0679548978805542,1.385650634765625,0.12948395311832428,0.06406897306442261,0.08595898002386093,0.9919856786727905
3.9059998989105225,7.245999813079834,0.8369529843330383,6.0238518714904785,0.4235098958015442,2.0524849891662598,0.05157500132918358,1.0525743164180312e-05
4.906000137329102,-4.754000186920166,0.7352961301803589,2.386354684829712,0.5246102809906006,0.3722043037414551,0.058428555727005005,0.002323624910786748
4.906000137329102,-4.754000186920166,0.49630963802337646,3.586580991744995,0.24138271808624268,2.7032339572906494,0.19262316823005676,0.0005011685425415635
4.906000137329102,-4.754000186920166,0.5361023545265198,4.394748687744141,0.02402028627693653,0.13694745302200317,0.07687075436115265,0.9971752166748047
4.906000137329102,-3.753999948501587,0.6900100708007812,4.860823154449463,0.08912870287895203,0.6878422498703003,-0.10918673127889633,0.0033822974655777216
4.906000137329102,-3.753999948501587,0.6082198023796082,3.0121207237243652,0.12270263582468033,0.6887053847312927,-0.08647556602954865,0.001400032197125256
4.906000137329102,-3.753999948501587,0.704893171787262,4.7303972244262695,0.017847705632448196,0.09048692137002945,-0.11709380149841309,0.9952176809310913
4.906000137329102,-2.753999948501587,1.2971822023391724,5.5411834716796875,0.4690394103527069,0.43044784665107727,0.01383238285779953,0.160513773560524
4.906000137329102,-2.753999948501587,0.9053466320037842,2.636744499206543,0.15081697702407837,0.9940983653068542,0.04347292333841324,0.016953200101852417
4.906000137329102,-2.753999948501587,0.812408447265625,4.644224166870117,0.02625788189470768,0.18890312314033508,0.14567488431930542,0.8225330114364624
4.906000137329102,-1.753999948501587,0.7667917013168335,5.566340923309326,0.05595386400818825,1.3940938711166382,0.0576082207262516,0.6126039624214172
4.906000137329102,-1.753999948501587,0.855537474155426,2.5935518741607666,0.18961842358112335,0.15793396532535553,0.11976146697998047,0.07401606440544128
4.906000137329102,-1.753999948501587,1.0077687501907349,5.195201396942139,0.09763169288635254,0.07745376974344254,0.2010202556848526,0.3133799731731415
4.906000137329102,-0.7540000081062317,0.9808558821678162,5.2913947105407715,0.16985835134983063,2.20601224899292,-0.04097587987780571,0.1985398530960083
4.906000137329102,-0.7540000081062317,1.0323982238769531,2.4407238960266113,0.087376669049263,0.07225300371646881,0.11097583174705505,0.39185452461242676
4.906000137329102,-0.7540000081062317,1.1761826276779175,5.727541923522949,0.07494708895683289,0.025884859263896942,-0.01095933374017477,0.40960565209388733
4.906000137329102,0.2460000067949295,1.0669511556625366,3.870274543762207,0.9139041304588318,1.8500779867172241,0.02560810185968876,0.02884587273001671
4.906000137329102,0.2460000067949295,1.099094033241272,2.455355167388916,0.06420864909887314,0.027603156864643097,0.08804832398891449,0.6366669535636902
4.906000137329102,0.2460000067949295,1.1460448503494263,5.743907928466797,0.0706784650683403,0.03854767978191376,0.012224340811371803,0.3344871699810028
4.906000137329102,1.246000051498413,1.1444337368011475,4.309894561767578,0.9853394627571106,1.8419017791748047,0.0020634171087294817,0.054139189422130585
4.906000137329102,1.246000051498413,1.1335266828536987,2.381725549697876,0.07139177620410919,0.04308371618390083,0.030613813549280167,0.6811928153038025
4.906000137329102,1.246000051498413,1.139241099357605,5.617118835449219,0.07426324486732483,0.061060674488544464,-0.016479715704917908,0.2646680176258087
4.906000137329102,2.246000051498413,1.2209303379058838,3.79705810546875,1.315286636352539,1.959098219871521,0.08165571093559265,0.06091797351837158
4.906000137329102,2.246000051498413,1.1305522918701172,2.3087832927703857,0.07791551202535629,0.05787154287099838,-0.0031710669863969088,0.60947585105896
4.906000137329102,2.246000051498413,1.109269380569458,5.539403438568115,0.0696006491780281,0.11557289212942123,-0.006076662335544825,0.32960620522499084
4.906000137329102,3.246000051498413,1.0552231073379517,4.915891647338867,0.3338914215564728,1.2945762872695923,-0.006319576408714056,0.06102963909506798
4.906000137329102,3.246000051498413,1.1356377601623535,2.173776865005493,0.09531731903553009,0.06690242886543274,0.02630757726728916,0.6651527881622314
4.906000137329102,3.246000051498413,1.1043601036071777,5.365813255310059,0.07747819274663925,0.10018565505743027,0.013890608213841915,0.2738175690174103
4.906000137329102,4.245999813079834,0.7575782537460327,4.481999397277832,0.06516462564468384,1.4544141292572021,-0.01814054325222969,0.1945725977420807
4.906000137329102,4.245999813079834,1.0915625095367432,1.9152461290359497,0.12966477870941162,0.05626064911484718,0.053365688771009445,0.7820844650268555
4.906000137329102,4.245999813079834,1.0952657461166382,5.446881294250488,0.17470216751098633,0.1520746648311615,0.022256679832935333,0.023343028500676155
4.906000137329102,5.245999813079834,0.6960180401802063,1.5402681827545166,0.05291255936026573,1.1611584424972534,-0.08962292969226837,0.08226761966943741
4.906000137329102,5.245999813079834,0.8085994720458984,1.7699958086013794,0.13794219493865967,0.11186931282281876,0.013980435207486153,0.912919282913208
4.906000137329102,5.245999813079834,0.9900708794593811,5.733922958374023,0.2889237105846405,0.29143816232681274,-0.0766804963350296,0.004813123028725386
4.906000137329102,6.245999813079834,0.9854933023452759,1.6789425611495972,0.44936811923980713,1.2375868558883667,0.02410714700818062,0.0027402262203395367
4.906000137329102,6.245999813079834,1.0125783681869507,1.8232207298278809,0.11135055124759674,0.07714838534593582,-0.10495015233755112,0.9964126944541931
4.906000137329102,6.245999813079834,1.2619775533676147,0.04509824886918068,0.516613245010376,0.2740193009376526,0.18302702903747559,0.0008472026675008237
4.906000137329102,7.245999813079834,0.6605080366134644,4.322383403778076,0.03422680124640465,0.9221576452255249,0.007477971259504557,0.002264818176627159
4.906000137329102,7.245999813079834,1.0826681852340698,1.6974462270736694,0.1332966834306717,0.03619173914194107,0.17212042212486267,0.9977297186851501
4.906000137329102,7.245999813079834,0.8987205028533936,5.8505167961120605,0.44903525710105896,2.0711069107055664,0.08879441767930984,5.526897894014837e-06
5.906000137329102,-5.754000186920166,1.0664618015289307,1.9324884414672852,0.5597218871116638,2.615945339202881,0.05520845577120781,0.035676538944244385
5.906000137329102,-5.754000186920166,1.144792079925537,3.535686731338501,0.07830863445997238,0.012873426079750061,0.23553946614265442,0.9636251926422119
5.906000137329102,-5.754000186920166,1.1488232612609863,0.030038554221391678,0.18518036603927612,0.1922617107629776,0.020088795572519302,0.0006982341292314231
5.906000137329102,-4.754000186920166,1.1407861709594727,6.018527030944824,0.5374195575714111,0.6300181150436401,-0.07366438210010529,0.08780094981193542
5.906000137329102,-4.754000186920166,0.968452513217926,2.2890994548797607,0.07719631493091583,0.06651245802640915,0.15883171558380127,0.2522124946117401
5.906000137329102,-4.754000186920166,0.7696435451507568,5.203381061553955,0.02820010855793953,0.05166791379451752,0.011523965746164322,0.6599864959716797
5.906000137329102,-3.753999948501587,0.8804318308830261,4.578943729400635,0.09982079267501831,0.9965506792068481,-0.06787791103124619,0.17980928719043732
5.906000137329102,-3.753999948501587,0.6832174062728882,2.2160353660583496,0.06362520903348923,0.9649718403816223,0.05271768942475319,0.07322298735380173
5.906000137329102,-3.753999948501587,0.8041360974311829,5.088305473327637,0.024910537526011467,0.11932438611984253,-0.09768691658973694,0.7469677925109863
5.906000137329102,-2.753999948501587,0.9122795462608337,4.128425121307373,0.21208524703979492,0.6626956462860107,4.4035168684786186e-05,0.25013113021850586
5.906000137329102,-2.753999948501587,0.6031307578086853,2.507473945617676,0.08303730189800262,1.1663421392440796,-0.11463005095720291,0.13773629069328308
5.906000137329102,-2.753999948501587,0.6677531003952026,4.581943511962891,0.03775351494550705,0.38571837544441223,-0.08944229036569595,0.6121326088905334
5.906000137329102,-1.753999948501587,0.8749491572380066,5.240530014038086,0.11524880677461624,1.5915113687515259,0.017956804484128952,0.1518889218568802
5.906000137329102,-1.753999948501587,1.117295265197754,2.4528629779815674,0.09605242311954498,0.02437572367489338,0.05246516317129135,0.4004315137863159
5.906000137329102,-1.753999948501587,1.146277904510498,5.613094329833984,0.08253925293684006,0.04276956990361214,0.05259989947080612,0.4476796090602875
5.906000137329102,-0.7540000081062317,1.0952467918395996,0.3131507933139801,0.49483850598335266,2.561790943145752,-0.019118061289191246,0.04382234811782837
5.906000137329102,-0.7540000081062317,1.1408554315567017,2.4056994915008545,0.06788171082735062,0.023450423032045364,-0.02334236539900303,0.6229628324508667
5.906000137329102,-0.7540000081062317,1.1861953735351562,5.6205291748046875,0.07126682996749878,0.037297505885362625,0.03608259931206703,0.33321481943130493
5.906000137329102,0.2460000067949295,1.1112886667251587,4.4229912757873535,0.6563289165496826,1.987818956375122,-0.032112326472997665,0.0437847264111042
5.906000137329102,0.2460000067949295,1.1804451942443848,2.4002976417541504,0.06463202834129333,0.023353608325123787,-0.015000962652266026,0.6406113505363464
5.906000137329102,0.2460000067949295,1.2129918336868286,5.6330766677856445,0.06660022586584091,0.0379667766392231,-0.06689741462469101,0.31560397148132324
5.906000137329102,1.246000051498413,0.9714309573173523,4.93585205078125,0.3085780441761017,1.9297159910202026,-0.025727955624461174,0.13583722710609436
5.906000137329102,1.246000051498413,1.0887387990951538,2.2490592002868652,0.07937952876091003,0.05721866339445114,0.00545457424595952,0.5781793594360352
5.906000137329102,1.246000051498413,1.108402967453003,5.45206356048584,0.07789422571659088,0.06694945693016052,-0.006065137684345245,0.28598347306251526
5.906000137329102,2.246000051498413,0.9150424599647522,5.054324626922607,0.1735897809267044,1.575188398361206,-0.06130759418010712,0.14171399176120758
5.906000137329102,2.246000051498413,1.222413420677185,2.171870231628418,0.1092318594455719,0.05002475157380104,0.008578499779105186,0.5759747624397278
5.906000137329102,2.246000051498413,1.1263402700424194,5.435847759246826,0.08240426331758499,0.095820851624012,-0.018755478784441948,0.28231126070022583
5.906000137329102,3.246000051498413,0.8766608238220215,4.818818092346191,0.1426115483045578,1.1968928575515747,-0.06560822576284409,0.12889166176319122
5.906000137329102,3.246000051498413,1.1502162218093872,2.0291385650634766,0.09944336861371994,0.03419399634003639,-0.05843757838010788,0.7788926959037781
5.906000137329102,3.246000051498413,1.1201411485671997,5.137691974639893,0.11853726953268051,0.14174628257751465,0.08312742412090302,0.09221570938825607
5.906000137329102,4.245999813079834,0.6915003657341003,5.396749019622803,0.05486714094877243,1.2757518291473389,-0.06447325646877289,0.19721172749996185
5.906000137329102,4.245999813079834,1.0863248109817505,1.9936792850494385,0.15425530076026917,0.04745756834745407,0.03603779152035713,0.7522754073143005
5.906000137329102,4.245999813079834,1.0272775888442993,5.079954147338867,0.11905195564031601,0.14097239077091217,0.11267144978046417,0.05051284655928612
5.906000137329102,5.245999813079834,0.6855969429016113,0.9749231934547424,0.07406767457723618,1.7589550018310547,-0.08302745968103409,0.043570324778556824
5.906000137329102,5.245999813079834,0.9707440733909607,1.9386848211288452,0.13391295075416565,0.03791302815079689,0.06678991764783859,0.9543542861938477
5.906000137329102,5.245999813079834,1.0243152379989624,5.702817440032959,0.23236048221588135,0.2189955860376358,0.02095124125480652,0.002075387630611658
5.906000137329102,6.245999813079834,0.7506739497184753,1.0044447183609009,0.1378101110458374,1.7144029140472412,-0.023289037868380547,0.028988083824515343
5.906000137329102,6.245999813079834,1.003304123878479,2.1900253295898438,0.1338876336812973,0.0289025716483593,0.002208548132330179,0.9700453877449036
5.906000137329102,6.245999813079834,1.029649019241333,5.398335933685303,0.21768805384635925,0.3525340259075165,0.006987269036471844,0.000966498046182096
5.906000137329102,7.245999813079834,0.7025291919708252,5.586257457733154,0.07325441390275955,1.2667044401168823,-0.01812409609556198,0.006252146791666746
5.906000137329102,7.245999813079834,1.1489325761795044,2.047450542449951,0.1580430567264557,0.023636454716324806,0.15373700857162476,0.9933324456214905
5.906000137329102,7.245999813079834,1.1368769407272339,5.146146774291992,0.23454540967941284,0.4331628382205963,0.09812671691179276,0.00041534198680892587
5.906000137329102,8.246000289916992,0.6516536474227905,5.843719005584717,0.09397396445274353,2.321190357208252,0.09392592310905457,0.0028218619991093874
5.906000137329102,8.246000289916992,1.1693795919418335,1.8483555316925049,0.09175901114940643,0.009612733498215675,-0.01525698509067297,0.996843695640564
5.906000137329102,8.246000289916992,1.3057976961135864,5.636044502258301,0.2923664152622223,0.15942980349063873,-0.06850779056549072,0.0003344712604302913
6.906000137329102,-6.754000186920166,1.534799575805664,0.5475616455078125,10.264971733093262,1.4762074947357178,-0.017095735296607018,0.003987661562860012
6.906000137329102,-6.754000186920166,1.4653781652450562,3.654414653778076,0.2289743721485138,0.026910271495580673,0.2650642395019531,0.37259337306022644
6.906000137329102,-6.754000186920166,1.298427700996399,5.288285255432129,0.045841868966817856,0.03470606729388237,-0.14718087017536163,0.6234189867973328
6.906000137329102,-5.754000186920166,1.2402942180633545,5.259434700012207,1.6885799169540405,2.087956666946411,0.19778026640415192,0.03698553144931793
6.906000137329102,-5.754000186920166,0.6018344759941101,4.5143609046936035,0.1114727109670639,0.6220865249633789,0.4763420522212982,0.9510331749916077
6.906000137329102,-5.754000186920166,0.7768946290016174,5.5080718994140625,0.16419723629951477,1.9918339252471924,0.13653945922851562,0.011981272138655186
6.906000137329102,-4.754000186920166,0.8427736163139343,4.356937885284424,0.06620953977108002,0.9609385132789612,-0.08495833724737167,0.3698795735836029
6.906000137329102,-4.754000186920166,0.5994658470153809,2.1908013820648193,0.044475946575403214,0.311593234539032,0.2768899202346802,0.5680697560310364
6.906000137329102,-4.754000186920166,0.730364203453064,4.767833232879639,0.03735436126589775,0.4753560423851013,0.027508597820997238,0.06205069273710251
6.906000137329102,-3.753999948501587,0.8651372194290161,3.5574405193328857,0.18776646256446838,1.36383855342865,-0.020290229469537735,0.4805281162261963
6.906000137329102,-3.753999948501587,0.8217609524726868,2.2359514236450195,0.14549927413463593,0.24492140114307404,-0.03125901520252228,0.3146935999393463
6.906000137329102,-3.753999948501587,0.9040395021438599,5.103104591369629,0.06780131161212921,0.0995006188750267,-0.1125822514295578,0.2047782838344574
6.906000137329102,-2.753999948501587,0.9131177663803101,5.083376884460449,0.15597587823867798,2.2277536392211914,0.005443101283162832,0.15962083637714386
6.906000137329102,-2.753999948501587,1.1114623546600342,2.3552961349487305,0.11466562747955322,0.03993895277380943,0.1418694406747818,0.40712669491767883
6.906000137329102,-2.753999948501587,1.133102297782898,5.600518226623535,0.07555188983678818,0.042161788791418076,0.06070835143327713,0.4332524538040161
6.906000137329102,-1.753999948501587,1.033654808998108,5.620250225067139,0.20825327932834625,1.3008657693862915,-0.025688940659165382,0.06047121807932854
6.906000137329102,-1.753999948501587,1.245764136314392,2.38411545753479,0.09439688920974731,0.022906823083758354,0.09601328521966934,0.6497013568878174
6.906000137329102,-1.753999948501587,1.2330363988876343,5.512637615203857,0.07317350804805756,0.04285471886396408,0.05026501044631004,0.289827436208725
6.906000137329102,-0.7540000081062317,1.0883142948150635,6.057989120483398,0.4616445302963257,2.1724400520324707,0.002327969763427973,0.055837005376815796
6.906000137329102,-0.7540000081062317,1.1416046619415283,2.3437983989715576,0.08079741895198822,0.027014177292585373,-0.00672959117218852,0.6386889219284058
6.906000137329102,-0.7540000081062317,1.1780766248703003,5.539194583892822,0.06874322891235352,0.044349703937768936,0.026147430762648582,0.3054741322994232
6.906000137329102,0.2460000067949295,1.011099934577942,5.379264831542969,0.2662002444267273,1.7122689485549927,-0.03961046040058136,0.111614890396595
6.906000137329102,0.2460000067949295,1.2060788869857788,2.298863649368286,0.09423788636922836,0.035188738256692886,0.0047025070525705814,0.5685783624649048
6.906000137329102,0.2460000067949295,1.1527351140975952,5.484741687774658,0.06867711246013641,0.061882201582193375,-0.023886730894446373,0.319806843996048
6.906000137329102,1.246000051498413,0.9026218056678772,5.363284587860107,0.149990051984787,1.8829820156097412,-0.02475333958864212,0.20811103284358978
6.906000137329102,1.246000051498413,1.2191803455352783,2.1703133583068848,0.11986197531223297,0.06211415305733681,0.1350984424352646,0.5555136799812317
6.906000137329102,1.246000051498413,1.148595929145813,5.289642333984375,0.07787781208753586,0.039294660091400146,-0.019448380917310715,0.23637530207633972
6.906000137329102,2.246000051498413,0.7014510631561279,3.4952170848846436,0.045475754886865616,1.187517523765564,-0.06092940270900726,0.3960622549057007
6.906000137329102,2.246000051498413,1.2146451473236084,2.037703037261963,0.11321001499891281,0.05133209750056267,-0.10678980499505997,0.4183185398578644
6.906000137329102,2.246000051498413,1.2739465236663818,5.266783237457275,0.1311771422624588,0.061777450144290924,-0.020350094884634018,0.18561916053295135
6.906000137329102,3.246000051498413,0.931535542011261,4.734062194824219,0.19189800322055817,1.5189629793167114,-0.01293119415640831,0.08830434828996658
6.906000137329102,3.246000051498413,1.1531199216842651,2.1709249019622803,0.13684219121932983,0.044560398906469345,-0.06411783397197723,0.19346366822719574
6.906000137329102,3.246000051498413,1.1461437940597534,4.625147819519043,0.0726877748966217,0.04437938332557678,0.12909731268882751,0.7182320356369019
6.906000137329102,4.245999813079834,0.9526997804641724,0.28970035910606384,0.25442320108413696,1.7915858030319214,-0.10815343260765076,0.04374723508954048
6.906000137329102,4.245999813079834,1.2080535888671875,1.9938206672668457,0.13103285431861877,0.02792244777083397,0.024349307641386986,0.7471436858177185
6.906000137329102,4.245999813079834,1.0666970014572144,4.940201282501221,0.0620197132229805,0.04749385640025139,0.07869500666856766,0.2091090977191925
6.906000137329102,5.245999813079834,0.7543702721595764,6.1446919441223145,0.1303505301475525,1.7974575757980347,-0.011496445164084435,0.015574520453810692
6.906000137329102,5.245999813079834,1.0920963287353516,1.7635525465011597,0.08693350851535797,0.026038065552711487,0.07019828259944916,0.9818518161773682
6.906000137329102,5.245999813079834,1.0733695030212402,5.870840072631836,0.1479942947626114,0.11044052988290787,0.016826558858156204,0.0025737667456269264
6.906000137329102,6.245999813079834,0.6788653135299683,6.140107154846191,0.08167161792516708,1.5640813112258911,-0.012729359790682793,0.017600802704691887
6.906000137329102,6.245999813079834,1.0505174398422241,1.5595163106918335,0.06792186200618744,0.02364198863506317,0.06245853006839752,0.9821486473083496
6.906000137329102,6.245999813079834,1.0116195678710938,6.165732383728027,0.17060458660125732,0.3863718807697296,-0.07782001793384552,0.00025052358978427947
6.906000137329102,7.245999813079834,0.7375136613845825,6.076101303100586,0.06824423372745514,1.034623384475708,0.01356731541454792,0.009712104685604572
6.906000137329102,7.245999813079834,1.1320492029190063,1.7783821821212769,0.12338757514953613,0.03656062111258507,0.06607973575592041,0.9886682629585266
6.906000137329102,7.245999813079834,1.208008885383606,5.048968315124512,0.2662765681743622,0.5953823328018188,0.19019398093223572,0.0016196314245462418
6.906000137329102,8.246000289916992,0.7281954288482666,5.626389980316162,0.09872603416442871,1.0161361694335938,0.039894599467515945,0.1220744252204895
6.906000137329102,8.246000289916992,1.091295599937439,1.8179048299789429,0.1312834918498993,0.019562194123864174,-0.15930946171283722,0.8275683522224426
6.906000137329102,8.246000289916992,1.2783881425857544,5.150623321533203,0.24519039690494537,0.09207833558320999,0.14489102363586426,0.0503571443259716
7.906000137329102,-6.754000186920166,1.0640275478363037,4.052916526794434,1.2023824453353882,0.9700285792350769,0.0680978000164032,0.06324528157711029
7.906000137329102,-6.754000186920166,0.7822245955467224,3.685866117477417,0.12395963072776794,0.2317647784948349,0.09999315440654755,0.1705857664346695
7.906000137329102,-6.754000186920166,0.8625301718711853,4.671414375305176,0.040612123906612396,0.041387759149074554,0.12363708019256592,0.7661688923835754
7.906000137329102,-5.754000186920166,1.1852214336395264,2.942944049835205,0.35182932019233704,1.1856247186660767,0.10036953538656235,0.3464435636997223
7.906000137329102,-5.754000186920166,0.6197940111160278,3.897634744644165,0.02438766323029995,0.9570400714874268,0.3930373787879944,0.47011062502861023
7.906000137329102,-5.754000186920166,0.7271656394004822,5.112733364105225,0.019115570932626724,0.24616970121860504,0.07649238407611847,0.18344582617282867
7.906000137329102,-4.754000186920166,0.8085900545120239,3.9539296627044678,0.051204975694417953,0.8281436562538147,0.07770521938800812,0.7367146015167236
7.906000137329102,-4.754000186920166,0.912662148475647,2.2428572177886963,0.08974914252758026,0.06578028947114944,0.0657595619559288,0.11548890918493271
7.906000137329102,-4.754000186920166,0.9586648344993591,5.214425086975098,0.06651382148265839,0.09042433649301529,0.06923168897628784,0.14779651165008545
7.906000137329102,-3.753999948501587,0.8915780186653137,5.042163372039795,0.15913590788841248,2.288166046142578,0.0023524656426161528,0.06427567452192307
7.906000137329102,-3.753999948501587,1.1074028015136719,2.3971924781799316,0.08963873237371445,0.032170433551073074,0.043547969311475754,0.4442240297794342
7.906000137329102,-3.753999948501587,1.1268997192382812,5.422789573669434,0.06450477987527847,0.020773526281118393,-0.011117685586214066,0.4915003776550293
7.906000137329102,-2.753999948501587,0.9825206995010376,5.118685722351074,0.27427908778190613,1.891908049583435,-0.03571578115224838,0.062019672244787216
7.906000137329102,-2.753999948501587,1.155388355255127,2.3781135082244873,0.07775349169969559,0.033163804560899734,0.0894271582365036,0.6199115514755249
7.906000137329102,-2.753999948501587,1.2181565761566162,5.557518482208252,0.08127066493034363,0.04539736732840538,-0.022839020937681198,0.31806880235671997
7.906000137329102,-1.753999948501587,1.0382781028747559,4.20648717880249,0.2706373929977417,1.4001238346099854,0.002054506679996848,0.05755992606282234
7.906000137329102,-1.753999948501587,1.2161331176757812,2.3156819343566895,0.07729575037956238,0.031515348702669144,0.10696695744991302,0.6575103402137756
7.906000137329102,-1.753999948501587,1.279195785522461,5.513484477996826,0.08926048874855042,0.054463934153318405,0.04036873206496239,0.28492972254753113
7.906000137329102,-0.7540000081062317,0.9897665977478027,5.228512763977051,0.1610637754201889,1.8214027881622314,0.03200019150972366,0.055558476597070694
7.906000137329102,-0.7540000081062317,1.1525102853775024,2.234673023223877,0.08733968436717987,0.03959803655743599,0.04635228216648102,0.6028553247451782
7.906000137329102,-0.7540000081062317,1.2449339628219604,5.405123233795166,0.07973863929510117,0.0643494576215744,0.050474412739276886,0.3415862023830414
7.906000137329102,0.2460000067949295,0.9076878428459167,4.189656734466553,0.12359260767698288,1.7257885932922363,0.059385545551776886,0.11898250877857208
7.906000137329102,0.2460000067949295,1.1545466184616089,2.1300437450408936,0.11562881618738174,0.0692819282412529,0.05560746043920517,0.5212902426719666
7.906000137329102,0.2460000067949295,1.172046422958374,5.092720985412598,0.07277876883745193,0.09687633067369461,0.09402544796466827,0.35972723364830017
7.906000137329102,1.246000051498413,0.7962880730628967,5.688516616821289,0.08494383841753006,1.9743638038635254,0.03704478219151497,0.0878712385892868
7.906000137329102,1.246000051498413,1.103572964668274,1.8819074630737305,0.0948280543088913,0.06063545495271683,0.05296378582715988,0.5951051712036133
7.906000137329102,1.246000051498413,1.221379280090332,4.9992570877075195,0.08037526905536652,0.058350302278995514,0.13547717034816742,0.31702354550361633
7.906000137329102,2.246000051498413,0.8430960774421692,5.0144805908203125,0.12235995382070541,1.9356255531311035,0.06513714790344238,0.046987537294626236
7.906000137329102,2.246000051498413,1.244887351989746,1.8602485656738281,0.11137017607688904,0.037832990288734436,0.001928649377077818,0.6492775678634644
7.906000137329102,2.246000051498413,1.211398720741272,5.112222671508789,0.08699679374694824,0.057265013456344604,0.1733686774969101,0.3037348985671997
7.906000137329102,3.246000051498413,0.7508476376533508,0.19648253917694092,0.11469094455242157,1.0485659837722778,0.014056133106350899,0.1524561047554016
7.906000137329102,3.246000051498413,1.00527822971344,1.7216112613677979,0.08333899080753326,0.04829087853431702,-0.13941657543182373,0.8314311504364014
7.906000137329102,3.246000051498413,1.1346708536148071,5.716276168823242,0.18163958191871643,0.1044541597366333,0.19241179525852203,0.016112767159938812
7.906000137329102,4.245999813079834,0.9776477217674255,1.3738468885421753,0.29377004504203796,0.9971455335617065,0.07522457093000412,0.028965603560209274
7.906000137329102,4.245999813079834,1.084876537322998,1.535130262374878,0.10555879026651382,0.03614308685064316,-0.3576987683773041,0.9703835844993591
7.906000137329102,4.245999813079834,1.1608940362930298,5.298955917358398,0.3800605237483978,0.8328630924224854,0.09164263308048248,0.0006508338847197592
7.906000137329102,5.245999813079834,0.6927783489227295,3.423114061355591,0.042642977088689804,0.6658238768577576,-0.004849793389439583,0.5750671029090881
7.906000137329102,5.245999813079834,0.9167107343673706,2.061830520629883,0.13711653649806976,0.06032239645719528,0.21728920936584473,0.40620550513267517
7.906000137329102,5.245999813079834,0.967362105846405,0.9981597661972046,0.5040631294250488,0.399807333946228,0.1269591748714447,0.018727319315075874
8.906000137329102,-8.753999710083008,1.3379712104797363,5.706998825073242,5.161620616912842,1.5529016256332397,0.17243316769599915,0.0016299732960760593
8.906000137329102,-8.753999710083008,1.146613359451294,3.7823212146759033,0.2523171007633209,0.6311448216438293,0.307873010635376,0.9978267550468445
8.906000137329102,-8.753999710083008,0.862956166267395,5.275615215301514,0.1824622005224228,0.8866265416145325,0.10246569663286209,0.0005431899917311966
8.906000137329102,-7.754000186920166,0.7679369449615479,4.918534755706787,0.06862132251262665,3.123663902282715,0.3022136688232422,0.1535336971282959
8.906000137329102,-7.754000186920166,0.6778197288513184,3.1738688945770264,0.04937587305903435,0.26719221472740173,-0.19139543175697327,0.8134340047836304
8.906000137329102,-7.754000186920166,0.8963949680328369,5.2796406745910645,0.10454008728265762,0.13025733828544617,0.2663402855396271,0.033032242208719254
8.906000137329102,-6.754000186920166,0.8951723575592041,4.605556488037109,0.23655907809734344,0.42792609333992004,0.1257169395685196,0.19615167379379272
8.906000137329102,-6.754000186920166,0.5963790416717529,3.582810640335083,0.13048775494098663,2.9818594455718994,0.21251629292964935,0.17238040268421173
8.906000137329102,-6.754000186920166,0.6448014378547668,4.350309371948242,0.04748937487602234,0.2562633454799652,-0.14090979099273682,0.6314679384231567
8.906000137329102,-5.754000186920166,1.0914881229400635,4.170742988586426,0.31730467081069946,0.6907576322555542,0.10380592942237854,0.1969202756881714
8.906000137329102,-5.754000186920166,0.5429354310035706,2.892395257949829,0.043256331235170364,1.374693751335144,0.21540234982967377,0.5567684769630432
8.906000137329102,-5.754000186920166,0.6905475854873657,4.887712478637695,0.04739220440387726,0.35692059993743896,0.14256159961223602,0.2463112771511078
8.906000137329102,-4.754000186920166,0.8677387833595276,3.908445119857788,0.09384772926568985,1.566309928894043,0.03367120772600174,0.4178454279899597
8.906000137329102,-4.754000186920166,1.00101900100708,2.5055160522460938,0.07121267914772034,0.029532525688409805,0.04799307882785797,0.3320541977882385
8.906000137329102,-4.754000186920166,1.1924197673797607,5.519572734832764,0.0826404020190239,0.030898109078407288,-0.03524330258369446,0.25010034441947937
8.906000137329102,-3.753999948501587,0.8299891352653503,5.035966873168945,0.08386564254760742,2.133589267730713,-0.03092179261147976,0.09778103977441788
8.906000137329102,-3.753999948501587,1.1824837923049927,2.4580955505371094,0.07311848551034927,0.02310086600482464,-0.07064910233020782,0.6131466031074524
8.906000137329102,-3.753999948501587,1.29867684841156,5.5231404304504395,0.09767358005046844,0.024150822311639786,0.07300999015569687,0.28907233476638794
8.906000137329102,-2.753999948501587,0.9578057527542114,5.995872974395752,0.2941608726978302,1.5278990268707275,-0.01226554811000824,0.10241547971963882
8.906000137329102,-2.753999948501587,1.0756562948226929,2.3407294750213623,0.07158757746219635,0.034174565225839615,0.08652897924184799,0.6159331202507019
8.906000137329102,-2.753999948501587,1.1724889278411865,5.535747528076172,0.07746167480945587,0.043808214366436005,0.06055251508951187,0.28165140748023987
8.906000137329102,-1.753999948501587,1.1451313495635986,4.00404167175293,0.6519550085067749,1.892197847366333,0.0646609365940094,0.04552914947271347
8.906000137329102,-1.753999948501587,1.1876198053359985,2.2582099437713623,0.0863490030169487,0.05404234677553177,0.13614168763160706,0.48806604743003845
8.906000137329102,-1.753999948501587,1.1210579872131348,5.379556655883789,0.07309748232364655,0.09504666179418564,0.08424636721611023,0.4664047062397003
8.906000137329102,-0.7540000081062317,0.987287163734436,4.351416110992432,0.18262717127799988,1.4591535329818726,-0.00400884123519063,0.08163629472255707
8.906000137329102,-0.7540000081062317,1.230217695236206,2.1658527851104736,0.13698247075080872,0.036389097571372986,-0.02780100703239441,0.5151562094688416
8.906000137329102,-0.7540000081062317,1.2587575912475586,5.226568698883057,0.08781380206346512,0.05781206488609314,-0.008451548404991627,0.4032075107097626
8.906000137329102,0.2460000067949295,0.8543943762779236,4.694836616516113,0.07333357632160187,1.6355451345443726,0.016739003360271454,0.256625235080719
8.906000137329102,0.2460000067949295,1.0552152395248413,2.108323812484741,0.15712600946426392,0.06736135482788086,0.0289441030472517,0.39222434163093567
8.906000137329102,0.2460000067949295,1.2529128789901733,5.126415252685547,0.10798980295658112,0.03596865013241768,0.08999449014663696,0.35115042328834534
8.906000137329102,1.246000051498413,1.0051851272583008,6.202529430389404,0.20063981413841248,0.9112347364425659,0.02359228953719139,0.051469746977090836
8.906000137329102,1.246000051498413,1.018104910850525,1.397632360458374,0.10141155123710632,0.08748642355203629,-0.2458852231502533,0.2747269570827484
8.906000137329102,1.246000051498413,1.1797301769256592,5.309377670288086,0.12890982627868652,0.15657387673854828,0.22945433855056763,0.6738032698631287
8.906000137329102,2.246000051498413,1.019688606262207,0.7862839102745056,0.173274964094162,0.800791323184967,0.0599263496696949,0.31699138879776
8.906000137329102,2.246000051498413,1.0449955463409424,1.406931757926941,0.17642907798290253,0.14111831784248352,-0.2289421111345291,0.34585967659950256
8.906000137329102,2.246000051498413,0.8965332508087158,5.24415397644043,0.07464846968650818,0.2864387035369873,0.22628654539585114,0.33714890480041504
8.906000137329102,3.246000051498413,0.777118444442749,0.2779989242553711,0.14162176847457886,0.3801844120025635,0.028943240642547607,0.17534419894218445
8.906000137329102,3.246000051498413,1.0398186445236206,1.651593565940857,0.07164464145898819,0.07401664555072784,-0.2620064616203308,0.7882741689682007
8.906000137329102,3.246000051498413,1.2908754348754883,0.34234464168548584,0.4372800588607788,0.1632678210735321,0.2682395875453949,0.03638166934251785
8.906000137329102,4.245999813079834,0.9970991611480713,3.54494571685791,0.16668692231178284,0.16402457654476166,0.00015580114268232137,0.2403167486190796
8.906000137329102,4.245999813079834,1.1950619220733643,0.5638543963432312,0.19911985099315643,0.07049943506717682,-0.5748583674430847,0.7592419981956482
8.906000137329102,4.245999813079834,1.2426865100860596,5.651247024536133,1.7524983882904053,20.665266036987305,0.22759830951690674,0.0004413407004904002
9.906000137329102,-8.753999710083008,1.0373345613479614,3.7296223640441895,1.1577861309051514,1.5398176908493042,0.023369144648313522,0.01136273518204689
9.906000137329102,-8.753999710083008,0.6012033820152283,4.398592948913574,0.05740020051598549,0.25493311882019043,0.15896791219711304,0.02447338216006756
9.906000137329102,-8.753999710083008,0.6018726229667664,4.981564521789551,0.010851031169295311,0.07862235605716705,0.0014442085521295667,0.9641639590263367
9.906000137329102,-7.754000186920166,0.6960932016372681,4.744666576385498,0.2670852243900299,1.0817575454711914,0.06111761927604675,0.06588038802146912
9.906000137329102,-7.754000186920166,0.5393350124359131,1.6062604188919067,0.01794913038611412,0.11684524267911911,0.023130347952246666,0.4628109037876129
9.906000137329102,-7.754000186920166,0.6105958819389343,0.6443910598754883,0.021314408630132675,0.17945003509521484,0.041885778307914734,0.47130876779556274
9.906000137329102,-6.754000186920166,0.7000753283500671,3.224010705947876,0.02902798354625702,0.6816579699516296,0.0425114743411541,0.5980690121650696
9.906000137329102,-6.754000186920166,0.5274631977081299,2.394993782043457,0.041090454906225204,0.7838177680969238,-0.013132507912814617,0.3722425401210785
9.906000137329102,-6.754000186920166,0.7292271256446838,5.042387008666992,0.10443553328514099,1.2070529460906982,-0.25562962889671326,0.029688499867916107
9.906000137329102,-5.754000186920166,0.7863339185714722,5.504650115966797,0.055198654532432556,2.0074589252471924,-0.03574651479721069,0.3153545558452606
9.906000137329102,-5.754000186920166,0.8769027590751648,2.563184976577759,0.0897456556558609,0.05608848109841347,0.15829060971736908,0.44848906993865967
9.906000137329102,-5.754000186920166,0.9926904439926147,5.650861740112305,0.07145791500806808,0.0338793620467186,-0.0297390129417181,0.23615629971027374
9.906000137329102,-4.754000186920166,1.0141942501068115,4.400902271270752,0.3257319927215576,1.8859143257141113,0.02062280662357807,0.047111522406339645
9.906000137329102,-4.754000186920166,1.0633240938186646,2.401937961578369,0.05689607188105583,0.021412650123238564,-0.07452204823493958,0.6397228240966797
9.906000137329102,-4.754000186920166,1.1677991151809692,5.5339837074279785,0.06706647574901581,0.03135403245687485,-0.03359038010239601,0.3131656348705292
9.906000137329102,-3.753999948501587,0.9496328234672546,4.659298896789551,0.3514929711818695,1.8985915184020996,-0.002151221502572298,0.05474906414747238
9.906000137329102,-3.753999948501587,1.1733444929122925,2.3024802207946777,0.06938231736421585,0.02571486495435238,-0.09487029910087585,0.6566538214683533
9.906000137329102,-3.753999948501587,1.1041045188903809,5.494232177734375,0.07145719975233078,0.04693548008799553,0.03773687779903412,0.28859710693359375
9.906000137329102,-2.753999948501587,1.0823646783828735,4.992595672607422,0.6587775349617004,1.8717656135559082,0.011846430599689484,0.07285433262586594
9.906000137329102,-2.753999948501587,1.0801153182983398,2.3022992610931396,0.06647444516420364,0.035075992345809937,-0.014110964722931385,0.5696529150009155
9.906000137329102,-2.753999948501587,1.183882474899292,5.425636291503906,0.08152183890342712,0.053764574229717255,0.01561148464679718,0.35749274492263794
9.906000137329102,-1.753999948501587,0.9698663353919983,4.444070339202881,0.2657693028450012,1.5754066705703735,-0.00785558670759201,0.05557161197066307
9.906000137329102,-1.753999948501587,1.1625185012817383,2.2588062286376953,0.07796593010425568,0.02566947601735592,0.016194086521863937,0.45929956436157227
9.906000137329102,-1.753999948501587,1.2687757015228271,5.348788738250732,0.11343212425708771,0.04407935589551926,0.0755530446767807,0.4851287603378296
9.906000137329102,-0.7540000081062317,0.8285168409347534,5.004150390625,0.09709092974662781,1.0701391696929932,-0.013695077039301395,0.6927051544189453
9.906000137329102,-0.7540000081062317,0.7126394510269165,2.35602068901062,0.08195292204618454,0.1659858077764511,0.08524347096681595,0.060859858989715576
9.906000137329102,-0.7540000081062317,0.6586058139801025,4.885369300842285,0.02885785698890686,0.24682998657226562,0.18812167644500732,0.2464350014925003
9.906000137329102,0.2460000067949295,0.9843617677688599,2.7167491912841797,0.32009357213974,2.029027223587036,0.12308995425701141,0.057103678584098816
9.906000137329102,0.2460000067949295,0.6009463667869568,1.1189907789230347,0.023515693843364716,0.43282610177993774,0.13831059634685516,0.9275204539299011
9.906000137329102,0.2460000067949295,0.7325020432472229,6.225705146789551,0.0486215315759182,0.49562567472457886,-0.11838965862989426,0.0153758954256773
9.906000137329102,1.246000051498413,0.7774134278297424,5.711608409881592,0.1219387874007225,0.9317265748977661,0.20056544244289398,0.0042792377062141895
9.906000137329102,1.246000051498413,0.9772754311561584,1.019139289855957,0.11285245418548584,0.06338353455066681,0.3097175359725952,0.9955804944038391
9.906000137329102,1.246000051498413,1.1354113817214966,1.0031342506408691,1.8186137676239014,0.4235813319683075,0.21813133358955383,0.00014028596342541277
10.906000137329102,-13.753999710083008,1.1208914518356323,1.5747991800308228,1.0252679586410522,0.8550655841827393,0.07291742414236069,0.03268245980143547
10.906000137329102,-13.753999710083008,1.1351338624954224,4.338608264923096,0.48588094115257263,0.1284783035516739,0.11395974457263947,0.8644934892654419
10.906000137329102,-13.753999710083008,0.8694164156913757,5.313612937927246,0.14040227234363556,0.1745026409626007,0.09502289444208145,0.10282406210899353
10.906000137329102,-12.753999710083008,0.9680631160736084,3.2610952854156494,0.3770843744277954,1.774005651473999,0.006625795736908913,0.014593738131225109
10.906000137329102,-12.753999710083008,0.6099020838737488,2.4888577461242676,0.032771579921245575,0.3184637725353241,0.32181596755981445,0.9631808400154114
10.906000137329102,-12.753999710083008,0.807202935218811,4.300482273101807,0.07015971839427948,1.0727585554122925,0.07637657970190048,0.022225329652428627
10.906000137329102,-11.753999710083008,0.9416676759719849,3.035308361053467,0.10780180990695953,0.45287132263183594,0.10221898555755615,0.43130403757095337
10.906000137329102,-11.753999710083008,0.6125081777572632,2.67627215385437,0.05380317196249962,0.44119423627853394,0.04008546471595764,0.3874838054180145
10.906000137329102,-11.753999710083008,0.7120797038078308,4.405029296875,0.05012831091880798,0.3696705996990204,-0.014587695710361004,0.18121223151683807
10.906000137329102,-8.753999710083008,1.0434482097625732,5.155126094818115,0.22614078223705292,0.629165768623352,-0.02727390266954899,0.47583574056625366
10.906000137329102,-8.753999710083008,0.5102180242538452,3.105353832244873,0.2526317834854126,3.892460823059082,-0.07903335988521576,0.003138583619147539
10.906000137329102,-8.753999710083008,0.5773272514343262,3.9812028408050537,0.03436034917831421,0.5280664563179016,0.27589887380599976,0.5210256576538086
10.906000137329102,-7.754000186920166,1.010765552520752,4.722977161407471,0.19877411425113678,0.9620563983917236,-0.1582757979631424,0.2934752106666565
10.906000137329102,-7.754000186920166,0.6347110867500305,2.7969815731048584,0.036407943814992905,0.3928900957107544,-0.11943436414003372,0.1316121518611908
10.906000137329102,-7.754000186920166,0.6415092349052429,4.166094779968262,0.01431591808795929,0.29970523715019226,0.16281509399414062,0.5749126076698303
10.906000137329102,-6.754000186920166,0.6566067337989807,5.861913681030273,0.0355207696557045,2.059586524963379,0.007073810324072838,0.6213239431381226
10.906000137329102,-6.754000186920166,0.6514279246330261,2.4619340896606445,0.11391576379537582,0.2588770091533661,0.020495235919952393,0.28413787484169006
10.906000137329102,-6.754000186920166,0.9060452580451965,5.68293571472168,0.11345863342285156,0.12212609499692917,-0.2166924625635147,0.09453807026147842
10.906000137329102,-5.754000186920166,0.9933241009712219,4.307803153991699,0.36327335238456726,2.290470600128174,-0.01067980658262968,0.03389694169163704
10.906000137329102,-5.754000186920166,1.3312302827835083,2.413602352142334,0.08603859692811966,0.015777094289660454,-0.05671316757798195,0.6648485660552979
10.906000137329102,-5.754000186920166,1.213486671447754,5.618683338165283,0.061819881200790405,0.030734164640307426,-0.06169096380472183,0.3012544512748718
10.906000137329102,-4.754000186920166,1.194376826286316,4.711136341094971,0.9482322931289673,2.2565035820007324,0.05842266231775284,0.023158840835094452
10.906000137329102,-4.754000186920166,1.1912026405334473,2.361851215362549,0.08841855078935623,0.030340099707245827,-0.06088457256555557,0.5694407224655151
10.906000137329102,-4.754000186920166,1.1241648197174072,5.557883262634277,0.05447736009955406,0.04002123326063156,-0.004653114825487137,0.4074004888534546
10.906000137329102,-3.753999948501587,1.116358995437622,3.9666409492492676,1.4410367012023926,2.1892290115356445,0.045855261385440826,0.05444451794028282
10.906000137329102,-3.753999948501587,1.171567440032959,2.2706966400146484,0.07379961758852005,0.036894313991069794,-0.06627146154642105,0.5600695013999939
10.906000137329102,-3.753999948501587,1.0866695642471313,5.469223976135254,0.05574868991971016,0.04954181984066963,-0.010387157090008259,0.38548600673675537
10.906000137329102,-2.753999948501587,0.8783657550811768,5.76318883895874,0.1957257241010666,2.081172227859497,-0.05860220268368721,0.052922073751688004
10.906000137329102,-2.753999948501587,1.0760740041732788,2.304393768310547,0.0769367441534996,0.022550664842128754,-0.014038266614079475,0.4461829662322998
10.906000137329102,-2.753999948501587,1.142842411994934,5.412886619567871,0.07112044841051102,0.02666342258453369,-0.04185737669467926,0.5008949041366577
10.906000137329102,-1.753999948501587,0.793087363243103,6.138194561004639,0.07072968035936356,1.1700822114944458,-0.07699047029018402,0.3843018710613251
10.906000137329102,-1.753999948501587,0.8870721459388733,1.7415449619293213,0.13743725419044495,0.14028921723365784,-0.03379670903086662,0.34117090702056885
10.906000137329102,-1.753999948501587,1.2138820886611938,5.297847747802734,0.18845608830451965,0.036437470465898514,0.0064217569306492805,0.2745272219181061
10.906000137329102,-0.7540000081062317,0.8965864777565002,5.627378940582275,0.049579016864299774,0.5089096426963806,-0.13063515722751617,0.9634352922439575
10.906000137329102,-0.7540000081062317,0.5828673243522644,0.5173105597496033,0.11277222633361816,11.421709060668945,0.14163289964199066,0.001216829870827496
10.906000137329102,-0.7540000081062317,0.442717969417572,5.4655914306640625,0.009806642308831215,0.819420576095581,0.042690448462963104,0.0353478379547596
10.906000137329102,0.2460000067949295,1.0950087308883667,6.164496421813965,2.680417060852051,0.9439308643341064,0.31842854619026184,0.028396278619766235
10.906000137329102,0.2460000067949295,0.5451360940933228,1.1269606351852417,0.02315770834684372,0.040500443428754807,-0.21052886545658112,0.5525704026222229
10.906000137329102,0.2460000067949295,0.6087676882743835,1.0608240365982056,0.0749845877289772,0.9998000860214233,0.016685273498296738,0.4190332889556885
10.906000137329102,1.246000051498413,0.9167072772979736,0.7702083587646484,0.1514563262462616,1.0357900857925415,0.09856501966714859,0.06608608365058899
10.906000137329102,1.246000051498413,0.8244269490242004,1.5823428630828857,0.10466749966144562,0.14586564898490906,-0.007072370033711195,0.9331135749816895
10.906000137329102,1.246000051498413,1.4107452630996704,1.538909912109375,5.942278861999512,0.5812572836875916,0.15915369987487793,0.0008002870599739254
11.906000137329102,-15.753999710083008,0.7228613495826721,2.684570789337158,0.08728395402431488,0.6247506737709045,0.21088866889476776,0.7959246635437012
11.906000137329102,-15.753999710083008,0.4722473621368408,1.910400390625,0.08043394237756729,0.2945537269115448,-0.07501311600208282,0.07506130635738373
11.906000137329102,-15.753999710083008,0.8292420506477356,5.576053142547607,0.2171686291694641,0.34907397627830505,0.17668448388576508,0.1290140151977539
11.906000137329102,-14.753999710083008,1.140848159790039,4.574470520019531,0.4113675653934479,0.4704613983631134,0.12729422748088837,0.08024676144123077
11.906000137329102,-14.753999710083008,0.8606474995613098,3.0044193267822266,0.13795827329158783,0.4348616600036621,0.04025774449110031,0.28825655579566956
11.906000137329102,-14.753999710083008,0.8081795573234558,4.306685447692871,0.04827486723661423,0.12881949543952942,0.04587117210030556,0.6314967274665833
11.906000137329102,-13.753999710083008,0.8567267656326294,5.976467132568359,0.23339572548866272,0.3465001881122589,0.05897330120205879,0.34648868441581726
11.906000137329102,-13.753999710083008,0.766047477722168,2.78965163230896,0.23257386684417725,0.5973392128944397,-0.10686377435922623,0.29410308599472046
11.906000137329102,-13.753999710083008,0.7282261252403259,5.064793586730957,0.053641632199287415,0.25296393036842346,0.056162212044000626,0.35940825939178467
11.906000137329102,-12.753999710083008,0.91489577293396,5.174534797668457,0.22254030406475067,0.42649203538894653,-0.07321540266275406,0.2058376520872116
11.906000137329102,-12.753999710083008,0.5145813226699829,1.790429949760437,0.05428706482052803,1.420601725578308,0.16516150534152985,0.5928305387496948
11.906000137329102,-12.753999710083008,0.5876736640930176,4.802875995635986,0.039759766310453415,0.5863396525382996,-0.13539138436317444,0.20133183896541595
11.906000137329102,-11.753999710083008,1.0736753940582275,3.817617416381836,0.14394789934158325,0.20975829660892487,-0.06329469382762909,0.6045230031013489
11.906000137329102,-11.753999710083008,0.5444092750549316,2.815032482147217,0.06002609431743622,1.407077431678772,0.2681957483291626,0.13866643607616425
11.906000137329102,-11.753999710083008,0.6109461188316345,4.029553413391113,0.02862248569726944,0.39932653307914734,-0.021163340657949448,0.25681057572364807
11.906000137329102,-10.753999710083008,0.9114462733268738,4.327371597290039,0.1557176262140274,0.2717200517654419,-0.20309080183506012,0.2014952152967453
11.906000137329102,-10.753999710083008,0.734477698802948,2.67436146736145,0.052197229117155075,0.17409993708133698,0.01232594158500433,0.583940863609314
11.906000137329102,-10.753999710083008,0.5152353644371033,2.933018445968628,0.016453275457024574,0.9304357171058655,0.1163920983672142,0.21456395089626312
11.906000137329102,-9.753999710083008,0.5543201565742493,4.206416130065918,0.04119003191590309,0.08974248915910721,-0.3032112419605255,0.16860301792621613
11.906000137329102,-9.753999710083008,0.41267165541648865,4.543076038360596,0.02202576771378517,0.1709415465593338,-0.10459528118371964,0.6545909643173218
11.906000137329102,-9.753999710083008,0.6059560179710388,0.7062945365905762,0.010398061014711857,0.11069834977388382,0.22440317273139954,0.17680604755878448
11.906000137329102,-8.753999710083008,0.7246778607368469,4.025554656982422,0.06934355199337006,0.4770989716053009,-0.023691367357969284,0.8665714859962463
11.906000137329102,-8.753999710083008,0.39365291595458984,3.0376057624816895,0.11393512785434723,1.6496683359146118,0.0859077125787735,0.013122127391397953
11.906000137329102,-8.753999710083008,0.6000032424926758,4.249673843383789,0.04911579564213753,0.6122579574584961,0.19219547510147095,0.12030637264251709
11.906000137329102,-7.754000186920166,0.5112725496292114,3.2890336513519287,0.08033003658056259,1.0222309827804565,-0.10760070383548737,0.201934352517128
11.906000137329102,-7.754000186920166,0.45627111196517944,3.0397136211395264,0.030101392418146133,0.4405151605606079,-0.1306573897600174,0.2887311279773712
11.906000137329102,-7.754000186920166,0.5835148692131042,3.9120826721191406,0.01320465188473463,0.20314641296863556,0.1748625785112381,0.5093345642089844
11.906000137329102,-6.754000186920166,0.865344762802124,5.715977191925049,0.1431846171617508,2.4511420726776123,-0.03581995517015457,0.03807363659143448
11.906000137329102,-6.754000186920166,1.1638376712799072,2.444701910018921,0.07371765375137329,0.02510920539498329,-0.053777795284986496,0.6867190003395081
11.906000137329102,-6.754000186920166,1.4035794734954834,5.611639976501465,0.09429049491882324,0.025239774957299232,-0.10459991544485092,0.2752072811126709
11.906000137329102,-5.754000186920166,1.119924545288086,3.379063606262207,0.8386145830154419,2.234755754470825,0.043803293257951736,0.02700645662844181
11.906000137329102,-5.754000186920166,1.2683950662612915,2.376685857772827,0.08864797651767731,0.025448385626077652,0.009491434320807457,0.6535447835922241
11.906000137329102,-5.754000186920166,1.278888463973999,5.497377872467041,0.08217136561870575,0.04537487402558327,-0.04684919863939285,0.3194487988948822
11.906000137329102,-4.754000186920166,1.0940380096435547,4.633030891418457,0.43132907152175903,2.2311713695526123,0.03702222555875778,0.10111898183822632
11.906000137329102,-4.754000186920166,1.359473466873169,2.3329031467437744,0.143761545419693,0.01939135603606701,0.026943176984786987,0.4996112585067749
11.906000137329102,-4.754000186920166,1.1590672731399536,5.49847412109375,0.05542704835534096,0.030165376141667366,0.033588770776987076,0.3992697596549988
11.906000137329102,-3.753999948501587,0.8236777782440186,5.316612243652344,0.08083350956439972,2.066936731338501,-0.009968546219170094,0.3392857611179352
11.906000137329102,-3.753999948501587,1.0953072309494019,2.195451259613037,0.08489564806222916,0.03169199451804161,0.038086820393800735,0.2798745036125183
11.906000137329102,-3.753999948501587,1.1295921802520752,5.484947204589844,0.06018757075071335,0.02700217440724373,0.04357478395104408,0.3808397650718689
11.906000137329102,-2.753999948501587,0.8078357577323914,0.4256191551685333,0.024457747116684914,0.48670610785484314,0.10278361290693283,0.8759877681732178
11.906000137329102,-2.753999948501587,0.766833484172821,1.6880131959915161,0.1132022961974144,0.3641618490219116,0.06228838488459587,0.11576122045516968
11.906000137329102,-2.753999948501587,0.8614726066589355,5.8404622077941895,0.1792282611131668,0.2206842452287674,-0.029707754030823708,0.008250992745161057
11.906000137329102,0.2460000067949295,1.125136137008667,5.87847900390625,0.47684404253959656,0.17844773828983307,0.22862350940704346,0.6058536171913147
11.906000137329102,0.2460000067949295,0.8228655457496643,1.150418996810913,0.02859044447541237,0.027279306203126907,-0.5641663074493408,0.10871772468090057
11.906000137329102,0.2460000067949295,1.141175389289856,5.371772766113281,0.15899063646793365,0.17140673100948334,0.36579686403274536,0.28542864322662354
12.906000137329102,-16.753999710083008,0.7274171710014343,0.05419180169701576,0.04985068365931511,2.226288080215454,0.04202623665332794,0.767042875289917
12.906000137329102,-16.753999710083008,0.7738760709762573,2.929133415222168,0.08845821022987366,0.13442614674568176,0.18108075857162476,0.17708609998226166
12.906000137329102,-16.753999710083008,1.029867172241211,6.166664123535156,0.10666569322347641,0.051533401012420654,-0.11538957804441452,0.05587100610136986
12.906000137329102,-15.753999710083008,1.0108637809753418,5.233031749725342,0.7504079341888428,0.8390622138977051,0.09853535890579224,0.018504654988646507
12.906000137329102,-15.753999710083008,0.4838747978210449,3.199812412261963,0.03925524652004242,0.8011264801025391,0.017131930217146873,0.2908424139022827
12.906000137329102,-15.753999710083008,0.4972243309020996,4.047061920166016,0.013850760646164417,0.1369898021221161,0.18224747478961945,0.6906529068946838
12.906000137329102,-14.753999710083008,0.901406466960907,5.659409999847412,0.1490829586982727,0.3610883057117462,0.11107318103313446,0.0399685837328434
12.906000137329102,-14.753999710083008,0.6934502720832825,2.1002390384674072,0.08087287098169327,0.2533888518810272,-0.24166637659072876,0.029379265382885933
12.906000137329102,-14.753999710083008,0.8592545986175537,4.7324419021606445,0.0515226386487484,0.03356312960386276,-0.018509935587644577,0.9306521415710449
12.906000137329102,-13.753999710083008,0.9201557040214539,4.348819732666016,0.10909587144851685,0.7875479459762573,0.0008570000645704567,0.11499348282814026
12.906000137329102,-13.753999710083008,0.8846126198768616,1.8423089981079102,0.10874117165803909,0.18275883793830872,0.0055824643932282925,0.07346077263355255
12.906000137329102,-13.753999710083008,0.9670660495758057,4.539414405822754,0.06775534898042679,0.04867282137274742,0.03027499094605446,0.8115457892417908
12.906000137329102,-12.753999710083008,0.9535909295082092,4.889065265655518,0.19145622849464417,0.4018050730228424,0.071712426841259,0.1542513370513916
12.906000137329102,-12.753999710083008,0.6197299361228943,1.1904077529907227,0.02934364229440689,0.46206122636795044,-0.03110065869987011,0.3231462240219116
12.906000137329102,-12.753999710083008,0.6265381574630737,4.84196662902832,0.029972366988658905,0.29125696420669556,-0.17931824922561646,0.5226024389266968
12.906000137329102,-11.753999710083008,1.0498254299163818,3.7866642475128174,0.12065140902996063,0.26905056834220886,-0.10325662791728973,0.4176703691482544
12.906000137329102,-11.753999710083008,0.5556245446205139,2.509748935699463,0.0454624742269516,2.3348629474639893,0.269686758518219,0.3873480558395386
12.906000137329102,-11.753999710083008,0.6465877294540405,4.165389060974121,0.026031609624624252,0.6274123191833496,0.01387103646993637,0.19498154520988464
12.906000137329102,-10.753999710083008,0.9759314656257629,2.9172399044036865,0.22990980744361877,0.7835670113563538,-0.04163621738553047,0.3877621293067932
12.906000137329102,-10.753999710083008,0.5304059982299805,3.994264602661133,0.037969980388879776,0.38963717222213745,0.03723166137933731,0.4063855707645416
12.906000137329102,-10.753999710083008,0.6076664924621582,2.8277015686035156,0.028045931831002235,0.934561014175415,0.20400848984718323,0.2058522254228592
12.906000137329102,-9.753999710083008,0.8773185014724731,3.6269633769989014,0.1648571640253067,0.41635504364967346,-0.2216753363609314,0.11320265382528305
12.906000137329102,-9.753999710083008,0.5857760906219482,2.132599115371704,0.04744469374418259,0.9015270471572876,-0.16326624155044556,0.12734417617321014
12.906000137329102,-9.753999710083008,0.5775193572044373,3.101999521255493,0.011679833754897118,0.5832775831222534,-0.02256244421005249,0.7594531178474426
12.906000137329102,-8.753999710083008,0.649548351764679,4.185550689697266,0.05204576998949051,0.6928183436393738,0.0581192746758461,0.44910839200019836
12.906000137329102,-8.753999710083008,0.5969074964523315,2.1923468112945557,0.0695313885807991,0.3588453233242035,0.1640273779630661,0.3622640371322632
12.906000137329102,-8.753999710083008,0.6843348145484924,4.81228494644165,0.05512986704707146,0.21268412470817566,0.15053056180477142,0.18862758576869965
12.906000137329102,-7.754000186920166,0.8513534665107727,5.736515045166016,0.13429071009159088,2.106930732727051,-0.017017912119627,0.0713457316160202
12.906000137329102,-7.754000186920166,1.049080491065979,2.2772974967956543,0.07172088325023651,0.03606504946947098,0.13302001357078552,0.6025674343109131
12.906000137329102,-7.754000186920166,1.0604077577590942,5.528980731964111,0.054579559713602066,0.034543901681900024,0.12660187482833862,0.32608669996261597
12.906000137329102,-6.754000186920166,0.9670624136924744,4.992340087890625,0.29624372720718384,1.9079654216766357,-0.019322242587804794,0.03145173192024231
12.906000137329102,-6.754000186920166,1.0749934911727905,2.3694851398468018,0.05900492146611214,0.025006210431456566,0.07873780280351639,0.5624077320098877
12.906000137329102,-6.754000186920166,1.2271548509597778,5.525691509246826,0.07647820562124252,0.027022190392017365,0.026266558095812798,0.4061405658721924
12.906000137329102,-5.754000186920166,1.0323278903961182,3.5999951362609863,0.5800246596336365,2.7281253337860107,0.06735635548830032,0.016038017347455025
12.906000137329102,-5.754000186920166,1.1064692735671997,2.3599581718444824,0.05972066894173622,0.022024719044566154,0.005617019720375538,0.5541581511497498
12.906000137329102,-5.754000186920166,1.3417768478393555,5.482570648193359,0.09935972839593887,0.02447984553873539,0.007672413717955351,0.4298037588596344
12.906000137329102,-4.754000186920166,0.7295957803726196,5.877699375152588,0.03968670964241028,0.7817062735557556,-0.02600705809891224,0.649376630783081
12.906000137329102,-4.754000186920166,0.8201066255569458,1.8181483745574951,0.10515432804822922,0.032197628170251846,-0.06877458840608597,0.22326216101646423
12.906000137329102,-4.754000186920166,0.9782836437225342,5.427102088928223,0.17603085935115814,0.08675705641508102,0.15123026072978973,0.12736128270626068
12.906000137329102,-3.753999948501587,0.821391224861145,0.17736642062664032,0.0666467696428299,0.6329889297485352,-0.061238717287778854,0.39268943667411804
12.906000137329102,-3.753999948501587,0.48113101720809937,0.7345184087753296,0.037275128066539764,0.6207054853439331,0.2071431279182434,0.02776983380317688
12.906000137329102,-3.753999948501587,0.8142092227935791,0.30690065026283264,0.052351582795381546,0.30236732959747314,0.09934691339731216,0.5795406699180603
12.906000137329102,-2.753999948501587,1.1309244632720947,4.388190746307373,1.0508739948272705,0.5557102560997009,0.2513921558856964,0.01392815075814724
12.906000137329102,-2.753999948501587,0.5142034292221069,0.38785502314567566,0.013086376711726189,0.3867880702018738,-0.5296258926391602,0.9828773140907288
12.906000137329102,-2.753999948501587,0.7596961855888367,0.8292428255081177,0.24584266543388367,4.061239242553711,-0.19048146903514862,0.0031945861410349607
13.906000137329102,-15.753999710083008,0.7817766070365906,5.956249713897705,0.10602366924285889,0.8595108985900879,0.006102868355810642,0.11505837738513947
13.906000137329102,-15.753999710083008,0.5800536870956421,3.2257728576660156,0.07040848582983017,0.23984217643737793,0.2220897674560547,0.8595748543739319
13.906000137329102,-15.753999710083008,0.6543726325035095,4.805941581726074,0.07060801237821579,0.1300269514322281,0.2366587221622467,0.0253667701035738
13.906000137329102,-14.753999710083008,0.9141944646835327,4.952618598937988,0.12637001276016235,0.6345110535621643,0.01828055828809738,0.20395256578922272
13.906000137329102,-14.753999710083008,0.680557906627655,1.8871746063232422,0.046428143978118896,0.24211999773979187,-0.10437142848968506,0.3261916935443878
13.906000137329102,-14.753999710083008,0.760672390460968,4.281548023223877,0.03386086970567703,0.09684457629919052,0.11145403236150742,0.46985575556755066
13.906000137329102,-13.753999710083008,0.9094492197036743,4.554067611694336,0.10402887314558029,0.7279191017150879,-0.03149857372045517,0.05740482360124588
13.906000137329102,-13.753999710083008,0.8392243385314941,2.0203914642333984,0.0776243656873703,0.12311159074306488,-0.05134131759405136,0.030337363481521606
13.906000137329102,-13.753999710083008,0.9555118083953857,4.1235504150390625,0.057868797332048416,0.03506741300225258,0.13685864210128784,0.9122577905654907
13.906000137329102,-12.753999710083008,0.8188385963439941,4.18340539932251,0.09094008803367615,0.34990447759628296,0.0953749269247055,0.5546383857727051
13.906000137329102,-12.753999710083008,0.6647371649742126,1.6897882223129272,0.04555613547563553,0.28905367851257324,-0.03702762722969055,0.12636645138263702
13.906000137329102,-12.753999710083008,0.7038903832435608,4.529183387756348,0.04839997738599777,0.2935864329338074,-0.03176485374569893,0.3189952075481415
13.906000137329102,-11.753999710083008,0.8251478672027588,3.420029401779175,0.06460006535053253,0.4188968539237976,-0.04853474721312523,0.615746021270752
13.906000137329102,-11.753999710083008,0.5388153791427612,2.40789532661438,0.04240167886018753,1.1767669916152954,-0.009843017905950546,0.29681286215782166
13.906000137329102,-11.753999710083008,0.7257431149482727,4.4736714363098145,0.03793036937713623,0.4592495560646057,-0.03180688992142677,0.0874411091208458
13.906000137329102,-10.753999710083008,0.8204299807548523,3.208038091659546,0.0645645260810852,1.9818469285964966,0.01860220730304718,0.7929860949516296
13.906000137329102,-10.753999710083008,0.6603924632072449,2.7722041606903076,0.05917908623814583,0.19853469729423523,0.07024212181568146,0.11356601864099503
13.906000137329102,-10.753999710083008,0.8260744214057922,5.229522705078125,0.05098968371748924,0.18423759937286377,0.008850791491568089,0.09344788640737534
13.906000137329102,-9.753999710083008,0.7579217553138733,5.546501159667969,0.043289799243211746,1.209628939628601,-0.10097356140613556,0.43387240171432495
13.906000137329102,-9.753999710083008,1.0473922491073608,1.990847110748291,0.15390798449516296,0.07488271594047546,0.010635499842464924,0.24473068118095398
13.906000137329102,-9.753999710083008,1.0512844324111938,5.273831844329834,0.09151867777109146,0.04978253319859505,0.029618630185723305,0.32139691710472107
13.906000137329102,-8.753999710083008,1.0208890438079834,5.227061748504639,0.4190079867839813,2.2424352169036865,-0.001247171894647181,0.08341662585735321
13.906000137329102,-8.753999710083008,1.1530086994171143,2.2718307971954346,0.08029809594154358,0.029075276106595993,0.04885566607117653,0.5646223425865173
13.906000137329102,-8.753999710083008,1.100058674812317,5.459033012390137,0.054624784737825394,0.024538220837712288,0.09285418689250946,0.3519609868526459
13.906000137329102,-7.754000186920166,1.00994873046875,5.578086853027344,0.38280513882637024,2.13578724861145,-0.039343927055597305,0.05185495689511299
13.906000137329102,-7.754000186920166,1.1766763925552368,2.3270692825317383,0.07177262753248215,0.02820642851293087,0.1050187349319458,0.57536780834198
13.906000137329102,-7.754000186920166,1.117958903312683,5.572048187255859,0.05011716112494469,0.02541324310004711,0.06888213753700256,0.37277722358703613
13.906000137329102,-6.754000186920166,0.9056465029716492,5.702430248260498,0.18062512576580048,1.8277714252471924,-0.06941282004117966,0.06653586775064468
13.906000137329102,-6.754000186920166,1.1522600650787354,2.3570711612701416,0.08631481975317001,0.021032162010669708,0.12764105200767517,0.4704461395740509
13.906000137329102,-6.754000186920166,1.111882209777832,5.526390552520752,0.060598354786634445,0.02391856350004673,0.06760204583406448,0.46301794052124023
13.906000137329102,-5.754000186920166,0.6406389474868774,5.829663276672363,0.021885793656110764,1.3929312229156494,-0.03656483814120293,0.7680698037147522
13.906000137329102,-5.754000186920166,0.7587416172027588,2.2721147537231445,0.14563679695129395,0.08968493342399597,-0.02441454865038395,0.18603071570396423
13.906000137329102,-5.754000186920166,0.8072884678840637,6.056039810180664,0.1277412474155426,0.14225082099437714,-0.05391767993569374,0.045899420976638794
13.906000137329102,-4.754000186920166,0.9412434101104736,4.5156683921813965,0.04556062072515488,0.16982963681221008,0.20630402863025665,0.15155163407325745
13.906000137329102,-4.754000186920166,0.9950746893882751,0.9787059426307678,0.08524897694587708,0.1672980785369873,0.02698056772351265,0.7460148930549622
13.906000137329102,-4.754000186920166,0.8469647169113159,5.113098621368408,0.15517517924308777,0.27180853486061096,0.29349812865257263,0.10243349522352219
13.906000137329102,-3.753999948501587,0.4207388460636139,4.894436836242676,0.0038603725843131542,0.3349592089653015,-0.22559604048728943,0.9992175102233887
13.906000137329102,-3.753999948501587,0.4862099289894104,0.5904701948165894,0.09139395505189896,1.8752073049545288,0.136539027094841,0.00019892553973477334
13.906000137329102,-3.753999948501587,0.5550456643104553,5.606325626373291,0.017923234030604362,0.7613800764083862,0.0904456153512001,0.0005834921030327678
14.906000137329102,-15.753999710083008,0.7605574727058411,0.9853678941726685,0.14146530628204346,0.9540989995002747,0.018072811886668205,0.024422558024525642
14.906000137329102,-15.753999710083008,0.75237637758255,3.7187047004699707,0.0527583472430706,0.13059435784816742,0.11871302872896194,0.9734511375427246
14.906000137329102,-15.753999710083008,0.8161633610725403,4.576778888702393,0.11995439976453781,0.2447633296251297,0.4256516098976135,0.002126248087733984
14.906000137329102,-14.753999710083008,1.0103894472122192,4.537198543548584,0.24346105754375458,0.7153047323226929,-0.03720472380518913,0.13401755690574646
14.906000137329102,-14.753999710083008,0.6465994715690613,2.7233083248138428,0.03624805808067322,0.3281784653663635,0.027479425072669983,0.8491140007972717
14.906000137329102,-14.753999710083008,0.6417422294616699,3.9221105575561523,0.035435549914836884,0.7979411482810974,0.29745450615882874,0.016868427395820618
14.906000137329102,-13.753999710083008,0.8470461964607239,3.125670909881592,0.10232733190059662,0.6873066425323486,0.06977836042642593,0.5303734540939331
14.906000137329102,-13.753999710083008,0.5921252369880676,1.6036323308944702,0.0474444217979908,0.7449077367782593,-0.08146987855434418,0.025515662506222725
14.906000137329102,-13.753999710083008,0.7219241261482239,4.644448757171631,0.037819381803274155,0.48263072967529297,0.04508475586771965,0.4441108703613281
14.906000137329102,-12.753999710083008,0.6034117937088013,3.767575979232788,0.014706941321492195,0.40532511472702026,0.004357340279966593,0.850894570350647
14.906000137329102,-12.753999710083008,0.5875964164733887,1.9856406450271606,0.0828234925866127,0.3692565858364105,0.271583616733551,0.012852867133915424
14.906000137329102,-12.753999710083008,0.7168335318565369,4.966771602630615,0.05576030910015106,0.12043143808841705,0.051171544939279556,0.13625255227088928
14.906000137329102,-11.753999710083008,0.7044075131416321,4.152073860168457,0.049870263785123825,1.6264140605926514,-0.044167324900627136,0.45975425839424133
14.906000137329102,-11.753999710083008,0.7462939023971558,2.3238184452056885,0.059686508029699326,0.09303904324769974,0.06977435201406479,0.43902093172073364
14.906000137329102,-11.753999710083008,0.893204391002655,5.332743167877197,0.06833871454000473,0.10530869662761688,-0.07568530738353729,0.1012248694896698
14.906000137329102,-10.753999710083008,0.8835587501525879,5.0466742515563965,0.09559540450572968,1.9962317943572998,-0.041550036519765854,0.19067032635211945
14.906000137329102,-10.753999710083008,1.05179762840271,2.307145833969116,0.08337118476629257,0.03427639976143837,-0.04714958369731903,0.5210386514663696
14.906000137329102,-10.753999710083008,1.2050960063934326,5.42983865737915,0.0898517370223999,0.033691808581352234,-0.07031939178705215,0.28829097747802734
14.906000137329102,-9.753999710083008,1.0125000476837158,5.478365898132324,0.27314621210098267,2.245800256729126,-0.030642671510577202,0.07333248853683472
14.906000137329102,-9.753999710083008,1.1868945360183716,2.2823922634124756,0.09643808752298355,0.02812262624502182,0.034237198531627655,0.6045616269111633
14.906000137329102,-9.753999710083008,1.206960916519165,5.433771133422852,0.07184934616088867,0.030075108632445335,-0.008233490400016308,0.32210594415664673
14.906000137329102,-8.753999710083008,1.0084388256072998,5.924621105194092,0.427092045545578,2.306083917617798,-0.009985742159187794,0.04469374194741249
14.906000137329102,-8.753999710083008,1.1781563758850098,2.3115742206573486,0.0734802782535553,0.02713409811258316,0.03125372156500816,0.586993396282196
14.906000137329102,-8.753999710083008,1.2214890718460083,5.475428104400635,0.0658925473690033,0.02774779126048088,0.042086727917194366,0.368312805891037
14.906000137329102,-7.754000186920166,1.0339579582214355,5.721350193023682,0.3449998199939728,2.2922849655151367,-0.015452728606760502,0.06051584333181381
14.906000137329102,-7.754000186920166,1.1551483869552612,2.3491694927215576,0.07211365550756454,0.020111966878175735,0.04484422504901886,0.5184916853904724
14.906000137329102,-7.754000186920166,1.2830259799957275,5.530356407165527,0.0796036422252655,0.023040469735860825,0.034719258546829224,0.4209924638271332
14.906000137329102,-6.754000186920166,0.7674729824066162,6.0896830558776855,0.053001608699560165,2.1085078716278076,-0.0361957922577858,0.31030553579330444
14.906000137329102,-6.754000186920166,0.9918064475059509,2.0960114002227783,0.10018248111009598,0.051905494183301926,-0.02478952147066593,0.4991936683654785
14.906000137329102,-6.754000186920166,1.0040026903152466,5.528000354766846,0.11534644663333893,0.06383979320526123,0.05892925709486008,0.19050084054470062
14.906000137329102,-5.754000186920166,0.8351343870162964,6.082981586456299,0.06353764981031418,0.24886782467365265,-0.11357937753200531,0.11773044615983963
14.906000137329102,-5.754000186920166,0.7844309210777283,1.2693113088607788,0.03946952894330025,0.11447940766811371,0.2871171534061432,0.8806988596916199
14.906000137329102,-5.754000186920166,0.7730648517608643,6.113558769226074,0.23632711172103882,2.785054922103882,0.21136827766895294,0.0015706944977864623
14.906000137329102,-4.754000186920166,0.9672091603279114,5.912262439727783,0.16839973628520966,0.23992258310317993,0.13132518529891968,0.00010729482164606452
14.906000137329102,-4.754000186920166,1.6246328353881836,1.71626877784729,0.18485219776630402,0.003523679217323661,-0.16834011673927307,0.9998918771743774
14.906000137329102,-4.754000186920166,1.0521140098571777,5.807922840118408,1.2902389764785767,4.272372722625732,-0.22350484132766724,8.707846177458123e-07
15.906000137329102,-15.753999710083008,0.729915976524353,0.312644362449646,0.24945524334907532,0.7833170294761658,-0.08550024777650833,0.2334279865026474
15.906000137329102,-15.753999710083008,0.6098625063896179,3.492391347885132,0.07731683552265167,0.49208903312683105,0.1330086886882782,0.7283995747566223
15.906000137329102,-15.753999710083008,0.6745796203613281,4.590671062469482,0.057313404977321625,0.2064550220966339,0.290250301361084,0.038172412663698196
15.906000137329102,-14.753999710083008,0.9156826734542847,4.087279796600342,0.2873257100582123,0.8771003484725952,-0.0726148784160614,0.1304950714111328
15.906000137329102,-14.753999710083008,0.5958203673362732,3.91375994682312,0.03475022315979004,0.25000929832458496,0.09062410891056061,0.7802432179450989
15.906000137329102,-14.753999710083008,0.5795115828514099,4.056656837463379,0.02238975279033184,0.6800890564918518,0.2519739270210266,0.08926171064376831
15.906000137329102,-13.753999710083008,0.7835909128189087,3.9585182666778564,0.1279648393392563,0.7177148461341858,0.0374312698841095,0.8335728049278259
15.906000137329102,-13.753999710083008,0.5158064961433411,2.162419080734253,0.030429378151893616,0.6009607315063477,-0.01530501339584589,0.09383358806371689
15.906000137329102,-13.753999710083008,0.6046774983406067,4.4363813400268555,0.027512026950716972,1.282302737236023,-0.008285081945359707,0.07259368151426315
15.906000137329102,-12.753999710083008,0.6706181764602661,4.7157979011535645,0.022927043959498405,0.9559828042984009,-0.04571238532662392,0.7695643901824951
15.906000137329102,-12.753999710083008,0.7064142823219299,2.180353879928589,0.09523029625415802,0.18180963397026062,0.3273719549179077,0.15541572868824005
15.906000137329102,-12.753999710083008,0.9296063780784607,5.36710786819458,0.09903380274772644,0.07456428557634354,-0.0035862394142895937,0.0750199481844902
15.906000137329102,-11.753999710083008,0.7834898233413696,4.088125228881836,0.0787334069609642,1.8090842962265015,-0.036566007882356644,0.19583915174007416
15.906000137329102,-11.753999710083008,1.0952270030975342,2.422858238220215,0.09385247528553009,0.028954604640603065,0.06723000854253769,0.49678316712379456
15.906000137329102,-11.753999710083008,1.122607946395874,5.502525806427002,0.07292035222053528,0.028434256091713905,-0.046244777739048004,0.3073776662349701
15.906000137329102,-10.753999710083008,0.9939416646957397,4.213747024536133,0.38713330030441284,2.210665464401245,0.02656484767794609,0.04200415685772896
15.906000137329102,-10.753999710083008,1.1603999137878418,2.3502707481384277,0.08277232199907303,0.025095799937844276,-0.01390907820314169,0.6131151914596558
15.906000137329102,-10.753999710083008,1.143454670906067,5.490916728973389,0.06763370335102081,0.033891577273607254,-0.01273710373789072,0.3448805809020996
15.906000137329102,-9.753999710083008,1.042505145072937,4.893949031829834,0.4558965563774109,2.2527058124542236,0.0312964990735054,0.0510539747774601
15.906000137329102,-9.753999710083008,1.1640734672546387,2.3185389041900635,0.09513412415981293,0.02949659526348114,0.04707307741045952,0.5479248762130737
15.906000137329102,-9.753999710083008,1.190658688545227,5.475586414337158,0.07117666304111481,0.03201483190059662,0.02320174127817154,0.4010211229324341
15.906000137329102,-8.753999710083008,0.9194359183311462,5.641515731811523,0.22647687792778015,2.6438121795654297,-0.010393389500677586,0.04001259431242943
15.906000137329102,-8.753999710083008,1.1837445497512817,2.3185994625091553,0.08971726894378662,0.024689307436347008,-0.007788923103362322,0.47052663564682007
15.906000137329102,-8.753999710083008,1.1700176000595093,5.452589511871338,0.07016295939683914,0.03411621227860451,0.0005646421341225505,0.4894607961177826
15.906000137329102,-7.754000186920166,0.7593815326690674,4.9770965576171875,0.02433796599507332,0.6362949013710022,-0.0298717450350523,0.8633718490600586
15.906000137329102,-7.754000186920166,1.0309449434280396,1.7068262100219727,0.14151659607887268,0.16203413903713226,0.022413071244955063,0.11758369207382202
15.906000137329102,-7.754000186920166,1.0838640928268433,5.739386081695557,0.16610169410705566,0.11221203207969666,0.1636994332075119,0.01904444955289364
15.906000137329102,-6.754000186920166,0.9825739860534668,5.397406578063965,0.4810120761394501,0.8960801959037781,-0.03230087459087372,0.012360011227428913
15.906000137329102,-6.754000186920166,0.6378253698348999,0.7623156905174255,0.030191969126462936,0.13757014274597168,-0.3446579873561859,0.9666141271591187
15.906000137329102,-6.754000186920166,0.9308890700340271,5.144310474395752,0.39816686511039734,2.2072994709014893,0.25929808616638184,0.0210258886218071
15.906000137329102,-5.754000186920166,0.827409565448761,6.032142639160156,0.05147212743759155,0.32633155584335327,-0.26271647214889526,0.007135809864848852
15.906000137329102,-5.754000186920166,0.9556005001068115,1.6334768533706665,0.032734114676713943,0.016307193785905838,0.23119503259658813,0.9927496910095215
15.906000137329102,-5.754000186920166,0.9040799140930176,5.434998989105225,0.3659636080265045,2.779456853866577,0.13596349954605103,0.00011440096568549052
16.9060001373291,-15.753999710083008,0.8168177604675293,4.474760055541992,0.22530710697174072,0.22470198571681976,-0.19934740662574768,0.32680898904800415
16.9060001373291,-15.753999710083008,0.3822218179702759,2.6301116943359375,0.03399500250816345,0.9254154562950134,0.22369976341724396,0.05829552188515663
16.9060001373291,-15.753999710083008,0.5014039874076843,4.210165023803711,0.016460346058011055,0.2777816951274872,0.17325708270072937,0.6148954629898071
16.9060001373291,-14.753999710083008,0.7845942378044128,3.333258628845215,0.08764577656984329,0.5575670003890991,-0.0699048638343811,0.3391043245792389
16.9060001373291,-14.753999710083008,0.5735677480697632,3.132110834121704,0.04265238344669342,0.8713290095329285,-0.005450333468616009,0.36373916268348694
16.9060001373291,-14.753999710083008,0.615421712398529,4.787165641784668,0.020140796899795532,0.49114662408828735,0.003569528926163912,0.29715651273727417
16.9060001373291,-13.753999710083008,0.6874579191207886,4.742330551147461,0.043148189783096313,1.5663244724273682,-0.01868446171283722,0.5259155035018921
16.9060001373291,-13.753999710083008,0.6204595565795898,2.8135225772857666,0.058320678770542145,0.08663807809352875,0.03093249909579754,0.24089768528938293
16.9060001373291,-13.753999710083008,0.8630742430686951,5.062337398529053,0.06483390182256699,0.12035118043422699,0.02309604547917843,0.23318682610988617
16.9060001373291,-12.753999710083008,0.8275011777877808,4.698119163513184,0.12003704905509949,1.6573047637939453,-0.05499670282006264,0.19621886312961578
16.9060001373291,-12.753999710083008,1.1630170345306396,2.4993045330047607,0.09635463356971741,0.023686164990067482,0.10363409668207169,0.4896201491355896
16.9060001373291,-12.753999710083008,1.21812903881073,5.580644607543945,0.08699256181716919,0.02824775129556656,-0.02138468250632286,0.3141609728336334
16.9060001373291,-11.753999710083008,1.0114896297454834,2.779355764389038,0.4385882019996643,2.179253101348877,-0.014103653840720654,0.04633259400725365
16.9060001373291,-11.753999710083008,1.3638213872909546,2.4726853370666504,0.14712250232696533,0.025659415870904922,0.18753516674041748,0.6109024286270142
16.9060001373291,-11.753999710083008,1.1896334886550903,5.506893157958984,0.06794226914644241,0.03741264343261719,-0.046384602785110474,0.3427649438381195
16.9060001373291,-10.753999710083008,1.0411404371261597,3.110625982284546,0.5142130851745605,2.311962842941284,0.026676461100578308,0.04602496698498726
16.9060001373291,-10.753999710083008,1.2685267925262451,2.402254581451416,0.13743631541728973,0.028194285929203033,0.10840222239494324,0.5642679929733276
16.9060001373291,-10.753999710083008,1.19362211227417,5.497289180755615,0.0836552232503891,0.045607343316078186,-0.01013012882322073,0.3897070288658142
16.9060001373291,-9.753999710083008,0.9842132329940796,4.258640766143799,0.3964836597442627,2.4034335613250732,0.018475476652383804,0.04765259847044945
16.9060001373291,-9.753999710083008,1.2171202898025513,2.3428914546966553,0.11270543187856674,0.024831494316458702,0.07683618366718292,0.5124813318252563
16.9060001373291,-9.753999710083008,1.1745356321334839,5.495917797088623,0.0704168975353241,0.029544752091169357,-0.003724922426044941,0.4398660361766815
16.9060001373291,-8.753999710083008,0.740592896938324,0.39644914865493774,0.049122072756290436,0.5977142453193665,-0.040489014238119125,0.7234810590744019
16.9060001373291,-8.753999710083008,0.9113086462020874,1.8856480121612549,0.14191855490207672,0.07642809301614761,-0.011575927026569843,0.11959218978881836
16.9060001373291,-8.753999710083008,0.7959269285202026,5.830249786376953,0.05426943674683571,0.05999542027711868,0.11104212701320648,0.15692675113677979
16.9060001373291,-7.754000186920166,0.714103639125824,0.8496605157852173,0.06966151297092438,0.7588327527046204,0.07680419832468033,0.03315199166536331
16.9060001373291,-7.754000186920166,1.022533893585205,1.0616936683654785,0.15951040387153625,0.6121089458465576,0.15261594951152802,0.9651873111724854
16.9060001373291,-7.754000186920166,1.1544889211654663,1.0765537023544312,0.7365717887878418,0.10456818342208862,0.23231317102909088,0.0016606781864538789
17.9060001373291,-15.753999710083008,0.801416277885437,4.920551776885986,0.04195115342736244,0.10360304266214371,-0.07751411199569702,0.8959456086158752
17.9060001373291,-15.753999710083008,0.5377380847930908,1.1363306045532227,0.051033712923526764,2.4163947105407715,0.25039011240005493,0.014622492715716362
17.9060001373291,-15.753999710083008,0.7172773480415344,4.844714164733887,0.0487041175365448,0.9006496667861938,0.10308629274368286,0.08943187445402145
17.9060001373291,-14.753999710083008,0.7788698673248291,2.886477470397949,0.09188775718212128,0.7692910432815552,-0.05945086106657982,0.3785507082939148
17.9060001373291,-14.753999710083008,0.3853762149810791,2.3648335933685303,0.033072564750909805,1.7977399826049805,0.13052254915237427,0.2517582178115845
17.9060001373291,-14.753999710083008,0.6355315446853638,4.7450337409973145,0.015098778530955315,0.24879540503025055,-0.029132507741451263,0.36969107389450073
17.9060001373291,-13.753999710083008,0.8338958621025085,3.911210775375366,0.11456385999917984,2.1950767040252686,-0.049221381545066833,0.11764668673276901
17.9060001373291,-13.753999710083008,1.0583207607269287,2.565378427505493,0.07543845474720001,0.026033299043774605,0.09680477529764175,0.4761579632759094
17.9060001373291,-13.753999710083008,1.1691465377807617,5.76140022277832,0.07609137147665024,0.03382257744669914,-0.06444963812828064,0.40619537234306335
17.9060001373291,-12.753999710083008,0.8915591835975647,2.419625759124756,0.20148907601833344,1.8091099262237549,0.00952878501266241,0.030737416818737984
17.9060001373291,-12.753999710083008,1.1872650384902954,2.481999158859253,0.08033443987369537,0.025858556851744652,0.12199945747852325,0.7196100354194641
17.9060001373291,-12.753999710083008,1.3477803468704224,5.672153472900391,0.1175011545419693,0.03174208477139473,-0.10127829760313034,0.24965256452560425
17.9060001373291,-11.753999710083008,0.9738473892211914,2.8368759155273438,0.4963095784187317,1.6481773853302002,0.026452476158738136,0.06984298676252365
17.9060001373291,-11.753999710083008,1.3243416547775269,2.484612464904785,0.1299782544374466,0.02770068868994713,0.15540209412574768,0.45967885851860046
17.9060001373291,-11.753999710083008,1.2072868347167969,5.551803112030029,0.09267985075712204,0.05904398858547211,0.08720424771308899,0.47047823667526245
17.9060001373291,-10.753999710083008,0.904244065284729,2.2121634483337402,0.20840096473693848,1.4277992248535156,-0.03455165773630142,0.12971042096614838
17.9060001373291,-10.753999710083008,1.3848156929016113,2.4656360149383545,0.1987777054309845,0.02340206690132618,0.22575516998767853,0.4261150062084198
17.9060001373291,-10.753999710083008,1.2390152215957642,5.464919567108154,0.10070215910673141,0.030896678566932678,0.06222475320100784,0.4441746175289154
17.9060001373291,-9.753999710083008,0.732962429523468,0.5758302807807922,0.0838366374373436,1.4981153011322021,0.09815278649330139,0.33983364701271057
17.9060001373291,-9.753999710083008,0.6544948816299438,1.6491118669509888,0.08044201880693436,0.195169597864151,0.048278678208589554,0.6388429403305054
17.9060001373291,-9.753999710083008,0.797159731388092,6.172155380249023,0.18162278831005096,0.5344654321670532,0.1195790246129036,0.021323489025235176
17.9060001373291,-8.753999710083008,1.0787701606750488,0.0720621645450592,0.306562215089798,0.5577436685562134,0.07133785635232925,0.2156371772289276
17.9060001373291,-8.753999710083008,0.6766757369041443,0.9154922366142273,0.026327939704060555,0.5976610779762268,0.3142671585083008,0.6334928274154663
17.9060001373291,-8.753999710083008,0.9356223940849304,0.6821390390396118,0.1614091843366623,0.2146543711423874,0.18438035249710083,0.15086999535560608
18.9060001373291,-15.753999710083008,0.7755072712898254,4.5355987548828125,0.15474072098731995,0.33961740136146545,-0.09215984493494034,0.11455333977937698
18.9060001373291,-15.753999710083008,0.5085822939872742,1.7558327913284302,0.05455997958779335,0.6181929111480713,-0.0737716481089592,0.007240794599056244
18.9060001373291,-15.753999710083008,0.5936200618743896,4.519722938537598,0.01870219223201275,0.31630101799964905,0.03179575502872467,0.8782058358192444
18.9060001373291,-14.753999710083008,0.7155683040618896,4.1709136962890625,0.043348878622055054,1.3564759492874146,0.05988263338804245,0.4882277548313141
18.9060001373291,-14.753999710083008,0.7937638759613037,2.659550428390503,0.09152227640151978,0.13952310383319855,0.11723387986421585,0.2701939642429352
18.9060001373291,-14.753999710083008,0.9808818101882935,5.578653335571289,0.0737878829240799,0.05617571249604225,0.002359133679419756,0.24157822132110596
18.9060001373291,-13.753999710083008,0.9378162026405334,2.8178870677948,0.27714988589286804,2.556145668029785,0.02592301182448864,0.051552679389715195
18.9060001373291,-13.753999710083008,1.0664172172546387,2.4891393184661865,0.050631266087293625,0.021671617403626442,-0.06629952788352966,0.6870925426483154
18.9060001373291,-13.753999710083008,1.1655299663543701,5.754402160644531,0.06911814957857132,0.04187692329287529,-0.06823134422302246,0.2613547146320343
18.9060001373291,-12.753999710083008,1.0392740964889526,2.3392696380615234,0.7484846711158752,2.1999166011810303,0.05781152844429016,0.018187152221798897
18.9060001373291,-12.753999710083008,1.0866411924362183,2.446559190750122,0.0516619049012661,0.022855598479509354,-0.011592579074203968,0.6222752928733826
18.9060001373291,-12.753999710083008,1.2577193975448608,5.701194763183594,0.08842702209949493,0.03580143675208092,-0.05742180719971657,0.35953760147094727
18.9060001373291,-11.753999710083008,0.9265336394309998,2.131406307220459,0.38597285747528076,1.650790810585022,0.09122831374406815,0.0552956648170948
18.9060001373291,-11.753999710083008,1.0963962078094482,2.494863986968994,0.06520417332649231,0.023916464298963547,0.013758930377662182,0.5020149946212769
18.9060001373291,-11.753999710083008,1.3800580501556396,5.702730655670166,0.15434692800045013,0.04505940154194832,0.08252447098493576,0.4426893889904022
18.9060001373291,-10.753999710083008,0.8323866724967957,1.245924711227417,0.196168914437294,1.4632364511489868,0.021148987114429474,0.33192571997642517
18.9060001373291,-10.753999710083008,0.7678014039993286,2.226917028427124,0.08301786333322525,0.12015224248170853,0.08435790985822678,0.3344857394695282
18.9060001373291,-10.753999710083008,0.8634203672409058,5.909642696380615,0.06610605120658875,0.07793238013982773,-0.04105580598115921,0.333588570356369
18.9060001373291,-9.753999710083008,1.293022871017456,1.310057282447815,0.7260808944702148,0.20506179332733154,-0.10807082802057266,0.11131511628627777
18.9060001373291,-9.753999710083008,0.7466434240341187,0.11011571437120438,0.025468342006206512,4.172882556915283,0.3125963509082794,0.8581253886222839
18.9060001373291,-9.753999710083008,0.8287258744239807,0.5690419673919678,0.09469227492809296,19.278400421142578,-0.03440018370747566,0.030559556558728218
18.9060001373291,-8.753999710083008,1.7681924104690552,6.171699047088623,2.321685552597046,1.7305933237075806,0.2738334834575653,0.003037401707842946
18.9060001373291,-8.753999710083008,1.0863380432128906,2.480013132095337,0.04040798544883728,2.1413700580596924,0.54758220911026,0.1416693776845932
18.9060001373291,-8.753999710083008,1.6246417760849,0.22360441088676453,0.05443426966667175,0.004930530209094286,-0.006244402378797531,0.8552932143211365
19.9060001373291,-16.753999710083008,0.5604801774024963,3.092867136001587,0.02953607402741909,2.4421799182891846,0.02133326791226864,0.07713938504457474
19.9060001373291,-16.753999710083008,0.5084465146064758,2.565032482147217,0.010665510781109333,0.0853382870554924,-0.20024804770946503,0.8675748109817505
19.9060001373291,-16.753999710083008,0.7570570707321167,4.809074401855469,0.08776415139436722,0.44621676206588745,0.3068382143974304,0.05528576672077179
19.9060001373291,-15.753999710083008,0.6355525255203247,3.8401527404785156,0.07275185734033585,1.136962890625,-0.016279730945825577,0.3984493017196655
19.9060001373291,-15.753999710083008,0.6410036087036133,2.72137451171875,0.10730403661727905,0.31864863634109497,-0.12129529565572739,0.15133993327617645
19.9060001373291,-15.753999710083008,0.7473113536834717,4.7313232421875,0.05185789614915848,0.2033180147409439,-0.015954142436385155,0.45021066069602966
19.9060001373291,-14.753999710083008,0.872677206993103,3.769101858139038,0.1340700387954712,2.5488247871398926,0.043989088386297226,0.08963818103075027
19.9060001373291,-14.753999710083008,1.111299991607666,2.5146000385284424,0.07267817854881287,0.03025411255657673,-0.024462493136525154,0.5661935210227966
19.9060001373291,-14.753999710083008,1.0227415561676025,5.806461334228516,0.05247974023222923,0.05337103083729744,0.02481895498931408,0.3441683351993561
19.9060001373291,-13.753999710083008,1.0866860151290894,2.7438406944274902,0.8309605121612549,2.284081220626831,0.08775950223207474,0.03691121190786362
19.9060001373291,-13.753999710083008,1.1148229837417603,2.5376546382904053,0.046969059854745865,0.025830509141087532,0.029975416138768196,0.6193647384643555
19.9060001373291,-13.753999710083008,1.0929183959960938,5.726944446563721,0.047828711569309235,0.05041760578751564,0.026302548125386238,0.3437240421772003
19.9060001373291,-12.753999710083008,0.8949770331382751,2.9710772037506104,0.2298329919576645,2.2828335762023926,-0.009562392719089985,0.11010538786649704
19.9060001373291,-12.753999710083008,1.06745183467865,2.504033327102661,0.06172135844826698,0.0268110204488039,0.02064909227192402,0.4860672056674957
19.9060001373291,-12.753999710083008,1.0820175409317017,5.720193862915039,0.06019794940948486,0.038568951189517975,-0.037434305995702744,0.4038274884223938
19.9060001373291,-11.753999710083008,0.7822098135948181,4.107988357543945,0.08567257970571518,1.9901727437973022,0.1043560653924942,0.23162224888801575
19.9060001373291,-11.753999710083008,0.9098126292228699,2.336049795150757,0.07667411863803864,0.06376702338457108,0.16785591840744019,0.47956693172454834
19.9060001373291,-11.753999710083008,1.0537054538726807,5.625421047210693,0.0922037735581398,0.0790550708770752,0.13222487270832062,0.2888108193874359
19.9060001373291,-10.753999710083008,0.7942283153533936,0.6695836186408997,0.23436053097248077,0.6861518621444702,-0.027081888169050217,0.1735728234052658
19.9060001373291,-10.753999710083008,0.5824692249298096,1.609821081161499,0.03118564747273922,0.32087063789367676,0.314683735370636,0.7691240310668945
19.9060001373291,-10.753999710083008,0.5818730592727661,0.851782500743866,0.04365692287683487,0.35396134853363037,-0.15890246629714966,0.05730320140719414
19.9060001373291,-9.753999710083008,2.1717910766601562,2.2080535888671875,4.779461860656738,0.017869820818305016,-0.3607018291950226,0.037042759358882904
19.9060001373291,-9.753999710083008,1.244959831237793,6.197925567626953,0.09559094160795212,115.63191223144531,0.22115671634674072,0.38451075553894043
19.9060001373291,-9.753999710083008,1.1311211585998535,5.639209747314453,0.17999185621738434,283.60693359375,-0.18357518315315247,0.5784465074539185
20.9060001373291,-18.753999710083008,0.8784502148628235,3.6774303913116455,0.5773069858551025,2.0993669033050537,0.03687307983636856,0.1628635674715042
20.9060001373291,-18.753999710083008,0.7008053660392761,2.7770819664001465,0.04809725657105446,0.07486572116613388,0.1096564531326294,0.6240449547767639
20.9060001373291,-18.753999710083008,0.7552545070648193,5.109496116638184,0.04276566579937935,0.15031754970550537,0.14969757199287415,0.21309146285057068
20.9060001373291,-17.753999710083008,0.9356766939163208,3.167586088180542,0.4972785413265228,0.6910567283630371,-0.05002168193459511,0.016709541901946068
20.9060001373291,-17.753999710083008,0.3929319679737091,2.8953347206115723,0.02566101960837841,1.3815860748291016,0.0991135910153389,0.061376266181468964
20.9060001373291,-17.753999710083008,0.5181333422660828,3.695150136947632,0.012276841327548027,0.6023483872413635,0.15094782412052155,0.9219142198562622
20.9060001373291,-16.753999710083008,1.001394271850586,3.602001667022705,0.8875735402107239,1.3523740768432617,0.0916447639465332,0.0784892737865448
20.9060001373291,-16.753999710083008,0.5516282320022583,2.224824905395508,0.013531501404941082,0.3966471254825592,-0.20343178510665894,0.7036226391792297
20.9060001373291,-16.753999710083008,0.5840702056884766,4.462854862213135,0.013242592103779316,0.16518956422805786,0.029217714443802834,0.21788811683654785
20.9060001373291,-15.753999710083008,0.8253501653671265,5.0529465675354,0.1193426251411438,1.8356038331985474,-0.04223159700632095,0.06540819257497787
20.9060001373291,-15.753999710083008,1.0733904838562012,2.4692511558532715,0.125258207321167,0.07735424488782883,0.026147259399294853,0.573287308216095
20.9060001373291,-15.753999710083008,1.1722240447998047,5.753612518310547,0.08479240536689758,0.04610828310251236,-0.12868337333202362,0.36130455136299133
20.9060001373291,-14.753999710083008,0.8575518131256104,3.617396354675293,0.13648828864097595,2.3474133014678955,-0.0287772249430418,0.07092943042516708
20.9060001373291,-14.753999710083008,1.1435924768447876,2.5894789695739746,0.06864310055971146,0.02191225439310074,-0.04614594206213951,0.5944928526878357
20.9060001373291,-14.753999710083008,1.0845688581466675,5.836079120635986,0.05452783405780792,0.04197494313120842,-0.08175500482320786,0.334577739238739
20.9060001373291,-13.753999710083008,0.8629294037818909,3.308422565460205,0.19868528842926025,2.2171127796173096,-0.032871171832084656,0.07204066962003708
20.9060001373291,-13.753999710083008,1.1457109451293945,2.59664249420166,0.07192851603031158,0.02014923095703125,0.0674016922712326,0.48878714442253113
20.9060001373291,-13.753999710083008,1.0587199926376343,5.785407543182373,0.05656445398926735,0.04981069639325142,-0.048222824931144714,0.4391721487045288
20.9060001373291,-12.753999710083008,0.8463810086250305,4.707976818084717,0.12236188352108002,1.8925843238830566,-0.04670701548457146,0.13132739067077637
20.9060001373291,-12.753999710083008,1.0465868711471558,2.545607566833496,0.06764070689678192,0.016902929171919823,0.14916691184043884,0.48613908886909485
20.9060001373291,-12.753999710083008,1.087199091911316,5.675798416137695,0.05701974406838417,0.0338139683008194,-0.006607917137444019,0.3825334906578064
20.9060001373291,-11.753999710083008,0.816835880279541,5.485683917999268,0.3203038275241852,1.0176043510437012,0.11684814840555191,0.1041516587138176
20.9060001373291,-11.753999710083008,0.5765211582183838,2.0108323097229004,0.028981566429138184,0.7238366603851318,-0.14083486795425415,0.8208742141723633
20.9060001373291,-11.753999710083008,0.6305979490280151,5.708727836608887,0.024921445176005363,0.8722003102302551,-0.0017261916073039174,0.07497406750917435
20.9060001373291,-10.753999710083008,1.0012526512145996,0.47447896003723145,0.188783660531044,1.2005351781845093,0.04111258685588837,0.16843947768211365
20.9060001373291,-10.753999710083008,0.7639274597167969,1.8189833164215088,0.14800897240638733,2.9759225845336914,0.2210085093975067,0.5503745675086975
20.9060001373291,-10.753999710083008,0.9568513035774231,0.48540160059928894,0.10319581627845764,0.38266614079475403,-0.256632000207901,0.28118592500686646
21.9060001373291,-19.753999710083008,0.7531565427780151,2.0547847747802734,0.19406820833683014,0.33437222242355347,0.052143629640340805,0.11614992469549179
21.9060001373291,-19.753999710083008,0.1873944252729416,2.7800891399383545,0.09242062270641327,10.124194145202637,0.06705030053853989,0.0037374719977378845
21.9060001373291,-19.753999710083008,0.5029100179672241,3.7796761989593506,0.01195218414068222,0.10188082605600357,0.06287644058465958,0.8801125288009644
21.9060001373291,-18.753999710083008,0.8052264451980591,4.709202766418457,0.24897411465644836,0.7650790214538574,0.054059162735939026,0.1511581987142563
21.9060001373291,-18.753999710083008,0.4576682448387146,2.4396238327026367,0.058540381491184235,1.5191696882247925,0.025619307532906532,0.2329142838716507
21.9060001373291,-18.753999710083008,0.6281595230102539,4.451210021972656,0.02263905480504036,0.530676543712616,0.1969706118106842,0.6159275770187378
21.9060001373291,-17.753999710083008,0.8981342315673828,4.111546993255615,0.18225866556167603,0.6125702857971191,0.011425306089222431,0.4335353374481201
21.9060001373291,-17.753999710083008,0.4214591681957245,2.424111843109131,0.029704701155424118,1.3371869325637817,0.22595016658306122,0.3681625723838806
21.9060001373291,-17.753999710083008,0.5758560299873352,4.564631938934326,0.01970406249165535,0.5261837244033813,0.15042905509471893,0.19830207526683807
21.9060001373291,-16.753999710083008,0.8097464442253113,4.354773998260498,0.07042209059000015,1.4453221559524536,0.05591177940368652,0.22681953012943268
21.9060001373291,-16.753999710083008,0.8064960241317749,2.516711473464966,0.09064275026321411,0.18164967000484467,0.2028258591890335,0.6211345195770264
21.9060001373291,-16.753999710083008,0.8784957528114319,5.325587272644043,0.07397444546222687,0.14931431412696838,-0.031244194135069847,0.15204593539237976
21.9060001373291,-15.753999710083008,1.028002381324768,3.0653998851776123,0.3918348252773285,2.2105307579040527,0.058542970567941666,0.04546676203608513
21.9060001373291,-15.753999710083008,1.0700459480285645,2.6614675521850586,0.06173495575785637,0.03166855126619339,0.049954671412706375,0.6674723029136658
21.9060001373291,-15.753999710083008,1.193267583847046,5.856320858001709,0.07043559104204178,0.0357452817261219,-0.1236722469329834,0.28706085681915283
21.9060001373291,-14.753999710083008,0.881831705570221,3.3219926357269287,0.1997000277042389,2.7368948459625244,0.02295742742717266,0.04392484948039055
21.9060001373291,-14.753999710083008,1.2325516939163208,2.668241024017334,0.07905831933021545,0.020600399002432823,-0.005037697963416576,0.5597545504570007
21.9060001373291,-14.753999710083008,1.1560312509536743,5.853214740753174,0.058618929237127304,0.04041212797164917,-0.044798754155635834,0.39632055163383484
21.9060001373291,-13.753999710083008,0.7768986225128174,3.4025912284851074,0.09666501730680466,2.511220693588257,0.004782488103955984,0.05300122871994972
21.9060001373291,-13.753999710083008,1.2684109210968018,2.6262152194976807,0.10840848088264465,0.016488218680024147,0.15357080101966858,0.4194163680076599
21.9060001373291,-13.753999710083008,1.1194965839385986,5.793782711029053,0.052904561161994934,0.03291802480816841,-0.005094465799629688,0.5275823473930359
21.9060001373291,-12.753999710083008,0.8261117339134216,1.659967303276062,0.0682385042309761,1.65298330783844,-0.1120554506778717,0.6671948432922363
21.9060001373291,-12.753999710083008,0.7116326093673706,2.2083191871643066,0.07558286190032959,0.11962375789880753,0.16464318335056305,0.19754350185394287
21.9060001373291,-12.753999710083008,0.7668519020080566,5.774488925933838,0.05627856031060219,0.1822666972875595,-0.03995470330119133,0.135261669754982
21.9060001373291,-11.753999710083008,0.8832736611366272,0.6741573810577393,0.6739598512649536,1.259960412979126,0.050093069672584534,0.00891653448343277
21.9060001373291,-11.753999710083008,0.5597556829452515,1.0764341354370117,0.02193331904709339,0.4787406623363495,0.009120738133788109,0.9903973340988159
21.9060001373291,-11.753999710083008,0.747120201587677,0.7981995940208435,0.16154541075229645,20.048994064331055,-0.021404603496193886,0.0006860323483124375
21.9060001373291,-10.753999710083008,1.0896798372268677,1.6032445430755615,0.8156647682189941,2.3808529376983643,-0.019201895222067833,0.0010537928901612759
21.9060001373291,-10.753999710083008,0.8877304196357727,1.8599228858947754,0.14245344698429108,2.504915475845337,0.11475130915641785,0.718007504940033
21.9060001373291,-10.753999710083008,0.8049525022506714,5.526912689208984,0.06123257055878639,0.6765605807304382,-0.10953033715486526,0.2809387147426605
22.9060001373291,-19.753999710083008,0.7555265426635742,3.9465417861938477,0.09345711767673492,1.120405673980713,-0.021809851750731468,0.6166989207267761
22.9060001373291,-19.753999710083008,0.4505857229232788,2.004028081893921,0.06990917026996613,0.6791224479675293,0.25470128655433655,0.17938773334026337
22.9060001373291,-19.753999710083008,0.6232137680053711,4.817301273345947,0.02589338831603527,0.14543011784553528,0.12230542302131653,0.2039133757352829
22.9060001373291,-18.753999710083008,0.8530172109603882,4.909936428070068,0.1777367889881134,0.6534027457237244,-0.012660784646868706,0.10617618262767792
22.9060001373291,-18.753999710083008,0.48695433139801025,2.0396337509155273,0.03062519244849682,2.6174068450927734,-0.08813082426786423,0.1505483239889145
22.9060001373291,-18.753999710083008,0.6716697216033936,4.720392227172852,0.014048291370272636,0.26332512497901917,0.0648481696844101,0.74327552318573
22.9060001373291,-17.753999710083008,0.8991994261741638,4.3375444412231445,0.13926629722118378,1.074070930480957,0.06431259214878082,0.18619585037231445
22.9060001373291,-17.753999710083008,0.5838747620582581,2.754727840423584,0.04419877752661705,1.182379961013794,0.3363393545150757,0.7343118190765381
22.9060001373291,-17.753999710083008,0.6704118251800537,4.783744812011719,0.02558087557554245,0.17208139598369598,-0.009983005933463573,0.07949229329824448
22.9060001373291,-16.753999710083008,0.8943546414375305,4.588356018066406,0.10561709105968475,1.6905049085617065,-0.040159571915864944,0.18218795955181122
22.9060001373291,-16.753999710083008,1.0139728784561157,2.5713183879852295,0.10500313341617584,0.06704077124595642,0.24951942265033722,0.4903905391693115
22.9060001373291,-16.753999710083008,1.025617241859436,5.806692600250244,0.07103576511144638,0.04973173514008522,-0.07358767092227936,0.32742151618003845
22.9060001373291,-15.753999710083008,1.0304034948349,2.916910409927368,0.4050191342830658,2.091120481491089,0.02435525506734848,0.05276377126574516
22.9060001373291,-15.753999710083008,1.0910593271255493,2.6514053344726562,0.05977616831660271,0.022900007665157318,0.02592463232576847,0.602055013179779
22.9060001373291,-15.753999710083008,1.1738390922546387,5.905678749084473,0.06666876375675201,0.04115873575210571,-0.08044290542602539,0.34518125653266907
22.9060001373291,-14.753999710083008,0.8917331099510193,2.6776368618011475,0.21112985908985138,1.7970998287200928,0.043649885803461075,0.08174118399620056
22.9060001373291,-14.753999710083008,1.1891487836837769,2.645322561264038,0.07770688086748123,0.022079933434724808,0.07803596556186676,0.48135414719581604
22.9060001373291,-14.753999710083008,1.247801423072815,5.895004749298096,0.07854102551937103,0.03176632523536682,-0.00665680319070816,0.4369046092033386
22.9060001373291,-13.753999710083008,0.7105230093002319,4.0833868980407715,0.06688697636127472,2.5130956172943115,0.04117589071393013,0.14565999805927277
22.9060001373291,-13.753999710083008,1.1220701932907104,2.639225959777832,0.1260547786951065,0.026993267238140106,0.1671309471130371,0.43297314643859863
22.9060001373291,-13.753999710083008,1.148536205291748,5.859110355377197,0.07463662326335907,0.028210774064064026,0.061655785888433456,0.42136678099632263
22.9060001373291,-12.753999710083008,0.9204269051551819,0.7565791010856628,0.10867077857255936,1.3518468141555786,-0.07636260986328125,0.6443229913711548
22.9060001373291,-12.753999710083008,0.6300921440124512,1.8373359441757202,0.0793382078409195,0.738619327545166,-0.09510082751512527,0.28050529956817627
22.9060001373291,-12.753999710083008,0.7356959581375122,5.425072193145752,0.12316223233938217,1.680168628692627,-0.014590173028409481,0.07517173141241074
22.9060001373291,-11.753999710083008,0.7984573245048523,5.71147346496582,0.315607488155365,0.5830515027046204,0.3587510883808136,0.0004239800327923149
22.9060001373291,-11.753999710083008,0.7861848473548889,0.6969975233078003,0.018193429335951805,0.04249735176563263,0.32323071360588074,0.9995757937431335
22.9060001373291,-11.753999710083008,0.7247127294540405,0.48787036538124084,0.8985157012939453,10.00023365020752,0.12795071303844452,2.825701699293859e-07
23.9060001373291,-20.753999710083008,0.7397992610931396,4.399571418762207,0.01082749292254448,0.3395055830478668,-0.0935010313987732,0.990780770778656
23.9060001373291,-20.753999710083008,0.7712860107421875,0.6297834515571594,0.3953832983970642,1.8991676568984985,-0.294386088848114,0.0017228667857125401
23.9060001373291,-20.753999710083008,0.9672978520393372,5.554562568664551,0.07369187474250793,0.33806848526000977,-0.13335201144218445,0.007496288977563381
23.9060001373291,-19.753999710083008,0.7590949535369873,4.324477195739746,0.06371135264635086,2.131772041320801,-0.075033038854599,0.5187018513679504
23.9060001373291,-19.753999710083008,0.5067958235740662,1.3907442092895508,0.06552130728960037,0.9816789031028748,0.30596446990966797,0.1960107833147049
23.9060001373291,-19.753999710083008,0.6209282875061035,5.78899621963501,0.020205456763505936,0.14124329388141632,-0.06053609773516655,0.2852873206138611
23.9060001373291,-18.753999710083008,0.6949108839035034,5.538737773895264,0.03608578443527222,0.6466130018234253,-0.035824112594127655,0.713624119758606
23.9060001373291,-18.753999710083008,0.6619285941123962,1.792738914489746,0.07493611425161362,0.6044398546218872,-0.12324658036231995,0.17873142659664154
23.9060001373291,-18.753999710083008,0.8274866342544556,5.566016674041748,0.072475865483284,0.38623711466789246,-0.13471512496471405,0.10764443129301071
23.9060001373291,-17.753999710083008,0.9018848538398743,4.371811389923096,0.07966236770153046,1.571945071220398,-0.0293242447078228,0.2992907166481018
23.9060001373291,-17.753999710083008,1.0366414785385132,2.6372857093811035,0.12949296832084656,0.3310483694076538,0.35833513736724854,0.5733323693275452
23.9060001373291,-17.753999710083008,0.9972578287124634,5.726335048675537,0.07893139123916626,0.07372194528579712,-0.23679855465888977,0.12737682461738586
23.9060001373291,-16.753999710083008,0.9376217126846313,2.614877223968506,0.26056984066963196,2.1947405338287354,0.014957585372030735,0.07442982494831085
23.9060001373291,-16.753999710083008,1.1205238103866577,2.6757888793945312,0.06650042533874512,0.01922503672540188,0.09674327820539474,0.624035120010376
23.9060001373291,-16.753999710083008,1.079585313796997,5.907817840576172,0.05450993403792381,0.03309636190533638,-0.07764200121164322,0.30153512954711914
23.9060001373291,-15.753999710083008,1.0732276439666748,2.6093547344207764,0.7170503735542297,2.2418508529663086,0.04192032292485237,0.028366707265377045
23.9060001373291,-15.753999710083008,1.0996962785720825,2.65315842628479,0.05439039692282677,0.02147057093679905,0.022244568914175034,0.569821834564209
23.9060001373291,-15.753999710083008,1.1223294734954834,5.937053203582764,0.0551329180598259,0.03424429893493652,-0.05417969077825546,0.40181148052215576
23.9060001373291,-14.753999710083008,0.9132225513458252,3.5238633155822754,0.1956898272037506,2.011427640914917,0.0325172021985054,0.05772397667169571
23.9060001373291,-14.753999710083008,1.0831609964370728,2.6463980674743652,0.06766945123672485,0.021521862596273422,0.10787567496299744,0.4414364993572235
23.9060001373291,-14.753999710083008,1.2909409999847412,5.909692287445068,0.08845342695713043,0.024782050400972366,0.002341301878914237,0.5008395910263062
23.9060001373291,-13.753999710083008,0.9036759734153748,5.122718811035156,0.36907923221588135,1.0612983703613281,0.0053778947331011295,0.04845922067761421
23.9060001373291,-13.753999710083008,0.48772192001342773,3.1556901931762695,0.06020980328321457,0.7956534624099731,-0.016149921342730522,0.17232154309749603
23.9060001373291,-13.753999710083008,0.5530567169189453,4.011384010314941,0.01707594469189644,0.09385690093040466,0.18714258074760437,0.7792192101478577
23.9060001373291,-12.753999710083008,1.2248209714889526,1.455393671989441,0.47656431794166565,0.5551238656044006,0.053435683250427246,0.5295623540878296
23.9060001373291,-12.753999710083008,0.7014736533164978,1.7089149951934814,0.08605039119720459,1.5664762258529663,0.05632035434246063,0.42325323820114136
23.9060001373291,-12.753999710083008,0.8186954259872437,5.75640869140625,0.2219422310590744,2.6696982383728027,-0.053562331944704056,0.047184377908706665
24.9060001373291,-19.753999710083008,0.8314084410667419,4.587560176849365,0.05371227487921715,2.113163709640503,0.03985009714961052,0.23157000541687012
24.9060001373291,-19.753999710083008,0.630395770072937,1.7806154489517212,0.20448194444179535,0.8518812656402588,0.24317336082458496,0.10691964626312256
24.9060001373291,-19.753999710083008,0.7940402030944824,5.413393974304199,0.05989137664437294,0.10927928984165192,-0.043168988078832626,0.6615104079246521
24.9060001373291,-18.753999710083008,0.6503294706344604,6.09047794342041,0.0167820043861866,1.320699691772461,0.0033810725435614586,0.613865315914154
24.9060001373291,-18.753999710083008,0.7809779644012451,2.2844245433807373,0.18957526981830597,0.9338396191596985,-0.15945129096508026,0.2541874647140503
24.9060001373291,-18.753999710083008,0.9950748682022095,5.613836765289307,0.14715930819511414,0.23897957801818848,-0.1937468945980072,0.13194723427295685
24.9060001373291,-17.753999710083008,0.8735904097557068,3.918426513671875,0.10941079258918762,1.9768089056015015,-0.07139749825000763,0.24583080410957336
24.9060001373291,-17.753999710083008,1.093011498451233,2.8465542793273926,0.10982091724872589,0.06783667206764221,0.18412823975086212,0.5129407644271851
24.9060001373291,-17.753999710083008,1.1347838640213013,5.991849899291992,0.08503076434135437,0.04341229051351547,-0.1886373609304428,0.2412283718585968
24.9060001373291,-16.753999710083008,1.0410354137420654,2.4321465492248535,0.506604015827179,1.9919021129608154,0.007199492305517197,0.04498035088181496
24.9060001373291,-16.753999710083008,1.2656750679016113,2.693089246749878,0.07607457041740417,0.014879344031214714,0.01719626784324646,0.6363562345504761
24.9060001373291,-16.753999710083008,1.1228188276290894,5.924008846282959,0.05350775644183159,0.03244898095726967,-0.032335180789232254,0.31866347789764404
24.9060001373291,-15.753999710083008,1.0598335266113281,3.0321097373962402,0.5941638946533203,2.1959943771362305,0.02504703588783741,0.04546951875090599
24.9060001373291,-15.753999710083008,1.1740808486938477,2.657005786895752,0.0697820633649826,0.018452012911438942,0.03249316290020943,0.5104040503501892
24.9060001373291,-15.753999710083008,1.079323410987854,5.920466423034668,0.04841354861855507,0.03236749395728111,-0.04013197124004364,0.4441264271736145
24.9060001373291,-14.753999710083008,0.8630468249320984,4.131892681121826,0.14253947138786316,2.6380715370178223,0.031448766589164734,0.0569663904607296
24.9060001373291,-14.753999710083008,1.0908732414245605,2.6895651817321777,0.07067233324050903,0.018066994845867157,0.05590839684009552,0.46503469347953796
24.9060001373291,-14.753999710083008,1.1587470769882202,5.936285018920898,0.06767622381448746,0.02577611245214939,0.024222219362854958,0.47799888253211975
24.9060001373291,-13.753999710083008,1.112159013748169,0.5863723754882812,0.7191565632820129,1.2002779245376587,0.031777068972587585,0.12886108458042145
24.9060001373291,-13.753999710083008,0.6825789213180542,1.4309090375900269,0.07068488746881485,0.7621380090713501,0.1889747977256775,0.39676085114479065
24.9060001373291,-13.753999710083008,0.6312757134437561,0.09476247429847717,0.024841774255037308,0.17602130770683289,-0.013673226349055767,0.4743780791759491
24.9060001373291,-12.753999710083008,1.149599552154541,0.9217848777770996,0.37574484944343567,0.32544589042663574,0.081178680062294,0.1642882525920868
24.9060001373291,-12.753999710083008,0.7368343472480774,1.411458969116211,0.06987042725086212,0.3306521475315094,0.1394377052783966,0.8175927400588989
24.9060001373291,-12.753999710083008,0.8775684833526611,0.2978357672691345,0.3470381498336792,1.3343795537948608,-0.018322020769119263,0.018118966370821
25.9060001373291,-19.753999710083008,0.7558616995811462,3.606184244155884,0.07193956524133682,1.6674822568893433,0.13672591745853424,0.16863828897476196
25.9060001373291,-19.753999710083008,0.6209310293197632,2.1793789863586426,0.17381985485553741,0.5734074711799622,0.15732082724571228,0.04966425895690918
25.9060001373291,-19.753999710083008,0.7525333166122437,5.06204080581665,0.034190595149993896,0.09675201028585434,0.14884954690933228,0.7816974520683289
25.9060001373291,-18.753999710083008,0.6637302041053772,5.24899435043335,0.029313700273633003,1.662492275238037,0.025991491973400116,0.45942962169647217
25.9060001373291,-18.753999710083008,0.6336818933486938,2.831533908843994,0.10626012831926346,1.1342997550964355,-0.05902738496661186,0.3140876293182373
25.9060001373291,-18.753999710083008,0.8521527051925659,5.547758102416992,0.06651145964860916,0.12802745401859283,-0.1033620685338974,0.22648267447948456
25.9060001373291,-17.753999710083008,0.8931521773338318,3.310612916946411,0.17376241087913513,2.4735498428344727,-0.03631024435162544,0.07544831186532974
25.9060001373291,-17.753999710083008,1.1304891109466553,2.8193345069885254,0.08477186411619186,0.038000140339136124,0.14749185740947723,0.6155476570129395
25.9060001373291,-17.753999710083008,1.1830509901046753,5.960752010345459,0.07225286960601807,0.04035314917564392,-0.14240539073944092,0.3090040385723114
25.9060001373291,-16.753999710083008,1.091801404953003,3.412712812423706,0.4971146285533905,2.222621440887451,-0.030386537313461304,0.0393507219851017
25.9060001373291,-16.753999710083008,1.2351007461547852,2.7199456691741943,0.06528358906507492,0.01950318180024624,-0.00044893001904711127,0.5978739857673645
25.9060001373291,-16.753999710083008,1.2461730241775513,5.914052486419678,0.06651664525270462,0.02976222150027752,-0.07203718274831772,0.3627752959728241
25.9060001373291,-15.753999710083008,1.0790624618530273,3.461960554122925,0.48143377900123596,2.0525155067443848,0.035770054906606674,0.04983936622738838
25.9060001373291,-15.753999710083008,1.2708840370178223,2.704650640487671,0.08082770556211472,0.01776234619319439,0.03968600183725357,0.470938503742218
25.9060001373291,-15.753999710083008,1.2220767736434937,5.928023815155029,0.06057262793183327,0.029835911467671394,0.016068456694483757,0.4792221188545227
25.9060001373291,-14.753999710083008,0.7938753962516785,4.594013690948486,0.07917275279760361,2.843909978866577,0.00013399009185377508,0.10497599840164185
25.9060001373291,-14.753999710083008,1.0908427238464355,2.6468324661254883,0.08509229123592377,0.021654656156897545,0.08001411706209183,0.4674699008464813
25.9060001373291,-14.753999710083008,1.0214041471481323,5.983957290649414,0.04994671419262886,0.03136936202645302,0.052283044904470444,0.42755410075187683
25.9060001373291,-13.753999710083008,1.054469108581543,0.9886984825134277,0.33349907398223877,0.6210638880729675,-0.13243898749351501,0.14155276119709015
25.9060001373291,-13.753999710083008,0.7692501544952393,1.0623021125793457,0.03566168248653412,0.345813125371933,0.5364221334457397,0.6256850361824036
25.9060001373291,-13.753999710083008,0.7140805721282959,1.2513624429702759,0.050460584461688995,0.18323886394500732,0.156899094581604,0.2327622026205063
25.9060001373291,-12.753999710083008,1.1888399124145508,0.9426531195640564,0.265550434589386,0.5985090136528015,0.047671202570199966,0.030846355482935905
25.9060001373291,-12.753999710083008,0.9880926609039307,1.2681940793991089,0.10173271596431732,0.07442418485879898,-0.026473192498087883,0.9676480889320374
25.9060001373291,-12.753999710083008,0.9092218279838562,6.037056922912598,0.22631025314331055,0.8754249215126038,0.02072642184793949,0.0015056052943691611
26.9060001373291,-19.753999710083008,1.080479383468628,3.866152048110962,0.6429172158241272,1.1355993747711182,0.03229231759905815,0.0003169866686221212
26.9060001373291,-19.753999710083008,0.49954086542129517,1.2323613166809082,0.11531040072441101,5.752695083618164,0.0736674815416336,4.594552956405096e-05
26.9060001373291,-19.753999710083008,0.8746176958084106,5.47576379776001,0.007530298084020615,0.032993171364068985,0.014517873525619507,0.9996370077133179
26.9060001373291,-18.753999710083008,0.7005345225334167,3.2228620052337646,0.030577024444937706,1.0690100193023682,0.14739388227462769,0.6775405406951904
26.9060001373291,-18.753999710083008,0.608428418636322,3.040701389312744,0.09046860784292221,1.8437042236328125,-0.027016153559088707,0.18138042092323303
26.9060001373291,-18.753999710083008,0.7257675528526306,5.414660453796387,0.034897178411483765,0.14570088684558868,-0.014824333600699902,0.14107902348041534
26.9060001373291,-17.753999710083008,1.0846490859985352,3.333484649658203,0.6496545672416687,2.2709972858428955,0.021258322522044182,0.031126832589507103
26.9060001373291,-17.753999710083008,1.137607216835022,2.832226514816284,0.0857776328921318,0.0534915030002594,0.03994395211338997,0.6598809361457825
26.9060001373291,-17.753999710083008,1.2068345546722412,5.9432196617126465,0.0801934078335762,0.049713052809238434,-0.10300503671169281,0.3089921772480011
26.9060001373291,-16.753999710083008,1.159121036529541,3.933535099029541,0.6711392402648926,2.0591347217559814,0.009426543489098549,0.031320951879024506
26.9060001373291,-16.753999710083008,1.131113052368164,2.749941110610962,0.06010549142956734,0.028977947309613228,0.04424366354942322,0.5777230262756348
26.9060001373291,-16.753999710083008,1.3293386697769165,5.898843288421631,0.0860721617937088,0.025521492585539818,-0.0628582239151001,0.39095595479011536
26.9060001373291,-15.753999710083008,1.0296167135238647,1.9004921913146973,0.356586754322052,1.874407172203064,0.07289217412471771,0.039496541023254395
26.9060001373291,-15.753999710083008,1.189857006072998,2.7161688804626465,0.06067170575261116,0.01805245690047741,-0.04224531725049019,0.4753588140010834
26.9060001373291,-15.753999710083008,1.3488123416900635,5.937104225158691,0.08213822543621063,0.021805740892887115,0.0028474556747823954,0.48514464497566223
26.9060001373291,-14.753999710083008,0.7036943435668945,0.8302883505821228,0.032739460468292236,1.5236183404922485,-0.13379788398742676,0.6856546998023987
26.9060001373291,-14.753999710083008,0.9960083961486816,2.1474249362945557,0.14556756615638733,0.07338349521160126,0.09604527801275253,0.1658092588186264
26.9060001373291,-14.753999710083008,1.0491597652435303,5.935324668884277,0.09571431577205658,0.07055740803480148,0.05472124367952347,0.14853602647781372
26.9060001373291,-13.753999710083008,1.025559663772583,0.7013582587242126,0.220457524061203,0.43435385823249817,-0.18334874510765076,0.22903217375278473
26.9060001373291,-13.753999710083008,0.8474899530410767,0.8014945983886719,0.027725229039788246,0.36185595393180847,0.6312056183815002,0.4828687906265259
26.9060001373291,-13.753999710083008,0.7816057205200195,1.5695087909698486,0.05665816366672516,0.21547316014766693,0.2447759211063385,0.2880990505218506
27.9060001373291,-19.753999710083008,0.8008483052253723,2.7487971782684326,0.06702801585197449,0.18888288736343384,-0.1718710958957672,0.002039543120190501
27.9060001373291,-19.753999710083008,0.2469220608472824,2.0804929733276367,0.24490779638290405,52.83065414428711,0.04762815684080124,3.8651566569569695e-07
27.9060001373291,-19.753999710083008,0.4491606652736664,4.62601375579834,0.002994388807564974,0.06280047446489334,-0.25317665934562683,0.997960090637207
27.9060001373291,-18.753999710083008,0.6900637149810791,4.326452732086182,0.03731144964694977,1.8035160303115845,0.01597585529088974,0.5573863983154297
27.9060001373291,-18.753999710083008,0.6561300754547119,2.7458646297454834,0.07176390290260315,0.6327453255653381,0.14363418519496918,0.30694180727005005
27.9060001373291,-18.753999710083008,0.8774451017379761,6.007110118865967,0.04898753762245178,0.11275730282068253,-0.060274723917245865,0.13567185401916504
27.9060001373291,-17.753999710083008,0.9500817060470581,5.105009078979492,0.19720757007598877,2.1384077072143555,-0.03301408141851425,0.046375636011362076
27.9060001373291,-17.753999710083008,1.140881061553955,2.7767233848571777,0.06893987953662872,0.033526819199323654,0.07702795416116714,0.6308524012565613
27.9060001373291,-17.753999710083008,1.1493028402328491,5.993061542510986,0.05957859754562378,0.03264173865318298,-0.06400241702795029,0.32277193665504456
27.9060001373291,-16.753999710083008,1.0685179233551025,3.548679828643799,0.49036410450935364,2.1287386417388916,0.04334595426917076,0.03595449775457382
27.9060001373291,-16.753999710083008,1.059765100479126,2.7479069232940674,0.060728348791599274,0.033447347581386566,0.021020211279392242,0.5348472595214844
27.9060001373291,-16.753999710083008,1.1934630870819092,5.973114013671875,0.06815558671951294,0.03299233689904213,-0.06209729239344597,0.4291982352733612
27.9060001373291,-15.753999710083008,0.8443916440010071,2.5099239349365234,0.10549043118953705,1.8582684993743896,0.08207807689905167,0.04915834590792656
27.9060001373291,-15.753999710083008,1.1147732734680176,2.773759126663208,0.06693534553050995,0.0262766070663929,-0.026940803974866867,0.3923494219779968
27.9060001373291,-15.753999710083008,1.3080799579620361,5.965092658996582,0.07922462373971939,0.019411062821745872,0.03916211426258087,0.558492124080658
27.9060001373291,-14.753999710083008,0.8605777621269226,2.4898996353149414,0.38513362407684326,1.4935728311538696,-0.10131534188985825,0.07727568596601486
27.9060001373291,-14.753999710083008,0.6362722516059875,1.5369688272476196,0.051082659512758255,0.43966245651245117,-0.160831019282341,0.9218471646308899
27.9060001373291,-14.753999710083008,0.7819455862045288,5.344849586486816,0.14797472953796387,3.7538247108459473,0.08487308770418167,0.0008771768771111965
28.9060001373291,-20.753999710083008,1.3828299045562744,5.103721618652344,3.7713656425476074,0.48451894521713257,-0.11974204331636429,0.4352159798145294
28.9060001373291,-20.753999710083008,0.19962483644485474,2.1032581329345703,0.00486355135217309,0.4690626561641693,0.07018611580133438,0.45931145548820496
28.9060001373291,-20.753999710083008,0.32273802161216736,2.84332275390625,0.013654692098498344,5.428889751434326,0.42154574394226074,0.10547257959842682
28.9060001373291,-19.753999710083008,0.8382868766784668,4.383350849151611,0.12520010769367218,0.25123417377471924,-0.09411757439374924,0.6506492495536804
28.9060001373291,-19.753999710083008,0.3261564373970032,2.8455545902252197,0.057738397270441055,1.7329248189926147,0.33650416135787964,0.012936752289533615
28.9060001373291,-19.753999710083008,0.3945564031600952,4.30141544342041,0.01839103363454342,0.14897873997688293,0.028739890083670616,0.33641400933265686
28.9060001373291,-18.753999710083008,0.727695882320404,4.994378089904785,0.06824669241905212,1.7683700323104858,-0.004748739767819643,0.1638556271791458
28.9060001373291,-18.753999710083008,1.0061863660812378,2.7264976501464844,0.17631709575653076,0.1284942924976349,0.10625427961349487,0.5599680542945862
28.9060001373291,-18.753999710083008,1.151538372039795,6.036029815673828,0.14984361827373505,0.06806503236293793,-0.18716207146644592,0.276176393032074
28.9060001373291,-17.753999710083008,0.9150038361549377,4.176393508911133,0.10875862091779709,1.9987984895706177,-0.0268249548971653,0.040740061551332474
28.9060001373291,-17.753999710083008,1.2965691089630127,2.768707036972046,0.09752897918224335,0.03602895140647888,0.03927768021821976,0.6713669896125793
28.9060001373291,-17.753999710083008,1.1808302402496338,5.968640327453613,0.07206346839666367,0.037311896681785583,-0.11626001447439194,0.2878928780555725
28.9060001373291,-16.753999710083008,0.8978909254074097,3.744140148162842,0.2275322526693344,2.265235185623169,0.0790829211473465,0.0471552349627018
28.9060001373291,-16.753999710083008,1.0657349824905396,2.7698700428009033,0.07180528342723846,0.038092534989118576,-0.010387949645519257,0.4703405499458313
28.9060001373291,-16.753999710083008,1.1480457782745361,5.994232177734375,0.06637965142726898,0.028689099475741386,-0.02939681150019169,0.4825042188167572
28.9060001373291,-15.753999710083008,0.783646285533905,5.238759994506836,0.06516647338867188,2.129884958267212,0.046500470489263535,0.15701811015605927
28.9060001373291,-15.753999710083008,0.9736369848251343,2.733006000518799,0.05540391430258751,0.036838989704847336,0.11278455704450607,0.5591055750846863
28.9060001373291,-15.753999710083008,1.2050328254699707,6.009756088256836,0.06952305138111115,0.023770436644554138,0.0054881083779037,0.2838762402534485
28.9060001373291,-14.753999710083008,1.197105050086975,0.014351733028888702,1.1332489252090454,1.0265309810638428,-0.014698050916194916,0.07603666186332703
28.9060001373291,-14.753999710083008,0.7301931381225586,1.5449217557907104,0.03630826622247696,0.21934443712234497,-0.3707701563835144,0.9208776354789734
28.9060001373291,-14.753999710083008,0.9086121916770935,5.371468544006348,0.10658947378396988,2.4031195640563965,0.17136675119400024,0.003085658187046647
29.9060001373291,-21.753999710083008,1.0420637130737305,4.816137313842773,0.1029987782239914,0.09370403736829758,-0.3435938358306885,0.9057989716529846
29.9060001373291,-21.753999710083008,0.5550604462623596,3.2424423694610596,0.11587454378604889,1.4025359153747559,0.38169142603874207,0.00044378518941812217
29.9060001373291,-21.753999710083008,0.5539186596870422,3.5883636474609375,0.006182660348713398,0.2219090759754181,0.1299447864294052,0.09375716745853424
29.9060001373291,-20.753999710083008,1.1651979684829712,3.2365620136260986,0.36498913168907166,0.9592859745025635,-0.036073796451091766,0.2617926597595215
29.9060001373291,-20.753999710083008,0.46501463651657104,3.8246383666992188,0.008130562491714954,0.22798404097557068,0.004325103480368853,0.3975955545902252
29.9060001373291,-20.753999710083008,0.5224751234054565,3.551229953765869,0.008384027518332005,0.7911326289176941,0.2638162672519684,0.3406117558479309
29.9060001373291,-19.753999710083008,0.8112781643867493,5.6589131355285645,0.12580692768096924,0.9446662068367004,0.008068732917308807,0.5449719429016113
29.9060001373291,-19.753999710083008,0.6300306916236877,1.8620086908340454,0.1174347773194313,1.4755719900131226,0.10500870645046234,0.11791747063398361
29.9060001373291,-19.753999710083008,0.6926631331443787,5.565140724182129,0.04318729043006897,0.28362610936164856,-0.08219917863607407,0.33711063861846924
29.9060001373291,-18.753999710083008,0.9443738460540771,4.192183971405029,0.1834438294172287,1.6204683780670166,-0.07888203114271164,0.07727277278900146
29.9060001373291,-18.753999710083008,1.3547520637512207,2.7172749042510986,0.17272032797336578,0.02824440971016884,0.21496514976024628,0.5749477744102478
29.9060001373291,-18.753999710083008,1.2337112426757812,5.9426469802856445,0.089743472635746,0.038876235485076904,-0.040032994002103806,0.34777939319610596
29.9060001373291,-17.753999710083008,1.1268633604049683,3.5116934776306152,0.5634429454803467,1.71583092212677,-0.011498451232910156,0.02048027701675892
29.9060001373291,-17.753999710083008,1.2824589014053345,2.7166731357574463,0.09628821909427643,0.02026328071951866,0.039292942732572556,0.5479094982147217
29.9060001373291,-17.753999710083008,1.1497265100479126,6.034911155700684,0.057112790644168854,0.03522409126162529,-0.09096595644950867,0.4316103160381317
29.9060001373291,-16.753999710083008,1.0455095767974854,2.0509581565856934,0.4816351532936096,2.4915106296539307,0.09582565724849701,0.031110232695937157
29.9060001373291,-16.753999710083008,1.224134922027588,2.720055103302002,0.08950556069612503,0.022311514243483543,-0.008198113180696964,0.3791584372520447
29.9060001373291,-16.753999710083008,1.1245801448822021,5.9974493980407715,0.04903702437877655,0.03111972287297249,-0.04441920667886734,0.5897313952445984
29.9060001373291,-15.753999710083008,0.7265189290046692,5.159167289733887,0.041491538286209106,2.1513917446136475,0.07255714386701584,0.34766989946365356
29.9060001373291,-15.753999710083008,0.680679440498352,2.6672754287719727,0.06187562271952629,0.2674611806869507,0.13712753355503082,0.5573108196258545
29.9060001373291,-15.753999710083008,0.9341941475868225,5.91926383972168,0.07813038676977158,0.06783463060855865,-0.10671327263116837,0.09501928836107254
29.9060001373291,-14.753999710083008,0.9752954244613647,1.3119710683822632,1.2749747037887573,1.592342734336853,-0.08419672399759293,0.011110029183328152
29.9060001373291,-14.753999710083008,0.5297905802726746,1.4221526384353638,0.03505454212427139,0.13712823390960693,-0.20986954867839813,0.9884372353553772
29.9060001373291,-14.753999710083008,0.6906213164329529,4.671945571899414,0.17940427362918854,7.576151371002197,0.3271273076534271,0.00045267760287970304
30.9060001373291,-21.753999710083008,1.1022406816482544,3.8979289531707764,0.26594510674476624,0.19506363570690155,-0.2526353597640991,0.629431426525116
30.9060001373291,-21.753999710083008,0.6964558959007263,3.0180110931396484,0.1567314714193344,1.4036160707473755,0.3461674749851227,0.002447928301990032
30.9060001373291,-21.753999710083008,0.6170055270195007,4.419129848480225,0.011260980740189552,0.18449388444423676,0.1926100105047226,0.36812061071395874
30.9060001373291,-20.753999710083008,0.9952288866043091,4.347877025604248,0.2797277867794037,2.9912610054016113,0.25293123722076416,0.252176433801651
30.9060001373291,-20.753999710083008,0.5911104679107666,3.4055912494659424,0.028256870806217194,0.24222663044929504,0.026910487562417984,0.6595694422721863
30.9060001373291,-20.753999710083008,0.6733223795890808,5.981640338897705,0.027067881077528,0.45267537236213684,-0.13787540793418884,0.08825407922267914
30.9060001373291,-19.753999710083008,0.9479586482048035,4.786997318267822,0.07168181985616684,1.6064965724945068,-0.0248047336935997,0.27507486939430237
30.9060001373291,-19.753999710083008,1.2351349592208862,2.9418420791625977,0.3473953306674957,0.2726026773452759,0.06181170418858528,0.5491330623626709
30.9060001373291,-19.753999710083008,1.3925925493240356,5.807687282562256,0.23520569503307343,0.05894002318382263,-0.0975724533200264,0.17579209804534912
30.9060001373291,-18.753999710083008,1.1534333229064941,2.5106687545776367,0.49479734897613525,1.3567936420440674,-0.043462809175252914,0.08961357921361923
30.9060001373291,-18.753999710083008,1.4299942255020142,2.758237838745117,0.17355976998806,0.024229951202869415,0.0938725546002388,0.5739348530769348
30.9060001373291,-18.753999710083008,1.3847495317459106,5.882463455200195,0.10344276577234268,0.026009822264313698,-0.056489087641239166,0.33645156025886536
30.9060001373291,-17.753999710083008,1.2557584047317505,3.1198158264160156,0.9639760851860046,2.0343124866485596,0.02874062769114971,0.07802136987447739
30.9060001373291,-17.753999710083008,1.36341392993927,2.753502368927002,0.14148873090744019,0.02719755843281746,0.04395567253232002,0.5042257308959961
30.9060001373291,-17.753999710083008,1.3144272565841675,5.912789821624756,0.07739317417144775,0.027062267065048218,-0.013471705839037895,0.4177529513835907
30.9060001373291,-16.753999710083008,0.9047556519508362,2.164731979370117,0.18460659682750702,2.0493948459625244,0.05945517122745514,0.061887986958026886
30.9060001373291,-16.753999710083008,1.3022468090057373,2.7250115871429443,0.12661710381507874,0.020916646346449852,0.10597246885299683,0.3046852648258209
30.9060001373291,-16.753999710083008,1.1772983074188232,6.022915840148926,0.06103871017694473,0.028104931116104126,0.013869340531527996,0.6334267854690552
30.9060001373291,-15.753999710083008,0.8105515241622925,5.289403915405273,0.207609161734581,1.2677642107009888,-0.04673535376787186,0.26255157589912415
30.9060001373291,-15.753999710083008,0.5958952903747559,1.6075361967086792,0.04516587033867836,1.0626413822174072,0.14416612684726715,0.29527243971824646
30.9060001373291,-15.753999710083008,0.6237683892250061,5.275232791900635,0.024292584508657455,0.26059412956237793,0.05242141708731651,0.4421759247779846
30.9060001373291,-14.753999710083008,0.9585864543914795,2.5093014240264893,0.6900104284286499,0.8908066749572754,-0.01260448805987835,0.017073437571525574
30.9060001373291,-14.753999710083008,0.5682395100593567,1.0182883739471436,0.03058176301419735,0.1771901249885559,-0.17222580313682556,0.9819478988647461
30.9060001373291,-14.753999710083008,0.7258384823799133,5.633002281188965,0.21740446984767914,8.195366859436035,0.2977728545665741,0.000978714320808649
31.9060001373291,-23.753999710083008,0.8326039910316467,0.9320513010025024,0.08232473582029343,0.7992536425590515,0.04357180744409561,0.13839690387248993
31.9060001373291,-23.753999710083008,0.7355714440345764,0.5821920037269592,0.2106478363275528,0.8826311826705933,0.23467034101486206,0.057954948395490646
31.9060001373291,-23.753999710083008,0.7061400413513184,5.074794292449951,0.02918015420436859,0.23442530632019043,0.08132261782884598,0.8036481738090515
31.9060001373291,-22.753999710083008,1.1588151454925537,3.039128303527832,0.19348794221878052,0.2156597077846527,0.15792249143123627,0.09809757769107819
31.9060001373291,-22.753999710083008,0.6244885325431824,1.1891720294952393,0.037747450172901154,1.5114649534225464,-0.13083143532276154,0.005180381704121828
31.9060001373291,-22.753999710083008,0.6085314750671387,3.998614549636841,0.027867473661899567,0.37798160314559937,0.00717074703425169,0.8967220783233643
31.9060001373291,-21.753999710083008,0.997394859790802,4.118324279785156,0.13121214509010315,0.3383452296257019,-0.18996870517730713,0.38335713744163513
31.9060001373291,-21.753999710083008,0.6532177925109863,2.5855019092559814,0.08496234565973282,1.8173273801803589,0.22430212795734406,0.012512519024312496
31.9060001373291,-21.753999710083008,0.6117022633552551,4.390804767608643,0.010619625449180603,0.21681375801563263,0.21607887744903564,0.6041303873062134
31.9060001373291,-20.753999710083008,1.0531847476959229,3.8178679943084717,0.7058938145637512,2.8253746032714844,0.2434297353029251,0.12996985018253326
31.9060001373291,-20.753999710083008,0.48413920402526855,2.900477647781372,0.03883283585309982,2.0921201705932617,-0.039274103939533234,0.6185994148254395
31.9060001373291,-20.753999710083008,0.6730538010597229,5.471784591674805,0.029203064739704132,0.7857692837715149,-0.029031269252300262,0.2514307200908661
31.9060001373291,-19.753999710083008,1.0576469898223877,4.743961811065674,0.19525116682052612,2.3111276626586914,-0.07849939167499542,0.026381611824035645
31.9060001373291,-19.753999710083008,1.2465835809707642,2.8354952335357666,0.117307648062706,0.04704733565449715,0.0439535453915596,0.7260051369667053
31.9060001373291,-19.753999710083008,1.5419361591339111,5.867180347442627,0.18448545038700104,0.021246472373604774,-0.11972091346979141,0.24761326611042023
31.9060001373291,-18.753999710083008,1.1836063861846924,2.1433396339416504,0.78366619348526,1.4499597549438477,-0.004708758555352688,0.039477549493312836
31.9060001373291,-18.753999710083008,1.3385542631149292,2.75691556930542,0.14592662453651428,0.03201831132173538,0.035363923758268356,0.5319288372993469
31.9060001373291,-18.753999710083008,1.3669075965881348,5.913365840911865,0.1217670887708664,0.03478396683931351,-0.07298388332128525,0.42859360575675964
31.9060001373291,-17.753999710083008,1.2301081418991089,3.4335477352142334,1.0195459127426147,1.899953007698059,0.03319324180483818,0.04574243351817131
31.9060001373291,-17.753999710083008,1.3015025854110718,2.835630178451538,0.139517143368721,0.04974871873855591,0.022212551906704903,0.5028505921363831
31.9060001373291,-17.753999710083008,1.3700145483016968,5.929438591003418,0.10496839135885239,0.037462808191776276,-0.050298333168029785,0.4514070153236389
31.9060001373291,-16.753999710083008,0.788368821144104,2.763542652130127,0.10773207247257233,1.7194403409957886,0.046588312834501266,0.06800268590450287
31.9060001373291,-16.753999710083008,1.1717513799667358,2.7741262912750244,0.11048904806375504,0.03519253060221672,0.04575211927294731,0.3086045980453491
31.9060001373291,-16.753999710083008,1.215280532836914,6.018032073974609,0.08230385184288025,0.03641002997756004,-0.034251369535923004,0.623392641544342
31.9060001373291,-15.753999710083008,1.1317692995071411,0.5432538390159607,0.5396333932876587,1.3239470720291138,-0.07275453209877014,0.4817808270454407
31.9060001373291,-15.753999710083008,0.7228906750679016,1.5652633905410767,0.15190312266349792,1.0605151653289795,0.3674453794956207,0.11860049515962601
31.9060001373291,-15.753999710083008,0.6781149506568909,5.997859001159668,0.03464878723025322,0.15939262509346008,0.03414525091648102,0.3996187150478363
31.9060001373291,-14.753999710083008,1.2597252130508423,6.134247779846191,0.5126736164093018,1.0356395244598389,-0.055115800350904465,0.25852933526039124
31.9060001373291,-14.753999710083008,0.8692572116851807,0.915511429309845,0.11034917831420898,0.5317327976226807,0.23206821084022522,0.13139459490776062
31.9060001373291,-14.753999710083008,1.008467674255371,0.3705587685108185,0.08685478568077087,0.07198609411716461,0.06491445004940033,0.6100760698318481
32.90599822998047,-22.753999710083008,0.7974294424057007,5.02274227142334,0.1406448930501938,0.9902226328849792,0.05928759649395943,0.590334415435791
32.90599822998047,-22.753999710083008,0.5302972793579102,3.080852746963501,0.2749079763889313,1.7401580810546875,0.2517593204975128,0.03462669253349304
32.90599822998047,-22.753999710083008,0.8145287036895752,4.918440818786621,0.12279265373945236,0.12464579194784164,0.22818785905838013,0.37503889203071594
32.90599822998047,-21.753999710083008,0.7769006490707397,5.3606977462768555,0.08491577208042145,0.46847042441368103,-0.2613180875778198,0.07609744369983673
32.90599822998047,-21.753999710083008,0.5702568292617798,2.8245816230773926,0.02554909512400627,0.3701929450035095,-0.10411341488361359,0.031910620629787445
32.90599822998047,-21.753999710083008,0.5856764316558838,3.9602456092834473,0.00566623080521822,0.3456411063671112,0.026402780786156654,0.8919919729232788
32.90599822998047,-20.753999710083008,0.7200005054473877,3.354642152786255,0.11073430627584457,1.3817634582519531,0.05075077340006828,0.27520981431007385
32.90599822998047,-20.753999710083008,0.4900020956993103,2.7224137783050537,0.059353508055210114,1.3951631784439087,0.05609527602791786,0.2693895399570465
32.90599822998047,-20.753999710083008,0.6863957643508911,4.575945854187012,0.024125879630446434,0.3309536874294281,0.04948483407497406,0.455400675535202
32.90599822998047,-19.753999710083008,0.949878990650177,3.7391483783721924,0.1990503966808319,2.058887481689453,-0.03753584995865822,0.06119726598262787
32.90599822998047,-19.753999710083008,1.0759097337722778,2.7302403450012207,0.06911439448595047,0.03478766605257988,0.07432049512863159,0.6354256272315979
32.90599822998047,-19.753999710083008,1.3763682842254639,5.967068195343018,0.12945972383022308,0.020604612305760384,-0.08004521578550339,0.3033771514892578
32.90599822998047,-18.753999710083008,1.1373462677001953,2.9926562309265137,0.6666536927223206,2.349832057952881,0.05046720802783966,0.019668305292725563
32.90599822998047,-18.753999710083008,1.1622930765151978,2.850787401199341,0.06820932775735855,0.03778935968875885,0.07766835391521454,0.5939645171165466
32.90599822998047,-18.753999710083008,1.38676917552948,5.985617637634277,0.10657352209091187,0.02660086564719677,-0.128719300031662,0.38636723160743713
32.90599822998047,-17.753999710083008,1.074583649635315,4.527070045471191,0.46733149886131287,2.1199288368225098,0.019598791375756264,0.029262393712997437
32.90599822998047,-17.753999710083008,1.1198948621749878,2.9410035610198975,0.08547062426805496,0.07656051963567734,0.029651328921318054,0.5441938042640686
32.90599822998047,-17.753999710083008,1.4297668933868408,5.993063926696777,0.12412643432617188,0.02873477153480053,-0.1183721199631691,0.4265437722206116
32.90599822998047,-16.753999710083008,0.6449373960494995,5.773580551147461,0.09221355617046356,1.663253664970398,-0.010696718469262123,0.2780981957912445
32.90599822998047,-16.753999710083008,0.5334217548370361,3.1266398429870605,0.033769793808460236,0.5972867608070374,0.024686992168426514,0.6406939029693604
32.90599822998047,-16.753999710083008,0.754770040512085,0.19010300934314728,0.030541935935616493,0.3486614525318146,-0.23280268907546997,0.08120787143707275
32.90599822998047,-15.753999710083008,1.2245177030563354,0.7975783348083496,0.5300713181495667,0.7896903157234192,0.05171310156583786,0.29592111706733704
32.90599822998047,-15.753999710083008,0.7370131015777588,1.5493232011795044,0.4727737605571747,1.8440961837768555,0.2743839919567108,0.010951463133096695
32.90599822998047,-15.753999710083008,0.6523447036743164,0.20060378313064575,0.053911931812763214,0.06931932270526886,-0.26208505034446716,0.693127453327179
33.90599822998047,-22.753999710083008,0.9198369979858398,4.759279727935791,0.3366169333457947,0.6532083749771118,0.07648203521966934,0.38131776452064514
33.90599822998047,-22.753999710083008,0.6067419648170471,3.735342502593994,0.2241736352443695,1.682435154914856,0.1377446949481964,0.0466938391327858
33.90599822998047,-22.753999710083008,0.9019906520843506,4.800337314605713,0.10529335588216782,0.12561091780662537,0.16703446209430695,0.5719884037971497
33.90599822998047,-21.753999710083008,0.6323350667953491,4.760554313659668,0.051563289016485214,0.5977090001106262,-0.16830302774906158,0.11086275428533554
33.90599822998047,-21.753999710083008,0.49524158239364624,2.5072004795074463,0.032516371458768845,1.4131121635437012,-0.11027903854846954,0.2314586341381073
33.90599822998047,-21.753999710083008,0.6026450991630554,4.365049362182617,0.0146472854539752,0.7508032321929932,0.005323656834661961,0.6576786041259766
33.90599822998047,-20.753999710083008,0.7286418080329895,5.496596336364746,0.06568243354558945,2.4640331268310547,0.021345719695091248,0.19823338091373444
33.90599822998047,-20.753999710083008,1.0329514741897583,2.6008074283599854,0.13980336487293243,0.09119672328233719,0.13972261548042297,0.6127436757087708
33.90599822998047,-20.753999710083008,1.0850023031234741,5.7733354568481445,0.10506335645914078,0.07022258639335632,0.024381740018725395,0.189022958278656
33.90599822998047,-19.753999710083008,0.9862962365150452,3.8801522254943848,0.3852865695953369,2.406026601791382,-0.0023909942246973515,0.04038120061159134
33.90599822998047,-19.753999710083008,1.1399855613708496,2.766570806503296,0.08811811357736588,0.03373251110315323,0.014172661118209362,0.6232136487960815
33.90599822998047,-19.753999710083008,1.1644264459609985,5.980302810668945,0.08608837425708771,0.028962502256035805,-0.016696443781256676,0.3364051580429077
33.90599822998047,-18.753999710083008,1.0609396696090698,3.80424165725708,0.36624646186828613,1.688193678855896,0.03881588950753212,0.060280561447143555
33.90599822998047,-18.753999710083008,1.0795459747314453,2.8616321086883545,0.06684595346450806,0.0659806951880455,0.10503966361284256,0.4976671636104584
33.90599822998047,-18.753999710083008,1.21439528465271,6.09244966506958,0.0779445543885231,0.039201438426971436,-0.009138074703514576,0.44205227494239807
33.90599822998047,-17.753999710083008,0.946593701839447,5.287267684936523,0.2508614659309387,1.846604824066162,0.01698543131351471,0.04853478819131851
33.90599822998047,-17.753999710083008,1.03952956199646,2.9677765369415283,0.08409995585680008,0.07027040421962738,0.010347547940909863,0.41790518164634705
33.90599822998047,-17.753999710083008,1.27181077003479,6.105282783508301,0.08867889642715454,0.024207687005400658,-0.022782335057854652,0.5335600972175598
33.90599822998047,-16.753999710083008,0.7553941011428833,0.061768751591444016,0.1359674334526062,1.3179469108581543,0.01816515065729618,0.2527044117450714
33.90599822998047,-16.753999710083008,0.49002957344055176,3.4480676651000977,0.03342203050851822,1.6562429666519165,-0.07272776961326599,0.46447545289993286
33.90599822998047,-16.753999710083008,0.6304925084114075,0.058412522077560425,0.017287729308009148,0.48074784874916077,-0.14494435489177704,0.2828201353549957
33.90599822998047,-15.753999710083008,1.156524419784546,1.3552228212356567,0.6284613609313965,0.8707512021064758,0.040484022349119186,0.42172864079475403
33.90599822998047,-15.753999710083008,0.6623970866203308,1.8046029806137085,0.2568545937538147,2.9645793437957764,0.13642098009586334,0.05951492488384247
33.90599822998047,-15.753999710083008,0.5940147638320923,0.02494398131966591,0.04206842929124832,0.14356693625450134,-0.22084103524684906,0.5187564492225647
34.90599822998047,-22.753999710083008,0.9690889716148376,3.324190139770508,0.7533977031707764,0.7043130397796631,0.17305079102516174,0.04160027578473091
34.90599822998047,-22.753999710083008,0.5478218197822571,4.310871124267578,0.22797724604606628,2.4671971797943115,0.007271756883710623,0.017572039738297462
34.90599822998047,-22.753999710083008,0.6864699721336365,4.506531715393066,0.060494910925626755,0.18154430389404297,0.05164709314703941,0.9408277273178101
34.90599822998047,-21.753999710083008,0.7965266108512878,4.0019989013671875,0.13115178048610687,2.056763172149658,-0.003995413891971111,0.15167249739170074
34.90599822998047,-21.753999710083008,0.553770124912262,1.7124748229980469,0.014670086093246937,0.3760315179824829,-0.026908837258815765,0.7870398759841919
34.90599822998047,-21.753999710083008,0.6877167224884033,5.8925909996032715,0.02420603670179844,0.6087697744369507,0.03447764366865158,0.06128762662410736
34.90599822998047,-20.753999710083008,0.8504614233970642,5.278921127319336,0.09024826437234879,2.1050331592559814,-0.057571593672037125,0.08956856280565262
34.90599822998047,-20.753999710083008,1.2391877174377441,2.781541347503662,0.14309759438037872,0.04009174928069115,0.1410502940416336,0.5375615358352661
34.90599822998047,-20.753999710083008,1.2853258848190308,5.947782039642334,0.10925134271383286,0.02791937254369259,-0.1026657447218895,0.3728698492050171
34.90599822998047,-19.753999710083008,1.0396666526794434,3.498300313949585,0.2960457503795624,2.2061362266540527,0.020917586982250214,0.02484358288347721
34.90599822998047,-19.753999710083008,1.2361326217651367,2.791159152984619,0.0963108167052269,0.034431006759405136,0.08424392342567444,0.6292719841003418
34.90599822998047,-19.753999710083008,1.1780643463134766,5.985562801361084,0.06081293523311615,0.031132813543081284,-0.040433138608932495,0.34588444232940674
34.90599822998047,-18.753999710083008,1.1036205291748047,4.443600654602051,0.5027444362640381,1.6787141561508179,0.048145897686481476,0.03819733485579491
34.90599822998047,-18.753999710083008,1.099679946899414,2.819472074508667,0.06378208845853806,0.0506405234336853,0.1255805492401123,0.5242618322372437
34.90599822998047,-18.753999710083008,1.1809720993041992,6.0484771728515625,0.06394685804843903,0.034120358526706696,0.07112319767475128,0.437540739774704
34.90599822998047,-17.753999710083008,0.9270312190055847,5.497776508331299,0.20247574150562286,1.8191914558410645,0.04836474359035492,0.06319917738437653
34.90599822998047,-17.753999710083008,1.1142829656600952,2.9251656532287598,0.09982255846261978,0.059401754289865494,0.06040162593126297,0.43639397621154785
34.90599822998047,-17.753999710083008,1.1416282653808594,6.133309364318848,0.05886780843138695,0.026430480182170868,0.0589977391064167,0.5004068613052368
34.90599822998047,-16.753999710083008,0.8231989741325378,1.146509051322937,0.19926974177360535,1.443618893623352,-0.034181173890829086,0.22955237329006195
34.90599822998047,-16.753999710083008,0.5124025940895081,2.4215903282165527,0.03704468160867691,1.5068610906600952,0.06212731450796127,0.6196081042289734
34.90599822998047,-16.753999710083008,0.5948157906532288,0.4787225127220154,0.02627747133374214,0.613791286945343,-0.004120417404919863,0.15083947777748108
34.90599822998047,-15.753999710083008,0.9573253989219666,5.867788791656494,0.781773030757904,0.5884674191474915,0.09737522900104523,0.029048504307866096
34.90599822998047,-15.753999710083008,0.6009352803230286,0.6015246510505676,0.030945660546422005,0.3431839644908905,-0.05112145096063614,0.9681620597839355
34.90599822998047,-15.753999710083008,0.5995096564292908,0.7018544673919678,0.10239312797784805,2.8398935794830322,0.09132221341133118,0.002789423568174243
35.90599822998047,-23.753999710083008,0.8082852959632874,4.099410057067871,0.1144094243645668,0.5508068203926086,-0.09556244313716888,0.6814322471618652
35.90599822998047,-23.753999710083008,0.6233659386634827,3.3872785568237305,0.33113762736320496,1.2683418989181519,-0.06564783304929733,0.024453474208712578
35.90599822998047,-23.753999710083008,0.7435704469680786,4.460554122924805,0.0659971684217453,0.11560891568660736,0.0011666178470477462,0.29411429166793823
35.90599822998047,-22.753999710083008,1.1129580736160278,3.9718122482299805,0.6813432574272156,1.5112556219100952,0.11769384890794754,0.11146312206983566
35.90599822998047,-22.753999710083008,0.5818468332290649,4.547266006469727,0.11860084533691406,4.554255962371826,-0.1931321769952774,0.10258209705352783
35.90599822998047,-22.753999710083008,0.7075459957122803,4.852085113525391,0.029829246923327446,0.4708840548992157,-0.14823007583618164,0.7859547138214111
35.90599822998047,-21.753999710083008,0.7978482842445374,5.43623161315918,0.12457410991191864,1.7491406202316284,0.04926849156618118,0.271345317363739
35.90599822998047,-21.753999710083008,0.5645034313201904,2.1973631381988525,0.04055096581578255,0.6212283968925476,0.2748399078845978,0.6308156847953796
35.90599822998047,-21.753999710083008,0.8028789758682251,0.3271114230155945,0.04821006581187248,0.23822364211082458,-0.09669508039951324,0.09783896058797836
35.90599822998047,-20.753999710083008,0.9753652811050415,4.8249006271362305,0.23587460815906525,2.29984974861145,-0.03584720194339752,0.03355572000145912
35.90599822998047,-20.753999710083008,1.1377103328704834,2.7536191940307617,0.0905991718173027,0.04563194513320923,0.01700015924870968,0.6083599925041199
35.90599822998047,-20.753999710083008,1.308010220527649,5.9654340744018555,0.09058446437120438,0.025670088827610016,-0.16949979960918427,0.35808423161506653
35.90599822998047,-19.753999710083008,1.0097715854644775,2.8559582233428955,0.15386667847633362,1.7678020000457764,0.05910201743245125,0.02674625813961029
35.90599822998047,-19.753999710083008,1.1961543560028076,2.786350965499878,0.08429618179798126,0.030930686742067337,0.04972924292087555,0.5684393048286438
35.90599822998047,-19.753999710083008,1.2617467641830444,5.989464282989502,0.0653378814458847,0.028625106438994408,-0.03551613911986351,0.40481436252593994
35.90599822998047,-18.753999710083008,1.1342506408691406,3.6634371280670166,0.6306669116020203,1.4045623540878296,0.08610642701387405,0.018698927015066147
35.90599822998047,-18.753999710083008,1.1915786266326904,2.851949453353882,0.08759257197380066,0.053356196731328964,0.1356428861618042,0.4716622233390808
35.90599822998047,-18.753999710083008,1.1799867153167725,6.039519786834717,0.0616706982254982,0.03762742504477501,0.07053279131650925,0.5096389055252075
35.90599822998047,-17.753999710083008,1.0008039474487305,4.746686935424805,0.34061911702156067,1.8072600364685059,0.09074284136295319,0.03672622889280319
35.90599822998047,-17.753999710083008,1.1976627111434937,2.9540648460388184,0.1124923825263977,0.0649738535284996,0.08882846683263779,0.43520551919937134
35.90599822998047,-17.753999710083008,1.1373052597045898,6.123004913330078,0.05193270370364189,0.0301078949123621,0.07943098247051239,0.5280682444572449
35.90599822998047,-16.753999710083008,0.7183196544647217,5.822442531585693,0.09668575972318649,1.1402992010116577,-0.03319605812430382,0.37499362230300903
35.90599822998047,-16.753999710083008,0.5242724418640137,1.632535457611084,0.04302338883280754,1.1616946458816528,-0.10215868055820465,0.426182359457016
35.90599822998047,-16.753999710083008,0.648162841796875,0.22875279188156128,0.0337778702378273,1.0043134689331055,-0.0012681899825111032,0.19882400333881378
35.90599822998047,-15.753999710083008,0.8251993656158447,2.6326773166656494,0.6101793050765991,0.4754529297351837,0.22825661301612854,0.023992648348212242
35.90599822998047,-15.753999710083008,0.47816503047943115,6.016261577606201,0.013596470467746258,0.32031336426734924,-0.2905603349208832,0.9702892899513245
35.90599822998047,-15.753999710083008,0.5723882913589478,0.11212272197008133,0.04905222728848457,10.945089340209961,0.09877970814704895,0.005717973690479994
36.90599822998047,-24.753999710083008,1.1946938037872314,4.668033599853516,0.250661164522171,0.44817212224006653,-0.06331674754619598,0.008416485041379929
36.90599822998047,-24.753999710083008,0.9630802273750305,3.556814670562744,0.08715305477380753,0.1501227170228958,0.5783886909484863,0.009976264089345932
36.90599822998047,-24.753999710083008,0.9648327827453613,4.863000869750977,0.0354684479534626,0.016416795551776886,-0.009155531413853168,0.98160719871521
36.90599822998047,-23.753999710083008,0.5486348867416382,5.5257391929626465,0.04538166522979736,1.0251349210739136,-0.13026688992977142,0.11795669794082642
36.90599822998047,-23.753999710083008,0.5269380211830139,3.1534552574157715,0.10722360759973526,0.10793008655309677,0.07905111461877823,0.1319243162870407
36.90599822998047,-23.753999710083008,0.7838881015777588,4.520578861236572,0.06835053116083145,0.04879758879542351,-0.04280444234609604,0.7501190304756165
36.90599822998047,-22.753999710083008,0.8370545506477356,4.163091659545898,0.06483428925275803,0.6616953015327454,0.05559562146663666,0.6977390050888062
36.90599822998047,-22.753999710083008,0.6186400055885315,2.9100189208984375,0.08388054370880127,3.636138677597046,0.00022289023036137223,0.14067600667476654
36.90599822998047,-22.753999710083008,0.7330353260040283,5.903685092926025,0.04843054339289665,0.6027069091796875,-0.02974943444132805,0.16158491373062134
36.90599822998047,-21.753999710083008,0.8996319770812988,5.529353618621826,0.10143205523490906,1.8789979219436646,-0.07667867094278336,0.20274218916893005
36.90599822998047,-21.753999710083008,1.0174046754837036,2.688091278076172,0.10198909789323807,0.056151408702135086,0.2548866271972656,0.5877410173416138
36.90599822998047,-21.753999710083008,1.1141732931137085,6.003474235534668,0.11567717790603638,0.06036050617694855,-0.06208330765366554,0.2095167636871338
36.90599822998047,-20.753999710083008,1.0443828105926514,3.9093503952026367,0.36745578050613403,2.2478044033050537,0.001840313896536827,0.04374625161290169
36.90599822998047,-20.753999710083008,1.0980286598205566,2.739258289337158,0.060864124447107315,0.027139559388160706,0.007056763395667076,0.6209800839424133
36.90599822998047,-20.753999710083008,1.2695237398147583,5.960788249969482,0.08982595056295395,0.0271830502897501,-0.057177480310201645,0.33527371287345886
36.90599822998047,-19.753999710083008,1.1172001361846924,2.4168829917907715,0.3738466799259186,1.6857247352600098,0.094237320125103,0.017965316772460938
36.90599822998047,-19.753999710083008,1.1558988094329834,2.7584683895111084,0.07217829674482346,0.026209546253085136,0.0256732739508152,0.573005735874176
36.90599822998047,-19.753999710083008,1.2475109100341797,6.002976417541504,0.07266904413700104,0.03645152971148491,-0.013836869969964027,0.40902894735336304
36.90599822998047,-18.753999710083008,1.1201411485671997,2.701362133026123,0.6965907216072083,1.6060984134674072,0.16439740359783173,0.012707876972854137
36.90599822998047,-18.753999710083008,1.1877418756484985,2.8557536602020264,0.0922885313630104,0.06554355472326279,0.072355255484581,0.3124253451824188
36.90599822998047,-18.753999710083008,1.2130601406097412,6.034397125244141,0.06740155071020126,0.04602862894535065,0.05213579162955284,0.6748667359352112
36.90599822998047,-17.753999710083008,0.9823034405708313,3.4459950923919678,0.3217845857143402,1.9750820398330688,0.10344327241182327,0.039323996752500534
36.90599822998047,-17.753999710083008,1.3064944744110107,3.054725170135498,0.14341595768928528,0.07422543317079544,0.11788838356733322,0.4214479625225067
36.90599822998047,-17.753999710083008,1.2068743705749512,6.154803276062012,0.06251421570777893,0.033756356686353683,0.07751552015542984,0.5392279624938965
36.90599822998047,-16.753999710083008,0.8832916617393494,2.4925332069396973,0.2462068349123001,0.6703781485557556,0.2384275645017624,0.21057741343975067
36.90599822998047,-16.753999710083008,0.5305188894271851,1.5156702995300293,0.02180415950715542,0.3718772530555725,-0.16036193072795868,0.6623916625976562
36.90599822998047,-16.753999710083008,0.6347066760063171,4.909461975097656,0.04599234089255333,2.3311100006103516,0.08299639075994492,0.12703095376491547
37.90599822998047,-23.753999710083008,0.6237697601318359,1.0069797039031982,0.042889196425676346,1.3333206176757812,-0.11404705047607422,0.06550192832946777
37.90599822998047,-23.753999710083008,0.6842267513275146,2.4356164932250977,0.07045140862464905,0.05183606594800949,0.08691848814487457,0.37243586778640747
37.90599822998047,-23.753999710083008,0.816583514213562,5.062279224395752,0.06703963875770569,0.07690016180276871,-0.04898572713136673,0.56206214427948
37.90599822998047,-22.753999710083008,0.7117282152175903,3.834258794784546,0.039356183260679245,0.5599648952484131,0.09983470290899277,0.6838142275810242
37.90599822998047,-22.753999710083008,0.6964443325996399,2.342353105545044,0.15738993883132935,0.7768656611442566,0.16933314502239227,0.22214779257774353
37.90599822998047,-22.753999710083008,0.8207781314849854,5.95811653137207,0.11185245215892792,0.16891317069530487,0.12366697192192078,0.09403803944587708
37.90599822998047,-21.753999710083008,0.966830849647522,3.3759920597076416,0.16161033511161804,1.813050627708435,-0.08760150521993637,0.12146250903606415
37.90599822998047,-21.753999710083008,1.0844017267227173,2.6291470527648926,0.07846593856811523,0.03889128938317299,0.2392427623271942,0.6133580803871155
37.90599822998047,-21.753999710083008,1.078080177307129,5.953101634979248,0.06358730047941208,0.04675479233264923,-0.12585335969924927,0.2651793658733368
37.90599822998047,-20.753999710083008,1.096471905708313,3.435608148574829,0.34225645661354065,2.017648220062256,0.020851679146289825,0.027373719960451126
37.90599822998047,-20.753999710083008,1.0829370021820068,2.7426679134368896,0.054468050599098206,0.03861250728368759,0.04593571275472641,0.6728013157844543
37.90599822998047,-20.753999710083008,1.1967812776565552,5.957301616668701,0.0720381811261177,0.02446063980460167,-0.1070067435503006,0.299824982881546
37.90599822998047,-19.753999710083008,1.0648736953735352,1.9256582260131836,0.3159955143928528,1.6765047311782837,0.08774559944868088,0.018482957035303116
37.90599822998047,-19.753999710083008,1.1792066097259521,2.75545597076416,0.07385729998350143,0.021365735679864883,0.014955764636397362,0.5611655712127686
37.90599822998047,-19.753999710083008,1.2371563911437988,6.0049519538879395,0.07533500343561172,0.038399338722229004,-0.026764914393424988,0.420351505279541
37.90599822998047,-18.753999710083008,0.9296245574951172,2.9965784549713135,0.15226033329963684,2.0092804431915283,0.12940436601638794,0.04327100142836571
37.90599822998047,-18.753999710083008,1.18157958984375,2.8449923992156982,0.10416530072689056,0.06855527311563492,0.08950132131576538,0.35886549949645996
37.90599822998047,-18.753999710083008,1.252974510192871,6.026168346405029,0.0795360654592514,0.04929446429014206,0.04550302028656006,0.597863495349884
37.90599822998047,-17.753999710083008,0.9129763841629028,3.267988681793213,0.20981261134147644,2.0642714500427246,0.0454452782869339,0.054314784705638885
37.90599822998047,-17.753999710083008,1.269992470741272,2.9616916179656982,0.12058299779891968,0.04730283096432686,0.08730753511190414,0.43498554825782776
37.90599822998047,-17.753999710083008,1.2308855056762695,6.175816059112549,0.07057467103004456,0.02713451161980629,0.0357975997030735,0.5106996297836304
37.90599822998047,-16.753999710083008,0.9488545060157776,2.0797276496887207,0.38832417130470276,1.2281877994537354,0.33876341581344604,0.10024189203977585
37.90599822998047,-16.753999710083008,0.5563134551048279,1.351366639137268,0.02347320131957531,0.24964769184589386,0.02275000512599945,0.8871634602546692
37.90599822998047,-16.753999710083008,0.6633501648902893,4.7198486328125,0.1325060874223709,2.706702947616577,0.1680423617362976,0.012594652362167835
38.90599822998047,-25.753999710083008,0.6944482326507568,5.147551536560059,0.14036501944065094,1.4590098857879639,-0.011630167253315449,0.12815485894680023
38.90599822998047,-25.753999710083008,0.5475123524665833,3.544987678527832,0.01853273995220661,0.023919476196169853,0.3275853097438812,0.5732042193412781
38.90599822998047,-25.753999710083008,0.6840575337409973,4.653295516967773,0.02040914259850979,0.462299108505249,0.3697409927845001,0.2986408770084381
38.90599822998047,-24.753999710083008,1.0083224773406982,0.19547219574451447,0.12463159114122391,1.2048336267471313,0.12382445484399796,0.6310291886329651
38.90599822998047,-24.753999710083008,0.7171571254730225,3.244967460632324,0.08354770392179489,0.26193708181381226,0.3813886344432831,0.32976478338241577
38.90599822998047,-24.753999710083008,0.7826588153839111,5.841519832611084,0.143411785364151,0.24969328939914703,-0.1247134804725647,0.03920597583055496
38.90599822998047,-23.753999710083008,0.7262006402015686,5.850915431976318,0.11311900615692139,1.4406960010528564,-0.22014105319976807,0.13633307814598083
38.90599822998047,-23.753999710083008,0.6341073513031006,2.7404932975769043,0.05377814918756485,0.10343886911869049,0.07271108031272888,0.0855729952454567
38.90599822998047,-23.753999710083008,0.6425217390060425,4.308375358581543,0.019451061263680458,0.29328465461730957,0.0869123712182045,0.7780939936637878
38.90599822998047,-22.753999710083008,0.6489379405975342,4.376043796539307,0.03365764766931534,1.0688557624816895,0.00031224769190885127,0.5318032503128052
38.90599822998047,-22.753999710083008,0.6295169591903687,1.9194669723510742,0.04744892567396164,0.2851554751396179,0.27077460289001465,0.41174259781837463
38.90599822998047,-22.753999710083008,0.7770642042160034,5.894735813140869,0.05806312337517738,0.1589060127735138,-0.018792206421494484,0.0564541332423687
38.90599822998047,-21.753999710083008,1.0233856439590454,2.3305678367614746,0.29856210947036743,1.9290030002593994,-0.027151944115757942,0.10647944360971451
38.90599822998047,-21.753999710083008,1.1436569690704346,2.608855962753296,0.09112939238548279,0.026539012789726257,0.17927135527133942,0.6141624450683594
38.90599822998047,-21.753999710083008,1.1228777170181274,5.952536106109619,0.06307832151651382,0.040036436170339584,-0.11875247210264206,0.2793581485748291
38.90599822998047,-20.753999710083008,1.0647531747817993,4.005642890930176,0.4058173596858978,2.038510322570801,0.006724979728460312,0.04837578907608986
38.90599822998047,-20.753999710083008,1.1218100786209106,2.662048578262329,0.07612991333007812,0.02337236888706684,0.02940855547785759,0.6373424530029297
38.90599822998047,-20.753999710083008,1.142890453338623,5.975186824798584,0.06610061228275299,0.029674533754587173,-0.03015228547155857,0.314281702041626
38.90599822998047,-19.753999710083008,0.9292800426483154,5.641259670257568,0.195552259683609,2.4060776233673096,0.014225048013031483,0.07362402975559235
38.90599822998047,-19.753999710083008,1.2012169361114502,2.633946418762207,0.0849706158041954,0.022085199132561684,0.1086677610874176,0.44647303223609924
38.90599822998047,-19.753999710083008,1.2649890184402466,5.910459041595459,0.07524637877941132,0.02534479647874832,0.02923680655658245,0.479902982711792
38.90599822998047,-18.753999710083008,1.0318424701690674,4.288378715515137,0.30559757351875305,1.862094759941101,0.10386370867490768,0.030931247398257256
38.90599822998047,-18.753999710083008,1.0890092849731445,3.010425090789795,0.09193022549152374,0.13218338787555695,0.09837139397859573,0.4489559531211853
38.90599822998047,-18.753999710083008,1.221207857131958,6.105391025543213,0.08321668952703476,0.0451480858027935,0.035041406750679016,0.5201128721237183
38.90599822998047,-17.753999710083008,0.9662370681762695,3.907677412033081,0.37168318033218384,1.5678776502609253,0.04357128590345383,0.015036211349070072
38.90599822998047,-17.753999710083008,1.0938000679016113,3.0104522705078125,0.06426604837179184,0.04638773575425148,0.04555085301399231,0.5440621376037598
38.90599822998047,-17.753999710083008,1.281690239906311,6.199028015136719,0.07766720652580261,0.020511798560619354,-0.1080438569188118,0.44090163707733154
38.90599822998047,-16.753999710083008,0.8297064304351807,2.881002902984619,0.3090708255767822,1.13086998462677,0.2531912922859192,0.13978536427021027
38.90599822998047,-16.753999710083008,0.50450599193573,3.770920753479004,0.03455055505037308,0.573921263217926,-0.07259538769721985,0.2859180271625519
38.90599822998047,-16.753999710083008,0.5571357011795044,4.260980606079102,0.02087598294019699,0.13725212216377258,0.08001364767551422,0.5742965936660767
38.90599822998047,-15.753999710083008,0.8996469974517822,3.2724363803863525,0.08063211292028427,1.0280944108963013,0.2008400708436966,0.626845121383667
38.90599822998047,-15.753999710083008,0.5682136416435242,1.4830511808395386,0.06751970201730728,0.9991950392723083,-0.1917533278465271,0.25301581621170044
38.90599822998047,-15.753999710083008,0.8815423250198364,0.6530117392539978,0.2663898169994354,1.1183394193649292,-0.11097325384616852,0.12013906240463257
39.90599822998047,-26.753999710083008,0.8006902933120728,4.267184257507324,0.02211754210293293,0.7239935398101807,0.0019549892749637365,0.20479503273963928
39.90599822998047,-26.753999710083008,0.6105077862739563,3.1431350708007812,0.028059108182787895,0.08093810826539993,0.41739362478256226,0.6728416085243225
39.90599822998047,-26.753999710083008,0.8786898851394653,3.9216535091400146,0.04683282971382141,0.05610422417521477,0.1334354430437088,0.12236339598894119
39.90599822998047,-25.753999710083008,0.8112565875053406,4.030646324157715,0.11315059661865234,1.7241930961608887,-0.009152160957455635,0.5630201101303101
39.90599822998047,-25.753999710083008,0.60069739818573,2.9528963565826416,0.028433986008167267,0.10798011720180511,0.2037786841392517,0.34514427185058594
39.90599822998047,-25.753999710083008,0.7617507576942444,4.837656021118164,0.025326939299702644,0.19986775517463684,-0.013680401258170605,0.09183561056852341
39.90599822998047,-24.753999710083008,0.8781627416610718,3.9756882190704346,0.16281428933143616,1.7824894189834595,0.1371695101261139,0.05134459584951401
39.90599822998047,-24.753999710083008,0.5950784683227539,4.22047233581543,0.016346797347068787,0.25421661138534546,0.16359031200408936,0.9294575452804565
39.90599822998047,-24.753999710083008,0.8344647288322449,0.49369412660598755,0.0669718012213707,0.44001808762550354,-0.02788724936544895,0.019197853282094002
39.90599822998047,-23.753999710083008,0.6785458326339722,5.247750282287598,0.04777424409985542,1.0289987325668335,-0.0894390344619751,0.8359664082527161
39.90599822998047,-23.753999710083008,0.7254040837287903,2.1174094676971436,0.07186505943536758,0.2491191327571869,0.14852143824100494,0.115714430809021
39.90599822998047,-23.753999710083008,0.7000661492347717,5.340664863586426,0.0174150038510561,0.22070477902889252,0.12235993891954422,0.04831906780600548
39.90599822998047,-22.753999710083008,0.7254753708839417,5.972875118255615,0.0369301475584507,1.5263328552246094,-0.13222646713256836,0.6805728673934937
39.90599822998047,-22.753999710083008,1.1410659551620483,2.6434900760650635,0.14132577180862427,0.043433159589767456,0.19929011166095734,0.15588346123695374
39.90599822998047,-22.753999710083008,1.216568112373352,5.80612325668335,0.08690669387578964,0.032847434282302856,-0.034348104149103165,0.16354365646839142
39.90599822998047,-21.753999710083008,0.9739772081375122,4.359519958496094,0.15208616852760315,1.6907745599746704,-0.040813595056533813,0.14714878797531128
39.90599822998047,-21.753999710083008,1.1875576972961426,2.6348164081573486,0.100357785820961,0.03381796553730965,0.18830956518650055,0.5333557724952698
39.90599822998047,-21.753999710083008,1.1897985935211182,5.954469203948975,0.06089724600315094,0.02999969758093357,-0.07984139025211334,0.31949540972709656
39.90599822998047,-20.753999710083008,0.999413013458252,3.352174997329712,0.23089362680912018,1.1354936361312866,0.02948654629290104,0.05087058246135712
39.90599822998047,-20.753999710083008,1.252551794052124,2.690100908279419,0.11333559453487396,0.04329144209623337,0.11910293996334076,0.4774821996688843
39.90599822998047,-20.753999710083008,1.1041622161865234,5.892364501953125,0.06740177422761917,0.04308676719665527,0.015351659618318081,0.471647173166275
39.90599822998047,-19.753999710083008,0.9181907176971436,5.675052642822266,0.15033915638923645,1.6298754215240479,0.04793253168463707,0.03296403959393501
39.90599822998047,-19.753999710083008,1.1104755401611328,2.6490583419799805,0.10953792929649353,0.032032161951065063,0.3822886049747467,0.32468539476394653
39.90599822998047,-19.753999710083008,1.1118676662445068,5.8572869300842285,0.07092113047838211,0.040562909096479416,0.028230439871549606,0.6423506140708923
39.90599822998047,-18.753999710083008,1.0549683570861816,0.5183814167976379,0.3685440719127655,1.9838916063308716,0.09581700712442398,0.05983445420861244
39.90599822998047,-18.753999710083008,1.0439525842666626,3.2784202098846436,0.07070077955722809,0.07432959973812103,0.12110181897878647,0.45566949248313904
39.90599822998047,-18.753999710083008,1.1668118238449097,0.012553054839372635,0.0600835382938385,0.0332382433116436,0.04688935726881027,0.48449596762657166
39.90599822998047,-17.753999710083008,0.7754714488983154,4.052687644958496,0.05697418004274368,0.5580615401268005,0.05390704795718193,0.2785642147064209
39.90599822998047,-17.753999710083008,1.0361156463623047,2.9265105724334717,0.054960280656814575,0.03977036476135254,0.05017511546611786,0.3589281439781189
39.90599822998047,-17.753999710083008,1.1426597833633423,6.244221210479736,0.0683765783905983,0.021935075521469116,-0.16144661605358124,0.3625076711177826
39.90599822998047,-16.753999710083008,0.8788760900497437,4.890573024749756,0.3009435534477234,2.7018790245056152,0.3272750675678253,0.02177058346569538
39.90599822998047,-16.753999710083008,0.6654565334320068,3.2684316635131836,0.03721966966986656,0.20527726411819458,-0.06775426119565964,0.8303523659706116
39.90599822998047,-16.753999710083008,0.751785397529602,6.198967933654785,0.06139761582016945,0.17495094239711761,-0.006952887400984764,0.14787700772285461
39.90599822998047,-15.753999710083008,1.007697343826294,1.7190583944320679,0.21732215583324432,1.303415298461914,0.03201904892921448,0.021013597026467323
39.90599822998047,-15.753999710083008,0.8138521909713745,2.536421060562134,0.1812010407447815,0.16113460063934326,0.2945605218410492,0.004440024960786104
39.90599822998047,-15.753999710083008,0.9572679400444031,0.0942910760641098,0.05486546829342842,0.08130372315645218,0.18174491822719574,0.9745464324951172
40.90599822998047,-27.753999710083008,1.3255821466445923,4.4658966064453125,0.2916252911090851,0.7570151686668396,-0.0024716327898204327,0.9221234917640686
40.90599822998047,-27.753999710083008,0.5060252547264099,3.7388248443603516,0.0909377858042717,4.9445881843566895,0.1994173228740692,0.009649127721786499
40.90599822998047,-27.753999710083008,0.6690165400505066,4.540661811828613,0.014528200030326843,0.3653961718082428,-0.015029489994049072,0.06822731345891953
40.90599822998047,-26.753999710083008,0.9038451910018921,4.740163803100586,0.06426945328712463,0.3266724944114685,-0.24057334661483765,0.15481886267662048
40.90599822998047,-26.753999710083008,0.5512648820877075,2.4467320442199707,0.10297304391860962,4.785672187805176,0.20730441808700562,0.09934645891189575
40.90599822998047,-26.753999710083008,0.6656649708747864,4.138617515563965,0.021406924352049828,0.25017252564430237,0.09931037575006485,0.7458346486091614
40.90599822998047,-25.753999710083008,0.7131296992301941,4.072992324829102,0.18879380822181702,1.1822935342788696,-0.1045263484120369,0.043363820761442184
40.90599822998047,-25.753999710083008,0.4785422086715698,2.689908266067505,0.03528634458780289,0.6605316400527954,-0.010996721684932709,0.1510908305644989
40.90599822998047,-25.753999710083008,0.5797449946403503,4.676896095275879,0.012167943641543388,0.30120086669921875,-0.007181253749877214,0.8055453896522522
40.90599822998047,-24.753999710083008,0.8835018873214722,4.889110565185547,0.19053927063941956,1.2524473667144775,0.05287696793675423,0.2251041829586029
40.90599822998047,-24.753999710083008,0.5386689901351929,2.887160062789917,0.02131916582584381,0.9363667964935303,0.07187686115503311,0.5609335899353027
40.90599822998047,-24.753999710083008,0.6213648319244385,5.453513145446777,0.016025485470891,1.3226317167282104,0.05626635253429413,0.21396222710609436
40.90599822998047,-23.753999710083008,0.8836644291877747,4.682328701019287,0.10685022920370102,2.129535436630249,0.04071566089987755,0.3867396414279938
40.90599822998047,-23.753999710083008,1.0325554609298706,2.5338294506073,0.12766613066196442,0.06578408181667328,0.25344741344451904,0.47007060050964355
40.90599822998047,-23.753999710083008,1.223840594291687,5.9093427658081055,0.10638400912284851,0.04248585179448128,-0.01771716959774494,0.14318980276584625
40.90599822998047,-22.753999710083008,0.9472015500068665,3.878824472427368,0.16622233390808105,2.1144261360168457,-0.08863387256860733,0.1691819578409195
40.90599822998047,-22.753999710083008,1.161493182182312,2.7076539993286133,0.09000489115715027,0.02944614551961422,0.13378271460533142,0.527957022190094
40.90599822998047,-22.753999710083008,1.3114573955535889,5.87937068939209,0.08336512744426727,0.022790735587477684,-0.144118070602417,0.30286097526550293
40.90599822998047,-21.753999710083008,0.9674145579338074,2.5138044357299805,0.22502824664115906,2.349855661392212,0.02478373423218727,0.13484199345111847
40.90599822998047,-21.753999710083008,1.1635503768920898,2.6794605255126953,0.07064197957515717,0.02874067798256874,0.09621281921863556,0.4422234892845154
40.90599822998047,-21.753999710083008,1.2351548671722412,5.890778541564941,0.08301064372062683,0.0429532453417778,-0.14675714075565338,0.42293456196784973
40.90599822998047,-20.753999710083008,0.9635236859321594,4.702020168304443,0.18857425451278687,1.333404541015625,0.06972295790910721,0.0414959192276001
40.90599822998047,-20.753999710083008,1.2206592559814453,2.8879189491271973,0.09665830433368683,0.08748313039541245,0.035563789308071136,0.4670887589454651
40.90599822998047,-20.753999710083008,1.2984533309936523,5.883141994476318,0.09322036057710648,0.034695327281951904,0.026726048439741135,0.49141526222229004
40.90599822998047,-19.753999710083008,1.0139727592468262,5.339839935302734,0.2319466471672058,1.4376496076583862,0.01901940256357193,0.12145191431045532
40.90599822998047,-19.753999710083008,0.9587954878807068,2.5329463481903076,0.08430550992488861,0.04914594441652298,0.22744588553905487,0.33618462085723877
40.90599822998047,-19.753999710083008,1.0566179752349854,5.863297462463379,0.08900482207536697,0.06386872380971909,-0.04294925183057785,0.5423634648323059
40.90599822998047,-18.753999710083008,0.9998898506164551,0.3387589454650879,0.297667920589447,1.892612338066101,0.12629136443138123,0.04528697580099106
40.90599822998047,-18.753999710083008,0.9007328152656555,3.3981478214263916,0.06751544773578644,0.10351085662841797,0.1670241355895996,0.35228779911994934
40.90599822998047,-18.753999710083008,1.0281167030334473,0.26107075810432434,0.0535273402929306,0.045198921114206314,-0.0328151173889637,0.602425217628479
40.90599822998047,-17.753999710083008,0.8466205596923828,4.016129493713379,0.181254044175148,1.601887822151184,0.09578776359558105,0.034532174468040466
40.90599822998047,-17.753999710083008,0.8712886571884155,2.8885691165924072,0.05554082617163658,0.06479378789663315,0.04398021847009659,0.4512248635292053
40.90599822998047,-17.753999710083008,1.0362564325332642,6.2371439933776855,0.05588855966925621,0.03261076286435127,-0.16064304113388062,0.5142428874969482
40.90599822998047,-16.753999710083008,0.9432204365730286,5.893258094787598,0.3084802031517029,0.9226670861244202,0.11565125733613968,0.26176682114601135
40.90599822998047,-16.753999710083008,0.656900942325592,2.9180428981781006,0.06629621237516403,0.353474497795105,0.08242852240800858,0.1062953844666481
40.90599822998047,-16.753999710083008,0.7168686389923096,0.019091784954071045,0.02937830612063408,0.09230156242847443,-0.06940554082393646,0.6319377422332764
40.90599822998047,-15.753999710083008,0.8473858833312988,0.8179820775985718,0.10216987878084183,1.6983537673950195,0.0030929625499993563,0.12922018766403198
40.90599822998047,-15.753999710083008,0.7657082676887512,2.606295108795166,0.1350085586309433,0.18207763135433197,0.20041784644126892,0.0471971295773983
40.90599822998047,-15.753999710083008,0.8689553141593933,0.06221013143658638,0.053501974791288376,0.10069195926189423,0.01845867559313774,0.8235827088356018
41.90599822998047,-27.753999710083008,0.6920958757400513,3.900832414627075,0.07814978063106537,0.9549222588539124,-0.027327008545398712,0.31173887848854065
41.90599822998047,-27.753999710083008,0.46512091159820557,2.5198540687561035,0.08861963450908661,0.47693192958831787,-0.031280457973480225,0.005222336854785681
41.90599822998047,-27.753999710083008,0.6323064565658569,4.499764442443848,0.016465432941913605,0.11713460087776184,0.0032636027317494154,0.6830387711524963
41.90599822998047,-26.753999710083008,0.7994489669799805,4.750819206237793,0.059124283492565155,0.39131593704223633,-0.16098351776599884,0.6300400495529175
41.90599822998047,-26.753999710083008,0.5448862314224243,2.286086082458496,0.09934980422258377,2.227788209915161,0.05742334946990013,0.10806373506784439
41.90599822998047,-26.753999710083008,0.6000117659568787,4.0738019943237305,0.019255200400948524,1.0045639276504517,0.10626621544361115,0.2618962824344635
41.90599822998047,-25.753999710083008,0.6965551376342773,5.55030632019043,0.06797559559345245,1.3523552417755127,-0.1956101357936859,0.5784119367599487
41.90599822998047,-25.753999710083008,0.5284283757209778,1.3112379312515259,0.04015081003308296,2.22729229927063,-0.08508536964654922,0.28436458110809326
41.90599822998047,-25.753999710083008,0.6276541948318481,5.355437278747559,0.013855662196874619,0.7170154452323914,-0.15044233202934265,0.1372235119342804
41.90599822998047,-24.753999710083008,0.9198657274246216,4.052708148956299,0.09368441998958588,1.2017316818237305,0.051366567611694336,0.24880197644233704
41.90599822998047,-24.753999710083008,0.638677716255188,1.883677363395691,0.0966581255197525,1.3191229104995728,0.013104771263897419,0.5186600089073181
41.90599822998047,-24.753999710083008,0.6945357918739319,5.2114152908325195,0.040907859802246094,1.332122802734375,0.03645499423146248,0.23253801465034485
41.90599822998047,-23.753999710083008,0.8842871785163879,5.148545265197754,0.11957913637161255,2.631304979324341,-0.018188275396823883,0.1682865470647812
41.90599822998047,-23.753999710083008,1.0382431745529175,2.6030757427215576,0.15788987278938293,0.24772268533706665,0.21310646831989288,0.5736743807792664
41.90599822998047,-23.753999710083008,1.2964712381362915,5.993997573852539,0.12136685103178024,0.0654076635837555,-0.13194668292999268,0.25803908705711365
41.90599822998047,-22.753999710083008,0.9521275162696838,3.3310282230377197,0.14333364367485046,2.3007028102874756,-0.12442342191934586,0.14926770329475403
41.90599822998047,-22.753999710083008,1.241743803024292,2.750811815261841,0.10065914690494537,0.028743473812937737,0.19629597663879395,0.5725022554397583
41.90599822998047,-22.753999710083008,1.290909767150879,5.920009613037109,0.09936162829399109,0.04054426774382591,-0.19857904314994812,0.27823007106781006
41.90599822998047,-21.753999710083008,0.9705484509468079,3.257631778717041,0.24543434381484985,2.1282331943511963,0.06326694041490555,0.1207435205578804
41.90599822998047,-21.753999710083008,1.118764042854309,2.716081142425537,0.07540765404701233,0.04273807257413864,0.0560724213719368,0.45936915278434753
41.90599822998047,-21.753999710083008,1.2126448154449463,5.910925388336182,0.08379297703504562,0.047300565987825394,-0.041267238557338715,0.41988736391067505
41.90599822998047,-20.753999710083008,1.088062047958374,6.150089263916016,0.5283433198928833,1.393438696861267,0.10746432095766068,0.02879406325519085
41.90599822998047,-20.753999710083008,1.0353853702545166,2.909533739089966,0.07176568359136581,0.1709839254617691,-0.003733559511601925,0.4493502974510193
41.90599822998047,-20.753999710083008,1.1846426725387573,5.978279113769531,0.07503774017095566,0.04660576954483986,0.00013451010454446077,0.5218556523323059
41.90599822998047,-19.753999710083008,0.7390009760856628,0.6913902163505554,0.06743031740188599,2.0930593013763428,0.0573616623878479,0.48029524087905884
41.90599822998047,-19.753999710083008,0.6061831712722778,2.740475654602051,0.07137274742126465,0.3337470293045044,0.14089755713939667,0.4692283868789673
41.90599822998047,-19.753999710083008,0.7442724704742432,6.163267612457275,0.05460027977824211,0.2515850365161896,0.009892923757433891,0.050476301461458206
41.90599822998047,-18.753999710083008,0.6848996877670288,3.808964490890503,0.04234825447201729,1.3215441703796387,0.10189256072044373,0.31364405155181885
41.90599822998047,-18.753999710083008,0.7830926775932312,3.3133440017700195,0.07203371822834015,0.249164879322052,0.07151346653699875,0.4341003894805908
41.90599822998047,-18.753999710083008,0.9824165105819702,0.019147459417581558,0.06736765056848526,0.09931733459234238,-0.014591021463274956,0.2522555887699127
41.90599822998047,-17.753999710083008,0.669645369052887,5.589657783508301,0.04885387420654297,1.7145302295684814,0.0745677575469017,0.3181062638759613
41.90599822998047,-17.753999710083008,0.6107382774353027,2.7990283966064453,0.06632711738348007,0.2893840968608856,0.09533501416444778,0.36749112606048584
41.90599822998047,-17.753999710083008,0.9147186279296875,6.27467679977417,0.06886527687311172,0.06744278222322464,-0.21399790048599243,0.3144027292728424
41.90599822998047,-16.753999710083008,0.9037154912948608,0.14299185574054718,0.359663724899292,0.5432368516921997,0.09305882453918457,0.050905097275972366
41.90599822998047,-16.753999710083008,0.680278480052948,1.6545965671539307,0.04005363956093788,0.3087086081504822,0.05908581614494324,0.02080267108976841
41.90599822998047,-16.753999710083008,0.6603264808654785,0.9433594942092896,0.02735704742372036,0.3538804352283478,-0.03828854113817215,0.9282922148704529
41.90599822998047,-15.753999710083008,0.8783304691314697,5.111265182495117,0.10944371670484543,2.409518003463745,0.025428958237171173,0.14528198540210724
41.90599822998047,-15.753999710083008,0.7995185256004333,2.765537738800049,0.08814559876918793,0.6227090358734131,0.20931322872638702,0.3488868474960327
41.90599822998047,-15.753999710083008,0.8637338876724243,6.086275577545166,0.05609888583421707,0.20580114424228668,-0.03670218959450722,0.5058311820030212
42.90599822998047,-27.753999710083008,0.7576832175254822,3.6268699169158936,0.21651659905910492,0.6234127283096313,0.04478665068745613,0.22677111625671387
42.90599822998047,-27.753999710083008,0.45898276567459106,2.2089030742645264,0.15583868324756622,1.0933144092559814,-0.0369858592748642,0.05087851732969284
42.90599822998047,-27.753999710083008,0.5590534210205078,4.0612077713012695,0.04974228888750076,0.7009366154670715,0.04941277205944061,0.7223503589630127
42.90599822998047,-26.753999710083008,0.7256994843482971,5.105234622955322,0.05705239251255989,0.7222350239753723,-0.01373907458037138,0.5689252614974976
42.90599822998047,-26.753999710083008,0.6116828322410583,1.3801213502883911,0.09702306240797043,1.1599247455596924,-0.05916453152894974,0.1801954060792923
42.90599822998047,-26.753999710083008,0.6365035176277161,4.490452289581299,0.028587166219949722,0.834948718547821,0.047829873859882355,0.25087931752204895
42.90599822998047,-25.753999710083008,0.8342915177345276,3.67875075340271,0.1450396180152893,1.2824749946594238,-0.17286959290504456,0.23108091950416565
42.90599822998047,-25.753999710083008,0.5153968930244446,2.0823216438293457,0.03153768554329872,2.3779549598693848,-0.11475271731615067,0.15992584824562073
42.90599822998047,-25.753999710083008,0.611863374710083,4.554197311401367,0.008178934454917908,0.6963411569595337,-0.016442373394966125,0.6089932322502136
42.90599822998047,-24.753999710083008,0.8909339904785156,4.549351692199707,0.10225658118724823,1.065329909324646,0.06870663911104202,0.18952128291130066
42.90599822998047,-24.753999710083008,0.7543958425521851,2.326057195663452,0.17002378404140472,0.9883852005004883,0.1871228665113449,0.6777026653289795
42.90599822998047,-24.753999710083008,0.8901008367538452,5.956689357757568,0.14535656571388245,0.34763088822364807,0.16500142216682434,0.13277608156204224
42.90599822998047,-23.753999710083008,0.9585469365119934,4.661470413208008,0.16129685938358307,1.9904043674468994,0.032108373939991,0.1357298195362091
42.90599822998047,-23.753999710083008,1.270565390586853,2.8073010444641113,0.24348784983158112,0.354352205991745,0.19117194414138794,0.4482840597629547
42.90599822998047,-23.753999710083008,1.2709825038909912,6.006287574768066,0.08567941933870316,0.044410884380340576,-0.1299501359462738,0.4159861207008362
42.90599822998047,-22.753999710083008,1.133592963218689,2.8628132343292236,0.5008482336997986,2.291999340057373,-0.04665767773985863,0.04180806130170822
42.90599822998047,-22.753999710083008,1.2972731590270996,2.7530481815338135,0.09048290550708771,0.03050100989639759,0.10366899520158768,0.5870147943496704
42.90599822998047,-22.753999710083008,1.3144675493240356,5.924540996551514,0.09169230610132217,0.0445517860352993,-0.1832815706729889,0.37117716670036316
42.90599822998047,-21.753999710083008,0.9462758302688599,5.371618270874023,0.14529405534267426,1.9312530755996704,0.0878676176071167,0.1241479441523552
42.90599822998047,-21.753999710083008,1.0625633001327515,2.992814302444458,0.08936016261577606,0.16381539404392242,-0.05444502830505371,0.4617292284965515
42.90599822998047,-21.753999710083008,1.1809518337249756,5.8738532066345215,0.0757288932800293,0.04370259866118431,0.07659954577684402,0.4141227900981903
42.90599822998047,-20.753999710083008,1.0160670280456543,0.17483510076999664,0.19703689217567444,1.4874190092086792,0.09246034920215607,0.08876170217990875
42.90599822998047,-20.753999710083008,0.9840278029441833,3.2892675399780273,0.060377087444067,0.14269649982452393,0.04222709685564041,0.62978196144104
42.90599822998047,-20.753999710083008,1.1517139673233032,6.233238697052002,0.0704541951417923,0.054168131202459335,0.01528554130345583,0.28145632147789
42.90599822998047,-19.753999710083008,0.7254034280776978,1.4416894912719727,0.05002930760383606,1.7084968090057373,0.024367468431591988,0.4396451711654663
42.90599822998047,-19.753999710083008,0.6425085663795471,3.21797251701355,0.0776912271976471,0.968808114528656,0.12766335904598236,0.5091797709465027
42.90599822998047,-19.753999710083008,0.7983739972114563,0.2818552255630493,0.05611393600702286,0.2966276705265045,-0.07863310724496841,0.051175087690353394
42.90599822998047,-18.753999710083008,0.7250683307647705,4.173703193664551,0.0464276559650898,1.489014983177185,0.0284332986921072,0.288381427526474
42.90599822998047,-18.753999710083008,0.8738706111907959,2.6775293350219727,0.13981430232524872,0.21992327272891998,0.0797058567404747,0.3121985197067261
42.90599822998047,-18.753999710083008,1.0026360750198364,6.027146339416504,0.06519966572523117,0.042846594005823135,-0.025450607761740685,0.3994200527667999
42.90599822998047,-17.753999710083008,0.6297381520271301,0.028575407341122627,0.033886365592479706,1.6378670930862427,0.1680486649274826,0.38085228204727173
42.90599822998047,-17.753999710083008,0.6962373852729797,2.2392635345458984,0.10240209102630615,0.7255298495292664,0.07853129506111145,0.4645623564720154
42.90599822998047,-17.753999710083008,0.9324207305908203,0.2414785623550415,0.08495428413152695,0.07348570227622986,-0.1533467173576355,0.1545853316783905
42.90599822998047,-16.753999710083008,0.8467838168144226,1.064316987991333,0.1445198804140091,0.6311504244804382,0.20970560610294342,0.1968069076538086
42.90599822998047,-16.753999710083008,0.9508728981018066,1.7711129188537598,0.07289909571409225,0.10133268684148788,0.030349625274538994,0.5507913827896118
42.90599822998047,-16.753999710083008,0.9795696139335632,0.8470797538757324,0.18253737688064575,0.27274203300476074,-0.09814755618572235,0.2524017095565796
43.90599822998047,-27.753999710083008,0.8650022149085999,4.090114593505859,0.13129395246505737,0.21715587377548218,0.13230378925800323,0.09507810324430466
43.90599822998047,-27.753999710083008,0.4227873682975769,0.4427253007888794,0.12380973249673843,8.68263053894043,-0.13143253326416016,9.9668548500631e-05
43.90599822998047,-27.753999710083008,0.5275107622146606,5.157347679138184,0.005704597104340792,0.05301256477832794,-0.0708221048116684,0.9048222303390503
43.90599822998047,-26.753999710083008,0.6575262546539307,3.642847776412964,0.08672351390123367,0.7434632182121277,-0.05834106728434563,0.5017270445823669
43.90599822998047,-26.753999710083008,0.47686368227005005,0.8338521122932434,0.03644895553588867,1.0691211223602295,-0.06518209725618362,0.15668952465057373
43.90599822998047,-26.753999710083008,0.6462172269821167,4.396656036376953,0.023183053359389305,0.6491421461105347,0.10147477686405182,0.3415834605693817
43.90599822998047,-25.753999710083008,0.8453197479248047,4.5971808433532715,0.23624947667121887,0.9916931390762329,-0.12751662731170654,0.12032932788133621
43.90599822998047,-25.753999710083008,0.5329514145851135,2.3688650131225586,0.02864890731871128,0.9516663551330566,-0.0005711589474231005,0.27727603912353516
43.90599822998047,-25.753999710083008,0.6552063822746277,5.373321533203125,0.013357017189264297,1.0666828155517578,0.09813522547483444,0.6023945808410645
43.90599822998047,-24.753999710083008,0.9030976891517639,4.070979118347168,0.09799332171678543,1.3052639961242676,-0.03870021924376488,0.27438971400260925
43.90599822998047,-24.753999710083008,0.876843273639679,2.435710906982422,0.16023924946784973,1.3260729312896729,0.009565010666847229,0.5343814492225647
43.90599822998047,-24.753999710083008,1.2349426746368408,6.191165447235107,0.23760861158370972,0.22207635641098022,0.033748019486665726,0.19122885167598724
43.90599822998047,-23.753999710083008,0.9503811597824097,3.431023359298706,0.19255730509757996,1.3585536479949951,0.09777383506298065,0.07948269695043564
43.90599822998047,-23.753999710083008,1.2064411640167236,2.927983283996582,0.19369511306285858,0.4634995460510254,0.11200907826423645,0.4523387849330902
43.90599822998047,-23.753999710083008,1.3064731359481812,5.9778594970703125,0.10470454394817352,0.03833236172795296,-0.2119697481393814,0.46817857027053833
43.90599822998047,-22.753999710083008,1.1290764808654785,2.266753673553467,0.4274957776069641,1.9419612884521484,0.026514757424592972,0.0590224489569664
43.90599822998047,-22.753999710083008,1.199540615081787,2.6837892532348633,0.07382047176361084,0.042879123240709305,0.10148987174034119,0.4226219654083252
43.90599822998047,-22.753999710083008,1.3349500894546509,5.9889397621154785,0.06739030033349991,0.04186664894223213,-0.1907573640346527,0.5183555483818054
43.90599822998047,-21.753999710083008,0.893893837928772,5.031660556793213,0.08411902189254761,1.573124647140503,0.03636915609240532,0.16782446205615997
43.90599822998047,-21.753999710083008,1.0749753713607788,2.746166706085205,0.1224018856883049,0.27282264828681946,0.1825161725282669,0.3538876473903656
43.90599822998047,-21.753999710083008,1.201168417930603,5.973088264465332,0.07583815604448318,0.046618569642305374,-0.019014041870832443,0.47828787565231323
43.90599822998047,-20.753999710083008,1.012988805770874,0.5986776947975159,0.09184395521879196,1.9640263319015503,0.09921533614397049,0.402357280254364
43.90599822998047,-20.753999710083008,1.0940977334976196,3.5369648933410645,0.07838299125432968,0.05037796497344971,0.12166181206703186,0.4414372742176056
43.90599822998047,-20.753999710083008,1.1401937007904053,0.1500048041343689,0.06432003527879715,0.03581193834543228,0.04976721480488777,0.1562054455280304
43.90599822998047,-19.753999710083008,1.0282680988311768,0.08116550743579865,0.131177619099617,1.5090895891189575,0.027804065495729446,0.3426494598388672
43.90599822998047,-19.753999710083008,0.819857120513916,3.058708667755127,0.11279446631669998,1.6444677114486694,0.003940226975828409,0.5824750065803528
43.90599822998047,-19.753999710083008,1.1110310554504395,0.29360389709472656,0.08529919385910034,0.07554398477077484,-0.24797643721103668,0.07487553358078003
43.90599822998047,-18.753999710083008,0.7102959156036377,4.295184135437012,0.0440346822142601,1.3144023418426514,-0.05734704062342644,0.31767648458480835
43.90599822998047,-18.753999710083008,0.8499966859817505,2.4208364486694336,0.14108355343341827,0.33249059319496155,0.10958769172430038,0.3092993199825287
43.90599822998047,-18.753999710083008,1.0080721378326416,5.959594249725342,0.07962782680988312,0.05572263151407242,-0.016456877812743187,0.3730241656303406
43.90599822998047,-17.753999710083008,0.7345466017723083,0.9686774015426636,0.042907655239105225,1.3104536533355713,-0.026281604543328285,0.4910658001899719
43.90599822998047,-17.753999710083008,0.6841146349906921,2.4620325565338135,0.14040282368659973,0.9602679014205933,0.11749351769685745,0.13267497718334198
43.90599822998047,-17.753999710083008,0.933516263961792,0.21904456615447998,0.08759553730487823,0.07920800894498825,-0.03143730387091637,0.3762592375278473
43.90599822998047,-16.753999710083008,1.0667715072631836,0.61393141746521,0.49051809310913086,2.6035256385803223,0.19482780992984772,0.004758219234645367
43.90599822998047,-16.753999710083008,1.0019551515579224,2.1289913654327393,0.024134313687682152,0.08780115842819214,0.2869158983230591,0.9879137873649597
43.90599822998047,-16.753999710083008,1.073208212852478,0.24142500758171082,0.11293552070856094,0.24934309720993042,-0.003412933088839054,0.007327977567911148
44.90599822998047,-27.753999710083008,0.8621194362640381,0.562045156955719,0.13139183819293976,1.1952399015426636,0.047008663415908813,0.07097534090280533
44.90599822998047,-27.753999710083008,0.5596632957458496,0.3926854431629181,0.11931189894676208,0.46053504943847656,0.24850745499134064,0.008785677142441273
44.90599822998047,-27.753999710083008,0.6913623809814453,5.668332099914551,0.02210850641131401,0.045066650956869125,0.042637113481760025,0.9202390313148499
44.90599822998047,-26.753999710083008,0.7270959615707397,4.924240589141846,0.1354621946811676,0.6696698665618896,-0.02794758230447769,0.20100435614585876
44.90599822998047,-26.753999710083008,0.4821056127548218,1.4193462133407593,0.05935860425233841,1.6056907176971436,-0.0029067257419228554,0.014421005733311176
44.90599822998047,-26.753999710083008,0.5967855453491211,4.820199966430664,0.011336812749505043,0.14629769325256348,0.09050872176885605,0.7845746874809265
44.90599822998047,-25.753999710083008,0.9432185292243958,4.418915271759033,0.3019217550754547,1.4286861419677734,0.08088803291320801,0.21010953187942505
44.90599822998047,-25.753999710083008,0.5269829630851746,1.6432805061340332,0.012516407296061516,1.3248416185379028,-0.08201073855161667,0.7090047597885132
44.90599822998047,-25.753999710083008,0.7205667495727539,5.982889652252197,0.023152386769652367,1.989392638206482,0.030578555539250374,0.08088577538728714
44.90599822998047,-24.753999710083008,0.8533905744552612,4.348733425140381,0.0638761818408966,1.7055957317352295,-0.08414134383201599,0.38836202025413513
44.90599822998047,-24.753999710083008,0.905859649181366,2.727741003036499,0.2045731246471405,1.8054850101470947,0.1462450921535492,0.32733553647994995
44.90599822998047,-24.753999710083008,1.2409355640411377,6.118427753448486,0.12111169844865799,0.0735296979546547,-0.11796332895755768,0.2843024432659149
44.90599822998047,-23.753999710083008,0.9108427166938782,4.26509952545166,0.18613499402999878,1.6244343519210815,0.06404635310173035,0.10380908846855164
44.90599822998047,-23.753999710083008,1.051892876625061,2.82829213142395,0.12374778836965561,0.2795191705226898,0.05957016348838806,0.5018578767776489
44.90599822998047,-23.753999710083008,1.2255464792251587,5.9866204261779785,0.09128829091787338,0.043913643807172775,-0.13506905734539032,0.39433297514915466
44.90599822998047,-22.753999710083008,1.0944304466247559,3.431748151779175,0.3312769830226898,2.0089728832244873,0.018509024754166603,0.09522512555122375
44.90599822998047,-22.753999710083008,1.089259386062622,2.603410243988037,0.06944851577281952,0.05693485215306282,0.08569740504026413,0.3357943296432495
44.90599822998047,-22.753999710083008,1.223669409751892,6.001377105712891,0.06102203577756882,0.04865237697958946,-0.13729950785636902,0.5689805746078491
44.90599822998047,-21.753999710083008,0.971481442451477,4.496835708618164,0.11247631907463074,1.836345911026001,0.07913375645875931,0.14612305164337158
44.90599822998047,-21.753999710083008,0.9522607922554016,2.587446928024292,0.09868553280830383,0.5915387272834778,0.2161850929260254,0.4826667010784149
44.90599822998047,-21.753999710083008,1.158457636833191,6.042377948760986,0.07803370803594589,0.07180840522050858,-0.07276512682437897,0.3712103068828583
44.90599822998047,-20.753999710083008,1.0692869424819946,0.4900851249694824,0.07633700221776962,2.0919103622436523,0.15152491629123688,0.6126226782798767
44.90599822998047,-20.753999710083008,0.9852908849716187,3.492542266845703,0.07674248516559601,0.15610793232917786,0.30409616231918335,0.31999310851097107
44.90599822998047,-20.753999710083008,1.1365958452224731,0.2580665051937103,0.07206161320209503,0.03675078973174095,0.001178500708192587,0.06738416105508804
44.90599822998047,-19.753999710083008,1.187657117843628,5.026717185974121,0.37755274772644043,0.8320925235748291,-0.03556027635931969,0.09775380045175552
44.90599822998047,-19.753999710083008,0.8401086926460266,2.285499095916748,0.07395421713590622,1.9771840572357178,-0.07404040545225143,0.6369495391845703
44.90599822998047,-19.753999710083008,1.1887532472610474,0.2703208029270172,0.10934823006391525,0.13404053449630737,-0.09064110368490219,0.26529666781425476
44.90599822998047,-18.753999710083008,0.7348047494888306,4.55197286605835,0.07806862145662308,0.7700740694999695,-0.03930455818772316,0.18419267237186432
44.90599822998047,-18.753999710083008,0.801642894744873,1.982448697090149,0.11023247987031937,0.618408203125,-0.10547823458909988,0.43786686658859253
44.90599822998047,-18.753999710083008,1.124253749847412,6.100339412689209,0.18874819576740265,0.17031018435955048,0.08591695129871368,0.37794041633605957
44.90599822998047,-17.753999710083008,0.8941066861152649,0.985556960105896,0.1806960552930832,1.1790424585342407,-0.04327622056007385,0.17222699522972107
44.90599822998047,-17.753999710083008,0.5881340503692627,2.045515537261963,0.07225634902715683,1.0842397212982178,0.1120559498667717,0.16909077763557434
44.90599822998047,-17.753999710083008,0.975507915019989,0.2541339695453644,0.10228430479764938,0.11066251993179321,-0.10287384688854218,0.6586822271347046
44.90599822998047,-16.753999710083008,1.2576042413711548,5.608010768890381,1.1299974918365479,2.7554848194122314,0.15561354160308838,0.0025583100505173206
44.90599822998047,-16.753999710083008,1.0389761924743652,2.4312446117401123,0.020344238728284836,0.11386609822511673,0.16636517643928528,0.9770514369010925
44.90599822998047,-16.753999710083008,1.2427171468734741,6.02868127822876,0.10959568619728088,0.187860369682312,0.13364849984645844,0.020390205085277557
45.90599822998047,-26.753999710083008,0.9029369354248047,4.895455360412598,0.2694759964942932,1.43948233127594,0.17510589957237244,0.009416828863322735
45.90599822998047,-26.753999710083008,0.6095151305198669,1.6418285369873047,0.15381044149398804,1.0918980836868286,0.10951364040374756,0.007061712443828583
45.90599822998047,-26.753999710083008,0.6219831109046936,6.018170356750488,0.02869321033358574,0.08740361034870148,-0.06590879708528519,0.9835214614868164
45.90599822998047,-25.753999710083008,0.9938852787017822,6.057458400726318,0.2346344292163849,0.6108200550079346,0.03637084737420082,0.1417543739080429
45.90599822998047,-25.753999710083008,0.6500127911567688,1.274693489074707,0.1248915046453476,4.617165565490723,-0.3264468014240265,0.011401152238249779
45.90599822998047,-25.753999710083008,0.668982982635498,5.598138809204102,0.032058652490377426,1.2941926717758179,-0.19499771296977997,0.846844494342804
45.90599822998047,-24.753999710083008,0.9377963542938232,5.386834621429443,0.11685529351234436,1.0848398208618164,-0.002882956527173519,0.2126525640487671
45.90599822998047,-24.753999710083008,0.8622026443481445,3.043806552886963,0.12040950357913971,0.7862054705619812,0.2255157232284546,0.1870197057723999
45.90599822998047,-24.753999710083008,1.0253026485443115,6.119134902954102,0.04623301327228546,0.0631110817193985,0.03583017736673355,0.600327730178833
45.90599822998047,-23.753999710083008,1.114984154701233,5.883688926696777,0.36412277817726135,2.216651678085327,0.025786662474274635,0.07809021323919296
45.90599822998047,-23.753999710083008,1.0422145128250122,2.6105754375457764,0.05166015401482582,0.049321338534355164,-0.045354679226875305,0.36891883611679077
45.90599822998047,-23.753999710083008,1.110437273979187,6.0037641525268555,0.04663597792387009,0.049104999750852585,0.0025395439006388187,0.5529909133911133
45.90599822998047,-22.753999710083008,1.0200085639953613,4.316372394561768,0.2541511654853821,1.775403618812561,0.02849888615310192,0.1124328225851059
45.90599822998047,-22.753999710083008,1.0218931436538696,2.5104265213012695,0.07333286106586456,0.04974053427577019,-0.059081993997097015,0.4027648866176605
45.90599822998047,-22.753999710083008,1.0866481065750122,5.940307140350342,0.05490325763821602,0.04366712272167206,-0.05877883359789848,0.4848021864891052
45.90599822998047,-21.753999710083008,0.9207777380943298,4.790904521942139,0.08290208131074905,1.601660966873169,0.07316740602254868,0.3237641155719757
45.90599822998047,-21.753999710083008,0.8530175685882568,2.025709629058838,0.0668490007519722,0.29090678691864014,-0.12084083259105682,0.4924076199531555
45.90599822998047,-21.753999710083008,1.0200915336608887,5.946501731872559,0.09490305185317993,0.28683361411094666,-0.17022088170051575,0.18382827937602997
45.90599822998047,-20.753999710083008,0.9579090476036072,3.734137535095215,0.12033907324075699,1.2385187149047852,0.3247922956943512,0.2706556022167206
45.90599822998047,-20.753999710083008,0.6987209916114807,2.4814956188201904,0.04154675453901291,0.558843195438385,-0.11596698313951492,0.5402148365974426
45.90599822998047,-20.753999710083008,0.9986044764518738,0.13092762231826782,0.17098172008991241,0.6161396503448486,-0.030301261693239212,0.18912963569164276
45.90599822998047,-19.753999710083008,1.0548161268234253,4.458038806915283,0.30479511618614197,0.9498394131660461,0.060814134776592255,0.11624207347631454
45.90599822998047,-19.753999710083008,0.8712534308433533,1.7276982069015503,0.075617216527462,0.6205434203147888,-0.006592195946723223,0.45862799882888794
45.90599822998047,-19.753999710083008,1.0868436098098755,0.32811036705970764,0.11786441504955292,0.14849819242954254,0.11629017442464828,0.4251299202442169
45.90599822998047,-18.753999710083008,1.017641305923462,1.0880485773086548,0.29132765531539917,0.5194960832595825,0.03021998330950737,0.24131175875663757
45.90599822998047,-18.753999710083008,0.7111430764198303,1.5858255624771118,0.08042006194591522,0.6400415897369385,-0.03372002765536308,0.4508310556411743
45.90599822998047,-18.753999710083008,1.0330771207809448,0.15729773044586182,0.19664299488067627,0.40675997734069824,0.04946615919470787,0.3078572452068329
45.90599822998047,-17.753999710083008,1.140866756439209,0.9151222109794617,0.7619255781173706,1.006698489189148,0.04218170791864395,0.029580380767583847
45.90599822998047,-17.753999710083008,0.7238039374351501,1.3014670610427856,0.058350399136543274,0.29003727436065674,0.21833737194538116,0.8084158301353455
45.90599822998047,-17.753999710083008,1.145548939704895,0.6423078179359436,0.2863369882106781,0.06638644635677338,-0.04195859655737877,0.16200374066829681
46.90599822998047,-25.753999710083008,1.0260190963745117,0.6488929986953735,0.26125070452690125,0.36395540833473206,0.04302974417805672,0.15840761363506317
46.90599822998047,-25.753999710083008,0.5948910713195801,1.5685256719589233,0.2017976939678192,14.423227310180664,-0.17641226947307587,0.011273101903498173
46.90599822998047,-25.753999710083008,0.6947765946388245,5.739206790924072,0.04633850231766701,0.6180779337882996,-0.2863888442516327,0.8303192853927612
46.90599822998047,-24.753999710083008,1.249030590057373,4.9906392097473145,0.9693630933761597,1.0585730075836182,0.09418982267379761,0.043516144156455994
46.90599822998047,-24.753999710083008,0.7402145266532898,3.6520941257476807,0.11600730568170547,1.0144022703170776,0.30281519889831543,0.06579045206308365
46.90599822998047,-24.753999710083008,0.9529737830162048,5.727236747741699,0.04747166857123375,0.22337909042835236,-0.03179780766367912,0.8906933665275574
46.90599822998047,-23.753999710083008,0.9913741946220398,5.1283063888549805,0.1413034200668335,0.9820314049720764,-0.016495205461978912,0.18186242878437042
46.90599822998047,-23.753999710083008,0.8333534598350525,2.149622917175293,0.08072148263454437,0.1882271021604538,-0.010120123624801636,0.09727879613637924
46.90599822998047,-23.753999710083008,0.9989059567451477,5.817070007324219,0.05308903753757477,0.12576572597026825,-0.017918722704052925,0.7208588123321533
46.90599822998047,-22.753999710083008,1.0023164749145508,4.399657726287842,0.22249147295951843,0.4635308086872101,0.015501422807574272,0.2497076690196991
46.90599822998047,-22.753999710083008,1.0110329389572144,1.8736231327056885,0.08388125896453857,0.040248971432447433,-0.13673552870750427,0.5086280107498169
46.90599822998047,-22.753999710083008,0.9912410974502563,5.525232791900635,0.06658660620450974,0.1769806295633316,-0.13735683262348175,0.24166430532932281
46.90599822998047,-21.753999710083008,0.8686928749084473,4.988501071929932,0.06776725500822067,0.8754212260246277,0.0481589250266552,0.21663059294223785
46.90599822998047,-21.753999710083008,1.1044723987579346,1.5255621671676636,0.09221065044403076,0.03777419030666351,-0.1225375235080719,0.7293254733085632
46.90599822998047,-21.753999710083008,0.9534250497817993,5.169843673706055,0.13809867203235626,0.29118308424949646,-0.020167754963040352,0.05404401943087578
46.90599822998047,-20.753999710083008,0.922519326210022,5.718761444091797,0.07883293926715851,0.8464791178703308,0.04807445779442787,0.22868743538856506
46.90599822998047,-20.753999710083008,1.1065477132797241,1.3542150259017944,0.10860299319028854,0.08083847910165787,-0.14526279270648956,0.7584646940231323
46.90599822998047,-20.753999710083008,1.0631732940673828,6.27675199508667,0.24552500247955322,0.4206920564174652,0.007852400653064251,0.012847824953496456
46.90599822998047,-19.753999710083008,0.9291632175445557,0.22740711271762848,0.22434355318546295,0.9390804767608643,0.15571974217891693,0.2492055594921112
46.90599822998047,-19.753999710083008,0.9494155049324036,1.461814522743225,0.11119914799928665,0.1416132152080536,-0.07252513617277145,0.6748440861701965
46.90599822998047,-19.753999710083008,0.9913584589958191,0.26167210936546326,0.1444283127784729,0.12220511585474014,0.01971873827278614,0.07595044374465942
46.90599822998047,-18.753999710083008,1.3304024934768677,1.5517855882644653,1.7413215637207031,0.5380669832229614,0.14033456146717072,0.02694891020655632
46.90599822998047,-18.753999710083008,0.9719228148460388,1.0101256370544434,0.09861290454864502,0.17146465182304382,0.1986733376979828,0.9368648529052734
46.90599822998047,-18.753999710083008,1.118053913116455,0.08759172260761261,0.3698587715625763,0.32796409726142883,0.15339915454387665,0.03618631139397621
46.90599822998047,-17.753999710083008,1.3183743953704834,6.202310085296631,1.5806443691253662,0.5074155926704407,0.14819547533988953,0.00930902361869812
46.90599822998047,-17.753999710083008,1.4047654867172241,0.7164474129676819,0.1006549671292305,0.05759289488196373,0.31025007367134094,0.8624868988990784
46.90599822998047,-17.753999710083008,1.3876649141311646,0.3184448480606079,0.22194769978523254,0.04424674063920975,0.23938767611980438,0.12820415198802948
47.90599822998047,-25.753999710083008,0.8910790085792542,5.2680840492248535,0.0823330208659172,0.5414467453956604,0.01554074976593256,0.9271439909934998
47.90599822998047,-25.753999710083008,0.8862590193748474,2.3206946849823,0.05124273523688316,0.0855327770113945,0.12628597021102905,0.06018877774477005
47.90599822998047,-25.753999710083008,1.1235487461090088,5.695390701293945,0.07581306248903275,0.03684490919113159,0.05794629454612732,0.012667177245020866
47.90599822998047,-24.753999710083008,0.995202362537384,5.250182628631592,0.3685663640499115,0.7377250790596008,0.04338860511779785,0.02539663575589657
47.90599822998047,-24.753999710083008,0.7577703595161438,2.7100393772125244,0.17219582200050354,0.8132607936859131,0.028359293937683105,0.009434373117983341
47.90599822998047,-24.753999710083008,0.933573842048645,5.85897970199585,0.050719402730464935,0.06495365500450134,-0.13916386663913727,0.9651690125465393
47.90599822998047,-23.753999710083008,1.0321624279022217,0.05211536958813667,0.06527753174304962,0.2478136569261551,-0.17567969858646393,0.3009393513202667
47.90599822998047,-23.753999710083008,0.9265985488891602,1.5347660779953003,0.3623918890953064,2.0680177211761475,0.24458487331867218,0.0039230166003108025
47.90599822998047,-23.753999710083008,0.8562241196632385,6.198684215545654,0.06871911138296127,0.15292847156524658,-0.31128352880477905,0.695137619972229
47.90599822998047,-22.753999710083008,0.912192702293396,5.0441670417785645,0.1650751233100891,0.5206629633903503,0.022948145866394043,0.33081668615341187
47.90599822998047,-22.753999710083008,0.8603687882423401,1.2753058671951294,0.18928377330303192,0.27234596014022827,0.05303372070193291,0.014878715388476849
47.90599822998047,-22.753999710083008,0.8362783789634705,5.775689125061035,0.05170184001326561,0.08100003749132156,-0.16470786929130554,0.6543045043945312
47.90599822998047,-21.753999710083008,0.7320464253425598,5.871891021728516,0.029142415151000023,0.08229769021272659,0.053203657269477844,0.3996720612049103
47.90599822998047,-21.753999710083008,1.166400671005249,0.552101731300354,0.425565630197525,0.1685360223054886,0.09037367254495621,0.5569188594818115
47.90599822998047,-21.753999710083008,0.7403945922851562,5.648541450500488,0.3336687982082367,0.6947260499000549,-0.15618744492530823,0.043409090489149094
47.90599822998047,-20.753999710083008,0.7621526122093201,6.117195129394531,0.10576856136322021,0.3851372003555298,0.19163933396339417,0.058813683688640594
47.90599822998047,-20.753999710083008,0.7955046892166138,0.8091136813163757,0.05525100231170654,0.10520073771476746,0.2878973186016083,0.9405395984649658
47.90599822998047,-20.753999710083008,0.5280014276504517,0.30944180488586426,0.26354461908340454,1.0762748718261719,0.00432452792301774,0.0006467245402745903
47.90599822998047,-19.753999710083008,1.1550358533859253,4.027408599853516,0.4146548807621002,0.7090628147125244,0.1693674772977829,0.004581594839692116
47.90599822998047,-19.753999710083008,0.9878389239311218,0.48866939544677734,0.03956279903650284,0.12835466861724854,0.5534859299659729,0.9943954944610596
47.90599822998047,-19.753999710083008,0.8442336916923523,2.5626473426818848,0.2620081901550293,0.14537911117076874,-0.06822594255208969,0.0010228781029582024
47.90599822998047,-18.753999710083008,1.641675353050232,4.328136444091797,0.8432366251945496,0.34452709555625916,0.17288844287395477,0.003917464055120945
47.90599822998047,-18.753999710083008,1.5048556327819824,0.20939287543296814,0.08366411924362183,0.3309212028980255,0.6142251491546631,0.9935757517814636
47.90599822998047,-18.753999710083008,1.615364670753479,1.1019443273544312,0.3511406183242798,0.10055001080036163,0.052620019763708115,0.0025067010428756475
