x,y,mean_speed,mean_motion_angle,var_speed,var_motion_angle,coef,weight
-41.09400177001953,-2.753999948501587,1.382684588432312,1.3080960512161255,1.7397608757019043,2.8437716960906982,-0.05351229012012482,0.00581964198499918
-41.09400177001953,-2.753999948501587,1.5672990083694458,3.0851352214813232,0.22874782979488373,0.04131748154759407,-0.33177581429481506,0.9933269023895264
-41.09400177001953,-2.753999948501587,1.1973319053649902,0.44233372807502747,0.37969109416007996,0.5506286025047302,0.028571149334311485,0.0008533985819667578
-41.09400177001953,-1.753999948501587,0.5731346607208252,6.0613017082214355,0.07919246703386307,3.1891191005706787,0.021958107128739357,0.006001302041113377
-41.09400177001953,-1.753999948501587,1.1379073858261108,2.6457021236419678,0.07899829000234604,0.02187519334256649,-0.13394485414028168,0.9939265847206116
-41.09400177001953,-1.753999948501587,0.8717467188835144,5.554143905639648,0.17695480585098267,0.7285562753677368,0.08064797520637512,7.221417763503268e-05
-40.09400177001953,-3.753999948501587,0.26816222071647644,5.5337018966674805,0.0031027011573314667,4.986180305480957,0.034580353647470474,0.09088951349258423
-40.09400177001953,-3.753999948501587,1.046242117881775,3.983734369277954,0.06646782159805298,0.04340491071343422,-0.5682654976844788,0.9090908765792847
-40.09400177001953,-3.753999948501587,0.7534868717193604,3.9886040687561035,0.135406956076622,0.07556311041116714,0.451447993516922,1.9561941371648572e-05
-40.09400177001953,-2.753999948501587,1.0487840175628662,4.044775009155273,1.2336513996124268,3.3207836151123047,0.09403227269649506,0.0062888083048164845
-40.09400177001953,-2.753999948501587,1.108772873878479,3.0193238258361816,0.08923856914043427,0.06049339473247528,-0.13586761057376862,0.9932095408439636
-40.09400177001953,-2.753999948501587,0.8518387079238892,6.103724956512451,0.13548338413238525,0.7060039043426514,-0.17114712297916412,0.0005017089424654841
-40.09400177001953,-1.753999948501587,0.7129169702529907,3.2680370807647705,0.060477375984191895,1.93922758102417,-0.040364641696214676,0.2028355896472931
-40.09400177001953,-1.753999948501587,1.1796189546585083,2.310403823852539,0.20995807647705078,0.025771910324692726,0.07890410721302032,0.789743185043335
-40.09400177001953,-1.753999948501587,0.892326295375824,5.466622829437256,0.10328216105699539,0.06491204351186752,0.017822865396738052,0.007421267684549093
-39.09400177001953,-3.753999948501587,0.4301084876060486,5.003150463104248,0.012464228086173534,5.020709037780762,0.059664636850357056,0.003010850166901946
-39.09400177001953,-3.753999948501587,0.8986230492591858,3.6779534816741943,0.031728345900774,0.028857596218585968,-0.44014883041381836,0.9969863295555115
-39.09400177001953,-3.753999948501587,0.8781295418739319,4.7797956466674805,0.24941016733646393,0.3489605486392975,0.32758378982543945,2.8585536711034365e-06
-39.09400177001953,-2.753999948501587,1.205991506576538,4.978055000305176,2.7820825576782227,3.300625801086426,0.10566417127847672,0.00652829185128212
-39.09400177001953,-2.753999948501587,1.1274266242980957,2.994171619415283,0.09880336374044418,0.07587169855833054,-0.02239571139216423,0.9912651181221008
-39.09400177001953,-2.753999948501587,0.9291970133781433,6.059046745300293,0.11970581114292145,0.30787193775177,-0.16395631432533264,0.0022065190132707357
-39.09400177001953,-1.753999948501587,0.9237444996833801,6.1326727867126465,0.08329126238822937,0.9913097023963928,0.19022208452224731,0.15108396112918854
-39.09400177001953,-1.753999948501587,1.0147753953933716,1.9500881433486938,0.24530737102031708,0.1436145007610321,-0.004847060423344374,0.8418266177177429
-39.09400177001953,-1.753999948501587,0.8035928606987,5.661167144775391,0.15353018045425415,0.6485647559165955,0.17131638526916504,0.007089424412697554
-38.09400177001953,-4.754000186920166,0.351677268743515,4.808272361755371,0.017319437116384506,0.5731709599494934,-0.06281279027462006,0.030130427330732346
-38.09400177001953,-4.754000186920166,0.7986505031585693,3.631232500076294,0.24007844924926758,0.05533445253968239,0.226621612906456,0.969869077205658
-38.09400177001953,-4.754000186920166,0.5753017663955688,5.657464981079102,0.5944311022758484,11.895929336547852,0.38512495160102844,4.313016006562975e-07
-38.09400177001953,-3.753999948501587,0.6575890779495239,5.392949104309082,0.038265410810709,1.5173286199569702,0.047403350472450256,0.028893394395709038
-38.09400177001953,-3.753999948501587,0.8782050013542175,3.0069775581359863,0.05698266997933388,0.08698028326034546,-0.026333101093769073,0.9701512455940247
-38.09400177001953,-3.753999948501587,0.8707569241523743,6.220925807952881,0.1377924680709839,0.7436071038246155,-0.06617391854524612,0.0009553348645567894
-38.09400177001953,-2.753999948501587,1.1315486431121826,0.871077299118042,0.8751445412635803,2.6390554904937744,0.12520915269851685,0.030040232464671135
-38.09400177001953,-2.753999948501587,1.0554280281066895,3.054198980331421,0.0860554575920105,0.08452878892421722,0.1569349765777588,0.9649543762207031
-38.09400177001953,-2.753999948501587,1.043959617614746,5.940855026245117,0.14359810948371887,0.13386258482933044,-0.05677076801657677,0.005005348473787308
-38.09400177001953,-1.753999948501587,1.1854313611984253,0.24741922318935394,0.11650383472442627,0.6902551651000977,0.15533779561519623,0.38025182485580444
-38.09400177001953,-1.753999948501587,0.9848307371139526,1.2984658479690552,0.3163290023803711,2.190014600753784,-0.44109055399894714,0.6124654412269592
-38.09400177001953,-1.753999948501587,0.798801600933075,5.398884296417236,0.07804612070322037,5.49097204208374,0.33058661222457886,0.0072826845571398735
-37.09400177001953,-4.754000186920166,0.6602567434310913,5.034453392028809,0.04677389934659004,0.6921462416648865,-0.18321584165096283,0.02922503650188446
-37.09400177001953,-4.754000186920166,0.7349507212638855,3.784878969192505,0.11768195778131485,0.07087600231170654,-0.07184816151857376,0.9707589745521545
-37.09400177001953,-4.754000186920166,0.555529773235321,3.977865219116211,0.19144205749034882,2.603214979171753,0.46279966831207275,1.5975181668181904e-05
-37.09400177001953,-3.753999948501587,0.9285535216331482,0.8328186869621277,0.1549099087715149,2.408576250076294,0.03854842483997345,0.011256081983447075
-37.09400177001953,-3.753999948501587,1.0430392026901245,3.2393603324890137,0.0635889396071434,0.055879127234220505,0.13928177952766418,0.9660727977752686
-37.09400177001953,-3.753999948501587,1.030387282371521,0.030435722321271896,0.08148406445980072,0.1269131451845169,0.0015092359390109777,0.022671133279800415
-37.09400177001953,-2.753999948501587,1.1339221000671387,0.6174687743186951,0.559923529624939,2.7986278533935547,0.12491543591022491,0.05898824706673622
-37.09400177001953,-2.753999948501587,1.0527527332305908,3.301320791244507,0.07207906991243362,0.09899308532476425,0.07156814634799957,0.8618745803833008
-37.09400177001953,-2.753999948501587,1.0656324625015259,0.06791803240776062,0.08939076215028763,0.06485248357057571,-0.126308411359787,0.07913725078105927
-37.09400177001953,-1.753999948501587,1.1433684825897217,1.6015318632125854,0.29818201065063477,1.2878389358520508,0.08461807668209076,0.19829434156417847
-37.09400177001953,-1.753999948501587,0.9974227547645569,2.9103288650512695,0.1865958422422409,0.26154839992523193,-0.07910595834255219,0.7838921546936035
-37.09400177001953,-1.753999948501587,0.908240020275116,0.27226683497428894,0.11380207538604736,0.6046362519264221,0.3132699429988861,0.01781349629163742
-37.09400177001953,0.2460000067949295,0.7479830980300903,3.7541158199310303,0.032215654850006104,0.9232850074768066,0.13883249461650848,0.7848593592643738
-37.09400177001953,0.2460000067949295,0.7239911556243896,2.784405469894409,0.05555971339344978,0.2738693952560425,-0.0936429500579834,0.21321122348308563
-37.09400177001953,0.2460000067949295,0.9109411239624023,0.6573880910873413,0.4312787652015686,1.0607354640960693,-0.11463788151741028,0.0019294910598546267
-37.09400177001953,1.246000051498413,0.7706151604652405,5.46595573425293,0.09241293370723724,3.3826780319213867,0.131052166223526,0.00015054288087412715
-37.09400177001953,1.246000051498413,0.6609055399894714,2.8338968753814697,0.019374988973140717,0.10435494035482407,0.054788801819086075,0.9997857213020325
-37.09400177001953,1.246000051498413,0.6190598011016846,6.124192237854004,0.22551068663597107,5.7007598876953125,0.11913484334945679,6.377992394845933e-05
-36.09400177001953,-4.754000186920166,0.8156829476356506,3.429534912109375,0.14225825667381287,1.1980575323104858,0.15369801223278046,0.005198231898248196
-36.09400177001953,-4.754000186920166,0.6670162081718445,3.589838981628418,0.07608100771903992,0.3691848814487457,-0.39496317505836487,0.5306195020675659
-36.09400177001953,-4.754000186920166,0.5800374746322632,4.176955223083496,0.017747478559613228,0.09010971337556839,0.21189440786838531,0.4641823470592499
-36.09400177001953,-3.753999948501587,0.735410749912262,0.7459670305252075,0.036785803735256195,2.2180376052856445,-0.01983136124908924,0.11163346469402313
-36.09400177001953,-3.753999948501587,1.0070581436157227,3.3323049545288086,0.0761113241314888,0.06041043624281883,0.17121407389640808,0.5731090903282166
-36.09400177001953,-3.753999948501587,1.0381437540054321,0.0848686695098877,0.05589330196380615,0.05749130621552467,0.050282884389162064,0.3152574300765991
-36.09400177001953,-2.753999948501587,1.0679709911346436,0.8265097737312317,0.36103445291519165,2.546178102493286,0.10076723992824554,0.027221161872148514
-36.09400177001953,-2.753999948501587,1.0369153022766113,3.393049716949463,0.0642448142170906,0.09888795018196106,-0.06289535015821457,0.7382243871688843
-36.09400177001953,-2.753999948501587,1.0230423212051392,0.2567475140094757,0.06709769368171692,0.06932193040847778,-0.12822629511356354,0.2345544844865799
-36.09400177001953,-1.753999948501587,0.7769348621368408,0.7071600556373596,0.09096307307481766,1.952481746673584,-0.0008996374672278762,0.050101812928915024
-36.09400177001953,-1.753999948501587,1.162623405456543,3.850470542907715,0.08891487121582031,0.023142728954553604,-0.039301805198192596,0.3707432150840759
-36.09400177001953,-1.753999948501587,1.236872911453247,0.522908627986908,0.08163116127252579,0.04112352430820465,-0.006056024692952633,0.5791549682617188
-36.09400177001953,-0.7540000081062317,1.0622711181640625,1.1276553869247437,0.10242670029401779,1.0578596591949463,0.07658518105745316,0.7639744281768799
-36.09400177001953,-0.7540000081062317,1.114530086517334,3.2879366874694824,0.20379403233528137,0.7012321352958679,-0.2541462481021881,0.17855598032474518
-36.09400177001953,-0.7540000081062317,1.2258278131484985,0.8856824636459351,0.1579308956861496,0.1854158192873001,-0.017239054664969444,0.05746962130069733
-36.09400177001953,0.2460000067949295,0.6699600219726562,6.023007392883301,0.03415968269109726,0.5064449906349182,-0.14917002618312836,0.17827442288398743
-36.09400177001953,0.2460000067949295,0.6743470430374146,1.6432850360870361,0.052085693925619125,0.2941310405731201,-0.016625961288809776,0.8208224177360535
-36.09400177001953,0.2460000067949295,0.9239004254341125,1.507930040359497,1.2952200174331665,4.358259201049805,0.09577309340238571,0.0009031198569573462
-36.09400177001953,1.246000051498413,0.9082062840461731,0.3580950200557709,0.09496613591909409,2.6159634590148926,0.054423123598098755,0.028372159227728844
-36.09400177001953,1.246000051498413,0.8335564136505127,3.111989974975586,0.08800221979618073,0.22410763800144196,0.2357891947031021,0.29208657145500183
-36.09400177001953,1.246000051498413,0.7335783839225769,0.7577000856399536,0.05766817927360535,0.041127365082502365,0.0019955832976847887,0.679541289806366
-35.09400177001953,-4.754000186920166,0.7216490507125854,4.906440258026123,0.024503067135810852,0.3898620009422302,-0.0095364423468709,0.1421862095594406
-35.09400177001953,-4.754000186920166,0.7461772561073303,2.9970645904541016,0.1575343757867813,0.9731283187866211,0.06882519274950027,0.009834375232458115
-35.09400177001953,-4.754000186920166,0.8327402472496033,5.9928693771362305,0.024001646786928177,0.047349974513053894,0.12948237359523773,0.8479794859886169
-35.09400177001953,-3.753999948501587,0.7193466424942017,6.252377510070801,0.037284862250089645,2.4468870162963867,0.0013580857776105404,0.08307212591171265
-35.09400177001953,-3.753999948501587,1.0779832601547241,3.5037577152252197,0.09502830356359482,0.050599757581949234,0.21359938383102417,0.5386461019515991
-35.09400177001953,-3.753999948501587,1.1078550815582275,0.15879863500595093,0.06559313833713531,0.06855320930480957,0.04272729158401489,0.3782818615436554
-35.09400177001953,-2.753999948501587,0.9997383952140808,1.9115322828292847,0.21655185520648956,1.9170832633972168,0.046233538538217545,0.04433303698897362
-35.09400177001953,-2.753999948501587,1.071186900138855,3.5677671432495117,0.05967540666460991,0.05095824599266052,-0.09602368623018265,0.6468963623046875
-35.09400177001953,-2.753999948501587,1.1014245748519897,0.3278597593307495,0.06610644608736038,0.05359688773751259,-0.09508083760738373,0.3087705969810486
-35.09400177001953,-1.753999948501587,0.7802453637123108,0.23533308506011963,0.08318052440881729,2.122492551803589,-0.008997833356261253,0.052553627640008926
-35.09400177001953,-1.753999948501587,1.104522705078125,3.814440965652466,0.0674176812171936,0.02559014782309532,-0.03988869860768318,0.3326401114463806
-35.09400177001953,-1.753999948501587,1.1771858930587769,0.5010896921157837,0.06471776217222214,0.0368538536131382,-0.11672145873308182,0.6148062944412231
-35.09400177001953,-0.7540000081062317,0.7420196533203125,1.765648365020752,0.047130998224020004,1.670634150505066,0.012092807330191135,0.11796218156814575
-35.09400177001953,-0.7540000081062317,0.9699428677558899,3.8185107707977295,0.08506786823272705,0.037055566906929016,-0.17539404332637787,0.3250754475593567
-35.09400177001953,-0.7540000081062317,1.1555750370025635,0.8470399975776672,0.10064138472080231,0.05363650247454643,0.1140614002943039,0.5569624304771423
-35.09400177001953,0.2460000067949295,0.8667599558830261,1.2185375690460205,0.10479655116796494,0.7730817794799805,-0.2208356112241745,0.1047053188085556
-35.09400177001953,0.2460000067949295,0.6810762286186218,1.719173550605774,0.035307079553604126,0.3624376952648163,0.13891446590423584,0.8898003697395325
-35.09400177001953,0.2460000067949295,0.8306757211685181,1.7750164270401,0.5688258409500122,2.29312801361084,0.14004899561405182,0.005494344513863325
-34.09400177001953,-4.754000186920166,0.7143315076828003,4.576414108276367,0.0277915820479393,0.7789044976234436,0.018253881484270096,0.8282322883605957
-34.09400177001953,-4.754000186920166,0.7995472550392151,2.445091485977173,0.1470402479171753,0.22518901526927948,0.12437833845615387,0.08504139631986618
-34.09400177001953,-4.754000186920166,0.6436645984649658,5.371314525604248,0.026879344135522842,0.15640132129192352,0.21698732674121857,0.08672632277011871
-34.09400177001953,-3.753999948501587,0.7610483765602112,3.7774672508239746,0.03388441354036331,1.772465467453003,0.0434294156730175,0.36940205097198486
-34.09400177001953,-3.753999948501587,0.9759562015533447,3.473606824874878,0.10544403642416,0.12672537565231323,0.18963287770748138,0.4691199064254761
-34.09400177001953,-3.753999948501587,1.1549997329711914,0.19731086492538452,0.13657157123088837,0.13238391280174255,-0.03884575143456459,0.16147810220718384
-34.09400177001953,-2.753999948501587,0.7979294657707214,3.3241753578186035,0.07054594159126282,2.0304114818573,-0.0012279535876587033,0.0804833397269249
-34.09400177001953,-2.753999948501587,1.1540465354919434,3.716404438018799,0.06328631937503815,0.02837187424302101,-0.08772080391645432,0.6238718628883362
-34.09400177001953,-2.753999948501587,1.0750994682312012,0.40430569648742676,0.06375361233949661,0.05102558434009552,0.06920425593852997,0.2956448495388031
-34.09400177001953,-1.753999948501587,0.9888525605201721,6.170631408691406,0.2551697790622711,2.8033225536346436,0.0632307231426239,0.05294587463140488
-34.09400177001953,-1.753999948501587,1.1345252990722656,3.6891400814056396,0.07147718966007233,0.029801899567246437,-0.08635719120502472,0.46954667568206787
-34.09400177001953,-1.753999948501587,1.111432433128357,0.4332846999168396,0.05476026609539986,0.03444887325167656,-0.1015348732471466,0.47750744223594666
-34.09400177001953,-0.7540000081062317,0.7133183479309082,0.7144168019294739,0.04767708107829094,2.310579299926758,0.056804168969392776,0.04565131291747093
-34.09400177001953,-0.7540000081062317,1.053484320640564,3.85776948928833,0.07723972946405411,0.014796407893300056,-0.17251621186733246,0.2598801255226135
-34.09400177001953,-0.7540000081062317,1.1459903717041016,0.6563460826873779,0.07649724185466766,0.032053202390670776,0.008629106916487217,0.6944685578346252
-34.09400177001953,0.2460000067949295,0.6070225238800049,1.4047973155975342,0.03775285184383392,1.6394098997116089,-0.008645141497254372,0.2734420895576477
-34.09400177001953,0.2460000067949295,0.5308414697647095,3.382798194885254,0.018171103671193123,0.27607277035713196,0.044408008456230164,0.6891506910324097
-34.09400177001953,0.2460000067949295,0.6422524452209473,1.0393112897872925,0.05450030416250229,0.6977061033248901,0.047855254262685776,0.037407293915748596
-34.09400177001953,1.246000051498413,0.7482688426971436,1.9852689504623413,0.1522790491580963,1.595059871673584,0.004412563983350992,0.015327434986829758
-34.09400177001953,1.246000051498413,0.6607137322425842,2.76505970954895,0.024589722976088524,0.24551048874855042,0.3002419173717499,0.7989460229873657
-34.09400177001953,1.246000051498413,0.649134635925293,2.2433111667633057,0.03907497227191925,0.19110223650932312,-0.09592044353485107,0.1857265681028366
-33.09400177001953,-5.754000186920166,0.7656051516532898,5.828144073486328,0.020101770758628845,4.458796977996826,-0.11285004019737244,0.003351610153913498
-33.09400177001953,-5.754000186920166,0.6185092926025391,3.32063364982605,0.02950015477836132,0.27872729301452637,0.44047999382019043,0.2623865306377411
-33.09400177001953,-5.754000186920166,0.6575129628181458,4.058158874511719,0.06718184798955917,0.12151390314102173,-0.006815359462052584,0.7342618107795715
-33.09400177001953,-4.754000186920166,0.7395125031471252,2.4955320358276367,0.07452908903360367,1.0810402631759644,0.19389311969280243,0.3105028569698334
-33.09400177001953,-4.754000186920166,0.6835123300552368,2.299041509628296,0.03714834898710251,0.17992229759693146,-0.030386166647076607,0.33683910965919495
-33.09400177001953,-4.754000186920166,0.5912119150161743,4.414726257324219,0.013370182365179062,0.3274432122707367,0.2923801839351654,0.35265809297561646
-33.09400177001953,-3.753999948501587,0.8915264010429382,3.8990960121154785,0.06074037030339241,1.2851239442825317,0.032019078731536865,0.465162068605423
-33.09400177001953,-3.753999948501587,0.9467789530754089,3.5595529079437256,0.06948409229516983,0.163122296333313,0.15296430885791779,0.4192555546760559
-33.09400177001953,-3.753999948501587,1.1469228267669678,0.14374253153800964,0.14113423228263855,0.29755699634552,-0.16528832912445068,0.11558238416910172
-33.09400177001953,-2.753999948501587,0.749122679233551,2.9184885025024414,0.05690247565507889,2.3459556102752686,0.021022139117121696,0.06653992086648941
-33.09400177001953,-2.753999948501587,1.1555057764053345,3.599064826965332,0.0682390108704567,0.020229356363415718,0.015106001868844032,0.5245065689086914
-33.09400177001953,-2.753999948501587,0.9520549178123474,0.2921803593635559,0.05639217793941498,0.066379114985466,0.2610465884208679,0.4089534878730774
-33.09400177001953,-1.753999948501587,1.1665127277374268,0.1640232503414154,0.47731879353523254,2.8115274906158447,0.08893371373414993,0.06399089097976685
-33.09400177001953,-1.753999948501587,1.1718864440917969,3.5904505252838135,0.05691275745630264,0.020983438938856125,0.021348552778363228,0.6553617119789124
-33.09400177001953,-1.753999948501587,1.141723871231079,0.3995683193206787,0.05198413506150246,0.029940776526927948,-0.08574816584587097,0.280647337436676
-33.09400177001953,-0.7540000081062317,0.7006860971450806,0.25895822048187256,0.022055210545659065,1.8001441955566406,0.065126433968544,0.3782743215560913
-33.09400177001953,-0.7540000081062317,1.0146137475967407,3.7553746700286865,0.0786312073469162,0.057080432772636414,-0.006564344745129347,0.278827041387558
-33.09400177001953,-0.7540000081062317,1.0833576917648315,0.6610006093978882,0.062088508158922195,0.05749262124300003,-0.10923902690410614,0.34289872646331787
-33.09400177001953,0.2460000067949295,0.6018136143684387,3.7011539936065674,0.016832944005727768,1.7392337322235107,-0.11628317832946777,0.6678234934806824
-33.09400177001953,0.2460000067949295,1.1824883222579956,3.6896212100982666,0.24220526218414307,0.02008645422756672,-0.05407615378499031,0.11867156624794006
-33.09400177001953,0.2460000067949295,1.049461007118225,0.7239945530891418,0.09570028632879257,0.037827037274837494,-0.043455544859170914,0.21350497007369995
-33.09400177001953,1.246000051498413,0.44244807958602905,1.8533109426498413,0.018950607627630234,1.0367424488067627,-0.004624946042895317,0.1499035358428955
-33.09400177001953,1.246000051498413,0.5720515251159668,2.8820443153381348,0.04143198952078819,0.3508123755455017,-0.001615329529158771,0.03166259825229645
-33.09400177001953,1.246000051498413,0.7577981352806091,0.9251433610916138,0.017901163548231125,0.08466202765703201,-0.014339255169034004,0.8184338212013245
-33.09400177001953,2.246000051498413,0.6985698938369751,1.3512042760849,0.0361272357404232,1.730550765991211,0.22484801709651947,0.25910547375679016
-33.09400177001953,2.246000051498413,0.6703797578811646,3.586867094039917,0.06821727752685547,1.9497036933898926,0.12193132936954498,0.29137375950813293
-33.09400177001953,2.246000051498413,0.8636344075202942,0.3194873332977295,0.05710276961326599,0.15565648674964905,0.12980563938617706,0.4495207369327545
-32.09400177001953,-6.754000186920166,0.8270552754402161,4.3767499923706055,0.013325901702046394,0.33201053738594055,-0.3079482316970825,0.15605778992176056
-32.09400177001953,-6.754000186920166,0.8414003252983093,1.7968976497650146,0.0631180927157402,0.605259358882904,0.04626818373799324,0.0014939403627067804
-32.09400177001953,-6.754000186920166,0.689479410648346,4.359814643859863,0.0061058709397912025,0.05472314730286598,-0.1714693009853363,0.8424482941627502
-32.09400177001953,-5.754000186920166,0.6078829765319824,3.8649206161499023,0.021577315405011177,1.0068988800048828,-0.04266328364610672,0.12593695521354675
-32.09400177001953,-5.754000186920166,0.7664260268211365,3.3715720176696777,0.10435936599969864,0.29946404695510864,0.09312723577022552,0.3175896406173706
-32.09400177001953,-5.754000186920166,0.9232457876205444,4.926998138427734,0.09534630179405212,0.0901295468211174,-0.0972137451171875,0.5564733743667603
-32.09400177001953,-4.754000186920166,0.7680227160453796,4.646829605102539,0.06045942381024361,1.5761359930038452,0.24108834564685822,0.4030333161354065
-32.09400177001953,-4.754000186920166,0.7659115791320801,2.485511064529419,0.08785388618707657,0.21755535900592804,0.011070621199905872,0.25132474303245544
-32.09400177001953,-4.754000186920166,0.8132093548774719,5.485467910766602,0.05408068001270294,0.10279934853315353,0.10351582616567612,0.34564194083213806
-32.09400177001953,-3.753999948501587,0.9574490189552307,5.612394332885742,0.14687858521938324,1.7387217283248901,0.05314638465642929,0.2119274139404297
-32.09400177001953,-3.753999948501587,1.0034301280975342,3.947605609893799,0.06159892678260803,0.06344029307365417,-0.014930639415979385,0.7717849612236023
-32.09400177001953,-3.753999948501587,0.9624145030975342,0.1862633377313614,0.09043008834123611,0.07336918264627457,-0.018934395164251328,0.016287626698613167
-32.09400177001953,-2.753999948501587,0.7803705334663391,3.0546247959136963,0.03810596093535423,2.37019419670105,-0.02506447210907936,0.2991965413093567
-32.09400177001953,-2.753999948501587,1.2186074256896973,3.62503719329834,0.0799737349152565,0.012808265164494514,0.002225468633696437,0.5454469919204712
-32.09400177001953,-2.753999948501587,1.055923342704773,0.4221605062484741,0.07113667577505112,0.04763031750917435,0.16107028722763062,0.15535639226436615
-32.09400177001953,-1.753999948501587,1.0351569652557373,0.15708236396312714,0.3150712549686432,2.2871499061584473,0.047888368368148804,0.0594768300652504
-32.09400177001953,-1.753999948501587,1.1937601566314697,3.609567165374756,0.07946041971445084,0.019376909360289574,-0.03890017420053482,0.5759521126747131
-32.09400177001953,-1.753999948501587,1.0511530637741089,0.40559419989585876,0.05562314763665199,0.03376070410013199,0.0020709591917693615,0.36457109451293945
-32.09400177001953,-0.7540000081062317,0.8459140062332153,0.4697572588920593,0.10009242594242096,2.2164318561553955,0.01617891900241375,0.13671961426734924
-32.09400177001953,-0.7540000081062317,1.1278764009475708,3.489672899246216,0.10117804259061813,0.028964851051568985,-0.07727079093456268,0.45027366280555725
-32.09400177001953,-0.7540000081062317,1.078356146812439,0.3543556034564972,0.05748879909515381,0.026574749499559402,-0.08552151173353195,0.4130067527294159
-32.09400177001953,0.2460000067949295,0.6719517707824707,1.7605613470077515,0.03469393774867058,3.017378091812134,-0.1259739249944687,0.3048771917819977
-32.09400177001953,0.2460000067949295,1.2534531354904175,3.8620383739471436,0.24184632301330566,0.010479784570634365,-0.021151894703507423,0.2719922363758087
-32.09400177001953,0.2460000067949295,1.0175633430480957,0.7991824150085449,0.06823417544364929,0.06524544954299927,-0.22366943955421448,0.4231305420398712
-32.09400177001953,1.246000051498413,0.661780595779419,0.9802412986755371,0.03849172219634056,1.5857542753219604,-0.09626173228025436,0.26952874660491943
-32.09400177001953,1.246000051498413,1.0811309814453125,3.8531696796417236,0.12087322026491165,0.035575445741415024,0.04889488220214844,0.23042312264442444
-32.09400177001953,1.246000051498413,1.222103476524353,0.6291300058364868,0.09012643247842789,0.022248834371566772,-0.11844713985919952,0.5000481605529785
-32.09400177001953,2.246000051498413,0.6232185959815979,2.470005989074707,0.01318592019379139,1.0116654634475708,0.02817784808576107,0.9063873887062073
-32.09400177001953,2.246000051498413,0.8027716875076294,3.9537405967712402,0.17290958762168884,0.5513123869895935,0.15238350629806519,0.025404121726751328
-32.09400177001953,2.246000051498413,1.0744128227233887,0.3701419532299042,0.11015526205301285,0.061870843172073364,0.14770305156707764,0.06820846349000931
-32.09400177001953,3.246000051498413,0.9666224718093872,1.9556704759597778,0.4625241458415985,3.195584774017334,0.1362086534500122,0.0004406468942761421
-32.09400177001953,3.246000051498413,0.7412731051445007,1.8443629741668701,0.02626446820795536,0.08022811263799667,0.5133011341094971,0.998380184173584
-32.09400177001953,3.246000051498413,0.8546558618545532,1.719551920890808,0.37049105763435364,0.39644697308540344,-0.09290491789579391,0.0011792384320870042
-32.09400177001953,4.245999813079834,1.1018223762512207,2.60299015045166,0.6298137903213501,1.683065414428711,0.22718988358974457,0.007177869323641062
-32.09400177001953,4.245999813079834,0.8601946234703064,1.1780515909194946,0.10703296214342117,0.1667817384004593,-0.11534956097602844,0.9921963214874268
-32.09400177001953,4.245999813079834,0.8531613945960999,0.9251952171325684,0.6318129897117615,1.7887156009674072,-0.01536014024168253,0.0006257951026782393
-31.0939998626709,-6.754000186920166,0.6065768003463745,0.13335949182510376,0.0010309520876035094,0.47193506360054016,-0.17206540703773499,0.9939308166503906
-31.0939998626709,-6.754000186920166,0.864989161491394,2.2607433795928955,0.1443721055984497,3.1825947761535645,-0.040009334683418274,0.002074379241093993
-31.0939998626709,-6.754000186920166,0.7254380583763123,5.356250286102295,0.033594001084566116,0.34620893001556396,-0.1840096414089203,0.003994849510490894
-31.0939998626709,-5.754000186920166,0.7433404922485352,5.9826860427856445,0.012997112236917019,0.18980279564857483,0.020612671971321106,0.679530143737793
-31.0939998626709,-5.754000186920166,0.9915318489074707,3.214979648590088,0.23627451062202454,1.5737881660461426,0.11947593837976456,0.00656156474724412
-31.0939998626709,-5.754000186920166,1.013458013534546,5.976749420166016,0.07368139177560806,0.08168984204530716,-0.039193350821733475,0.3139082193374634
-31.0939998626709,-4.754000186920166,0.6826862096786499,0.40630197525024414,0.02054337039589882,2.5955705642700195,0.10059989988803864,0.6348153352737427
-31.0939998626709,-4.754000186920166,0.8119472861289978,3.681480646133423,0.15961909294128418,0.5345298051834106,-0.1468505710363388,0.25274038314819336
-31.0939998626709,-4.754000186920166,0.9505004286766052,5.043415069580078,0.08529244363307953,0.07870343327522278,0.005864792037755251,0.11244431883096695
-31.0939998626709,-3.753999948501587,0.8577470779418945,6.217052459716797,0.031606078147888184,1.524246335029602,0.08352355659008026,0.40819886326789856
-31.0939998626709,-3.753999948501587,0.9323840141296387,4.444165229797363,0.0434577502310276,0.276582270860672,-0.1692371964454651,0.5898634791374207
-31.0939998626709,-3.753999948501587,1.033835768699646,6.166264533996582,0.06790552288293839,0.039246514439582825,0.05060916393995285,0.0019377359421923757
-31.0939998626709,-2.753999948501587,0.8685749769210815,2.593304395675659,0.05760430917143822,2.7817046642303467,-0.009404182434082031,0.388784795999527
-31.0939998626709,-2.753999948501587,1.2869923114776611,3.758639335632324,0.12375183403491974,0.009095617569983006,-0.0024247837718576193,0.4864802062511444
-31.0939998626709,-2.753999948501587,0.9912937879562378,0.6663270592689514,0.06252933293581009,0.06311770528554916,0.08797713369131088,0.12473495304584503
-31.0939998626709,-1.753999948501587,1.0948057174682617,0.5905675888061523,0.34372830390930176,2.8489978313446045,0.010997326113283634,0.07711651921272278
-31.0939998626709,-1.753999948501587,1.304829478263855,3.5697951316833496,0.07012150436639786,0.020181693136692047,-0.0016536923358216882,0.7155759930610657
-31.0939998626709,-1.753999948501587,1.0304449796676636,0.2954791784286499,0.03877033293247223,0.03900917246937752,-0.13448333740234375,0.20730750262737274
-31.0939998626709,-0.7540000081062317,1.212414026260376,0.6079751253128052,0.9125495553016663,3.8959059715270996,0.051270343363285065,0.009185856208205223
-31.0939998626709,-0.7540000081062317,1.3299756050109863,3.5735068321228027,0.08902330696582794,0.01754974201321602,-0.17593473196029663,0.5918088555335999
-31.0939998626709,-0.7540000081062317,1.112027645111084,0.4054681360721588,0.04895660653710365,0.03130695968866348,-0.08616159856319427,0.39900529384613037
-31.0939998626709,0.2460000067949295,0.6752552390098572,1.4442247152328491,0.03275574743747711,2.911879539489746,-0.1058916449546814,0.3140610456466675
-31.0939998626709,0.2460000067949295,1.1448794603347778,3.712061882019043,0.22854340076446533,0.018712183460593224,0.15513527393341064,0.16864769160747528
-31.0939998626709,0.2460000067949295,1.0777310132980347,0.6385686993598938,0.06297971308231354,0.06196458265185356,-0.19174620509147644,0.5172911882400513
-31.0939998626709,1.246000051498413,0.711736798286438,0.21026276051998138,0.03607327863574028,1.7329750061035156,-0.14534705877304077,0.08567168563604355
-31.0939998626709,1.246000051498413,1.0807733535766602,3.86954665184021,0.07644252479076385,0.01842818409204483,0.14374691247940063,0.31937551498413086
-31.0939998626709,1.246000051498413,1.4279274940490723,0.7148572206497192,0.14014093577861786,0.037838421761989594,-0.14411744475364685,0.5949527621269226
-31.0939998626709,2.246000051498413,0.7153921127319336,3.2156238555908203,0.036826133728027344,1.8320870399475098,-0.027270860970020294,0.1490837037563324
-31.0939998626709,2.246000051498413,1.0001484155654907,3.8648791313171387,0.0679248571395874,0.016935739666223526,0.0639728531241417,0.1750422865152359
-31.0939998626709,2.246000051498413,1.0359828472137451,0.6280477046966553,0.05799615755677223,0.02457437850534916,0.18305790424346924,0.6758739948272705
-31.0939998626709,3.246000051498413,0.7389051914215088,0.3267982602119446,0.03949851170182228,1.2442550659179688,0.05468720197677612,0.27115917205810547
-31.0939998626709,3.246000051498413,0.8256229162216187,3.1996371746063232,0.07668048143386841,0.29918763041496277,0.0007564605330117047,0.7101016044616699
-31.0939998626709,3.246000051498413,0.9432637691497803,5.871650695800781,0.1151757687330246,0.3102475702762604,0.06210722774267197,0.01873921789228916
-31.0939998626709,4.245999813079834,0.7764778733253479,1.7417469024658203,0.09504581987857819,1.4257901906967163,-0.17755348980426788,0.06354573369026184
-31.0939998626709,4.245999813079834,0.5475424528121948,3.810084819793701,0.01824103109538555,0.2936890423297882,-0.0013370602391660213,0.6852979063987732
-31.0939998626709,4.245999813079834,0.5205608606338501,4.082284927368164,0.02563631348311901,0.49124231934547424,0.247087299823761,0.25115635991096497
-31.0939998626709,5.245999813079834,1.2023167610168457,5.997533798217773,1.2085144519805908,0.7128750681877136,0.10203471034765244,0.12866444885730743
-31.0939998626709,5.245999813079834,1.205007553100586,1.8349601030349731,0.07603924721479416,0.008758884854614735,-0.485507994890213,0.4716167151927948
-31.0939998626709,5.245999813079834,0.9333772659301758,5.867162227630615,0.05789719894528389,0.055364906787872314,-0.02487192302942276,0.3997188210487366
-30.0939998626709,-5.754000186920166,0.8340235352516174,4.679205417633057,0.13395139575004578,0.9696199297904968,0.041323501616716385,0.033416908234357834
-30.0939998626709,-5.754000186920166,0.9812147617340088,3.083112955093384,0.1684177964925766,0.2049075961112976,0.08979532867670059,0.0505429208278656
-30.0939998626709,-5.754000186920166,0.8401749134063721,5.880703449249268,0.04196397587656975,0.07621457427740097,-0.12126459181308746,0.9160401821136475
-30.0939998626709,-4.754000186920166,1.0265331268310547,4.896013259887695,0.12690672278404236,0.45242804288864136,0.009831809438765049,0.05532875284552574
-30.0939998626709,-4.754000186920166,0.7419593930244446,2.51664662361145,0.10436075925827026,0.6112919449806213,0.34541940689086914,0.02986907958984375
-30.0939998626709,-4.754000186920166,0.7795203924179077,4.785057544708252,0.03980090841650963,0.05578214302659035,0.14823521673679352,0.9148021936416626
-30.0939998626709,-3.753999948501587,1.179197072982788,2.1648905277252197,2.0235700607299805,1.9090579748153687,0.10712350904941559,0.0006716202478855848
-30.0939998626709,-3.753999948501587,0.8027865886688232,4.788553237915039,0.006979653611779213,0.04381531476974487,-0.006417655851691961,0.9990159273147583
-30.0939998626709,-3.753999948501587,0.5819689035415649,0.4313853979110718,0.047755785286426544,1.9340801239013672,0.45648884773254395,0.00031237248913384974
-30.0939998626709,-2.753999948501587,0.9167629480361938,1.878623127937317,0.09951845556497574,1.3662852048873901,0.10667337477207184,0.14271007478237152
-30.0939998626709,-2.753999948501587,0.9095204472541809,4.345486640930176,0.08106763660907745,0.0868268758058548,0.0544031523168087,0.17541439831256866
-30.0939998626709,-2.753999948501587,0.9023584127426147,1.0034576654434204,0.03357253223657608,0.059993818402290344,-0.20124424993991852,0.681875467300415
-30.0939998626709,-1.753999948501587,0.8784518241882324,2.797057628631592,0.10135474801063538,1.7624295949935913,-0.054669179022312164,0.062325164675712585
-30.0939998626709,-1.753999948501587,1.1238402128219604,3.9134275913238525,0.07028578221797943,0.021483147516846657,0.12812931835651398,0.6483502388000488
-30.0939998626709,-1.753999948501587,1.1129775047302246,0.8086567521095276,0.07498358190059662,0.0938420444726944,-0.1349322646856308,0.28932467103004456
-30.0939998626709,-0.7540000081062317,1.0632641315460205,1.0982023477554321,0.39740073680877686,2.674006700515747,0.014198278076946735,0.03637232631444931
-30.0939998626709,-0.7540000081062317,1.190003514289856,3.705075740814209,0.06443246454000473,0.02579796314239502,-0.06912214308977127,0.6472069025039673
-30.0939998626709,-0.7540000081062317,1.1839525699615479,0.43708065152168274,0.06528084725141525,0.03267783671617508,-0.09227976202964783,0.31642070412635803
-30.0939998626709,0.2460000067949295,0.7613840699195862,1.2171331644058228,0.06407572329044342,2.4698646068573,-0.046989623457193375,0.06998693943023682
-30.0939998626709,0.2460000067949295,1.098470687866211,3.89597749710083,0.08341240137815475,0.03520087152719498,0.07611871510744095,0.48172101378440857
-30.0939998626709,0.2460000067949295,1.263634443283081,0.5456380844116211,0.09847085922956467,0.05695731192827225,-0.1591843068599701,0.4482920169830322
-30.0939998626709,1.246000051498413,0.649858832359314,0.2061096429824829,0.03431982174515724,2.1012301445007324,-0.049818333238363266,0.19803842902183533
-30.0939998626709,1.246000051498413,1.0516265630722046,3.9401192665100098,0.07591617852449417,0.019011443480849266,0.08739056438207626,0.40444183349609375
-30.0939998626709,1.246000051498413,1.2177568674087524,0.6495537757873535,0.09219247102737427,0.051342710852622986,-0.10576146095991135,0.3975197672843933
-30.0939998626709,2.246000051498413,0.8686160445213318,3.109766960144043,0.09330213814973831,2.4172635078430176,-0.035380274057388306,0.05714882165193558
-30.0939998626709,2.246000051498413,1.2348378896713257,3.7344164848327637,0.10755560547113419,0.009209400974214077,0.022919911891222,0.24109728634357452
-30.0939998626709,2.246000051498413,1.0800262689590454,0.5805720090866089,0.04200685769319534,0.017175719141960144,0.06293634325265884,0.7017539143562317
-30.0939998626709,3.246000051498413,0.7079878449440002,5.318370819091797,0.03588996082544327,1.4805448055267334,0.12604832649230957,0.35279399156570435
-30.0939998626709,3.246000051498413,0.813130259513855,3.6659560203552246,0.0714854896068573,0.21324089169502258,0.08626846224069595,0.27514976263046265
-30.0939998626709,3.246000051498413,0.9105246663093567,0.7597470283508301,0.06787218153476715,0.0966855064034462,-0.04873581603169441,0.37205618619918823
-30.0939998626709,4.245999813079834,0.6957492828369141,3.079440116882324,0.11478463560342789,1.338865041732788,0.08593371510505676,0.04313894361257553
-30.0939998626709,4.245999813079834,0.5362190008163452,1.9848079681396484,0.017287077382206917,0.19944006204605103,-0.2251679003238678,0.6822264790534973
-30.0939998626709,4.245999813079834,0.574930727481842,5.925276756286621,0.024526523426175117,0.1213764026761055,0.04514307528734207,0.27463462948799133
-30.0939998626709,5.245999813079834,0.8071197271347046,6.016374111175537,0.0793018639087677,0.7695243954658508,0.09264499694108963,0.4802877902984619
-30.0939998626709,5.245999813079834,0.8345729112625122,1.7812693119049072,0.09874456375837326,0.03152964264154434,-0.18321244418621063,0.49448472261428833
-30.0939998626709,5.245999813079834,0.8877236247062683,0.02862435206770897,0.20618002116680145,0.17363689839839935,-0.03314706310629845,0.025227516889572144
-29.0939998626709,-1.753999948501587,0.7543652057647705,3.7974905967712402,0.17408260703086853,0.9983706474304199,0.012811897322535515,0.006070615258067846
-29.0939998626709,-1.753999948501587,0.881943941116333,4.268643379211426,0.06809305399656296,0.10340222716331482,0.10074068605899811,0.18577775359153748
-29.0939998626709,-1.753999948501587,0.9978283047676086,1.0527747869491577,0.08290933072566986,0.10947192460298538,-0.09504862874746323,0.8081516027450562
-29.0939998626709,-0.7540000081062317,1.1928390264511108,1.635369062423706,0.8714279532432556,2.357996702194214,0.0411655530333519,0.015622119419276714
-29.0939998626709,-0.7540000081062317,1.2227931022644043,3.9084415435791016,0.08563755452632904,0.027876192703843117,0.005590253043919802,0.6768785715103149
-29.0939998626709,-0.7540000081062317,1.1921881437301636,0.6034911274909973,0.07109091430902481,0.03571924939751625,-0.1001296117901802,0.30749934911727905
-29.0939998626709,0.2460000067949295,1.1717438697814941,2.826342821121216,0.7663541436195374,3.6569149494171143,0.04016385227441788,0.013331075198948383
-29.0939998626709,0.2460000067949295,1.2399091720581055,3.888899564743042,0.08182130008935928,0.02570297382771969,-0.080689437687397,0.5229266881942749
-29.0939998626709,0.2460000067949295,1.1776950359344482,0.5836284756660461,0.05784948542714119,0.03907639905810356,-0.12511223554611206,0.4637422561645508
-29.0939998626709,1.246000051498413,0.8415135741233826,1.5468026399612427,0.15552498400211334,2.0865111351013184,0.018371528014540672,0.07314447313547134
-29.0939998626709,1.246000051498413,1.024017572402954,3.926746129989624,0.07696584612131119,0.03065985068678856,0.13245098292827606,0.42987608909606934
-29.0939998626709,1.246000051498413,1.0534883737564087,0.7814698815345764,0.07443905621767044,0.058875922113657,-0.030953610315918922,0.4969794750213623
-29.0939998626709,2.246000051498413,0.8214554190635681,1.5357911586761475,0.06195932254195213,2.0286049842834473,-0.013282731175422668,0.296347051858902
-29.0939998626709,2.246000051498413,1.191881537437439,3.5941009521484375,0.10753025114536285,0.013801222667098045,0.0675252377986908,0.3212282955646515
-29.0939998626709,2.246000051498413,1.130310297012329,0.35054367780685425,0.05099732056260109,0.022146975621581078,-0.012630625627934933,0.38242462277412415
-29.0939998626709,3.246000051498413,0.7718108892440796,5.8019185066223145,0.0358402281999588,1.932489037513733,0.06039954721927643,0.1850712150335312
-29.0939998626709,3.246000051498413,0.9881585836410522,3.6255621910095215,0.0841924175620079,0.044019464403390884,0.09118155390024185,0.22234567999839783
-29.0939998626709,3.246000051498413,1.2222474813461304,0.6394507884979248,0.10154387354850769,0.030956095084547997,-0.04996322840452194,0.5925830602645874
-29.0939998626709,4.245999813079834,0.743729829788208,3.298414468765259,0.07310914248228073,1.5152181386947632,0.1390548050403595,0.07217030227184296
-29.0939998626709,4.245999813079834,0.5081931352615356,2.374176502227783,0.015111880376935005,1.7220919132232666,0.1174129843711853,0.8158816695213318
-29.0939998626709,4.245999813079834,0.8731739521026611,0.838045060634613,0.06055566295981407,0.08985591679811478,0.019059380516409874,0.11194805800914764
-29.0939998626709,5.245999813079834,0.52625572681427,3.3554463386535645,0.055573251098394394,1.1226227283477783,0.013476856984198093,0.021564487367868423
-29.0939998626709,5.245999813079834,0.5040051937103271,2.3415749073028564,0.02298896759748459,0.3509969115257263,-0.2197411209344864,0.9558054208755493
-29.0939998626709,5.245999813079834,0.5576252937316895,4.714828968048096,0.03562474250793457,0.6448027491569519,0.11755277216434479,0.02263016439974308
-29.0939998626709,6.245999813079834,0.8961073160171509,2.3906633853912354,0.24145494401454926,3.029648542404175,0.24362491071224213,0.03150311857461929
-29.0939998626709,6.245999813079834,0.6731884479522705,3.24955677986145,0.056989774107933044,0.2987775206565857,0.12399863451719284,0.829909086227417
-29.0939998626709,6.245999813079834,0.7051626443862915,1.0534144639968872,0.07265253365039825,0.11774061620235443,-0.26722002029418945,0.1385878622531891
-28.0939998626709,-0.7540000081062317,1.1297006607055664,1.3367948532104492,0.7496792078018188,2.7223198413848877,0.12230731546878815,0.06641549617052078
-28.0939998626709,-0.7540000081062317,1.0497112274169922,3.9053707122802734,0.08042286336421967,0.07842488586902618,-0.047039590775966644,0.7017276287078857
-28.0939998626709,-0.7540000081062317,0.969257652759552,0.4065430164337158,0.06656442582607269,0.06854686886072159,-0.1586717665195465,0.2318568229675293
-28.0939998626709,0.2460000067949295,1.085392951965332,3.0758161544799805,0.3943318724632263,2.5916190147399902,0.029828330501914024,0.03663783147931099
-28.0939998626709,0.2460000067949295,1.2097363471984863,3.9465110301971436,0.10840599983930588,0.03435574471950531,-0.0430101677775383,0.509529173374176
-28.0939998626709,0.2460000067949295,1.0789176225662231,0.617382287979126,0.06375644356012344,0.0642629861831665,-0.08554109930992126,0.4538330137729645
-28.0939998626709,1.246000051498413,0.9652098417282104,2.1126649379730225,0.18288810551166534,2.5083587169647217,-0.016972633078694344,0.03283533826470375
-28.0939998626709,1.246000051498413,1.143296241760254,3.7772090435028076,0.07909928262233734,0.02294640801846981,0.0004497045010793954,0.3299683928489685
-28.0939998626709,1.246000051498413,1.093158483505249,0.7047221064567566,0.06326049566268921,0.03921542316675186,-0.005250716581940651,0.6371962428092957
-28.0939998626709,2.246000051498413,0.8194906711578369,1.6354353427886963,0.041064873337745667,1.6725311279296875,-0.037650514394044876,0.3287334740161896
-28.0939998626709,2.246000051498413,1.1384685039520264,3.7853970527648926,0.07277703285217285,0.03010917268693447,0.08232210576534271,0.33401820063591003
-28.0939998626709,2.246000051498413,1.2307127714157104,0.6295493245124817,0.061258576810359955,0.03099202923476696,-0.09591226279735565,0.3372483253479004
-28.0939998626709,3.246000051498413,0.9214295744895935,1.245481014251709,0.09682534635066986,2.286188840866089,0.0056242188438773155,0.14534462988376617
-28.0939998626709,3.246000051498413,1.163455843925476,3.685833692550659,0.0937221571803093,0.023314353078603745,0.12752005457878113,0.2876475751399994
-28.0939998626709,3.246000051498413,1.1972087621688843,0.535859227180481,0.07720362395048141,0.027298083528876305,-0.00574678648263216,0.567007839679718
-28.0939998626709,4.245999813079834,0.5808863639831543,5.239495754241943,0.018537485972046852,1.4933358430862427,0.0474654920399189,0.35870519280433655
-28.0939998626709,4.245999813079834,0.7931356430053711,3.1921072006225586,0.08654522150754929,0.17407934367656708,0.17456459999084473,0.16943421959877014
-28.0939998626709,4.245999813079834,1.1147799491882324,0.603094756603241,0.12484726309776306,0.021243859082460403,-0.12696143984794617,0.47186052799224854
-28.0939998626709,5.245999813079834,0.5450858473777771,4.912764549255371,0.016681795939803123,1.2111040353775024,0.029522396624088287,0.6627557277679443
-28.0939998626709,5.245999813079834,0.7315508127212524,2.6402134895324707,0.07656407356262207,0.4403112828731537,-0.12740835547447205,0.18980903923511505
-28.0939998626709,5.245999813079834,0.8922963738441467,0.551455020904541,0.0669867992401123,0.10865087807178497,-0.04648793488740921,0.14743520319461823
-28.0939998626709,6.245999813079834,0.8483439087867737,3.6156489849090576,0.14491398632526398,1.6731343269348145,0.08419612795114517,0.02044292539358139
-28.0939998626709,6.245999813079834,0.7723990082740784,3.150373697280884,0.09348214417695999,0.32504573464393616,0.008386440575122833,0.07863318175077438
-28.0939998626709,6.245999813079834,0.7749988436698914,1.0738199949264526,0.031778182834386826,0.02644665539264679,-0.22249525785446167,0.9009239077568054
-27.0939998626709,-0.7540000081062317,1.0971463918685913,1.8953181505203247,0.5950108170509338,2.7129745483398438,0.2341196984052658,0.0020410919096320868
-27.0939998626709,-0.7540000081062317,0.7459458112716675,4.636763095855713,0.06603764742612839,0.4167461395263672,0.15458157658576965,0.9935935139656067
-27.0939998626709,-0.7540000081062317,0.6324690580368042,0.004484228789806366,0.10382150858640671,0.6764658689498901,-0.08516780287027359,0.0043654306791722775
-27.0939998626709,0.2460000067949295,0.6374622583389282,1.9232605695724487,0.02469744347035885,1.4386345148086548,0.09130968898534775,0.5780137181282043
-27.0939998626709,0.2460000067949295,0.9685148000717163,4.2771453857421875,0.14920777082443237,0.12002568691968918,-0.13802380859851837,0.298448383808136
-27.0939998626709,0.2460000067949295,0.9432125091552734,0.1454276740550995,0.0906209722161293,0.07721973210573196,0.16906937956809998,0.12353790551424026
-27.0939998626709,1.246000051498413,0.9541220664978027,2.100804328918457,0.1398889571428299,2.282536029815674,-0.0777108371257782,0.04466767609119415
-27.0939998626709,1.246000051498413,1.2437971830368042,3.6912193298339844,0.08804306387901306,0.02841389924287796,-0.05336056277155876,0.5927845239639282
-27.0939998626709,1.246000051498413,1.1563820838928223,0.4757171869277954,0.0727287232875824,0.04139145836234093,0.08706417679786682,0.36254778504371643
-27.0939998626709,2.246000051498413,1.0627858638763428,1.8369152545928955,0.17217564582824707,2.065303087234497,0.022044425830245018,0.10602156817913055
-27.0939998626709,2.246000051498413,1.1209232807159424,3.8187146186828613,0.05474415794014931,0.025380084291100502,0.0714474618434906,0.3830620348453522
-27.0939998626709,2.246000051498413,1.2128382921218872,0.6896307468414307,0.054971735924482346,0.023762831464409828,-0.07364420592784882,0.5109164118766785
-27.0939998626709,3.246000051498413,0.8211097121238708,1.2656102180480957,0.04451153427362442,1.863954782485962,0.041397515684366226,0.2429724484682083
-27.0939998626709,3.246000051498413,1.0842541456222534,3.65960955619812,0.08757578581571579,0.062387626618146896,0.12881028652191162,0.3799419105052948
-27.0939998626709,3.246000051498413,1.0462355613708496,0.41938528418540955,0.07260257750749588,0.058353252708911896,0.132125124335289,0.37708571553230286
-27.0939998626709,4.245999813079834,0.7422877550125122,1.0230542421340942,0.04135233163833618,2.2468996047973633,0.036458902060985565,0.26471784710884094
-27.0939998626709,4.245999813079834,1.138157844543457,3.686990261077881,0.11437521874904633,0.028094466775655746,0.11589860916137695,0.27632761001586914
-27.0939998626709,4.245999813079834,1.1311676502227783,0.46059367060661316,0.08275351673364639,0.03595256432890892,0.03402263671159744,0.4589545428752899
-27.0939998626709,5.245999813079834,0.7719016075134277,1.165671944618225,0.050581566989421844,1.4104517698287964,0.02215982787311077,0.042624715715646744
-27.0939998626709,5.245999813079834,1.0716195106506348,3.486328601837158,0.13134679198265076,0.062044885009527206,0.12837249040603638,0.25220510363578796
-27.0939998626709,5.245999813079834,1.127077341079712,0.542406439781189,0.08742403984069824,0.06395088136196136,0.0953245759010315,0.705170214176178
-27.0939998626709,6.245999813079834,0.6731128096580505,1.2042628526687622,0.06478902697563171,0.868390679359436,-0.037302955985069275,0.05052369087934494
-27.0939998626709,6.245999813079834,0.9186673760414124,3.248286008834839,0.19459672272205353,0.24678723514080048,-0.06267072260379791,0.015799505636096
-27.0939998626709,6.245999813079834,1.0253320932388306,0.5071205496788025,0.04851661995053291,0.028953196480870247,-0.05092800781130791,0.9336767792701721
-27.0939998626709,7.245999813079834,1.0630342960357666,1.5718775987625122,0.37324389815330505,0.7720757722854614,0.01856253854930401,0.011159893125295639
-27.0939998626709,7.245999813079834,0.8176888227462769,3.0430078506469727,0.21391327679157257,9.00180721282959,-0.3774715065956116,0.002998625859618187
-27.0939998626709,7.245999813079834,0.7254787087440491,0.6502116322517395,0.010579912923276424,0.05555163323879242,-0.200417160987854,0.9858415126800537
-26.0939998626709,-0.7540000081062317,1.0303025245666504,4.962810516357422,0.2575032711029053,2.7096447944641113,0.27505916357040405,0.06070691719651222
-26.0939998626709,-0.7540000081062317,0.7999096512794495,3.8090953826904297,0.1153329461812973,0.5879213213920593,0.04204310104250908,0.35902905464172363
-26.0939998626709,-0.7540000081062317,0.654593288898468,0.11879381537437439,0.050303515046834946,0.09969376772642136,-0.06752396374940872,0.5802640318870544
-26.0939998626709,0.2460000067949295,0.6797358989715576,4.650915145874023,0.03484560549259186,1.3513871431350708,0.049469929188489914,0.2541622519493103
-26.0939998626709,0.2460000067949295,0.6452766060829163,4.3954620361328125,0.037695180624723434,0.1762862205505371,-0.15534532070159912,0.4678325355052948
-26.0939998626709,0.2460000067949295,0.6831387281417847,4.752373695373535,0.03871586546301842,0.13600319623947144,0.25137701630592346,0.2780052721500397
-26.0939998626709,1.246000051498413,0.8720588088035583,2.050976037979126,0.08875280618667603,2.04852294921875,-0.1125827357172966,0.09653770923614502
-26.0939998626709,1.246000051498413,1.266790509223938,3.5642142295837402,0.1432955116033554,0.03770420327782631,-0.07589517533779144,0.5870621204376221
-26.0939998626709,1.246000051498413,1.1395312547683716,0.41471341252326965,0.08905353397130966,0.05801071971654892,0.1057356521487236,0.3164002299308777
-26.0939998626709,2.246000051498413,1.0956758260726929,1.4617633819580078,0.359527587890625,2.078397512435913,0.01842395029962063,0.08868084847927094
-26.0939998626709,2.246000051498413,1.1729241609573364,3.8072550296783447,0.06709668785333633,0.03285893425345421,0.03260674700140953,0.4962984323501587
-26.0939998626709,2.246000051498413,1.1757756471633911,0.4998979866504669,0.061864010989665985,0.03332393988966942,0.0202015433460474,0.41502073407173157
-26.0939998626709,3.246000051498413,1.006372094154358,1.1082289218902588,0.16161766648292542,2.257297992706299,0.029358966276049614,0.05668075382709503
-26.0939998626709,3.246000051498413,1.1675634384155273,3.742206573486328,0.08708930760622025,0.07165079563856125,0.04771168529987335,0.43723565340042114
-26.0939998626709,3.246000051498413,1.0957144498825073,0.5169345140457153,0.0649002194404602,0.06898806989192963,0.04833757504820824,0.506083607673645
-26.0939998626709,4.245999813079834,0.8200640082359314,1.328215479850769,0.06024046242237091,1.8909223079681396,0.07438187301158905,0.12015561014413834
-26.0939998626709,4.245999813079834,1.1529128551483154,3.6691527366638184,0.09577727317810059,0.0277324877679348,0.2093905359506607,0.3514285385608673
-26.0939998626709,4.245999813079834,1.0907896757125854,0.4043637216091156,0.07452356815338135,0.0762975737452507,0.14111870527267456,0.528415858745575
-26.0939998626709,5.245999813079834,0.8304595351219177,1.0822746753692627,0.08036687225103378,1.4112548828125,0.06678596884012222,0.012055939063429832
-26.0939998626709,5.245999813079834,1.1784578561782837,3.621546745300293,0.1157822459936142,0.02621980756521225,0.15807980298995972,0.2685166597366333
-26.0939998626709,5.245999813079834,1.1953463554382324,0.4589161276817322,0.09309682250022888,0.057261873036623,0.23535360395908356,0.7194273471832275
-26.0939998626709,6.245999813079834,0.6463035941123962,5.026830196380615,0.03522899001836777,1.148930311203003,-0.0029984721913933754,0.09231185168027878
-26.0939998626709,6.245999813079834,0.9759276509284973,3.3893744945526123,0.13213485479354858,0.12799541652202606,-0.09969130158424377,0.09219881892204285
-26.0939998626709,6.245999813079834,1.2367167472839355,0.5638890266418457,0.09676017612218857,0.04401691257953644,-0.016573438420891762,0.8154893517494202
-26.0939998626709,7.245999813079834,0.9232680201530457,0.06540345400571823,0.1686585545539856,0.7910417318344116,0.04063793644309044,0.029588542878627777
-26.0939998626709,7.245999813079834,0.8826137185096741,3.0447850227355957,0.17894099652767181,2.9047532081604004,-0.3268629014492035,0.007574906572699547
-26.0939998626709,7.245999813079834,0.9370880722999573,0.41415277123451233,0.02546924725174904,0.053922805935144424,-0.1469717025756836,0.9628366231918335
-25.0939998626709,0.2460000067949295,0.8516019582748413,4.208806991577148,0.10284479707479477,1.0730584859848022,0.09279181063175201,0.20442025363445282
-25.0939998626709,0.2460000067949295,0.5557671189308167,4.2070136070251465,0.04115947335958481,0.8877015709877014,-0.1108260527253151,0.7154555320739746
-25.0939998626709,0.2460000067949295,0.5117151737213135,4.222161293029785,0.02704971469938755,0.48487603664398193,0.14292600750923157,0.08012425154447556
-25.0939998626709,1.246000051498413,0.6415565013885498,2.077463388442993,0.018184123560786247,1.5340161323547363,0.03012385591864586,0.4720163643360138
-25.0939998626709,1.246000051498413,0.8982989192008972,3.5660839080810547,0.12039865553379059,0.27246448397636414,-0.0915716215968132,0.39830470085144043
-25.0939998626709,1.246000051498413,0.8086848855018616,5.902749538421631,0.10761968046426773,0.20390690863132477,0.12257993221282959,0.1296788603067398
-25.0939998626709,2.246000051498413,1.0095303058624268,1.0111796855926514,0.2457120716571808,1.9879263639450073,-0.027538128197193146,0.05858394503593445
-25.0939998626709,2.246000051498413,1.3389122486114502,3.7846264839172363,0.11010154336690903,0.02843405306339264,0.026152433827519417,0.5456265807151794
-25.0939998626709,2.246000051498413,1.182763695716858,0.43011876940727234,0.06595899164676666,0.03547247126698494,0.1692364364862442,0.3957894444465637
-25.0939998626709,3.246000051498413,1.092484712600708,0.803634762763977,0.40006670355796814,2.0217807292938232,0.01790088415145874,0.02825034409761429
-25.0939998626709,3.246000051498413,1.2478004693984985,3.7698988914489746,0.10389554500579834,0.047040246427059174,0.035177987068891525,0.5348393321037292
-25.0939998626709,3.246000051498413,1.1232701539993286,0.42187899351119995,0.05502650886774063,0.04674272984266281,0.06021585315465927,0.43691039085388184
-25.0939998626709,4.245999813079834,0.8943868279457092,1.8595211505889893,0.11518510431051254,1.710463285446167,0.10677177459001541,0.0501079186797142
-25.0939998626709,4.245999813079834,1.1283613443374634,3.639495849609375,0.0998576208949089,0.07407396286725998,0.08411850035190582,0.29701003432273865
-25.0939998626709,4.245999813079834,1.053162932395935,0.4501833915710449,0.05937669426202774,0.09722841531038284,-0.026741696521639824,0.6528820395469666
-25.0939998626709,5.245999813079834,0.8591635823249817,1.282874345779419,0.08162005245685577,1.8831372261047363,0.04273727163672447,0.07823596149682999
-25.0939998626709,5.245999813079834,1.1940274238586426,3.647873878479004,0.11722400039434433,0.021668072789907455,-0.04666832834482193,0.3692438304424286
-25.0939998626709,5.245999813079834,1.1922236680984497,0.46038562059402466,0.10610529780387878,0.05572046712040901,0.11712251603603363,0.552520215511322
-25.0939998626709,6.245999813079834,0.8234276175498962,0.8445675373077393,0.07064373046159744,2.0236380100250244,-0.011514230631291866,0.06843233853578568
-25.0939998626709,6.245999813079834,1.2558846473693848,3.6772847175598145,0.15928439795970917,0.014917023479938507,-0.06974034011363983,0.23361791670322418
-25.0939998626709,6.245999813079834,1.2018728256225586,0.448249489068985,0.09996423870325089,0.04063556343317032,0.08387484401464462,0.6979497671127319
-25.0939998626709,7.245999813079834,0.6916909217834473,1.7128006219863892,0.04496128484606743,1.0431758165359497,0.008062321692705154,0.42017316818237305
-25.0939998626709,7.245999813079834,0.8186466693878174,3.535991907119751,0.1254173368215561,0.09340713173151016,0.0024625270161777735,0.07457027584314346
-25.0939998626709,7.245999813079834,0.9448992013931274,0.5796045064926147,0.10973203182220459,0.2513151168823242,0.05975168198347092,0.5052565336227417
-25.0939998626709,8.246000289916992,0.5817122459411621,2.196241855621338,0.010270508006215096,1.4574841260910034,-0.10372611880302429,0.3890872597694397
-25.0939998626709,8.246000289916992,0.732242226600647,4.006454944610596,0.04158038645982742,2.4662344455718994,-0.19770671427249908,0.06890201568603516
-25.0939998626709,8.246000289916992,0.884390115737915,1.6472034454345703,0.011242266744375229,0.15336798131465912,-0.16605359315872192,0.5420107245445251
-24.0939998626709,-0.7540000081062317,1.1501717567443848,4.57865047454834,0.35070645809173584,1.0814647674560547,-0.025764089077711105,0.5160821676254272
-24.0939998626709,-0.7540000081062317,1.248497486114502,3.0102803707122803,0.1512848287820816,0.052842892706394196,-0.1380368173122406,0.367790549993515
-24.0939998626709,-0.7540000081062317,1.2568027973175049,6.184004783630371,0.09105771780014038,0.025788849219679832,-0.16520008444786072,0.11612728238105774
-24.0939998626709,0.2460000067949295,0.8215318322181702,5.423599720001221,0.10606393963098526,0.6391193270683289,0.10736320912837982,0.293675035238266
-24.0939998626709,0.2460000067949295,0.5662740468978882,3.6996004581451416,0.11994556337594986,1.6192346811294556,0.09385615587234497,0.43921390175819397
-24.0939998626709,0.2460000067949295,0.5198670625686646,4.712567329406738,0.04179518297314644,0.41408392786979675,0.09533827751874924,0.26711106300354004
-24.0939998626709,1.246000051498413,0.8556950688362122,2.2906672954559326,0.17627111077308655,2.0006539821624756,0.04919906333088875,0.08069116622209549
-24.0939998626709,1.246000051498413,0.5654627680778503,2.8821022510528564,0.02935623750090599,0.4524591863155365,-0.028715234249830246,0.779843807220459
-24.0939998626709,1.246000051498413,0.5374076962471008,5.608028411865234,0.03733643889427185,0.5257682204246521,0.13754472136497498,0.13946504890918732
-24.0939998626709,2.246000051498413,0.8914960622787476,0.48938652873039246,0.12048393487930298,1.6681240797042847,-0.04590862616896629,0.15012918412685394
-24.0939998626709,2.246000051498413,1.3362116813659668,3.822727680206299,0.15597856044769287,0.03513846918940544,-0.04488208889961243,0.5171420574188232
-24.0939998626709,2.246000051498413,1.160786747932434,0.35378631949424744,0.08165311813354492,0.04854048788547516,0.15015052258968353,0.332728773355484
-24.0939998626709,3.246000051498413,0.9139079451560974,1.4224506616592407,0.12355849146842957,1.8254780769348145,-0.07176092267036438,0.06355983763933182
-24.0939998626709,3.246000051498413,1.2360239028930664,3.688551664352417,0.09710901230573654,0.038703348487615585,0.05168658494949341,0.45202234387397766
-24.0939998626709,3.246000051498413,1.2344714403152466,0.38142576813697815,0.05854149907827377,0.03364340588450432,0.029349101707339287,0.48441776633262634
-24.0939998626709,4.245999813079834,0.9312968850135803,1.6452873945236206,0.12957416474819183,1.6487499475479126,0.06207609549164772,0.0711122527718544
-24.0939998626709,4.245999813079834,1.1182892322540283,3.5649330615997314,0.10118759423494339,0.09252477437257767,0.05378497391939163,0.621975839138031
-24.0939998626709,4.245999813079834,1.2212485074996948,0.2661557197570801,0.08675701916217804,0.06989041715860367,-0.014732898212969303,0.3069118857383728
-24.0939998626709,5.245999813079834,0.8729830980300903,6.272811412811279,0.08128790557384491,2.049492359161377,0.07176534086465836,0.07638879865407944
-24.0939998626709,5.245999813079834,1.195156455039978,3.597564697265625,0.10487627983093262,0.037270303815603256,-0.09074601531028748,0.3556062877178192
-24.0939998626709,5.245999813079834,1.2037034034729004,0.3358014225959778,0.09562388062477112,0.05666552484035492,0.014593933708965778,0.5680049061775208
-24.0939998626709,6.245999813079834,0.7932197451591492,1.4778157472610474,0.04807228595018387,1.8830976486206055,-0.05682952329516411,0.10461502522230148
-24.0939998626709,6.245999813079834,1.2590850591659546,3.617194175720215,0.16609688103199005,0.015157374553382397,-0.05529918521642685,0.21242080628871918
-24.0939998626709,6.245999813079834,1.1538163423538208,0.4180013835430145,0.10183356702327728,0.03821346536278725,0.09803242981433868,0.6829641461372375
-24.0939998626709,7.245999813079834,0.8898377418518066,3.426778793334961,0.1503133922815323,1.4484736919403076,-0.016296902671456337,0.04077227786183357
-24.0939998626709,7.245999813079834,1.1646820306777954,3.5775561332702637,0.16280479729175568,0.021604767069220543,0.08017681539058685,0.0732959508895874
-24.0939998626709,7.245999813079834,0.9561876058578491,0.3573598563671112,0.06857430189847946,0.06473720818758011,0.2765554189682007,0.8859317898750305
-24.0939998626709,8.246000289916992,0.4817025363445282,2.470090866088867,0.0050562056712806225,0.4351661503314972,-0.01863507367670536,0.6440473794937134
-24.0939998626709,8.246000289916992,0.9082080721855164,4.089888572692871,0.29633912444114685,0.3626495897769928,-0.09398633986711502,0.010561024770140648
-24.0939998626709,8.246000289916992,1.1673719882965088,0.6039624214172363,0.08857835829257965,0.048798590898513794,0.09585893899202347,0.34539148211479187
-24.0939998626709,15.246000289916992,0.7794050574302673,3.003758192062378,0.035495076328516006,1.968619465827942,-0.07875846326351166,0.3844783902168274
-24.0939998626709,15.246000289916992,0.8911841511726379,2.616868495941162,0.060922108590602875,0.022909630089998245,0.02474398910999298,0.5746480822563171
-24.0939998626709,15.246000289916992,1.0054931640625,0.34806540608406067,0.10571121424436569,0.04650209844112396,-0.2077019214630127,0.040873486548662186
-24.0939998626709,16.246000289916992,1.1016157865524292,1.2470945119857788,1.0935602188110352,1.4755470752716064,0.11786749213933945,0.00021005736198276281
-24.0939998626709,16.246000289916992,0.8755004405975342,3.0087804794311523,0.04129323735833168,0.05287903919816017,0.07944727689027786,0.8908838033676147
-24.0939998626709,16.246000289916992,0.8813610076904297,2.3591794967651367,0.19281242787837982,0.4359244406223297,-0.08112514764070511,0.10890620201826096
-23.0939998626709,-0.7540000081062317,0.9756825566291809,3.9658610820770264,0.24633526802062988,2.053734540939331,0.006647281348705292,0.0885174572467804
-23.0939998626709,-0.7540000081062317,1.3072843551635742,2.920926094055176,0.09543602168560028,0.016742758452892303,0.06044862046837807,0.3352169692516327
-23.0939998626709,-0.7540000081062317,1.1805787086486816,5.9559431076049805,0.06039714440703392,0.024102434515953064,-0.06938794255256653,0.5762656331062317
-23.0939998626709,0.2460000067949295,0.9082933664321899,0.031167035922408104,0.3663409948348999,0.9374089241027832,0.15005865693092346,0.1173073872923851
-23.0939998626709,0.2460000067949295,0.635158896446228,3.6796419620513916,0.13996464014053345,1.3854053020477295,0.09226085245609283,0.5012435913085938
-23.0939998626709,0.2460000067949295,0.594525158405304,4.971799850463867,0.049850910902023315,0.3683892488479614,0.06256246566772461,0.38144904375076294
-23.0939998626709,1.246000051498413,0.5917379856109619,3.220973491668701,0.05084212124347687,1.3661264181137085,0.024458257481455803,0.060390762984752655
-23.0939998626709,1.246000051498413,0.5554563403129578,2.6209304332733154,0.016790185123682022,0.22555671632289886,-0.05166072025895119,0.9194866418838501
-23.0939998626709,1.246000051498413,0.6033776998519897,4.378068923950195,0.02282121777534485,0.9909309148788452,0.0884615108370781,0.020122524350881577
-23.0939998626709,2.246000051498413,0.6956903338432312,5.715846538543701,0.022104468196630478,1.1963615417480469,-0.024739746004343033,0.542373776435852
-23.0939998626709,2.246000051498413,1.017344355583191,3.5360448360443115,0.15800414979457855,0.1897933930158615,0.1086697205901146,0.3448275327682495
-23.0939998626709,2.246000051498413,0.983149528503418,0.18661287426948547,0.10403070598840714,0.06017150357365608,-0.02043282613158226,0.11279871314764023
-23.0939998626709,3.246000051498413,0.7342429161071777,0.8228622078895569,0.06138404458761215,2.171748638153076,-0.05582582950592041,0.2506517767906189
-23.0939998626709,3.246000051498413,1.238228440284729,3.504378080368042,0.12985670566558838,0.04366161674261093,-0.16972742974758148,0.4452480971813202
-23.0939998626709,3.246000051498413,1.2816064357757568,0.3168393075466156,0.11684250831604004,0.042204853147268295,0.07827462255954742,0.3041001260280609
-23.0939998626709,4.245999813079834,0.8957371711730957,6.19781494140625,0.12135466933250427,1.3713830709457397,0.03233619034290314,0.02397690713405609
-23.0939998626709,4.245999813079834,1.1907401084899902,3.4306132793426514,0.10868191719055176,0.08692064136266708,-0.007130741607397795,0.5165972113609314
-23.0939998626709,4.245999813079834,1.3017293214797974,0.17136916518211365,0.10376770794391632,0.06372510641813278,0.009694371372461319,0.4594258666038513
-23.0939998626709,5.245999813079834,0.8262153267860413,4.674455642700195,0.055696066468954086,2.457902669906616,0.07946699112653732,0.07059796154499054
-23.0939998626709,5.245999813079834,1.1476024389266968,3.639871120452881,0.08995304256677628,0.055639274418354034,-0.07324986904859543,0.6064316034317017
-23.0939998626709,5.245999813079834,1.2640750408172607,0.13696467876434326,0.10213959962129593,0.07203677296638489,0.002610869938507676,0.3229704201221466
-23.0939998626709,6.245999813079834,0.732771098613739,0.6455793380737305,0.041433095932006836,2.2811100482940674,-0.016651872545480728,0.13958948850631714
-23.0939998626709,6.245999813079834,1.251428484916687,3.7046053409576416,0.10978800803422928,0.019024774432182312,-0.026598472148180008,0.37046530842781067
-23.0939998626709,6.245999813079834,1.2420920133590698,0.3541279733181,0.0993492379784584,0.03355405479669571,0.057003822177648544,0.4899452328681946
-23.0939998626709,7.245999813079834,1.091997504234314,1.7105238437652588,0.4236080050468445,1.727433204650879,0.016052011400461197,0.018484655767679214
-23.0939998626709,7.245999813079834,1.3023444414138794,3.7118079662323,0.10209144651889801,0.017540011554956436,0.021192437037825584,0.20649516582489014
-23.0939998626709,7.245999813079834,1.2550387382507324,0.3429548740386963,0.08852165192365646,0.03654472529888153,0.13312216103076935,0.7750201225280762
-23.0939998626709,8.246000289916992,0.8736028075218201,2.178006172180176,0.02948286384344101,0.5998261570930481,0.0388406477868557,0.7263922095298767
-23.0939998626709,8.246000289916992,1.0616024732589722,3.382171154022217,0.21440699696540833,0.23051004111766815,0.3759462535381317,0.012870457954704762
-23.0939998626709,8.246000289916992,1.4080259799957275,0.6354227662086487,0.1436641365289688,0.04074905440211296,0.20019441843032837,0.2607373595237732
-23.0939998626709,14.246000289916992,0.7238033413887024,6.148698329925537,0.07205811142921448,2.0143282413482666,-0.005531714763492346,0.012918426655232906
-23.0939998626709,14.246000289916992,1.0763646364212036,2.4185872077941895,0.09206386655569077,0.02105114609003067,0.09945924580097198,0.9835247993469238
-23.0939998626709,14.246000289916992,1.0345503091812134,5.505156517028809,0.19569574296474457,0.4116119146347046,0.13115352392196655,0.00355672393925488
-23.0939998626709,15.246000289916992,0.7040296196937561,2.358607530593872,0.03944207727909088,1.8175686597824097,-0.03980305418372154,0.1044062077999115
-23.0939998626709,15.246000289916992,0.9271575808525085,2.2534596920013428,0.06845439970493317,0.04388239234685898,0.03850683569908142,0.8947891592979431
-23.0939998626709,15.246000289916992,1.023625135421753,0.5717778205871582,0.2622765898704529,0.20712853968143463,-0.10548344254493713,0.0008046069997362792
-23.0939998626709,16.246000289916992,0.8603388667106628,0.22125819325447083,0.0968044325709343,1.7686103582382202,-0.0009069435182027519,0.030465014278888702
-23.0939998626709,16.246000289916992,0.8082132339477539,2.2408950328826904,0.05685654282569885,0.14998601377010345,0.1562897115945816,0.9492785930633545
-23.0939998626709,16.246000289916992,0.9177936911582947,0.8038700819015503,0.17753848433494568,0.18295155465602875,-0.1173551008105278,0.020256325602531433
-23.0939998626709,17.246000289916992,1.012540340423584,4.486069679260254,0.14001446962356567,1.080333948135376,0.12308768928050995,0.09149833768606186
-23.0939998626709,17.246000289916992,0.8605446219444275,2.2302138805389404,0.07703075557947159,0.08926218748092651,-0.0923725962638855,0.9079694151878357
-23.0939998626709,17.246000289916992,0.898082971572876,5.033010959625244,0.17797613143920898,2.416616439819336,0.12398219853639603,0.0005321861244738102
-23.0939998626709,18.246000289916992,0.8881074786186218,1.492600917816162,0.1984480917453766,2.5157532691955566,0.07407728582620621,0.030484328046441078
-23.0939998626709,18.246000289916992,0.9517877697944641,1.8677185773849487,0.06639749556779861,0.03898085281252861,0.015357216820120811,0.9578230977058411
-23.0939998626709,18.246000289916992,1.0160322189331055,0.4053635001182556,0.1763291358947754,0.09131120890378952,0.07448142766952515,0.011692517437040806
-22.0939998626709,-10.753999710083008,1.0184533596038818,1.7728666067123413,0.5355066657066345,1.0336871147155762,-0.0780959203839302,0.0004976604250259697
-22.0939998626709,-10.753999710083008,0.5579329133033752,3.666478157043457,0.004947212990373373,0.09518535435199738,0.3657345175743103,0.9772897958755493
-22.0939998626709,-10.753999710083008,0.5293987989425659,4.836295127868652,0.012328388169407845,1.4795321226119995,0.2951044738292694,0.022212453186511993
-22.0939998626709,-9.753999710083008,0.5405334830284119,5.569258213043213,0.03573925793170929,3.2335386276245117,-0.0020217683631926775,0.007167032919824123
-22.0939998626709,-9.753999710083008,0.9316949844360352,2.880272150039673,0.07073821127414703,0.018926916643977165,0.11233695596456528,0.9927270412445068
-22.0939998626709,-9.753999710083008,0.8990814089775085,6.016482830047607,0.20698900520801544,0.8835853934288025,-0.07028922438621521,0.00010586971620796248
-22.0939998626709,-7.754000186920166,0.7057398557662964,1.1833317279815674,0.07525057345628738,2.0446345806121826,0.05923127755522728,0.026040971279144287
-22.0939998626709,-7.754000186920166,0.7204782366752625,3.103283643722534,0.02019861899316311,0.026768162846565247,-0.01136005762964487,0.9713096618652344
-22.0939998626709,-7.754000186920166,0.7977076768875122,5.572500228881836,0.07335548847913742,0.639371931552887,-0.03168480843305588,0.002649382222443819
-22.0939998626709,-6.754000186920166,0.6689329147338867,1.9739720821380615,0.08363743126392365,4.737195014953613,0.2761875092983246,0.0016908630495890975
-22.0939998626709,-6.754000186920166,0.7314311265945435,3.6766881942749023,0.0663229301571846,0.11735808849334717,-0.1685784012079239,0.9982869029045105
-22.0939998626709,-6.754000186920166,0.797453761100769,5.6431145668029785,0.4101925194263458,1.2802551984786987,0.20293720066547394,2.231065445812419e-05
-22.0939998626709,-5.754000186920166,0.5569458603858948,2.610037088394165,0.019922524690628052,1.6146187782287598,0.09355905652046204,0.6728070378303528
-22.0939998626709,-5.754000186920166,0.7345317602157593,3.4109103679656982,0.09447655081748962,0.3244194984436035,0.2680540978908539,0.3189477026462555
-22.0939998626709,-5.754000186920166,0.8230884075164795,0.6068359017372131,0.11673884093761444,0.3626853823661804,0.06538965553045273,0.008245258592069149
-22.0939998626709,-0.7540000081062317,0.6855530738830566,3.7387428283691406,0.06561510264873505,1.37233304977417,0.024113405495882034,0.19081443548202515
-22.0939998626709,-0.7540000081062317,1.0930678844451904,2.5878896713256836,0.12235502898693085,0.030827587470412254,0.2375027984380722,0.21031087636947632
-22.0939998626709,-0.7540000081062317,1.0942028760910034,5.706376075744629,0.07811304181814194,0.030510537326335907,0.02323649637401104,0.5988746285438538
-22.0939998626709,0.2460000067949295,0.995215654373169,1.0220768451690674,0.13291962444782257,0.9534693956375122,0.04543105885386467,0.3174671530723572
-22.0939998626709,0.2460000067949295,0.6781913638114929,3.1934010982513428,0.16605694591999054,2.501796245574951,0.284845769405365,0.12662430107593536
-22.0939998626709,0.2460000067949295,0.6707260012626648,5.494268417358398,0.04796046391129494,0.1981261521577835,0.12255522608757019,0.5559085607528687
-22.0939998626709,1.246000051498413,0.7135286331176758,5.649520397186279,0.042195629328489304,0.6329101920127869,-0.05628351867198944,0.1669062227010727
-22.0939998626709,1.246000051498413,0.5630944967269897,2.135873556137085,0.12307417392730713,3.205803871154785,0.17079129815101624,0.004724826198071241
-22.0939998626709,1.246000051498413,0.6386781930923462,5.631514549255371,0.015555966645479202,0.15586324036121368,0.02800600975751877,0.8283689022064209
-22.0939998626709,2.246000051498413,0.46688222885131836,2.993752956390381,0.05104928836226463,1.169644832611084,-0.0724605917930603,0.08947259187698364
-22.0939998626709,2.246000051498413,0.5397440195083618,2.53108811378479,0.022986019030213356,0.37543782591819763,-0.19783848524093628,0.9014280438423157
-22.0939998626709,2.246000051498413,0.5484374761581421,5.951428413391113,0.05266723036766052,3.0613582134246826,-0.00794396921992302,0.009099356830120087
-22.0939998626709,3.246000051498413,0.7842265963554382,0.6313307285308838,0.0645298883318901,2.6569530963897705,0.009532379917800426,0.21320080757141113
-22.0939998626709,3.246000051498413,1.1924477815628052,3.4437882900238037,0.14557811617851257,0.07200147211551666,-0.0635150745511055,0.4420091211795807
-22.0939998626709,3.246000051498413,1.2411001920700073,0.2405574917793274,0.11509182304143906,0.04630523547530174,0.1433153748512268,0.3447900414466858
-22.0939998626709,4.245999813079834,0.8984479904174805,5.8082756996154785,0.11093489825725555,1.284885048866272,0.01196000911295414,0.026434700936079025
-22.0939998626709,4.245999813079834,1.2555311918258667,3.4164915084838867,0.13029901683330536,0.09215032309293747,-0.020044051110744476,0.48257797956466675
-22.0939998626709,4.245999813079834,1.250616192817688,0.1583099663257599,0.08164434134960175,0.06290494650602341,-0.003979183267802,0.4909873306751251
-22.0939998626709,5.245999813079834,0.7896665334701538,5.003597259521484,0.04444413259625435,2.184720516204834,0.09730558842420578,0.06318187713623047
-22.0939998626709,5.245999813079834,1.1058485507965088,3.7237563133239746,0.08029954880475998,0.14467258751392365,-0.08994247019290924,0.678211510181427
-22.0939998626709,5.245999813079834,1.226142168045044,0.2539243698120117,0.08802853524684906,0.08743424713611603,-0.01570942997932434,0.2586066424846649
-22.0939998626709,6.245999813079834,0.742550790309906,6.260011672973633,0.056685686111450195,2.4463560581207275,0.025429703295230865,0.062190908938646317
-22.0939998626709,6.245999813079834,1.1880179643630981,3.7574431896209717,0.08324798196554184,0.03839684650301933,-0.004123961552977562,0.5828908085823059
-22.0939998626709,6.245999813079834,1.2528430223464966,0.33904969692230225,0.09528859704732895,0.04717263951897621,-0.07910367846488953,0.3549181818962097
-22.0939998626709,7.245999813079834,0.8693360090255737,1.2720012664794922,0.06933832913637161,1.2644139528274536,0.017598237842321396,0.04393676295876503
-22.0939998626709,7.245999813079834,1.2508465051651,3.8302736282348633,0.07554823160171509,0.019864315167069435,-0.03189815580844879,0.25608962774276733
-22.0939998626709,7.245999813079834,1.4607290029525757,0.43832162022590637,0.17023953795433044,0.03046247735619545,0.07658684998750687,0.6999735832214355
-22.0939998626709,8.246000289916992,1.1424322128295898,0.4380054175853729,0.13907885551452637,0.8790841698646545,0.07992485910654068,0.047576192766427994
-22.0939998626709,8.246000289916992,1.2172644138336182,3.2299351692199707,0.10170812159776688,0.045534003525972366,0.45761850476264954,0.04948553442955017
-22.0939998626709,8.246000289916992,1.3206849098205566,0.5298216938972473,0.08400966972112656,0.07573091983795166,0.17970488965511322,0.9029382467269897
-22.0939998626709,9.246000289916992,0.6701744794845581,1.1243706941604614,0.0036278595216572285,0.32734817266464233,-0.15160687267780304,0.9912614822387695
-22.0939998626709,9.246000289916992,0.9664795994758606,2.4034836292266846,0.28984835743904114,0.13590478897094727,0.2538486421108246,0.0007594729540869594
-22.0939998626709,9.246000289916992,0.8098034858703613,5.844274520874023,0.060093022882938385,0.07864303886890411,0.13620860874652863,0.007979006506502628
-22.0939998626709,13.246000289916992,0.8583717346191406,1.2775636911392212,0.10120513290166855,1.9826232194900513,-0.007911988534033298,0.03604917600750923
-22.0939998626709,13.246000289916992,1.0252965688705444,2.4554834365844727,0.07646942883729935,0.03989091143012047,0.07681353390216827,0.9586479067802429
-22.0939998626709,13.246000289916992,0.9974750876426697,5.750987529754639,0.13726067543029785,0.23135706782341003,0.022104181349277496,0.0053029740229249
-22.0939998626709,14.246000289916992,0.9919294714927673,3.8927345275878906,0.20390447974205017,3.0642306804656982,0.03226663917303085,0.003052969928830862
-22.0939998626709,14.246000289916992,1.0878726243972778,2.3620831966400146,0.037892941385507584,0.019468514248728752,0.06915163993835449,0.996677041053772
-22.0939998626709,14.246000289916992,0.9497784376144409,5.2610015869140625,0.12048907577991486,1.156811237335205,0.04562437906861305,0.00026994897052645683
-22.0939998626709,15.246000289916992,0.8607507944107056,0.9380508661270142,0.11720438301563263,1.5333240032196045,-0.039960604161024094,0.010322730988264084
-22.0939998626709,15.246000289916992,1.0935871601104736,2.3694255352020264,0.05199730023741722,0.060416512191295624,-0.013298469595611095,0.9888424873352051
-22.0939998626709,15.246000289916992,1.219360589981079,0.5809148550033569,0.30043885111808777,0.2166646271944046,-0.005402895621955395,0.0008348654955625534
-22.0939998626709,16.246000289916992,0.8607662916183472,6.262433052062988,0.15621042251586914,2.045271158218384,-0.021355973556637764,0.012553030624985695
-22.0939998626709,16.246000289916992,1.1042371988296509,2.0966856479644775,0.07694434374570847,0.020945770666003227,-0.14241547882556915,0.9845951795578003
-22.0939998626709,16.246000289916992,1.1297491788864136,5.640627861022949,0.31997916102409363,0.532491147518158,0.026381919160485268,0.002851824276149273
-22.0939998626709,17.246000289916992,0.7629796862602234,5.997653007507324,0.04086512327194214,1.8019739389419556,0.1076510101556778,0.019289817661046982
-22.0939998626709,17.246000289916992,1.0285193920135498,1.9656589031219482,0.07102767378091812,0.02519974112510681,0.07550976425409317,0.9806984066963196
-22.0939998626709,17.246000289916992,0.8409523963928223,5.9510345458984375,0.28725868463516235,4.412786960601807,0.03427392616868019,1.183712447527796e-05
-22.0939998626709,18.246000289916992,0.959013044834137,2.2439541816711426,0.26036015152931213,2.3303768634796143,0.1358216106891632,0.021592292934656143
-22.0939998626709,18.246000289916992,0.8633996844291687,1.7826958894729614,0.051500409841537476,0.0824504867196083,0.32168102264404297,0.9401702284812927
-22.0939998626709,18.246000289916992,0.9435343146324158,1.164425253868103,0.19222572445869446,0.07109157741069794,-0.01301757525652647,0.03823741152882576
-21.0939998626709,-10.753999710083008,0.8620626330375671,5.995391845703125,0.3948865234851837,1.709380865097046,-0.0237965639680624,0.0008866310236044228
-21.0939998626709,-10.753999710083008,0.6040305495262146,4.057618618011475,0.006776059977710247,0.09875106066465378,-0.20874600112438202,0.9927861094474792
-21.0939998626709,-10.753999710083008,0.5883737802505493,4.023628234863281,0.0094813983887434,1.531287431716919,0.2543317377567291,0.006327182520180941
-21.0939998626709,-9.753999710083008,0.8273298740386963,1.674151062965393,0.05440590903162956,1.5087450742721558,-0.04305359348654747,0.041996363550424576
-21.0939998626709,-9.753999710083008,1.0769679546356201,3.1528730392456055,0.12301740795373917,0.09010142087936401,0.12697085738182068,0.9577682018280029
-21.0939998626709,-9.753999710083008,0.8848388195037842,6.14139986038208,0.15764003992080688,0.3142533600330353,-0.20402245223522186,0.00023540596885140985
-21.0939998626709,-6.754000186920166,0.8568364977836609,6.175509452819824,0.4461756944656372,2.39817214012146,0.2216733694076538,0.009530160576105118
-21.0939998626709,-6.754000186920166,0.9066195487976074,3.7689175605773926,0.07103203982114792,0.04441000521183014,-0.28357118368148804,0.9900429248809814
-21.0939998626709,-6.754000186920166,0.8499345779418945,5.355905532836914,0.22787071764469147,0.6679986119270325,0.27266085147857666,0.00042686803499236703
-21.0939998626709,-5.754000186920166,0.5972058773040771,3.8535068035125732,0.05121542513370514,1.5031529664993286,-0.04316576570272446,0.08494236320257187
-21.0939998626709,-5.754000186920166,0.9949126243591309,3.5691745281219482,0.0846327617764473,0.03381785377860069,0.1316433697938919,0.901737630367279
-21.0939998626709,-5.754000186920166,0.925266444683075,0.26798200607299805,0.09861387312412262,0.3494146764278412,-0.05559374764561653,0.013319982215762138
-21.0939998626709,-4.754000186920166,0.8281720876693726,2.919065237045288,0.1361197978258133,2.3360166549682617,-0.025322290137410164,0.0178249292075634
-21.0939998626709,-4.754000186920166,0.918321430683136,3.7078306674957275,0.03201138973236084,0.008971599861979485,0.32071152329444885,0.9702611565589905
-21.0939998626709,-4.754000186920166,1.041085124015808,1.0745766162872314,0.1861070990562439,0.12006203830242157,0.05541953817009926,0.01191400270909071
-21.0939998626709,-1.753999948501587,0.8764400482177734,3.1115331649780273,0.05706263706088066,1.447245478630066,-0.11260663717985153,0.042405616492033005
-21.0939998626709,-1.753999948501587,0.6670234799385071,1.297581672668457,0.0810009241104126,0.3694857358932495,0.40866509079933167,0.9166393876075745
-21.0939998626709,-1.753999948501587,0.7473244667053223,4.142672538757324,0.15849433839321136,0.24988844990730286,0.28311794996261597,0.04095498099923134
-21.0939998626709,-0.7540000081062317,0.9184600114822388,5.580131530761719,0.1655786633491516,1.6763006448745728,0.05991367995738983,0.07109580934047699
-21.0939998626709,-0.7540000081062317,0.9921130537986755,3.0266811847686768,0.0595698319375515,0.06490730494260788,0.010903920978307724,0.7496490478515625
-21.0939998626709,-0.7540000081062317,1.1572648286819458,6.162630558013916,0.08347626775503159,0.028850138187408447,-0.09706815332174301,0.17925521731376648
-21.0939998626709,1.246000051498413,0.6688655614852905,5.784591197967529,0.059799473732709885,0.8750491142272949,-0.03618275001645088,0.49133536219596863
-21.0939998626709,1.246000051498413,0.5638729929924011,2.7291505336761475,0.11184162646532059,0.37152957916259766,0.09226269274950027,0.05882968381047249
-21.0939998626709,1.246000051498413,0.6731982231140137,5.647976398468018,0.040053755044937134,0.21626754105091095,-0.07391832023859024,0.4498348832130432
-21.0939998626709,2.246000051498413,0.5350539684295654,5.759836196899414,0.04645911231637001,1.8854278326034546,-0.11003174632787704,0.20683133602142334
-21.0939998626709,2.246000051498413,0.539482831954956,3.865314245223999,0.025591831654310226,0.4271767735481262,-0.039261747151613235,0.35344770550727844
-21.0939998626709,2.246000051498413,0.6098475456237793,5.90526819229126,0.01715720258653164,0.13389316201210022,0.06772799789905548,0.4397209584712982
-21.0939998626709,3.246000051498413,0.7169917821884155,1.8257063627243042,0.03236517682671547,1.9506750106811523,-0.04797238111495972,0.3441845774650574
-21.0939998626709,3.246000051498413,1.119141936302185,3.2641043663024902,0.11449366062879562,0.07579554617404938,0.004926107823848724,0.4032110869884491
-21.0939998626709,3.246000051498413,1.1587789058685303,0.2444879412651062,0.08695672452449799,0.0659322738647461,0.06555648148059845,0.2526044547557831
-21.0939998626709,4.245999813079834,0.7901221513748169,1.833903431892395,0.03185155242681503,1.1281633377075195,0.013753731735050678,0.32603931427001953
-21.0939998626709,4.245999813079834,1.0970382690429688,3.351999044418335,0.07889468967914581,0.0789959505200386,0.10135657340288162,0.2690207064151764
-21.0939998626709,4.245999813079834,1.1185847520828247,0.1435602903366089,0.06825197488069534,0.0430975966155529,0.16620178520679474,0.4049399793148041
-21.0939998626709,5.245999813079834,0.8518034219741821,1.2317280769348145,0.04982909560203552,1.4367314577102661,0.005876711569726467,0.12463437020778656
-21.0939998626709,5.245999813079834,1.0465832948684692,3.3591227531433105,0.08985643088817596,0.1497289538383484,0.16636279225349426,0.5415194630622864
-21.0939998626709,5.245999813079834,1.1400368213653564,0.20566481351852417,0.08585228770971298,0.08466481417417526,0.014154508709907532,0.3338461220264435
-21.0939998626709,6.245999813079834,0.8018147349357605,0.7105203866958618,0.06580594927072525,2.0639636516571045,0.03627029433846474,0.09754569828510284
-21.0939998626709,6.245999813079834,1.1018403768539429,3.7592031955718994,0.0969274565577507,0.06571504473686218,0.05477961152791977,0.5721313953399658
-21.0939998626709,6.245999813079834,1.158596158027649,0.4584474563598633,0.09278922528028488,0.08118045330047607,-0.09349410235881805,0.3303229510784149
-21.0939998626709,7.245999813079834,0.8469749689102173,2.4480714797973633,0.07290754467248917,1.8216749429702759,0.02267777919769287,0.08931218832731247
-21.0939998626709,7.245999813079834,1.1678327322006226,3.8773136138916016,0.08223151415586472,0.02317924052476883,0.0047406405210494995,0.47538918256759644
-21.0939998626709,7.245999813079834,1.2355185747146606,0.5356136560440063,0.09892629086971283,0.05425136536359787,0.07429607212543488,0.4352986812591553
-21.0939998626709,8.246000289916992,1.042206048965454,1.7392538785934448,0.18887482583522797,1.7721027135849,0.11025732755661011,0.07680895179510117
-21.0939998626709,8.246000289916992,1.1706688404083252,3.6682417392730713,0.09244608134031296,0.013490752317011356,0.2924467623233795,0.21307648718357086
-21.0939998626709,8.246000289916992,1.2198184728622437,0.5272031426429749,0.08652324974536896,0.04850523918867111,0.12492741644382477,0.7101145386695862
-21.0939998626709,9.246000289916992,1.0030710697174072,0.5461307764053345,0.07849999517202377,1.124505639076233,0.05280698090791702,0.32047706842422485
-21.0939998626709,9.246000289916992,1.1197357177734375,3.4250667095184326,0.12280899286270142,0.047007184475660324,0.12078283727169037,0.10574918240308762
-21.0939998626709,9.246000289916992,1.0384184122085571,0.3832996189594269,0.046436112374067307,0.023904141038656235,0.00015827581228222698,0.5737737417221069
-21.0939998626709,12.246000289916992,0.7451751232147217,5.756388187408447,0.022628795355558395,1.174074411392212,-0.0588679239153862,0.4525517523288727
-21.0939998626709,12.246000289916992,0.9824453592300415,2.4769880771636963,0.10064203292131424,0.04947284981608391,0.23047327995300293,0.4734407067298889
-21.0939998626709,12.246000289916992,1.1024478673934937,5.716925144195557,0.09273619204759598,0.06866868585348129,-0.008934695273637772,0.0740075334906578
-21.0939998626709,13.246000289916992,0.9008306860923767,0.2144477367401123,0.1287534534931183,2.107659339904785,0.15640127658843994,0.004111200105398893
-21.0939998626709,13.246000289916992,1.1936397552490234,2.3647449016571045,0.09486604481935501,0.03790963068604469,0.12027359008789062,0.9954368472099304
-21.0939998626709,13.246000289916992,0.9805043339729309,6.049716949462891,0.1297226846218109,0.2743547558784485,-0.10737064480781555,0.0004519377544056624
-21.0939998626709,14.246000289916992,1.1101175546646118,5.695788383483887,0.4384269118309021,2.1260221004486084,0.0687958225607872,0.004296369384974241
-21.0939998626709,14.246000289916992,1.0441404581069946,2.4378345012664795,0.04223373532295227,0.020713141188025475,0.19652193784713745,0.9937881827354431
-21.0939998626709,14.246000289916992,0.8176915645599365,4.205568313598633,0.097736656665802,1.3556371927261353,0.17947126924991608,0.0019154305336996913
-21.0939998626709,15.246000289916992,1.031425952911377,0.08886425942182541,1.046782374382019,2.293198585510254,0.05819481611251831,0.013264703564345837
-21.0939998626709,15.246000289916992,1.0643099546432495,2.1608693599700928,0.07267887145280838,0.03547484055161476,-0.10585951060056686,0.9748903512954712
-21.0939998626709,15.246000289916992,1.0338267087936401,6.09698486328125,0.15946504473686218,0.1891951560974121,0.022585488855838776,0.01184496283531189
-21.0939998626709,16.246000289916992,0.7195491790771484,4.973975658416748,0.10304252058267593,2.9849019050598145,0.01660618931055069,0.04639310762286186
-21.0939998626709,16.246000289916992,0.923542320728302,2.2157840728759766,0.0742969959974289,0.033294159919023514,-0.040143318474292755,0.8807098269462585
-21.0939998626709,16.246000289916992,0.9266340732574463,5.708271026611328,0.10822007060050964,0.10836733877658844,0.007850469090044498,0.07289711385965347
-21.0939998626709,17.246000289916992,0.6788104772567749,0.22779761254787445,0.019933348521590233,1.8718087673187256,-0.06506500393152237,0.009068290702998638
-21.0939998626709,17.246000289916992,1.0320671796798706,2.2596499919891357,0.06486306339502335,0.07067981362342834,0.2091541439294815,0.9909163117408752
-21.0939998626709,17.246000289916992,1.008631944656372,4.099082946777344,0.2561197280883789,1.0855512619018555,0.10195738077163696,1.5301713574444875e-05
-20.0939998626709,-10.753999710083008,0.5493489503860474,3.6399450302124023,0.10620488971471786,0.840570867061615,0.07602503895759583,0.011555345728993416
-20.0939998626709,-10.753999710083008,0.4503558576107025,3.1953907012939453,0.08960390836000443,2.2840681076049805,-0.4052041471004486,0.010721012949943542
-20.0939998626709,-10.753999710083008,0.5960327982902527,4.3635382652282715,0.009023130871355534,0.1308903843164444,0.0945318266749382,0.9777236580848694
-20.0939998626709,-9.753999710083008,0.9203334450721741,2.1869304180145264,0.023983696475625038,0.7292994856834412,-0.11081621050834656,0.1351746916770935
-20.0939998626709,-9.753999710083008,0.9605875015258789,3.4913458824157715,0.07020746916532516,0.2401130050420761,0.12453863769769669,0.8634499311447144
-20.0939998626709,-9.753999710083008,0.7739501595497131,4.281801223754883,0.07309424132108688,0.12616175413131714,0.008348084054887295,0.0013753779930993915
-20.0939998626709,-8.753999710083008,0.6460573673248291,2.938763380050659,0.014461943879723549,0.7428061962127686,-0.3020779490470886,0.06158947944641113
-20.0939998626709,-8.753999710083008,0.5919990539550781,2.1878902912139893,0.025539778172969818,0.15081250667572021,-0.17254716157913208,0.9160745143890381
-20.0939998626709,-8.753999710083008,0.7496203780174255,3.4440407752990723,0.06167183071374893,0.4659092426300049,0.06209676340222359,0.02233600616455078
-20.0939998626709,-6.754000186920166,1.135472297668457,4.457106590270996,1.3919520378112793,2.011871337890625,0.0649191215634346,0.14664088189601898
-20.0939998626709,-6.754000186920166,1.019758939743042,3.8487091064453125,0.07948988676071167,0.2022961527109146,-0.2365623265504837,0.2589203417301178
-20.0939998626709,-6.754000186920166,0.9844114184379578,5.515628337860107,0.047099724411964417,0.14681406319141388,0.1364336609840393,0.5944387316703796
-20.0939998626709,-5.754000186920166,0.6846178770065308,2.337496757507324,0.14001978933811188,1.310824990272522,-0.02174622379243374,0.025639716535806656
-20.0939998626709,-5.754000186920166,1.1328102350234985,3.3520922660827637,0.10758558660745621,0.033093035221099854,0.041235025972127914,0.9694818258285522
-20.0939998626709,-5.754000186920166,0.9752200245857239,0.008545678108930588,0.1417359858751297,0.5594228506088257,-0.06104116141796112,0.004878448322415352
-20.0939998626709,-4.754000186920166,0.835423469543457,1.938890814781189,0.08313940465450287,3.8143622875213623,0.156336709856987,0.0700514018535614
-20.0939998626709,-4.754000186920166,0.9258625507354736,3.561093330383301,0.0917641893029213,0.03140096738934517,-0.016452332958579063,0.8478061556816101
-20.0939998626709,-4.754000186920166,0.7485314607620239,0.5627464652061462,0.0706157386302948,0.127507284283638,0.05913330614566803,0.08214235305786133
-20.0939998626709,-3.753999948501587,1.0489099025726318,2.110264301300049,0.34150785207748413,3.3783249855041504,0.22185005247592926,0.003631148487329483
-20.0939998626709,-3.753999948501587,0.8631527423858643,4.030664920806885,0.03085857443511486,0.009982015006244183,-0.05671224370598793,0.4168500602245331
-20.0939998626709,-3.753999948501587,0.7942176461219788,0.56590336561203,0.0459061898291111,0.14560365676879883,-0.08066383004188538,0.579518735408783
-20.0939998626709,-2.753999948501587,0.8712056279182434,0.3069955110549927,0.10055741667747498,3.003042221069336,0.0731443241238594,0.03146654739975929
-20.0939998626709,-2.753999948501587,1.1189682483673096,3.8290700912475586,0.06436427682638168,0.022834595292806625,0.006253441795706749,0.5523889064788818
-20.0939998626709,-2.753999948501587,0.9200034141540527,0.9044971466064453,0.04276176914572716,0.04014096036553383,-0.20665530860424042,0.416144460439682
-20.0939998626709,-1.753999948501587,1.371095061302185,3.9090137481689453,0.19758445024490356,1.008895754814148,-0.24084916710853577,0.016223479062318802
-20.0939998626709,-1.753999948501587,1.0554563999176025,1.735978126525879,0.002677197800949216,0.01104543823748827,-0.4811093807220459,0.9837058782577515
-20.0939998626709,-1.753999948501587,0.6939977407455444,1.183004379272461,0.026007577776908875,13.592453002929688,0.6369001269340515,7.054863090161234e-05
-20.0939998626709,-0.7540000081062317,0.9499481916427612,4.186373710632324,0.10548326373100281,0.5500258207321167,0.07100066542625427,0.162695050239563
-20.0939998626709,-0.7540000081062317,1.149548053741455,2.910555601119995,0.0919797271490097,0.07873173803091049,-0.05689788982272148,0.42452195286750793
-20.0939998626709,-0.7540000081062317,1.0384174585342407,6.274842739105225,0.06964294612407684,0.04785257205367088,-0.22004258632659912,0.4127829968929291
-20.0939998626709,0.2460000067949295,0.6041022539138794,6.002985954284668,0.08451712131500244,1.5819188356399536,-0.17177967727184296,0.004175987094640732
-20.0939998626709,0.2460000067949295,0.6349005103111267,3.942211389541626,0.018365873023867607,0.17534953355789185,-0.2532390356063843,0.9890162348747253
-20.0939998626709,0.2460000067949295,0.5717037320137024,4.301630973815918,0.011371511965990067,5.221512317657471,0.070467509329319,0.006807820871472359
-20.0939998626709,1.246000051498413,0.7955783605575562,4.904726505279541,0.22584201395511627,1.5018073320388794,-0.13491548597812653,0.03747181594371796
-20.0939998626709,1.246000051498413,0.5416900515556335,2.9578969478607178,0.04444160312414169,0.15543332695960999,0.27077576518058777,0.48734137415885925
-20.0939998626709,1.246000051498413,0.6366620063781738,5.563870429992676,0.02209518477320671,0.3972235918045044,0.040238168090581894,0.47518688440322876
-20.0939998626709,2.246000051498413,0.716926097869873,5.587568283081055,0.13905392587184906,3.9292056560516357,0.08455532044172287,0.2706936001777649
-20.0939998626709,2.246000051498413,0.6246262192726135,3.1596577167510986,0.027873242273926735,0.23089231550693512,-0.23069612681865692,0.6930573582649231
-20.0939998626709,2.246000051498413,0.667625367641449,5.980841159820557,0.02685943990945816,0.20809237658977509,0.13064157962799072,0.036249008029699326
-20.0939998626709,3.246000051498413,0.6944273710250854,1.0655901432037354,0.03225633502006531,2.6150805950164795,-0.045571498572826385,0.1643431931734085
-20.0939998626709,3.246000051498413,1.1339154243469238,3.1465182304382324,0.09105891734361649,0.0698886513710022,0.005703766830265522,0.44316017627716064
-20.0939998626709,3.246000051498413,1.1404979228973389,6.224233150482178,0.07467576116323471,0.029804017394781113,0.13775168359279633,0.39249664545059204
-20.0939998626709,4.245999813079834,0.7290711402893066,1.09702730178833,0.02412381023168564,2.2879695892333984,-0.020281320437788963,0.1751403957605362
-20.0939998626709,4.245999813079834,1.0374484062194824,3.2101798057556152,0.07062844932079315,0.06889934092760086,0.17303001880645752,0.48314690589904785
-20.0939998626709,4.245999813079834,1.1697595119476318,0.06960451602935791,0.09522709995508194,0.06391061097383499,0.27007871866226196,0.34171274304389954
-20.0939998626709,5.245999813079834,0.815429151058197,6.134001731872559,0.0480017252266407,1.3556382656097412,-0.0169997476041317,0.17635901272296906
-20.0939998626709,5.245999813079834,1.0315605401992798,3.214090585708618,0.0930783599615097,0.09333540499210358,0.26538917422294617,0.5350250005722046
-20.0939998626709,5.245999813079834,1.1201947927474976,0.08073285222053528,0.08961347490549088,0.07325630635023117,-0.0014927356969565153,0.2886159420013428
-20.0939998626709,6.245999813079834,0.8923775553703308,1.0101479291915894,0.11082706600427628,1.6827079057693481,0.06678879261016846,0.12989333271980286
-20.0939998626709,6.245999813079834,1.038457989692688,3.595609188079834,0.10834460705518723,0.07274957001209259,0.22846344113349915,0.5930628776550293
-20.0939998626709,6.245999813079834,1.0217280387878418,0.3755130469799042,0.09311135858297348,0.16956423223018646,-0.015853896737098694,0.27704378962516785
-20.0939998626709,7.245999813079834,0.88970947265625,2.118436574935913,0.08772967755794525,1.714734435081482,0.08311530202627182,0.06053709238767624
-20.0939998626709,7.245999813079834,1.190579891204834,3.897364377975464,0.08900738507509232,0.06052839383482933,0.11991137266159058,0.4891347289085388
-20.0939998626709,7.245999813079834,1.134574055671692,0.5580549836158752,0.06989440321922302,0.09268716722726822,0.1394905000925064,0.45032811164855957
-20.0939998626709,8.246000289916992,1.1888699531555176,5.510971546173096,0.6440832018852234,3.1024255752563477,0.24639706313610077,0.06169069558382034
-20.0939998626709,8.246000289916992,1.182573914527893,3.925075054168701,0.08758797496557236,0.04960666224360466,-0.06018722429871559,0.5119323134422302
-20.0939998626709,8.246000289916992,1.096054196357727,0.6109865307807922,0.06395813822746277,0.06722802668809891,0.04268713667988777,0.42637699842453003
-20.0939998626709,9.246000289916992,1.1097586154937744,5.860041618347168,0.35120880603790283,1.8119477033615112,0.1423749178647995,0.0612979419529438
-20.0939998626709,9.246000289916992,1.102792739868164,4.1979546546936035,0.09450548142194748,0.08167918771505356,-0.08923378586769104,0.23698553442955017
-20.0939998626709,9.246000289916992,1.2994345426559448,0.8047583103179932,0.08951588720083237,0.024683881551027298,-0.08711911737918854,0.7017165422439575
-20.0939998626709,10.246000289916992,1.0695714950561523,3.9685394763946533,0.10551971197128296,0.3994394540786743,0.1785879135131836,0.6061429381370544
-20.0939998626709,10.246000289916992,1.0053220987319946,2.7679643630981445,0.16910727322101593,0.7026859521865845,-0.24210524559020996,0.06406509131193161
-20.0939998626709,10.246000289916992,1.0525763034820557,6.16127347946167,0.13461880385875702,0.29624509811401367,0.09213396161794662,0.32979193329811096
-20.0939998626709,11.246000289916992,1.139032006263733,5.624229431152344,0.9928772449493408,1.6644577980041504,0.28489530086517334,0.010793832130730152
-20.0939998626709,11.246000289916992,1.0380314588546753,2.2870051860809326,0.09137599915266037,0.12565886974334717,-0.22172611951828003,0.989003598690033
-20.0939998626709,11.246000289916992,0.9705418348312378,4.300495147705078,0.4748835861682892,7.370742321014404,0.4536222219467163,0.0002025355352088809
-20.0939998626709,12.246000289916992,1.0325016975402832,4.960382461547852,0.24808919429779053,1.5955779552459717,-0.04249773919582367,0.0036680656485259533
-20.0939998626709,12.246000289916992,1.2234442234039307,2.2041852474212646,0.06351814419031143,0.05471378192305565,-0.1998978555202484,0.9961446523666382
-20.0939998626709,12.246000289916992,1.3969852924346924,0.48567643761634827,0.7508813738822937,0.9615850448608398,0.06053288280963898,0.00018730027659330517
-20.0939998626709,13.246000289916992,0.8490209579467773,4.844460487365723,0.146432027220726,2.0704193115234375,0.30864962935447693,0.00048352687736041844
-20.0939998626709,13.246000289916992,1.104201316833496,2.2199547290802,0.09818129241466522,0.09475785493850708,0.1286361962556839,0.9991845488548279
-20.0939998626709,13.246000289916992,0.9165498614311218,5.413758754730225,0.08588394522666931,0.3492361903190613,-0.04968170449137688,0.00033198518212884665
-20.0939998626709,14.246000289916992,1.1649141311645508,1.5406707525253296,0.43912553787231445,1.0721969604492188,0.22163532674312592,0.0336410254240036
-20.0939998626709,14.246000289916992,1.099487066268921,2.252911329269409,0.09111196547746658,0.05627024173736572,0.0682162269949913,0.960211992263794
-20.0939998626709,14.246000289916992,0.8963082432746887,4.818329811096191,0.12375221401453018,0.9353959560394287,0.1585296392440796,0.006147002801299095
-20.0939998626709,15.246000289916992,0.9921154975891113,0.3763055205345154,0.5731804370880127,2.5026395320892334,0.08300115168094635,0.0016785085899755359
-20.0939998626709,15.246000289916992,0.9238401651382446,2.426892042160034,0.04373134300112724,0.019763043150305748,0.11863521486520767,0.9960728883743286
-20.0939998626709,15.246000289916992,0.9675993323326111,5.758158206939697,0.13540339469909668,0.15483272075653076,-0.006343522109091282,0.0022485489025712013
-20.0939998626709,16.246000289916992,0.802166759967804,5.343868255615234,0.263765424489975,5.5140204429626465,0.06621608138084412,0.0024940939620137215
-20.0939998626709,16.246000289916992,1.0130683183670044,2.4061148166656494,0.060956165194511414,0.019830329343676567,-0.06160173565149307,0.9597682952880859
-20.0939998626709,16.246000289916992,0.8186807632446289,5.635869026184082,0.06782538443803787,0.13881473243236542,0.013592436909675598,0.03773760795593262
-20.0939998626709,19.246000289916992,1.0588793754577637,4.062953948974609,0.28946781158447266,1.312347650527954,0.07338979095220566,0.4028138518333435
-20.0939998626709,19.246000289916992,1.1283349990844727,2.5685875415802,0.11358074843883514,0.06270620971918106,-0.0726885199546814,0.3443501591682434
-20.0939998626709,19.246000289916992,1.0483860969543457,5.938535690307617,0.08847415447235107,0.14541223645210266,-0.08906396478414536,0.2528359591960907
-20.0939998626709,20.246000289916992,1.2594809532165527,3.0489704608917236,0.4645160138607025,0.872011661529541,0.011258138343691826,0.029105957597494125
-20.0939998626709,20.246000289916992,0.9671794772148132,2.264134407043457,0.05995342507958412,0.04443904757499695,0.0018291169544681907,0.9031769037246704
-20.0939998626709,20.246000289916992,1.2462158203125,5.498226165771484,0.08794441819190979,0.06788614392280579,0.027108775451779366,0.06771708279848099
-19.0939998626709,-11.753999710083008,0.6280467510223389,3.7484986782073975,0.06919164955615997,1.162050724029541,0.18603843450546265,0.06948824971914291
-19.0939998626709,-11.753999710083008,0.3791964650154114,3.1519839763641357,0.15744642913341522,2.0326030254364014,-0.03210887685418129,0.005904287565499544
-19.0939998626709,-11.753999710083008,0.6271640658378601,4.345648765563965,0.03112940676510334,0.06851009279489517,0.0981099084019661,0.9246073961257935
-19.0939998626709,-10.753999710083008,0.6181968450546265,5.429457187652588,0.046383511275053024,0.8594507575035095,-0.06151200830936432,0.08407106250524521
-19.0939998626709,-10.753999710083008,0.5611088275909424,2.7930166721343994,0.05330818518996239,0.9777331352233887,-0.3385075628757477,0.031149785965681076
-19.0939998626709,-10.753999710083008,0.6237161159515381,4.215010643005371,0.011849957518279552,0.13930533826351166,0.11347652971744537,0.884779155254364
-19.0939998626709,-9.753999710083008,0.7983493804931641,1.295565128326416,0.031397636979818344,1.1988974809646606,-0.11814800649881363,0.4802235960960388
-19.0939998626709,-9.753999710083008,0.6702643632888794,2.7325479984283447,0.048402607440948486,1.422572135925293,-0.19884993135929108,0.4897708594799042
-19.0939998626709,-9.753999710083008,0.6464454531669617,4.239311218261719,0.02356807328760624,0.21912215650081635,-0.04580160602927208,0.030005525797605515
-19.0939998626709,-8.753999710083008,1.1594047546386719,6.158675193786621,0.12354335188865662,1.2631487846374512,-0.2526578903198242,0.14172741770744324
-19.0939998626709,-8.753999710083008,0.739130973815918,0.9970198273658752,0.01914622262120247,0.21202720701694489,-0.1328493058681488,0.7157213091850281
-19.0939998626709,-8.753999710083008,0.766781210899353,3.819483757019043,0.02404479868710041,0.2929954528808594,-0.011195087805390358,0.14255119860172272
-19.0939998626709,-7.754000186920166,0.8703826069831848,3.500325918197632,0.012782901525497437,0.23379872739315033,-0.29340866208076477,0.5718285441398621
-19.0939998626709,-7.754000186920166,0.8427621126174927,0.1313943713903427,0.04118158668279648,0.2819007933139801,0.2719777524471283,0.14180494844913483
-19.0939998626709,-7.754000186920166,0.808984100818634,4.0679216384887695,0.033662375062704086,0.08306312561035156,0.31967905163764954,0.2863664925098419
-19.0939998626709,-6.754000186920166,0.9339454174041748,4.191296577453613,0.21751926839351654,1.5744829177856445,-0.02887900359928608,0.3685618042945862
-19.0939998626709,-6.754000186920166,0.9882005453109741,3.0945348739624023,0.08085709810256958,0.18311046063899994,-0.009443272836506367,0.39242246747016907
-19.0939998626709,-6.754000186920166,1.0037966966629028,6.151445388793945,0.056512314826250076,0.10582286864519119,-0.15441356599330902,0.23901569843292236
-19.0939998626709,-5.754000186920166,0.9313123226165771,2.556595802307129,0.1448730081319809,1.1642001867294312,-0.09697157889604568,0.13765065371990204
-19.0939998626709,-5.754000186920166,1.0571424961090088,3.4154372215270996,0.09060962498188019,0.18815197050571442,0.01814330369234085,0.5894421339035034
-19.0939998626709,-5.754000186920166,1.1304913759231567,0.3221456706523895,0.0750122144818306,0.03959682583808899,-0.11006307601928711,0.27290719747543335
-19.0939998626709,-4.754000186920166,0.9504455327987671,2.0163729190826416,0.08631014823913574,2.3531248569488525,0.10200144350528717,0.042418502271175385
-19.0939998626709,-4.754000186920166,0.9561125636100769,3.607893705368042,0.05270911008119583,0.05390666052699089,0.06964773684740067,0.2579653859138489
-19.0939998626709,-4.754000186920166,0.8885672688484192,0.5359694361686707,0.036354910582304,0.031033435836434364,0.021730640903115273,0.6996160745620728
-19.0939998626709,-3.753999948501587,0.915996253490448,2.1217856407165527,0.1516605019569397,2.0534255504608154,0.1773209124803543,0.009600428864359856
-19.0939998626709,-3.753999948501587,0.8432183861732483,3.846362829208374,0.04241456091403961,0.029198067262768745,0.12710636854171753,0.38850149512290955
-19.0939998626709,-3.753999948501587,0.8255732655525208,0.9008781909942627,0.04994561895728111,0.11098746210336685,-0.09121238440275192,0.6018980741500854
-19.0939998626709,-2.753999948501587,0.7317405343055725,0.050145070999860764,0.034390632063150406,2.5419952869415283,0.019928306341171265,0.07799293845891953
-19.0939998626709,-2.753999948501587,1.021225094795227,4.079826831817627,0.07028045505285263,0.0824727788567543,0.04287237673997879,0.6122553944587708
-19.0939998626709,-2.753999948501587,0.9811016321182251,1.1551176309585571,0.055635083466768265,0.05537758022546768,-0.2741425335407257,0.30975162982940674
-19.0939998626709,-1.753999948501587,1.066657543182373,4.612685680389404,0.051738474518060684,0.4800701439380646,-0.21489034593105316,0.6421244740486145
-19.0939998626709,-1.753999948501587,0.9008938670158386,1.553963303565979,0.049223363399505615,0.2113494724035263,-0.19565635919570923,0.26318463683128357
-19.0939998626709,-1.753999948501587,0.8086786866188049,4.883872985839844,0.059602975845336914,1.0584120750427246,0.0939721167087555,0.09469089657068253
-19.0939998626709,-0.7540000081062317,0.971782386302948,6.114534378051758,0.04391584172844887,1.170409083366394,-0.03649090230464935,0.5105695724487305
-19.0939998626709,-0.7540000081062317,1.0400826930999756,2.8660542964935303,0.09566056728363037,0.2561194598674774,-0.09875324368476868,0.23987838625907898
-19.0939998626709,-0.7540000081062317,1.1819968223571777,0.20132094621658325,0.08608461916446686,0.060194674879312515,-0.18883849680423737,0.24955208599567413
-19.0939998626709,0.2460000067949295,0.8685837984085083,5.029696941375732,0.05192628875374794,1.623086929321289,-0.18576686084270477,0.17448872327804565
-19.0939998626709,0.2460000067949295,0.8953917622566223,2.3074378967285156,0.05688135698437691,0.2096274346113205,-0.41393107175827026,0.8180957436561584
-19.0939998626709,0.2460000067949295,0.792262613773346,4.8900861740112305,0.0337783508002758,1.9366309642791748,0.007053765002638102,0.0074156178161501884
-19.0939998626709,1.246000051498413,0.801030158996582,0.8415248394012451,0.1865236610174179,1.3678104877471924,-0.06875785440206528,0.12839528918266296
-19.0939998626709,1.246000051498413,0.5400625467300415,2.9527409076690674,0.025181902572512627,0.27624204754829407,0.0781489759683609,0.7343485951423645
-19.0939998626709,1.246000051498413,0.6719342470169067,5.602423667907715,0.027383828535676003,0.290243923664093,0.0540630966424942,0.13725614547729492
-19.0939998626709,2.246000051498413,0.807036280632019,6.163481712341309,0.10963274538516998,2.2401888370513916,0.009957298636436462,0.1632303148508072
-19.0939998626709,2.246000051498413,0.813927412033081,2.486909866333008,0.06176602095365524,0.06532034277915955,0.21536941826343536,0.5453580617904663
-19.0939998626709,2.246000051498413,0.8785343170166016,5.824161052703857,0.06675213575363159,0.06792367249727249,0.07774938642978668,0.2914115786552429
-19.0939998626709,3.246000051498413,0.8093053698539734,0.4134643077850342,0.05873202160000801,2.296520948410034,-0.030261224135756493,0.1011531725525856
-19.0939998626709,3.246000051498413,1.0753633975982666,3.026154041290283,0.08144228905439377,0.07396010309457779,-0.02792227640748024,0.5270172357559204
-19.0939998626709,3.246000051498413,1.1746511459350586,6.186953544616699,0.08239122480154037,0.02503194287419319,0.12638871371746063,0.3718295991420746
-19.0939998626709,4.245999813079834,0.7594233155250549,5.917605876922607,0.02976709045469761,2.1366803646087646,-0.0324859693646431,0.09947710484266281
-19.0939998626709,4.245999813079834,1.0652236938476562,3.0519402027130127,0.06459210067987442,0.0856013223528862,0.14625605940818787,0.552492618560791
-19.0939998626709,4.245999813079834,1.2251683473587036,0.008203111588954926,0.09464496374130249,0.042429570108652115,0.14386887848377228,0.34803029894828796
-19.0939998626709,5.245999813079834,0.9324595928192139,6.147143840789795,0.05490260571241379,1.4485523700714111,0.05201004818081856,0.22286689281463623
-19.0939998626709,5.245999813079834,1.0374490022659302,3.120405435562134,0.06761857867240906,0.14932303130626678,0.26933133602142334,0.4572148025035858
-19.0939998626709,5.245999813079834,1.2289025783538818,0.04853050038218498,0.07735985517501831,0.03362239524722099,0.019391635432839394,0.31991830468177795
-19.0939998626709,6.245999813079834,0.8259470462799072,5.905141353607178,0.07937198132276535,1.6659095287322998,0.1239929273724556,0.1769445389509201
-19.0939998626709,6.245999813079834,0.9446595907211304,3.448774576187134,0.09530720859766006,0.22565844655036926,0.15920165181159973,0.4553568363189697
-19.0939998626709,6.245999813079834,1.1114013195037842,0.1905255913734436,0.10195495933294296,0.08787470310926437,-0.06098422780632973,0.36769866943359375
-19.0939998626709,7.245999813079834,0.8318625688552856,0.8411364555358887,0.05433458462357521,1.7817280292510986,0.10103552043437958,0.2279151976108551
-19.0939998626709,7.245999813079834,1.0313915014266968,3.7378644943237305,0.10185442864894867,0.15533602237701416,0.18235443532466888,0.5180912613868713
-19.0939998626709,7.245999813079834,1.1339646577835083,0.5589461326599121,0.08751245588064194,0.10574221611022949,-0.04447867348790169,0.25399354100227356
-19.0939998626709,8.246000289916992,1.017232894897461,5.715230464935303,0.19412164390087128,2.6316099166870117,0.17736834287643433,0.183319091796875
-19.0939998626709,8.246000289916992,1.1402266025543213,3.9663279056549072,0.08396652340888977,0.052116598933935165,0.011011066846549511,0.5127480626106262
-19.0939998626709,8.246000289916992,1.1183122396469116,0.7515462636947632,0.06256438791751862,0.058864131569862366,-0.008646579459309578,0.3039328455924988
-19.0939998626709,9.246000289916992,1.0496994256973267,6.066521167755127,0.19396977126598358,2.027191162109375,0.1026160791516304,0.16072237491607666
-19.0939998626709,9.246000289916992,1.1212366819381714,4.039185523986816,0.07757095992565155,0.05372801423072815,0.04129045829176903,0.34356364607810974
-19.0939998626709,9.246000289916992,1.2423501014709473,0.7281930446624756,0.07604674994945526,0.03451062738895416,-0.1289626508951187,0.4957139194011688
-19.0939998626709,10.246000289916992,0.9264565706253052,4.739427089691162,0.05718345195055008,0.6406547427177429,0.13175447285175323,0.5746896266937256
-19.0939998626709,10.246000289916992,1.002930760383606,2.5971293449401855,0.10646619647741318,0.4243451952934265,-0.047843385487794876,0.13350723683834076
-19.0939998626709,10.246000289916992,1.1303304433822632,1.2911486625671387,0.12173382192850113,0.08952489495277405,-0.09762343764305115,0.2918030917644501
-19.0939998626709,11.246000289916992,1.1278159618377686,5.514116287231445,0.44328558444976807,1.4170677661895752,0.1990816444158554,0.05024703964591026
-19.0939998626709,11.246000289916992,1.12994384765625,2.106621265411377,0.0951346680521965,0.089917853474617,-0.061230044811964035,0.9433088898658752
-19.0939998626709,11.246000289916992,1.087123155593872,5.153527736663818,0.22444672882556915,0.9162800908088684,0.22673897445201874,0.006444141734391451
-19.0939998626709,12.246000289916992,0.8011637926101685,4.999040603637695,0.05882243439555168,1.2777405977249146,0.01405549980700016,0.047943443059921265
-19.0939998626709,12.246000289916992,1.1257768869400024,2.2484681606292725,0.08770956099033356,0.0582166388630867,-0.16197508573532104,0.9518406987190247
-19.0939998626709,12.246000289916992,1.1722817420959473,0.06971007585525513,0.7284125089645386,1.5551530122756958,0.02273753471672535,0.00021594700228888541
-19.0939998626709,13.246000289916992,0.7940865755081177,0.2999814450740814,0.0413498654961586,0.9991055130958557,0.09470084309577942,0.02400439791381359
-19.0939998626709,13.246000289916992,1.042759656906128,2.23298978805542,0.09163347631692886,0.05805489793419838,0.0511917769908905,0.9752951264381409
-19.0939998626709,13.246000289916992,1.05735445022583,5.5977396965026855,0.1841764748096466,0.3010275661945343,0.009761321358382702,0.0007004734361544251
-19.0939998626709,14.246000289916992,0.919760525226593,2.4322571754455566,0.14849522709846497,0.9197015166282654,0.11057689040899277,0.1014287993311882
-19.0939998626709,14.246000289916992,0.8214111924171448,2.1551146507263184,0.06231836602091789,0.0773603543639183,0.2503170967102051,0.8938371539115906
-19.0939998626709,14.246000289916992,0.7987298369407654,6.032761573791504,0.253312349319458,0.4605882465839386,0.2855696678161621,0.0047340989112854
-19.0939998626709,15.246000289916992,0.8010390996932983,0.39345410466194153,0.2986378073692322,2.6222004890441895,0.0885818600654602,0.05312918871641159
-19.0939998626709,15.246000289916992,0.7905693054199219,2.7125301361083984,0.08138103038072586,0.0860757902264595,-0.002795886481180787,0.9279927611351013
-19.0939998626709,15.246000289916992,0.8761139512062073,5.573226451873779,0.1111474558711052,0.1321541666984558,0.005556873511523008,0.0188781525939703
-19.0939998626709,16.246000289916992,0.7145988941192627,4.524405002593994,0.24827517569065094,3.051588773727417,0.09192534536123276,0.0011233551194891334
-19.0939998626709,16.246000289916992,1.1120493412017822,3.1721980571746826,0.0976783037185669,0.023735053837299347,-0.1832638680934906,0.9916359186172485
-19.0939998626709,16.246000289916992,0.8386310935020447,5.667172908782959,0.11373903602361679,0.24683988094329834,-0.044667307287454605,0.00724075548350811
-19.0939998626709,17.246000289916992,1.0250370502471924,4.662216663360596,0.06126633286476135,1.5811535120010376,0.015266766771674156,0.007960415445268154
-19.0939998626709,17.246000289916992,1.13534414768219,2.1802759170532227,0.06529311090707779,0.07582264393568039,0.24931545555591583,0.9900305271148682
-19.0939998626709,17.246000289916992,1.0660871267318726,5.06653356552124,0.0923774242401123,0.14574947953224182,0.13529187440872192,0.0020090569742023945
-19.0939998626709,18.246000289916992,1.1020907163619995,0.48767364025115967,0.26616233587265015,2.046035051345825,0.009237266145646572,0.0006559652974829078
-19.0939998626709,18.246000289916992,1.0627050399780273,3.0774471759796143,0.006377246230840683,0.001570510445162654,-0.08428094536066055,0.9991470575332642
-19.0939998626709,18.246000289916992,1.0060265064239502,4.938032627105713,0.1400538980960846,0.4549138844013214,0.2195345163345337,0.00019696101662702858
-19.0939998626709,19.246000289916992,0.9470280408859253,2.7179453372955322,0.1578199416399002,1.316849708557129,0.12141498178243637,0.11756972223520279
-19.0939998626709,19.246000289916992,1.0937228202819824,2.213953733444214,0.07287299633026123,0.03880041465163231,0.05785614624619484,0.8647904992103577
-19.0939998626709,19.246000289916992,1.0995726585388184,6.103596210479736,0.16015256941318512,0.24720142781734467,0.021295351907610893,0.017639780417084694
-19.0939998626709,20.246000289916992,1.177415370941162,1.905556082725525,0.25723764300346375,0.9756731986999512,0.0802999883890152,0.10200249403715134
-19.0939998626709,20.246000289916992,0.9026324152946472,2.3552870750427246,0.07398448139429092,0.07402914017438889,0.06807922571897507,0.8954588174819946
-19.0939998626709,20.246000289916992,1.0715101957321167,5.590486526489258,0.12547557055950165,0.24031376838684082,0.06497739255428314,0.002538667293265462
-19.0939998626709,21.246000289916992,0.9715015888214111,3.591909408569336,0.0240937527269125,0.441590815782547,-0.06476105004549026,0.4285429120063782
-19.0939998626709,21.246000289916992,0.983240008354187,2.230764150619507,0.09900032728910446,0.07591606676578522,0.19329819083213806,0.5693417191505432
-19.0939998626709,21.246000289916992,1.0288594961166382,5.415649890899658,0.0941462367773056,0.2701662480831146,0.12805573642253876,0.002115423558279872
-18.0939998626709,-11.753999710083008,0.6237949132919312,4.078578948974609,0.016803864389657974,0.3635602295398712,0.04917607456445694,0.6510482430458069
-18.0939998626709,-11.753999710083008,0.5541512966156006,1.913402795791626,0.04800843074917793,0.8617756366729736,-0.041976165026426315,0.03638187050819397
-18.0939998626709,-11.753999710083008,0.6747124195098877,5.294530391693115,0.01817988231778145,0.09900996088981628,-0.059810977429151535,0.31256991624832153
-18.0939998626709,-10.753999710083008,0.8526179194450378,5.217957973480225,0.15264779329299927,0.9582610130310059,-0.04013609513640404,0.04479648172855377
-18.0939998626709,-10.753999710083008,0.5550920367240906,2.1179699897766113,0.05795915424823761,1.477569818496704,-0.08467043191194534,0.036169588565826416
-18.0939998626709,-10.753999710083008,0.6093648672103882,4.475255966186523,0.016914410516619682,0.33671894669532776,-0.047336552292108536,0.919033944606781
-18.0939998626709,-9.753999710083008,0.7671942114830017,4.722545623779297,0.035704780369997025,1.7269607782363892,0.012126056477427483,0.5870110392570496
-18.0939998626709,-9.753999710083008,0.6227183938026428,1.521608829498291,0.03637219965457916,0.7661975026130676,0.0406612753868103,0.320620059967041
-18.0939998626709,-9.753999710083008,0.735022246837616,4.572490215301514,0.0347643680870533,0.2541680932044983,0.169008269906044,0.09236887097358704
-18.0939998626709,-8.753999710083008,1.0493216514587402,0.012228081002831459,0.06981474161148071,1.141257882118225,-0.041647590696811676,0.20262041687965393
-18.0939998626709,-8.753999710083008,0.8556198477745056,1.0532095432281494,0.05513319373130798,0.3177223205566406,-0.031927961856126785,0.4687047302722931
-18.0939998626709,-8.753999710083008,0.8272492289543152,4.367440700531006,0.03008110448718071,0.17453357577323914,0.20689357817173004,0.32867488265037537
-18.0939998626709,-7.754000186920166,0.950404942035675,5.683242321014404,0.03413446992635727,0.7472643852233887,-0.17698019742965698,0.218577578663826
-18.0939998626709,-7.754000186920166,0.8660973310470581,0.9898059368133545,0.03867942839860916,0.16795478761196136,-0.08268464356660843,0.14733260869979858
-18.0939998626709,-7.754000186920166,0.8564387559890747,4.191976547241211,0.022907838225364685,0.0825546607375145,0.1805589348077774,0.6340898275375366
-18.0939998626709,-6.754000186920166,0.8672381639480591,4.463703632354736,0.01934395171701908,1.0376837253570557,-0.026372576132416725,0.5669705271720886
-18.0939998626709,-6.754000186920166,0.8258377313613892,2.277167320251465,0.05668582394719124,0.37224093079566956,0.21780183911323547,0.3041732907295227
-18.0939998626709,-6.754000186920166,1.2127605676651,5.9418487548828125,0.11326079815626144,0.038993217051029205,-0.11389603465795517,0.1288561224937439
-18.0939998626709,-5.754000186920166,0.8781724572181702,5.191985130310059,0.037787701934576035,0.6121017932891846,-0.06933282315731049,0.26812291145324707
-18.0939998626709,-5.754000186920166,0.9876963496208191,3.3082499504089355,0.08262850344181061,0.409184068441391,-0.10585221648216248,0.42477619647979736
-18.0939998626709,-5.754000186920166,1.2183433771133423,0.31520119309425354,0.0738610029220581,0.01983126625418663,-0.176802396774292,0.3071008026599884
-18.0939998626709,-4.754000186920166,0.965129017829895,5.922508716583252,0.07145900279283524,1.8733429908752441,0.14272618293762207,0.34778890013694763
-18.0939998626709,-4.754000186920166,0.8769314289093018,3.624298334121704,0.0454321913421154,0.12416825443506241,0.305285781621933,0.23662815988063812
-18.0939998626709,-4.754000186920166,1.0338722467422485,0.4326893091201782,0.04396208003163338,0.03608238697052002,-0.11879199743270874,0.41558292508125305
-18.0939998626709,-3.753999948501587,0.854779064655304,1.061225414276123,0.029917770996689796,1.5095770359039307,-0.01188259944319725,0.3419612944126129
-18.0939998626709,-3.753999948501587,1.0494976043701172,3.784022569656372,0.14395999908447266,0.4036135971546173,-0.007699530106037855,0.3229031562805176
-18.0939998626709,-3.753999948501587,1.0208783149719238,0.8344995379447937,0.0751534178853035,0.16900034248828888,-0.0637107565999031,0.3351355195045471
-18.0939998626709,-2.753999948501587,0.7609263062477112,5.413635730743408,0.013703632168471813,1.331607460975647,0.06184787303209305,0.7105556130409241
-18.0939998626709,-2.753999948501587,0.9456202983856201,4.22475528717041,0.11332300305366516,0.7680426239967346,0.2818492650985718,0.08895035088062286
-18.0939998626709,-2.753999948501587,1.119020700454712,1.6436214447021484,0.08789714425802231,0.0826888456940651,-0.1301162987947464,0.20049400627613068
-18.0939998626709,-1.753999948501587,0.8971883058547974,4.912534713745117,0.03379841148853302,0.6598368883132935,0.10467371344566345,0.47993728518486023
-18.0939998626709,-1.753999948501587,0.8398275971412659,2.4187355041503906,0.0843103900551796,0.431521475315094,-0.040349312126636505,0.2831357419490814
-18.0939998626709,-1.753999948501587,1.0183815956115723,0.5080563426017761,0.12759365141391754,0.3251829147338867,0.04784659296274185,0.23692701756954193
-18.0939998626709,-0.7540000081062317,1.0569924116134644,5.416556358337402,0.0532497875392437,1.1488925218582153,0.09009790420532227,0.5514025092124939
-18.0939998626709,-0.7540000081062317,0.9810206890106201,1.8536601066589355,0.1608148217201233,1.9069290161132812,-0.3645542562007904,0.2874496877193451
-18.0939998626709,-0.7540000081062317,0.807368814945221,4.863439559936523,0.05287306010723114,1.6948485374450684,-0.001928579295054078,0.16114775836467743
-18.0939998626709,0.2460000067949295,1.0269296169281006,5.393332004547119,0.08813515305519104,1.5427725315093994,0.17437554895877838,0.40370821952819824
-18.0939998626709,0.2460000067949295,0.8992767930030823,2.1814067363739014,0.08119115978479385,0.3826736807823181,-0.37052416801452637,0.48830446600914
-18.0939998626709,0.2460000067949295,0.9486077427864075,5.037758827209473,0.07456877827644348,0.25962376594543457,0.02800474502146244,0.10798738151788712
-18.0939998626709,1.246000051498413,0.8512299656867981,3.8351054191589355,0.06426902115345001,1.0397921800613403,0.07338760048151016,0.21635906398296356
-18.0939998626709,1.246000051498413,0.9359293580055237,2.4357666969299316,0.1222071573138237,0.23187227547168732,-0.1339236944913864,0.46281924843788147
-18.0939998626709,1.246000051498413,0.9045505523681641,5.271677017211914,0.07858935743570328,0.1988956481218338,0.0019733556546270847,0.32082173228263855
-18.0939998626709,2.246000051498413,0.8002926111221313,5.063809871673584,0.07913388311862946,2.2022931575775146,0.04074644297361374,0.44826269149780273
-18.0939998626709,2.246000051498413,0.8965845108032227,2.5924525260925293,0.0981060191988945,0.12431535124778748,0.12057193368673325,0.42712828516960144
-18.0939998626709,2.246000051498413,0.9863503575325012,5.873802185058594,0.0756143108010292,0.04278352111577988,0.09237300604581833,0.12460903823375702
-18.0939998626709,3.246000051498413,0.8230730295181274,0.2568255364894867,0.051025014370679855,1.8249295949935913,-0.012278369627892971,0.24521109461784363
-18.0939998626709,3.246000051498413,1.0263569355010986,2.8613107204437256,0.11239448189735413,0.11847595870494843,0.06645296514034271,0.49944883584976196
-18.0939998626709,3.246000051498413,1.1991599798202515,6.1576032638549805,0.09202070534229279,0.022208482027053833,0.13474178314208984,0.25534000992774963
-18.0939998626709,4.245999813079834,0.8133814334869385,5.715265274047852,0.04007919132709503,1.8498034477233887,-0.014320126734673977,0.1234530508518219
-18.0939998626709,4.245999813079834,1.0696046352386475,3.035839796066284,0.06987112760543823,0.09658850729465485,0.055071622133255005,0.5067318677902222
-18.0939998626709,4.245999813079834,1.174829125404358,6.235952854156494,0.07584138959646225,0.03842877224087715,-0.018376518040895462,0.36981508135795593
-18.0939998626709,5.245999813079834,1.0565142631530762,6.126878261566162,0.08581424504518509,1.6878193616867065,0.08792295306921005,0.3794962763786316
-18.0939998626709,5.245999813079834,1.0662974119186401,3.091470241546631,0.06902701407670975,0.15336860716342926,0.23301935195922852,0.4105586111545563
-18.0939998626709,5.245999813079834,1.2040694952011108,0.020037751644849777,0.06138596311211586,0.0258164219558239,-0.022158220410346985,0.20994512736797333
-18.0939998626709,6.245999813079834,0.8400968313217163,5.667449951171875,0.04513704404234886,1.4345085620880127,0.051132846623659134,0.38067325949668884
-18.0939998626709,6.245999813079834,1.0239803791046143,3.4489400386810303,0.09483081102371216,0.2848150432109833,0.17249314486980438,0.4874112010002136
-18.0939998626709,6.245999813079834,1.2513808012008667,6.203402042388916,0.08739711344242096,0.03331489861011505,-0.14337360858917236,0.13191550970077515
-18.0939998626709,7.245999813079834,0.6817021369934082,0.18421414494514465,0.021920520812273026,1.3381404876708984,0.0020932015031576157,0.5927896499633789
-18.0939998626709,7.245999813079834,1.0005650520324707,3.521165370941162,0.17930889129638672,0.5467297434806824,0.10265617817640305,0.29496845602989197
-18.0939998626709,7.245999813079834,1.0379245281219482,0.3112023174762726,0.08725324273109436,0.09069476276636124,-0.16179123520851135,0.11224181950092316
-18.0939998626709,8.246000289916992,0.82173752784729,0.3149573504924774,0.04144441708922386,1.8175026178359985,0.03744536265730858,0.35791125893592834
-18.0939998626709,8.246000289916992,1.029703140258789,3.8998444080352783,0.05643682926893234,0.05918382853269577,0.05209854617714882,0.44114047288894653
-18.0939998626709,8.246000289916992,1.0969535112380981,0.5395350456237793,0.05721968784928322,0.04980309680104256,-0.09587391465902328,0.20094825327396393
-18.0939998626709,9.246000289916992,0.9754348993301392,0.7380720376968384,0.08395412564277649,1.8445969820022583,0.05055630952119827,0.37171825766563416
-18.0939998626709,9.246000289916992,1.1246311664581299,4.058254241943359,0.05634278804063797,0.029668888077139854,-0.009724864736199379,0.42339712381362915
-18.0939998626709,9.246000289916992,1.1690906286239624,0.6767024993896484,0.05325736850500107,0.023830482736229897,-0.1569777876138687,0.2048846036195755
-18.0939998626709,10.246000289916992,1.08156156539917,1.4223390817642212,0.1037060022354126,2.6500983238220215,0.09389492124319077,0.28375473618507385
-18.0939998626709,10.246000289916992,1.1949174404144287,4.080399990081787,0.07225725799798965,0.04132384806871414,0.0772404596209526,0.4073367416858673
-18.0939998626709,10.246000289916992,1.1947414875030518,0.8179787397384644,0.052513059228658676,0.02230062335729599,-0.1307278871536255,0.30890849232673645
-18.0939998626709,11.246000289916992,1.1352618932724,4.550995349884033,0.14195537567138672,1.2708688974380493,0.10934098064899445,0.2769223749637604
-18.0939998626709,11.246000289916992,0.9902618527412415,2.5494191646575928,0.0868525505065918,0.40047815442085266,0.16535153985023499,0.6302762627601624
-18.0939998626709,11.246000289916992,1.1158266067504883,0.4069521427154541,0.13115260004997253,0.061728861182928085,-0.025524387136101723,0.09280136972665787
-18.0939998626709,12.246000289916992,0.649740993976593,5.407188415527344,0.025148814544081688,1.489798665046692,0.09708333015441895,0.06349372863769531
-18.0939998626709,12.246000289916992,1.0658973455429077,2.449901580810547,0.08474922925233841,0.06861971318721771,-0.05487664043903351,0.9363129138946533
-18.0939998626709,12.246000289916992,0.9992261528968811,5.56704044342041,0.28522151708602905,1.258800983428955,0.07213416695594788,0.00019332348892930895
-18.0939998626709,13.246000289916992,0.7835946083068848,1.3631585836410522,0.02246764302253723,0.7889809012413025,-0.006443223915994167,0.6510037183761597
-18.0939998626709,13.246000289916992,0.9203377962112427,2.10764217376709,0.08313728123903275,0.052223943173885345,-0.2815897464752197,0.33865055441856384
-18.0939998626709,13.246000289916992,1.0380241870880127,5.880555152893066,0.2345258742570877,0.37865686416625977,0.11644924432039261,0.010345694608986378
-18.0939998626709,14.246000289916992,0.6865134239196777,2.2896080017089844,0.030726302415132523,1.0095751285552979,0.09702602028846741,0.07977847009897232
-18.0939998626709,14.246000289916992,0.8109226226806641,1.9919577836990356,0.057162921875715256,0.0404619537293911,0.15798728168010712,0.9195362329483032
-18.0939998626709,14.246000289916992,0.8994985818862915,1.026786208152771,0.6210983991622925,0.37931281328201294,0.3969595432281494,0.0006853141239844263
-18.0939998626709,15.246000289916992,0.5621058940887451,3.346914529800415,0.035216450691223145,2.0310959815979004,-0.14998503029346466,0.004718441981822252
-18.0939998626709,15.246000289916992,0.7220237255096436,2.186210870742798,0.0572434701025486,0.1485603153705597,0.4188838601112366,0.9949392080307007
-18.0939998626709,15.246000289916992,0.7172691226005554,0.7666836977005005,0.2269570380449295,0.44518330693244934,-0.24820178747177124,0.0003423903835937381
-18.0939998626709,16.246000289916992,0.9565013647079468,1.9789530038833618,0.24620023369789124,0.8360597491264343,0.0638251006603241,0.00417295703664422
-18.0939998626709,16.246000289916992,1.112560510635376,2.4220502376556396,0.07641693949699402,0.08985193073749542,-0.20825417339801788,0.9205085039138794
-18.0939998626709,16.246000289916992,1.1989758014678955,1.1475884914398193,0.17358404397964478,0.22681452333927155,-0.06412182003259659,0.07531854510307312
-18.0939998626709,17.246000289916992,0.7671999335289001,6.0155744552612305,0.031003549695014954,0.9474407434463501,-0.10811346769332886,0.03576089069247246
-18.0939998626709,17.246000289916992,1.1091318130493164,1.9506373405456543,0.10215265303850174,0.061130084097385406,0.3496173918247223,0.9609293937683105
-18.0939998626709,17.246000289916992,1.003592848777771,5.567835807800293,0.1546289473772049,0.18407155573368073,0.1493094563484192,0.0033097867853939533
-18.0939998626709,18.246000289916992,1.096313238143921,1.3484110832214355,0.35398346185684204,1.4951860904693604,-0.12502264976501465,0.010856186039745808
-18.0939998626709,18.246000289916992,1.131166696548462,2.1929256916046143,0.08168590813875198,0.05312464386224747,0.057239972054958344,0.983373761177063
-18.0939998626709,18.246000289916992,1.2294533252716064,0.5069421529769897,0.46941325068473816,0.11439384520053864,0.15548256039619446,0.005770041607320309
-18.0939998626709,19.246000289916992,0.7274661660194397,5.397858619689941,0.02288307249546051,1.0882614850997925,-0.06086070463061333,0.053966082632541656
-18.0939998626709,19.246000289916992,1.0182939767837524,1.9368661642074585,0.09770595282316208,0.06763868778944016,0.37189599871635437,0.9437409043312073
-18.0939998626709,19.246000289916992,1.1271109580993652,6.22370719909668,0.19964978098869324,0.1411319524049759,0.0028995415195822716,0.0022930530831217766
-18.0939998626709,20.246000289916992,0.9841756820678711,0.750098705291748,0.07233251631259918,1.452297329902649,0.018017182126641273,0.03111426718533039
-18.0939998626709,20.246000289916992,1.0152560472488403,2.2709319591522217,0.10974080115556717,0.10509604960680008,0.2644595205783844,0.9681573510169983
-18.0939998626709,20.246000289916992,1.0478081703186035,5.463407516479492,0.16914144158363342,0.5154305100440979,0.10732810199260712,0.0007283602026291192
-18.0939998626709,21.246000289916992,1.0708205699920654,1.2196539640426636,0.05268590524792671,1.0189262628555298,-0.06766832619905472,0.03533266857266426
-18.0939998626709,21.246000289916992,0.9743518233299255,2.154364824295044,0.11259082704782486,0.14101967215538025,0.1866840273141861,0.9637026190757751
-18.0939998626709,21.246000289916992,0.9540830850601196,5.425569534301758,0.13609817624092102,0.7479078769683838,0.04361126199364662,0.0009647526312619448
-18.0939998626709,22.246000289916992,0.9604510068893433,2.2829506397247314,0.016318053007125854,0.5292977094650269,-0.2179926335811615,0.05030582472681999
-18.0939998626709,22.246000289916992,0.9789699912071228,1.976340651512146,0.14729498326778412,0.16601672768592834,0.13431262969970703,0.9482042789459229
-18.0939998626709,22.246000289916992,0.8896474242210388,5.381222724914551,0.12971758842468262,0.828413724899292,-0.013167505152523518,0.0014898785157129169
-17.0939998626709,-12.753999710083008,0.6627957224845886,4.907750129699707,0.09926483035087585,1.5822221040725708,0.038256995379924774,0.017138313502073288
-17.0939998626709,-12.753999710083008,0.6491571068763733,2.843212366104126,0.06950047612190247,0.3857424259185791,0.12561319768428802,0.05708060786128044
-17.0939998626709,-12.753999710083008,0.698432981967926,4.734376430511475,0.03148764744400978,0.09290420264005661,0.023404022678732872,0.9257810711860657
-17.0939998626709,-11.753999710083008,0.671869158744812,4.2114577293396,0.024398690089583397,0.46161800622940063,0.03814081475138664,0.25622686743736267
-17.0939998626709,-11.753999710083008,0.5935328602790833,1.6172447204589844,0.057354263961315155,0.6939073801040649,-0.021493572741746902,0.017332026734948158
-17.0939998626709,-11.753999710083008,0.7270254492759705,5.194063186645508,0.0180363766849041,0.08037957549095154,-0.050029534846544266,0.7264411449432373
-17.0939998626709,-10.753999710083008,1.0011897087097168,5.532422065734863,0.21395805478096008,0.6258371472358704,0.04780542105436325,0.07508338987827301
-17.0939998626709,-10.753999710083008,0.6216566562652588,1.7319278717041016,0.07325048744678497,1.4228928089141846,0.10814150422811508,0.1005675420165062
-17.0939998626709,-10.753999710083008,0.6293323040008545,4.94010066986084,0.02437378279864788,0.31984180212020874,-0.08904613554477692,0.824349045753479
-17.0939998626709,-9.753999710083008,0.8235164284706116,3.8206145763397217,0.04774683713912964,1.293188452720642,0.06941795349121094,0.5830149054527283
-17.0939998626709,-9.753999710083008,0.6168065071105957,1.4503045082092285,0.02241344563663006,0.7949548363685608,-0.09210073202848434,0.3359036147594452
-17.0939998626709,-9.753999710083008,0.7863386869430542,4.537720680236816,0.03751973807811737,0.5545631051063538,0.22064416110515594,0.08108152449131012
-17.0939998626709,-8.753999710083008,1.0687594413757324,5.915499210357666,0.07427551597356796,1.2232329845428467,-0.009043866768479347,0.3525959551334381
-17.0939998626709,-8.753999710083008,0.7963039875030518,0.9030982255935669,0.04043377563357353,0.3818497657775879,-0.1523481160402298,0.3556888699531555
-17.0939998626709,-8.753999710083008,0.8662067651748657,4.487676620483398,0.04081583395600319,0.3461786210536957,0.22258226573467255,0.29171523451805115
-17.0939998626709,-7.754000186920166,0.9584531784057617,5.825709342956543,0.05129862576723099,1.0366454124450684,-0.14151228964328766,0.30072489380836487
-17.0939998626709,-7.754000186920166,0.8306566476821899,1.1833000183105469,0.05237998813390732,0.33509987592697144,-0.06957471370697021,0.1985311061143875
-17.0939998626709,-7.754000186920166,0.8183228969573975,4.509486675262451,0.022040875628590584,0.1036045253276825,0.09661193192005157,0.5007440447807312
-17.0939998626709,-6.754000186920166,0.9281691908836365,4.442271709442139,0.036994513124227524,0.9582619071006775,0.011149362660944462,0.4039858281612396
-17.0939998626709,-6.754000186920166,0.7885544300079346,1.8305628299713135,0.06826722621917725,1.1306684017181396,0.07212837040424347,0.37855416536331177
-17.0939998626709,-6.754000186920166,0.9749976396560669,5.0893754959106445,0.03164670616388321,0.25357815623283386,0.07160422950983047,0.21745997667312622
-17.0939998626709,-5.754000186920166,0.8331476449966431,4.567339897155762,0.031787026673555374,0.6454679369926453,0.04607684537768364,0.6125098466873169
-17.0939998626709,-5.754000186920166,0.8379116058349609,3.1617681980133057,0.07361023873090744,0.9672710299491882,-0.14277496933937073,0.2593204081058502
-17.0939998626709,-5.754000186920166,1.0470757484436035,0.22076016664505005,0.06215818226337433,0.04429943487048149,-0.1328015774488449,0.12816974520683289
-17.0939998626709,-4.754000186920166,0.9888741970062256,6.1727447509765625,0.06622540205717087,1.719152569770813,0.10895217210054398,0.4442528486251831
-17.0939998626709,-4.754000186920166,0.9559479355812073,3.5021257400512695,0.06608102470636368,0.2394408881664276,0.288833886384964,0.24406635761260986
-17.0939998626709,-4.754000186920166,1.2038702964782715,0.3254096210002899,0.061912041157484055,0.02088353969156742,-0.041999585926532745,0.31168073415756226
-17.0939998626709,-3.753999948501587,0.9548237919807434,6.005967617034912,0.036294445395469666,1.0427501201629639,0.07375971227884293,0.5483072996139526
-17.0939998626709,-3.753999948501587,0.9905387163162231,3.1084144115448,0.10172934085130692,0.7258836627006531,-0.042835358530282974,0.18851542472839355
-17.0939998626709,-3.753999948501587,1.07367742061615,0.8022732138633728,0.069551482796669,0.1657641977071762,-0.0021624441724270582,0.2631773054599762
-17.0939998626709,-2.753999948501587,0.8689649105072021,5.841594219207764,0.027339065447449684,1.262369155883789,0.07068662345409393,0.6683586835861206
-17.0939998626709,-2.753999948501587,0.8778936862945557,3.4061508178710938,0.08002346009016037,1.5602648258209229,0.4117376208305359,0.11987001448869705
-17.0939998626709,-2.753999948501587,1.0456010103225708,1.7685439586639404,0.05850181728601456,0.07213880121707916,-0.10500248521566391,0.21177132427692413
-17.0939998626709,-1.753999948501587,0.9831488728523254,5.123186111450195,0.035962946712970734,1.0879132747650146,0.02581382356584072,0.49264606833457947
-17.0939998626709,-1.753999948501587,0.8763812780380249,1.8979699611663818,0.05412342771887779,0.38755443692207336,0.08968959748744965,0.18391357362270355
-17.0939998626709,-1.753999948501587,1.0310261249542236,1.4600799083709717,0.04806417226791382,0.07838370651006699,-0.14357952773571014,0.3234403431415558
-17.0939998626709,-0.7540000081062317,1.0567604303359985,5.351212501525879,0.12858588993549347,0.9816208481788635,0.16039395332336426,0.2924647033214569
-17.0939998626709,-0.7540000081062317,0.7597174048423767,2.2194762229919434,0.05925355851650238,1.1210249662399292,-0.5138166546821594,0.3841627240180969
-17.0939998626709,-0.7540000081062317,0.6543348431587219,4.155047416687012,0.020087718963623047,0.7550139427185059,0.19053857028484344,0.32337263226509094
-17.0939998626709,0.2460000067949295,0.8152463436126709,4.987897872924805,0.020811602473258972,1.083522915840149,0.07695821672677994,0.5715307593345642
-17.0939998626709,0.2460000067949295,0.8750922083854675,2.1946051120758057,0.08797868341207504,0.244254469871521,-0.31020233035087585,0.31566551327705383
-17.0939998626709,0.2460000067949295,0.9796763062477112,5.286179542541504,0.10726761072874069,0.21539068222045898,-0.08508235216140747,0.11280376464128494
-17.0939998626709,1.246000051498413,0.916462242603302,4.044102668762207,0.08075287193059921,1.3463724851608276,0.048535317182540894,0.11043380200862885
-17.0939998626709,1.246000051498413,0.9630117416381836,2.272441864013672,0.08528831601142883,0.15750545263290405,-0.11107136309146881,0.46158239245414734
-17.0939998626709,1.246000051498413,0.8551710844039917,5.886951446533203,0.057037580758333206,0.2315438985824585,-0.14116014540195465,0.427983820438385
-17.0939998626709,2.246000051498413,0.9097052216529846,5.275789260864258,0.1480034589767456,2.043583869934082,-0.002688528271391988,0.27116328477859497
-17.0939998626709,2.246000051498413,0.8598055243492126,2.5863139629364014,0.07978810369968414,0.11340457201004028,0.03806651011109352,0.5644798278808594
-17.0939998626709,2.246000051498413,1.0486613512039185,5.968926906585693,0.08419018983840942,0.03443409129977226,0.03519480675458908,0.1643570065498352
-17.0939998626709,3.246000051498413,0.8704307079315186,5.779876232147217,0.0745253935456276,1.9702471494674683,-0.01162874698638916,0.2612963020801544
-17.0939998626709,3.246000051498413,1.0472396612167358,3.0187902450561523,0.08558483421802521,0.11754318326711655,-0.00663609616458416,0.533065915107727
-17.0939998626709,3.246000051498413,1.1855437755584717,6.1793060302734375,0.07846971601247787,0.024210767820477486,-0.023921135812997818,0.20563779771327972
-17.0939998626709,4.245999813079834,0.894961953163147,5.531627655029297,0.054225604981184006,1.7074315547943115,0.00802549533545971,0.23845726251602173
-17.0939998626709,4.245999813079834,1.089249849319458,3.0795373916625977,0.0712030902504921,0.07589513063430786,0.04877380281686783,0.44936037063598633
-17.0939998626709,4.245999813079834,1.1742815971374512,6.274929046630859,0.07013153284788132,0.027880512177944183,-0.0405193455517292,0.31218239665031433
-17.0939998626709,5.245999813079834,0.9417705535888672,6.0753021240234375,0.05106557533144951,1.4564590454101562,0.020131120458245277,0.5132367014884949
-17.0939998626709,5.245999813079834,1.0159790515899658,3.081451177597046,0.08268127590417862,0.14617381989955902,0.22084133327007294,0.3288642466068268
-17.0939998626709,5.245999813079834,1.1388264894485474,0.13657304644584656,0.07126239687204361,0.026384280994534492,-0.015291721560060978,0.15789911150932312
-17.0939998626709,6.245999813079834,0.8432833552360535,5.69976806640625,0.030531655997037888,1.3077421188354492,0.029955577105283737,0.5857279300689697
-17.0939998626709,6.245999813079834,1.0017026662826538,3.2710986137390137,0.08394692093133926,0.3312823176383972,0.20729291439056396,0.3138251006603241
-17.0939998626709,6.245999813079834,1.28034245967865,0.0702420100569725,0.09032075852155685,0.03451686352491379,-0.09540342539548874,0.10044702887535095
-17.0939998626709,7.245999813079834,0.7335405945777893,5.579504489898682,0.01833309233188629,1.0244383811950684,-0.008232000283896923,0.7131686210632324
-17.0939998626709,7.245999813079834,0.9565957188606262,3.0787012577056885,0.1421225666999817,0.7344503402709961,0.13914881646633148,0.17974013090133667
-17.0939998626709,7.245999813079834,1.0314698219299316,0.3387182354927063,0.11123207956552505,0.1592893749475479,-0.12365017831325531,0.10709122568368912
-17.0939998626709,8.246000289916992,0.9669353365898132,0.5815660953521729,0.045003291219472885,1.7004179954528809,0.05807061865925789,0.6120442152023315
-17.0939998626709,8.246000289916992,1.0183749198913574,3.731522560119629,0.09168076515197754,0.5538564920425415,0.0516120046377182,0.3235032856464386
-17.0939998626709,8.246000289916992,1.0338873863220215,0.692742109298706,0.06602552533149719,0.13487543165683746,-0.06561964750289917,0.06445249915122986
-17.0939998626709,9.246000289916992,0.9731723666191101,6.261638641357422,0.05649742856621742,1.5538277626037598,0.04190465807914734,0.34175315499305725
-17.0939998626709,9.246000289916992,1.0730905532836914,3.5788047313690186,0.083261638879776,0.4831734597682953,0.07723869383335114,0.51345294713974
-17.0939998626709,9.246000289916992,1.163206934928894,0.751081109046936,0.06782039999961853,0.062239207327365875,-0.1312255710363388,0.14479388296604156
-17.0939998626709,10.246000289916992,1.0694129467010498,0.4756956696510315,0.07842875272035599,2.392265796661377,0.14920519292354584,0.3451773524284363
-17.0939998626709,10.246000289916992,1.1902886629104614,4.061300754547119,0.06526128947734833,0.08056658506393433,0.07171349972486496,0.40918564796447754
-17.0939998626709,10.246000289916992,1.1863000392913818,0.806129515171051,0.04563372954726219,0.032185010612010956,-0.1469704955816269,0.245636984705925
-17.0939998626709,11.246000289916992,1.0931357145309448,3.8181161880493164,0.0664946511387825,1.0327935218811035,0.040747661143541336,0.49580487608909607
-17.0939998626709,11.246000289916992,0.9878144264221191,1.7848565578460693,0.11692396551370621,0.9491342902183533,0.030704714357852936,0.22282247245311737
-17.0939998626709,11.246000289916992,1.1021602153778076,0.6620938777923584,0.08717215061187744,0.12594708800315857,-0.09628134220838547,0.281372606754303
-17.0939998626709,12.246000289916992,0.8717404007911682,4.026478290557861,0.04257715493440628,0.6756950616836548,0.11459162831306458,0.38112637400627136
-17.0939998626709,12.246000289916992,0.9297536015510559,1.607991099357605,0.10494979470968246,0.21022044122219086,-0.2546382546424866,0.5590724945068359
-17.0939998626709,12.246000289916992,0.999485433101654,5.253952503204346,0.1697360873222351,0.7501600980758667,0.06145791336894035,0.05980115011334419
-17.0939998626709,13.246000289916992,0.796198308467865,1.941326379776001,0.030600156635046005,0.851545512676239,-0.006240807007998228,0.32181137800216675
-17.0939998626709,13.246000289916992,1.0534597635269165,1.770318865776062,0.09505382180213928,0.04111197590827942,-0.1502823531627655,0.6710349917411804
-17.0939998626709,13.246000289916992,1.170129656791687,5.744179725646973,0.28845834732055664,0.31804314255714417,0.18104229867458344,0.007153560407459736
-17.0939998626709,14.246000289916992,0.8716239929199219,2.394807815551758,0.09710139781236649,1.1798003911972046,0.03277392312884331,0.033298347145318985
-17.0939998626709,14.246000289916992,0.9435309767723083,1.9291266202926636,0.04627511650323868,0.022806422784924507,0.05020952224731445,0.9631762504577637
-17.0939998626709,14.246000289916992,1.0630038976669312,1.0744032859802246,0.48338818550109863,0.1685742735862732,0.2885562777519226,0.003525387030094862
-17.0939998626709,15.246000289916992,0.5999884605407715,2.751786947250366,0.05242069065570831,2.7526121139526367,-0.004609534051269293,0.003460243809968233
-17.0939998626709,15.246000289916992,0.7407324910163879,1.5679185390472412,0.034644316881895065,0.08404224365949631,0.12374536693096161,0.9958600401878357
-17.0939998626709,15.246000289916992,0.6164997220039368,1.0304434299468994,0.10875149071216583,0.9000236988067627,-0.2394118458032608,0.0006797307869419456
-17.0939998626709,16.246000289916992,1.0403109788894653,2.215701103210449,0.29125702381134033,0.6971775889396667,0.002118055010214448,0.014152072370052338
-17.0939998626709,16.246000289916992,1.1418026685714722,1.8913503885269165,0.08444789797067642,0.07390676438808441,0.10516589879989624,0.8418582081794739
-17.0939998626709,16.246000289916992,1.3966524600982666,1.4772576093673706,0.2623007595539093,0.11160663515329361,-0.042401570826768875,0.143989697098732
-17.0939998626709,17.246000289916992,0.8469276428222656,4.029566764831543,0.04635618254542351,1.245244026184082,-0.07019905745983124,0.015259924344718456
-17.0939998626709,17.246000289916992,1.1150068044662476,2.034694194793701,0.08376023918390274,0.0725373849272728,0.3882656693458557,0.983812689781189
-17.0939998626709,17.246000289916992,0.9289111495018005,0.19968196749687195,0.14092163741588593,0.24637162685394287,-0.0692848339676857,0.0009273561299778521
-17.0939998626709,18.246000289916992,1.0206406116485596,0.8541471362113953,0.30145367980003357,1.470847249031067,-0.06933682411909103,0.018242772668600082
-17.0939998626709,18.246000289916992,1.2013062238693237,2.1029245853424072,0.11162816733121872,0.05543380230665207,-0.06307028234004974,0.9775483012199402
-17.0939998626709,18.246000289916992,1.2152504920959473,0.6607946753501892,0.3250318467617035,0.1560257226228714,-0.012052946723997593,0.0042089722119271755
-17.0939998626709,19.246000289916992,0.8117402195930481,5.99863338470459,0.036939606070518494,1.2340339422225952,-0.07861195504665375,0.13374581933021545
-17.0939998626709,19.246000289916992,0.9878467917442322,2.0428378582000732,0.12028440088033676,0.07978425920009613,0.23176509141921997,0.8481537699699402
-17.0939998626709,19.246000289916992,1.0591431856155396,6.08701753616333,0.1273355484008789,0.1005038470029831,-0.024072078987956047,0.01810040883719921
-17.0939998626709,20.246000289916992,1.041114330291748,1.3651549816131592,0.15795765817165375,1.3734853267669678,0.028888236731290817,0.020099112764000893
-17.0939998626709,20.246000289916992,0.9579870700836182,2.226529598236084,0.0834580585360527,0.08722229301929474,0.052162397652864456,0.9789955019950867
-17.0939998626709,20.246000289916992,0.9988979697227478,5.3045878410339355,0.14405681192874908,0.32738813757896423,0.0985322892665863,0.0009053937974385917
-17.0939998626709,21.246000289916992,0.9037684202194214,0.5695793032646179,0.10944854468107224,1.7475882768630981,-0.019320502877235413,0.001572453766129911
-17.0939998626709,21.246000289916992,0.9689921140670776,2.0698018074035645,0.08875250816345215,0.051618073135614395,0.0638418197631836,0.9970524311065674
-17.0939998626709,21.246000289916992,0.8481618762016296,5.076102256774902,0.14635680615901947,0.5071641206741333,0.15827947854995728,0.0013750323560088873
-17.0939998626709,22.246000289916992,0.7307277917861938,5.781566143035889,0.055482856929302216,1.3053430318832397,-0.00912589393556118,0.0013648724416270852
-17.0939998626709,22.246000289916992,0.9619473218917847,1.9541648626327515,0.09337804466485977,0.04409157112240791,0.06536662578582764,0.9959367513656616
-17.0939998626709,22.246000289916992,0.8072134852409363,5.053834915161133,0.13452355563640594,0.2840854525566101,0.15217505395412445,0.002698357915505767
-17.0939998626709,23.246000289916992,0.631096363067627,4.875665187835693,0.03749990090727806,0.971836268901825,0.0005054417997598648,0.0013255001977086067
-17.0939998626709,23.246000289916992,0.9512580633163452,1.8090054988861084,0.08869750797748566,0.045130327343940735,0.06247858330607414,0.9900431632995605
-17.0939998626709,23.246000289916992,0.7697270512580872,4.971932411193848,0.11037546396255493,0.15214647352695465,0.16983719170093536,0.008631373755633831
-16.0939998626709,-12.753999710083008,0.8016014099121094,5.533345699310303,0.12128634750843048,1.020341157913208,-0.04980451613664627,0.008010867051780224
-16.0939998626709,-12.753999710083008,0.5771405696868896,2.298129081726074,0.10856620967388153,0.685810923576355,0.22590379416942596,0.0012717682402580976
-16.0939998626709,-12.753999710083008,0.6171151995658875,4.784623146057129,0.017356079071760178,0.07751115411520004,0.04077138006687164,0.990717351436615
-16.0939998626709,-11.753999710083008,0.7694545388221741,4.649000644683838,0.06181466579437256,0.565146803855896,0.01595369540154934,0.12101153284311295
-16.0939998626709,-11.753999710083008,0.6563713550567627,1.8266377449035645,0.0627516508102417,0.21919915080070496,-0.032102156430482864,0.019397033378481865
-16.0939998626709,-11.753999710083008,0.7471970319747925,4.696134567260742,0.025109805166721344,0.06802188605070114,0.018746254965662956,0.8595913648605347
-16.0939998626709,-10.753999710083008,1.0223854780197144,4.640058517456055,0.1399671882390976,0.5437989830970764,0.126020610332489,0.022950133308768272
-16.0939998626709,-10.753999710083008,0.6517527103424072,1.8166595697402954,0.06524188816547394,0.7340138554573059,0.1951141059398651,0.022370794788002968
-16.0939998626709,-10.753999710083008,0.6961957216262817,4.95275354385376,0.02074521593749523,0.07034841924905777,-0.05908656865358353,0.954679012298584
-16.0939998626709,-9.753999710083008,0.8369536995887756,5.24953556060791,0.03413389250636101,1.0126347541809082,-0.09472692757844925,0.24928471446037292
-16.0939998626709,-9.753999710083008,0.6873517036437988,1.8973654508590698,0.04446543753147125,0.5340604186058044,-0.20335707068443298,0.08609727025032043
-16.0939998626709,-9.753999710083008,0.7840474247932434,4.179701328277588,0.02629810944199562,0.25470125675201416,0.11003053933382034,0.6646180152893066
-16.0939998626709,-8.753999710083008,1.052459716796875,5.178426265716553,0.07330228388309479,1.3777952194213867,-0.09855280071496964,0.36468079686164856
-16.0939998626709,-8.753999710083008,0.8300192356109619,1.3714075088500977,0.04059606418013573,0.1708020567893982,-0.23089653253555298,0.2777509093284607
-16.0939998626709,-8.753999710083008,0.8339511752128601,4.336652755737305,0.038210876286029816,0.35222017765045166,0.0094560282304883,0.3575683534145355
-16.0939998626709,-7.754000186920166,0.839116632938385,6.162083148956299,0.04303945600986481,1.082102656364441,-0.2026490718126297,0.5694580078125
-16.0939998626709,-7.754000186920166,0.7285057902336121,1.6229616403579712,0.06160780042409897,0.4528238773345947,-0.04549426585435867,0.2991812825202942
-16.0939998626709,-7.754000186920166,0.8214867115020752,4.474677085876465,0.03794068098068237,0.15239380300045013,0.07830914855003357,0.1313607096672058
-16.0939998626709,-6.754000186920166,1.0629124641418457,5.0301923751831055,0.10558265447616577,0.9030145406723022,-0.036662857979536057,0.11890089511871338
-16.0939998626709,-6.754000186920166,0.8695037364959717,1.5650304555892944,0.04291021451354027,0.5820211172103882,-0.0007966749253682792,0.4188566207885742
-16.0939998626709,-6.754000186920166,0.9350466132164001,4.841005802154541,0.01337062194943428,0.42602506279945374,0.09615439921617508,0.4622425138950348
-16.0939998626709,-5.754000186920166,1.0173696279525757,4.485325813293457,0.05233714357018471,1.0404698848724365,0.104869544506073,0.6451268196105957
-16.0939998626709,-5.754000186920166,0.9148213863372803,2.9986305236816406,0.09594292938709259,0.9248051643371582,-0.19724838435649872,0.30962130427360535
-16.0939998626709,-5.754000186920166,0.9178588390350342,0.02866513654589653,0.04728497192263603,0.34048357605934143,-0.1980750560760498,0.04525189846754074
-16.0939998626709,-4.754000186920166,0.8895244598388672,5.508368968963623,0.029984010383486748,1.5769531726837158,0.0395180881023407,0.5729138255119324
-16.0939998626709,-4.754000186920166,0.933855414390564,3.2260663509368896,0.0796663910150528,0.5270015001296997,0.17126834392547607,0.29090672731399536
-16.0939998626709,-4.754000186920166,1.248482584953308,0.12151467055082321,0.09097122400999069,0.023795271292328835,-0.033096373081207275,0.13617941737174988
-16.0939998626709,-3.753999948501587,0.9495800733566284,4.838470458984375,0.07484631985425949,1.1373084783554077,0.22924670577049255,0.44631072878837585
-16.0939998626709,-3.753999948501587,0.8515499830245972,2.1161837577819824,0.053337424993515015,0.14721588790416718,-0.19495771825313568,0.49645787477493286
-16.0939998626709,-3.753999948501587,0.9737951755523682,0.6131581664085388,0.1194123849272728,0.19052642583847046,-0.08313260972499847,0.05723140761256218
-16.0939998626709,-2.753999948501587,1.0326614379882812,5.062614440917969,0.06838660687208176,1.157948613166809,0.1942484825849533,0.3809489607810974
-16.0939998626709,-2.753999948501587,0.8810820579528809,1.8951811790466309,0.047793418169021606,0.4466657042503357,-0.15409620106220245,0.4718480408191681
-16.0939998626709,-2.753999948501587,0.8610907793045044,0.7350550889968872,0.04156159609556198,0.1845540553331375,-0.07422108948230743,0.14720295369625092
-16.0939998626709,-1.753999948501587,0.9333401918411255,5.582013130187988,0.02866421826183796,1.1636170148849487,-0.07842443138360977,0.6066126823425293
-16.0939998626709,-1.753999948501587,0.8860589265823364,1.8244366645812988,0.04563599452376366,0.22153592109680176,-0.10189292579889297,0.2705983519554138
-16.0939998626709,-1.753999948501587,0.8235472440719604,1.3615350723266602,0.028886163607239723,0.1149168610572815,-0.22534210979938507,0.1227889433503151
-16.0939998626709,-0.7540000081062317,0.9546231627464294,6.145684719085693,0.05113031342625618,0.8227487206459045,0.10180707275867462,0.5198484063148499
-16.0939998626709,-0.7540000081062317,0.8662858605384827,1.7598011493682861,0.10181506723165512,0.37192782759666443,0.06495586782693863,0.2509351074695587
-16.0939998626709,-0.7540000081062317,0.8945003151893616,5.608079433441162,0.08052247762680054,0.15051712095737457,0.08153238147497177,0.229216530919075
-16.0939998626709,0.2460000067949295,0.8450603485107422,6.021561622619629,0.02953258901834488,0.897133469581604,-0.16523586213588715,0.45861247181892395
-16.0939998626709,0.2460000067949295,0.8995779752731323,2.0302419662475586,0.05663558095693588,0.09952408075332642,-0.2628885805606842,0.29895710945129395
-16.0939998626709,0.2460000067949295,0.8838327527046204,4.885444164276123,0.05434780195355415,0.3377934992313385,-0.09107936918735504,0.2424304187297821
-16.0939998626709,1.246000051498413,1.0201908349990845,3.8683416843414307,0.150085911154747,2.2006170749664307,0.051210228353738785,0.13609956204891205
-16.0939998626709,1.246000051498413,1.0016173124313354,2.5607659816741943,0.0907726138830185,0.0998544991016388,0.07351551949977875,0.5317535400390625
-16.0939998626709,1.246000051498413,0.7470349669456482,5.565858840942383,0.03938604146242142,0.19435378909111023,-0.13158424198627472,0.33214685320854187
-16.0939998626709,2.246000051498413,0.845956027507782,5.345462799072266,0.060381922870874405,1.871907353401184,0.017762020230293274,0.520084798336029
-16.0939998626709,2.246000051498413,0.9663814902305603,2.802861213684082,0.09431363642215729,0.10618346929550171,0.03537445887923241,0.28400272130966187
-16.0939998626709,2.246000051498413,1.1801483631134033,6.150749206542969,0.08283060044050217,0.019878679886460304,-0.01801011711359024,0.1959124356508255
-16.0939998626709,3.246000051498413,0.9070888161659241,5.680455207824707,0.07856208086013794,2.290400981903076,-0.07525267452001572,0.21249666810035706
-16.0939998626709,3.246000051498413,1.1687567234039307,2.9699959754943848,0.08346253633499146,0.05655201897025108,-0.06212879717350006,0.5035571455955505
-16.0939998626709,3.246000051498413,1.1859965324401855,6.216890811920166,0.06329230964183807,0.013421992771327496,-0.0646381676197052,0.28394630551338196
-16.0939998626709,4.245999813079834,0.9406775236129761,6.174055576324463,0.06566379964351654,1.4725005626678467,-0.016403261572122574,0.25008100271224976
-16.0939998626709,4.245999813079834,1.0895135402679443,3.0144424438476562,0.07226409763097763,0.0823182761669159,0.03639437258243561,0.4787965714931488
-16.0939998626709,4.245999813079834,1.1796194314956665,0.014582019299268723,0.06004679203033447,0.019174059852957726,-0.05810417979955673,0.2711223363876343
-16.0939998626709,5.245999813079834,0.915361762046814,5.970426082611084,0.026840293779969215,1.1856398582458496,-0.008904213085770607,0.6481838226318359
-16.0939998626709,5.245999813079834,0.9980238676071167,2.979295015335083,0.09825143218040466,0.24547159671783447,0.1967753916978836,0.266899436712265
-16.0939998626709,5.245999813079834,1.206480622291565,0.10445043444633484,0.08550351858139038,0.02974647283554077,-0.0991249531507492,0.08491663634777069
-16.0939998626709,6.245999813079834,0.8770456314086914,5.369508743286133,0.02456706203520298,1.1257543563842773,0.0569777674973011,0.6363909840583801
-16.0939998626709,6.245999813079834,1.021047830581665,3.094686269760132,0.0935949832201004,0.4343639612197876,0.24502213299274445,0.26461637020111084
-16.0939998626709,6.245999813079834,1.2544008493423462,0.16880390048027039,0.08495225757360458,0.03305453807115555,-0.0003362494462635368,0.09899267554283142
-16.0939998626709,7.245999813079834,0.9730219841003418,4.707098960876465,0.05690612271428108,1.3087984323501587,0.028917068615555763,0.4697785973548889
-16.0939998626709,7.245999813079834,0.8914825320243835,2.44618821144104,0.0722149983048439,0.5794002413749695,0.2324707806110382,0.385209858417511
-16.0939998626709,7.245999813079834,0.9492612481117249,0.5468994975090027,0.07406853884458542,0.15156659483909607,-0.07126649469137192,0.14501160383224487
-16.0939998626709,8.246000289916992,0.9795477986335754,5.684824466705322,0.10131430625915527,1.4256303310394287,0.23861652612686157,0.17117640376091003
-16.0939998626709,8.246000289916992,0.7741530537605286,2.6894307136535645,0.060382530093193054,1.456946849822998,0.13502930104732513,0.7530571818351746
-16.0939998626709,8.246000289916992,0.8139081597328186,5.588933944702148,0.043393589556217194,0.5228379964828491,0.21375823020935059,0.0757664293050766
-16.0939998626709,9.246000289916992,0.9358856081962585,4.817707061767578,0.027827618643641472,1.2687641382217407,0.13119244575500488,0.38965967297554016
-16.0939998626709,9.246000289916992,0.9700844287872314,2.545769453048706,0.07320675253868103,1.3237590789794922,0.20877835154533386,0.5781436562538147
-16.0939998626709,9.246000289916992,1.072730302810669,5.864726543426514,0.06083916872739792,0.3286948800086975,0.01156521774828434,0.03219668194651604
-16.0939998626709,10.246000289916992,0.8581509590148926,0.7571929097175598,0.03990308940410614,1.6676502227783203,0.055011339485645294,0.4491559863090515
-16.0939998626709,10.246000289916992,1.0678114891052246,3.972806453704834,0.09603068977594376,0.3483862578868866,0.11117906123399734,0.410031795501709
-16.0939998626709,10.246000289916992,1.1245083808898926,0.8565341830253601,0.06062355637550354,0.0840478390455246,-0.24925562739372253,0.14081215858459473
-16.0939998626709,11.246000289916992,1.080995798110962,3.546818494796753,0.053924400359392166,0.5159924030303955,0.13273482024669647,0.4072778820991516
-16.0939998626709,11.246000289916992,1.0140057802200317,1.3118714094161987,0.07299478352069855,0.4248565435409546,0.0011776045430451632,0.42067259550094604
-16.0939998626709,11.246000289916992,1.1443637609481812,0.5735544562339783,0.13366341590881348,0.31088247895240784,0.06211134418845177,0.17204950749874115
-16.0939998626709,12.246000289916992,1.0092589855194092,4.500982284545898,0.0548100471496582,0.4433923661708832,0.03515159338712692,0.3204447329044342
-16.0939998626709,12.246000289916992,0.9625062942504883,1.0333362817764282,0.10614074021577835,0.0782008096575737,-0.3653008043766022,0.6451312899589539
-16.0939998626709,12.246000289916992,1.0146981477737427,4.793452739715576,0.20362240076065063,2.7073662281036377,0.12636545300483704,0.03442400321364403
-16.0939998626709,13.246000289916992,0.9326710104942322,1.7606004476547241,0.09385095536708832,1.3729404211044312,0.2108926773071289,0.05227223038673401
-16.0939998626709,13.246000289916992,1.0406849384307861,1.248923420906067,0.08018713444471359,0.09639325737953186,-0.10012532025575638,0.943953275680542
-16.0939998626709,13.246000289916992,1.006259799003601,5.6282830238342285,0.21253487467765808,0.6849385499954224,0.20015566051006317,0.003774511395022273
-16.0939998626709,14.246000289916992,1.0517584085464478,1.2609031200408936,0.5635849833488464,1.3767777681350708,0.08460554480552673,0.017846282571554184
-16.0939998626709,14.246000289916992,1.0143115520477295,1.5789921283721924,0.04221796989440918,0.07933387905359268,-0.26894858479499817,0.86350417137146
-16.0939998626709,14.246000289916992,1.1718320846557617,1.0304852724075317,0.17642970383167267,0.10026130825281143,-0.056720465421676636,0.11864956468343735
-16.0939998626709,15.246000289916992,0.9252018332481384,0.3988463878631592,0.1750488430261612,1.2850265502929688,0.13434571027755737,0.012683390639722347
-16.0939998626709,15.246000289916992,0.8673254251480103,1.432653784751892,0.026317985728383064,0.11597315222024918,-0.1666555553674698,0.8945114016532898
-16.0939998626709,15.246000289916992,0.9879850745201111,1.5325626134872437,0.14806368947029114,0.3301868140697479,-0.026663905009627342,0.09280522167682648
-16.0939998626709,16.246000289916992,1.1059619188308716,0.25818514823913574,0.21932367980480194,0.7594158053398132,0.02301725558936596,0.020839713513851166
-16.0939998626709,16.246000289916992,1.0468939542770386,1.8597877025604248,0.06431077420711517,0.17771992087364197,0.1297663450241089,0.96101313829422
-16.0939998626709,16.246000289916992,1.18437922000885,0.973267674446106,0.26237839460372925,0.1163065955042839,0.07807574421167374,0.01814715936779976
-16.0939998626709,17.246000289916992,1.209189534187317,4.432681083679199,0.2553350329399109,2.408350706100464,0.06853728741407394,0.0038336622528731823
-16.0939998626709,17.246000289916992,1.172989010810852,1.9779460430145264,0.07511667907238007,0.07438739389181137,0.13941699266433716,0.9931348562240601
-16.0939998626709,17.246000289916992,1.0460546016693115,1.0133589506149292,0.12849897146224976,0.23454871773719788,-0.21108105778694153,0.0030314663890749216
-16.0939998626709,18.246000289916992,0.8674347400665283,4.982155799865723,0.06567642092704773,1.5945391654968262,0.16093894839286804,0.020780136808753014
-16.0939998626709,18.246000289916992,1.0935487747192383,1.9538358449935913,0.08219480514526367,0.10880657285451889,0.007453213445842266,0.9783198237419128
-16.0939998626709,18.246000289916992,1.074345350265503,0.0575336329638958,0.19509916007518768,0.385651171207428,0.029724011197686195,0.0009000614518299699
-16.0939998626709,19.246000289916992,0.980188250541687,0.7451655864715576,0.09319691359996796,1.1062203645706177,0.07560745626688004,0.1830381453037262
-16.0939998626709,19.246000289916992,0.9908086657524109,1.9664337635040283,0.11607290059328079,0.09218715131282806,0.044035330414772034,0.8003520965576172
-16.0939998626709,19.246000289916992,0.9668080806732178,6.103902816772461,0.0916411429643631,0.14859987795352936,0.027070287615060806,0.016609739512205124
-16.0939998626709,20.246000289916992,0.8079483509063721,2.0161068439483643,0.04153948649764061,0.9648123383522034,-0.030684344470500946,0.0700870230793953
-16.0939998626709,20.246000289916992,0.9983528852462769,1.7642639875411987,0.09835848957300186,0.06293787807226181,0.0705207958817482,0.9288743734359741
-16.0939998626709,20.246000289916992,0.9851702451705933,4.92527961730957,0.18533223867416382,0.4630248546600342,0.05417133867740631,0.001038584392517805
-16.0939998626709,21.246000289916992,0.8363831043243408,0.8948617577552795,0.08041875809431076,1.6626771688461304,-0.0068762353621423244,0.0067775072529911995
-16.0939998626709,21.246000289916992,0.9362069368362427,1.7350108623504639,0.09045993536710739,0.06254006922245026,0.14827068150043488,0.9929486513137817
-16.0939998626709,21.246000289916992,0.9129659533500671,4.5797648429870605,0.39180535078048706,1.4822804927825928,0.11046844720840454,0.0002738368057180196
-16.0939998626709,22.246000289916992,0.7532328367233276,1.2505676746368408,0.08659745752811432,2.017573833465576,-0.03338547423481941,0.0011478589149191976
-16.0939998626709,22.246000289916992,0.920706570148468,1.6316702365875244,0.08143624663352966,0.04691291227936745,0.1326679140329361,0.9988043308258057
-16.0939998626709,22.246000289916992,0.8896293044090271,4.448362827301025,0.5825703144073486,1.7519932985305786,0.1395309418439865,4.781176176038571e-05
-16.0939998626709,23.246000289916992,0.7268672585487366,0.8838968276977539,0.1328265219926834,2.5035181045532227,-0.02010875940322876,0.0002044864377239719
-16.0939998626709,23.246000289916992,0.9095041751861572,1.5512737035751343,0.07261007279157639,0.038872748613357544,0.12416595220565796,0.999782145023346
-16.0939998626709,23.246000289916992,0.8616849184036255,4.300381183624268,0.6666613221168518,2.0174736976623535,0.16776345670223236,1.3316589502210263e-05
-16.0939998626709,24.246000289916992,0.7085641622543335,0.5326094627380371,0.19004423916339874,3.0293986797332764,-0.0071740406565368176,6.426874460885301e-05
-16.0939998626709,24.246000289916992,0.8840398192405701,1.4787814617156982,0.06687320023775101,0.03540589287877083,0.11521691083908081,0.9999285936355591
-16.0939998626709,24.246000289916992,0.8399152159690857,4.190682411193848,0.7376154661178589,1.9414124488830566,0.18319709599018097,7.109184934961377e-06
-15.093999862670898,-12.753999710083008,0.7562264800071716,5.32172155380249,0.07826963812112808,1.1804094314575195,-0.00158490682952106,0.12642428278923035
-15.093999862670898,-12.753999710083008,0.6177284717559814,2.421191930770874,0.1101381927728653,0.24810336530208588,0.2293960154056549,0.01833575963973999
-15.093999862670898,-12.753999710083008,0.6805627346038818,4.921724319458008,0.03288440406322479,0.06717797368764877,0.06865128129720688,0.8552399277687073
-15.093999862670898,-11.753999710083008,0.8466829061508179,5.081855773925781,0.09504479914903641,0.5631075501441956,0.004102497827261686,0.08713766187429428
-15.093999862670898,-11.753999710083008,0.6549550294876099,1.428415060043335,0.05954843387007713,0.15184386074543,-0.06961296498775482,0.009815089404582977
-15.093999862670898,-11.753999710083008,0.6441889405250549,4.659348964691162,0.017992781475186348,0.07413173466920853,-0.002908256370574236,0.9030472040176392
-15.093999862670898,-10.753999710083008,1.0526959896087646,5.5842413902282715,0.20462927222251892,0.5865663886070251,0.14518678188323975,0.0056290836073458195
-15.093999862670898,-10.753999710083008,0.6198566555976868,1.681687355041504,0.07492807507514954,1.0940090417861938,0.17541003227233887,0.0064566233195364475
-15.093999862670898,-10.753999710083008,0.6501097679138184,4.864692211151123,0.014145025052130222,0.06700042635202408,0.01706814020872116,0.9879142642021179
-15.093999862670898,-9.753999710083008,0.8049744963645935,5.010867118835449,0.026815520599484444,0.8386971354484558,-0.12821312248706818,0.14788250625133514
-15.093999862670898,-9.753999710083008,0.5929203033447266,1.7157446146011353,0.04225824773311615,0.5073965787887573,-0.045552514493465424,0.07181405276060104
-15.093999862670898,-9.753999710083008,0.7092124819755554,4.343300819396973,0.020372487604618073,0.2250046730041504,0.10396301746368408,0.7803034782409668
-15.093999862670898,-8.753999710083008,0.9444040656089783,5.070574760437012,0.032870952039957047,1.462329387664795,-0.10678858309984207,0.4825323224067688
-15.093999862670898,-8.753999710083008,0.8578767776489258,1.7594152688980103,0.06587713956832886,0.22252823412418365,-0.23454779386520386,0.16487187147140503
-15.093999862670898,-8.753999710083008,0.8334367871284485,4.343358993530273,0.039397161453962326,0.26377779245376587,-0.025929264724254608,0.3525957465171814
-15.093999862670898,-7.754000186920166,0.8318848013877869,5.536866664886475,0.02363736182451248,1.0082288980484009,-0.15870991349220276,0.741155743598938
-15.093999862670898,-7.754000186920166,0.7785224318504333,1.5475232601165771,0.06362144649028778,0.4380306601524353,-0.09037040919065475,0.17151416838169098
-15.093999862670898,-7.754000186920166,0.8598493337631226,4.487879753112793,0.04098556935787201,0.1753976196050644,0.0596047006547451,0.08733013272285461
-15.093999862670898,-6.754000186920166,1.101569652557373,5.713796615600586,0.09750289469957352,0.963553249835968,0.037991736084222794,0.1361696422100067
-15.093999862670898,-6.754000186920166,0.9081088304519653,1.6166657209396362,0.04582155495882034,0.6299077868461609,0.006975335534662008,0.5347825288772583
-15.093999862670898,-6.754000186920166,0.9980475902557373,5.0452094078063965,0.023545438423752785,0.6606911420822144,0.10368170589208603,0.329047828912735
-15.093999862670898,-5.754000186920166,0.9345588088035583,4.081812381744385,0.04868406429886818,0.8234823346138,0.1559620201587677,0.4093697965145111
-15.093999862670898,-5.754000186920166,0.8131043910980225,1.8641499280929565,0.050691381096839905,0.8749537467956543,-0.23883071541786194,0.5790888667106628
-15.093999862670898,-5.754000186920166,0.8919528722763062,0.05556730553507805,0.06584393233060837,1.0658334493637085,-0.027692917734384537,0.011541344225406647
-15.093999862670898,-4.754000186920166,0.9618693590164185,4.609182357788086,0.029833421111106873,0.8932462930679321,0.1594395637512207,0.6031438708305359
-15.093999862670898,-4.754000186920166,0.986541211605072,2.6360251903533936,0.1035042405128479,0.9496476650238037,0.25911766290664673,0.22925373911857605
-15.093999862670898,-4.754000186920166,1.2781944274902344,0.1589072048664093,0.07260486483573914,0.01586207002401352,-0.02784942463040352,0.16760241985321045
-15.093999862670898,-3.753999948501587,1.020451545715332,4.750118255615234,0.07317644357681274,0.6135814785957336,0.18045328557491302,0.6200025081634521
-15.093999862670898,-3.753999948501587,0.8935260772705078,1.6374820470809937,0.056249625980854034,0.218389093875885,-0.20809604227542877,0.3212769329547882
-15.093999862670898,-3.753999948501587,1.0257214307785034,0.2954390048980713,0.09151677787303925,0.17280110716819763,-0.04755985736846924,0.058720506727695465
-15.093999862670898,-2.753999948501587,0.958791196346283,5.101110458374023,0.04824323579668999,1.2472518682479858,0.18106941878795624,0.4567565321922302
-15.093999862670898,-2.753999948501587,0.9671381115913391,2.226224660873413,0.06883351504802704,0.1837763488292694,-0.24643278121948242,0.45218542218208313
-15.093999862670898,-2.753999948501587,0.8656195998191833,0.43570640683174133,0.044734515249729156,0.140928253531456,-0.06548070907592773,0.09105800837278366
-15.093999862670898,-1.753999948501587,0.9094566702842712,5.340884685516357,0.028132498264312744,1.0169214010238647,-0.005630004685372114,0.9016421437263489
-15.093999862670898,-1.753999948501587,0.9319080114364624,1.986054539680481,0.05682779848575592,0.14671947062015533,-0.14367391169071198,0.07615550607442856
-15.093999862670898,-1.753999948501587,0.8829233050346375,0.9755358695983887,0.04790544882416725,0.18540392816066742,-0.06088579073548317,0.022202355787158012
-15.093999862670898,-0.7540000081062317,1.0487465858459473,5.050334930419922,0.052775606513023376,0.7373680472373962,0.05669385939836502,0.6280664205551147
-15.093999862670898,-0.7540000081062317,0.9459971785545349,1.5671087503433228,0.09382075071334839,0.5152221322059631,0.21650098264217377,0.27810072898864746
-15.093999862670898,-0.7540000081062317,0.9585400819778442,5.664299011230469,0.10485925525426865,0.28065136075019836,0.06425052881240845,0.0938328206539154
-15.093999862670898,0.2460000067949295,1.0937232971191406,5.874931812286377,0.06939747184515,0.8888083100318909,-0.13678555190563202,0.5977838039398193
-15.093999862670898,0.2460000067949295,0.9196598529815674,1.7520558834075928,0.0573720820248127,0.3110384941101074,-0.2221824824810028,0.2956947684288025
-15.093999862670898,0.2460000067949295,0.8546419143676758,4.759612083435059,0.037832070142030716,0.4836479723453522,-0.04421675577759743,0.10652147978544235
-15.093999862670898,1.246000051498413,0.966006338596344,4.4907989501953125,0.08766026049852371,1.3780827522277832,-0.03843025863170624,0.3550923466682434
-15.093999862670898,1.246000051498413,0.9082075357437134,2.244265079498291,0.06860502809286118,0.23041079938411713,0.18917810916900635,0.4964805543422699
-15.093999862670898,1.246000051498413,0.7919420599937439,6.1807637214660645,0.03479615971446037,0.25033125281333923,-0.15350541472434998,0.1484271138906479
-15.093999862670898,2.246000051498413,0.8041320443153381,5.975038528442383,0.04444259777665138,1.8466672897338867,-0.011008164845407009,0.5366133451461792
-15.093999862670898,2.246000051498413,1.041921615600586,2.9393436908721924,0.09492699801921844,0.08806050568819046,0.04656168818473816,0.2766088545322418
-15.093999862670898,2.246000051498413,1.1516176462173462,6.181130409240723,0.06882891803979874,0.021697498857975006,-0.07326320558786392,0.186777725815773
-15.093999862670898,3.246000051498413,0.9589660167694092,5.308910846710205,0.08272548764944077,2.0642642974853516,-0.04314641281962395,0.23200339078903198
-15.093999862670898,3.246000051498413,1.2196544408798218,2.9844579696655273,0.08224796503782272,0.04320314899086952,-0.056373730301856995,0.5212364792823792
-15.093999862670898,3.246000051498413,1.2393155097961426,6.259078025817871,0.06285319477319717,0.012361872009932995,-0.06153048202395439,0.24676012992858887
-15.093999862670898,4.245999813079834,0.9334819912910461,5.846578598022461,0.05937784165143967,1.5704824924468994,-0.006384450010955334,0.27682194113731384
-15.093999862670898,4.245999813079834,1.0735472440719604,2.9548816680908203,0.07345939427614212,0.069933220744133,0.05686531215906143,0.42318660020828247
-15.093999862670898,4.245999813079834,1.1557214260101318,6.262893199920654,0.05933784693479538,0.019105976447463036,-0.050685297697782516,0.2999913990497589
-15.093999862670898,5.245999813079834,0.9236288666725159,5.833393573760986,0.02833578921854496,1.3141447305679321,0.01138273999094963,0.6307271718978882
-15.093999862670898,5.245999813079834,0.9928691387176514,2.9667580127716064,0.09714823961257935,0.27484652400016785,0.13404230773448944,0.2623160183429718
-15.093999862670898,5.245999813079834,1.1886491775512695,0.07055342197418213,0.07666222006082535,0.03317632898688316,-0.10735844075679779,0.1069568395614624
-15.093999862670898,6.245999813079834,0.9037913084030151,5.422497749328613,0.026318494230508804,1.040738821029663,0.03912094607949257,0.5209668874740601
-15.093999862670898,6.245999813079834,1.0330716371536255,2.973294496536255,0.09466584026813507,0.46051114797592163,0.2516763210296631,0.32845190167427063
-15.093999862670898,6.245999813079834,1.2560662031173706,0.05923851951956749,0.0790138840675354,0.036685310304164886,-0.00906240101903677,0.1505812108516693
-15.093999862670898,7.245999813079834,0.9587789177894592,5.0728044509887695,0.047776684165000916,1.3197036981582642,-0.019952701404690742,0.49666979908943176
-15.093999862670898,7.245999813079834,0.9552038311958313,2.6926348209381104,0.0715770497918129,0.30959516763687134,0.2527751326560974,0.37880653142929077
-15.093999862670898,7.245999813079834,0.9222329258918762,0.1821279525756836,0.05670774728059769,0.12851405143737793,-0.024143584072589874,0.12452363967895508
-15.093999862670898,8.246000289916992,1.0457117557525635,0.18821777403354645,0.19749736785888672,1.5819522142410278,0.11329831182956696,0.0929921418428421
-15.093999862670898,8.246000289916992,0.9737642407417297,2.1707279682159424,0.08860607445240021,0.3433232009410858,0.18801288306713104,0.6068106293678284
-15.093999862670898,8.246000289916992,0.9631350040435791,5.244429588317871,0.04557467997074127,0.2971040606498718,0.25158438086509705,0.3001972436904907
-15.093999862670898,9.246000289916992,1.0540096759796143,5.02105188369751,0.05411720648407936,1.5941357612609863,0.033966995775699615,0.3139412999153137
-15.093999862670898,9.246000289916992,0.9886095523834229,1.8256255388259888,0.052998386323451996,0.4352392852306366,0.19240032136440277,0.36989912390708923
-15.093999862670898,9.246000289916992,0.9439958333969116,4.810277938842773,0.021753689274191856,0.2532360553741455,0.1801512986421585,0.31615960597991943
-15.093999862670898,10.246000289916992,0.8110936880111694,6.182260036468506,0.0456031896173954,1.5082615613937378,0.023253891617059708,0.19797717034816742
-15.093999862670898,10.246000289916992,1.006332278251648,3.790670156478882,0.09195008128881454,0.5004810094833374,0.17395085096359253,0.6210001707077026
-15.093999862670898,10.246000289916992,1.126369833946228,0.7768323421478271,0.07954126596450806,0.12137909233570099,-0.2680358588695526,0.18102267384529114
-15.093999862670898,11.246000289916992,1.0443475246429443,3.4674110412597656,0.059450410306453705,0.3901946246623993,0.17700354754924774,0.5134069919586182
-15.093999862670898,11.246000289916992,0.9674865007400513,1.0999755859375,0.08248493820428848,0.28246626257896423,-0.18772466480731964,0.36898887157440186
-15.093999862670898,11.246000289916992,1.053564429283142,6.216694355010986,0.13019774854183197,0.770883321762085,0.11915972828865051,0.11760413646697998
-15.093999862670898,12.246000289916992,1.123119831085205,3.9479594230651855,0.07418365031480789,0.40388837456703186,-0.013932370580732822,0.3186889886856079
-15.093999862670898,12.246000289916992,1.0018469095230103,0.8699227571487427,0.08638273179531097,0.05428903177380562,-0.3993087112903595,0.562493085861206
-15.093999862670898,12.246000289916992,0.9874398708343506,4.299307346343994,0.12925542891025543,2.5958871841430664,0.15731766819953918,0.11881790310144424
-15.093999862670898,13.246000289916992,1.1275901794433594,5.033303737640381,0.23965705931186676,1.9458414316177368,0.2189868837594986,0.011624124832451344
-15.093999862670898,13.246000289916992,1.0221939086914062,1.4370207786560059,0.07622215151786804,0.24957656860351562,-0.08511847257614136,0.9692445397377014
-15.093999862670898,13.246000289916992,0.9681729674339294,5.168067455291748,0.10339298099279404,0.5247883796691895,0.12189412862062454,0.019131379202008247
-15.093999862670898,14.246000289916992,0.9812418222427368,1.6640992164611816,0.31307631731033325,1.1991173028945923,0.11394832283258438,0.04824462905526161
-15.093999862670898,14.246000289916992,0.9693166017532349,1.7573657035827637,0.050862088799476624,0.27848976850509644,-0.29533851146698,0.923640787601471
-15.093999862670898,14.246000289916992,1.2003259658813477,1.1145728826522827,0.18654224276542664,0.13524161279201508,-0.09346748888492584,0.02811458706855774
-15.093999862670898,15.246000289916992,1.1405096054077148,0.913086473941803,0.7116591334342957,1.201940655708313,0.24686390161514282,0.00810042954981327
-15.093999862670898,15.246000289916992,0.823065459728241,1.9185172319412231,0.018173296004533768,0.12429721653461456,-0.06589554995298386,0.6606764793395996
-15.093999862670898,15.246000289916992,0.9916363954544067,1.462335228919983,0.07258366048336029,0.13224740326404572,0.020047418773174286,0.3312230408191681
-15.093999862670898,16.246000289916992,0.9543856978416443,0.629163384437561,0.22393254935741425,1.2504514455795288,-0.003291527973487973,0.00469761760905385
-15.093999862670898,16.246000289916992,1.0107001066207886,2.0182416439056396,0.04766996577382088,0.11868630349636078,0.0987372100353241,0.992598295211792
-15.093999862670898,16.246000289916992,1.1868454217910767,0.6411272883415222,0.27295827865600586,0.12275208532810211,0.04514877125620842,0.002704162383452058
-15.093999862670898,17.246000289916992,1.1771583557128906,4.954111576080322,0.17280301451683044,1.770221471786499,0.16933658719062805,0.021218368783593178
-15.093999862670898,17.246000289916992,1.0875141620635986,2.022857427597046,0.07650177925825119,0.09959377348423004,0.0838102400302887,0.9729200601577759
-15.093999862670898,17.246000289916992,1.0619605779647827,0.70855712890625,0.13035450875759125,0.2623682916164398,-0.03395158797502518,0.005861527286469936
-15.093999862670898,18.246000289916992,0.8631996512413025,6.119635105133057,0.055470000952482224,1.6160516738891602,0.14348773658275604,0.017551904544234276
-15.093999862670898,18.246000289916992,1.0810847282409668,1.8536275625228882,0.08670749515295029,0.10380465537309647,0.04858020693063736,0.9820276498794556
-15.093999862670898,18.246000289916992,1.0085291862487793,6.156095504760742,0.18983620405197144,0.5174998044967651,0.03935833275318146,0.00042040852713398635
-15.093999862670898,19.246000289916992,0.9355931878089905,0.7099167704582214,0.05912882089614868,1.0191258192062378,0.1261274218559265,0.14020676910877228
-15.093999862670898,19.246000289916992,1.0061475038528442,1.5489909648895264,0.1019856408238411,0.0891273245215416,-0.03539002686738968,0.847772479057312
-15.093999862670898,19.246000289916992,1.065600037574768,0.1310093253850937,0.14108730852603912,0.27005383372306824,-0.0013050370616838336,0.012020730413496494
-15.093999862670898,20.246000289916992,0.8517718315124512,1.3029042482376099,0.06812309473752975,1.3048069477081299,0.09170334786176682,0.10028943419456482
-15.093999862670898,20.246000289916992,0.975233793258667,1.545479416847229,0.09416379034519196,0.0645255446434021,0.002189982682466507,0.8964513540267944
-15.093999862670898,20.246000289916992,0.9850726127624512,5.371120452880859,0.21034091711044312,0.599923849105835,0.054763730615377426,0.0032591838389635086
-15.093999862670898,21.246000289916992,0.8652894496917725,0.26670145988464355,0.11209039390087128,1.5381165742874146,0.04646500200033188,0.024806875735521317
-15.093999862670898,21.246000289916992,0.9414259195327759,1.597586750984192,0.09824210405349731,0.05743792653083801,0.013218998908996582,0.9742345809936523
-15.093999862670898,21.246000289916992,0.9472194314002991,4.555397987365723,0.34303614497184753,1.2489292621612549,0.15933093428611755,0.0009584450745023787
-15.093999862670898,22.246000289916992,0.7908545732498169,2.4171385765075684,0.15335200726985931,1.9352487325668335,-0.07062200456857681,0.002705192193388939
-15.093999862670898,22.246000289916992,1.006564736366272,1.6587342023849487,0.08654408156871796,0.022242384031414986,0.047802820801734924,0.9971321821212769
-15.093999862670898,22.246000289916992,0.9832320809364319,4.299249649047852,0.3685570955276489,0.4895652234554291,0.22838135063648224,0.00016259185213129967
-15.093999862670898,23.246000289916992,0.8333411812782288,3.649588108062744,0.39234659075737,2.4897103309631348,-0.09470009803771973,0.0004890197888016701
-15.093999862670898,23.246000289916992,1.0074518918991089,1.531792163848877,0.07932544499635696,0.01511753723025322,0.04669448360800743,0.9994617104530334
-15.093999862670898,23.246000289916992,1.0225647687911987,4.034788131713867,0.47460368275642395,0.3306131958961487,0.2854579985141754,4.927962436340749e-05
-14.093999862670898,-12.753999710083008,0.7963545918464661,4.878188133239746,0.09230371564626694,1.848140001296997,0.12156902998685837,0.015022381208837032
-14.093999862670898,-12.753999710083008,0.7234457731246948,3.192176103591919,0.10768302530050278,0.178462952375412,-0.08457014709711075,0.0038404001388698816
-14.093999862670898,-12.753999710083008,0.6496789455413818,4.817722320556641,0.020268218591809273,0.021099010482430458,0.04606270790100098,0.9811371564865112
-14.093999862670898,-11.753999710083008,0.844885528087616,5.041729927062988,0.04097726196050644,0.37076014280319214,-0.06049970164895058,0.3115321695804596
-14.093999862670898,-11.753999710083008,0.7100458741188049,2.5808615684509277,0.13548386096954346,0.5402909517288208,0.16140568256378174,0.013020944781601429
-14.093999862670898,-11.753999710083008,0.7056620121002197,4.706566333770752,0.019658386707305908,0.076572947204113,0.006102012936025858,0.6754468679428101
-14.093999862670898,-10.753999710083008,0.843419075012207,4.816986560821533,0.06961748003959656,0.4263315498828888,-0.01646968349814415,0.061780136078596115
-14.093999862670898,-10.753999710083008,0.5991131663322449,2.0974435806274414,0.10613780468702316,1.2421928644180298,0.1741427332162857,0.010052851401269436
-14.093999862670898,-10.753999710083008,0.5974490642547607,4.652663230895996,0.013470125384628773,0.11958449333906174,0.0027990913949906826,0.9281669855117798
-14.093999862670898,-9.753999710083008,0.8177582621574402,4.738665580749512,0.052935827523469925,1.197377324104309,0.045254744589328766,0.2537544369697571
-14.093999862670898,-9.753999710083008,0.5903196930885315,1.1983387470245361,0.031047245487570763,0.523339033126831,0.09612660109996796,0.48405465483665466
-14.093999862670898,-9.753999710083008,0.6737983226776123,4.843626022338867,0.02007242850959301,0.22997932136058807,0.06608836352825165,0.2621908485889435
-14.093999862670898,-8.753999710083008,0.9743775725364685,5.307016372680664,0.037040673196315765,1.7882499694824219,-0.17703759670257568,0.25357919931411743
-14.093999862670898,-8.753999710083008,0.828318178653717,1.5799962282180786,0.06820597499608994,0.5021003484725952,-0.024133844301104546,0.4281793534755707
-14.093999862670898,-8.753999710083008,0.7172421216964722,4.333446502685547,0.027202202007174492,0.3613561689853668,-0.08617880195379257,0.3182414770126343
-14.093999862670898,-7.754000186920166,0.9105876088142395,4.785671234130859,0.023111911490559578,1.093274474143982,0.02563268505036831,0.6047890782356262
-14.093999862670898,-7.754000186920166,0.9090924263000488,1.6310724020004272,0.06875255703926086,0.3507593274116516,-0.1332753747701645,0.20738418400287628
-14.093999862670898,-7.754000186920166,0.9209544658660889,4.343502044677734,0.04091601446270943,0.18954578042030334,0.1567143350839615,0.1878267079591751
-14.093999862670898,-6.754000186920166,0.9495180249214172,4.794208526611328,0.0203190129250288,0.5957990288734436,0.0536067970097065,0.5999926328659058
-14.093999862670898,-6.754000186920166,0.8443454504013062,1.6417908668518066,0.03157724812626839,1.2417188882827759,-0.24979251623153687,0.3106103241443634
-14.093999862670898,-6.754000186920166,1.1449403762817383,5.81993293762207,0.06645460426807404,1.3218488693237305,0.0829661563038826,0.08939708024263382
-14.093999862670898,-5.754000186920166,0.8770818710327148,5.049960613250732,0.06053650751709938,0.8008785247802734,0.18459908664226532,0.42167818546295166
-14.093999862670898,-5.754000186920166,0.8124557733535767,2.0282087326049805,0.06705789268016815,0.5861617922782898,-0.2225281447172165,0.46427613496780396
-14.093999862670898,-5.754000186920166,0.9561194181442261,6.078630447387695,0.0938560962677002,0.5938237309455872,-0.07140777260065079,0.1140456572175026
-14.093999862670898,-4.754000186920166,0.9130171537399292,5.202654838562012,0.03239091485738754,0.7227550148963928,0.0442059151828289,0.6302044987678528
-14.093999862670898,-4.754000186920166,1.012712001800537,2.407932996749878,0.13350847363471985,0.42344117164611816,0.35959964990615845,0.14304010570049286
-14.093999862670898,-4.754000186920166,1.2729750871658325,0.10620546340942383,0.07652954757213593,0.01688309758901596,-0.08154426515102386,0.22675541043281555
-14.093999862670898,-3.753999948501587,1.1049785614013672,5.181836128234863,0.05451216921210289,0.5931280851364136,0.1301833838224411,0.633807897567749
-14.093999862670898,-3.753999948501587,0.975151538848877,1.4487154483795166,0.03677527233958244,0.37909090518951416,-0.11512622982263565,0.2897273004055023
-14.093999862670898,-3.753999948501587,1.270142674446106,0.31626376509666443,0.08577582985162735,0.10629060864448547,-0.10006105899810791,0.07646476477384567
-14.093999862670898,-2.753999948501587,1.0351769924163818,4.64327335357666,0.06111682206392288,1.2944086790084839,0.15927281975746155,0.6247705221176147
-14.093999862670898,-2.753999948501587,0.9451811909675598,3.1258654594421387,0.07080955058336258,1.3071361780166626,0.24959979951381683,0.23878833651542664
-14.093999862670898,-2.753999948501587,1.0744457244873047,1.153351902961731,0.039230525493621826,0.025210630148649216,-0.22490398585796356,0.13644108176231384
-14.093999862670898,-1.753999948501587,1.020759105682373,4.774097442626953,0.026394957676529884,1.2190301418304443,0.16847066581249237,0.9491838812828064
-14.093999862670898,-1.753999948501587,0.9890266060829163,2.553187608718872,0.10514051467180252,0.8449133038520813,0.11003244668245316,0.03965183347463608
-14.093999862670898,-1.753999948501587,1.183135747909546,0.7864392399787903,0.13536840677261353,0.1361740082502365,-0.00904951710253954,0.011164308525621891
-14.093999862670898,-0.7540000081062317,1.0908839702606201,5.725292205810547,0.03912675753235817,0.523356020450592,-0.046961769461631775,0.4332006275653839
-14.093999862670898,-0.7540000081062317,0.9992544651031494,1.3148081302642822,0.07484721392393112,1.0688016414642334,-0.061930879950523376,0.32087603211402893
-14.093999862670898,-0.7540000081062317,0.9493291974067688,4.812352657318115,0.034809958189725876,0.36073142290115356,0.03920590877532959,0.24592325091362
-14.093999862670898,0.2460000067949295,1.057724952697754,4.457858562469482,0.03864271566271782,0.5386059880256653,0.08641809225082397,0.5123411417007446
-14.093999862670898,0.2460000067949295,0.9299708604812622,2.187650203704834,0.09423348307609558,0.5958002805709839,0.1838969737291336,0.32930105924606323
-14.093999862670898,0.2460000067949295,0.9813574552536011,4.180375099182129,0.04763120412826538,0.2189270406961441,0.28148457407951355,0.15835773944854736
-14.093999862670898,1.246000051498413,0.9679513573646545,4.5228729248046875,0.042079173028469086,0.7773998975753784,-0.11765292286872864,0.6390966176986694
-14.093999862670898,1.246000051498413,0.8756589889526367,1.692844271659851,0.06200723350048065,0.9124878644943237,0.31099438667297363,0.2938602566719055
-14.093999862670898,1.246000051498413,0.850731611251831,6.057170867919922,0.025900810956954956,0.3282816708087921,-0.07664316892623901,0.06704306602478027
-14.093999862670898,2.246000051498413,0.9558155536651611,5.570034027099609,0.044138018041849136,1.5237067937850952,0.035111382603645325,0.5467329621315002
-14.093999862670898,2.246000051498413,1.0608690977096558,2.9374070167541504,0.0705246850848198,0.08584105223417282,0.17479988932609558,0.2588818669319153
-14.093999862670898,2.246000051498413,1.2470002174377441,6.212600231170654,0.07329459488391876,0.015446078032255173,0.019475571811199188,0.19438523054122925
-14.093999862670898,3.246000051498413,0.9636132121086121,5.083461284637451,0.055500321090221405,1.4264947175979614,0.07646910101175308,0.27044498920440674
-14.093999862670898,3.246000051498413,1.0963209867477417,2.9991817474365234,0.07052135467529297,0.07613076269626617,0.12722569704055786,0.44054269790649414
-14.093999862670898,3.246000051498413,1.166630744934082,6.247237682342529,0.05696024373173714,0.020195554941892624,0.0742373839020729,0.2890123128890991
-14.093999862670898,4.245999813079834,0.9432271122932434,5.372968673706055,0.055896393954753876,1.8640860319137573,0.0723138153553009,0.2554745376110077
-14.093999862670898,4.245999813079834,1.0526647567749023,2.9303534030914307,0.0710960179567337,0.07757081091403961,0.14957822859287262,0.3831198215484619
-14.093999862670898,4.245999813079834,1.1249680519104004,6.198291301727295,0.05321146175265312,0.020398402586579323,-0.015153164975345135,0.3614056408405304
-14.093999862670898,5.245999813079834,0.8671189546585083,5.139843463897705,0.02915666252374649,1.6055583953857422,0.013166206888854504,0.36008745431900024
-14.093999862670898,5.245999813079834,1.020150899887085,3.1216254234313965,0.0642695426940918,0.14902977645397186,0.1164308488368988,0.4292823374271393
-14.093999862670898,5.245999813079834,1.1939258575439453,0.020044486969709396,0.07361125946044922,0.030821016058325768,-0.06023072451353073,0.21063026785850525
-14.093999862670898,6.245999813079834,0.943744957447052,4.45482873916626,0.0426977314054966,1.0144426822662354,0.029591213911771774,0.4843902885913849
-14.093999862670898,6.245999813079834,1.0537328720092773,2.8098716735839844,0.08642199635505676,0.2314532846212387,0.19122819602489471,0.32367148995399475
-14.093999862670898,6.245999813079834,1.2009732723236084,0.06776296347379684,0.08488522469997406,0.08524426072835922,-0.012298828922212124,0.19193823635578156
-14.093999862670898,7.245999813079834,1.0681829452514648,5.299412250518799,0.0908864364027977,1.7366621494293213,0.11641790717840195,0.1886240541934967
-14.093999862670898,7.245999813079834,0.9847316741943359,2.916780710220337,0.07273252308368683,0.299254447221756,0.11710230261087418,0.5892252922058105
-14.093999862670898,7.245999813079834,0.9895396828651428,0.01461731642484665,0.06545522809028625,0.24446338415145874,-0.06332149356603622,0.2221507430076599
-14.093999862670898,8.246000289916992,0.9656289219856262,5.953853130340576,0.13156813383102417,1.4803599119186401,0.04378087818622589,0.20915062725543976
-14.093999862670898,8.246000289916992,0.988824188709259,2.5836703777313232,0.06834524869918823,0.0917464941740036,0.08036911487579346,0.5410086512565613
-14.093999862670898,8.246000289916992,0.9698458909988403,5.685681343078613,0.06058236211538315,0.2579694092273712,0.17512671649456024,0.24984073638916016
-14.093999862670898,9.246000289916992,0.9706264734268188,5.761897087097168,0.1918865591287613,2.0784912109375,0.08201779425144196,0.1380838006734848
-14.093999862670898,9.246000289916992,0.8987646698951721,2.23882794380188,0.06307976692914963,0.2038756012916565,0.038423214107751846,0.4615253508090973
-14.093999862670898,9.246000289916992,0.8918622732162476,4.462714672088623,0.028899960219860077,0.10628105700016022,0.1437160223722458,0.4003908634185791
-14.093999862670898,10.246000289916992,0.7394431233406067,5.430342197418213,0.034383367747068405,1.7989399433135986,0.025472836568951607,0.21615199744701385
-14.093999862670898,10.246000289916992,0.8978483080863953,3.3133838176727295,0.10685466229915619,0.2532668709754944,0.19374993443489075,0.49150556325912476
-14.093999862670898,10.246000289916992,0.9581380486488342,0.4338335394859314,0.09467972069978714,0.1608687788248062,-0.16766099631786346,0.2923423945903778
-14.093999862670898,11.246000289916992,1.0100486278533936,3.356597661972046,0.06731049716472626,0.6819589734077454,0.11807847768068314,0.6373440027236938
-14.093999862670898,11.246000289916992,0.9382147192955017,1.082734227180481,0.13873142004013062,0.3510768711566925,-0.26332876086235046,0.2767642140388489
-14.093999862670898,11.246000289916992,0.9176123142242432,6.028449058532715,0.09157756716012955,0.6518614888191223,-0.0383751317858696,0.08589179813861847
-14.093999862670898,12.246000289916992,1.1056663990020752,2.7890424728393555,0.04520704597234726,0.3240169882774353,0.14991968870162964,0.24628214538097382
-14.093999862670898,12.246000289916992,1.036756992340088,1.0968809127807617,0.06287521868944168,0.2974785268306732,-0.2182507961988449,0.5508931875228882
-14.093999862670898,12.246000289916992,1.1069178581237793,4.616623878479004,0.09611040353775024,0.676552951335907,0.12617293000221252,0.2028246521949768
-14.093999862670898,13.246000289916992,0.9601649045944214,4.960932731628418,0.0652255117893219,0.8865135908126831,0.08629738539457321,0.14023390412330627
-14.093999862670898,13.246000289916992,0.9759373068809509,1.5492275953292847,0.1184699684381485,0.42071813344955444,-0.25406163930892944,0.717057466506958
-14.093999862670898,13.246000289916992,0.9932283759117126,4.219222068786621,0.06288950145244598,0.1850145310163498,0.18830031156539917,0.14270862936973572
-14.093999862670898,14.246000289916992,1.0691421031951904,1.004103660583496,0.5261464715003967,1.3338240385055542,0.10265398770570755,0.02159917913377285
-14.093999862670898,14.246000289916992,1.0018659830093384,1.5853595733642578,0.06565863639116287,0.29364463686943054,0.02827993594110012,0.9778863191604614
-14.093999862670898,14.246000289916992,1.2430890798568726,1.4828102588653564,0.6260356307029724,0.5275253057479858,0.013876423239707947,0.0005145685281604528
-14.093999862670898,15.246000289916992,1.1612436771392822,5.780587196350098,0.37805745005607605,1.6935399770736694,0.37608763575553894,0.051263656467199326
-14.093999862670898,15.246000289916992,0.8790512681007385,2.1075496673583984,0.023643240332603455,0.09920154511928558,0.12956255674362183,0.7870375514030457
-14.093999862670898,15.246000289916992,0.9707155823707581,0.8777830600738525,0.03759410232305527,0.01722893863916397,-0.0843404158949852,0.16169874370098114
-14.093999862670898,16.246000289916992,0.8474544286727905,5.072629451751709,0.09113316982984543,1.6081500053405762,0.08606729656457901,0.023696722462773323
-14.093999862670898,16.246000289916992,0.8904361128807068,2.017072916030884,0.054922621697187424,0.11751148849725723,-0.0151630574837327,0.9737769961357117
-14.093999862670898,16.246000289916992,0.9510196447372437,0.4787910580635071,0.23683537542819977,0.5214457511901855,0.03125137835741043,0.0025261957198381424
-14.093999862670898,17.246000289916992,0.9404307007789612,1.851800799369812,0.08956287801265717,1.5096287727355957,0.10957241803407669,0.017395611852407455
-14.093999862670898,17.246000289916992,1.0465679168701172,2.19380259513855,0.07344517856836319,0.055789537727832794,0.0654776468873024,0.9825916290283203
-14.093999862670898,17.246000289916992,1.068992257118225,6.123627662658691,0.40740805864334106,1.2919435501098633,0.24529273808002472,1.2717491699731909e-05
-14.093999862670898,18.246000289916992,0.7751309871673584,1.6978912353515625,0.056083399802446365,1.9883460998535156,0.06301015615463257,0.00759601965546608
-14.093999862670898,18.246000289916992,1.1256181001663208,1.6585036516189575,0.08970227092504501,0.05059456825256348,-0.048210304230451584,0.9920380115509033
-14.093999862670898,18.246000289916992,1.1152278184890747,0.41135695576667786,0.285786509513855,0.291034072637558,-0.017046567052602768,0.0003659795911516994
-14.093999862670898,19.246000289916992,0.9284383654594421,1.5608174800872803,0.05638648942112923,1.1611723899841309,0.03541576862335205,0.16990089416503906
-14.093999862670898,19.246000289916992,1.0383024215698242,1.1512590646743774,0.07653186470270157,0.07492082566022873,-0.18218252062797546,0.8188959360122681
-14.093999862670898,19.246000289916992,1.1943330764770508,0.40496543049812317,0.31728580594062805,0.30601078271865845,0.09105145931243896,0.011203172616660595
-14.093999862670898,20.246000289916992,0.915242075920105,6.025744438171387,0.11524908244609833,1.3683737516403198,0.07446619123220444,0.04428093507885933
-14.093999862670898,20.246000289916992,1.038805603981018,1.0551139116287231,0.06243741512298584,0.05709386616945267,0.03870565444231033,0.9210273027420044
-14.093999862670898,20.246000289916992,1.2062110900878906,0.7368636131286621,0.26079729199409485,0.14589948952198029,0.006272799335420132,0.034691713750362396
-14.093999862670898,21.246000289916992,0.9389572143554688,5.329469203948975,0.22649407386779785,1.5861250162124634,0.30366289615631104,0.02197358012199402
-14.093999862670898,21.246000289916992,0.9062538743019104,0.9272705316543579,0.04190295189619064,0.07743676751852036,-0.019704019650816917,0.9593890309333801
-14.093999862670898,21.246000289916992,0.9172173738479614,0.1826244741678238,0.14918982982635498,0.5189761519432068,0.18648812174797058,0.01863740012049675
-14.093999862670898,22.246000289916992,0.8790627121925354,5.662330627441406,0.22269783914089203,1.2613550424575806,0.3690069913864136,0.03891430422663689
-14.093999862670898,22.246000289916992,0.8819191455841064,0.6030052900314331,0.05443423241376877,0.08505775034427643,-0.19657599925994873,0.9571563005447388
-14.093999862670898,22.246000289916992,0.8774219751358032,5.923582077026367,0.1805657148361206,1.453985571861267,0.2890288233757019,0.00392937520518899
-14.093999862670898,23.246000289916992,0.8546280264854431,0.611962080001831,0.4225762188434601,1.371637225151062,0.4006972312927246,0.0042191799730062485
-14.093999862670898,23.246000289916992,0.814288318157196,0.11651488393545151,0.04694521427154541,0.08018143475055695,-0.1387196034193039,0.9943629503250122
-14.093999862670898,23.246000289916992,0.8201252222061157,5.85569429397583,0.20852987468242645,2.7860662937164307,0.3912339210510254,0.0014178456040099263
-13.093999862670898,-12.753999710083008,0.8976739645004272,5.828559398651123,0.1868058443069458,2.3326706886291504,0.16913120448589325,0.0012514942791312933
-13.093999862670898,-12.753999710083008,0.7282184958457947,3.5290088653564453,0.12847302854061127,0.3754855990409851,-0.13884000480175018,0.0010828322265297174
-13.093999862670898,-12.753999710083008,0.6920806169509888,4.543221950531006,0.01964006945490837,0.013982410542666912,0.12172441929578781,0.9976656436920166
-13.093999862670898,-11.753999710083008,0.9925411939620972,4.59852409362793,0.08682455867528915,0.6716465950012207,-0.02242787927389145,0.08208943903446198
-13.093999862670898,-11.753999710083008,0.8063175678253174,3.8774702548980713,0.06913129985332489,0.1485082358121872,0.24209517240524292,0.030463645234704018
-13.093999862670898,-11.753999710083008,0.7726868391036987,4.466541767120361,0.014237582683563232,0.0328311026096344,0.10117422789335251,0.887446939945221
-13.093999862670898,-10.753999710083008,0.7821182608604431,4.996702671051025,0.05250997841358185,0.3597177565097809,-0.10018090158700943,0.12193897366523743
-13.093999862670898,-10.753999710083008,0.6131970882415771,2.288320779800415,0.09211785346269608,1.0101218223571777,0.1539882868528366,0.01516149751842022
-13.093999862670898,-10.753999710083008,0.5797068476676941,4.848321437835693,0.009930869564414024,0.07729616016149521,0.018377646803855896,0.8628995418548584
-13.093999862670898,-9.753999710083008,0.6646981239318848,4.618865966796875,0.030680442228913307,1.2146832942962646,-0.04602041840553284,0.5739978551864624
-13.093999862670898,-9.753999710083008,0.5901767015457153,1.2184886932373047,0.03710747882723808,0.39024364948272705,0.09686926007270813,0.29555338621139526
-13.093999862670898,-9.753999710083008,0.6918736100196838,4.902563095092773,0.020261483266949654,0.2705167233943939,0.053679563105106354,0.13044877350330353
-13.093999862670898,-8.753999710083008,0.7952451705932617,5.756478309631348,0.02576775662600994,1.5995800495147705,-0.2729252874851227,0.4684107005596161
-13.093999862670898,-8.753999710083008,0.7154777646064758,1.503257393836975,0.05931901931762695,0.24726049602031708,-0.0448002927005291,0.41614142060279846
-13.093999862670898,-8.753999710083008,0.684055745601654,4.471929550170898,0.02670786902308464,0.3887118101119995,-0.040995337069034576,0.11544784158468246
-13.093999862670898,-7.754000186920166,0.9091370105743408,4.744968414306641,0.019960880279541016,0.797767162322998,0.0729619562625885,0.6407341957092285
-13.093999862670898,-7.754000186920166,0.9786329865455627,1.4941478967666626,0.06473487615585327,0.446292906999588,-0.24765294790267944,0.21239876747131348
-13.093999862670898,-7.754000186920166,0.9731669425964355,4.53415060043335,0.053385209292173386,0.5356984734535217,0.11145465821027756,0.146867036819458
-13.093999862670898,-6.754000186920166,1.0126937627792358,5.008014678955078,0.02997121587395668,0.4806792140007019,0.110068678855896,0.6253446936607361
-13.093999862670898,-6.754000186920166,0.9067100882530212,1.8359910249710083,0.04631472006440163,1.3678325414657593,-0.40008091926574707,0.3635352551937103
-13.093999862670898,-6.754000186920166,1.3289035558700562,0.26026201248168945,0.3997154235839844,2.182122230529785,0.017816398292779922,0.011120068840682507
-13.093999862670898,-5.754000186920166,0.9820919632911682,5.200057029724121,0.05586365982890129,0.6805351972579956,0.1462206244468689,0.5332716107368469
-13.093999862670898,-5.754000186920166,0.9388598799705505,1.7805123329162598,0.07905944436788559,0.6799103021621704,-0.1001700833439827,0.37375885248184204
-13.093999862670898,-5.754000186920166,1.0398533344268799,6.207674980163574,0.09764957427978516,0.6678062081336975,-0.058534037321805954,0.09296948462724686
-13.093999862670898,-4.754000186920166,1.0182937383651733,4.499270439147949,0.041534870862960815,0.4581288993358612,0.037019308656454086,0.7201915383338928
-13.093999862670898,-4.754000186920166,1.000820279121399,1.7232367992401123,0.09004811942577362,0.3316238224506378,0.17342454195022583,0.1490357518196106
-13.093999862670898,-4.754000186920166,1.1131213903427124,0.24362224340438843,0.07911771535873413,0.06916750222444534,0.05947791039943695,0.13077281415462494
-13.093999862670898,-3.753999948501587,0.9150289297103882,5.255880355834961,0.024354061111807823,0.6598265171051025,0.07956676185131073,0.8023642897605896
-13.093999862670898,-3.753999948501587,0.8940162062644958,1.4704676866531372,0.03731764107942581,0.3763764500617981,-0.001750134164467454,0.13608209788799286
-13.093999862670898,-3.753999948501587,1.3472000360488892,0.4327557682991028,0.10706683248281479,0.052883438766002655,-0.12049827724695206,0.061553556472063065
-13.093999862670898,-2.753999948501587,1.003415822982788,5.904637813568115,0.027120793238282204,1.2460649013519287,0.1494198739528656,0.7615352869033813
-13.093999862670898,-2.753999948501587,1.0290226936340332,4.212310791015625,0.07656058669090271,0.6065428256988525,0.26392048597335815,0.17805130779743195
-13.093999862670898,-2.753999948501587,1.20573091506958,1.3650472164154053,0.04564322903752327,0.05083450675010681,-0.32111358642578125,0.06041335687041283
-13.093999862670898,-1.753999948501587,0.9733002185821533,5.136100769042969,0.02439129166305065,0.8727712035179138,0.1106361672282219,0.9022775292396545
-13.093999862670898,-1.753999948501587,0.9612839818000793,1.8125430345535278,0.08164235204458237,1.7576966285705566,0.1815541386604309,0.07352178543806076
-13.093999862670898,-1.753999948501587,1.2467159032821655,0.5459412336349487,0.12023477256298065,0.15143421292304993,0.006628288887441158,0.02420068345963955
-13.093999862670898,-0.7540000081062317,0.9509852528572083,5.281895637512207,0.013066262006759644,0.390575110912323,0.012406268157064915,0.6696098446846008
-13.093999862670898,-0.7540000081062317,0.9806880354881287,1.7212673425674438,0.08050377666950226,0.935884952545166,-0.16154666244983673,0.12820716202259064
-13.093999862670898,-0.7540000081062317,0.9618138074874878,4.557743072509766,0.01964985951781273,0.18430012464523315,-0.02430913783609867,0.20218299329280853
-13.093999862670898,0.2460000067949295,0.9228296279907227,4.516075134277344,0.024308523163199425,0.6152831315994263,0.04279804229736328,0.37166303396224976
-13.093999862670898,0.2460000067949295,0.9521923661231995,2.357212543487549,0.1277952641248703,0.5690355896949768,0.2193440943956375,0.39630210399627686
-13.093999862670898,0.2460000067949295,1.1095781326293945,4.870469093322754,0.05590260401368141,0.1123507022857666,0.18570688366889954,0.23203487694263458
-13.093999862670898,1.246000051498413,0.9987103343009949,5.499993801116943,0.057431574910879135,1.1651453971862793,0.045815810561180115,0.611116349697113
-13.093999862670898,1.246000051498413,0.8136270642280579,1.5313549041748047,0.05949131399393082,1.426586389541626,0.17081902921199799,0.3207602798938751
-13.093999862670898,1.246000051498413,0.941106379032135,5.707679271697998,0.0228502806276083,0.31073522567749023,-0.025357570499181747,0.0681234821677208
-13.093999862670898,2.246000051498413,1.029820442199707,5.170713424682617,0.04130121320486069,1.2868937253952026,-0.010182327590882778,0.6038392186164856
-13.093999862670898,2.246000051498413,1.185200572013855,2.982731819152832,0.0860854983329773,0.05341640114784241,0.1348293274641037,0.22717967629432678
-13.093999862670898,2.246000051498413,1.2665103673934937,6.1821112632751465,0.07582580298185349,0.018482012674212456,0.0016338101122528315,0.16898110508918762
-13.093999862670898,3.246000051498413,0.9549524784088135,4.796230316162109,0.0554044172167778,1.4266959428787231,0.08813824504613876,0.2547835409641266
-13.093999862670898,3.246000051498413,1.105562686920166,2.9608891010284424,0.08178053796291351,0.06913851946592331,0.19318823516368866,0.4208745062351227
-13.093999862670898,3.246000051498413,1.142228603363037,6.2223005294799805,0.05707450211048126,0.0199931338429451,0.12241353839635849,0.3243420422077179
-13.093999862670898,4.245999813079834,0.9713274240493774,4.613063812255859,0.0798889696598053,1.9629685878753662,0.12036090344190598,0.21060918271541595
-13.093999862670898,4.245999813079834,1.0119651556015015,2.974555492401123,0.061615556478500366,0.09115924686193466,0.16306813061237335,0.41305840015411377
-13.093999862670898,4.245999813079834,1.1356308460235596,6.199807643890381,0.05420974642038345,0.01958537846803665,-0.01497790589928627,0.37633246183395386
-13.093999862670898,5.245999813079834,0.8980661630630493,5.5584492683410645,0.027243182063102722,1.7002828121185303,-0.07561197876930237,0.4568954110145569
-13.093999862670898,5.245999813079834,1.0503722429275513,2.9940192699432373,0.07837618887424469,0.11626257002353668,0.11866609752178192,0.34647366404533386
-13.093999862670898,5.245999813079834,1.1617947816848755,6.27374792098999,0.07073834538459778,0.02972923032939434,-0.11667544394731522,0.19663093984127045
-13.093999862670898,6.245999813079834,1.022275686264038,4.004615783691406,0.08582885563373566,1.284472107887268,-0.004232126288115978,0.3134475350379944
-13.093999862670898,6.245999813079834,1.1016777753829956,2.6940488815307617,0.10212866961956024,0.17622777819633484,0.24396741390228271,0.36933407187461853
-13.093999862670898,6.245999813079834,1.0867114067077637,6.202356815338135,0.07109875977039337,0.12513072788715363,-0.023801174014806747,0.3172183930873871
-13.093999862670898,7.245999813079834,0.943938136100769,5.595458507537842,0.06543955951929092,1.7424378395080566,0.12638144195079803,0.18285652995109558
-13.093999862670898,7.245999813079834,0.9487981796264648,3.05549955368042,0.10593419522047043,0.3694206178188324,0.1500815451145172,0.517280101776123
-13.093999862670898,7.245999813079834,0.9741438031196594,0.06870658695697784,0.07493822276592255,0.2433062344789505,0.036582380533218384,0.29986342787742615
-13.093999862670898,8.246000289916992,0.8764762282371521,5.264854431152344,0.22203592956066132,1.4246217012405396,0.09082873910665512,0.08469796180725098
-13.093999862670898,8.246000289916992,0.717781126499176,3.4161086082458496,0.08822793513536453,0.3671651780605316,0.016426337882876396,0.17918580770492554
-13.093999862670898,8.246000289916992,0.6421588659286499,4.5447916984558105,0.020991414785385132,0.24620163440704346,0.3111184239387512,0.7361162900924683
-13.093999862670898,9.246000289916992,0.7221514582633972,4.934140205383301,0.16953694820404053,1.6530095338821411,0.061267659068107605,0.03538065776228905
-13.093999862670898,9.246000289916992,0.741527259349823,1.9761275053024292,0.0656663030385971,0.04204787313938141,0.22051844000816345,0.9467657804489136
-13.093999862670898,9.246000289916992,0.731525719165802,5.139220237731934,0.1432393193244934,0.24791651964187622,0.07010237872600555,0.017853572964668274
-13.093999862670898,10.246000289916992,0.9022584557533264,4.762528419494629,0.242231547832489,1.5847856998443604,0.06121711805462837,0.1482284665107727
-13.093999862670898,10.246000289916992,0.7080279588699341,2.960296154022217,0.06731290370225906,0.3679457902908325,-0.06523778289556503,0.2577815651893616
-13.093999862670898,10.246000289916992,0.6914098262786865,5.361937999725342,0.03916721045970917,0.2978229224681854,0.03445123881101608,0.593989908695221
-13.093999862670898,11.246000289916992,0.9018989205360413,3.6720027923583984,0.05067393183708191,1.0828962326049805,0.09046943485736847,0.47955119609832764
-13.093999862670898,11.246000289916992,0.8892598152160645,2.228097915649414,0.11666872352361679,0.20418649911880493,-0.12041729688644409,0.4803481996059418
-13.093999862670898,11.246000289916992,0.833036482334137,5.599849224090576,0.06283680349588394,0.26167160272598267,-0.08962248265743256,0.040100522339344025
-13.093999862670898,12.246000289916992,0.9869955778121948,3.3989627361297607,0.04955388233065605,0.9813398122787476,0.2379518747329712,0.4437139928340912
-13.093999862670898,12.246000289916992,0.9019138813018799,1.9609918594360352,0.07280052453279495,0.4873552620410919,0.09932098537683487,0.46298477053642273
-13.093999862670898,12.246000289916992,1.0375800132751465,4.843918323516846,0.056673336774110794,0.11176339536905289,0.0905979573726654,0.09330125153064728
-13.093999862670898,13.246000289916992,0.7673498392105103,4.314152240753174,0.023268334567546844,0.6110624074935913,0.10094062238931656,0.35458457469940186
-13.093999862670898,13.246000289916992,0.9353989958763123,1.6733653545379639,0.11384913325309753,0.8209646940231323,-0.291858434677124,0.5143455266952515
-13.093999862670898,13.246000289916992,0.978755533695221,4.433353900909424,0.05311403051018715,0.18101465702056885,0.20001445710659027,0.13106989860534668
-13.093999862670898,14.246000289916992,1.2311344146728516,1.5024957656860352,0.6773111820220947,2.2416765689849854,0.13830089569091797,0.016192305833101273
-13.093999862670898,14.246000289916992,1.044602870941162,1.6007411479949951,0.09596768021583557,0.2462865263223648,0.10047286748886108,0.9837318658828735
-13.093999862670898,14.246000289916992,1.1860606670379639,1.3829203844070435,0.9765339493751526,2.0068774223327637,-0.05496935546398163,7.583529804833233e-05
-13.093999862670898,15.246000289916992,1.0792293548583984,5.814793586730957,0.21272961795330048,2.061429500579834,0.2848774194717407,0.1251865029335022
-13.093999862670898,15.246000289916992,0.8707883358001709,2.011470317840576,0.03344390168786049,0.1227174922823906,0.1576557606458664,0.5953068137168884
-13.093999862670898,15.246000289916992,0.9874257445335388,0.8253156542778015,0.027931757271289825,0.008630553260445595,-0.12246958166360855,0.27950671315193176
-13.093999862670898,16.246000289916992,0.9581915140151978,3.1525750160217285,0.10934903472661972,0.6128150820732117,0.10506506264209747,0.10929910838603973
-13.093999862670898,16.246000289916992,0.9700836539268494,1.5856491327285767,0.07905266433954239,0.26697996258735657,-0.42170077562332153,0.8753736615180969
-13.093999862670898,16.246000289916992,0.9277094006538391,0.06658935546875,0.2170594036579132,3.677008867263794,0.17807318270206451,0.015327196568250656
-13.093999862670898,17.246000289916992,1.0034880638122559,3.5460667610168457,0.10257256776094437,1.3097115755081177,0.09493604302406311,0.046304285526275635
-13.093999862670898,17.246000289916992,1.0139094591140747,1.329911708831787,0.07387824356555939,0.12111210078001022,0.021437643095850945,0.9533422589302063
-13.093999862670898,17.246000289916992,1.1330679655075073,0.9253498911857605,0.2862379848957062,0.46663162112236023,0.08681759238243103,0.0003534051647875458
-13.093999862670898,20.246000289916992,1.0973591804504395,1.6293624639511108,0.3566650152206421,0.7977806925773621,-0.025616195052862167,0.017441485077142715
-13.093999862670898,20.246000289916992,1.0473248958587646,1.248437762260437,0.0645953044295311,0.16517014801502228,-0.043414413928985596,0.9561941623687744
-13.093999862670898,20.246000289916992,1.2719889879226685,0.9928092956542969,0.3926457464694977,0.20729197561740875,0.20866446197032928,0.026364367455244064
-13.093999862670898,21.246000289916992,1.1954145431518555,1.526257038116455,0.8480997681617737,0.7300456762313843,0.18353036046028137,0.05524881184101105
-13.093999862670898,21.246000289916992,0.9665818214416504,1.3499045372009277,0.0555502288043499,0.308230996131897,-0.4181602895259857,0.45513421297073364
-13.093999862670898,21.246000289916992,1.1691882610321045,1.1307637691497803,0.13529366254806519,0.30659544467926025,0.19480693340301514,0.48961693048477173
-13.093999862670898,22.246000289916992,1.125774621963501,3.528172016143799,1.1019542217254639,0.5621486902236938,0.2865193784236908,0.024504996836185455
-13.093999862670898,22.246000289916992,0.811194658279419,1.110951542854309,0.060678232461214066,1.8105088472366333,-0.5056288838386536,0.0867234393954277
-13.093999862670898,22.246000289916992,1.0184850692749023,1.644209861755371,0.07783220708370209,0.3966634273529053,0.2085043340921402,0.8887715339660645
-13.093999862670898,23.246000289916992,1.1430721282958984,5.589278697967529,1.6908282041549683,0.43356853723526,0.35852038860321045,0.002005572197958827
-13.093999862670898,23.246000289916992,0.7007061243057251,0.9529080986976624,0.08071264624595642,12.131851196289062,-0.5022560358047485,0.0051088049076497555
-13.093999862670898,23.246000289916992,0.9580830335617065,2.348759889602661,0.06053139641880989,0.48574382066726685,0.15230172872543335,0.9928856492042542
-12.093999862670898,-12.753999710083008,0.8095718622207642,2.3632824420928955,0.27570855617523193,2.8284878730773926,0.21664980053901672,0.006104759406298399
-12.093999862670898,-12.753999710083008,0.6112198829650879,4.462464332580566,0.02780487760901451,0.08198149502277374,-0.190494567155838,0.9927074313163757
-12.093999862670898,-12.753999710083008,0.7315633296966553,5.512017250061035,0.1467149406671524,1.8917760848999023,0.23185601830482483,0.0011877830838784575
-12.093999862670898,-11.753999710083008,0.9384253621101379,4.818076133728027,0.19454848766326904,2.5490334033966064,0.2737109363079071,0.014045064337551594
-12.093999862670898,-11.753999710083008,0.7964462041854858,4.320994853973389,0.02125268429517746,0.04214083403348923,0.045226000249385834,0.8596571683883667
-12.093999862670898,-11.753999710083008,0.7471632361412048,4.9580159187316895,0.04012740030884743,0.3819369375705719,0.17942605912685394,0.12629768252372742
-12.093999862670898,-10.753999710083008,0.8089697360992432,5.254310131072998,0.0490117073059082,0.7171140909194946,-0.09009552747011185,0.10656916350126266
-12.093999862670898,-10.753999710083008,0.5821394324302673,3.175769567489624,0.058174680918455124,1.1708705425262451,0.09420716017484665,0.0463433563709259
-12.093999862670898,-10.753999710083008,0.6159877181053162,4.498276233673096,0.010124401189386845,0.10412939637899399,0.12334764003753662,0.8470874428749084
-12.093999862670898,-9.753999710083008,0.82610023021698,4.434707164764404,0.04843982681632042,1.9377634525299072,-0.1815526932477951,0.4786406457424164
-12.093999862670898,-9.753999710083008,0.6741453409194946,1.610816240310669,0.032728392630815506,0.211028054356575,-0.13567648828029633,0.30163565278053284
-12.093999862670898,-9.753999710083008,0.6763797998428345,4.309577465057373,0.019469574093818665,0.3411431610584259,-0.0033845319412648678,0.21972371637821198
-12.093999862670898,-8.753999710083008,0.8897834420204163,5.4199018478393555,0.021891392767429352,1.2994848489761353,-0.042241860181093216,0.596315860748291
-12.093999862670898,-8.753999710083008,0.803647518157959,1.5379269123077393,0.06038258597254753,0.33984076976776123,-0.11520319432020187,0.29817596077919006
-12.093999862670898,-8.753999710083008,0.8069248199462891,4.856172561645508,0.05026869848370552,0.5478540062904358,-0.08644632995128632,0.10550812631845474
-12.093999862670898,-7.754000186920166,0.885966956615448,4.697749137878418,0.034206029027700424,0.8623461723327637,0.26296862959861755,0.5487258434295654
-12.093999862670898,-7.754000186920166,0.917202353477478,1.7619597911834717,0.058810487389564514,1.208437204360962,-0.25663259625434875,0.39937812089920044
-12.093999862670898,-7.754000186920166,1.098594307899475,0.3873356282711029,0.0997454971075058,0.513407289981842,-0.028461787849664688,0.051896024495363235
-12.093999862670898,-6.754000186920166,1.0167502164840698,5.623366355895996,0.08669928461313248,2.140354633331299,0.20642559230327606,0.42811962962150574
-12.093999862670898,-6.754000186920166,0.8796675801277161,3.3185906410217285,0.08503321558237076,2.333714246749878,-0.09928017109632492,0.5243346095085144
-12.093999862670898,-6.754000186920166,1.0099982023239136,1.2968547344207764,0.09290128201246262,0.8622088432312012,-0.2228497713804245,0.04754570871591568
-12.093999862670898,-5.754000186920166,0.9195834994316101,5.5955376625061035,0.030101414769887924,0.9123231768608093,0.006367530208081007,0.3707149624824524
-12.093999862670898,-5.754000186920166,0.9569391012191772,2.341735601425171,0.07787628471851349,0.7131364941596985,-0.19171126186847687,0.49225926399230957
-12.093999862670898,-5.754000186920166,1.0613800287246704,0.6554372906684875,0.1330718994140625,0.6732525825500488,-0.2041034698486328,0.13702578842639923
-12.093999862670898,-4.754000186920166,0.9474842548370361,5.117054462432861,0.04291751980781555,0.7818590998649597,0.0823613852262497,0.7072774767875671
-12.093999862670898,-4.754000186920166,0.9502164721488953,1.7134464979171753,0.07245219498872757,0.1626521348953247,0.25765252113342285,0.1892378181219101
-12.093999862670898,-4.754000186920166,1.0232234001159668,0.19779369235038757,0.051571305841207504,0.034712158143520355,0.11457807570695877,0.10348472744226456
-12.093999862670898,-3.753999948501587,1.048264741897583,5.400021553039551,0.02794654481112957,1.525862693786621,0.007077647373080254,0.8094691634178162
-12.093999862670898,-3.753999948501587,1.0092787742614746,2.5614402294158936,0.09494625777006149,0.7876449823379517,0.2562601864337921,0.09444252401590347
-12.093999862670898,-3.753999948501587,1.1937974691390991,0.15130259096622467,0.06813053041696548,0.04072422906756401,-0.20244774222373962,0.09608834236860275
-12.093999862670898,-2.753999948501587,0.999207615852356,5.720166206359863,0.032671909779310226,1.2749475240707397,0.08789459615945816,0.8202671408653259
-12.093999862670898,-2.753999948501587,0.8346839547157288,3.146759033203125,0.04153287783265114,1.1490727663040161,0.429817795753479,0.07956951856613159
-12.093999862670898,-2.753999948501587,0.983662486076355,1.8138240575790405,0.026181727647781372,0.07398267835378647,-0.3295624852180481,0.10016331821680069
-12.093999862670898,-1.753999948501587,1.0546109676361084,5.002155303955078,0.05107865482568741,1.0203005075454712,-0.11160670220851898,0.6121876835823059
-12.093999862670898,-1.753999948501587,0.9507372379302979,1.6156110763549805,0.04179545119404793,0.4692956507205963,0.05590486153960228,0.32785138487815857
-12.093999862670898,-1.753999948501587,1.0632163286209106,5.938148498535156,0.03718383610248566,0.15388330817222595,-0.06932498514652252,0.05996101722121239
-12.093999862670898,-0.7540000081062317,1.0764814615249634,5.522542953491211,0.11286136507987976,1.0476652383804321,0.22118917107582092,0.6190063953399658
-12.093999862670898,-0.7540000081062317,0.9029169678688049,2.1741180419921875,0.0764397382736206,0.6579412221908569,0.03300127759575844,0.3392146825790405
-12.093999862670898,-0.7540000081062317,0.7951735854148865,5.971118450164795,0.02990397997200489,0.2367502748966217,-0.040249668061733246,0.041778966784477234
-12.093999862670898,0.2460000067949295,0.7267407178878784,2.978945016860962,0.025053570047020912,0.5102095603942871,0.17837302386760712,0.7690116167068481
-12.093999862670898,0.2460000067949295,0.8312700390815735,2.5095596313476562,0.1259804517030716,0.7467005848884583,0.05827466771006584,0.20317550003528595
-12.093999862670898,0.2460000067949295,0.983248770236969,5.920547962188721,0.09610391408205032,0.12555767595767975,0.06696043908596039,0.027812883257865906
-12.093999862670898,1.246000051498413,0.9193651676177979,4.637444019317627,0.07761361449956894,1.1320134401321411,0.18839780986309052,0.42233455181121826
-12.093999862670898,1.246000051498413,0.7716286778450012,1.9891177415847778,0.059080615639686584,0.331834077835083,-0.2282136231660843,0.5283582806587219
-12.093999862670898,1.246000051498413,0.9375848174095154,0.07539217174053192,0.07917959243059158,0.2404758185148239,-0.12200847268104553,0.04930721968412399
-12.093999862670898,2.246000051498413,0.9947962164878845,5.390054702758789,0.05561325326561928,1.4484622478485107,0.016058623790740967,0.563851535320282
-12.093999862670898,2.246000051498413,1.1298528909683228,2.973921298980713,0.09077062457799911,0.05879957973957062,0.1500653177499771,0.2771616578102112
-12.093999862670898,2.246000051498413,1.2009633779525757,6.19403076171875,0.07056282460689545,0.021354379132390022,0.07665859907865524,0.15898680686950684
-12.093999862670898,3.246000051498413,0.9901819229125977,5.425833702087402,0.11363443732261658,1.9037741422653198,0.0810842216014862,0.24353496730327606
-12.093999862670898,3.246000051498413,1.0913887023925781,2.9426217079162598,0.07852013409137726,0.05297590047121048,0.11468682438135147,0.40866613388061523
-12.093999862670898,3.246000051498413,1.120592474937439,6.194092750549316,0.051653627306222916,0.01594889536499977,0.06502565741539001,0.3477988839149475
-12.093999862670898,4.245999813079834,0.9447808265686035,4.890207767486572,0.07085049152374268,1.8911021947860718,0.09558278322219849,0.36342883110046387
-12.093999862670898,4.245999813079834,1.017586588859558,2.87270450592041,0.06528164446353912,0.07416953146457672,0.1752823293209076,0.32529202103614807
-12.093999862670898,4.245999813079834,1.1340739727020264,6.171932697296143,0.05429123342037201,0.017516884952783585,-0.011349685490131378,0.31127917766571045
-12.093999862670898,5.245999813079834,0.9515231251716614,5.471428394317627,0.03847784921526909,1.471847653388977,-0.01025335118174553,0.6266869306564331
-12.093999862670898,5.245999813079834,1.0467971563339233,3.0055878162384033,0.0782356858253479,0.16523748636245728,0.08411557227373123,0.22252187132835388
-12.093999862670898,5.245999813079834,1.0964946746826172,0.030190449208021164,0.059084657579660416,0.03765052184462547,-0.0828777477145195,0.1507912129163742
-12.093999862670898,6.245999813079834,0.9897809624671936,4.732775688171387,0.08024533092975616,1.3957769870758057,0.04721266031265259,0.49574804306030273
-12.093999862670898,6.245999813079834,1.1042046546936035,2.884530782699585,0.12683464586734772,0.2043423354625702,0.17064081132411957,0.3706616461277008
-12.093999862670898,6.245999813079834,1.079869270324707,6.229453086853027,0.06969304382801056,0.07665233314037323,-0.025299062952399254,0.13359035551548004
-12.093999862670898,7.245999813079834,0.9675039649009705,5.127083778381348,0.04228648915886879,1.547706127166748,0.17312945425510406,0.6378623247146606
-12.093999862670898,7.245999813079834,1.0283012390136719,3.122952461242676,0.13722307980060577,0.45382753014564514,0.15260595083236694,0.2723839282989502
-12.093999862670898,7.245999813079834,0.9891952872276306,6.255127429962158,0.0582975335419178,0.12603482604026794,0.0521751269698143,0.0897536426782608
-12.093999862670898,8.246000289916992,1.03316068649292,5.556271553039551,0.09606744349002838,1.321661353111267,0.03038441203534603,0.5257102251052856
-12.093999862670898,8.246000289916992,0.8669866919517517,2.512282371520996,0.11076726019382477,1.1859674453735352,0.022961821407079697,0.3812292814254761
-12.093999862670898,8.246000289916992,0.7893368601799011,5.769643306732178,0.04575256258249283,0.39357829093933105,0.08635824173688889,0.0930604487657547
-12.093999862670898,9.246000289916992,1.0261561870574951,5.1033782958984375,0.20836105942726135,1.3311916589736938,0.09605704993009567,0.13018779456615448
-12.093999862670898,9.246000289916992,0.7529277205467224,1.4732049703598022,0.03711211681365967,0.13757075369358063,-0.05770470201969147,0.5044028162956238
-12.093999862670898,9.246000289916992,0.7524928450584412,4.958194255828857,0.03381437808275223,0.21952539682388306,0.08884935826063156,0.36540931463241577
-12.093999862670898,10.246000289916992,1.1007282733917236,5.518188953399658,0.24239584803581238,1.972533106803894,0.02842613495886326,0.11973034590482712
-12.093999862670898,10.246000289916992,0.9933100938796997,2.09433650970459,0.08054087311029434,0.14644035696983337,0.2023981809616089,0.5042479634284973
-12.093999862670898,10.246000289916992,0.9497165679931641,5.366218566894531,0.06547018140554428,0.21630734205245972,0.03414279967546463,0.37602168321609497
-12.093999862670898,11.246000289916992,0.9187792539596558,5.2440104484558105,0.08085952699184418,1.4548813104629517,0.04066218435764313,0.17196252942085266
-12.093999862670898,11.246000289916992,0.9823213219642639,2.184067726135254,0.07910934090614319,0.07802007347345352,0.1084747239947319,0.5850424766540527
-12.093999862670898,11.246000289916992,1.0076546669006348,5.320530891418457,0.06234629079699516,0.12712311744689941,0.07849201560020447,0.24299503862857819
-12.093999862670898,12.246000289916992,0.90570467710495,4.917840957641602,0.08862286806106567,1.7361130714416504,0.09508494287729263,0.3478996455669403
-12.093999862670898,12.246000289916992,1.0114773511886597,2.169001817703247,0.08197293430566788,0.05939580872654915,0.06256625801324844,0.5585843324661255
-12.093999862670898,12.246000289916992,1.0506510734558105,5.361310005187988,0.0759279802441597,0.10408881306648254,0.1837945133447647,0.09351600706577301
-12.093999862670898,13.246000289916992,0.8939428329467773,0.18126894533634186,0.05889727547764778,1.0430468320846558,0.1071123406291008,0.12761373817920685
-12.093999862670898,13.246000289916992,0.9536235332489014,2.035104990005493,0.11880549788475037,0.20807670056819916,0.12487661093473434,0.8337527513504028
-12.093999862670898,13.246000289916992,0.8346493244171143,4.866676330566406,0.10195212066173553,0.28165316581726074,0.13057778775691986,0.03863353282213211
-12.093999862670898,14.246000289916992,1.1801989078521729,0.024588385596871376,0.35852062702178955,1.3820226192474365,0.18855561316013336,0.012779442593455315
-12.093999862670898,14.246000289916992,0.9368742108345032,1.5123475790023804,0.05007769912481308,0.2380336970090866,0.03407781198620796,0.9863080382347107
-12.093999862670898,14.246000289916992,1.0796345472335815,1.3392078876495361,0.34334301948547363,0.7442326545715332,-0.07534358650445938,0.0009125490323640406
-12.093999862670898,15.246000289916992,1.2051618099212646,4.578963279724121,0.38796472549438477,1.1978429555892944,0.2750740051269531,0.043191686272621155
-12.093999862670898,15.246000289916992,0.8995527625083923,1.6896560192108154,0.041102439165115356,0.16169454157352448,-0.10985621809959412,0.2833636403083801
-12.093999862670898,15.246000289916992,0.963335394859314,0.7106867432594299,0.03701971471309662,0.057681214064359665,-0.1725204586982727,0.6734447479248047
-12.093999862670898,16.246000289916992,1.0032200813293457,4.405000686645508,0.14280247688293457,0.7867021560668945,0.19558648765087128,0.027304140850901604
-12.093999862670898,16.246000289916992,1.0444023609161377,1.163730502128601,0.05343126505613327,0.18528997898101807,-0.09456919878721237,0.9714536070823669
-12.093999862670898,16.246000289916992,1.1584376096725464,0.3826364278793335,0.5151066780090332,1.4135448932647705,0.2388024479150772,0.001242296420969069
-12.093999862670898,17.246000289916992,1.1086623668670654,3.1804521083831787,0.3350431025028229,1.1915868520736694,0.12765087187290192,0.01236436516046524
-12.093999862670898,17.246000289916992,1.045774221420288,0.9402253031730652,0.06699197739362717,0.11293724179267883,-0.034882768988609314,0.9865307211875916
-12.093999862670898,17.246000289916992,1.1358572244644165,1.437000036239624,0.31961870193481445,0.2878808081150055,0.0695221871137619,0.001104886643588543
-12.093999862670898,18.246000289916992,0.9754820466041565,2.16019868850708,0.0759597197175026,1.3087483644485474,0.009701503440737724,0.011605735868215561
-12.093999862670898,18.246000289916992,1.2041802406311035,1.3842273950576782,0.0850796326994896,0.06497170031070709,-0.027720192447304726,0.9882903099060059
-12.093999862670898,18.246000289916992,1.3254473209381104,0.7037971019744873,0.5654601454734802,0.1969691514968872,-0.043278731405735016,0.00010397303412901238
-12.093999862670898,19.246000289916992,0.8393825888633728,3.2280783653259277,0.06695309281349182,0.9962764382362366,-0.004554052371531725,0.15232877433300018
-12.093999862670898,19.246000289916992,0.979417622089386,1.6662474870681763,0.1710060089826584,0.11812491714954376,-0.19378624856472015,0.8458535671234131
-12.093999862670898,19.246000289916992,1.0914522409439087,5.8615336418151855,0.5139421820640564,0.8305982351303101,0.31331154704093933,0.0018175790319219232
-12.093999862670898,20.246000289916992,0.8864176273345947,1.9187544584274292,0.11348333209753036,1.1820601224899292,-0.0636598989367485,0.03789171949028969
-12.093999862670898,20.246000289916992,1.0245405435562134,1.8062950372695923,0.10182087123394012,0.07471583038568497,-0.03795289248228073,0.9512278437614441
-12.093999862670898,20.246000289916992,1.157082438468933,6.223995208740234,0.3599882423877716,0.17689664661884308,0.27369144558906555,0.010880479589104652
-12.093999862670898,21.246000289916992,0.8058266639709473,0.5954862236976624,0.13858675956726074,1.3635971546173096,-0.059004634618759155,0.02585277520120144
-12.093999862670898,21.246000289916992,0.9347124695777893,1.9388641119003296,0.05203733220696449,0.060927920043468475,0.12836652994155884,0.9099437594413757
-12.093999862670898,21.246000289916992,1.145125389099121,0.7718930244445801,0.24497829377651215,0.04752377048134804,0.16787439584732056,0.0642034187912941
-12.093999862670898,22.246000289916992,0.7244086861610413,0.8774980306625366,0.13330821692943573,0.9955183863639832,-0.01223668735474348,0.0581534244120121
-12.093999862670898,22.246000289916992,0.8942247629165649,2.1389193534851074,0.05435599014163017,0.04711567237973213,-0.08238420635461807,0.484124094247818
-12.093999862670898,22.246000289916992,1.1094927787780762,0.8685780763626099,0.1687045842409134,0.06763187050819397,0.10310842841863632,0.4577224850654602
-12.093999862670898,23.246000289916992,0.7352561950683594,1.7227468490600586,0.17290851473808289,0.7511158585548401,0.0719585120677948,0.030000953003764153
-12.093999862670898,23.246000289916992,0.871962308883667,2.3232357501983643,0.055720068514347076,0.04662710800766945,-0.2477467805147171,0.10169105976819992
-12.093999862670898,23.246000289916992,1.0669053792953491,0.8595866560935974,0.09722873568534851,0.1330137550830841,0.07603881508111954,0.8683080077171326
-11.093999862670898,-12.753999710083008,0.635733962059021,4.575838088989258,0.12362270057201385,1.55546236038208,0.132705420255661,0.0671442374587059
-11.093999862670898,-12.753999710083008,0.4788739085197449,4.28126335144043,0.010500968433916569,0.04772002622485161,-0.20105232298374176,0.9288866519927979
-11.093999862670898,-12.753999710083008,0.7543310523033142,0.6366652250289917,0.10458244383335114,1.578207015991211,0.08658042550086975,0.003969024866819382
-11.093999862670898,-11.753999710083008,0.825983464717865,1.7105684280395508,0.2134699821472168,2.452657699584961,0.21351709961891174,0.006062251981347799
-11.093999862670898,-11.753999710083008,0.7631164789199829,4.61000394821167,0.023695994168519974,0.029824689030647278,0.014475636184215546,0.5882093906402588
-11.093999862670898,-11.753999710083008,0.7207346558570862,5.757637023925781,0.04347405210137367,0.38961461186408997,0.3035781681537628,0.4057283401489258
-11.093999862670898,-10.753999710083008,0.8939220309257507,5.273128509521484,0.05688272416591644,0.8876115679740906,-0.1149851381778717,0.15202219784259796
-11.093999862670898,-10.753999710083008,0.733020007610321,3.3437588214874268,0.12105225771665573,1.0692046880722046,0.08806286007165909,0.01830788142979145
-11.093999862670898,-10.753999710083008,0.663216769695282,4.883787155151367,0.013350025750696659,0.1830379217863083,0.005934139713644981,0.8296699523925781
-11.093999862670898,-9.753999710083008,0.7047311067581177,4.322470664978027,0.04623458907008171,2.2783422470092773,-0.17084179818630219,0.17157702147960663
-11.093999862670898,-9.753999710083008,0.6495817303657532,2.1028337478637695,0.01352161355316639,0.13136987388134003,-0.28291264176368713,0.0885109230875969
-11.093999862670898,-9.753999710083008,0.6262189149856567,4.237302780151367,0.00744303222745657,0.2807823121547699,0.06363976001739502,0.7399120926856995
-11.093999862670898,-8.753999710083008,0.7353426814079285,5.1894683837890625,0.01931392401456833,1.1936291456222534,0.11810854822397232,0.4864214360713959
-11.093999862670898,-8.753999710083008,0.7176538109779358,2.1371607780456543,0.08894425630569458,0.9208989143371582,-0.34276503324508667,0.36665335297584534
-11.093999862670898,-8.753999710083008,0.890831708908081,5.469025611877441,0.10670506954193115,1.5697035789489746,-0.1321231573820114,0.14692525565624237
-11.093999862670898,-7.754000186920166,0.9299200773239136,4.3262200355529785,0.07225977629423141,0.8032205104827881,0.32359549403190613,0.324700266122818
-11.093999862670898,-7.754000186920166,0.876258373260498,2.809492349624634,0.05566749721765518,1.527047038078308,-0.2997584939002991,0.42919138073921204
-11.093999862670898,-7.754000186920166,1.046072006225586,0.9933111071586609,0.12323331832885742,0.5823373198509216,0.016488302499055862,0.24610839784145355
-11.093999862670898,-6.754000186920166,0.8208673596382141,6.201508522033691,0.07680127769708633,2.7066805362701416,0.03951951488852501,0.17844022810459137
-11.093999862670898,-6.754000186920166,1.0317938327789307,4.1557159423828125,0.12487155944108963,0.14738912880420685,0.10106927156448364,0.5504253506660461
-11.093999862670898,-6.754000186920166,1.0249484777450562,1.1677552461624146,0.07432683557271957,0.21231552958488464,-0.33893418312072754,0.27113446593284607
-11.093999862670898,-5.754000186920166,0.9077251553535461,5.518751621246338,0.03352253511548042,0.6011696457862854,-0.030956294387578964,0.27549874782562256
-11.093999862670898,-5.754000186920166,0.8234368562698364,2.5184407234191895,0.049274101853370667,2.8137412071228027,-0.2433735728263855,0.4608438014984131
-11.093999862670898,-5.754000186920166,1.0155662298202515,1.4244779348373413,0.15941238403320312,1.8252735137939453,-0.22963912785053253,0.26365742087364197
-11.093999862670898,-4.754000186920166,0.9393798112869263,5.396022796630859,0.02946382761001587,0.8112145662307739,0.1119040921330452,0.3634379506111145
-11.093999862670898,-4.754000186920166,0.9471826553344727,1.4129475355148315,0.15655383467674255,0.5066816806793213,0.14125075936317444,0.6054153442382812
-11.093999862670898,-4.754000186920166,0.9243383407592773,5.559174537658691,0.05976026505231857,0.23994526267051697,0.11577793210744858,0.03114677406847477
-11.093999862670898,-3.753999948501587,1.044689416885376,5.592597007751465,0.017332185059785843,1.2546261548995972,-0.08916816115379333,0.7019113302230835
-11.093999862670898,-3.753999948501587,1.309889793395996,3.146609306335449,0.3338432013988495,0.862934410572052,0.18883371353149414,0.13941867649555206
-11.093999862670898,-3.753999948501587,1.209098219871521,0.326682984828949,0.09069210290908813,0.026850655674934387,-0.08050871640443802,0.15866996347904205
-11.093999862670898,-2.753999948501587,1.0068717002868652,6.187893390655518,0.03603040426969528,1.0498801469802856,0.07236865907907486,0.9134538173675537
-11.093999862670898,-2.753999948501587,0.8684536218643188,3.1157355308532715,0.09708956629037857,0.5414499640464783,0.36990949511528015,0.05343326926231384
-11.093999862670898,-2.753999948501587,0.900786280632019,0.49362897872924805,0.06175388768315315,0.055730003863573074,-0.20514115691184998,0.03311287611722946
-11.093999862670898,-1.753999948501587,1.0479636192321777,5.228201866149902,0.030640799552202225,1.2284300327301025,-0.25003430247306824,0.5877732038497925
-11.093999862670898,-1.753999948501587,0.9856580495834351,1.5295095443725586,0.04742931202054024,0.16096395254135132,-0.15948279201984406,0.3254787027835846
-11.093999862670898,-1.753999948501587,0.9995425939559937,5.261563301086426,0.03255758062005043,0.3283264935016632,-0.09981514513492584,0.08674809336662292
-11.093999862670898,-0.7540000081062317,1.1158497333526611,4.647333145141602,0.1533089578151703,1.821864128112793,0.14126437902450562,0.38526201248168945
-11.093999862670898,-0.7540000081062317,0.9771820306777954,2.6741626262664795,0.17084236443042755,0.3906395137310028,0.010482301004230976,0.34944117069244385
-11.093999862670898,-0.7540000081062317,0.9086607694625854,0.14313241839408875,0.06644755601882935,0.12478923797607422,0.03566223755478859,0.2652968168258667
-11.093999862670898,0.2460000067949295,0.8790026307106018,2.957022190093994,0.11287083476781845,1.384236454963684,0.24542078375816345,0.35992443561553955
-11.093999862670898,0.2460000067949295,0.8182244300842285,3.11537766456604,0.07296647876501083,0.316846638917923,-0.25605931878089905,0.6073561906814575
-11.093999862670898,0.2460000067949295,0.8700157403945923,5.642560958862305,0.054409317672252655,0.2838730216026306,0.13230019807815552,0.032719410955905914
-11.093999862670898,1.246000051498413,0.9385474324226379,6.0877461433410645,0.18492965400218964,2.107788324356079,0.1462908387184143,0.0889124870300293
-11.093999862670898,1.246000051498413,0.5686444044113159,3.1936538219451904,0.02782723866403103,0.40848666429519653,-0.29910916090011597,0.8713364005088806
-11.093999862670898,1.246000051498413,0.7220109105110168,5.531935214996338,0.03628823161125183,0.2771073579788208,0.16826371848583221,0.03975120186805725
-11.093999862670898,2.246000051498413,0.9750849008560181,5.818422317504883,0.0806487426161766,1.6593248844146729,0.036713358014822006,0.47063755989074707
-11.093999862670898,2.246000051498413,1.0475821495056152,2.9866607189178467,0.08735444396734238,0.07604722678661346,0.08692420274019241,0.37554264068603516
-11.093999862670898,2.246000051498413,1.1176267862319946,6.177268028259277,0.0617864653468132,0.026293138042092323,0.06506091356277466,0.15381976962089539
-11.093999862670898,3.246000051498413,1.074878215789795,5.653573989868164,0.23589853942394257,1.8979430198669434,0.03417343273758888,0.2239130586385727
-11.093999862670898,3.246000051498413,1.1439861059188843,3.0720889568328857,0.08753783255815506,0.05674569681286812,-0.01153107825666666,0.47436586022377014
-11.093999862670898,3.246000051498413,1.0622122287750244,6.225444793701172,0.043258167803287506,0.02514239400625229,-0.06143173575401306,0.30172106623649597
-11.093999862670898,4.245999813079834,0.9555991888046265,4.863889217376709,0.05888371169567108,2.0507822036743164,0.06470812857151031,0.26297295093536377
-11.093999862670898,4.245999813079834,1.0552104711532593,2.8752994537353516,0.05888518691062927,0.08126027882099152,0.1832333207130432,0.42192113399505615
-11.093999862670898,4.245999813079834,1.2295657396316528,6.197750568389893,0.05917792767286301,0.019871799275279045,-0.06968402862548828,0.3151059150695801
-11.093999862670898,5.245999813079834,1.006124496459961,4.974472999572754,0.060813937336206436,1.5256779193878174,0.06699980050325394,0.43256667256355286
-11.093999862670898,5.245999813079834,1.060184121131897,2.994922161102295,0.0733041763305664,0.148696169257164,0.23248234391212463,0.34005144238471985
-11.093999862670898,5.245999813079834,1.0749244689941406,6.173353672027588,0.056137312203645706,0.0439385250210762,0.027146482840180397,0.2273818850517273
-11.093999862670898,6.245999813079834,0.881873607635498,4.609689712524414,0.04562067613005638,1.2433745861053467,0.12781977653503418,0.691501259803772
-11.093999862670898,6.245999813079834,1.0303932428359985,2.976423740386963,0.11758780479431152,0.22500671446323395,0.13645736873149872,0.22771014273166656
-11.093999862670898,6.245999813079834,1.1923210620880127,6.151810646057129,0.09435801208019257,0.05452433601021767,0.11039093881845474,0.08078859746456146
-11.093999862670898,7.245999813079834,0.9507833123207092,4.911330223083496,0.036968082189559937,1.0964903831481934,0.18673589825630188,0.4701187014579773
-11.093999862670898,7.245999813079834,0.9033940434455872,2.71355938911438,0.11685053259134293,0.9833132028579712,0.23881563544273376,0.3600737750530243
-11.093999862670898,7.245999813079834,0.9686000347137451,0.019327443093061447,0.060660164803266525,0.10829512774944305,0.1475885957479477,0.1698075383901596
-11.093999862670898,8.246000289916992,0.9947088360786438,4.959224700927734,0.04922439530491829,1.2932624816894531,0.11704009026288986,0.34046369791030884
-11.093999862670898,8.246000289916992,0.8923698663711548,2.447329521179199,0.11802968382835388,3.1143710613250732,0.011310047470033169,0.5678797960281372
-11.093999862670898,8.246000289916992,0.8753345608711243,5.595341682434082,0.06681222468614578,1.1422227621078491,0.060145486146211624,0.09165651351213455
-11.093999862670898,9.246000289916992,1.197340488433838,5.708321571350098,0.08609455078840256,1.021948218345642,0.033088285475969315,0.4116261601448059
-11.093999862670898,9.246000289916992,1.0414224863052368,1.7156108617782593,0.10190349072217941,0.4014664888381958,0.05372672900557518,0.4404308497905731
-11.093999862670898,9.246000289916992,0.9085056185722351,4.7678656578063965,0.04953945800662041,0.4685524106025696,0.0972997322678566,0.14794304966926575
-11.093999862670898,10.246000289916992,1.1078966856002808,1.2630243301391602,0.10855564475059509,1.2320733070373535,-0.12219613045454025,0.23341909050941467
-11.093999862670898,10.246000289916992,1.0918525457382202,2.2658121585845947,0.08132105320692062,0.056731805205345154,0.34178802371025085,0.3288099765777588
-11.093999862670898,10.246000289916992,0.9729762673377991,5.062687397003174,0.07370765507221222,0.2777523696422577,0.050071753561496735,0.43777090311050415
-11.093999862670898,11.246000289916992,0.9511153697967529,0.3417135775089264,0.07518339902162552,1.1840342283248901,0.009531219489872456,0.1669309288263321
-11.093999862670898,11.246000289916992,1.0405114889144897,2.078524351119995,0.0890541672706604,0.09129901975393295,0.17894116044044495,0.5395662188529968
-11.093999862670898,11.246000289916992,1.0605701208114624,5.132671356201172,0.06732971966266632,0.15983213484287262,0.15776847302913666,0.29350289702415466
-11.093999862670898,12.246000289916992,1.1152162551879883,4.945223808288574,0.2240675687789917,2.0695109367370605,0.0498935803771019,0.14466853439807892
-11.093999862670898,12.246000289916992,1.0551025867462158,2.013831853866577,0.08502216637134552,0.061592672020196915,0.12025663256645203,0.524175763130188
-11.093999862670898,12.246000289916992,0.8785607218742371,4.714883327484131,0.04112846404314041,0.19499267637729645,0.1792484074831009,0.3311556875705719
-11.093999862670898,13.246000289916992,0.9883304834365845,1.031321406364441,0.05767415836453438,0.9094415307044983,-0.047019775956869125,0.044669512659311295
-11.093999862670898,13.246000289916992,1.0420129299163818,1.7331477403640747,0.09586390852928162,0.14459730684757233,0.3951357901096344,0.9496439099311829
-11.093999862670898,13.246000289916992,0.8607226610183716,4.943233013153076,0.1443350911140442,0.7126755118370056,0.03679932281374931,0.005686531309038401
-11.093999862670898,14.246000289916992,1.050431489944458,4.6950602531433105,0.27664729952812195,1.0580158233642578,0.4010090231895447,0.008186385035514832
-11.093999862670898,14.246000289916992,0.8571167588233948,1.7838199138641357,0.026561612263321877,0.16304069757461548,-0.18161222338676453,0.8556315302848816
-11.093999862670898,14.246000289916992,0.8955032825469971,0.47840848565101624,0.0690385028719902,0.3383147418498993,0.006883429829031229,0.13618209958076477
-11.093999862670898,15.246000289916992,1.1860471963882446,4.624619483947754,0.6522883772850037,0.7536757588386536,0.3490159511566162,0.04292116314172745
-11.093999862670898,15.246000289916992,0.8825953602790833,1.332041621208191,0.035440973937511444,0.2633613348007202,-0.3985515832901001,0.887128472328186
-11.093999862670898,15.246000289916992,1.041632056236267,1.2719024419784546,0.1561071127653122,0.4144217371940613,-0.02028045617043972,0.06995031982660294
-11.093999862670898,16.246000289916992,1.0589816570281982,0.1972154676914215,0.35178935527801514,0.7729959487915039,0.16665147244930267,0.10171283781528473
-11.093999862670898,16.246000289916992,0.9689837098121643,1.0997428894042969,0.04936453700065613,0.08346713334321976,-0.32064223289489746,0.8976529240608215
-11.093999862670898,16.246000289916992,1.2215198278427124,0.7607758045196533,0.7248734831809998,1.3475353717803955,0.16848129034042358,0.0006341944099403918
-11.093999862670898,17.246000289916992,1.4993585348129272,4.340529441833496,3.8672192096710205,0.8152633309364319,0.2654397487640381,0.0025558792985975742
-11.093999862670898,17.246000289916992,1.0835970640182495,1.093088150024414,0.029767459258437157,0.16641075909137726,-0.34059861302375793,0.9098051190376282
-11.093999862670898,17.246000289916992,1.3767355680465698,1.3460218906402588,0.266162246465683,0.13339495658874512,-0.18669816851615906,0.08763892948627472
-11.093999862670898,18.246000289916992,1.0983432531356812,0.5420176386833191,0.11746729165315628,1.6032464504241943,-0.05563277751207352,0.023670466616749763
-11.093999862670898,18.246000289916992,1.0674363374710083,1.479793906211853,0.08464515954256058,0.14837758243083954,0.1472967118024826,0.9753051996231079
-11.093999862670898,18.246000289916992,1.3291348218917847,0.7306563854217529,0.30440258979797363,0.09670569747686386,-0.09898894280195236,0.001024340745061636
-11.093999862670898,19.246000289916992,0.8948172330856323,2.4896719455718994,0.11032663285732269,1.7168858051300049,0.16534389555454254,0.0073619713075459
-11.093999862670898,19.246000289916992,1.1145298480987549,1.314154863357544,0.11036809533834457,0.058994315564632416,-0.06129954010248184,0.9926286935806274
-11.093999862670898,19.246000289916992,1.0877652168273926,0.06484586000442505,0.3665044605731964,0.7607118487358093,0.06298482418060303,9.390908417117316e-06
-11.093999862670898,20.246000289916992,0.7614038586616516,2.544686794281006,0.061884503811597824,1.560859203338623,0.06563995033502579,0.008023515343666077
-11.093999862670898,20.246000289916992,1.0551971197128296,1.482657790184021,0.09502284973859787,0.0471380352973938,-0.17530903220176697,0.9919617772102356
-11.093999862670898,20.246000289916992,1.110947608947754,5.753769874572754,0.6357656121253967,1.184575080871582,0.1089550033211708,1.4700835890835151e-05
-11.093999862670898,21.246000289916992,0.7351948022842407,1.2480792999267578,0.045156653970479965,1.551011085510254,-0.10717537254095078,0.045717753469944
-11.093999862670898,21.246000289916992,0.9681497812271118,1.5351015329360962,0.0960765853524208,0.056962523609399796,-0.1700107902288437,0.9513872861862183
-11.093999862670898,21.246000289916992,1.0419776439666748,5.699527263641357,0.43546637892723083,0.47077658772468567,0.018421653658151627,0.0028950495179742575
-11.093999862670898,22.246000289916992,0.7126151323318481,0.13268403708934784,0.04902816563844681,1.404319405555725,-0.3112596273422241,0.030628489330410957
-11.093999862670898,22.246000289916992,0.9654613733291626,1.2980819940567017,0.08715926855802536,0.058718662708997726,-0.07679743319749832,0.9634806513786316
-11.093999862670898,22.246000289916992,1.052606225013733,5.939974784851074,0.4791525900363922,0.4887810945510864,-0.13869911432266235,0.005890897009521723
-11.093999862670898,23.246000289916992,0.7782328724861145,5.8784074783325195,0.07786936312913895,1.4294384717941284,-0.40072643756866455,0.010436255484819412
-11.093999862670898,23.246000289916992,1.056512713432312,1.2044357061386108,0.09706884622573853,0.06941782683134079,-0.028483524918556213,0.9843101501464844
-11.093999862670898,23.246000289916992,1.0508745908737183,5.824746131896973,0.45152518153190613,0.5180388689041138,-0.2824646234512329,0.0052535948343575
-10.093999862670898,-11.753999710083008,0.8415270447731018,0.8616703748703003,0.09188053011894226,1.4671322107315063,0.19036665558815002,0.14332883059978485
-10.093999862670898,-11.753999710083008,0.7365694046020508,4.45214319229126,0.031216207891702652,0.19538633525371552,0.05665607377886772,0.6291311383247375
-10.093999862670898,-11.753999710083008,0.8552970886230469,0.004562877118587494,0.06353182345628738,0.5092337131500244,0.047227680683135986,0.2275400310754776
-10.093999862670898,-10.753999710083008,0.6189686059951782,5.558925628662109,0.05967903509736061,1.7434911727905273,-0.06816203892230988,0.28811946511268616
-10.093999862670898,-10.753999710083008,0.5774198174476624,2.1247384548187256,0.040851738303899765,0.22522448003292084,0.0632706880569458,0.5021750926971436
-10.093999862670898,-10.753999710083008,0.639654278755188,4.345563888549805,0.026403259485960007,0.6077221632003784,0.09684088081121445,0.2097054272890091
-10.093999862670898,-9.753999710083008,0.6553347110748291,4.387847423553467,0.039505671709775925,1.037467122077942,-0.13439959287643433,0.36619552969932556
-10.093999862670898,-9.753999710083008,0.5846185088157654,1.6916334629058838,0.028538018465042114,0.2531995475292206,-0.19715949892997742,0.1955069750547409
-10.093999862670898,-9.753999710083008,0.6099498867988586,4.810886383056641,0.015824757516384125,0.7916744351387024,-0.015315268188714981,0.43829745054244995
-10.093999862670898,-8.753999710083008,0.8306300044059753,4.664827346801758,0.025042951107025146,1.3594880104064941,0.08841335028409958,0.6754275560379028
-10.093999862670898,-8.753999710083008,0.7702728509902954,1.7050350904464722,0.045040763914585114,0.36761215329170227,0.037013374269008636,0.29588091373443604
-10.093999862670898,-8.753999710083008,0.8376362919807434,4.942373275756836,0.049058496952056885,0.5403791069984436,0.06697924435138702,0.028691614046692848
-10.093999862670898,-7.754000186920166,0.7555937170982361,4.85423469543457,0.042491525411605835,1.8603448867797852,0.19188228249549866,0.4505104422569275
-10.093999862670898,-7.754000186920166,0.8059774041175842,3.6974709033966064,0.08010141551494598,1.3921425342559814,-0.07854195684194565,0.4038351774215698
-10.093999862670898,-7.754000186920166,0.9376606345176697,0.9175979495048523,0.058306094259023666,0.11823204904794693,-0.23784056305885315,0.1456543356180191
-10.093999862670898,-6.754000186920166,0.8494729995727539,6.041234970092773,0.056486018002033234,2.2300140857696533,0.14701782166957855,0.24683614075183868
-10.093999862670898,-6.754000186920166,0.8855637311935425,4.093381404876709,0.09019160270690918,0.2448669821023941,0.17577844858169556,0.4593934416770935
-10.093999862670898,-6.754000186920166,0.8827552199363708,1.1843405961990356,0.048083819448947906,0.19950127601623535,-0.22359763085842133,0.29377037286758423
-10.093999862670898,-5.754000186920166,0.9093884229660034,5.582522869110107,0.03589077293872833,1.587990641593933,0.030253451317548752,0.16319459676742554
-10.093999862670898,-5.754000186920166,0.9650617241859436,3.4616148471832275,0.07963074743747711,0.6254985928535461,0.04430965706706047,0.6940504908561707
-10.093999862670898,-5.754000186920166,0.9894559383392334,1.2178846597671509,0.1275234967470169,0.5994250178337097,-0.29291823506355286,0.142754927277565
-10.093999862670898,-4.754000186920166,0.9499473571777344,4.346053123474121,0.02637232467532158,1.595782995223999,0.12609092891216278,0.5300171375274658
-10.093999862670898,-4.754000186920166,0.9752631187438965,2.6708552837371826,0.06687900424003601,0.4510117173194885,0.12836240231990814,0.3782341778278351
-10.093999862670898,-4.754000186920166,0.99410480260849,0.25363975763320923,0.0353194884955883,0.09681523591279984,-0.11484142392873764,0.09174860268831253
-10.093999862670898,-3.753999948501587,1.0877394676208496,5.3696393966674805,0.0773027166724205,1.6007176637649536,0.06922689080238342,0.5294211506843567
-10.093999862670898,-3.753999948501587,0.965985894203186,3.3302154541015625,0.11833859235048294,0.9765846729278564,0.1456114947795868,0.27164971828460693
-10.093999862670898,-3.753999948501587,1.1666845083236694,0.3477592468261719,0.07817912846803665,0.02584766037762165,-0.1155402660369873,0.198929101228714
-10.093999862670898,-2.753999948501587,0.9426155090332031,5.27714204788208,0.035842414945364,1.4421824216842651,0.17109869420528412,0.793057918548584
-10.093999862670898,-2.753999948501587,0.9151836633682251,3.5114736557006836,0.08447572588920593,0.6803076267242432,0.14854571223258972,0.10713893920183182
-10.093999862670898,-2.753999948501587,1.1494005918502808,0.24575838446617126,0.07319731265306473,0.01690545119345188,-0.04650724306702614,0.09980315715074539
-10.093999862670898,-1.753999948501587,0.9677869081497192,5.125792503356934,0.028127487748861313,0.7179566621780396,-0.06602112203836441,0.6259716749191284
-10.093999862670898,-1.753999948501587,0.9605885148048401,2.29414963722229,0.10634677857160568,0.6233250498771667,0.1383901685476303,0.2874949276447296
-10.093999862670898,-1.753999948501587,1.0116428136825562,5.998698711395264,0.05669690668582916,0.13040608167648315,-0.07475191354751587,0.08653340488672256
-10.093999862670898,-0.7540000081062317,1.015160322189331,4.898801326751709,0.0430726557970047,1.4814270734786987,0.06612597405910492,0.7696115970611572
-10.093999862670898,-0.7540000081062317,1.1544901132583618,2.667654275894165,0.1800430715084076,0.431424617767334,0.2410888522863388,0.1960987001657486
-10.093999862670898,-0.7540000081062317,0.9501484632492065,6.143513202667236,0.052497223019599915,0.09537135809659958,-0.060986608266830444,0.03428959846496582
-10.093999862670898,0.2460000067949295,0.9445754289627075,4.6971211433410645,0.08224796503782272,1.4123202562332153,-0.09323015064001083,0.3599441349506378
-10.093999862670898,0.2460000067949295,0.7125536203384399,1.5751370191574097,0.0698898509144783,1.6378452777862549,0.043115485459566116,0.10964994132518768
-10.093999862670898,0.2460000067949295,0.667609453201294,6.185813903808594,0.011912395246326923,0.22948125004768372,-0.0464874692261219,0.5304059386253357
-10.093999862670898,1.246000051498413,1.0653727054595947,0.07977745682001114,0.2741432189941406,1.2880902290344238,-0.02440003678202629,0.27439233660697937
-10.093999862670898,1.246000051498413,0.7026748657226562,2.871089458465576,0.053467750549316406,0.9303675889968872,0.06122270226478577,0.3342830240726471
-10.093999862670898,1.246000051498413,0.6044856309890747,6.1166605949401855,0.01549273356795311,0.15731729567050934,0.017211658880114555,0.39132460951805115
-10.093999862670898,2.246000051498413,0.9751135110855103,4.9359846115112305,0.08135171234607697,2.375485420227051,0.11025766283273697,0.33552420139312744
-10.093999862670898,2.246000051498413,1.0905861854553223,3.066812753677368,0.09295491874217987,0.06150072440505028,0.018955694511532784,0.4648802578449249
-10.093999862670898,2.246000051498413,1.1585673093795776,6.246533393859863,0.0645756870508194,0.020031170919537544,0.06157148629426956,0.19959551095962524
-10.093999862670898,3.246000051498413,0.9576335549354553,4.191163539886475,0.13916702568531036,2.063554286956787,0.03457402437925339,0.13713642954826355
-10.093999862670898,3.246000051498413,1.1672195196151733,2.9400384426116943,0.0963679626584053,0.05028816685080528,0.017215881496667862,0.5037145614624023
-10.093999862670898,3.246000051498413,1.1293823719024658,6.178904056549072,0.05554487928748131,0.023019934073090553,-0.048466458916664124,0.3591490685939789
-10.093999862670898,4.245999813079834,0.9406867027282715,4.555514335632324,0.07280223071575165,1.7032030820846558,0.041197992861270905,0.43085795640945435
-10.093999862670898,4.245999813079834,1.0746053457260132,2.929884910583496,0.07595722377300262,0.07883293926715851,0.13192403316497803,0.3724253177642822
-10.093999862670898,4.245999813079834,1.1150507926940918,6.192647933959961,0.0578775592148304,0.027848372235894203,-0.039865754544734955,0.19671671092510223
-10.093999862670898,5.245999813079834,1.0010900497436523,5.304154872894287,0.09407456964254379,1.527146339416504,0.0666109174489975,0.45899248123168945
-10.093999862670898,5.245999813079834,1.0323375463485718,3.0106523036956787,0.08823942393064499,0.17769445478916168,0.1821790486574173,0.32393887639045715
-10.093999862670898,5.245999813079834,0.9958595633506775,6.14180326461792,0.052114587277173996,0.04517866671085358,0.024662764742970467,0.21706867218017578
-10.093999862670898,6.245999813079834,0.9789914488792419,4.888019561767578,0.06879207491874695,1.4053022861480713,0.08129794150590897,0.536751925945282
-10.093999862670898,6.245999813079834,1.1045693159103394,2.974139451980591,0.12844833731651306,0.20299668610095978,0.13083341717720032,0.35954171419143677
-10.093999862670898,6.245999813079834,0.9788617491722107,6.20770788192749,0.060292620211839676,0.12065046280622482,-0.006625795736908913,0.10370640456676483
-10.093999862670898,7.245999813079834,0.9636967182159424,4.152009963989258,0.04445510357618332,0.6412199139595032,0.2762405574321747,0.559579610824585
-10.093999862670898,7.245999813079834,0.9078370332717896,2.4599175453186035,0.07532359659671783,1.3007229566574097,0.01371873077005148,0.2930420935153961
-10.093999862670898,7.245999813079834,0.8319266438484192,6.101449966430664,0.04124831035733223,0.17108288407325745,0.07865507155656815,0.14737820625305176
-10.093999862670898,8.246000289916992,0.9636104702949524,5.060452461242676,0.04518726095557213,1.5314831733703613,0.05602683126926422,0.44721630215644836
-10.093999862670898,8.246000289916992,0.9317119121551514,2.3766679763793945,0.11494755744934082,0.341291606426239,0.0675886794924736,0.29454505443573
-10.093999862670898,8.246000289916992,0.8433730006217957,5.347644805908203,0.04246068745851517,0.21191541850566864,0.03716937080025673,0.25823861360549927
-10.093999862670898,9.246000289916992,0.9876712560653687,5.689427375793457,0.06513021886348724,1.6421451568603516,-0.07788316160440445,0.4418255090713501
-10.093999862670898,9.246000289916992,1.0769394636154175,2.372486114501953,0.07534243911504745,0.03410344198346138,0.1273384541273117,0.41381293535232544
-10.093999862670898,9.246000289916992,1.0067790746688843,5.4051594734191895,0.05516022443771362,0.07612087577581406,0.059436146169900894,0.14436154067516327
-10.093999862670898,10.246000289916992,0.9792810082435608,0.7200244665145874,0.07084383070468903,1.9293222427368164,-0.10456401854753494,0.3289182186126709
-10.093999862670898,10.246000289916992,1.0829312801361084,2.246663808822632,0.06328505277633667,0.03836118057370186,0.24754898250102997,0.3967583179473877
-10.093999862670898,10.246000289916992,1.0617750883102417,5.077353000640869,0.06030535697937012,0.07509522140026093,0.1520214080810547,0.2743234634399414
-10.093999862670898,11.246000289916992,1.0057508945465088,5.096795082092285,0.07694847136735916,1.5167696475982666,-0.0063444627448916435,0.1486312597990036
-10.093999862670898,11.246000289916992,1.1240549087524414,2.103487253189087,0.08962514251470566,0.05048157274723053,0.22708210349082947,0.4247381389141083
-10.093999862670898,11.246000289916992,1.058058738708496,4.878366947174072,0.05540056154131889,0.08093234151601791,0.15049396455287933,0.4266306161880493
-10.093999862670898,12.246000289916992,1.0546835660934448,5.925115585327148,0.11895352602005005,1.342520833015442,0.04113839939236641,0.07195218652486801
-10.093999862670898,12.246000289916992,1.057725191116333,1.7931149005889893,0.09754851460456848,0.03954141214489937,0.14023558795452118,0.44344770908355713
-10.093999862670898,12.246000289916992,0.9060075283050537,4.575596809387207,0.03457479923963547,0.08463442325592041,0.17586402595043182,0.48460009694099426
-10.093999862670898,13.246000289916992,0.813310980796814,0.20554223656654358,0.07415144890546799,1.0458623170852661,-0.11713848263025284,0.14666862785816193
-10.093999862670898,13.246000289916992,1.0083000659942627,1.5703603029251099,0.06814903765916824,0.032617855817079544,0.19390641152858734,0.8311267495155334
-10.093999862670898,13.246000289916992,1.1133073568344116,6.206174850463867,0.2680419981479645,0.18751421570777893,0.06510178744792938,0.022204628214240074
-10.093999862670898,14.246000289916992,1.1181631088256836,0.7135679125785828,0.3258397579193115,0.9064796566963196,0.2895527184009552,0.08550039678812027
-10.093999862670898,14.246000289916992,0.8270522952079773,1.468057632446289,0.029921365901827812,0.06886112689971924,0.04905307665467262,0.8288318514823914
-10.093999862670898,14.246000289916992,0.9590442776679993,1.4981540441513062,0.09885966032743454,0.10573332011699677,-0.010921756736934185,0.08566775172948837
-10.093999862670898,15.246000289916992,1.0166947841644287,0.005194241646677256,0.2665331959724426,0.8857477307319641,0.07377994060516357,0.05640743672847748
-10.093999862670898,15.246000289916992,0.9068654179573059,1.4257495403289795,0.03191867843270302,0.03168211504817009,-0.20426461100578308,0.755368709564209
-10.093999862670898,15.246000289916992,1.0491137504577637,1.144987940788269,0.14332252740859985,0.1436244398355484,-0.09801153838634491,0.18822389841079712
-10.093999862670898,16.246000289916992,1.0538791418075562,6.152369976043701,0.13032032549381256,0.9811080694198608,0.1851634830236435,0.09505552798509598
-10.093999862670898,16.246000289916992,1.0627317428588867,1.2203298807144165,0.05723812058568001,0.05332252383232117,-0.19186384975910187,0.9042408466339111
-10.093999862670898,16.246000289916992,1.176335334777832,0.5862048864364624,0.43097439408302307,0.7140065431594849,0.12662993371486664,0.0007037091418169439
-10.093999862670898,17.246000289916992,0.959379255771637,6.2097883224487305,0.19491955637931824,0.7554216384887695,0.2864099442958832,0.0413186177611351
-10.093999862670898,17.246000289916992,1.0310429334640503,0.9741189479827881,0.06534324586391449,0.10175175964832306,-0.2868596017360687,0.9511571526527405
-10.093999862670898,17.246000289916992,1.0581824779510498,0.21781790256500244,0.28238898515701294,0.36332905292510986,0.0769466757774353,0.007524271495640278
-10.093999862670898,18.246000289916992,0.9493441581726074,2.318436622619629,0.10933294892311096,0.9296238422393799,0.13000664114952087,0.01977756805717945
-10.093999862670898,18.246000289916992,1.0697081089019775,1.1187996864318848,0.12215673178434372,0.12150874733924866,-0.32908934354782104,0.9801462292671204
-10.093999862670898,18.246000289916992,1.0756160020828247,0.024830590933561325,0.6533856391906738,1.2382681369781494,0.13570459187030792,7.620380347361788e-05
-10.093999862670898,19.246000289916992,0.7322605848312378,0.9516900777816772,0.07064032554626465,1.1374231576919556,0.056572701781988144,0.01613089255988598
-10.093999862670898,19.246000289916992,0.9578915238380432,1.1993838548660278,0.08006991446018219,0.09433344751596451,-0.0030074967071413994,0.9831190705299377
-10.093999862670898,19.246000289916992,1.1540606021881104,0.3744370639324188,0.5579165816307068,0.32463815808296204,0.1738954484462738,0.0007500163628719747
-10.093999862670898,20.246000289916992,0.7167383432388306,4.622094631195068,0.06458086520433426,0.7747719883918762,-0.11606118828058243,0.07766762375831604
-10.093999862670898,20.246000289916992,0.974287211894989,1.465125322341919,0.11429309099912643,0.0663398802280426,-0.06593833118677139,0.8842850923538208
-10.093999862670898,20.246000289916992,1.1275657415390015,0.06013069674372673,0.7325204610824585,0.33347800374031067,0.26126202940940857,0.03804726526141167
-10.093999862670898,21.246000289916992,0.9683147072792053,2.0737061500549316,0.6255804896354675,1.0870554447174072,-0.1164252832531929,0.0012761455727741122
-10.093999862670898,21.246000289916992,0.9802200794219971,1.423548698425293,0.0770949199795723,0.05859445035457611,-0.042318180203437805,0.957831621170044
-10.093999862670898,21.246000289916992,1.0388820171356201,6.165170669555664,0.5148789286613464,0.4305287301540375,0.09890460222959518,0.04089227318763733
-10.093999862670898,22.246000289916992,1.2126257419586182,1.3586444854736328,4.230428218841553,2.6336593627929688,-0.10944143682718277,6.310687604127452e-05
-10.093999862670898,22.246000289916992,0.932878851890564,1.6518601179122925,0.06434675306081772,0.08388618379831314,0.00419712346047163,0.9832355976104736
-10.093999862670898,22.246000289916992,0.9394893646240234,5.790145397186279,0.17591767013072968,0.2335388958454132,-0.20564383268356323,0.016701363027095795
-10.093999862670898,23.246000289916992,1.3282971382141113,5.599982738494873,13.069765090942383,3.8323380947113037,-0.1052377000451088,9.899440556182526e-06
-10.093999862670898,23.246000289916992,0.9327453374862671,1.793294906616211,0.055669184774160385,0.10378255695104599,-0.0332094207406044,0.988961398601532
-10.093999862670898,23.246000289916992,0.9436662793159485,5.485813140869141,0.1223420724272728,0.18459086120128632,-0.36457425355911255,0.011028742417693138
-9.093999862670898,-11.753999710083008,0.8117600083351135,2.9914536476135254,0.058448225259780884,0.7660648822784424,-0.002593949204310775,0.059642769396305084
-9.093999862670898,-11.753999710083008,0.7535423636436462,3.8158512115478516,0.05926923081278801,2.0366616249084473,0.009400967508554459,0.3411262035369873
-9.093999862670898,-11.753999710083008,0.9597489237785339,0.675663411617279,0.07369959354400635,0.26767298579216003,-0.14225733280181885,0.5992310643196106
-9.093999862670898,-10.753999710083008,0.5962883234024048,4.357398986816406,0.06044328212738037,1.0970181226730347,0.014261205680668354,0.12493469566106796
-9.093999862670898,-10.753999710083008,0.512054979801178,1.8982168436050415,0.033210597932338715,1.0209845304489136,-0.05779236927628517,0.1212555542588234
-9.093999862670898,-10.753999710083008,0.6029400825500488,4.338559150695801,0.014253797009587288,0.5612860321998596,0.08036152273416519,0.7538098096847534
-9.093999862670898,-9.753999710083008,0.6921356916427612,4.7768707275390625,0.06723903864622116,1.1092432737350464,0.0691223293542862,0.1255248486995697
-9.093999862670898,-9.753999710083008,0.5933678150177002,1.5126826763153076,0.03330634534358978,0.5205627083778381,0.04158521071076393,0.10298197716474533
-9.093999862670898,-9.753999710083008,0.6033750772476196,5.191984176635742,0.01410826575011015,0.5090567469596863,-0.06299777328968048,0.7714932560920715
-9.093999862670898,-8.753999710083008,0.9240029454231262,4.5948967933654785,0.08386760205030441,1.0736424922943115,-0.009238671511411667,0.23343326151371002
-9.093999862670898,-8.753999710083008,0.7683292627334595,1.2914308309555054,0.035988274961709976,0.3900640308856964,0.11054164916276932,0.3377860188484192
-9.093999862670898,-8.753999710083008,0.7812718152999878,4.771913528442383,0.017387282103300095,0.2477271854877472,0.1175096333026886,0.428780734539032
-9.093999862670898,-7.754000186920166,0.9326631426811218,1.5096359252929688,0.27173730731010437,2.2014243602752686,0.15399736166000366,0.04598379507660866
-9.093999862670898,-7.754000186920166,0.6803207397460938,4.187766075134277,0.050545834004879,0.8863434791564941,-0.036973986774683,0.7990216612815857
-9.093999862670898,-7.754000186920166,0.8082742094993591,1.2298696041107178,0.05918185040354729,0.4916394352912903,-0.28781455755233765,0.15499460697174072
-9.093999862670898,-6.754000186920166,0.8711994290351868,2.735888719558716,0.04496948421001434,1.4863932132720947,0.0595969595015049,0.20039774477481842
-9.093999862670898,-6.754000186920166,0.8940114974975586,4.0764079093933105,0.09087302535772324,0.24164125323295593,0.04725612699985504,0.2188287079334259
-9.093999862670898,-6.754000186920166,0.8426941633224487,1.1789332628250122,0.03877770155668259,0.5171347856521606,-0.18178875744342804,0.5807735919952393
-9.093999862670898,-5.754000186920166,0.8079143762588501,5.8701324462890625,0.021593928337097168,1.4367907047271729,0.10248708724975586,0.25048232078552246
-9.093999862670898,-5.754000186920166,0.9934992790222168,4.049946308135986,0.10866513103246689,0.7781606912612915,0.03249724954366684,0.315534770488739
-9.093999862670898,-5.754000186920166,1.0183719396591187,0.9353893399238586,0.06812173128128052,0.232491597533226,-0.2526704967021942,0.4339829385280609
-9.093999862670898,-4.754000186920166,0.9777097702026367,0.3690294921398163,0.032795388251543045,1.4899747371673584,0.12785620987415314,0.546572744846344
-9.093999862670898,-4.754000186920166,1.0204442739486694,3.777505874633789,0.0730796754360199,0.4338783621788025,0.12314902245998383,0.3512215316295624
-9.093999862670898,-4.754000186920166,1.0766258239746094,0.5757245421409607,0.05322685465216637,0.04281770437955856,-0.13171902298927307,0.10220571607351303
-9.093999862670898,-3.753999948501587,1.1092064380645752,4.219773292541504,0.09501593559980392,1.3505862951278687,0.17852632701396942,0.3268475830554962
-9.093999862670898,-3.753999948501587,0.7506623268127441,3.051034927368164,0.07506808638572693,2.2699434757232666,0.34873825311660767,0.39484965801239014
-9.093999862670898,-3.753999948501587,0.9411022067070007,0.5049830675125122,0.07333219796419144,0.18263942003250122,-0.07129885256290436,0.27830272912979126
-9.093999862670898,-2.753999948501587,0.9846934080123901,6.061675071716309,0.06414340436458588,1.7398344278335571,0.15925998985767365,0.7091807126998901
-9.093999862670898,-2.753999948501587,0.884282112121582,3.4061176776885986,0.06249573826789856,0.5686497092247009,0.1837625801563263,0.2181912213563919
-9.093999862670898,-2.753999948501587,1.2374699115753174,0.11258446425199509,0.08577513694763184,0.01558847539126873,0.06537892669439316,0.07262809574604034
-9.093999862670898,-1.753999948501587,0.9566636681556702,4.87363862991333,0.052507225424051285,1.480326771736145,0.1684713363647461,0.53049635887146
-9.093999862670898,-1.753999948501587,1.1033267974853516,2.7940659523010254,0.19247004389762878,0.7843387722969055,0.06415899097919464,0.27499768137931824
-9.093999862670898,-1.753999948501587,1.096125602722168,6.182601451873779,0.04729590564966202,0.046319812536239624,-0.051658645272254944,0.194505974650383
-9.093999862670898,-0.7540000081062317,0.9703282713890076,5.183445453643799,0.036417435854673386,1.0348575115203857,0.1453184336423874,0.5668725371360779
-9.093999862670898,-0.7540000081062317,1.104634404182434,2.671128034591675,0.1361510455608368,0.38387760519981384,0.3337780833244324,0.3171117901802063
-9.093999862670898,-0.7540000081062317,0.981150209903717,5.829590797424316,0.05410386621952057,0.06695254892110825,0.02304898202419281,0.11601565778255463
-9.093999862670898,0.2460000067949295,1.0838470458984375,5.323676109313965,0.06308151036500931,1.0510023832321167,-0.16030262410640717,0.5525894165039062
-9.093999862670898,0.2460000067949295,0.9508444666862488,1.2438058853149414,0.08170787990093231,0.4345608353614807,0.1079629436135292,0.21872979402542114
-9.093999862670898,0.2460000067949295,0.8546487092971802,5.355806827545166,0.038506556302309036,0.6135447025299072,0.09690209478139877,0.2286808341741562
-9.093999862670898,1.246000051498413,0.8726337552070618,4.920370101928711,0.06641644239425659,2.5088958740234375,0.18438158929347992,0.2635490298271179
-9.093999862670898,1.246000051498413,0.7514619827270508,2.929882287979126,0.11178332567214966,0.9639059901237488,0.32893994450569153,0.5954157114028931
-9.093999862670898,1.246000051498413,0.794137716293335,0.49795952439308167,0.10221117734909058,0.09913019090890884,0.04130709916353226,0.1410352736711502
-9.093999862670898,2.246000051498413,0.8715789914131165,5.884747505187988,0.04099567234516144,2.508648633956909,0.09608255326747894,0.35339993238449097
-9.093999862670898,2.246000051498413,1.1795601844787598,3.1375725269317627,0.09678100794553757,0.06982915848493576,-0.0030092301312834024,0.4719820022583008
-9.093999862670898,2.246000051498413,1.1701899766921997,6.210633277893066,0.062140222638845444,0.024341458454728127,0.1222870945930481,0.17461806535720825
-9.093999862670898,3.246000051498413,0.9020465016365051,5.184765815734863,0.08519864827394485,1.5688883066177368,0.011239280924201012,0.19254198670387268
-9.093999862670898,3.246000051498413,1.1889557838439941,2.978421926498413,0.19661127030849457,0.07640542834997177,-0.00018630489648785442,0.36160486936569214
-9.093999862670898,3.246000051498413,1.1056060791015625,6.23338508605957,0.059306349605321884,0.01859922520816326,-0.11323517560958862,0.4458531141281128
-9.093999862670898,4.245999813079834,0.932918906211853,5.745311260223389,0.07829059660434723,1.5568679571151733,-0.012717110104858875,0.4080125689506531
-9.093999862670898,4.245999813079834,1.0581543445587158,3.071950912475586,0.07915487885475159,0.1488642692565918,0.04920616373419762,0.4109964966773987
-9.093999862670898,4.245999813079834,1.1482605934143066,6.2153639793396,0.06618281453847885,0.033486414700746536,-0.09944448620080948,0.18099090456962585
-9.093999862670898,5.245999813079834,1.0030193328857422,4.898728370666504,0.15840838849544525,1.7979241609573364,0.10960975289344788,0.26940441131591797
-9.093999862670898,5.245999813079834,1.0460152626037598,2.9930381774902344,0.10173972696065903,0.19011329114437103,0.060548968613147736,0.3862707316875458
-9.093999862670898,5.245999813079834,0.9423304200172424,6.121702194213867,0.04672231897711754,0.04615868255496025,0.060759007930755615,0.34432491660118103
-9.093999862670898,6.245999813079834,0.9687591791152954,3.9864485263824463,0.07846889644861221,1.5440579652786255,0.05047673359513283,0.44334664940834045
-9.093999862670898,6.245999813079834,1.181630253791809,2.901780128479004,0.1477917581796646,0.18094108998775482,0.1341344565153122,0.4030122756958008
-9.093999862670898,6.245999813079834,0.9230737090110779,6.164849758148193,0.06631135195493698,0.22279319167137146,-0.040167827159166336,0.15364104509353638
-9.093999862670898,7.245999813079834,0.9223259091377258,5.82708215713501,0.03897492587566376,0.8602175116539001,0.12356574833393097,0.32892897725105286
-9.093999862670898,7.245999813079834,0.8976176381111145,2.3329694271087646,0.05687198415398598,0.26870810985565186,0.27045539021492004,0.507784366607666
-9.093999862670898,7.245999813079834,0.9103317260742188,5.42016077041626,0.04707760736346245,0.18876294791698456,0.14832009375095367,0.16328662633895874
-9.093999862670898,8.246000289916992,0.8822693824768066,5.208889484405518,0.04562588781118393,1.208870768547058,0.03085240162909031,0.38239946961402893
-9.093999862670898,8.246000289916992,1.046500325202942,2.389043092727661,0.09447617083787918,0.05526347830891609,0.04036411643028259,0.3519763648509979
-9.093999862670898,8.246000289916992,0.9794443845748901,5.5633039474487305,0.0540168397128582,0.050635695457458496,0.0779668465256691,0.26562410593032837
-9.093999862670898,9.246000289916992,0.9354223608970642,3.5180482864379883,0.07620508968830109,1.22015380859375,0.0013322363374754786,0.38422656059265137
-9.093999862670898,9.246000289916992,1.0483522415161133,2.346264362335205,0.05999506264925003,0.030917208641767502,0.027934666723012924,0.4394117593765259
-9.093999862670898,9.246000289916992,1.0763697624206543,5.516057968139648,0.06075866147875786,0.04056163132190704,0.0006710604066029191,0.17636169493198395
-9.093999862670898,10.246000289916992,0.9125571846961975,5.622633934020996,0.037350255995988846,1.3402619361877441,0.023956799879670143,0.41160574555397034
-9.093999862670898,10.246000289916992,1.0041640996932983,2.2928049564361572,0.06681929528713226,0.16177549958229065,0.12644436955451965,0.4104575514793396
-9.093999862670898,10.246000289916992,1.2596417665481567,5.538935661315918,0.09136804938316345,0.048328474164009094,0.04416041076183319,0.17793667316436768
-9.093999862670898,11.246000289916992,0.9998378753662109,0.32552599906921387,0.04349600896239281,0.6048306226730347,0.017409473657608032,0.25370457768440247
-9.093999862670898,11.246000289916992,0.9477170705795288,0.9975433349609375,0.08073880523443222,0.5413143038749695,0.19715702533721924,0.3698803186416626
-9.093999862670898,11.246000289916992,0.945667564868927,0.19641122221946716,0.05019336938858032,0.09983345866203308,0.11344648897647858,0.37641507387161255
-9.093999862670898,12.246000289916992,0.8504117131233215,2.674119234085083,0.05001077428460121,0.4521358013153076,0.1155470684170723,0.021148886531591415
-9.093999862670898,12.246000289916992,0.6573840379714966,0.9657450914382935,0.042516496032476425,0.1348244696855545,0.13512542843818665,0.9780932664871216
-9.093999862670898,12.246000289916992,0.9141024947166443,4.914894104003906,0.4064117968082428,0.8156046271324158,0.15282459557056427,0.0007578504737466574
-9.093999862670898,13.246000289916992,0.6408100724220276,5.766733646392822,0.0377858430147171,0.7358101010322571,-0.12580683827400208,0.2568044066429138
-9.093999862670898,13.246000289916992,0.7528908848762512,0.7630574107170105,0.04575987160205841,0.09631159156560898,0.24813389778137207,0.5745980739593506
-9.093999862670898,13.246000289916992,0.8584612607955933,0.7665207386016846,0.22365842759609222,0.11606545746326447,-0.04910733923316002,0.1685975193977356
-9.093999862670898,14.246000289916992,1.0270347595214844,0.09919481724500656,0.16117382049560547,0.747355043888092,0.06042021885514259,0.120317742228508
-9.093999862670898,14.246000289916992,0.9000267386436462,1.1524109840393066,0.05242857709527016,0.07144256681203842,-0.04024536535143852,0.48038408160209656
-9.093999862670898,14.246000289916992,0.9643625020980835,0.9062256813049316,0.07825376093387604,0.21486236155033112,-0.015003649517893791,0.39929819107055664
-9.093999862670898,15.246000289916992,1.0437817573547363,0.7269497513771057,0.12025517970323563,0.6058821082115173,-0.09597843140363693,0.3093068599700928
-9.093999862670898,15.246000289916992,0.9626860618591309,1.1568472385406494,0.058097437024116516,0.07354424893856049,-0.17892393469810486,0.45113512873649597
-9.093999862670898,15.246000289916992,1.0735876560211182,0.7956979870796204,0.1862613558769226,0.4488978683948517,-0.028247864916920662,0.23955798149108887
-9.093999862670898,16.246000289916992,1.203685998916626,5.656869411468506,0.3055964410305023,1.5816553831100464,0.22847941517829895,0.09820278733968735
-9.093999862670898,16.246000289916992,1.0046063661575317,1.2591755390167236,0.0481141172349453,0.09613636881113052,-0.0704018622636795,0.8909060955047607
-9.093999862670898,16.246000289916992,1.1462489366531372,1.0875674486160278,0.21406209468841553,0.13401596248149872,0.06062000244855881,0.010891090147197247
-9.093999862670898,17.246000289916992,0.9052363038063049,0.4066190719604492,0.1919572800397873,0.8828213214874268,-0.010444385930895805,0.006754119880497456
-9.093999862670898,17.246000289916992,1.1293015480041504,0.9787402749061584,0.061624545603990555,0.03930667042732239,-0.08107322454452515,0.9927654266357422
-9.093999862670898,17.246000289916992,1.1233656406402588,5.811438083648682,0.49856236577033997,0.6835193634033203,0.33417657017707825,0.00048032248741947114
-9.093999862670898,18.246000289916992,0.7254970669746399,2.5004208087921143,0.025903819128870964,0.7486789226531982,-0.18638400733470917,0.08024003356695175
-9.093999862670898,18.246000289916992,1.1693403720855713,0.9681947231292725,0.16758613288402557,0.06976321339607239,-0.29624903202056885,0.9196489453315735
-9.093999862670898,18.246000289916992,1.2088712453842163,0.4603627622127533,1.0565277338027954,1.7056928873062134,0.1512155383825302,0.00011110625928267837
-9.093999862670898,19.246000289916992,0.6359761953353882,0.8004183173179626,0.018699869513511658,0.8271198272705078,-0.19172392785549164,0.19556424021720886
-9.093999862670898,19.246000289916992,1.0628138780593872,0.9655119776725769,0.10790098458528519,0.10498583316802979,-0.24835336208343506,0.7236248254776001
-9.093999862670898,19.246000289916992,1.2597404718399048,0.7507626414299011,0.7708762288093567,0.5004037022590637,-0.05593523383140564,0.08081087470054626
-9.093999862670898,20.246000289916992,0.6627354621887207,2.3321056365966797,0.03580595180392265,0.39192789793014526,-0.05865224823355675,0.2588038742542267
-9.093999862670898,20.246000289916992,0.9907374382019043,1.2360013723373413,0.13713078200817108,0.09905193746089935,-0.20005430281162262,0.6986845135688782
-9.093999862670898,20.246000289916992,1.0979989767074585,6.1908440589904785,1.0616896152496338,1.8841171264648438,0.2898225784301758,0.04251166433095932
-9.093999862670898,21.246000289916992,1.0296125411987305,1.917994499206543,0.34783706068992615,0.8516412377357483,-0.038083624094724655,0.0015781737165525556
-9.093999862670898,21.246000289916992,0.9847689270973206,1.4309545755386353,0.08159244060516357,0.11338526755571365,0.20286428928375244,0.9906602501869202
-9.093999862670898,21.246000289916992,0.8868345022201538,5.986227035522461,0.2602798640727997,0.8328487873077393,0.18961578607559204,0.00776165584102273
-9.093999862670898,22.246000289916992,0.9913100600242615,0.8089256286621094,0.19322137534618378,0.9185981750488281,-0.017764681950211525,0.0009563215426169336
-9.093999862670898,22.246000289916992,0.9418056011199951,1.6973798274993896,0.09501994401216507,0.10402441024780273,0.09277275204658508,0.9966877102851868
-9.093999862670898,22.246000289916992,0.7708387970924377,5.414029598236084,0.12521088123321533,0.9276521801948547,0.06587157398462296,0.0023560195695608854
-9.093999862670898,23.246000289916992,1.00325608253479,1.3900446891784668,0.15140056610107422,1.271098256111145,-0.09482134878635406,0.00011015205382136628
-9.093999862670898,23.246000289916992,0.9238832592964172,1.798171877861023,0.09757186472415924,0.1297670155763626,0.08274967223405838,0.999548614025116
-9.093999862670898,23.246000289916992,0.7669224739074707,5.072038173675537,0.09607388079166412,0.7867338061332703,-0.039372969418764114,0.0003413033555261791
-8.093999862670898,-11.753999710083008,0.7108533382415771,2.3084475994110107,0.08309909701347351,1.2291454076766968,-0.024989549070596695,0.2387566864490509
-8.093999862670898,-11.753999710083008,0.5420992970466614,2.485485792160034,0.03961591050028801,0.48931756615638733,-0.059261634945869446,0.40009406208992004
-8.093999862670898,-11.753999710083008,0.7432001829147339,6.261435508728027,0.06684628874063492,0.40294378995895386,0.002299560932442546,0.36114928126335144
-8.093999862670898,-10.753999710083008,0.5239922404289246,4.0762739181518555,0.0346665196120739,2.3619823455810547,0.049663837999105453,0.1408890038728714
-8.093999862670898,-10.753999710083008,0.5174877643585205,1.852394700050354,0.013938927091658115,0.29993680119514465,-0.041028574109077454,0.45668885111808777
-8.093999862670898,-10.753999710083008,0.5935247540473938,4.620189666748047,0.008979150094091892,0.31834936141967773,0.057588428258895874,0.40242207050323486
-8.093999862670898,-9.753999710083008,0.7465125918388367,5.35030460357666,0.07405750453472137,1.364662766456604,0.0026198981795459986,0.14976711571216583
-8.093999862670898,-9.753999710083008,0.577836275100708,2.028693199157715,0.024232644587755203,0.4153164029121399,-0.056978173553943634,0.3099924325942993
-8.093999862670898,-9.753999710083008,0.6755462884902954,5.307932376861572,0.021379757672548294,0.46771666407585144,-0.034120213240385056,0.540240466594696
-8.093999862670898,-8.753999710083008,0.678557276725769,6.138339996337891,0.03137165680527687,0.8297207355499268,-0.14633063971996307,0.7885317206382751
-8.093999862670898,-8.753999710083008,0.6653143763542175,2.3942763805389404,0.07510199397802353,0.38519275188446045,0.1272880733013153,0.11122439056634903
-8.093999862670898,-8.753999710083008,0.6716031432151794,4.604635715484619,0.027282806113362312,0.3418237566947937,0.1256500631570816,0.10024386644363403
-8.093999862670898,-7.754000186920166,0.7557589411735535,1.1023409366607666,0.14220644533634186,2.024829864501953,-0.04272374138236046,0.08494164794683456
-8.093999862670898,-7.754000186920166,0.5842204689979553,3.8958740234375,0.024380721151828766,0.764487624168396,-0.02343849651515484,0.5753417611122131
-8.093999862670898,-7.754000186920166,0.6850800514221191,1.5845327377319336,0.019676055759191513,0.3060092329978943,-0.3127354681491852,0.3397165834903717
-8.093999862670898,-6.754000186920166,0.8224149942398071,2.0646026134490967,0.06701747328042984,1.5020723342895508,0.05634527653455734,0.16627489030361176
-8.093999862670898,-6.754000186920166,0.7240153551101685,3.676741361618042,0.08012628555297852,0.5290919542312622,-0.05177270621061325,0.14483524858951569
-8.093999862670898,-6.754000186920166,0.7000463604927063,0.11341623961925507,0.029933923855423927,0.6892537474632263,-0.017242033034563065,0.6888898015022278
-8.093999862670898,-5.754000186920166,0.7166374921798706,6.021080017089844,0.02085874043405056,1.6552448272705078,0.063115693628788,0.3409089148044586
-8.093999862670898,-5.754000186920166,1.0332385301589966,3.8338756561279297,0.10716190934181213,0.2570151090621948,0.08978652954101562,0.5336145162582397
-8.093999862670898,-5.754000186920166,1.1115562915802002,0.48877307772636414,0.09053631126880646,0.09167278558015823,-0.02289404533803463,0.12547659873962402
-8.093999862670898,-4.754000186920166,0.8694296479225159,0.8890387415885925,0.048097532242536545,1.7905993461608887,0.12409484386444092,0.5590370893478394
-8.093999862670898,-4.754000186920166,0.9385309219360352,3.9002246856689453,0.09789365530014038,0.16056714951992035,0.02103741094470024,0.3406996726989746
-8.093999862670898,-4.754000186920166,0.9740403294563293,0.6358901262283325,0.07270051538944244,0.08506564050912857,-0.1692734807729721,0.10026316344738007
-8.093999862670898,-3.753999948501587,0.8500858545303345,6.156520843505859,0.036569930613040924,1.6747301816940308,0.06030905246734619,0.5221298933029175
-8.093999862670898,-3.753999948501587,0.8041199445724487,3.487442970275879,0.07405072450637817,0.3819902539253235,0.25516143441200256,0.3231934905052185
-8.093999862670898,-3.753999948501587,1.0856716632843018,0.6013782024383545,0.08115491271018982,0.08414802700281143,-0.16627533733844757,0.1546766310930252
-8.093999862670898,-2.753999948501587,0.9714149832725525,5.686671733856201,0.08536012470722198,1.7625069618225098,0.12785369157791138,0.5534085631370544
-8.093999862670898,-2.753999948501587,0.9065770506858826,3.402981758117676,0.0617072619497776,0.39036279916763306,0.11822812259197235,0.3307671546936035
-8.093999862670898,-2.753999948501587,1.2413480281829834,0.1244095116853714,0.08566714823246002,0.021221008151769638,0.038586948066949844,0.11582428216934204
-8.093999862670898,-1.753999948501587,0.769559919834137,5.405970573425293,0.03321899101138115,1.6051230430603027,0.12215585261583328,0.5726562738418579
-8.093999862670898,-1.753999948501587,1.03275465965271,2.91496205329895,0.15608011186122894,0.32056406140327454,0.03902408108115196,0.30856508016586304
-8.093999862670898,-1.753999948501587,1.0903996229171753,6.051433086395264,0.06668879091739655,0.07719648629426956,0.07744421064853668,0.11877861618995667
-8.093999862670898,-0.7540000081062317,0.9677146077156067,5.070444107055664,0.10591654479503632,0.9151603579521179,0.13147689402103424,0.2738686800003052
-8.093999862670898,-0.7540000081062317,0.8449491858482361,2.44817852973938,0.09888064116239548,0.25797805190086365,0.0500904843211174,0.3469361662864685
-8.093999862670898,-0.7540000081062317,0.8296903371810913,5.629626750946045,0.03122863918542862,0.12416505813598633,0.0866447389125824,0.3791952133178711
-8.093999862670898,0.2460000067949295,1.02165687084198,5.608547210693359,0.1189843937754631,2.1280996799468994,-0.0364253856241703,0.3527858853340149
-8.093999862670898,0.2460000067949295,0.7711166143417358,1.7058629989624023,0.07562287896871567,0.5289681553840637,0.050690386444330215,0.5143488049507141
-8.093999862670898,0.2460000067949295,0.7428136467933655,5.711379051208496,0.029826607555150986,0.34239426255226135,-0.03131314739584923,0.13286526501178741
-8.093999862670898,1.246000051498413,0.6867203712463379,5.381923198699951,0.02866361103951931,1.5545395612716675,0.11155930906534195,0.32284805178642273
-8.093999862670898,1.246000051498413,0.6215255856513977,2.968743085861206,0.04047640785574913,0.3496704697608948,0.31116145849227905,0.6266067028045654
-8.093999862670898,1.246000051498413,0.7499178647994995,0.5033100247383118,0.11040601879358292,0.6739835143089294,0.08256024122238159,0.05054521560668945
-8.093999862670898,2.246000051498413,0.7980207800865173,0.2278938591480255,0.039221931248903275,2.3972089290618896,0.0813618078827858,0.3012846112251282
-8.093999862670898,2.246000051498413,1.069460153579712,3.1851212978363037,0.10038619488477707,0.10270628333091736,-0.011704857461154461,0.5341595411300659
-8.093999862670898,2.246000051498413,1.1206530332565308,6.244690418243408,0.07214438915252686,0.033287413418293,0.08455689251422882,0.16455575823783875
-8.093999862670898,3.246000051498413,0.829637348651886,0.32842156291007996,0.055213604122400284,1.6123223304748535,-0.012213518843054771,0.346384197473526
-8.093999862670898,3.246000051498413,1.1136218309402466,2.9432830810546875,0.14384126663208008,0.09681504964828491,0.05706167221069336,0.3073158860206604
-8.093999862670898,3.246000051498413,1.161331057548523,6.180154800415039,0.0700240507721901,0.01663712039589882,-0.018629591912031174,0.3462998867034912
-8.093999862670898,4.245999813079834,0.9000033140182495,6.240318298339844,0.05973203480243683,1.2981585264205933,-0.03670850396156311,0.29182860255241394
-8.093999862670898,4.245999813079834,0.9907817840576172,2.998722553253174,0.06592138111591339,0.1173582524061203,0.06845223158597946,0.47915080189704895
-8.093999862670898,4.245999813079834,1.165090799331665,6.135644435882568,0.07562633603811264,0.028004532679915428,-0.046909481287002563,0.2290205955505371
-8.093999862670898,5.245999813079834,0.9219327569007874,5.121840953826904,0.07278957962989807,1.563064694404602,0.088229700922966,0.37723562121391296
-8.093999862670898,5.245999813079834,0.9897511005401611,3.0388898849487305,0.09449312835931778,0.2525857090950012,0.08536592870950699,0.41805970668792725
-8.093999862670898,5.245999813079834,1.0189545154571533,6.187962532043457,0.05903593823313713,0.04574937745928764,0.04801838845014572,0.2047046273946762
-8.093999862670898,6.245999813079834,0.8336987495422363,5.459366321563721,0.02527366392314434,1.187997817993164,-0.05755624175071716,0.6695628762245178
-8.093999862670898,6.245999813079834,1.140325665473938,2.744818925857544,0.20089642703533173,0.11771293729543686,0.12702380120754242,0.2321540266275406
-8.093999862670898,6.245999813079834,0.9774670600891113,6.013944625854492,0.07537567615509033,0.11448986083269119,-0.03900045529007912,0.09828303754329681
-8.093999862670898,7.245999813079834,0.8915392756462097,5.720865726470947,0.057232171297073364,1.1321378946304321,0.012632702477276325,0.47048887610435486
-8.093999862670898,7.245999813079834,1.074315071105957,2.522456169128418,0.13565881550312042,0.12871867418289185,0.12294089049100876,0.31844884157180786
-8.093999862670898,7.245999813079834,0.869331955909729,5.457000732421875,0.04285287857055664,0.11935912817716599,0.09319385141134262,0.2110622376203537
-8.093999862670898,8.246000289916992,0.9204334020614624,5.247644901275635,0.12053344398736954,1.697455644607544,-0.060628052800893784,0.28503018617630005
-8.093999862670898,8.246000289916992,1.2098398208618164,2.4462316036224365,0.17457731068134308,0.04438190162181854,0.04815004765987396,0.4797405004501343
-8.093999862670898,8.246000289916992,0.9809095859527588,5.524487018585205,0.05540325492620468,0.07150465995073318,-0.055259205400943756,0.23522931337356567
-8.093999862670898,9.246000289916992,0.9165652990341187,4.213934898376465,0.03406117856502533,1.02617347240448,-0.051275018602609634,0.6389951109886169
-8.093999862670898,9.246000289916992,1.1694684028625488,2.2878825664520264,0.09083642065525055,0.03191091865301132,0.07625459879636765,0.2660891115665436
-8.093999862670898,9.246000289916992,1.1135973930358887,5.4751200675964355,0.07128956913948059,0.0415048748254776,-0.00374652654863894,0.0949157178401947
-8.093999862670898,10.246000289916992,0.8229562640190125,3.421525478363037,0.014136919751763344,0.0843699723482132,0.05082390457391739,0.9962100982666016
-8.093999862670898,10.246000289916992,0.8403892517089844,0.40630990266799927,0.05747859925031662,3.1645007133483887,-0.04123516380786896,0.0030720990616828203
-8.093999862670898,10.246000289916992,0.9144500494003296,6.170566082000732,0.11779289692640305,1.3686847686767578,0.10175872594118118,0.0007177392253652215
-8.093999862670898,11.246000289916992,0.7267673015594482,6.2561421394348145,0.05745384469628334,0.7914786338806152,0.047053590416908264,0.08204211294651031
-8.093999862670898,11.246000289916992,0.9437432885169983,0.8676413297653198,0.06896920502185822,0.07711558043956757,0.0006861592410132289,0.9135922789573669
-8.093999862670898,11.246000289916992,0.8929601311683655,6.059898853302002,0.22180281579494476,0.7853930592536926,0.13042347133159637,0.004365655593574047
-8.093999862670898,12.246000289916992,0.7932527661323547,1.3168212175369263,0.058250684291124344,0.6999459266662598,0.026726501062512398,0.020888349041342735
-8.093999862670898,12.246000289916992,0.8372129797935486,0.9238877296447754,0.055650338530540466,0.042167067527770996,-0.057549815624952316,0.9781299829483032
-8.093999862670898,12.246000289916992,0.9552910923957825,5.712649822235107,0.2525870203971863,0.5221652984619141,-0.021213777363300323,0.0009817254031077027
-8.093999862670898,13.246000289916992,0.8088359832763672,5.884015083312988,0.24874906241893768,0.6948933601379395,0.04850444570183754,0.05700153112411499
-8.093999862670898,13.246000289916992,0.6272356510162354,0.6640551090240479,0.02481715939939022,0.06037590652704239,0.12232178449630737,0.4701859951019287
-8.093999862670898,13.246000289916992,0.7670040130615234,0.9833699464797974,0.11550991982221603,0.09285256266593933,-0.06005387753248215,0.4728125333786011
-8.093999862670898,14.246000289916992,1.0237739086151123,6.192060470581055,0.22670415043830872,0.9882363080978394,0.09403671324253082,0.060236819088459015
-8.093999862670898,14.246000289916992,0.951990008354187,0.9324382543563843,0.05149305239319801,0.07003564387559891,0.07753714919090271,0.5948889851570129
-8.093999862670898,14.246000289916992,1.0147532224655151,0.9871602654457092,0.06918051838874817,0.10672979801893234,0.01210661418735981,0.3448742628097534
-8.093999862670898,15.246000289916992,1.2343829870224,5.9419169425964355,0.443672776222229,0.4926353693008423,0.03794093057513237,0.08890350908041
-8.093999862670898,15.246000289916992,1.0091750621795654,0.8106095790863037,0.035484373569488525,0.04649336263537407,-0.17354166507720947,0.5143395662307739
-8.093999862670898,15.246000289916992,1.123028039932251,0.9917889833450317,0.1485065519809723,0.08318978548049927,-0.024138187989592552,0.3967568278312683
-8.093999862670898,16.246000289916992,1.0990703105926514,0.8465671539306641,0.2050742655992508,1.0893434286117554,0.1542249172925949,0.06146879494190216
-8.093999862670898,16.246000289916992,0.9665972590446472,0.9047577381134033,0.05045706033706665,0.09604179859161377,-0.09919916838407516,0.935920000076294
-8.093999862670898,16.246000289916992,1.165528416633606,1.0761899948120117,0.32888686656951904,0.2396443784236908,0.019696617498993874,0.002611156553030014
-8.093999862670898,17.246000289916992,0.8277686238288879,0.1580456793308258,0.061652086675167084,1.0912275314331055,0.02577335387468338,0.18439722061157227
-8.093999862670898,17.246000289916992,1.1420670747756958,1.2633718252182007,0.0934978798031807,0.07302252948284149,-0.10086534172296524,0.7410719394683838
-8.093999862670898,17.246000289916992,1.1324374675750732,5.746541976928711,0.17292846739292145,0.1678554266691208,0.23387010395526886,0.0745309442281723
-8.093999862670898,18.246000289916992,0.8535340428352356,6.1867780685424805,0.08264066278934479,1.358094334602356,-0.2544180452823639,0.0048203011974692345
-8.093999862670898,18.246000289916992,1.1798654794692993,1.0744409561157227,0.1060313731431961,0.03551055118441582,-0.017747929319739342,0.9951400756835938
-8.093999862670898,18.246000289916992,1.1337825059890747,0.6657701134681702,1.0573956966400146,1.3653345108032227,0.10138185322284698,3.9578422729391605e-05
-8.093999862670898,19.246000289916992,0.6813538670539856,6.240265369415283,0.030756397172808647,0.6415582895278931,-0.14713263511657715,0.2232811599969864
-8.093999862670898,19.246000289916992,1.1507837772369385,0.8704690933227539,0.15266691148281097,0.06288398802280426,-0.2887686789035797,0.6889233589172363
-8.093999862670898,19.246000289916992,1.21132230758667,0.5500622391700745,0.8325566649436951,0.3230956792831421,0.1690482199192047,0.08779547363519669
-8.093999862670898,20.246000289916992,0.8191013932228088,0.14174184203147888,0.15099963545799255,1.106248140335083,0.08333084732294083,0.06970197707414627
-8.093999862670898,20.246000289916992,0.8383728265762329,0.8098800778388977,0.06616729497909546,0.09030435234308243,-0.014532353729009628,0.9127272963523865
-8.093999862670898,20.246000289916992,0.9821763634681702,0.16292114555835724,0.5375528335571289,0.6403304934501648,0.20625866949558258,0.01757081039249897
-8.093999862670898,21.246000289916992,1.0802090167999268,5.177578926086426,0.7404600381851196,0.7075521349906921,0.1658724546432495,0.04498468339443207
-8.093999862670898,21.246000289916992,0.9008460640907288,1.366464614868164,0.06249170005321503,0.04151854291558266,-0.1169741302728653,0.9322065711021423
-8.093999862670898,21.246000289916992,0.788231372833252,5.515491485595703,0.23248888552188873,0.9950352311134338,0.43722036480903625,0.022808782756328583
-7.093999862670898,-11.753999710083008,0.9314472079277039,3.8291265964508057,0.24609485268592834,0.7227243185043335,0.11228346079587936,0.5326948165893555
-7.093999862670898,-11.753999710083008,0.6410408020019531,2.5864057540893555,0.034785591065883636,0.11489607393741608,-0.22280649840831757,0.26931190490722656
-7.093999862670898,-11.753999710083008,0.4940364360809326,5.248965740203857,0.06506739556789398,2.0590498447418213,0.43490761518478394,0.19799327850341797
-7.093999862670898,-10.753999710083008,0.9703486561775208,5.218786716461182,0.27646493911743164,0.5971109867095947,0.20132507383823395,0.12511128187179565
-7.093999862670898,-10.753999710083008,0.5390095114707947,1.7953083515167236,0.02608201839029789,0.7088140249252319,-0.08528654277324677,0.03356928005814552
-7.093999862670898,-10.753999710083008,0.6040172576904297,5.753626346588135,0.00992728490382433,0.11130017787218094,0.06181645765900612,0.8413195013999939
-7.093999862670898,-9.753999710083008,0.8309653997421265,5.711211204528809,0.09739601612091064,2.1130781173706055,0.050332535058259964,0.23679175972938538
-7.093999862670898,-9.753999710083008,0.6202352046966553,1.5773239135742188,0.04030035436153412,0.5337135791778564,0.39627039432525635,0.6650859713554382
-7.093999862670898,-9.753999710083008,0.7465074062347412,0.13395120203495026,0.036108117550611496,0.3728434443473816,-0.03993062302470207,0.09812235832214355
-7.093999862670898,-8.753999710083008,0.7638766765594482,3.5095527172088623,0.04951980710029602,0.9295258522033691,-0.032746411859989166,0.2742172181606293
-7.093999862670898,-8.753999710083008,0.5655319690704346,4.770015716552734,0.026030121371150017,0.1889454871416092,0.02595696970820427,0.6968015432357788
-7.093999862670898,-8.753999710083008,0.7276413440704346,4.112962245941162,0.02249302715063095,0.14017686247825623,0.14629080891609192,0.02898121066391468
-7.093999862670898,-7.754000186920166,0.8002493381500244,0.7015978097915649,0.155449777841568,0.8139654397964478,0.021641895174980164,0.08000996708869934
-7.093999862670898,-7.754000186920166,0.6883384585380554,3.6244847774505615,0.05536719039082527,0.3637630343437195,0.061156265437603,0.02453700825572014
-7.093999862670898,-7.754000186920166,0.6103774309158325,0.4607231914997101,0.019725779071450233,0.16492202877998352,0.016219358891248703,0.8954529762268066
-7.093999862670898,-6.754000186920166,0.8618502020835876,5.819729804992676,0.15541891753673553,1.8513582944869995,-0.02229587733745575,0.17587192356586456
-7.093999862670898,-6.754000186920166,0.545437753200531,2.6794185638427734,0.026309993118047714,0.4644235074520111,-0.1115645244717598,0.524015486240387
-7.093999862670898,-6.754000186920166,0.5892661213874817,5.709878921508789,0.03495744243264198,1.6368772983551025,0.13268513977527618,0.3001125454902649
-7.093999862670898,-5.754000186920166,0.8229386806488037,5.487879753112793,0.04447167366743088,1.218011498451233,0.02876681461930275,0.1825440376996994
-7.093999862670898,-5.754000186920166,0.8962410092353821,3.390803337097168,0.07128611952066422,0.5647896528244019,0.3104463815689087,0.5282830595970154
-7.093999862670898,-5.754000186920166,1.0892317295074463,0.6690961122512817,0.08524921536445618,0.0586027055978775,-0.04882771894335747,0.2891729474067688
-7.093999862670898,-4.754000186920166,0.9039939641952515,5.805023193359375,0.061263732612133026,2.0515317916870117,0.07403214275836945,0.4574510455131531
-7.093999862670898,-4.754000186920166,0.9885461926460266,3.930447816848755,0.08169887959957123,0.04727630317211151,0.11056533455848694,0.24073107540607452
-7.093999862670898,-4.754000186920166,1.0342174768447876,0.5747649073600769,0.05542885884642601,0.08400462567806244,-0.2491529881954193,0.3018178939819336
-7.093999862670898,-3.753999948501587,0.7792809009552002,6.084343433380127,0.08370936661958694,1.6984620094299316,0.07174395769834518,0.5011118650436401
-7.093999862670898,-3.753999948501587,0.9635360836982727,3.867435932159424,0.06031283363699913,0.057279378175735474,0.020702965557575226,0.24971596896648407
-7.093999862670898,-3.753999948501587,1.123583197593689,0.5701338052749634,0.04642331600189209,0.050679974257946014,-0.19380097091197968,0.24917209148406982
-7.093999862670898,-2.753999948501587,0.7982480525970459,6.04994535446167,0.05576900392770767,1.2801868915557861,0.011666703037917614,0.39906179904937744
-7.093999862670898,-2.753999948501587,0.8807490468025208,3.6107466220855713,0.0711892694234848,0.3231554627418518,-0.0691177248954773,0.32394877076148987
-7.093999862670898,-2.753999948501587,1.028700351715088,0.3234569728374481,0.06623339653015137,0.11522334069013596,-0.12559261918067932,0.2769894599914551
-7.093999862670898,-1.753999948501587,0.6452966928482056,0.7628840804100037,0.032737649977207184,1.2306246757507324,0.07161621749401093,0.5189677476882935
-7.093999862670898,-1.753999948501587,0.8915706276893616,3.1913397312164307,0.12043832987546921,0.2451745569705963,0.1043984591960907,0.2822864353656769
-7.093999862670898,-1.753999948501587,0.9982630014419556,0.02322300896048546,0.07534326612949371,0.09908846020698547,0.19582930207252502,0.19874581694602966
-7.093999862670898,-0.7540000081062317,0.8403146266937256,5.402422904968262,0.09061967581510544,1.0369592905044556,0.06007992476224899,0.06859031319618225
-7.093999862670898,-0.7540000081062317,0.8523048758506775,2.4978444576263428,0.06734346598386765,0.11308138817548752,0.29045286774635315,0.740547239780426
-7.093999862670898,-0.7540000081062317,0.6852606534957886,6.232131004333496,0.024838469922542572,0.19034788012504578,0.277305006980896,0.1908624768257141
-7.093999862670898,0.2460000067949295,0.8091181516647339,2.7608442306518555,0.15477973222732544,1.2542948722839355,0.15712447464466095,0.0007986610871739686
-7.093999862670898,0.2460000067949295,0.5281006097793579,2.524893045425415,0.014993141405284405,1.154824137687683,-0.49186939001083374,0.001081364112906158
-7.093999862670898,0.2460000067949295,0.48091375827789307,5.819221019744873,0.0009167924872599542,0.08580295741558075,0.08354680985212326,0.9981198906898499
-7.093999862670898,1.246000051498413,0.7597468495368958,5.260514259338379,0.02940543368458748,1.7229175567626953,0.13895057141780853,0.2342304140329361
-7.093999862670898,1.246000051498413,1.118820071220398,3.3108038902282715,0.22284990549087524,0.10348471999168396,0.13728100061416626,0.19708243012428284
-7.093999862670898,1.246000051498413,0.9578876495361328,0.38288259506225586,0.08225153386592865,0.1992112398147583,0.044473350048065186,0.5686871409416199
-7.093999862670898,2.246000051498413,0.7021453380584717,5.740609169006348,0.027867406606674194,1.4438471794128418,0.06285803020000458,0.3067721724510193
-7.093999862670898,2.246000051498413,0.97994464635849,3.121537208557129,0.11995233595371246,0.12169412523508072,0.05761272832751274,0.42608773708343506
-7.093999862670898,2.246000051498413,1.0663501024246216,6.262387275695801,0.08577697724103928,0.044684458523988724,0.006890378426760435,0.26714012026786804
-7.093999862670898,3.246000051498413,0.8647549152374268,5.19155216217041,0.056472767144441605,2.1393637657165527,0.03751607984304428,0.18364684283733368
-7.093999862670898,3.246000051498413,1.1134997606277466,3.060255765914917,0.07948007434606552,0.06714503467082977,0.014207661151885986,0.3930116593837738
-7.093999862670898,3.246000051498413,1.1902687549591064,6.197971820831299,0.06923948973417282,0.018807638436555862,0.021142836660146713,0.4233414828777313
-7.093999862670898,4.245999813079834,0.9398820400238037,5.535467147827148,0.04981732368469238,1.065812587738037,0.004922323860228062,0.3127013146877289
-7.093999862670898,4.245999813079834,1.0293234586715698,2.887728214263916,0.07152628153562546,0.10369908064603806,0.15455816686153412,0.44259268045425415
-7.093999862670898,4.245999813079834,1.2373508214950562,6.047457218170166,0.08301664143800735,0.026340560987591743,-0.0005452430923469365,0.2447059154510498
-7.093999862670898,5.245999813079834,0.9471985697746277,4.9940505027771,0.10633793473243713,1.9525282382965088,0.030994469299912453,0.1946253925561905
-7.093999862670898,5.245999813079834,1.0396817922592163,2.828596591949463,0.09856631606817245,0.12309233844280243,0.05366406962275505,0.5554971098899841
-7.093999862670898,5.245999813079834,1.0735143423080444,6.045743465423584,0.07354214042425156,0.06138836219906807,-0.054774850606918335,0.24987752735614777
-7.093999862670898,6.245999813079834,1.0334410667419434,4.347586631774902,0.09271255880594254,1.7974035739898682,9.786576265469193e-05,0.17281940579414368
-7.093999862670898,6.245999813079834,1.1268354654312134,2.6842122077941895,0.1227671280503273,0.10502466559410095,0.1742543876171112,0.5906508564949036
-7.093999862670898,6.245999813079834,0.9393117427825928,5.92571496963501,0.050118930637836456,0.12580813467502594,-0.06351770460605621,0.23652969300746918
-7.093999862670898,7.245999813079834,0.9777578711509705,5.262704372406006,0.08390402048826218,1.7748491764068604,-0.03891422972083092,0.3133586049079895
-7.093999862670898,7.245999813079834,1.1140031814575195,2.5778326988220215,0.16029170155525208,0.08443614095449448,0.200222447514534,0.39193257689476013
-7.093999862670898,7.245999813079834,1.0414186716079712,5.705719470977783,0.06578101217746735,0.05920722708106041,-0.06898465752601624,0.29470887780189514
-7.093999862670898,8.246000289916992,0.6472271680831909,0.2985331416130066,0.030865829437971115,0.6455137133598328,-0.13512997329235077,0.6248219013214111
-7.093999862670898,8.246000289916992,1.0970640182495117,2.1437790393829346,0.4221678078174591,0.13366900384426117,0.09172312915325165,0.06520052999258041
-7.093999862670898,8.246000289916992,0.7721422910690308,6.035310745239258,0.0617622509598732,0.07763869315385818,-0.2127806693315506,0.30997762084007263
-7.093999862670898,9.246000289916992,0.8554203510284424,5.494494915008545,0.011348170228302479,0.28905022144317627,-0.06276144087314606,0.9698792695999146
-7.093999862670898,9.246000289916992,0.9758012294769287,0.2052256166934967,0.35276317596435547,1.1740394830703735,0.13413678109645844,0.008022044785320759
-7.093999862670898,9.246000289916992,0.7478681206703186,0.18952304124832153,0.0775742456316948,0.2358120083808899,-0.13429641723632812,0.02209860272705555
-7.093999862670898,10.246000289916992,0.8157053589820862,4.3984832763671875,0.006443456746637821,0.07979681342840195,-0.0928252562880516,0.9940673112869263
-7.093999862670898,10.246000289916992,0.7544678449630737,0.7088632583618164,0.06688394397497177,3.385366916656494,-0.23138463497161865,0.004858697764575481
-7.093999862670898,10.246000289916992,0.8087583780288696,5.884117126464844,0.1290515810251236,2.459346294403076,0.06744391471147537,0.00107395404484123
-7.093999862670898,11.246000289916992,0.7797722816467285,4.4441070556640625,0.18118450045585632,1.684316873550415,0.1395774483680725,0.01815830171108246
-7.093999862670898,11.246000289916992,0.6223506927490234,1.6075304746627808,0.04249005764722824,0.08960488438606262,-0.2214556783437729,0.9600831866264343
-7.093999862670898,11.246000289916992,0.9355568885803223,5.175235748291016,0.21158231794834137,0.8900518417358398,0.025540651753544807,0.021758437156677246
-7.093999862670898,12.246000289916992,0.8892086744308472,5.589383125305176,0.9673630595207214,0.7429355382919312,0.3369923532009125,0.012162400409579277
-7.093999862670898,12.246000289916992,0.6893147826194763,0.8398715853691101,0.026823079213500023,0.04913027212023735,-0.3186674416065216,0.9555760025978088
-7.093999862670898,12.246000289916992,0.736409068107605,0.13523969054222107,0.07630344480276108,0.6187426447868347,0.06198835000395775,0.032261595129966736
-7.093999862670898,13.246000289916992,0.8713392615318298,0.7575398087501526,0.42845863103866577,1.2760616540908813,0.16956903040409088,0.04332617297768593
-7.093999862670898,13.246000289916992,0.6005539894104004,1.0035862922668457,0.026828143745660782,0.06700259447097778,-0.15428458154201508,0.4958186447620392
-7.093999862670898,13.246000289916992,0.8428171277046204,0.9150602221488953,0.06960559636354446,0.04757048934698105,-0.12247554957866669,0.4608551263809204
-7.093999862670898,14.246000289916992,1.0336673259735107,6.248627662658691,0.5844571590423584,1.1786330938339233,0.14971627295017242,0.025387631729245186
-7.093999862670898,14.246000289916992,0.8354084491729736,0.6550304293632507,0.021713469177484512,0.1356508582830429,0.2928520143032074,0.24610190093517303
-7.093999862670898,14.246000289916992,0.8149795532226562,1.3031110763549805,0.019178686663508415,0.03716719150543213,-0.026621369644999504,0.7285104990005493
-7.093999862670898,15.246000289916992,1.1317877769470215,0.940900444984436,0.191696897149086,0.7232131361961365,0.08526328206062317,0.21115563809871674
-7.093999862670898,15.246000289916992,1.1518244743347168,1.054959774017334,0.06240827590227127,0.01856599748134613,-0.4171184003353119,0.6739915609359741
-7.093999862670898,15.246000289916992,1.0911390781402588,0.7107412219047546,0.18751397728919983,0.3671911656856537,0.06662895530462265,0.11485286802053452
-7.093999862670898,16.246000289916992,0.7268696427345276,2.0519864559173584,0.026888426393270493,1.021421194076538,0.11700759083032608,0.026653142645955086
-7.093999862670898,16.246000289916992,0.9791200757026672,0.679613471031189,0.0737505853176117,0.0431307777762413,0.07191437482833862,0.9733120799064636
-7.093999862670898,16.246000289916992,1.0075178146362305,0.2661091983318329,0.516712486743927,0.7944289445877075,0.009222670458257198,3.482871034066193e-05
-7.093999862670898,17.246000289916992,1.1241371631622314,4.089792728424072,0.6638180613517761,1.1015902757644653,0.301943838596344,0.03474123030900955
-7.093999862670898,17.246000289916992,1.0100349187850952,0.3355485200881958,0.08812744170427322,0.07047326862812042,-0.4839784502983093,0.4648088216781616
-7.093999862670898,17.246000289916992,0.9037872552871704,5.741891384124756,0.10547056794166565,0.4304705858230591,0.29852625727653503,0.5004500150680542
-7.093999862670898,18.246000289916992,0.9435156583786011,4.1310601234436035,0.41245195269584656,1.024981141090393,-0.08736010640859604,0.020059257745742798
-7.093999862670898,18.246000289916992,1.0865026712417603,1.1816262006759644,0.11422659456729889,0.05645556375384331,0.027777524664998055,0.9797447919845581
-7.093999862670898,18.246000289916992,1.054394006729126,0.330907940864563,0.8929646611213684,1.572618007659912,0.21264024078845978,0.00019597481878008693
-7.093999862670898,19.246000289916992,0.7193131446838379,5.11614465713501,0.05538731440901756,0.3481242060661316,0.02050868235528469,0.024483155459165573
-7.093999862670898,19.246000289916992,1.0357688665390015,0.746803879737854,0.07958098500967026,0.03175106272101402,0.031106039881706238,0.9656417369842529
-7.093999862670898,19.246000289916992,1.0397931337356567,0.7748611569404602,0.40825536847114563,0.05445888265967369,0.30174827575683594,0.009875074960291386
-7.093999862670898,20.246000289916992,1.0644950866699219,1.4832402467727661,0.2770880460739136,1.1883163452148438,0.047312181442976,0.19313177466392517
-7.093999862670898,20.246000289916992,0.965620756149292,0.7950209379196167,0.0848609060049057,0.0938023179769516,-0.13832393288612366,0.7751085162162781
-7.093999862670898,20.246000289916992,0.9796366095542908,0.20292451977729797,0.20039427280426025,0.47276410460472107,0.1065630316734314,0.03175971284508705
-6.093999862670898,-11.753999710083008,0.9209321141242981,2.625889778137207,0.19601884484291077,0.5751001834869385,0.15282052755355835,0.6567102074623108
-6.093999862670898,-11.753999710083008,0.6172590851783752,2.159656286239624,0.041822027415037155,0.2523704171180725,-0.023861154913902283,0.05980634689331055
-6.093999862670898,-11.753999710083008,0.4760754704475403,5.069998264312744,0.03416265547275543,0.5206912755966187,0.3390493392944336,0.28348344564437866
-6.093999862670898,-10.753999710083008,0.907906711101532,4.698516845703125,0.13879644870758057,0.4295351803302765,0.19182081520557404,0.4570532441139221
-6.093999862670898,-10.753999710083008,0.5702558755874634,2.1345555782318115,0.03744303807616234,1.02946138381958,-0.12341147661209106,0.021144038066267967
-6.093999862670898,-10.753999710083008,0.5872101187705994,5.598057746887207,0.013027447275817394,0.1487288922071457,0.14004777371883392,0.5218027234077454
-6.093999862670898,-9.753999710083008,0.9446358680725098,3.8780486583709717,0.11408699303865433,1.9663535356521606,0.09236957877874374,0.19380588829517365
-6.093999862670898,-9.753999710083008,0.5583593845367432,1.7544459104537964,0.021559476852416992,0.5794553756713867,0.28483593463897705,0.5687054395675659
-6.093999862670898,-9.753999710083008,0.6856216788291931,5.352042198181152,0.021828502416610718,0.2824714183807373,0.1026468575000763,0.23748867213726044
-6.093999862670898,-8.753999710083008,0.8362760543823242,3.3353047370910645,0.05855051800608635,1.1259267330169678,-0.08508510142564774,0.20284993946552277
-6.093999862670898,-8.753999710083008,0.649158775806427,4.241704940795898,0.02273714542388916,0.17602072656154633,-0.05381462723016739,0.7737966775894165
-6.093999862670898,-8.753999710083008,0.703546941280365,4.167391300201416,0.019740523770451546,0.16451919078826904,0.1670864373445511,0.023353446274995804
-6.093999862670898,-7.754000186920166,0.8776226043701172,0.7466002702713013,0.18400812149047852,0.6755907535552979,-0.019476918503642082,0.0797080546617508
-6.093999862670898,-7.754000186920166,0.6240646243095398,3.393279552459717,0.06310572475194931,0.41644856333732605,0.029527271166443825,0.06472797691822052
-6.093999862670898,-7.754000186920166,0.5540059804916382,4.9810309410095215,0.016204440966248512,0.16926981508731842,0.08240693062543869,0.8555639982223511
-6.093999862670898,-6.754000186920166,0.8869739174842834,5.309391975402832,0.14720673859119415,1.7149250507354736,-0.07561514526605606,0.1178957149386406
-6.093999862670898,-6.754000186920166,0.6427534818649292,2.4917571544647217,0.04435966536402702,0.9162737131118774,-0.1341904252767563,0.10958726704120636
-6.093999862670898,-6.754000186920166,0.5807846784591675,6.033682346343994,0.015032399445772171,0.730986475944519,0.00430968077853322,0.7725170254707336
-6.093999862670898,-5.754000186920166,0.7782009840011597,6.06264591217041,0.03963979706168175,0.878214955329895,0.0320453867316246,0.34685349464416504
-6.093999862670898,-5.754000186920166,0.779188334941864,2.3285398483276367,0.08275440335273743,1.148126482963562,0.22468847036361694,0.5341760516166687
-6.093999862670898,-5.754000186920166,1.033028244972229,0.4595862329006195,0.1605890840291977,0.24810285866260529,-0.04731075465679169,0.11897044628858566
-6.093999862670898,-4.754000186920166,0.9226171970367432,6.258276462554932,0.0708286315202713,1.8664594888687134,0.056720294058322906,0.3979526162147522
-6.093999862670898,-4.754000186920166,0.9577077031135559,3.935150384902954,0.08090125769376755,0.061989378184080124,0.21605461835861206,0.2889002561569214
-6.093999862670898,-4.754000186920166,1.0469890832901,0.7686462998390198,0.06819979846477509,0.12110332399606705,-0.21498757600784302,0.31314709782600403
-6.093999862670898,-3.753999948501587,0.8813368678092957,5.772343158721924,0.1588248461484909,2.1094422340393066,0.10035344958305359,0.2832694947719574
-6.093999862670898,-3.753999948501587,0.933703601360321,3.8449277877807617,0.051319751888513565,0.06655541807413101,-0.02925901859998703,0.39860063791275024
-6.093999862670898,-3.753999948501587,1.0514107942581177,0.6607542634010315,0.04103213921189308,0.05726233497262001,-0.19777598977088928,0.31812986731529236
-6.093999862670898,-2.753999948501587,0.6764862537384033,5.8413848876953125,0.026036184281110764,0.6057620048522949,0.05007684603333473,0.5820854902267456
-6.093999862670898,-2.753999948501587,0.7778801321983337,3.6719894409179688,0.05873851850628853,0.45951640605926514,-0.0648224800825119,0.23202066123485565
-6.093999862670898,-2.753999948501587,0.9618217349052429,0.05717974528670311,0.09135576337575912,0.26007312536239624,-0.05083400383591652,0.18589386343955994
-6.093999862670898,-1.753999948501587,0.6817996501922607,0.37391623854637146,0.053242236375808716,1.605279803276062,0.1135871633887291,0.22397547960281372
-6.093999862670898,-1.753999948501587,0.8300215601921082,3.142941951751709,0.10758784413337708,0.207423597574234,0.09585575014352798,0.285378098487854
-6.093999862670898,-1.753999948501587,0.9155891537666321,0.0638284981250763,0.07133127003908157,0.12077571451663971,0.17900186777114868,0.49064645171165466
-6.093999862670898,-0.7540000081062317,0.7248756885528564,0.6764086484909058,0.06226241961121559,0.771788477897644,-0.07192175835371017,0.1551455706357956
-6.093999862670898,-0.7540000081062317,0.868510365486145,2.678886890411377,0.1018584594130516,0.08572721481323242,0.31095457077026367,0.43674758076667786
-6.093999862670898,-0.7540000081062317,0.7264705300331116,0.37684834003448486,0.0412687286734581,0.18971720337867737,0.2090388983488083,0.40810689330101013
-6.093999862670898,1.246000051498413,0.6930307149887085,4.928192138671875,0.030381198972463608,1.550672173500061,0.13264857232570648,0.15527032315731049
-6.093999862670898,1.246000051498413,1.1729015111923218,3.3045270442962646,0.3065048158168793,0.06552977114915848,0.1425136923789978,0.09141823649406433
-6.093999862670898,1.246000051498413,0.992831826210022,0.19047367572784424,0.07087123394012451,0.10253576934337616,0.1051621213555336,0.7533114552497864
-6.093999862670898,2.246000051498413,0.7876796722412109,4.250079154968262,0.04967542365193367,1.4116648435592651,0.056608811020851135,0.19264402985572815
-6.093999862670898,2.246000051498413,1.1442922353744507,3.0421254634857178,0.1453951597213745,0.08751274645328522,0.03127467259764671,0.428085595369339
-6.093999862670898,2.246000051498413,1.1215858459472656,6.202342987060547,0.07619284838438034,0.026036016643047333,-0.12900899350643158,0.3792702853679657
-6.093999862670898,3.246000051498413,0.9087123274803162,5.572213172912598,0.09868562966585159,1.8162862062454224,-0.0013859192840754986,0.2893400490283966
-6.093999862670898,3.246000051498413,1.1445237398147583,2.988286256790161,0.09579066187143326,0.052334126085042953,0.005481451749801636,0.3747910261154175
-6.093999862670898,3.246000051498413,1.1644527912139893,6.17055082321167,0.07217632234096527,0.02268723025918007,0.010752887465059757,0.3358689248561859
-6.093999862670898,4.245999813079834,0.903393566608429,5.737025737762451,0.04806032404303551,1.2548476457595825,0.0033240083139389753,0.518975555896759
-6.093999862670898,4.245999813079834,1.0123600959777832,2.86444354057312,0.08860279619693756,0.10406409949064255,0.17324472963809967,0.324957937002182
-6.093999862670898,4.245999813079834,1.1490994691848755,6.111886978149414,0.08352033793926239,0.029586609452962875,0.02511647716164589,0.15606652200222015
-6.093999862670898,5.245999813079834,1.0113592147827148,4.3445892333984375,0.17321933805942535,1.9174448251724243,0.02072397619485855,0.1598782241344452
-6.093999862670898,5.245999813079834,1.1036808490753174,2.697652578353882,0.09741982072591782,0.045235443860292435,0.09910574555397034,0.4897254407405853
-6.093999862670898,5.245999813079834,1.0671446323394775,5.959237098693848,0.07293509691953659,0.05936047062277794,-0.06946384906768799,0.35039636492729187
-6.093999862670898,6.245999813079834,1.0312471389770508,3.832703113555908,0.1291206181049347,2.0125880241394043,-0.02435288019478321,0.12512773275375366
-6.093999862670898,6.245999813079834,1.1418752670288086,2.66728138923645,0.10968505591154099,0.054513119161129,0.15652185678482056,0.5315233469009399
-6.093999862670898,6.245999813079834,1.0058481693267822,5.970575332641602,0.05773382633924484,0.08131229132413864,-0.130412295460701,0.343348890542984
-6.093999862670898,7.245999813079834,1.0811731815338135,4.033539772033691,0.12497535347938538,1.7535330057144165,0.059582050889730453,0.12671701610088348
-6.093999862670898,7.245999813079834,1.0130118131637573,2.5546391010284424,0.07241091877222061,0.10358699411153793,0.19842739403247833,0.6142188310623169
-6.093999862670898,7.245999813079834,1.1994740962982178,5.892871856689453,0.08188655972480774,0.04780425503849983,-0.03502528369426727,0.25906410813331604
-6.093999862670898,8.246000289916992,0.8538244962692261,0.8324759602546692,0.11317765712738037,0.49604225158691406,-0.02557670697569847,0.26780402660369873
-6.093999862670898,8.246000289916992,0.6949198842048645,0.5375845432281494,0.17785537242889404,1.0539005994796753,-0.01965302787721157,0.010270463302731514
-6.093999862670898,8.246000289916992,0.5960683822631836,0.9047802686691284,0.030391661450266838,0.1791074126958847,-0.3797324299812317,0.7219254970550537
-6.093999862670898,9.246000289916992,0.7033313512802124,5.5425262451171875,0.013317720033228397,0.4632558524608612,-0.09611937403678894,0.9049025774002075
-6.093999862670898,9.246000289916992,0.8361180424690247,0.5063523650169373,0.1532667875289917,0.540110170841217,0.1449688971042633,0.06405375152826309
-6.093999862670898,9.246000289916992,0.6717878580093384,6.159226417541504,0.06930620223283768,0.33450302481651306,0.004331550095230341,0.03104366548359394
-6.093999862670898,12.246000289916992,0.6011789441108704,2.300995349884033,1.443753957748413,1.851701259613037,0.5605451464653015,7.588141215819633e-06
-6.093999862670898,12.246000289916992,0.3220764994621277,0.9676462411880493,0.0029300996102392673,0.27645954489707947,-0.5303388237953186,0.9999526739120483
-6.093999862670898,12.246000289916992,0.40855589509010315,6.175543785095215,0.024013128131628036,7.2030348777771,0.11365392804145813,3.967073280364275e-05
-6.093999862670898,13.246000289916992,0.8168506026268005,5.502850532531738,0.47740834951400757,1.1233959197998047,0.2410203516483307,0.01193371880799532
-6.093999862670898,13.246000289916992,0.6580743789672852,0.32728302478790283,0.022345714271068573,0.025534285232424736,-0.28932929039001465,0.9785276055335999
-6.093999862670898,13.246000289916992,0.7287178635597229,1.0160846710205078,0.10774008929729462,0.20205222070217133,-0.1816411167383194,0.009538684040307999
-6.093999862670898,14.246000289916992,0.8565154075622559,5.639131546020508,0.11250525712966919,1.138884425163269,0.1063980907201767,0.1546964794397354
-6.093999862670898,14.246000289916992,1.1769154071807861,2.05731463432312,0.10925279557704926,0.030148839578032494,0.18708741664886475,0.11656415462493896
-6.093999862670898,14.246000289916992,1.2875165939331055,6.167543411254883,0.06409427523612976,0.008073288947343826,0.0632735937833786,0.7287393808364868
-6.093999862670898,15.246000289916992,1.010886311531067,2.1035103797912598,0.4205173850059509,1.18441903591156,0.3000504672527313,0.006168787367641926
-6.093999862670898,15.246000289916992,1.2129086256027222,0.680823564529419,0.03811773657798767,0.005774795077741146,-0.4041464924812317,0.9932788014411926
-6.093999862670898,15.246000289916992,1.0415899753570557,0.40224307775497437,0.3260543942451477,1.169867753982544,0.23235762119293213,0.0005524072330445051
-6.093999862670898,16.246000289916992,0.5936413407325745,4.818978309631348,0.015587308444082737,0.637409508228302,0.02350364625453949,0.07111051678657532
-6.093999862670898,16.246000289916992,0.9737092852592468,0.5590744018554688,0.14249010384082794,0.03128703683614731,-0.05696186423301697,0.9288007616996765
-6.093999862670898,16.246000289916992,0.907170832157135,0.057338353246450424,0.7546161413192749,1.280922532081604,0.15356749296188354,8.869306475389749e-05
-6.093999862670898,17.246000289916992,1.0314068794250488,4.684564590454102,0.5692462921142578,1.5676281452178955,0.3728649318218231,0.026026250794529915
-6.093999862670898,17.246000289916992,0.9392536282539368,0.4220087230205536,0.06950491666793823,0.058507103472948074,-0.4019082188606262,0.7396330833435059
-6.093999862670898,17.246000289916992,0.8812870383262634,0.08150015771389008,0.10240279883146286,0.24556709825992584,0.17012423276901245,0.2343406230211258
-6.093999862670898,19.246000289916992,0.7632999420166016,0.12980085611343384,0.09995613992214203,0.33155757188796997,0.18092040717601776,9.555620636092499e-05
-6.093999862670898,19.246000289916992,0.9662485122680664,6.0678815841674805,0.019686464220285416,0.058501582592725754,0.0943475142121315,0.9999041557312012
-6.093999862670898,19.246000289916992,1.0846965312957764,1.266974687576294,1.944395661354065,1.4098875522613525,0.431354284286499,2.7709799610420305e-07
-6.093999862670898,20.246000289916992,1.610724925994873,5.781731605529785,13.180835723876953,2.0944430828094482,0.3762954771518707,1.352180873936959e-07
-6.093999862670898,20.246000289916992,1.2890948057174683,1.0008997917175293,0.013655499555170536,0.044196922332048416,0.22777660191059113,0.9999969005584717
-6.093999862670898,20.246000289916992,1.3159288167953491,1.6209443807601929,0.4099504053592682,2.513690710067749,-0.056845683604478836,2.93498578685103e-06
-5.093999862670898,-11.753999710083008,0.7462711930274963,0.027770433574914932,0.44511470198631287,1.5152760744094849,0.15876013040542603,0.26473501324653625
-5.093999862670898,-11.753999710083008,0.4073667824268341,2.749823570251465,0.023156505078077316,0.7856668829917908,-0.274911493062973,0.11258623749017715
-5.093999862670898,-11.753999710083008,0.5509803295135498,5.0288190841674805,0.009914403781294823,0.06169074401259422,0.19363397359848022,0.6226786971092224
-5.093999862670898,-10.753999710083008,0.5816712975502014,5.017300128936768,0.05956465005874634,0.9425747990608215,-0.037906378507614136,0.5111212134361267
-5.093999862670898,-10.753999710083008,0.5727832317352295,2.2338013648986816,0.03665122017264366,0.8131186962127686,-0.1584324836730957,0.281065970659256
-5.093999862670898,-10.753999710083008,0.5697135925292969,4.781396865844727,0.019835295155644417,0.6681616306304932,0.14077430963516235,0.2078128457069397
-5.093999862670898,-9.753999710083008,0.765794575214386,3.953050136566162,0.05126279965043068,1.5044872760772705,-0.043166983872652054,0.3188907206058502
-5.093999862670898,-9.753999710083008,0.5355952978134155,2.1405274868011475,0.02436518296599388,0.6872443556785583,0.18337799608707428,0.22265742719173431
-5.093999862670898,-9.753999710083008,0.6256049275398254,4.409065246582031,0.01984025165438652,0.28559350967407227,0.1959896683692932,0.4584518074989319
-5.093999862670898,-8.753999710083008,0.7630921602249146,4.870736122131348,0.06464457511901855,1.646600365638733,-0.05387803912162781,0.10687201470136642
-5.093999862670898,-8.753999710083008,0.5952882766723633,2.14418363571167,0.025150522589683533,0.9018197655677795,-0.08146560937166214,0.5057988166809082
-5.093999862670898,-8.753999710083008,0.6330018639564514,5.377260208129883,0.010432921350002289,0.2695898711681366,-0.14451822638511658,0.38732919096946716
-5.093999862670898,-7.754000186920166,0.898743748664856,5.799083232879639,0.09563306719064713,1.5463252067565918,-0.027564525604248047,0.06312493234872818
-5.093999862670898,-7.754000186920166,0.5981780886650085,1.6788729429244995,0.026037828996777534,0.3051670789718628,0.22115005552768707,0.7097590565681458
-5.093999862670898,-7.754000186920166,0.7504069209098816,5.015613555908203,0.047034796327352524,0.20601513981819153,0.10725829750299454,0.22711612284183502
-5.093999862670898,-6.754000186920166,1.0039112567901611,5.421645641326904,0.07729016989469528,0.5966756343841553,0.1592283844947815,0.40927231311798096
-5.093999862670898,-6.754000186920166,0.8302152752876282,2.218723773956299,0.10499805212020874,0.27966320514678955,0.01464679092168808,0.19399242103099823
-5.093999862670898,-6.754000186920166,0.7397043108940125,5.851958751678467,0.03921360895037651,0.7331864237785339,0.2139042615890503,0.396735280752182
-5.093999862670898,-5.754000186920166,0.9633553624153137,5.673255920410156,0.06758610904216766,1.3626537322998047,0.11760532110929489,0.563967764377594
-5.093999862670898,-5.754000186920166,0.7187288403511047,1.3644134998321533,0.06817226111888885,0.7684574127197266,0.029790928587317467,0.3982001543045044
-5.093999862670898,-5.754000186920166,0.7903154492378235,5.593469142913818,0.10655888170003891,1.661426305770874,-0.05884603410959244,0.037832070142030716
-5.093999862670898,-4.754000186920166,0.8217574954032898,0.046248774975538254,0.08719730377197266,1.5742542743682861,-0.035175666213035583,0.5935918688774109
-5.093999862670898,-4.754000186920166,0.7611649036407471,3.42022967338562,0.047306135296821594,0.7345552444458008,-0.02514987252652645,0.20377151668071747
-5.093999862670898,-4.754000186920166,0.7301170825958252,0.7038587927818298,0.012511382810771465,0.8650982975959778,-0.17223064601421356,0.20263658463954926
-5.093999862670898,-3.753999948501587,0.8643222451210022,0.16261151432991028,0.12569878995418549,1.7486439943313599,0.12251904606819153,0.3053346574306488
-5.093999862670898,-3.753999948501587,0.7503229379653931,3.9526894092559814,0.058941006660461426,0.13667018711566925,0.11757800728082657,0.30882176756858826
-5.093999862670898,-3.753999948501587,0.8662585616111755,0.9030511379241943,0.039012037217617035,0.07526909559965134,-0.27124446630477905,0.38584357500076294
-5.093999862670898,-2.753999948501587,0.5956131219863892,1.1579664945602417,0.02213320881128311,1.310847520828247,-0.014736714772880077,0.24894917011260986
-5.093999862670898,-2.753999948501587,0.8936977386474609,3.709895610809326,0.13712112605571747,0.42525526881217957,-0.011733457446098328,0.43796175718307495
-5.093999862670898,-2.753999948501587,0.9696696400642395,0.6149518489837646,0.09977974742650986,0.2780551016330719,-0.17824120819568634,0.3130890727043152
-5.093999862670898,-1.753999948501587,0.9148234724998474,0.7968055605888367,0.12673419713974,1.6523545980453491,-0.034855954349040985,0.04121430963277817
-5.093999862670898,-1.753999948501587,1.1223280429840088,3.3534252643585205,0.1619010865688324,0.1289796382188797,0.10300305485725403,0.46033045649528503
-5.093999862670898,-1.753999948501587,1.0071061849594116,0.4179840385913849,0.09631074219942093,0.19219085574150085,-0.29622718691825867,0.4984551966190338
-5.093999862670898,-0.7540000081062317,0.7058429718017578,2.4189021587371826,0.06015573814511299,1.2189781665802002,-0.02045561745762825,0.22283735871315002
-5.093999862670898,-0.7540000081062317,0.8515316843986511,3.3963418006896973,0.10204428434371948,0.10820533335208893,0.20410433411598206,0.3762642741203308
-5.093999862670898,-0.7540000081062317,0.8220114707946777,0.4844159185886383,0.07501719892024994,0.2522704005241394,-0.029578110203146935,0.4008983075618744
-5.093999862670898,0.2460000067949295,0.4599960446357727,5.789860725402832,0.020605256780982018,1.4684381484985352,-0.004036733414977789,0.31605264544487
-5.093999862670898,0.2460000067949295,0.4567071199417114,3.4751036167144775,0.026717346161603928,1.2944473028182983,0.17633266746997833,0.6397759318351746
-5.093999862670898,0.2460000067949295,0.6896311640739441,0.7299849390983582,0.04640452563762665,0.5517005324363708,-0.09371127933263779,0.044171374291181564
-5.093999862670898,1.246000051498413,0.6113938093185425,4.695376873016357,0.0194614976644516,1.1602392196655273,-0.03013288974761963,0.728196382522583
-5.093999862670898,1.246000051498413,0.9418172240257263,3.034607172012329,0.08090561628341675,0.042950112372636795,0.07874439656734467,0.16117389500141144
-5.093999862670898,1.246000051498413,0.8807271718978882,5.878338813781738,0.048129696398973465,0.12498310208320618,0.22367709875106812,0.11062974482774734
-5.093999862670898,2.246000051498413,0.914106011390686,5.105517387390137,0.10680501908063889,1.6348004341125488,-0.01876036450266838,0.09876403957605362
-5.093999862670898,2.246000051498413,1.2505086660385132,3.009547233581543,0.13078077137470245,0.07531663030385971,0.022720161825418472,0.5135756731033325
-5.093999862670898,2.246000051498413,1.2717493772506714,6.237648010253906,0.0919758677482605,0.021041151136159897,-0.11880586296319962,0.3876602351665497
-5.093999862670898,3.246000051498413,1.010746717453003,5.402671813964844,0.20782802999019623,2.0791709423065186,0.006418691948056221,0.14995133876800537
-5.093999862670898,3.246000051498413,1.1516093015670776,2.8887267112731934,0.09214592725038528,0.06210479512810707,0.05614311993122101,0.5231455564498901
-5.093999862670898,3.246000051498413,1.1952458620071411,6.161778450012207,0.07035499066114426,0.031422149389982224,-0.07720039784908295,0.32690301537513733
-5.093999862670898,4.245999813079834,0.8799139857292175,4.9188079833984375,0.06970527023077011,1.772537112236023,-0.004421960562467575,0.2947811782360077
-5.093999862670898,4.245999813079834,1.0701994895935059,2.7095417976379395,0.09644050151109695,0.07060104608535767,0.12004437297582626,0.43250715732574463
-5.093999862670898,4.245999813079834,1.1715202331542969,6.088671684265137,0.08348454535007477,0.04736392945051193,-0.06998443603515625,0.2727116346359253
-5.093999862670898,5.245999813079834,1.1013619899749756,4.753746032714844,0.27056223154067993,1.7674317359924316,0.011648032814264297,0.1685188114643097
-5.093999862670898,5.245999813079834,1.1082874536514282,2.6384685039520264,0.07706648856401443,0.035050563514232635,0.0903463065624237,0.5515779852867126
-5.093999862670898,5.245999813079834,1.1417361497879028,5.858245849609375,0.0936870127916336,0.06666018068790436,-0.02503155916929245,0.2799031436443329
-5.093999862670898,6.245999813079834,0.9869366884231567,3.773171901702881,0.16933239996433258,1.83729887008667,-0.03720596432685852,0.123662069439888
-5.093999862670898,6.245999813079834,1.024963617324829,2.554612636566162,0.05792964622378349,0.034714870154857635,0.012605155818164349,0.5645918250083923
-5.093999862670898,6.245999813079834,1.2108111381530762,5.905411720275879,0.12403439730405807,0.052892401814460754,-0.07552146166563034,0.31174612045288086
-5.093999862670898,7.245999813079834,0.8177109956741333,0.14134304225444794,0.07636842131614685,1.5945724248886108,0.013317041099071503,0.29835864901542664
-5.093999862670898,7.245999813079834,0.9327947497367859,3.322847604751587,0.08909543603658676,0.14596934616565704,0.08401179313659668,0.480467826128006
-5.093999862670898,7.245999813079834,1.2016429901123047,0.023440908640623093,0.11820800602436066,0.05212365835905075,-0.005101650021970272,0.2211734801530838
-5.093999862670898,8.246000289916992,1.0774919986724854,5.442469596862793,0.5291646718978882,1.4187475442886353,0.034844134002923965,0.2673972249031067
-5.093999862670898,8.246000289916992,0.7687947750091553,2.527695655822754,0.062432773411273956,0.4084022641181946,0.14117944240570068,0.6237611174583435
-5.093999862670898,8.246000289916992,0.8137035965919495,0.7504177689552307,0.10856092721223831,0.6463923454284668,-0.24265378713607788,0.10884170979261398
-5.093999862670898,9.246000289916992,0.8116382360458374,4.927124500274658,0.09211254119873047,1.6154547929763794,-0.27076926827430725,0.22014197707176208
-5.093999862670898,9.246000289916992,0.7201974391937256,1.7861233949661255,0.02412504144012928,0.05161016061902046,0.0782945305109024,0.40184035897254944
-5.093999862670898,9.246000289916992,0.6115974187850952,4.602781295776367,0.017780378460884094,0.08133412152528763,0.08622942119836807,0.3780176639556885
-5.093999862670898,16.246000289916992,0.8138141632080078,3.424250841140747,0.045573409646749496,0.4211445152759552,0.053084854036569595,0.2881961464881897
-5.093999862670898,16.246000289916992,0.9748131632804871,0.4422816336154938,0.13929405808448792,0.062466539442539215,-0.1923874467611313,0.7064816951751709
-5.093999862670898,16.246000289916992,1.0517791509628296,0.23956602811813354,0.9063511490821838,1.0495336055755615,0.3105374276638031,0.005322118755429983
-5.093999862670898,17.246000289916992,0.6637773513793945,4.888762474060059,0.061592377722263336,1.968889594078064,0.2929264008998871,0.0012014465173706412
-5.093999862670898,17.246000289916992,0.834373950958252,0.8453207612037659,0.04534316435456276,0.052880942821502686,0.013137632980942726,0.9987861514091492
-5.093999862670898,17.246000289916992,0.8806532621383667,5.81939172744751,0.5305811762809753,3.1720869541168213,-0.004291340243071318,1.239842822542414e-05
-5.093999862670898,18.246000289916992,0.6737886071205139,4.266485214233398,0.039608184248209,0.9050803184509277,0.07968709617853165,0.0012326822616159916
-5.093999862670898,18.246000289916992,1.0820777416229248,1.3328996896743774,0.07099570333957672,0.04699883610010147,-0.07531444728374481,0.9987665414810181
-5.093999862670898,18.246000289916992,1.117690086364746,5.638553619384766,2.1410980224609375,6.64688777923584,0.20156334340572357,7.899189427007514e-07
-4.093999862670898,-11.753999710083008,0.6571097373962402,5.731810569763184,0.5057437419891357,2.2691097259521484,0.12471893429756165,0.021526947617530823
-4.093999862670898,-11.753999710083008,0.3926042318344116,2.9250121116638184,0.02335757203400135,1.2345125675201416,-0.303743451833725,0.08312033861875534
-4.093999862670898,-11.753999710083008,0.5399730801582336,4.3353118896484375,0.009112995117902756,0.1493983417749405,0.1588638573884964,0.8953527212142944
-4.093999862670898,-10.753999710083008,0.4768220782279968,6.085473537445068,0.08466967940330505,1.9406540393829346,-0.10229850560426712,0.04427037388086319
-4.093999862670898,-10.753999710083008,0.5986853241920471,2.0753443241119385,0.01682809740304947,0.12177222967147827,-0.24226497113704681,0.7467814087867737
-4.093999862670898,-10.753999710083008,0.6102983951568604,4.42111873626709,0.012143170461058617,0.23960034549236298,0.19798198342323303,0.20894823968410492
-4.093999862670898,-9.753999710083008,0.8020262718200684,4.365800380706787,0.06035247817635536,1.2109001874923706,-0.03409867361187935,0.26394352316856384
-4.093999862670898,-9.753999710083008,0.6111165881156921,1.0131337642669678,0.023474834859371185,0.40110793709754944,0.0849667489528656,0.22267960011959076
-4.093999862670898,-9.753999710083008,0.6221793293952942,4.748932838439941,0.0161662008613348,0.32441648840904236,0.11368030309677124,0.5133768320083618
-4.093999862670898,-8.753999710083008,0.7057323455810547,5.421917915344238,0.03411829471588135,1.3087903261184692,-0.005689236801117659,0.592219889163971
-4.093999862670898,-8.753999710083008,0.6410805583000183,1.8627890348434448,0.09040512889623642,1.366004228591919,0.020263267681002617,0.06477536261081696
-4.093999862670898,-8.753999710083008,0.6112757921218872,5.313437461853027,0.016053883358836174,0.242893248796463,-0.06948389112949371,0.3430047035217285
-4.093999862670898,-7.754000186920166,0.7896097898483276,6.198643207550049,0.11148493736982346,1.6152899265289307,0.10522530227899551,0.05627167224884033
-4.093999862670898,-7.754000186920166,0.6686303615570068,1.4092624187469482,0.05723196640610695,0.32184508442878723,0.06949342042207718,0.7141080498695374
-4.093999862670898,-7.754000186920166,0.7157719731330872,4.907984733581543,0.07538579404354095,0.4203041195869446,0.07576172798871994,0.22962026298046112
-4.093999862670898,-6.754000186920166,1.1383697986602783,4.823392391204834,0.10508497804403305,0.5602250099182129,0.10318108648061752,0.3484996259212494
-4.093999862670898,-6.754000186920166,0.9444509744644165,1.6973440647125244,0.0969003289937973,0.12822158634662628,0.2407006025314331,0.32904136180877686
-4.093999862670898,-6.754000186920166,0.7561863660812378,5.477700710296631,0.03892386704683304,0.9007047414779663,0.14605338871479034,0.3224589228630066
-4.093999862670898,-5.754000186920166,0.8546099662780762,5.068565845489502,0.07242773473262787,1.1111291646957397,-0.005289613269269466,0.2863236963748932
-4.093999862670898,-5.754000186920166,0.72105473279953,1.3580907583236694,0.056512799113988876,0.3730648458003998,-0.11148624867200851,0.3865938186645508
-4.093999862670898,-5.754000186920166,0.5718580484390259,4.399381637573242,0.04122868552803993,2.0467147827148438,-0.12468983232975006,0.3270825445652008
-4.093999862670898,-4.754000186920166,0.6988346576690674,3.564000368118286,0.04714871197938919,0.8798686265945435,-0.16520576179027557,0.5703073740005493
-4.093999862670898,-4.754000186920166,0.6296922564506531,1.9015697240829468,0.026922039687633514,1.1057597398757935,-0.23191069066524506,0.33221280574798584
-4.093999862670898,-4.754000186920166,0.6383047699928284,0.09058251976966858,0.01887855865061283,1.4239014387130737,-0.12296367436647415,0.09747985750436783
-4.093999862670898,-3.753999948501587,1.0437735319137573,1.0401557683944702,0.2630980312824249,1.8489043712615967,0.20965853333473206,0.1528758406639099
-4.093999862670898,-3.753999948501587,0.7653334140777588,4.234017372131348,0.06059757247567177,0.29441744089126587,0.08498610556125641,0.49717050790786743
-4.093999862670898,-3.753999948501587,0.7754583954811096,1.1404273509979248,0.04071776568889618,0.21215274930000305,-0.3041497468948364,0.3499535918235779
-4.093999862670898,-2.753999948501587,0.5918674468994141,1.007574439048767,0.019648518413305283,1.0248944759368896,-0.12100815773010254,0.17666921019554138
-4.093999862670898,-2.753999948501587,1.0337860584259033,3.9184038639068604,0.207480326294899,0.2040712535381317,0.08331680297851562,0.4047618806362152
-4.093999862670898,-2.753999948501587,0.968015730381012,0.7079155445098877,0.09715472161769867,0.3083406984806061,-0.14174728095531464,0.41856884956359863
-4.093999862670898,-1.753999948501587,1.1070191860198975,1.1934478282928467,0.26323768496513367,1.4454234838485718,-0.05132017657160759,0.05144897848367691
-4.093999862670898,-1.753999948501587,1.1775234937667847,3.529446601867676,0.20046637952327728,0.1173948347568512,0.08160586655139923,0.4211519658565521
-4.093999862670898,-1.753999948501587,0.9363207221031189,0.5484959483146667,0.0771700069308281,0.16551823914051056,-0.45396703481674194,0.5273990035057068
-4.093999862670898,-0.7540000081062317,0.8246472477912903,1.8182481527328491,0.05416455492377281,1.704805612564087,0.09728064388036728,0.17371077835559845
-4.093999862670898,-0.7540000081062317,0.873487114906311,4.0139899253845215,0.04185342788696289,0.18347597122192383,0.24171502888202667,0.5802789926528931
-4.093999862670898,-0.7540000081062317,0.8872914910316467,1.1676084995269775,0.05016946792602539,0.2867160439491272,-0.15720264613628387,0.24601025879383087
-4.093999862670898,0.2460000067949295,0.641223669052124,5.08497953414917,0.028242437168955803,1.4949002265930176,0.00327386986464262,0.34253260493278503
-4.093999862670898,0.2460000067949295,0.7064589858055115,3.5378355979919434,0.0995267853140831,0.4176851511001587,0.19644051790237427,0.5458236932754517
-4.093999862670898,0.2460000067949295,1.0293283462524414,1.12493896484375,0.22894154489040375,0.13344037532806396,-0.29747429490089417,0.11164366453886032
-4.093999862670898,1.246000051498413,0.9094511866569519,3.9574949741363525,0.07094311714172363,1.6582086086273193,0.046605292707681656,0.2911551892757416
-4.093999862670898,1.246000051498413,0.9940369725227356,2.894096612930298,0.07214068621397018,0.054386310279369354,0.09231087565422058,0.5219253897666931
-4.093999862670898,1.246000051498413,1.039242148399353,5.513360977172852,0.06346780806779861,0.08266330510377884,0.17128637433052063,0.18691949546337128
-4.093999862670898,2.246000051498413,1.0106127262115479,4.759981632232666,0.18074215948581696,1.4548051357269287,0.021779173985123634,0.09081948548555374
-4.093999862670898,2.246000051498413,1.1771177053451538,2.976583480834961,0.10388989746570587,0.10677199810743332,-0.01872710883617401,0.4465729594230652
-4.093999862670898,2.246000051498413,1.312982201576233,6.258347034454346,0.11997587978839874,0.028017902746796608,-0.02700485661625862,0.46260759234428406
-4.093999862670898,3.246000051498413,0.9501954913139343,5.3302412033081055,0.11610832810401917,2.087763786315918,0.0031032077968120575,0.16518335044384003
-4.093999862670898,3.246000051498413,1.0899783372879028,2.859372138977051,0.10038351267576218,0.0905102863907814,0.13341151177883148,0.4657667279243469
-4.093999862670898,3.246000051498413,1.1753029823303223,6.210248947143555,0.0811028778553009,0.03422234579920769,-0.07832605391740799,0.36904987692832947
-4.093999862670898,4.245999813079834,0.8660549521446228,4.230865478515625,0.07176996022462845,1.8774815797805786,-0.0029487910214811563,0.2490016520023346
-4.093999862670898,4.245999813079834,1.0487077236175537,2.739671230316162,0.09817766398191452,0.08254466205835342,0.1885993927717209,0.4681278169155121
-4.093999862670898,4.245999813079834,1.1989352703094482,6.032716274261475,0.09355777502059937,0.053646668791770935,-0.060816310346126556,0.2828705608844757
-4.093999862670898,5.245999813079834,1.0678555965423584,4.0662841796875,0.24664154648780823,1.8724148273468018,0.02551119402050972,0.1654495745897293
-4.093999862670898,5.245999813079834,1.0873905420303345,2.5491983890533447,0.07379784435033798,0.040301959961652756,0.12294036149978638,0.536327064037323
-4.093999862670898,5.245999813079834,1.2008827924728394,5.834417819976807,0.09532368183135986,0.05365194007754326,-0.034225936979055405,0.2982233762741089
-4.093999862670898,6.245999813079834,0.977558434009552,3.7827212810516357,0.18583521246910095,1.5231260061264038,-0.05161082744598389,0.15580320358276367
-4.093999862670898,6.245999813079834,0.993290901184082,2.6920340061187744,0.0626525953412056,0.04517551138997078,0.03205941244959831,0.46020618081092834
-4.093999862670898,6.245999813079834,1.222602128982544,5.955940246582031,0.14313390851020813,0.03712710738182068,-0.05380949750542641,0.38399064540863037
-4.093999862670898,7.245999813079834,0.6532759070396423,0.8283596038818359,0.028670260682702065,1.3505008220672607,-0.01162977609783411,0.5103024840354919
-4.093999862670898,7.245999813079834,0.88666832447052,3.649535894393921,0.11049194633960724,0.21827374398708344,0.027645397931337357,0.3577529788017273
-4.093999862670898,7.245999813079834,1.2660255432128906,0.22177088260650635,0.16742567718029022,0.05455585569143295,-0.05965574458241463,0.13194455206394196
-4.093999862670898,8.246000289916992,1.0103951692581177,5.081332206726074,0.2771652638912201,2.285306453704834,0.08199211955070496,0.09448853880167007
-4.093999862670898,8.246000289916992,0.7887992858886719,3.551708698272705,0.03347252309322357,0.7160294055938721,0.04878365248441696,0.8502944707870483
-4.093999862670898,8.246000289916992,0.9881429076194763,0.8560134768486023,0.08228018879890442,0.4953097105026245,-0.13358557224273682,0.05521702393889427
-4.093999862670898,9.246000289916992,0.7036879658699036,3.7502760887145996,0.1009853184223175,2.270740032196045,-0.32074594497680664,0.07775265723466873
-4.093999862670898,9.246000289916992,0.6082679033279419,2.1017613410949707,0.013332118280231953,0.08202668279409409,0.024579323828220367,0.4246063232421875
-4.093999862670898,9.246000289916992,0.5722561478614807,4.330373287200928,0.009657897055149078,0.15315333008766174,0.09562209993600845,0.49764105677604675
-4.093999862670898,10.246000289916992,0.7146466374397278,2.4682226181030273,0.07312265783548355,0.987752377986908,0.12557289004325867,0.10818854719400406
-4.093999862670898,10.246000289916992,0.5322974920272827,2.7477025985717773,0.018286971375346184,0.30052855610847473,-0.19218753278255463,0.8853979110717773
-4.093999862670898,10.246000289916992,0.6806116104125977,4.813454627990723,0.08240489661693573,2.7368781566619873,0.40986043214797974,0.0064134616404771805
-4.093999862670898,17.246000289916992,0.570144772529602,5.1812214851379395,0.14620420336723328,2.144986391067505,0.31087952852249146,1.187435191241093e-05
-4.093999862670898,17.246000289916992,0.6455729603767395,0.10237672924995422,0.01519774366170168,0.021375905722379684,-0.08056994527578354,0.9999880790710449
-4.093999862670898,17.246000289916992,0.8670458793640137,6.246511459350586,2.309915065765381,20.39768409729004,-0.03587983921170235,3.3197878224200394e-08
-4.093999862670898,18.246000289916992,0.7850503921508789,4.927455902099609,0.06739409267902374,0.8477020263671875,0.17817185819149017,0.0013505694223567843
-4.093999862670898,18.246000289916992,1.157113790512085,0.8367694616317749,0.0637088492512703,0.020556360483169556,-0.10323961824178696,0.9986454844474792
-4.093999862670898,18.246000289916992,1.1631189584732056,6.176605701446533,1.2816555500030518,2.930982828140259,0.0451907142996788,3.896706402883865e-06
-3.0940001010894775,-11.753999710083008,0.929774284362793,0.0845768079161644,1.1302969455718994,0.43610650300979614,-0.08516541868448257,1.4614556675951462e-06
-3.0940001010894775,-11.753999710083008,0.27437666058540344,0.812101423740387,0.08993753790855408,32.99342727661133,-0.22958002984523773,7.1422912029106556e-09
-3.0940001010894775,-11.753999710083008,0.2645379304885864,5.884136199951172,0.000349717796780169,0.02452976256608963,-0.2436313033103943,0.9999985694885254
-3.0940001010894775,-10.753999710083008,0.6198638677597046,4.964455604553223,0.13573342561721802,0.7826841473579407,-0.07956195622682571,0.0200995821505785
-3.0940001010894775,-10.753999710083008,0.51251620054245,5.465905666351318,0.012228068895637989,0.34011542797088623,-0.07543610036373138,0.06553739309310913
-3.0940001010894775,-10.753999710083008,0.5885578989982605,0.7586102485656738,0.008020162582397461,0.2860841453075409,-0.1923220306634903,0.9143630266189575
-3.0940001010894775,-9.753999710083008,0.5802494287490845,5.912639617919922,0.05543602257966995,1.5525017976760864,-0.07046941667795181,0.38373854756355286
-3.0940001010894775,-9.753999710083008,0.5942769050598145,1.1326652765274048,0.062352534383535385,0.7509925961494446,-0.20734895765781403,0.21876196563243866
-3.0940001010894775,-9.753999710083008,0.5687052607536316,4.4622602462768555,0.014215643517673016,0.37022486329078674,0.007672244217246771,0.3974994719028473
-3.0940001010894775,-8.753999710083008,0.5810128450393677,5.223360061645508,0.025756103917956352,1.8702772855758667,-0.010301010683178902,0.6707967519760132
-3.0940001010894775,-8.753999710083008,0.4498438835144043,1.9059323072433472,0.024147897958755493,0.5766035914421082,-0.08888363838195801,0.17705599963665009
-3.0940001010894775,-8.753999710083008,0.6789212822914124,5.135597229003906,0.016351155936717987,0.13578228652477264,0.10185198485851288,0.15214724838733673
-3.0940001010894775,-7.754000186920166,0.7020564079284668,0.1038019210100174,0.12839901447296143,1.556475043296814,-0.06407634168863297,0.05238846316933632
-3.0940001010894775,-7.754000186920166,0.5969123244285583,1.738356590270996,0.024085087701678276,0.17435817420482635,-0.1152832880616188,0.8372399210929871
-3.0940001010894775,-7.754000186920166,0.6444156765937805,4.765846252441406,0.031071888282895088,0.25630325078964233,0.181899756193161,0.11037158221006393
-3.0940001010894775,-6.754000186920166,0.8682343363761902,4.537363529205322,0.030746521428227425,1.7855077981948853,-0.06111874431371689,0.36571258306503296
-3.0940001010894775,-6.754000186920166,0.7890748381614685,1.4878932237625122,0.083519347012043,0.2121858447790146,0.10890113562345505,0.46138688921928406
-3.0940001010894775,-6.754000186920166,0.7154515981674194,4.40662956237793,0.03476913273334503,0.2738306522369385,0.1742984652519226,0.1729004979133606
-3.0940001010894775,-5.754000186920166,0.8307042717933655,3.9210329055786133,0.03670637682080269,0.8367204666137695,0.26479366421699524,0.3712918758392334
-3.0940001010894775,-5.754000186920166,0.737388014793396,1.481130599975586,0.06910740584135056,0.1735760122537613,0.029190775007009506,0.6002798676490784
-3.0940001010894775,-5.754000186920166,0.8165211081504822,5.967841148376465,0.10730841010808945,0.6173505187034607,0.0840483009815216,0.02842825837433338
-3.0940001010894775,-4.754000186920166,0.887235164642334,4.119894027709961,0.03540477529168129,0.3008243143558502,0.03073086030781269,0.5988550186157227
-3.0940001010894775,-4.754000186920166,1.0073070526123047,1.822098731994629,0.1295403093099594,0.1886468082666397,0.10346069931983948,0.3812725245952606
-3.0940001010894775,-4.754000186920166,1.0077223777770996,0.3649473488330841,0.16712312400341034,0.12563461065292358,0.171373188495636,0.019872529432177544
-3.0940001010894775,-3.753999948501587,0.9278333783149719,2.3312554359436035,0.3015778362751007,1.8027721643447876,0.13507108390331268,0.03736608102917671
-3.0940001010894775,-3.753999948501587,0.8389407992362976,4.22418737411499,0.06098389998078346,0.12917274236679077,-0.06778676807880402,0.33752453327178955
-3.0940001010894775,-3.753999948501587,0.9426745176315308,1.0392988920211792,0.06464432924985886,0.1773843765258789,-0.23813298344612122,0.6251093745231628
-3.0940001010894775,-2.753999948501587,0.8057088255882263,5.827851295471191,0.0395318903028965,1.1768893003463745,0.00797162763774395,0.2065291553735733
-3.0940001010894775,-2.753999948501587,1.0677725076675415,3.810572862625122,0.2051515430212021,0.12239625304937363,0.035334136337041855,0.2809036374092102
-3.0940001010894775,-2.753999948501587,0.9790821671485901,0.6954308748245239,0.08105669915676117,0.23061084747314453,-0.01873517967760563,0.5125672221183777
-3.0940001010894775,-1.753999948501587,1.0010722875595093,5.186776161193848,0.12441109865903854,1.6994783878326416,0.11967162042856216,0.5477855801582336
-3.0940001010894775,-1.753999948501587,1.032791256904602,3.986466646194458,0.1235763430595398,0.14242549240589142,-0.015693778172135353,0.28978362679481506
-3.0940001010894775,-1.753999948501587,0.9037584066390991,0.3166698217391968,0.04701107367873192,0.07700742036104202,-0.1643931120634079,0.1624308079481125
-3.0940001010894775,-0.7540000081062317,0.9639871716499329,1.2570887804031372,0.14179277420043945,1.9058451652526855,0.11247949302196503,0.1994914561510086
-3.0940001010894775,-0.7540000081062317,0.8952144384384155,3.950031042098999,0.08379950374364853,0.17508593201637268,0.13307934999465942,0.5686739683151245
-3.0940001010894775,-0.7540000081062317,0.7883588075637817,0.7132219076156616,0.0634126216173172,0.4234015941619873,-0.08798060566186905,0.23183457553386688
-3.0940001010894775,0.2460000067949295,0.7506028413772583,5.357863426208496,0.040908023715019226,1.5955469608306885,-0.04011395201086998,0.3568378984928131
-3.0940001010894775,0.2460000067949295,0.8956682085990906,3.7450990676879883,0.13477906584739685,0.2719607949256897,0.1419798880815506,0.5559692978858948
-3.0940001010894775,0.2460000067949295,0.885103166103363,0.9276252388954163,0.1156906932592392,0.19511772692203522,-0.15829679369926453,0.08719275146722794
-3.0940001010894775,1.246000051498413,0.9463249444961548,5.1562395095825195,0.0640043318271637,1.8197888135910034,0.09769735485315323,0.3732081949710846
-3.0940001010894775,1.246000051498413,1.090791940689087,3.0827605724334717,0.11273864656686783,0.14451473951339722,-0.06999798864126205,0.43722113966941833
-3.0940001010894775,1.246000051498413,1.129124402999878,5.8314900398254395,0.08059801906347275,0.054977934807538986,-0.10181739181280136,0.18957065045833588
-3.0940001010894775,2.246000051498413,1.0560567378997803,4.802244186401367,0.2858385741710663,2.067650318145752,0.09767451882362366,0.166352316737175
-3.0940001010894775,2.246000051498413,1.0889981985092163,3.0027735233306885,0.08980892598628998,0.09789305180311203,-0.03647186607122421,0.477378249168396
-3.0940001010894775,2.246000051498413,1.0909312963485718,6.182520389556885,0.06322310119867325,0.03517061844468117,0.01790449768304825,0.3562694191932678
-3.0940001010894775,3.246000051498413,0.9286291003227234,5.6146745681762695,0.08944514393806458,1.6292765140533447,0.019039031118154526,0.18154406547546387
-3.0940001010894775,3.246000051498413,1.0599315166473389,2.8507869243621826,0.08733014762401581,0.0641389712691307,0.0703066885471344,0.41134515404701233
-3.0940001010894775,3.246000051498413,1.1072379350662231,6.177277088165283,0.06926808506250381,0.035356611013412476,0.027843795716762543,0.4071108400821686
-3.0940001010894775,4.245999813079834,0.9413630962371826,4.839147567749023,0.15389162302017212,2.373521089553833,0.058874208480119705,0.12408246845006943
-3.0940001010894775,4.245999813079834,1.0195903778076172,2.8154561519622803,0.07168500125408173,0.06480089575052261,0.06991928070783615,0.629564642906189
-3.0940001010894775,4.245999813079834,1.013207197189331,5.860176086425781,0.0600290447473526,0.05565933510661125,0.07562241703271866,0.24635286629199982
-3.0940001010894775,5.245999813079834,0.9512209892272949,4.486593723297119,0.12186327576637268,2.0311310291290283,0.025909358635544777,0.13285498321056366
-3.0940001010894775,5.245999813079834,1.076439619064331,2.6497139930725098,0.0781906321644783,0.03779775649309158,0.1552984118461609,0.5172739624977112
-3.0940001010894775,5.245999813079834,1.1612439155578613,5.8744797706604,0.07629995793104172,0.03372997045516968,0.008715643547475338,0.34987103939056396
-3.0940001010894775,6.245999813079834,0.8951194286346436,5.364977836608887,0.04938822239637375,1.3621976375579834,0.0564199797809124,0.27614647150039673
-3.0940001010894775,6.245999813079834,0.9625358581542969,2.8375937938690186,0.10080624371767044,0.349326491355896,0.23677906394004822,0.3782992959022522
-3.0940001010894775,6.245999813079834,1.1155619621276855,6.0011796951293945,0.06374616920948029,0.021752526983618736,-0.06506335735321045,0.34555429220199585
-3.0940001010894775,7.245999813079834,0.9411099553108215,4.230955123901367,0.05410778895020485,0.8877429962158203,0.04211178794503212,0.24511992931365967
-3.0940001010894775,7.245999813079834,0.8307319283485413,2.682361602783203,0.052979663014411926,2.3005211353302,0.11280850321054459,0.6749183535575867
-3.0940001010894775,7.245999813079834,1.182900309562683,0.5429065823554993,0.15791623294353485,0.16247762739658356,-0.20977599918842316,0.07996175438165665
-3.0940001010894775,8.246000289916992,0.8382663726806641,3.8417181968688965,0.08695168793201447,0.8511013388633728,0.09169881045818329,0.22496287524700165
-3.0940001010894775,8.246000289916992,0.7996720671653748,1.7756599187850952,0.04476834088563919,1.3034857511520386,-0.23776943981647491,0.6453700661659241
-3.0940001010894775,8.246000289916992,0.9580085873603821,0.5751961469650269,0.0821990966796875,1.833762526512146,-0.15120792388916016,0.12966705858707428
-3.0940001010894775,9.246000289916992,0.7828490734100342,1.872800350189209,0.09087976068258286,1.595273494720459,-0.019387945532798767,0.23111096024513245
-3.0940001010894775,9.246000289916992,0.6428495645523071,2.0982062816619873,0.029644154012203217,0.14930756390094757,-0.30161386728286743,0.5137676000595093
-3.0940001010894775,9.246000289916992,0.5821780562400818,5.216650009155273,0.021315984427928925,0.9798529744148254,0.057091325521469116,0.25512146949768066
-3.0940001010894775,10.246000289916992,0.6858733892440796,2.529731512069702,0.08666381984949112,0.9024186134338379,-0.06055104732513428,0.21592587232589722
-3.0940001010894775,10.246000289916992,0.5068886280059814,1.4974907636642456,0.019418865442276,0.4298793077468872,-0.1433962732553482,0.5444754958152771
-3.0940001010894775,10.246000289916992,0.5583517551422119,5.147603988647461,0.020255668088793755,1.0496896505355835,0.09508725255727768,0.23959866166114807
-3.0940001010894775,11.246000289916992,0.9506739377975464,6.248774528503418,0.17406129837036133,2.278144359588623,0.2182985544204712,0.00390870776027441
-3.0940001010894775,11.246000289916992,0.6001591086387634,4.407510280609131,0.006142870988696814,2.6392388343811035,-0.2942417562007904,0.9932891726493835
-3.0940001010894775,11.246000289916992,0.6481322646141052,0.6688801646232605,0.0394083708524704,4.518409252166748,0.05575285851955414,0.002802149625495076
-2.0940001010894775,-10.753999710083008,0.7309014797210693,3.2399725914001465,0.2821909785270691,0.6441055536270142,0.0146143464371562,0.002389134606346488
-2.0940001010894775,-10.753999710083008,0.37954986095428467,4.208553791046143,0.01077285222709179,2.6015632152557373,-0.1367008537054062,0.0014134541852399707
-2.0940001010894775,-10.753999710083008,0.5993676781654358,2.2290053367614746,0.0050186095759272575,0.25713884830474854,-0.365712434053421,0.9961974620819092
-2.0940001010894775,-9.753999710083008,0.5948828458786011,5.998505115509033,0.09211768209934235,1.0818017721176147,-0.03488156944513321,0.06648385524749756
-2.0940001010894775,-9.753999710083008,0.5670665502548218,1.3759516477584839,0.09167613089084625,0.6765643358230591,-0.03890613839030266,0.016914159059524536
-2.0940001010894775,-9.753999710083008,0.6239609122276306,5.06773567199707,0.013957549817860126,0.13082440197467804,-0.011587169952690601,0.9166020154953003
-2.0940001010894775,-8.753999710083008,0.6040233373641968,0.07127394527196884,0.012564047239720821,1.1596442461013794,-0.078119657933712,0.9144095182418823
-2.0940001010894775,-8.753999710083008,0.5645274519920349,2.2818691730499268,0.09127669036388397,0.29094088077545166,0.3168499767780304,0.03876915201544762
-2.0940001010894775,-8.753999710083008,0.824610710144043,5.708934783935547,0.08513131737709045,0.07096493989229202,0.06820237636566162,0.04682142287492752
-2.0940001010894775,-7.754000186920166,0.7408959865570068,1.0458053350448608,0.06837911903858185,1.6582022905349731,-0.06245777755975723,0.1414453387260437
-2.0940001010894775,-7.754000186920166,0.7265406847000122,1.6727277040481567,0.09646742790937424,0.08780450373888016,0.04700171574950218,0.3401208221912384
-2.0940001010894775,-7.754000186920166,0.7977854609489441,5.075868606567383,0.0910339504480362,0.0757216364145279,-0.026700472459197044,0.5184338688850403
-2.0940001010894775,-6.754000186920166,0.7112694978713989,3.939697265625,0.0588361956179142,1.1917682886123657,0.09705199301242828,0.23932859301567078
-2.0940001010894775,-6.754000186920166,0.9056298732757568,1.8696755170822144,0.12886391580104828,0.17870555818080902,0.12979812920093536,0.6005231738090515
-2.0940001010894775,-6.754000186920166,0.6797398924827576,4.840141296386719,0.0475749671459198,0.12125448882579803,0.08454029262065887,0.1601482480764389
-2.0940001010894775,-5.754000186920166,0.8977362513542175,4.692422866821289,0.10362602025270462,0.8427073955535889,0.42463091015815735,0.029605956748127937
-2.0940001010894775,-5.754000186920166,0.7297025322914124,1.4813783168792725,0.04688479006290436,0.23080463707447052,0.13200651109218597,0.9515348076820374
-2.0940001010894775,-5.754000186920166,0.7906859517097473,0.41124510765075684,0.10160920768976212,0.4132547974586487,0.18368229269981384,0.018859272822737694
-2.0940001010894775,-4.754000186920166,0.8892902135848999,4.5262131690979,0.025344492867588997,0.24606919288635254,0.054266370832920074,0.954378068447113
-2.0940001010894775,-4.754000186920166,1.0543147325515747,2.3635756969451904,0.41026684641838074,0.2806837260723114,0.1568392515182495,0.03931837156414986
-2.0940001010894775,-4.754000186920166,0.8281096816062927,6.118710517883301,0.10217621177434921,0.09780906140804291,0.08767461031675339,0.006303591188043356
-2.0940001010894775,-3.753999948501587,0.9810929298400879,0.5350605249404907,0.37476280331611633,2.2651050090789795,0.23318158090114594,0.03918035700917244
-2.0940001010894775,-3.753999948501587,0.6106195449829102,3.3359010219573975,0.020176246762275696,0.7481689453125,0.0605209618806839,0.9058657884597778
-2.0940001010894775,-3.753999948501587,0.7591128349304199,0.06670255959033966,0.04696933180093765,0.3838377296924591,-0.15949273109436035,0.05495383217930794
-2.0940001010894775,-2.753999948501587,0.8306458592414856,3.9179744720458984,0.062454983592033386,1.0474355220794678,0.1507583111524582,0.037029724568128586
-2.0940001010894775,-2.753999948501587,1.0304780006408691,3.9947128295898438,0.14711220562458038,0.1459219604730606,-0.031693290919065475,0.2772206962108612
-2.0940001010894775,-2.753999948501587,1.0201513767242432,0.7188438177108765,0.07841762900352478,0.198287695646286,-0.0689585730433464,0.6857495903968811
-2.0940001010894775,-1.753999948501587,1.0916972160339355,5.428508281707764,0.17530351877212524,1.9787801504135132,0.2618969678878784,0.1783534586429596
-2.0940001010894775,-1.753999948501587,0.9022679328918457,4.053557395935059,0.08070048689842224,0.8715746402740479,-0.07417018711566925,0.6172450184822083
-2.0940001010894775,-1.753999948501587,0.8863642811775208,0.34030306339263916,0.05700616538524628,0.1695564240217209,-0.06063872203230858,0.20440150797367096
-2.0940001010894775,-0.7540000081062317,1.106797695159912,6.103994846343994,0.23549902439117432,2.353388786315918,0.18378396332263947,0.17582547664642334
-2.0940001010894775,-0.7540000081062317,0.8260459899902344,3.8137221336364746,0.082515187561512,0.314891517162323,0.1734880805015564,0.7431122064590454
-2.0940001010894775,-0.7540000081062317,0.7174065113067627,0.43859249353408813,0.082077756524086,0.5600698590278625,-0.05034932121634483,0.08106225728988647
-2.0940001010894775,0.2460000067949295,0.808567225933075,5.961963176727295,0.06190188601613045,1.4719672203063965,0.024614732712507248,0.48635584115982056
-2.0940001010894775,0.2460000067949295,0.8639965653419495,3.3456215858459473,0.09296365082263947,0.28225675225257874,0.0682130679488182,0.361301451921463
-2.0940001010894775,0.2460000067949295,0.8282788395881653,0.9083602428436279,0.06444409489631653,0.1349021941423416,-0.16609451174736023,0.15234273672103882
-2.0940001010894775,1.246000051498413,0.8308748602867126,0.377519816160202,0.04427768290042877,1.5051257610321045,0.09479983150959015,0.36768582463264465
-2.0940001010894775,1.246000051498413,0.961184561252594,3.1535353660583496,0.10438638925552368,0.34078213572502136,-0.06876268237829208,0.3854900896549225
-2.0940001010894775,1.246000051498413,1.064267635345459,6.060919284820557,0.08629578351974487,0.07391219586133957,-0.15375371277332306,0.24682402610778809
-2.0940001010894775,2.246000051498413,1.008387804031372,5.712382793426514,0.10981382429599762,1.6950972080230713,0.13689479231834412,0.2010323852300644
-2.0940001010894775,2.246000051498413,1.0265363454818726,2.9059035778045654,0.08779001981019974,0.14173409342765808,-0.005472017917782068,0.45140811800956726
-2.0940001010894775,2.246000051498413,1.0279490947723389,6.064640522003174,0.05683613196015358,0.060673631727695465,0.12316152453422546,0.34755954146385193
-2.0940001010894775,3.246000051498413,0.872039258480072,5.160400390625,0.0688500627875328,1.1940301656723022,0.019817674532532692,0.2508254051208496
-2.0940001010894775,3.246000051498413,1.0025634765625,2.6197872161865234,0.06486868858337402,0.04251805692911148,0.09395293146371841,0.38641202449798584
-2.0940001010894775,3.246000051498413,1.1173030138015747,6.021669387817383,0.09109736979007721,0.04592990502715111,0.08237916976213455,0.3627624809741974
-2.0940001010894775,4.245999813079834,0.9271121621131897,5.227108001708984,0.09676852822303772,1.8429814577102661,-0.0028580587822943926,0.1314420998096466
-2.0940001010894775,4.245999813079834,1.023490071296692,2.6262738704681396,0.0703095868229866,0.033977095037698746,0.10024108737707138,0.5521264672279358
-2.0940001010894775,4.245999813079834,1.0316853523254395,5.919691562652588,0.06261567771434784,0.052766285836696625,0.019132232293486595,0.3164314329624176
-2.0940001010894775,5.245999813079834,0.948151171207428,5.240129470825195,0.0778423398733139,2.3702261447906494,0.11817938089370728,0.1730785369873047
-2.0940001010894775,5.245999813079834,0.9843090176582336,2.662902593612671,0.06333836913108826,0.08385135233402252,0.12817096710205078,0.4164213538169861
-2.0940001010894775,5.245999813079834,1.0211807489395142,5.883224010467529,0.04718227684497833,0.03480279818177223,0.07058792561292648,0.410500168800354
-2.0940001010894775,6.245999813079834,0.8987420797348022,4.029257774353027,0.019762180745601654,0.6177933812141418,0.236893430352211,0.274527370929718
-2.0940001010894775,6.245999813079834,0.8906033635139465,2.7277159690856934,0.10027173161506653,1.4190897941589355,0.1555490344762802,0.5760539174079895
-2.0940001010894775,6.245999813079834,1.0180028676986694,5.968343734741211,0.08111562579870224,0.09976714104413986,0.04196281358599663,0.1494186818599701
-2.0940001010894775,7.245999813079834,0.8268951773643494,4.7162885665893555,0.021170983090996742,0.5710759162902832,-0.029360244050621986,0.24513302743434906
-2.0940001010894775,7.245999813079834,0.8359204530715942,1.9314075708389282,0.060463376343250275,1.8901898860931396,0.07999827712774277,0.7032647728919983
-2.0940001010894775,7.245999813079834,1.15828275680542,0.003008313477039337,0.22318437695503235,0.40300172567367554,-0.1441344916820526,0.05160225182771683
-2.0940001010894775,8.246000289916992,0.7488247752189636,5.132794380187988,0.030957112088799477,1.2278028726577759,-0.05572653189301491,0.4095580577850342
-2.0940001010894775,8.246000289916992,1.0110366344451904,1.7865471839904785,0.11391513794660568,0.21515904366970062,-0.24975746870040894,0.4935275912284851
-2.0940001010894775,8.246000289916992,0.8569086790084839,5.678182125091553,0.11724168807268143,0.9952163100242615,0.052830010652542114,0.09691429138183594
-2.0940001010894775,9.246000289916992,0.9153563380241394,3.3269760608673096,0.060130342841148376,1.035677433013916,0.09471173584461212,0.25900211930274963
-2.0940001010894775,9.246000289916992,0.8744038343429565,1.3834869861602783,0.12312691658735275,0.2996649146080017,-0.2106333076953888,0.5426667928695679
-2.0940001010894775,9.246000289916992,0.6257448196411133,5.512317180633545,0.03232927247881889,1.2308425903320312,0.1435932070016861,0.19833111763000488
-2.0940001010894775,10.246000289916992,0.7438616156578064,3.5123424530029297,0.05429685115814209,0.84071284532547,0.11675988137722015,0.23908540606498718
-2.0940001010894775,10.246000289916992,0.6691401600837708,0.8895003199577332,0.06952457129955292,0.6143701672554016,-0.10575585812330246,0.7391135096549988
-2.0940001010894775,10.246000289916992,0.6598671078681946,5.209120750427246,0.07748768478631973,2.578587770462036,0.057147685438394547,0.02180115506052971
-2.0940001010894775,11.246000289916992,0.9582353234291077,4.489975929260254,0.14752903580665588,2.4513180255889893,0.0075338054448366165,0.028035443276166916
-2.0940001010894775,11.246000289916992,0.7171469330787659,0.761646032333374,0.03161483630537987,0.18972234427928925,-0.12931162118911743,0.4467727541923523
-2.0940001010894775,11.246000289916992,0.5998225212097168,4.0188398361206055,0.021193107590079308,0.7755836844444275,0.13107523322105408,0.5251918435096741
-2.0940001010894775,12.246000289916992,0.826218843460083,2.7011563777923584,0.8520873188972473,2.0280659198760986,0.3145112991333008,0.0006563858478330076
-2.0940001010894775,12.246000289916992,0.5311440229415894,1.2569929361343384,0.012315656058490276,0.025444211438298225,-0.00332709145732224,0.999045193195343
-2.0940001010894775,12.246000289916992,0.573012113571167,5.208742618560791,0.025448068976402283,0.18625567853450775,-0.09151916950941086,0.0002984452876262367
-1.093999981880188,-7.754000186920166,0.8940433263778687,5.853041172027588,0.7278264760971069,2.614515781402588,0.01724107377231121,0.0011260139290243387
-1.093999981880188,-7.754000186920166,1.1018271446228027,2.1167118549346924,0.060339413583278656,0.005516152363270521,0.09713944047689438,0.08069484680891037
-1.093999981880188,-7.754000186920166,0.8486068844795227,5.202470779418945,0.0329931378364563,0.012100559659302235,-0.02013040892779827,0.9181791543960571
-1.093999981880188,-3.753999948501587,0.7754903435707092,4.697243690490723,0.11296204477548599,1.7105283737182617,0.10495687276124954,0.03923598676919937
-1.093999981880188,-3.753999948501587,0.46214061975479126,2.7144596576690674,0.02893165312707424,0.6895326375961304,0.07311712205410004,0.024232221767306328
-1.093999981880188,-3.753999948501587,0.5526694655418396,5.176029205322266,0.015188666060566902,0.1177559420466423,-0.04153431951999664,0.9365317821502686
-1.093999981880188,-2.753999948501587,0.611290454864502,4.884693145751953,0.0735514685511589,1.6684774160385132,0.1308477371931076,0.24326713383197784
-1.093999981880188,-2.753999948501587,0.5367937088012695,2.3291499614715576,0.03511820733547211,1.6931827068328857,-0.06330359727144241,0.4495047926902771
-1.093999981880188,-2.753999948501587,0.6606478691101074,5.820743560791016,0.018622325733304024,0.7410784959793091,-0.2045576572418213,0.307228147983551
-1.093999981880188,-1.753999948501587,0.9635319709777832,3.7037746906280518,0.14420689642429352,1.2665315866470337,0.2776848077774048,0.25419315695762634
-1.093999981880188,-1.753999948501587,0.5824170112609863,2.8106541633605957,0.05300750955939293,1.15790593624115,-0.0006160865887068212,0.28593331575393677
-1.093999981880188,-1.753999948501587,0.7828181385993958,0.5196038484573364,0.07361489534378052,0.11913975328207016,-0.261499285697937,0.4598735272884369
-1.093999981880188,-0.7540000081062317,1.204756259918213,0.09010008722543716,0.448513925075531,2.096120834350586,0.11091886460781097,0.22723086178302765
-1.093999981880188,-0.7540000081062317,1.0081886053085327,3.6631267070770264,0.13181711733341217,0.5546320080757141,0.17671936750411987,0.5380545258522034
-1.093999981880188,-0.7540000081062317,0.8769882917404175,0.8014281392097473,0.06719328463077545,0.1739669144153595,-0.43892186880111694,0.23471461236476898
-1.093999981880188,0.2460000067949295,0.8479494452476501,5.08647346496582,0.061344850808382034,1.3170952796936035,0.01800365187227726,0.6639337539672852
-1.093999981880188,0.2460000067949295,1.0892189741134644,3.1600048542022705,0.12157577276229858,0.2218356728553772,-0.08885543048381805,0.2631530463695526
-1.093999981880188,0.2460000067949295,1.2050060033798218,0.6163700222969055,0.1370723694562912,0.1135626882314682,-0.1368882954120636,0.07291316986083984
-1.093999981880188,1.246000051498413,0.7583155035972595,0.14401768147945404,0.051660116761922836,1.910473346710205,0.010621415451169014,0.31462159752845764
-1.093999981880188,1.246000051498413,1.022935390472412,3.467477560043335,0.1344580352306366,0.23433823883533478,-0.14152681827545166,0.3886513113975525
-1.093999981880188,1.246000051498413,1.2227928638458252,6.030124664306641,0.1000296100974083,0.048772022128105164,-0.1589491367340088,0.2967270612716675
-1.093999981880188,2.246000051498413,0.9963418841362,4.3653788566589355,0.18300986289978027,1.8083330392837524,0.08826372772455215,0.15347594022750854
-1.093999981880188,2.246000051498413,1.0800000429153442,2.953690767288208,0.08277494460344315,0.08822484314441681,0.0009665015386417508,0.5081623792648315
-1.093999981880188,2.246000051498413,1.0565862655639648,6.075067043304443,0.05463167279958725,0.04404272511601448,-0.020943906158208847,0.3383617401123047
-1.093999981880188,3.246000051498413,0.8676720857620239,4.7930498123168945,0.1099119707942009,2.156320810317993,0.014408459886908531,0.13831326365470886
-1.093999981880188,3.246000051498413,1.0613735914230347,2.68114972114563,0.09311089664697647,0.0792718231678009,0.048685137182474136,0.5039755702018738
-1.093999981880188,3.246000051498413,1.0689085721969604,5.990686416625977,0.07820510119199753,0.05838889256119728,0.015306543558835983,0.35771116614341736
-1.093999981880188,4.245999813079834,0.9260975122451782,4.976961612701416,0.17166483402252197,2.293623685836792,0.005912591703236103,0.08911637216806412
-1.093999981880188,4.245999813079834,1.1391940116882324,2.6272401809692383,0.09895964711904526,0.03108663484454155,-0.028208281844854355,0.4646757245063782
-1.093999981880188,4.245999813079834,0.9859738349914551,5.9191460609436035,0.05517764016985893,0.03258323669433594,0.02034388668835163,0.4462078809738159
-1.093999981880188,5.245999813079834,1.0402147769927979,5.67690372467041,0.12456899881362915,1.6376830339431763,0.07690830528736115,0.23807461559772491
-1.093999981880188,5.245999813079834,1.0166033506393433,2.5257511138916016,0.07743719220161438,0.08583814650774002,-0.01965256966650486,0.37272390723228455
-1.093999981880188,5.245999813079834,1.036842703819275,5.925354480743408,0.04240895062685013,0.032176584005355835,-0.04499402269721031,0.3892015218734741
-1.093999981880188,6.245999813079834,0.9579164981842041,4.5729475021362305,0.04165297746658325,1.0043984651565552,0.1696743369102478,0.177120178937912
-1.093999981880188,6.245999813079834,0.9467978477478027,2.2660751342773438,0.0854814425110817,1.1435952186584473,0.09641573578119278,0.7644917368888855
-1.093999981880188,6.245999813079834,1.0143959522247314,5.65358304977417,0.08008010685443878,0.3188149034976959,0.03254545107483864,0.05838806927204132
-1.093999981880188,7.245999813079834,0.8693975210189819,4.537203788757324,0.05318630859255791,1.0263886451721191,0.0855468213558197,0.13122199475765228
-1.093999981880188,7.245999813079834,0.8993309736251831,2.2601425647735596,0.10753455758094788,0.882247805595398,0.07630771398544312,0.8402516841888428
-1.093999981880188,7.245999813079834,1.0061757564544678,5.26159143447876,0.12934613227844238,0.6518439650535583,0.015497046522796154,0.02852633036673069
-1.093999981880188,8.246000289916992,0.7394990921020508,4.575860977172852,0.030552750453352928,1.060477614402771,0.08411864936351776,0.44668933749198914
-1.093999981880188,8.246000289916992,1.0094026327133179,1.6543281078338623,0.09299173951148987,0.12501433491706848,-0.09329748153686523,0.5425403118133545
-1.093999981880188,8.246000289916992,0.8849411606788635,4.979282855987549,0.12161920219659805,1.1829584836959839,0.15883855521678925,0.010770309716463089
-1.093999981880188,9.246000289916992,0.8269273638725281,4.064103126525879,0.03523635491728783,0.7995837330818176,0.10095221549272537,0.2915421724319458
-1.093999981880188,9.246000289916992,0.9494075775146484,1.1258174180984497,0.09955009073019028,0.18015921115875244,0.05788205564022064,0.6980898976325989
-1.093999981880188,9.246000289916992,0.7351921200752258,5.970693588256836,0.16190995275974274,2.106437921524048,0.1569443792104721,0.010367905721068382
-1.093999981880188,10.246000289916992,0.7351605892181396,3.294694423675537,0.05108177289366722,0.8917504549026489,0.13759689033031464,0.08565706014633179
-1.093999981880188,10.246000289916992,0.726356565952301,0.6035524606704712,0.02481660433113575,0.2717038094997406,0.1150355115532875,0.8871573805809021
-1.093999981880188,10.246000289916992,0.7729460597038269,0.28298303484916687,0.10192032903432846,0.7794672846794128,0.06381253898143768,0.027185583487153053
-1.093999981880188,11.246000289916992,0.9824768304824829,5.040485382080078,0.25710585713386536,2.4671106338500977,0.05283232405781746,0.008829791098833084
-1.093999981880188,11.246000289916992,0.7613376975059509,1.0760737657546997,0.0350351557135582,0.31471386551856995,-0.05471743643283844,0.9887171983718872
-1.093999981880188,11.246000289916992,0.5910370945930481,5.981361389160156,0.0741211473941803,2.873675584793091,-0.10675984621047974,0.0024529548827558756
-1.093999981880188,12.246000289916992,0.9762189388275146,4.850642681121826,0.1054285541176796,1.0282716751098633,0.18902938067913055,0.09127219766378403
-1.093999981880188,12.246000289916992,0.8920189142227173,1.5484181642532349,0.11941537261009216,0.10607033967971802,0.33335059881210327,0.901273250579834
-1.093999981880188,12.246000289916992,0.7207995057106018,5.4290266036987305,0.05177628621459007,0.06464799493551254,0.09098110347986221,0.007454500067979097
-0.09399999678134918,-3.753999948501587,0.9364871382713318,0.5160667300224304,0.09772992879152298,0.6117651462554932,-0.02161659672856331,0.003363385796546936
-0.09399999678134918,-3.753999948501587,0.5106223821640015,2.185727119445801,0.3640200197696686,4.87313985824585,0.2897549271583557,9.91254928521812e-05
-0.09399999678134918,-3.753999948501587,0.568964958190918,4.758444309234619,0.016702769324183464,0.13216035068035126,0.012025091797113419,0.996537446975708
-0.09399999678134918,-2.753999948501587,0.6244890093803406,6.2339653968811035,0.034741051495075226,2.1656792163848877,0.08718090504407883,0.3247509300708771
-0.09399999678134918,-2.753999948501587,0.5626221299171448,1.7252908945083618,0.04177631437778473,0.872818648815155,0.21775755286216736,0.5903283357620239
-0.09399999678134918,-2.753999948501587,0.6472561359405518,5.807323932647705,0.037591539323329926,0.7907333374023438,-0.10715778917074203,0.08492076396942139
-0.09399999678134918,-1.753999948501587,0.6290006637573242,3.1251261234283447,0.034277040511369705,0.7160797119140625,0.15538939833641052,0.4413824677467346
-0.09399999678134918,-1.753999948501587,0.5484988689422607,1.611188530921936,0.02503076195716858,0.9217975735664368,-0.09326823800802231,0.425551176071167
-0.09399999678134918,-1.753999948501587,0.7029653191566467,5.797811985015869,0.040446143597364426,1.2759559154510498,0.10434358566999435,0.1330663561820984
-0.09399999678134918,-0.7540000081062317,1.1190800666809082,5.352928161621094,0.21397247910499573,1.9248645305633545,0.06340351700782776,0.1466483324766159
-0.09399999678134918,-0.7540000081062317,0.9209374785423279,3.1761717796325684,0.13067778944969177,0.9179906845092773,0.12653835117816925,0.534722626209259
-0.09399999678134918,-0.7540000081062317,1.0372098684310913,0.30414706468582153,0.14060622453689575,0.09887892007827759,-0.4359157979488373,0.31862905621528625
-0.09399999678134918,0.2460000067949295,0.9455472826957703,4.805765628814697,0.046922389417886734,1.6404004096984863,-0.028180677443742752,0.3451237082481384
-0.09399999678134918,0.2460000067949295,1.0877825021743774,3.11647367477417,0.0827871635556221,0.5866333246231079,-0.08392935991287231,0.5189855694770813
-0.09399999678134918,0.2460000067949295,1.3966275453567505,0.45767322182655334,0.16184304654598236,0.09882756322622299,-0.21070000529289246,0.1358906775712967
-0.09399999678134918,1.246000051498413,0.8420264720916748,6.203527450561523,0.0794026255607605,2.148103713989258,0.04048223793506622,0.1285678893327713
-0.09399999678134918,1.246000051498413,1.1142909526824951,3.5558273792266846,0.08591974526643753,0.09348300844430923,-0.04317096993327141,0.41696155071258545
-0.09399999678134918,1.246000051498413,1.1842665672302246,0.12277881801128387,0.06727131456136703,0.045266084372997284,-0.1192285418510437,0.45447054505348206
-0.09399999678134918,2.246000051498413,0.8964521884918213,3.4711732864379883,0.10648366063833237,2.1164097785949707,0.09146945178508759,0.09916184842586517
-0.09399999678134918,2.246000051498413,1.0792335271835327,2.961355209350586,0.0788717046380043,0.06847593188285828,0.08126172423362732,0.4849856197834015
-0.09399999678134918,2.246000051498413,1.137811541557312,6.072836399078369,0.0681157186627388,0.03812391683459282,0.002098066033795476,0.4158526062965393
-0.09399999678134918,3.246000051498413,0.8347922563552856,4.599301815032959,0.06698939949274063,2.3753974437713623,-0.031015554443001747,0.20170703530311584
-0.09399999678134918,3.246000051498413,1.0204827785491943,2.676184892654419,0.08770648390054703,0.0697544664144516,0.07568563520908356,0.6066864132881165
-0.09399999678134918,3.246000051498413,1.176016926765442,5.941286087036133,0.09366657584905624,0.05573539808392525,-0.09666964411735535,0.19160662591457367
-0.09399999678134918,4.245999813079834,0.8463306427001953,4.773990631103516,0.05108358711004257,2.0930533409118652,-0.08940096944570541,0.25379300117492676
-0.09399999678134918,4.245999813079834,1.1510740518569946,2.536689043045044,0.10717476159334183,0.07844296842813492,-0.04269011318683624,0.44479209184646606
-0.09399999678134918,4.245999813079834,1.1688557863235474,5.956639289855957,0.08213157206773758,0.04202226549386978,-0.10692661255598068,0.30141499638557434
-0.09399999678134918,5.245999813079834,0.8991726040840149,4.853854179382324,0.06303954869508743,1.845781683921814,0.08268348127603531,0.2165798842906952
-0.09399999678134918,5.245999813079834,0.9733061790466309,2.446345806121826,0.08161433041095734,0.1419225037097931,-0.04418514668941498,0.6692900061607361
-0.09399999678134918,5.245999813079834,1.0071074962615967,5.83258056640625,0.06598512828350067,0.07766591012477875,-0.011967220343649387,0.11413013190031052
-0.09399999678134918,6.245999813079834,0.9377455711364746,4.709074974060059,0.07172893732786179,1.3360720872879028,0.10794481635093689,0.35475367307662964
-0.09399999678134918,6.245999813079834,0.8338205814361572,2.1943187713623047,0.08354219049215317,0.5001870393753052,-0.010844698175787926,0.5316786766052246
-0.09399999678134918,6.245999813079834,0.9482119083404541,5.076409816741943,0.05817842483520508,0.36685991287231445,-0.052470192313194275,0.11356762051582336
-0.09399999678134918,7.245999813079834,1.0481364727020264,5.31516170501709,0.10137920826673508,1.7176066637039185,0.10817086696624756,0.14764776825904846
-0.09399999678134918,7.245999813079834,0.8764196634292603,1.8628989458084106,0.06443324685096741,0.5554028749465942,0.17455990612506866,0.6077824831008911
-0.09399999678134918,7.245999813079834,0.9235885739326477,4.771927356719971,0.05532553419470787,0.34436798095703125,0.1316698044538498,0.24456971883773804
-0.09399999678134918,8.246000289916992,0.7658496499061584,4.905900955200195,0.03694044426083565,1.3549803495407104,0.07445716112852097,0.37715545296669006
-0.09399999678134918,8.246000289916992,0.8421198129653931,1.5971759557724,0.07605019956827164,0.2384699434041977,0.14523933827877045,0.5206096172332764
-0.09399999678134918,8.246000289916992,0.8327292203903198,4.698814392089844,0.06072329729795456,0.35853075981140137,0.19796137511730194,0.10223495960235596
-0.09399999678134918,9.246000289916992,0.8714134097099304,4.291155815124512,0.08094488084316254,0.44253090023994446,0.11098849028348923,0.34632423520088196
-0.09399999678134918,9.246000289916992,0.9222730994224548,1.1534302234649658,0.06080048158764839,0.20590054988861084,0.20777443051338196,0.582288384437561
-0.09399999678134918,9.246000289916992,0.7966737747192383,5.450448513031006,0.09190668910741806,0.45741593837738037,0.18221743404865265,0.07138743251562119
-0.09399999678134918,10.246000289916992,0.6099148988723755,4.653835296630859,0.023039283230900764,0.9434278607368469,0.1108379140496254,0.097445547580719
-0.09399999678134918,10.246000289916992,0.8878855109214783,1.152518391609192,0.049957435578107834,0.2674853205680847,0.17616260051727295,0.8919854760169983
-0.09399999678134918,10.246000289916992,1.043450951576233,0.7402939200401306,0.388794869184494,0.3821232318878174,0.09757747501134872,0.01056898757815361
-0.09399999678134918,11.246000289916992,0.7161527872085571,0.7475410103797913,0.09696700423955917,0.791606605052948,0.02975556254386902,0.008451092056930065
-0.09399999678134918,11.246000289916992,0.7237021923065186,1.7355138063430786,0.05003422126173973,0.3177485466003418,0.48962047696113586,0.9905877113342285
-0.09399999678134918,11.246000289916992,0.5851945877075195,0.27069929242134094,0.15399040281772614,1.1738401651382446,0.1362709403038025,0.0009612139547243714
-0.09399999678134918,12.246000289916992,1.0158464908599854,4.926090717315674,0.016084395349025726,0.4363575279712677,-0.11640025675296783,0.816077709197998
-0.09399999678134918,12.246000289916992,1.098939061164856,2.281132936477661,0.19888360798358917,0.23487190902233124,0.5280434489250183,0.17381349205970764
-0.09399999678134918,12.246000289916992,1.0053787231445312,5.863566875457764,0.10832244157791138,0.0638757273554802,0.14678455889225006,0.010108775459229946
0.906000018119812,-3.753999948501587,0.6727173328399658,0.19021600484848022,0.20952793955802917,0.631985068321228,-0.11772021651268005,4.8681581574783195e-06
0.906000018119812,-3.753999948501587,0.37373238801956177,3.4345905780792236,0.12066596746444702,1.8027607202529907,0.43737727403640747,8.701211299921852e-06
0.906000018119812,-3.753999948501587,0.455314040184021,4.582130432128906,0.007520799525082111,0.03158176317811012,0.1480068415403366,0.9999864101409912
0.906000018119812,-2.753999948501587,0.3654409646987915,5.928828239440918,0.006593312136828899,1.2703578472137451,-0.0063305445946753025,0.7042276263237
0.906000018119812,-2.753999948501587,0.6447397470474243,3.0493736267089844,0.13784363865852356,0.36836546659469604,-0.21186292171478271,0.07157071679830551
0.906000018119812,-2.753999948501587,0.9571030139923096,6.158870220184326,0.09981981664896011,0.06138654798269272,-0.2333301156759262,0.22420166432857513
0.906000018119812,-1.753999948501587,0.648106575012207,4.864010810852051,0.06412038952112198,1.1808936595916748,-0.1363508105278015,0.19378367066383362
0.906000018119812,-1.753999948501587,0.5278946757316589,2.417388677597046,0.05296751484274864,0.9111217856407166,-0.029335543513298035,0.11229073256254196
0.906000018119812,-1.753999948501587,0.5785583853721619,5.03166389465332,0.01547848992049694,0.9521462321281433,0.10470420122146606,0.6939256191253662
0.906000018119812,-0.7540000081062317,0.9983090162277222,4.807614803314209,0.11857220530509949,2.6438984870910645,0.17724943161010742,0.1289428472518921
0.906000018119812,-0.7540000081062317,0.7348889112472534,2.6572611331939697,0.056361205875873566,0.6128633618354797,0.03938626870512962,0.716582715511322
0.906000018119812,-0.7540000081062317,1.060128927230835,0.23191827535629272,0.14095795154571533,0.17186903953552246,-0.2621702551841736,0.15447448194026947
0.906000018119812,0.2460000067949295,0.8517798781394958,5.43260383605957,0.02717309631407261,1.622409462928772,-0.015323737636208534,0.7671625018119812
0.906000018119812,0.2460000067949295,0.9525344371795654,2.931425094604492,0.10439121723175049,0.5541775226593018,0.073934406042099,0.207962766289711
0.906000018119812,0.2460000067949295,1.2996653318405151,0.2576899230480194,0.16192898154258728,0.10314743220806122,-0.18380559980869293,0.024874761700630188
0.906000018119812,1.246000051498413,0.740604817867279,4.981576919555664,0.03764256834983826,1.9343054294586182,0.020767316222190857,0.3057745397090912
0.906000018119812,1.246000051498413,1.0894615650177002,3.4578943252563477,0.11121653765439987,0.1132163554430008,-0.05464090034365654,0.36609503626823425
0.906000018119812,1.246000051498413,1.0912564992904663,0.11337153613567352,0.0641004741191864,0.046940919011831284,-0.14091536402702332,0.3281303644180298
0.906000018119812,2.246000051498413,0.764319896697998,3.590780258178711,0.05193277820944786,1.1888096332550049,-0.1309257596731186,0.31214842200279236
0.906000018119812,2.246000051498413,1.0674455165863037,2.6731150150299072,0.09537836164236069,0.03749324008822441,0.07344633340835571,0.5010325312614441
0.906000018119812,2.246000051498413,1.1794873476028442,6.1237006187438965,0.11403040587902069,0.04880417510867119,-0.136709064245224,0.18681909143924713
0.906000018119812,3.246000051498413,0.9019247889518738,5.292167663574219,0.11796174198389053,1.9664840698242188,-0.06522174924612045,0.12707068026065826
0.906000018119812,3.246000051498413,1.0033897161483765,2.5252068042755127,0.06792254000902176,0.05690697953104973,0.12222127616405487,0.6360501646995544
0.906000018119812,3.246000051498413,1.1914955377578735,5.94413948059082,0.08857510983943939,0.045285969972610474,-0.05585482344031334,0.2368791401386261
0.906000018119812,4.245999813079834,0.8885288238525391,5.164487838745117,0.06944163143634796,1.8084160089492798,-0.02569199912250042,0.2184748351573944
0.906000018119812,4.245999813079834,1.0714325904846191,2.4404428005218506,0.08307750523090363,0.12559205293655396,0.027536367997527122,0.43565240502357483
0.906000018119812,4.245999813079834,1.1225309371948242,5.857726573944092,0.07243792712688446,0.052571333944797516,0.023014012724161148,0.3458727300167084
0.906000018119812,5.245999813079834,0.8133413791656494,5.281862258911133,0.056269168853759766,1.9094703197479248,0.07919109612703323,0.18041902780532837
0.906000018119812,5.245999813079834,0.9775456786155701,2.4112043380737305,0.09997308254241943,0.13626541197299957,0.14036639034748077,0.5633699297904968
0.906000018119812,5.245999813079834,0.998317539691925,5.3568830490112305,0.06591558456420898,0.07384233921766281,0.12095671892166138,0.2562110722064972
0.906000018119812,6.245999813079834,0.8290086984634399,4.8231892585754395,0.03443799167871475,1.1211445331573486,0.03720801696181297,0.2015550136566162
0.906000018119812,6.245999813079834,0.9602291584014893,2.159626007080078,0.06634775549173355,0.11950870603322983,0.14064233005046844,0.5550434589385986
0.906000018119812,6.245999813079834,0.9744503498077393,5.0250372886657715,0.039901454001665115,0.06292586028575897,0.1201532781124115,0.24340148270130157
0.906000018119812,7.245999813079834,0.9677804708480835,5.423868656158447,0.20715518295764923,1.7659326791763306,0.08273519575595856,0.09998947381973267
0.906000018119812,7.245999813079834,0.9043669700622559,2.0334393978118896,0.07389221340417862,0.11820715665817261,0.0669691413640976,0.6382248401641846
0.906000018119812,7.245999813079834,0.9554355144500732,4.9465413093566895,0.06665465235710144,0.09220495820045471,0.11665641516447067,0.26178568601608276
0.906000018119812,8.246000289916992,0.9102760553359985,5.197419166564941,0.2168188989162445,1.638759970664978,0.013944286853075027,0.09361615777015686
0.906000018119812,8.246000289916992,0.9496214985847473,1.7295558452606201,0.05326785892248154,0.07729287445545197,0.14947599172592163,0.5899383425712585
0.906000018119812,8.246000289916992,0.7999904155731201,4.585858345031738,0.03709835186600685,0.18064457178115845,0.23677049577236176,0.3164454996585846
0.906000018119812,9.246000289916992,0.8254110813140869,5.470839023590088,0.10552708059549332,1.000738263130188,0.125043585896492,0.08572765439748764
0.906000018119812,9.246000289916992,0.883969247341156,1.4466586112976074,0.06554664671421051,0.09741838276386261,0.20538975298404694,0.8933035135269165
0.906000018119812,9.246000289916992,0.8107497692108154,5.675551891326904,0.09786257147789001,0.3004574775695801,0.16239987313747406,0.020968712866306305
0.906000018119812,10.246000289916992,0.8273298144340515,6.0868682861328125,0.08314795047044754,0.740227997303009,-0.03264418616890907,0.052790142595767975
0.906000018119812,10.246000289916992,1.1021488904953003,1.611983299255371,0.0638180673122406,0.1020999401807785,0.18307825922966003,0.9287256002426147
0.906000018119812,10.246000289916992,1.2029203176498413,0.5880957245826721,0.42145830392837524,0.18215695023536682,0.16906015574932098,0.018484318628907204
0.906000018119812,11.246000289916992,0.8563655614852905,0.3429517149925232,0.11100238561630249,1.0523852109909058,-0.07026603072881699,0.03873283416032791
0.906000018119812,11.246000289916992,0.8653742671012878,1.6467987298965454,0.0471908301115036,0.13276991248130798,0.12924359738826752,0.9180684685707092
0.906000018119812,11.246000289916992,0.9831148386001587,0.7152851223945618,0.3097398281097412,0.37623313069343567,0.14332012832164764,0.04319868981838226
1.906000018119812,-2.753999948501587,0.5003639459609985,1.4393715858459473,0.024391448125243187,3.022658586502075,0.14587192237377167,0.002484370255842805
1.906000018119812,-2.753999948501587,0.7436633706092834,3.1709392070770264,0.0459493026137352,0.11795417964458466,-0.4927435517311096,0.24890275299549103
1.906000018119812,-2.753999948501587,1.0773746967315674,0.12052363157272339,0.07231786102056503,0.04520545154809952,-0.20547568798065186,0.7486128807067871
1.906000018119812,-1.753999948501587,0.603815495967865,5.750341892242432,0.05675579234957695,0.9863817691802979,-0.041824016720056534,0.050603386014699936
1.906000018119812,-1.753999948501587,0.5343202948570251,2.7537245750427246,0.08901715278625488,0.8378368616104126,0.027767090126872063,0.01916038990020752
1.906000018119812,-1.753999948501587,0.6093355417251587,4.982591152191162,0.016938187181949615,0.24177071452140808,0.2253226637840271,0.9302362203598022
1.906000018119812,-0.7540000081062317,0.7697972059249878,5.925556182861328,0.06692655384540558,1.6872771978378296,0.09805390983819962,0.2013332098722458
1.906000018119812,-0.7540000081062317,1.0050419569015503,2.9227101802825928,0.19409850239753723,0.14998814463615417,0.14437507092952728,0.4701456129550934
1.906000018119812,-0.7540000081062317,0.8746880888938904,0.07220377027988434,0.07716789096593857,0.11908877640962601,-0.10774640738964081,0.32852113246917725
1.906000018119812,0.2460000067949295,0.635329008102417,0.675967276096344,0.01718861423432827,1.339309811592102,-0.05496809259057045,0.7944386005401611
1.906000018119812,0.2460000067949295,0.8156280517578125,2.5816874504089355,0.22246794402599335,1.2490090131759644,0.22953228652477264,0.1857612133026123
1.906000018119812,0.2460000067949295,0.9780765771865845,6.112639904022217,0.12012752145528793,0.19046078622341156,-0.13997410237789154,0.01980019547045231
1.906000018119812,1.246000051498413,0.8862076997756958,4.709621429443359,0.12534385919570923,2.2364914417266846,-0.02993450127542019,0.2564213275909424
1.906000018119812,1.246000051498413,1.158892273902893,2.968785047531128,0.1407824009656906,0.057208992540836334,-0.032612044364213943,0.458404541015625
1.906000018119812,1.246000051498413,1.0484074354171753,0.03992454335093498,0.06320658326148987,0.04504435136914253,-0.17587514221668243,0.28517410159111023
1.906000018119812,2.246000051498413,0.8499630093574524,5.3488264083862305,0.12521332502365112,1.7559912204742432,-0.12409348785877228,0.2030940055847168
1.906000018119812,2.246000051498413,1.172142505645752,2.587658166885376,0.10833244025707245,0.03180846571922302,0.05946510285139084,0.5081714987754822
1.906000018119812,2.246000051498413,1.065684199333191,6.008475303649902,0.06839444488286972,0.058203842490911484,-0.08477146178483963,0.288734495639801
1.906000018119812,3.246000051498413,0.9172015190124512,4.528597831726074,0.16358649730682373,1.6357825994491577,-0.01887432113289833,0.14084404706954956
1.906000018119812,3.246000051498413,0.9787171483039856,2.479266881942749,0.057858534157276154,0.05456199496984482,0.12443221360445023,0.5580872893333435
1.906000018119812,3.246000051498413,1.040099024772644,5.931522846221924,0.060249365866184235,0.060876693576574326,-0.025691306218504906,0.30106863379478455
1.906000018119812,4.245999813079834,0.852294921875,5.3915557861328125,0.04710846394300461,1.4232460260391235,-0.028097419068217278,0.2624436020851135
1.906000018119812,4.245999813079834,1.0209554433822632,2.2535438537597656,0.06290500611066818,0.07299555093050003,0.09979785978794098,0.5198469758033752
1.906000018119812,4.245999813079834,1.0380587577819824,5.5182785987854,0.06800942867994308,0.07737016677856445,0.0888589546084404,0.2177095264196396
1.906000018119812,5.245999813079834,0.7824820876121521,0.005869919899851084,0.04156157746911049,1.5967339277267456,-0.030151240527629852,0.35370543599128723
1.906000018119812,5.245999813079834,1.0756856203079224,2.0621602535247803,0.09327924996614456,0.06659001857042313,0.015585613436996937,0.4367647171020508
1.906000018119812,5.245999813079834,1.1197991371154785,5.2801289558410645,0.10917491465806961,0.08392710983753204,0.1258363127708435,0.20952987670898438
1.906000018119812,6.245999813079834,0.727156400680542,5.180360317230225,0.03636359050869942,1.3778456449508667,0.09854014962911606,0.16395623981952667
1.906000018119812,6.245999813079834,1.0906257629394531,2.0802016258239746,0.1233103796839714,0.07724713534116745,0.22864869236946106,0.5770487785339355
1.906000018119812,6.245999813079834,0.9159436821937561,5.060701370239258,0.04932532459497452,0.040041256695985794,0.18854182958602905,0.25899502635002136
1.906000018119812,7.245999813079834,0.8630246520042419,6.14841365814209,0.1364033818244934,1.6946653127670288,-0.03115892969071865,0.13234569132328033
1.906000018119812,7.245999813079834,0.9964231848716736,1.9744205474853516,0.07922863215208054,0.0413232147693634,-0.058378349989652634,0.45677196979522705
1.906000018119812,7.245999813079834,1.0390819311141968,5.1674885749816895,0.0848209336400032,0.0497179850935936,0.09783145785331726,0.4108823239803314
1.906000018119812,8.246000289916992,0.9047036170959473,5.361979007720947,0.16872626543045044,1.5645577907562256,0.00357627822086215,0.06669121980667114
1.906000018119812,8.246000289916992,0.8998975157737732,1.6106022596359253,0.07594159245491028,0.0733303427696228,0.04442423954606056,0.4519185721874237
1.906000018119812,8.246000289916992,0.728122889995575,5.033995151519775,0.04440921172499657,0.14044681191444397,0.15372270345687866,0.48139017820358276
1.906000018119812,9.246000289916992,0.4946565628051758,6.054510116577148,0.021642237901687622,0.9388113617897034,0.0848366916179657,0.026071026921272278
1.906000018119812,9.246000289916992,0.986374020576477,1.0271698236465454,0.09982424229383469,0.10211089253425598,0.052035633474588394,0.9738272428512573
1.906000018119812,9.246000289916992,1.031957745552063,0.017662908881902695,0.5872160792350769,2.476665735244751,0.11676262319087982,0.00010180637764278799
1.906000018119812,10.246000289916992,0.7952464818954468,1.2765436172485352,0.16696439683437347,0.7959328889846802,-0.00017201006994582713,0.05845201760530472
1.906000018119812,10.246000289916992,0.9221833348274231,1.186403751373291,0.05816730111837387,0.0833468809723854,-0.012492269277572632,0.7159010767936707
1.906000018119812,10.246000289916992,1.0386292934417725,0.692569375038147,0.23502713441848755,0.1672951579093933,0.12745417654514313,0.22564683854579926
1.906000018119812,11.246000289916992,0.9316295385360718,4.282687664031982,0.26631399989128113,0.6020322442054749,0.094663105905056,0.026572534814476967
1.906000018119812,11.246000289916992,0.9107173681259155,1.417670726776123,0.031866319477558136,0.04080725088715553,-0.014095213264226913,0.7102108001708984
1.906000018119812,11.246000289916992,1.1203444004058838,0.7947920560836792,0.30010268092155457,0.11694663017988205,0.29052799940109253,0.26321661472320557
2.9059998989105225,-1.753999948501587,0.5342621803283691,3.6522281169891357,0.03152693435549736,1.1206905841827393,0.10288015007972717,0.27720990777015686
2.9059998989105225,-1.753999948501587,0.5851320624351501,2.757540464401245,0.09711913019418716,0.5532384514808655,0.03806724771857262,0.015274952165782452
2.9059998989105225,-1.753999948501587,0.5901735424995422,5.958407878875732,0.02635529823601246,0.1550407111644745,-0.017593268305063248,0.7075151205062866
2.9059998989105225,-0.7540000081062317,0.7086396217346191,5.528133869171143,0.05635515972971916,1.6071393489837646,0.013953685760498047,0.1324504315853119
2.9059998989105225,-0.7540000081062317,1.104120135307312,2.884134531021118,0.16567088663578033,0.11378899961709976,0.2092512845993042,0.5168707966804504
2.9059998989105225,-0.7540000081062317,1.0433603525161743,0.1440007984638214,0.07655659317970276,0.04304787144064903,-0.08319007605314255,0.3506787419319153
2.9059998989105225,0.2460000067949295,0.6378175020217896,5.3585429191589355,0.016320915892720222,1.5608961582183838,0.013638620264828205,0.5148904323577881
2.9059998989105225,0.2460000067949295,0.8697744011878967,2.2919793128967285,0.165460005402565,0.7296608090400696,0.16470041871070862,0.4554039239883423
2.9059998989105225,0.2460000067949295,0.9469318389892578,5.615464687347412,0.1074402704834938,0.11810193955898285,-0.11282394826412201,0.029705652967095375
2.9059998989105225,1.246000051498413,0.8652713298797607,4.403449058532715,0.12490978837013245,2.094437599182129,-0.11292950063943863,0.16968943178653717
2.9059998989105225,1.246000051498413,1.1964644193649292,2.548102378845215,0.12177599966526031,0.024253567680716515,-0.042204100638628006,0.49499985575675964
2.9059998989105225,1.246000051498413,1.1736993789672852,5.909842491149902,0.09856610745191574,0.05484164133667946,-0.199882373213768,0.3353107273578644
2.9059998989105225,2.246000051498413,0.9719964265823364,5.4751296043396,0.27096179127693176,1.9601237773895264,-0.07431884109973907,0.0654851645231247
2.9059998989105225,2.246000051498413,1.1815334558486938,2.484764337539673,0.09569722414016724,0.039069633930921555,0.04445052519440651,0.645191490650177
2.9059998989105225,2.246000051498413,1.0114994049072266,5.802135467529297,0.05653177201747894,0.08369427919387817,-0.027634279802441597,0.2893233299255371
2.9059998989105225,3.246000051498413,0.9141503572463989,4.623263835906982,0.1653336137533188,1.619800329208374,-0.020800074562430382,0.1437111347913742
2.9059998989105225,3.246000051498413,1.0038526058197021,2.3661439418792725,0.07222408801317215,0.0593612939119339,0.09578420221805573,0.5831210017204285
2.9059998989105225,3.246000051498413,0.970426082611084,5.732406139373779,0.056385695934295654,0.08053288608789444,-0.012931961566209793,0.2731678783893585
2.9059998989105225,4.245999813079834,0.8585699200630188,5.463886260986328,0.057604774832725525,1.375103235244751,-0.04341478645801544,0.18608418107032776
2.9059998989105225,4.245999813079834,1.016978144645691,2.1648647785186768,0.05768192932009697,0.058393821120262146,0.024630283936858177,0.5752573013305664
2.9059998989105225,4.245999813079834,1.042554497718811,5.40349817276001,0.06769692897796631,0.07003854960203171,0.021925054490566254,0.23865848779678345
2.9059998989105225,5.245999813079834,0.6932693123817444,0.2758162319660187,0.039310477674007416,1.9749441146850586,-0.11317451298236847,0.2639524042606354
2.9059998989105225,5.245999813079834,1.098233938217163,2.0159032344818115,0.10400154441595078,0.05543773993849754,-0.02121375873684883,0.5022203326225281
2.9059998989105225,5.245999813079834,1.1513532400131226,5.4933085441589355,0.14799313247203827,0.05156456679105759,0.1331847459077835,0.23382724821567535
2.9059998989105225,6.245999813079834,0.5682176351547241,1.2011646032333374,0.016663089394569397,0.9927834868431091,-0.07461081445217133,0.49081727862358093
2.9059998989105225,6.245999813079834,1.0602850914001465,1.7855340242385864,0.1824653446674347,0.07854904234409332,0.13406088948249817,0.41625624895095825
2.9059998989105225,6.245999813079834,1.0308837890625,5.732769966125488,0.20606188476085663,0.06722263991832733,0.25563448667526245,0.09292645007371902
2.9059998989105225,7.245999813079834,0.6282195448875427,0.72798091173172,0.014140789397060871,0.9776939749717712,0.020342443138360977,0.7051524519920349
2.9059998989105225,7.245999813079834,1.0547701120376587,1.7667592763900757,0.17733965814113617,0.054354045540094376,0.0772564485669136,0.2746970057487488
2.9059998989105225,7.245999813079834,0.8980529308319092,5.209670066833496,0.11846073716878891,0.1572795808315277,0.0875389501452446,0.020150549709796906
2.9059998989105225,8.246000289916992,0.753588855266571,6.160568714141846,0.06951433420181274,2.195040702819824,0.017542481422424316,0.16016125679016113
2.9059998989105225,8.246000289916992,0.8370386362075806,2.164870023727417,0.09966029971837997,0.04779776185750961,0.12756268680095673,0.6174944639205933
2.9059998989105225,8.246000289916992,0.810434877872467,5.536474227905273,0.09132618457078934,0.08132465928792953,0.03178635984659195,0.22234435379505157
2.9059998989105225,9.246000289916992,0.7587488889694214,0.9648301005363464,0.10293219983577728,1.102622151374817,0.054155439138412476,0.0145644536241889
2.9059998989105225,9.246000289916992,0.8445882201194763,0.9515162110328674,0.0799679234623909,0.11861060559749603,0.026643425226211548,0.9850658774375916
2.9059998989105225,9.246000289916992,0.8851301074028015,6.162913799285889,0.310183048248291,2.9179790019989014,0.05345301330089569,0.0003696602943819016
2.9059998989105225,10.246000289916992,0.7834681272506714,5.76909875869751,0.08434642106294632,0.7843793630599976,0.18963174521923065,0.0237246323376894
2.9059998989105225,10.246000289916992,0.9243444800376892,0.8876791596412659,0.0633363127708435,0.06199523061513901,0.05427473783493042,0.9751405715942383
2.9059998989105225,10.246000289916992,0.9381542801856995,1.042903184890747,0.318008691072464,0.11000505834817886,0.10218324512243271,0.0011348057305440307
2.9059998989105225,11.246000289916992,1.0776922702789307,5.3991475105285645,0.2875531315803528,0.4808356761932373,0.01986514776945114,0.07881658524274826
2.9059998989105225,11.246000289916992,1.0745930671691895,1.2192227840423584,0.06813475489616394,0.03912942856550217,-0.0019335397519171238,0.36361101269721985
2.9059998989105225,11.246000289916992,1.1253936290740967,0.36940738558769226,0.1438526213169098,0.02353777177631855,0.3219642639160156,0.5575723648071289
3.9059998989105225,-2.753999948501587,0.8863204717636108,5.544268608093262,0.06740712374448776,0.7727095484733582,0.10475344955921173,0.15784798562526703
3.9059998989105225,-2.753999948501587,0.8493069410324097,2.904289960861206,0.2522965967655182,0.940514862537384,0.03826220706105232,0.02550063468515873
3.9059998989105225,-2.753999948501587,0.7861106991767883,5.7227654457092285,0.06612353026866913,0.23997744917869568,0.01895994134247303,0.8166512846946716
3.9059998989105225,-1.753999948501587,0.5973356366157532,4.208138465881348,0.0146836768835783,1.0717202425003052,0.1524575799703598,0.8767750263214111
3.9059998989105225,-1.753999948501587,0.7161335349082947,2.932708740234375,0.24986493587493896,0.5163483023643494,0.05562809482216835,0.005938029382377863
3.9059998989105225,-1.753999948501587,0.7308563590049744,5.506218910217285,0.06457710266113281,0.11618916690349579,0.06342857331037521,0.11728686839342117
3.9059998989105225,-0.7540000081062317,0.6793423891067505,5.000826835632324,0.05061463266611099,1.869466781616211,-0.027779430150985718,0.2023579180240631
3.9059998989105225,-0.7540000081062317,0.8510815501213074,2.6849710941314697,0.11199115961790085,0.20250478386878967,0.2457849532365799,0.4820992052555084
3.9059998989105225,-0.7540000081062317,0.9804794788360596,0.06283502280712128,0.08498197793960571,0.03238255903124809,-0.027568263933062553,0.31554287672042847
3.9059998989105225,0.2460000067949295,0.7406898140907288,5.106908321380615,0.04402328282594681,2.2565841674804688,-0.015824301168322563,0.15225620567798615
3.9059998989105225,0.2460000067949295,1.046389102935791,2.419232130050659,0.09847405552864075,0.04802101105451584,0.1972004473209381,0.5562323331832886
3.9059998989105225,0.2460000067949295,1.0998843908309937,5.572973251342773,0.08176575601100922,0.030522644519805908,-0.025829793885350227,0.2915114760398865
3.9059998989105225,1.246000051498413,1.0010871887207031,4.611593246459961,0.31372272968292236,1.740883469581604,-0.051078084856271744,0.11656524240970612
3.9059998989105225,1.246000051498413,1.1180163621902466,2.476306200027466,0.07507166266441345,0.033149510622024536,0.06183570623397827,0.6018772125244141
3.9059998989105225,1.246000051498413,1.0931462049484253,5.7259979248046875,0.07563481479883194,0.06207551434636116,-0.0732342004776001,0.281557559967041
3.9059998989105225,2.246000051498413,1.0248854160308838,4.413738250732422,0.4175493121147156,1.931678295135498,-0.011121336370706558,0.0657595619559288
3.9059998989105225,2.246000051498413,1.1609933376312256,2.371479034423828,0.09671376645565033,0.04611467942595482,0.026944568380713463,0.6156917214393616
3.9059998989105225,2.246000051498413,0.9952971935272217,5.665180206298828,0.058401841670274734,0.10440660268068314,-0.050562892109155655,0.31854864954948425
3.9059998989105225,3.246000051498413,0.8956411480903625,5.2834367752075195,0.11094439029693604,1.4636120796203613,-0.03318764641880989,0.1243937760591507
3.9059998989105225,3.246000051498413,1.1068998575210571,2.240694046020508,0.10793201625347137,0.06623895466327667,0.07833759486675262,0.6249471306800842
3.9059998989105225,3.246000051498413,0.9787515997886658,5.4897565841674805,0.06355170905590057,0.10219918191432953,0.000526596384588629,0.2506590783596039
3.9059998989105225,4.245999813079834,0.729107677936554,5.049215316772461,0.037433378398418427,1.2369869947433472,0.017056509852409363,0.33609539270401
3.9059998989105225,4.245999813079834,1.1039804220199585,1.9972959756851196,0.12246266007423401,0.0693192183971405,-0.009624604135751724,0.4493419826030731
3.9059998989105225,4.245999813079834,1.116335153579712,5.272378921508789,0.10509447008371353,0.06245599687099457,0.09483416378498077,0.21456262469291687
3.9059998989105225,5.245999813079834,0.6301887035369873,1.6314665079116821,0.025124577805399895,1.522297739982605,-0.15481945872306824,0.26610949635505676
3.9059998989105225,5.245999813079834,0.8703396320343018,1.7434592247009277,0.12406802922487259,0.13168174028396606,0.13621249794960022,0.6686057448387146
3.9059998989105225,5.245999813079834,1.0633679628372192,5.767691135406494,0.23181970417499542,0.09361036121845245,0.005002666264772415,0.06528478115797043
3.9059998989105225,6.245999813079834,0.7571991682052612,2.3573882579803467,0.11166530102491379,0.885530948638916,-0.03095552697777748,0.01774316281080246
3.9059998989105225,6.245999813079834,0.8857167363166809,1.6591438055038452,0.10532863438129425,0.11824030429124832,0.009790446609258652,0.9774602651596069
3.9059998989105225,6.245999813079834,1.1610552072525024,0.47442346811294556,0.508783221244812,0.11324580758810043,0.16058212518692017,0.004796487279236317
3.9059998989105225,7.245999813079834,0.5199453830718994,4.391968727111816,0.014372175559401512,0.5525981783866882,0.04036005958914757,0.010209952481091022
3.9059998989105225,7.245999813079834,1.0021252632141113,1.3798342943191528,0.1202060803771019,0.06344509869813919,0.08690623193979263,0.9897798299789429
3.9059998989105225,7.245999813079834,0.7724622488021851,6.025079250335693,0.4160054624080658,2.2095224857330322,0.04403989762067795,1.0106185072800145e-05
4.906000137329102,-4.754000186920166,0.6282767653465271,3.109644889831543,0.20281167328357697,0.41950908303260803,0.03931654617190361,0.004743730649352074
4.906000137329102,-4.754000186920166,0.5429491996765137,3.3995442390441895,0.2043275535106659,1.8236747980117798,0.1854361593723297,0.0013860323233529925
4.906000137329102,-4.754000186920166,0.5233194231987,4.568554401397705,0.024962808936834335,0.12803179025650024,0.07181843370199203,0.9938702583312988
4.906000137329102,-3.753999948501587,0.607571542263031,5.441458702087402,0.04467197507619858,0.8186786770820618,-0.13269539177417755,0.003371431492269039
4.906000137329102,-3.753999948501587,0.6330445408821106,2.886498212814331,0.10839813947677612,0.5206936597824097,-0.08080200850963593,0.0018929619109258056
4.906000137329102,-3.753999948501587,0.6884394884109497,4.788495063781738,0.017699172720313072,0.07307255268096924,-0.12575899064540863,0.9947355389595032
4.906000137329102,-2.753999948501587,1.1420834064483643,5.6236748695373535,0.1616273820400238,0.47168871760368347,-0.010249988175928593,0.3177799582481384
4.906000137329102,-2.753999948501587,0.8852033019065857,2.6134860515594482,0.14158546924591064,0.7995316386222839,0.0671774372458458,0.02837396040558815
4.906000137329102,-2.753999948501587,0.7629815936088562,4.637476444244385,0.02863510698080063,0.21403400599956512,0.15846240520477295,0.6538460850715637
4.906000137329102,-1.753999948501587,0.680364191532135,5.950453758239746,0.032802607864141464,1.499792218208313,0.03832251578569412,0.6373491287231445
4.906000137329102,-1.753999948501587,0.8403491973876953,2.5842838287353516,0.1854054480791092,0.15171273052692413,0.13270610570907593,0.07280480116605759
4.906000137329102,-1.753999948501587,0.9362075924873352,5.160592079162598,0.08809486031532288,0.07692805677652359,0.2068318873643875,0.28984615206718445
4.906000137329102,-0.7540000081062317,0.8535009622573853,5.3921074867248535,0.08171602338552475,2.302358865737915,-0.057132821530103683,0.24705524742603302
4.906000137329102,-0.7540000081062317,0.9843482375144958,2.4473676681518555,0.08632868528366089,0.06847620755434036,0.1310092806816101,0.35208022594451904
4.906000137329102,-0.7540000081062317,1.0736796855926514,5.723526954650879,0.06819940358400345,0.02663462795317173,-0.01609186828136444,0.40086451172828674
4.906000137329102,0.2460000067949295,0.9317098259925842,3.9581940174102783,0.4005400240421295,1.861000895500183,0.0029854830354452133,0.047273676842451096
4.906000137329102,0.2460000067949295,1.048410415649414,2.4326539039611816,0.06419727206230164,0.028622964397072792,0.11730937659740448,0.6351313591003418
4.906000137329102,0.2460000067949295,1.0558710098266602,5.758175849914551,0.06789367645978928,0.03812902793288231,0.006459528114646673,0.3175950050354004
4.906000137329102,1.246000051498413,1.0121228694915771,4.385828018188477,0.44301044940948486,1.8517308235168457,-0.019680552184581757,0.07867253571748734
4.906000137329102,1.246000051498413,1.0848455429077148,2.368522882461548,0.07026483863592148,0.04324334114789963,0.06008819490671158,0.6599148511886597
4.906000137329102,1.246000051498413,1.0532649755477905,5.634472370147705,0.07082049548625946,0.06063488870859146,-0.021390138193964958,0.261412650346756
4.906000137329102,2.246000051498413,1.0867969989776611,3.9456655979156494,0.5747998356819153,1.9507603645324707,0.053790539503097534,0.08935907483100891
4.906000137329102,2.246000051498413,1.0709384679794312,2.3054471015930176,0.07609490305185318,0.06060212478041649,0.03855454921722412,0.590026319026947
4.906000137329102,2.246000051498413,1.0259201526641846,5.552201747894287,0.06805702298879623,0.11580657213926315,-0.01219913363456726,0.32061460614204407
4.906000137329102,3.246000051498413,0.9239140748977661,5.043829917907715,0.15084625780582428,1.3301318883895874,-0.03125651925802231,0.0937156155705452
4.906000137329102,3.246000051498413,1.0831176042556763,2.157238721847534,0.0956345945596695,0.06996891647577286,0.056590497493743896,0.6390500664710999
4.906000137329102,3.246000051498413,1.0222145318984985,5.378115653991699,0.07622198760509491,0.10417208075523376,0.011106918565928936,0.26723432540893555
4.906000137329102,4.245999813079834,0.6395564675331116,4.56023645401001,0.03287377581000328,1.4401376247406006,-0.035534895956516266,0.25657156109809875
4.906000137329102,4.245999813079834,1.0425834655761719,1.8909003734588623,0.13301391899585724,0.056347232311964035,0.06945041567087173,0.7193262577056885
4.906000137329102,4.245999813079834,1.0168901681900024,5.446066856384277,0.17527440190315247,0.16482292115688324,0.0315072163939476,0.02410217933356762
4.906000137329102,5.245999813079834,0.5849003791809082,1.7486995458602905,0.027932409197092056,1.1603176593780518,-0.09630459547042847,0.12813438475131989
4.906000137329102,5.245999813079834,0.7791393399238586,1.7549362182617188,0.14369015395641327,0.10774964094161987,0.028289001435041428,0.8664140701293945
4.906000137329102,5.245999813079834,0.9133520722389221,5.739157199859619,0.269351989030838,0.2736864387989044,-0.07704031467437744,0.005451558157801628
4.906000137329102,6.245999813079834,0.7967671155929565,1.5262997150421143,0.14678563177585602,1.167019009590149,0.005958446767181158,0.0074881925247609615
4.906000137329102,6.245999813079834,0.9566279053688049,1.834499478340149,0.11268842220306396,0.08245009183883667,-0.09508102387189865,0.991584062576294
4.906000137329102,6.245999813079834,1.1782668828964233,0.05389479920268059,0.4982989728450775,0.28496357798576355,0.1707177460193634,0.0009276390774175525
4.906000137329102,7.245999813079834,0.5263001322746277,4.423044681549072,0.016127264127135277,0.927612841129303,-0.024586426094174385,0.0030460674315690994
4.906000137329102,7.245999813079834,1.022977590560913,1.6858123540878296,0.12623700499534607,0.035832248628139496,0.18196605145931244,0.9969485402107239
4.906000137329102,7.245999813079834,0.8322474956512451,5.859939098358154,0.44287046790122986,2.1990039348602295,0.0815056562423706,5.455472091853153e-06
5.906000137329102,-5.754000186920166,0.9193189144134521,1.8090651035308838,0.22415877878665924,2.596079111099243,0.0359918512403965,0.0653451606631279
5.906000137329102,-5.754000186920166,1.1049710512161255,3.4423670768737793,0.0762658566236496,0.012201194651424885,0.2497427761554718,0.9338774085044861
5.906000137329102,-5.754000186920166,1.0736511945724487,0.01710066944360733,0.17367857694625854,0.1994541883468628,0.01679210178554058,0.0007773736142553389
5.906000137329102,-4.754000186920166,0.9936483502388,5.920022964477539,0.21969248354434967,0.6663256287574768,-0.07807637006044388,0.11025445908308029
5.906000137329102,-4.754000186920166,0.9494165778160095,2.26194429397583,0.07752197980880737,0.06373012065887451,0.1676235795021057,0.24531935155391693
5.906000137329102,-4.754000186920166,0.7138214111328125,5.177896499633789,0.028336498886346817,0.051558468490839005,0.005833187140524387,0.6444262266159058
5.906000137329102,-3.753999948501587,0.796087384223938,4.977603912353516,0.06078242510557175,1.1979467868804932,-0.08082238584756851,0.15247347950935364
5.906000137329102,-3.753999948501587,0.6859238147735596,2.190390110015869,0.0590013787150383,0.715648353099823,0.0591115728020668,0.08856458216905594
5.906000137329102,-3.753999948501587,0.7580596208572388,4.970826625823975,0.024579383432865143,0.10407566279172897,-0.07644440233707428,0.7589619159698486
5.906000137329102,-2.753999948501587,0.8195173740386963,4.504396915435791,0.10089186578989029,0.7163810729980469,-0.0038515825290232897,0.33353129029273987
5.906000137329102,-2.753999948501587,0.6228830218315125,2.516916036605835,0.08207983523607254,0.9451349973678589,-0.1469031274318695,0.16507144272327423
5.906000137329102,-2.753999948501587,0.6244596242904663,4.546355724334717,0.03682423755526543,0.38108593225479126,-0.06699687242507935,0.5013973116874695
5.906000137329102,-1.753999948501587,0.7474564909934998,5.414961814880371,0.053181592375040054,1.6925774812698364,-0.007315122056752443,0.2093256115913391
5.906000137329102,-1.753999948501587,1.0740245580673218,2.4346182346343994,0.09295275062322617,0.0246512982994318,0.07076907157897949,0.3881726861000061
5.906000137329102,-1.753999948501587,1.048828125,5.627707481384277,0.07610871642827988,0.042052023112773895,0.04466437175869942,0.4025017023086548
5.906000137329102,-0.7540000081062317,0.9613577723503113,0.44920027256011963,0.22241592407226562,2.6671104431152344,-0.04450581222772598,0.05700979754328728
5.906000137329102,-0.7540000081062317,1.084706425666809,2.4003407955169678,0.06732376664876938,0.02351994439959526,0.014364796690642834,0.5981471538543701
5.906000137329102,-0.7540000081062317,1.0872946977615356,5.630639553070068,0.06641345471143723,0.03598542883992195,0.03152507543563843,0.3448430895805359
5.906000137329102,0.2460000067949295,0.9823376536369324,4.556907653808594,0.30073922872543335,2.0799784660339355,-0.05127034708857536,0.07026731222867966
5.906000137329102,0.2460000067949295,1.1222256422042847,2.386448860168457,0.06760689616203308,0.024768831208348274,0.020146220922470093,0.6160180568695068
5.906000137329102,0.2460000067949295,1.1073342561721802,5.6472063064575195,0.0637289509177208,0.03950726240873337,-0.0710073709487915,0.3137146532535553
5.906000137329102,1.246000051498413,0.857576310634613,5.228705883026123,0.15462279319763184,1.991860270500183,-0.050449833273887634,0.1674513965845108
5.906000137329102,1.246000051498413,1.0357283353805542,2.2398555278778076,0.0779791846871376,0.0580621100962162,0.03653116896748543,0.5513167977333069
5.906000137329102,1.246000051498413,1.02203369140625,5.466460704803467,0.07478408515453339,0.06855832785367966,-0.00947609730064869,0.2812318205833435
5.906000137329102,2.246000051498413,0.7877175211906433,5.233495712280273,0.07682834565639496,1.520560622215271,-0.08282225579023361,0.23639525473117828
5.906000137329102,2.246000051498413,1.1617680788040161,2.159745216369629,0.11021610349416733,0.05313120409846306,0.03822167590260506,0.5030062198638916
5.906000137329102,2.246000051498413,1.0310959815979004,5.4485015869140625,0.08050329983234406,0.09922846406698227,-0.0191638320684433,0.2605985105037689
5.906000137329102,3.246000051498413,0.7535969614982605,4.894568920135498,0.06731858104467392,1.2277699708938599,-0.08672680705785751,0.1806630641222
5.906000137329102,3.246000051498413,1.1010966300964355,2.0066044330596924,0.10014035552740097,0.03449799120426178,-0.03086908720433712,0.7237969636917114
5.906000137329102,3.246000051498413,1.033590316772461,5.108770370483398,0.11676790565252304,0.1478896141052246,0.09002994000911713,0.09553994983434677
5.906000137329102,4.245999813079834,0.5914256572723389,5.58447265625,0.031082773581147194,1.3490793704986572,-0.07533783465623856,0.20310570299625397
5.906000137329102,4.245999813079834,1.0562936067581177,1.9626381397247314,0.1614602655172348,0.04777626320719719,0.061404794454574585,0.7411206364631653
5.906000137329102,4.245999813079834,0.9504051208496094,5.061746597290039,0.11423710733652115,0.14194200932979584,0.12437252700328827,0.055773716419935226
5.906000137329102,5.245999813079834,0.563852071762085,1.0932320356369019,0.03585025295615196,1.7293288707733154,-0.09647080302238464,0.07396508008241653
5.906000137329102,5.245999813079834,0.9278239011764526,1.9186290502548218,0.1367758810520172,0.03706063702702522,0.08674465119838715,0.9236259460449219
5.906000137329102,5.245999813079834,0.9423068761825562,5.697559833526611,0.21993106603622437,0.21131281554698944,0.024131951853632927,0.002408944070339203
5.906000137329102,6.245999813079834,0.6301539540290833,1.1643861532211304,0.06611345708370209,1.6800655126571655,-0.03825636953115463,0.057434022426605225
5.906000137329102,6.245999813079834,0.9590172171592712,2.1720962524414062,0.13579680025577545,0.028425417840480804,0.022698398679494858,0.9414098858833313
5.906000137329102,6.245999813079834,0.9448252320289612,5.395785331726074,0.20237015187740326,0.3287033438682556,0.008733440190553665,0.0011560643324628472
5.906000137329102,7.245999813079834,0.5997501611709595,5.831754207611084,0.03849897161126137,1.3436800241470337,-0.03473168984055519,0.009468333795666695
5.906000137329102,7.245999813079834,1.1086593866348267,2.011586904525757,0.1650739163160324,0.025358853861689568,0.17521841824054718,0.9901054501533508
5.906000137329102,7.245999813079834,1.039053201675415,5.152771949768066,0.2141958773136139,0.42847415804862976,0.09711698442697525,0.00042617926374077797
5.906000137329102,8.246000289916992,0.5245800018310547,6.080408096313477,0.043451856821775436,2.32934832572937,0.06769662350416183,0.0055458033457398415
5.906000137329102,8.246000289916992,1.0932199954986572,1.8155714273452759,0.09233202040195465,0.010708663612604141,-0.0022025955840945244,0.9940987825393677
5.906000137329102,8.246000289916992,1.1923774480819702,5.637381553649902,0.278230220079422,0.17130251228809357,-0.06397942453622818,0.0003553511924110353
6.906000137329102,-6.754000186920166,1.3679547309875488,0.5697593688964844,3.50180721282959,1.6608750820159912,-0.032871782779693604,0.008562516421079636
6.906000137329102,-6.754000186920166,1.4356600046157837,3.4881701469421387,0.2044205665588379,0.021814528852701187,0.262372761964798,0.4064410328865051
6.906000137329102,-6.754000186920166,1.1642811298370361,5.424760341644287,0.03780839219689369,0.03311263769865036,-0.1578262746334076,0.5849964618682861
6.906000137329102,-5.754000186920166,1.1211347579956055,5.695901393890381,0.7430098056793213,2.2057878971099854,0.19359299540519714,0.036610182374715805
6.906000137329102,-5.754000186920166,0.6191026568412781,4.271327972412109,0.09548916667699814,0.4616273045539856,0.491482675075531,0.9519661068916321
6.906000137329102,-5.754000186920166,0.7463535666465759,5.645747661590576,0.15944194793701172,1.7458714246749878,0.13936111330986023,0.011423761956393719
6.906000137329102,-4.754000186920166,0.7367222905158997,4.492856025695801,0.03277219831943512,0.9931974411010742,-0.06717666238546371,0.4137032628059387
6.906000137329102,-4.754000186920166,0.6007764339447021,2.102938652038574,0.046843696385622025,0.29729288816452026,0.2833833694458008,0.5241141319274902
6.906000137329102,-4.754000186920166,0.6921278238296509,4.754114627838135,0.03893226012587547,0.4664067327976227,0.04188043996691704,0.062182556837797165
6.906000137329102,-3.753999948501587,0.7695567607879639,3.841759443283081,0.11389623582363129,1.425844430923462,-0.019329052418470383,0.4413509666919708
6.906000137329102,-3.753999948501587,0.8222803473472595,2.238226890563965,0.1452060490846634,0.22942787408828735,-0.035569656640291214,0.3287689983844757
6.906000137329102,-3.753999948501587,0.8450449109077454,5.090503215789795,0.06310979276895523,0.094266876578331,-0.10157517343759537,0.22988002002239227
6.906000137329102,-2.753999948501587,0.8145714402198792,5.416504383087158,0.08846814930438995,2.3502907752990723,-0.013906442560255527,0.1492193639278412
6.906000137329102,-2.753999948501587,1.0704460144042969,2.3337178230285645,0.11378525197505951,0.038652870804071426,0.1764843463897705,0.3925212025642395
6.906000137329102,-2.753999948501587,1.0395134687423706,5.601691722869873,0.06798873841762543,0.03930411487817764,0.06750724464654922,0.4582594633102417
6.906000137329102,-1.753999948501587,0.8904181122779846,5.7909698486328125,0.09098725765943527,1.3598300218582153,-0.05238253250718117,0.08177616447210312
6.906000137329102,-1.753999948501587,1.1800751686096191,2.3701884746551514,0.09058444201946259,0.023724032565951347,0.12792882323265076,0.6345541477203369
6.906000137329102,-1.753999948501587,1.119507074356079,5.528228759765625,0.06746788322925568,0.041528988629579544,0.0483471043407917,0.28366971015930176
6.906000137329102,-0.7540000081062317,0.9495182037353516,6.276951789855957,0.2039865404367447,2.239110231399536,-0.02801510877907276,0.07072299718856812
6.906000137329102,-0.7540000081062317,1.0745879411697388,2.3395063877105713,0.0773734301328659,0.027780771255493164,0.03458786755800247,0.6191516518592834
6.906000137329102,-0.7540000081062317,1.0781761407852173,5.55049467086792,0.06489063799381256,0.042737480252981186,0.02259049564599991,0.31012532114982605
6.906000137329102,0.2460000067949295,0.8787253499031067,5.519471645355225,0.11917532235383987,1.7624014616012573,-0.061319272965192795,0.17078018188476562
6.906000137329102,0.2460000067949295,1.1436837911605835,2.2874202728271484,0.09587252140045166,0.03735663369297981,0.04294358193874359,0.5308310985565186
6.906000137329102,0.2460000067949295,1.049267053604126,5.499989986419678,0.0656842365860939,0.06384065002202988,-0.027498362585902214,0.2983887195587158
6.906000137329102,1.246000051498413,0.7933639287948608,5.775112628936768,0.08168070763349533,1.978230595588684,-0.05626906454563141,0.22790777683258057
6.906000137329102,1.246000051498413,1.148789644241333,2.160757303237915,0.11665275692939758,0.06111326813697815,0.160776749253273,0.5158683657646179
6.906000137329102,1.246000051498413,1.054054856300354,5.312817573547363,0.07482889294624329,0.041234031319618225,-0.016538744792342186,0.2562238872051239
6.906000137329102,2.246000051498413,0.5854009389877319,3.504361867904663,0.020839223638176918,1.0619690418243408,-0.06747476756572723,0.5611760020256042
6.906000137329102,2.246000051498413,1.1451961994171143,2.0092084407806396,0.10759007930755615,0.05196375399827957,-0.11619514971971512,0.2992227375507355
6.906000137329102,2.246000051498413,1.162044882774353,5.274986743927002,0.12410186976194382,0.06573963165283203,-0.008809836581349373,0.1396011859178543
6.906000137329102,3.246000051498413,0.8383961319923401,5.0467143058776855,0.11203033477067947,1.7329500913619995,-0.03828072547912598,0.07626687735319138
6.906000137329102,3.246000051498413,1.1084561347961426,2.169102668762207,0.13655607402324677,0.0436229407787323,-0.03974246233701706,0.19312766194343567
6.906000137329102,3.246000051498413,1.041327714920044,4.553422927856445,0.06554216146469116,0.04642302915453911,0.1452544927597046,0.7306053638458252
6.906000137329102,4.245999813079834,0.8401761651039124,0.43820762634277344,0.13408192992210388,2.0160248279571533,-0.1251455396413803,0.04332714527845383
6.906000137329102,4.245999813079834,1.1664270162582397,1.964776873588562,0.13296109437942505,0.027461305260658264,0.05284849554300308,0.7234627604484558
6.906000137329102,4.245999813079834,0.9675199389457703,4.895133972167969,0.0558599978685379,0.04568805545568466,0.08203943818807602,0.233210027217865
6.906000137329102,5.245999813079834,0.6211137771606445,0.046508144587278366,0.0610111840069294,1.787919282913208,-0.033068884164094925,0.027567265555262566
6.906000137329102,5.245999813079834,1.0245035886764526,1.745114803314209,0.08688001334667206,0.025470759719610214,0.08232328295707703,0.9693371653556824
6.906000137329102,5.245999813079834,0.9838277101516724,5.876953601837158,0.1456545740365982,0.11151109635829926,0.01919996738433838,0.0030955560505390167
6.906000137329102,6.245999813079834,0.564958930015564,0.14426787197589874,0.04359869286417961,1.5933125019073486,-0.023105336353182793,0.024712124839425087
6.906000137329102,6.245999813079834,0.9842807054519653,1.524329423904419,0.07020626217126846,0.02312519960105419,0.0734238401055336,0.9749547243118286
6.906000137329102,6.245999813079834,0.9241465926170349,6.133755683898926,0.1687377542257309,0.3717994689941406,-0.06733690202236176,0.00033309072023257613
6.906000137329102,7.245999813079834,0.6186467409133911,0.015052923932671547,0.033474151045084,1.0802981853485107,-0.0005153847159817815,0.01573742926120758
6.906000137329102,7.245999813079834,1.0786656141281128,1.7300306558609009,0.12572048604488373,0.04044169932603836,0.08604317158460617,0.9826064109802246
6.906000137329102,7.245999813079834,1.1028470993041992,5.041793346405029,0.24485577642917633,0.6213915348052979,0.19561265408992767,0.0016562248347327113
6.906000137329102,8.246000289916992,0.6039120554924011,5.760733604431152,0.04953889176249504,1.02566397190094,0.023984672501683235,0.17716088891029358
6.906000137329102,8.246000289916992,1.0204486846923828,1.7737715244293213,0.12780387699604034,0.020943952724337578,-0.1564800888299942,0.7709673643112183
6.906000137329102,8.246000289916992,1.173499584197998,5.1528520584106445,0.23123061656951904,0.09641208499670029,0.14532862603664398,0.051871709525585175
7.906000137329102,-6.754000186920166,0.9684229493141174,4.305500030517578,0.5496556162834167,1.175875186920166,0.06942625343799591,0.07792552560567856
7.906000137329102,-6.754000186920166,0.8252546191215515,3.611140727996826,0.10831433534622192,0.169948011636734,0.08650749921798706,0.2666061818599701
7.906000137329102,-6.754000186920166,0.8354682326316833,4.735204219818115,0.037956975400447845,0.035205285996198654,0.14017494022846222,0.655468225479126
7.906000137329102,-5.754000186920166,1.091002345085144,3.269381284713745,0.16198037564754486,1.2394174337387085,0.11613810807466507,0.34918829798698425
7.906000137329102,-5.754000186920166,0.6367951035499573,3.8665902614593506,0.025038819760084152,0.7915637493133545,0.399045467376709,0.4761139154434204
7.906000137329102,-5.754000186920166,0.7067824006080627,5.017189979553223,0.02180277742445469,0.24155142903327942,0.11008621752262115,0.1746978461742401
7.906000137329102,-4.754000186920166,0.7005599737167358,4.109305381774902,0.025875072926282883,0.8347536325454712,0.06518317013978958,0.7986721992492676
7.906000137329102,-4.754000186920166,0.8835693597793579,2.2085704803466797,0.08338836580514908,0.06743703782558441,0.06399904936552048,0.09333537518978119
7.906000137329102,-4.754000186920166,0.8782065510749817,5.198594093322754,0.06021290645003319,0.09326008707284927,0.06112315505743027,0.10799247026443481
7.906000137329102,-3.753999948501587,0.7527398467063904,5.193646430969238,0.07271717488765717,2.4552109241485596,-0.022435255348682404,0.08988948166370392
7.906000137329102,-3.753999948501587,1.0734995603561401,2.387355089187622,0.08684207499027252,0.02870931103825569,0.04935462400317192,0.4103505313396454
7.906000137329102,-3.753999948501587,1.032609462738037,5.442566394805908,0.06091022863984108,0.020912030711770058,-0.002958435332402587,0.4997599720954895
7.906000137329102,-2.753999948501587,0.8475210070610046,5.313403606414795,0.12178851664066315,1.8636386394500732,-0.060129642486572266,0.09590999782085419
7.906000137329102,-2.753999948501587,1.0921651124954224,2.3625266551971436,0.07541532814502716,0.03416672721505165,0.12351252138614655,0.5875601768493652
7.906000137329102,-2.753999948501587,1.121567726135254,5.5748395919799805,0.077916219830513,0.04464975371956825,-0.019550206139683723,0.31652987003326416
7.906000137329102,-1.753999948501587,0.911914050579071,4.4273505210876465,0.126458078622818,1.41645348072052,-0.02292221412062645,0.07897040992975235
7.906000137329102,-1.753999948501587,1.140995979309082,2.303100347518921,0.07620389014482498,0.034411605447530746,0.14309851825237274,0.6401865482330322
7.906000137329102,-1.753999948501587,1.168309211730957,5.530206203460693,0.08407150954008102,0.05569601431488991,0.03572690114378929,0.280843049287796
7.906000137329102,-0.7540000081062317,0.840973436832428,5.307679653167725,0.06615645438432693,1.8400707244873047,0.010421066544950008,0.09548568725585938
7.906000137329102,-0.7540000081062317,1.0738039016723633,2.2080941200256348,0.08569155633449554,0.04400663077831268,0.07814840972423553,0.5869601368904114
7.906000137329102,-0.7540000081062317,1.1344761848449707,5.405247688293457,0.07654613256454468,0.06943012028932571,0.04938506335020065,0.3175541162490845
7.906000137329102,0.2460000067949295,0.7810719013214111,4.379688739776611,0.05939448997378349,1.7831404209136963,0.04537864401936531,0.1596042811870575
7.906000137329102,0.2460000067949295,1.0807887315750122,2.093297004699707,0.115109883248806,0.07725579291582108,0.08204757422208786,0.505843997001648
7.906000137329102,0.2460000067949295,1.055155873298645,5.065130233764648,0.06724325567483902,0.10915365070104599,0.09901830554008484,0.33455175161361694
7.906000137329102,1.246000051498413,0.685935378074646,5.974394798278809,0.04643974453210831,2.10679030418396,0.025579659268260002,0.08722691982984543
7.906000137329102,1.246000051498413,1.032710313796997,1.836058497428894,0.09663508087396622,0.06833987683057785,0.08287284523248672,0.5790694952011108
7.906000137329102,1.246000051498413,1.1076053380966187,4.966919898986816,0.07354032248258591,0.0634809285402298,0.14171110093593597,0.3337036371231079
7.906000137329102,2.246000051498413,0.7083853483200073,5.018074989318848,0.05763506516814232,1.8964297771453857,0.05148991569876671,0.05885230004787445
7.906000137329102,2.246000051498413,1.1632119417190552,1.825442910194397,0.11335326731204987,0.04234877973794937,0.03652486950159073,0.651370644569397
7.906000137329102,2.246000051498413,1.0867613554000854,5.102015495300293,0.08000306785106659,0.060705043375492096,0.17636427283287048,0.28977707028388977
7.906000137329102,3.246000051498413,0.5960023999214172,0.1395009160041809,0.047940731048583984,0.9889108538627625,0.001856909948401153,0.19078204035758972
7.906000137329102,3.246000051498413,0.9443262815475464,1.720813512802124,0.086671382188797,0.05001399666070938,-0.10505988448858261,0.7940995693206787
7.906000137329102,3.246000051498413,1.039616584777832,5.720967769622803,0.17613585293293,0.10442502796649933,0.18753410875797272,0.015118439681828022
7.906000137329102,4.245999813079834,0.802542507648468,1.4338496923446655,0.1087782010436058,0.9832440614700317,0.03528425097465515,0.054854802787303925
7.906000137329102,4.245999813079834,0.9972802996635437,1.533034324645996,0.10331772267818451,0.03644594922661781,-0.32673025131225586,0.944482147693634
7.906000137329102,4.245999813079834,1.085594892501831,5.318141460418701,0.4063500165939331,0.8940743207931519,0.09169191867113113,0.0006631033029407263
7.906000137329102,5.245999813079834,0.5552643537521362,3.5014705657958984,0.019545244053006172,0.7129838466644287,-0.04693414270877838,0.6606147885322571
7.906000137329102,5.245999813079834,0.8746853470802307,2.020188570022583,0.12829360365867615,0.04979318007826805,0.22710691392421722,0.3249274492263794
7.906000137329102,5.245999813079834,0.93852299451828,0.9290248155593872,0.5477272272109985,0.3838426172733307,0.13557231426239014,0.014457817189395428
8.906000137329102,-8.753999710083008,1.187711477279663,5.838075160980225,2.0960800647735596,1.6189419031143188,0.1742592453956604,0.0020997198298573494
8.906000137329102,-8.753999710083008,1.1342215538024902,3.7370448112487793,0.21504542231559753,0.5110304355621338,0.2919003665447235,0.9972879886627197
8.906000137329102,-8.753999710083008,0.8053939938545227,5.321223735809326,0.15942852199077606,0.7204349637031555,0.13894332945346832,0.0006122508202679455
8.906000137329102,-7.754000186920166,0.6461775302886963,5.188809394836426,0.03194523602724075,3.376277446746826,0.3079186677932739,0.13439339399337769
8.906000137329102,-7.754000186920166,0.6447601318359375,3.339988946914673,0.04259229451417923,0.3050404489040375,-0.2365279197692871,0.8432818055152893
8.906000137329102,-7.754000186920166,0.8523954153060913,5.155108451843262,0.09765103459358215,0.12227045744657516,0.29728031158447266,0.022324880585074425
8.906000137329102,-6.754000186920166,0.846174955368042,5.206424236297607,0.14670012891292572,0.4918677508831024,0.14003370702266693,0.134328231215477
8.906000137329102,-6.754000186920166,0.6393059492111206,3.6534292697906494,0.10887658596038818,2.366992950439453,0.19299918413162231,0.28151223063468933
8.906000137329102,-6.754000186920166,0.6191868782043457,4.282940864562988,0.043851546943187714,0.22301094233989716,-0.09688163548707962,0.5841595530509949
8.906000137329102,-5.754000186920166,1.0145509243011475,4.509020805358887,0.18607111275196075,0.7116174101829529,0.13351508975028992,0.2149886190891266
8.906000137329102,-5.754000186920166,0.5483758449554443,2.952636241912842,0.04633832350373268,1.2949566841125488,0.18118099868297577,0.5039983987808228
8.906000137329102,-5.754000186920166,0.6571242809295654,4.779786109924316,0.047415249049663544,0.29783302545547485,0.1883038729429245,0.28101298213005066
8.906000137329102,-4.754000186920166,0.7460417747497559,4.137231349945068,0.044405292719602585,1.6215453147888184,0.018211346119642258,0.5450360774993896
8.906000137329102,-4.754000186920166,0.960610032081604,2.4871530532836914,0.06773453205823898,0.02849261835217476,0.047707222402095795,0.258459210395813
8.906000137329102,-4.754000186920166,1.078535795211792,5.53372049331665,0.07384103536605835,0.031617458909749985,-0.03611292317509651,0.19650474190711975
8.906000137329102,-3.753999948501587,0.6838675737380981,5.173450469970703,0.03436259552836418,2.2046656608581543,-0.05061594769358635,0.17899490892887115
8.906000137329102,-3.753999948501587,1.125244379043579,2.441575527191162,0.07139422744512558,0.023182688280940056,-0.05937579274177551,0.5592311024665833
8.906000137329102,-3.753999948501587,1.1702040433883667,5.5337982177734375,0.08870325982570648,0.024884050711989403,0.07326298952102661,0.2617739737033844
8.906000137329102,-2.753999948501587,0.813344419002533,6.106510162353516,0.12391699105501175,1.5327905416488647,-0.03625498339533806,0.16512374579906464
8.906000137329102,-2.753999948501587,1.0151009559631348,2.319652557373047,0.07048746198415756,0.036209411919116974,0.12163150310516357,0.5813802480697632
8.906000137329102,-2.753999948501587,1.0799795389175415,5.550332546234131,0.0757034420967102,0.043735578656196594,0.05783386528491974,0.25349605083465576
8.906000137329102,-1.753999948501587,1.0197474956512451,4.222723007202148,0.30501964688301086,1.945841908454895,0.0384952649474144,0.059733983129262924
8.906000137329102,-1.753999948501587,1.1242977380752563,2.2502083778381348,0.08443247526884079,0.057427357882261276,0.17620079219341278,0.4714406132698059
8.906000137329102,-1.753999948501587,1.0275228023529053,5.391944885253906,0.07004619389772415,0.09544901549816132,0.0800800547003746,0.46882539987564087
8.906000137329102,-0.7540000081062317,0.8548863530158997,4.420515537261963,0.08586104959249496,1.5642309188842773,-0.0158994160592556,0.1196744292974472
8.906000137329102,-0.7540000081062317,1.1686761379241943,2.120980978012085,0.1398250162601471,0.03950924053788185,0.001191648538224399,0.5117254853248596
8.906000137329102,-0.7540000081062317,1.1407768726348877,5.21690034866333,0.08041223883628845,0.06158744543790817,-0.0035248231142759323,0.36860015988349915
8.906000137329102,0.2460000067949295,0.7251740097999573,4.94887113571167,0.037360284477472305,1.8036580085754395,0.0053772530518472195,0.2664163112640381
8.906000137329102,0.2460000067949295,0.9980992674827576,2.058333158493042,0.15054519474506378,0.06747832894325256,0.05419370159506798,0.3969130516052246
8.906000137329102,0.2460000067949295,1.1375575065612793,5.10555362701416,0.09639433771371841,0.03799435868859291,0.10298047214746475,0.33667072653770447
8.906000137329102,1.246000051498413,0.8840072751045227,0.08684699982404709,0.11137545853853226,1.0320559740066528,0.01821226067841053,0.04009902849793434
8.906000137329102,1.246000051498413,0.9713462591171265,1.3655940294265747,0.10328174382448196,0.08552490174770355,-0.21105295419692993,0.2585355341434479
8.906000137329102,1.246000051498413,1.085052728652954,5.260483741760254,0.12227795273065567,0.15156976878643036,0.2488383799791336,0.7013654112815857
8.906000137329102,2.246000051498413,0.8531242609024048,0.5906880497932434,0.07395883649587631,0.8074551224708557,0.050525031983852386,0.3568930923938751
8.906000137329102,2.246000051498413,0.9998491406440735,1.392707109451294,0.17163456976413727,0.14388780295848846,-0.1956176459789276,0.35540294647216797
8.906000137329102,2.246000051498413,0.8180093169212341,5.22194242477417,0.07066258043050766,0.2759895622730255,0.22541972994804382,0.2877039313316345
8.906000137329102,3.246000051498413,0.5886516571044922,0.15567907691001892,0.05174281820654869,0.3146264851093292,0.01633884198963642,0.2679823338985443
8.906000137329102,3.246000051498413,0.9684622287750244,1.687014102935791,0.07156524062156677,0.0844232514500618,-0.24284197390079498,0.7003450989723206
8.906000137329102,3.246000051498413,1.202350378036499,0.3688843846321106,0.42066690325737,0.1620948612689972,0.25857576727867126,0.0316726379096508
8.906000137329102,4.245999813079834,0.8063286542892456,3.5016555786132812,0.059418074786663055,0.16497333347797394,-0.04289937764406204,0.391243577003479
8.906000137329102,4.245999813079834,1.1136327981948853,0.5541145205497742,0.18223100900650024,0.06518565118312836,-0.5517755746841431,0.6084299087524414
8.906000137329102,4.245999813079834,1.1796849966049194,5.652736186981201,1.8549655675888062,20.93429946899414,0.23572495579719543,0.0003264988772571087
9.906000137329102,-8.753999710083008,0.9700274467468262,4.198286056518555,0.6323188543319702,1.9949226379394531,0.031139317899942398,0.008614297956228256
9.906000137329102,-8.753999710083008,0.6611174941062927,4.290766716003418,0.055272217839956284,0.17704056203365326,0.16047853231430054,0.03677891567349434
9.906000137329102,-8.753999710083008,0.5851922035217285,4.952521324157715,0.011122491210699081,0.06000254303216934,0.008522095158696175,0.9546067714691162
9.906000137329102,-7.754000186920166,0.5889228582382202,5.0126953125,0.12452959269285202,1.1405441761016846,0.06674449145793915,0.07069949060678482
9.906000137329102,-7.754000186920166,0.545607328414917,1.6807061433792114,0.021699050441384315,0.1258419007062912,0.016831088811159134,0.48663589358329773
9.906000137329102,-7.754000186920166,0.5989407300949097,0.5987593531608582,0.025545697659254074,0.18148285150527954,0.02400936558842659,0.44266465306282043
9.906000137329102,-6.754000186920166,0.6226097345352173,3.4555160999298096,0.01615668274462223,0.6825917959213257,0.061044029891490936,0.5403149724006653
9.906000137329102,-6.754000186920166,0.5298109650611877,2.5160324573516846,0.03617323189973831,0.6925833821296692,-0.040293700993061066,0.42828109860420227
9.906000137329102,-6.754000186920166,0.6944006681442261,4.883633136749268,0.1036689430475235,1.1689835786819458,-0.21498918533325195,0.03140388801693916
9.906000137329102,-5.754000186920166,0.683029294013977,5.794044017791748,0.029568104073405266,2.059880256652832,-0.05285714194178581,0.3703843057155609
9.906000137329102,-5.754000186920166,0.8671761155128479,2.547121524810791,0.08733447641134262,0.04893844947218895,0.17160062491893768,0.38932281732559204
9.906000137329102,-5.754000186920166,0.9212594628334045,5.6676788330078125,0.06594192981719971,0.031158996745944023,-0.016949711367487907,0.24029286205768585
9.906000137329102,-4.754000186920166,0.881277322769165,4.555750846862793,0.14909102022647858,2.0729458332061768,-0.000783504918217659,0.06505248695611954
9.906000137329102,-4.754000186920166,1.0212541818618774,2.3928000926971436,0.05663585290312767,0.021385662257671356,-0.058735281229019165,0.6265143156051636
9.906000137329102,-4.754000186920166,1.0652947425842285,5.545591831207275,0.06280685216188431,0.03244314715266228,-0.0414619967341423,0.3084332346916199
9.906000137329102,-3.753999948501587,0.8090627789497375,4.755971908569336,0.15336953103542328,1.9541449546813965,-0.024838875979185104,0.07804754376411438
9.906000137329102,-3.753999948501587,1.125930666923523,2.295905113220215,0.06847106665372849,0.025613892823457718,-0.0700540766119957,0.6428030729293823
9.906000137329102,-3.753999948501587,1.0120787620544434,5.506608009338379,0.06916946917772293,0.04751284047961235,0.03404761850833893,0.27914944291114807
9.906000137329102,-2.753999948501587,0.9506298899650574,5.161179542541504,0.2995816767215729,1.9515974521636963,-0.009933977387845516,0.10798173397779465
9.906000137329102,-2.753999948501587,1.0211942195892334,2.2879297733306885,0.0670168474316597,0.03711768984794617,0.02114364318549633,0.5363545417785645
9.906000137329102,-2.753999948501587,1.0907256603240967,5.436367511749268,0.08022055774927139,0.0555434487760067,0.01479092426598072,0.3556636869907379
9.906000137329102,-1.753999948501587,0.8427345752716064,4.647228240966797,0.12621867656707764,1.6495851278305054,-0.02897757478058338,0.07507311552762985
9.906000137329102,-1.753999948501587,1.0926600694656372,2.240218162536621,0.07850081473588943,0.02780325897037983,0.04661477729678154,0.428498238325119
9.906000137329102,-1.753999948501587,1.1603646278381348,5.3616743087768555,0.11025749891996384,0.046296294778585434,0.07859127223491669,0.4964286684989929
9.906000137329102,-0.7540000081062317,0.7499968409538269,5.093758583068848,0.055133916437625885,1.222442865371704,-0.0046642376109957695,0.6437164545059204
9.906000137329102,-0.7540000081062317,0.7307010293006897,2.329986095428467,0.08608798682689667,0.1504649668931961,0.0972803458571434,0.07933905720710754
9.906000137329102,-0.7540000081062317,0.6258478164672852,4.816613674163818,0.02896968461573124,0.22317977249622345,0.18995966017246246,0.27694451808929443
9.906000137329102,0.2460000067949295,0.8923662900924683,2.922835111618042,0.17402023077011108,2.2598257064819336,0.12074901163578033,0.06418120861053467
9.906000137329102,0.2460000067949295,0.6066292524337769,1.1562799215316772,0.024751676246523857,0.3539770543575287,0.1423555165529251,0.9192543625831604
9.906000137329102,0.2460000067949295,0.6868002414703369,6.075571060180664,0.05025192350149155,0.5079072117805481,-0.09650537371635437,0.016564490273594856
9.906000137329102,1.246000051498413,0.6182640790939331,5.719846248626709,0.05172949656844139,0.9199588894844055,0.16211889684200287,0.007701681461185217
9.906000137329102,1.246000051498413,0.9115627408027649,0.9826420545578003,0.10568908601999283,0.05701172351837158,0.31068944931030273,0.9921225905418396
9.906000137329102,1.246000051498413,1.065162181854248,0.9910233616828918,1.8103877305984497,0.4409300982952118,0.23940128087997437,0.00017579477571416646
10.906000137329102,-13.753999710083008,0.963965892791748,1.5217993259429932,0.35166630148887634,0.9626242518424988,0.06732708215713501,0.04522281885147095
10.906000137329102,-13.753999710083008,1.134595513343811,4.224691390991211,0.39133313298225403,0.09891971200704575,0.07482927292585373,0.8798521161079407
10.906000137329102,-13.753999710083008,0.8021227121353149,5.379281997680664,0.12054663151502609,0.1590077131986618,0.09866844862699509,0.07492510229349136
10.906000137329102,-12.753999710083008,0.8531301617622375,3.4768800735473633,0.16177897155284882,1.892157793045044,0.024437014013528824,0.017355380579829216
10.906000137329102,-12.753999710083008,0.6030786633491516,2.3677053451538086,0.0329570546746254,0.29116928577423096,0.3346487581729889,0.9632688164710999
10.906000137329102,-12.753999710083008,0.7574986219406128,4.321725845336914,0.07489456981420517,1.0920705795288086,0.08463659882545471,0.019375799223780632
10.906000137329102,-11.753999710083008,0.8545432090759277,3.017942428588867,0.05689556896686554,0.4163733720779419,0.12670934200286865,0.43754634261131287
10.906000137329102,-11.753999710083008,0.5928466320037842,2.625584840774536,0.044694773852825165,0.38587936758995056,0.009428323246538639,0.39158734679222107
10.906000137329102,-11.753999710083008,0.6584138870239258,4.3466901779174805,0.04549572244286537,0.3363308608531952,-0.0036999178119003773,0.1708662360906601
10.906000137329102,-8.753999710083008,0.9668452739715576,5.129720211029053,0.1455039530992508,0.8082974553108215,-0.013663720339536667,0.3679903447628021
10.906000137329102,-8.753999710083008,0.5406452417373657,3.006209135055542,0.2455466091632843,2.867036819458008,-0.07175984233617783,0.004292412661015987
10.906000137329102,-8.753999710083008,0.5308870077133179,3.850003242492676,0.03162351995706558,0.41511595249176025,0.284298837184906,0.6277173161506653
10.906000137329102,-7.754000186920166,0.9110328555107117,4.933608531951904,0.09764433652162552,1.2528083324432373,-0.15902207791805267,0.30112841725349426
10.906000137329102,-7.754000186920166,0.6522800326347351,2.682619571685791,0.030435921624302864,0.26902079582214355,-0.11614914983510971,0.16473335027694702
10.906000137329102,-7.754000186920166,0.5957663655281067,4.022869110107422,0.01391928642988205,0.306960791349411,0.16727674007415771,0.5341382622718811
10.906000137329102,-6.754000186920166,0.5487451553344727,6.251568794250488,0.019438937306404114,2.072871208190918,-0.008297731168568134,0.6352908611297607
10.906000137329102,-6.754000186920166,0.6375125050544739,2.4905943870544434,0.10749026387929916,0.25002145767211914,0.020681990310549736,0.269562304019928
10.906000137329102,-6.754000186920166,0.852346658706665,5.697541236877441,0.10685394704341888,0.11449960619211197,-0.21262988448143005,0.09514687210321426
10.906000137329102,-5.754000186920166,0.8605352640151978,4.456784248352051,0.1667325645685196,2.3907482624053955,-0.031373366713523865,0.048834946006536484
10.906000137329102,-5.754000186920166,1.275761604309082,2.4051737785339355,0.08671078085899353,0.0157418642193079,-0.03591303527355194,0.6488721966743469
10.906000137329102,-5.754000186920166,1.0903807878494263,5.635354042053223,0.0559462308883667,0.03062089905142784,-0.06391698122024536,0.30229291319847107
10.906000137329102,-4.754000186920166,1.0472546815872192,4.747307300567627,0.40010911226272583,2.3802318572998047,0.03523704782128334,0.03597000613808632
10.906000137329102,-4.754000186920166,1.1385204792022705,2.355692148208618,0.08899323642253876,0.030808085575699806,-0.025460246950387955,0.5622473359107971
10.906000137329102,-4.754000186920166,1.0248281955718994,5.573875427246094,0.05199757218360901,0.04035559296607971,-0.010722685605287552,0.4017826318740845
10.906000137329102,-3.753999948501587,0.9910032153129578,4.130261421203613,0.6778022646903992,2.2969892024993896,0.022664761170744896,0.07144632190465927
10.906000137329102,-3.753999948501587,1.121311902999878,2.2682509422302246,0.07395555824041367,0.03774012625217438,-0.035940688103437424,0.5461683869361877
10.906000137329102,-3.753999948501587,0.9971783757209778,5.481959819793701,0.05374414473772049,0.051245156675577164,-0.019886162132024765,0.3823853135108948
10.906000137329102,-2.753999948501587,0.7751434445381165,6.113253593444824,0.1064918115735054,2.3736860752105713,-0.07884692400693893,0.05591476708650589
10.906000137329102,-2.753999948501587,1.0423426628112793,2.290788412094116,0.07850272208452225,0.022496266290545464,0.009473009966313839,0.41958558559417725
10.906000137329102,-2.753999948501587,1.0474555492401123,5.418676376342773,0.06547470390796661,0.025907419621944427,-0.045420847833156586,0.5244996547698975
10.906000137329102,-1.753999948501587,0.662936806678772,6.211803913116455,0.03600187972187996,1.2372299432754517,-0.08210624754428864,0.4160044491291046
10.906000137329102,-1.753999948501587,0.8470281362533569,1.7169725894927979,0.14478977024555206,0.13456182181835175,-0.012845657765865326,0.31215691566467285
10.906000137329102,-1.753999948501587,1.1230871677398682,5.29389762878418,0.187955841422081,0.03842897340655327,0.02163459174335003,0.2718386948108673
10.906000137329102,-0.7540000081062317,0.8011443018913269,5.845090866088867,0.026606397703289986,0.5680103302001953,-0.12382115423679352,0.9628356099128723
10.906000137329102,-0.7540000081062317,0.6005774140357971,0.6199154853820801,0.13012424111366272,9.34771728515625,0.16300427913665771,0.002176395384594798
10.906000137329102,-0.7540000081062317,0.4323080778121948,5.391998767852783,0.011880283243954182,0.7767228484153748,0.05108661577105522,0.034987933933734894
10.906000137329102,0.2460000067949295,1.014281988143921,6.1229119300842285,1.7415179014205933,0.9669027924537659,0.3392162024974823,0.024350980296730995
10.906000137329102,0.2460000067949295,0.5357564091682434,1.0680358409881592,0.023982632905244827,0.03467663750052452,-0.22104816138744354,0.4823262095451355
10.906000137329102,0.2460000067949295,0.5704309940338135,0.9444795846939087,0.07192865759134293,0.820065438747406,0.014931034296751022,0.49332281947135925
10.906000137329102,1.246000051498413,0.7665693759918213,0.6744652390480042,0.06773713231086731,0.9136746525764465,0.0882454514503479,0.14866358041763306
10.906000137329102,1.246000051498413,0.7669618129730225,1.5475339889526367,0.09383947402238846,0.11241631954908371,-0.029429079964756966,0.8499615788459778
10.906000137329102,1.246000051498413,1.3113675117492676,1.5418808460235596,4.985654354095459,0.46948888897895813,0.1837894320487976,0.0013748971978202462
11.906000137329102,-15.753999710083008,0.62614905834198,2.669644594192505,0.050762616097927094,0.6334125399589539,0.21864166855812073,0.7886778712272644
11.906000137329102,-15.753999710083008,0.47496771812438965,1.8476632833480835,0.07700299471616745,0.23429293930530548,-0.10370725393295288,0.07433544099330902
11.906000137329102,-15.753999710083008,0.7887035608291626,5.54609489440918,0.21249869465827942,0.36773359775543213,0.19938981533050537,0.13698676228523254
11.906000137329102,-14.753999710083008,1.048686146736145,4.844160079956055,0.22391413152217865,0.531850278377533,0.12287898361682892,0.09700379520654678
11.906000137329102,-14.753999710083008,0.8604421615600586,2.9502105712890625,0.11105379462242126,0.30951184034347534,0.008217879571020603,0.32282620668411255
11.906000137329102,-14.753999710083008,0.7392570972442627,4.2320475578308105,0.039387911558151245,0.11400806158781052,0.09548923373222351,0.5801700353622437
11.906000137329102,-13.753999710083008,0.7340994477272034,6.250435829162598,0.09289465844631195,0.38137087225914,0.058702778071165085,0.46376320719718933
11.906000137329102,-13.753999710083008,0.7751858234405518,2.79508113861084,0.21646255254745483,0.4767715334892273,-0.1469946950674057,0.3198060989379883
11.906000137329102,-13.753999710083008,0.7002649903297424,5.084524631500244,0.053774673491716385,0.22560247778892517,0.08877713978290558,0.21643070876598358
11.906000137329102,-12.753999710083008,0.8435565233230591,5.682276248931885,0.13508009910583496,0.4605819880962372,-0.05520692840218544,0.19791898131370544
11.906000137329102,-12.753999710083008,0.5260859727859497,1.7397253513336182,0.057883672416210175,1.0313364267349243,0.16273584961891174,0.6017575263977051
11.906000137329102,-12.753999710083008,0.5614985823631287,4.819667816162109,0.04388050734996796,0.5241180658340454,-0.11280787736177444,0.20032356679439545
11.906000137329102,-11.753999710083008,0.9999184608459473,4.1105241775512695,0.0831502303481102,0.19616682827472687,-0.030130015686154366,0.616051197052002
11.906000137329102,-11.753999710083008,0.5435671210289001,2.763847589492798,0.05509188026189804,1.1908893585205078,0.24797508120536804,0.12856259942054749
11.906000137329102,-11.753999710083008,0.5620749592781067,3.9653847217559814,0.02696312591433525,0.35365578532218933,-0.004537065513432026,0.25538626313209534
11.906000137329102,-10.753999710083008,0.8324847221374512,4.466203689575195,0.07507970184087753,0.31289562582969666,-0.19229531288146973,0.18771566450595856
11.906000137329102,-10.753999710083008,0.7467724084854126,2.7236902713775635,0.054024748504161835,0.1653607338666916,0.017836758866906166,0.6319701075553894
11.906000137329102,-10.753999710083008,0.5010088682174683,2.7296440601348877,0.018392594531178474,0.9630025625228882,0.1411534994840622,0.18031422793865204
11.906000137329102,-9.753999710083008,0.45055779814720154,4.803812503814697,0.012651289813220501,0.13776497542858124,-0.2526937425136566,0.07856545597314835
11.906000137329102,-9.753999710083008,0.4818100333213806,4.456718921661377,0.01463913731276989,0.11182765662670135,-0.2029590904712677,0.8841531276702881
11.906000137329102,-9.753999710083008,0.6310602426528931,0.6562285423278809,0.011761351488530636,0.09689757972955704,0.2875472903251648,0.03728146106004715
11.906000137329102,-8.753999710083008,0.632564127445221,4.107724666595459,0.039789922535419464,0.5275740623474121,-0.00293447426520288,0.8415434956550598
11.906000137329102,-8.753999710083008,0.40730714797973633,2.955394744873047,0.11644752323627472,1.4612845182418823,0.08008619397878647,0.016212284564971924
11.906000137329102,-8.753999710083008,0.5595617294311523,4.154979705810547,0.04934360459446907,0.5273363590240479,0.2057279646396637,0.14224421977996826
11.906000137329102,-7.754000186920166,0.43191760778427124,3.8296968936920166,0.036746252328157425,1.2462702989578247,-0.09989823400974274,0.2251584827899933
11.906000137329102,-7.754000186920166,0.4869522452354431,3.0459799766540527,0.029586905613541603,0.3727462887763977,-0.1626361906528473,0.38172030448913574
11.906000137329102,-7.754000186920166,0.57505863904953,3.8265199661254883,0.014715814962983131,0.18785636126995087,0.19993075728416443,0.3931211531162262
11.906000137329102,-6.754000186920166,0.7337836027145386,6.01922607421875,0.06524672359228134,2.4883205890655518,-0.05619262531399727,0.06656429916620255
11.906000137329102,-6.754000186920166,1.0829728841781616,2.436305284500122,0.07439377903938293,0.028028780594468117,-0.03749469295144081,0.647240936756134
11.906000137329102,-6.754000186920166,1.270364761352539,5.6302056312561035,0.08665741980075836,0.02670121006667614,-0.10518194735050201,0.286194771528244
11.906000137329102,-5.754000186920166,0.9853579998016357,3.60343337059021,0.37574848532676697,2.2751941680908203,0.020434584468603134,0.04432477056980133
11.906000137329102,-5.754000186920166,1.1885943412780762,2.3605918884277344,0.08745966851711273,0.027497587725520134,0.03891057148575783,0.6290292739868164
11.906000137329102,-5.754000186920166,1.1551638841629028,5.5165791511535645,0.07663296163082123,0.04733545705676079,-0.047578297555446625,0.32664597034454346
11.906000137329102,-4.754000186920166,0.9691383838653564,4.704405307769775,0.20832829177379608,2.3822994232177734,0.013770869001746178,0.12071392685174942
11.906000137329102,-4.754000186920166,1.3016228675842285,2.3324642181396484,0.14473269879817963,0.019697055220603943,0.05734061077237129,0.48788636922836304
11.906000137329102,-4.754000186920166,1.0388431549072266,5.520493507385254,0.049305982887744904,0.029581332579255104,0.022923162207007408,0.39139971137046814
11.906000137329102,-3.753999948501587,0.7285588383674622,5.596584796905518,0.04523182287812233,2.2497940063476562,-0.030614448711276054,0.30505308508872986
11.906000137329102,-3.753999948501587,1.0573487281799316,2.204821825027466,0.0862969383597374,0.031104501336812973,0.06323415040969849,0.2886635363101959
11.906000137329102,-3.753999948501587,1.0384221076965332,5.498232841491699,0.055694472044706345,0.02584943361580372,0.0294773131608963,0.40628331899642944
11.906000137329102,-2.753999948501587,0.6871515512466431,0.5905234217643738,0.011955826543271542,0.46628713607788086,0.08062627911567688,0.927042543888092
11.906000137329102,-2.753999948501587,0.7413598895072937,1.6567058563232422,0.10770305246114731,0.29691335558891296,0.04486183822154999,0.06692655384540558
11.906000137329102,-2.753999948501587,0.8207607865333557,5.837493896484375,0.18012239038944244,0.22543838620185852,-0.018995609134435654,0.006030896678566933
11.906000137329102,0.2460000067949295,1.0353362560272217,5.84542989730835,0.33493632078170776,0.16647742688655853,0.2374124675989151,0.5376461744308472
11.906000137329102,0.2460000067949295,0.7759242057800293,1.1008166074752808,0.025471294298768044,0.023809539154171944,-0.5746901631355286,0.09209252148866653
11.906000137329102,0.2460000067949295,1.0657591819763184,5.344038486480713,0.13653337955474854,0.14500263333320618,0.3704512417316437,0.3702612817287445
12.906000137329102,-16.753999710083008,0.6349644064903259,0.5463497042655945,0.02956336736679077,2.3378655910491943,0.024182124063372612,0.7797821164131165
12.906000137329102,-16.753999710083008,0.7438256740570068,2.911289930343628,0.08582699298858643,0.1338004320859909,0.18971768021583557,0.16305218636989594
12.906000137329102,-16.753999710083008,0.9428516030311584,6.170376300811768,0.09495676308870316,0.04919956997036934,-0.11249560862779617,0.05716574192047119
12.906000137329102,-15.753999710083008,0.9148080945014954,5.6101555824279785,0.38342535495758057,0.9583004117012024,0.11051381379365921,0.017017444595694542
12.906000137329102,-15.753999710083008,0.4781219959259033,3.225611925125122,0.03949650749564171,0.7284610867500305,-0.03530300036072731,0.2778688967227936
12.906000137329102,-15.753999710083008,0.4847415089607239,3.9464898109436035,0.014647096395492554,0.12260525673627853,0.20462797582149506,0.7051137089729309
12.906000137329102,-14.753999710083008,0.8102220892906189,6.0037031173706055,0.08722657710313797,0.4063045084476471,0.09639468044042587,0.05123462900519371
12.906000137329102,-14.753999710083008,0.6811745166778564,2.0838875770568848,0.06900705397129059,0.20675748586654663,-0.26769447326660156,0.04038548097014427
12.906000137329102,-14.753999710083008,0.7936850190162659,4.693973064422607,0.04392405226826668,0.032922860234975815,0.0028807143680751324,0.908379852771759
12.906000137329102,-13.753999710083008,0.7939897775650024,4.529375076293945,0.05140521377325058,0.8756916522979736,-0.02626931667327881,0.18279330432415009
12.906000137329102,-13.753999710083008,0.8589311838150024,1.8267550468444824,0.10427097976207733,0.1515428125858307,0.02940872311592102,0.08923637866973877
12.906000137329102,-13.753999710083008,0.882916271686554,4.449740886688232,0.06627291440963745,0.05844953656196594,0.07631593197584152,0.7279702425003052
12.906000137329102,-12.753999710083008,0.9084398150444031,5.381348609924316,0.13319845497608185,0.4708183705806732,0.05414975434541702,0.1450573205947876
12.906000137329102,-12.753999710083008,0.6283468008041382,1.2395581007003784,0.02965646982192993,0.29862549901008606,-0.031428977847099304,0.3670344650745392
12.906000137329102,-12.753999710083008,0.5853810906410217,4.724747657775879,0.030239718034863472,0.28627848625183105,-0.13652053475379944,0.4879082143306732
12.906000137329102,-11.753999710083008,0.9751132726669312,4.218014717102051,0.07273328304290771,0.2927507758140564,-0.05835182964801788,0.3501600921154022
12.906000137329102,-11.753999710083008,0.5683119893074036,2.4860541820526123,0.046233728528022766,1.985222339630127,0.24954377114772797,0.42741110920906067
12.906000137329102,-11.753999710083008,0.6160547137260437,4.082016944885254,0.02701912447810173,0.5327768921852112,0.055490054190158844,0.2224288433790207
12.906000137329102,-10.753999710083008,0.9098700881004333,3.276188373565674,0.11386145651340485,0.9524221420288086,-0.028302403166890144,0.33900514245033264
12.906000137329102,-10.753999710083008,0.556367039680481,4.038565158843994,0.03493168205022812,0.3162219524383545,0.011352394707500935,0.4937514364719391
12.906000137329102,-10.753999710083008,0.5959693789482117,2.6247055530548096,0.02962302975356579,0.8781661987304688,0.25889724493026733,0.16724339127540588
12.906000137329102,-9.753999710083008,0.7969494462013245,3.948333740234375,0.07668115943670273,0.5376639366149902,-0.22633714973926544,0.14033269882202148
12.906000137329102,-9.753999710083008,0.6064632534980774,2.1304187774658203,0.044899046421051025,0.6480582356452942,-0.1766955554485321,0.2094687521457672
12.906000137329102,-9.753999710083008,0.5513151288032532,2.880253791809082,0.012644095346331596,0.5822821855545044,0.015572120435535908,0.6501985192298889
12.906000137329102,-8.753999710083008,0.5390574336051941,4.432582378387451,0.027376223355531693,0.702560305595398,0.06051197648048401,0.44543421268463135
12.906000137329102,-8.753999710083008,0.5896979570388794,2.1437928676605225,0.06922651827335358,0.34425726532936096,0.16716665029525757,0.37007197737693787
12.906000137329102,-8.753999710083008,0.6435431838035583,4.8012895584106445,0.056094180792570114,0.21221694350242615,0.1543387919664383,0.184493750333786
12.906000137329102,-7.754000186920166,0.7554914355278015,5.973141670227051,0.07499677687883377,2.2900192737579346,-0.03278545290231705,0.07795944064855576
12.906000137329102,-7.754000186920166,1.0110735893249512,2.2589361667633057,0.07627063989639282,0.03733369708061218,0.16670003533363342,0.584138810634613
12.906000137329102,-7.754000186920166,0.9681589603424072,5.529284477233887,0.05074629187583923,0.03448902815580368,0.1228872686624527,0.33790168166160583
12.906000137329102,-6.754000186920166,0.8518266081809998,5.298532962799072,0.14899668097496033,2.0756654739379883,-0.039036016911268234,0.04171326011419296
12.906000137329102,-6.754000186920166,1.0149602890014648,2.349256753921509,0.06117720529437065,0.026903804391622543,0.11272228509187698,0.5356460213661194
12.906000137329102,-6.754000186920166,1.1187540292739868,5.534703254699707,0.07231999188661575,0.027852967381477356,0.024371901527047157,0.42264071106910706
12.906000137329102,-5.754000186920166,0.924733579158783,3.9575884342193604,0.30802080035209656,2.9039647579193115,0.04198424145579338,0.015561460517346859
12.906000137329102,-5.754000186920166,1.0283229351043701,2.346245765686035,0.05710317939519882,0.02329210750758648,0.0354786179959774,0.5263699293136597
12.906000137329102,-5.754000186920166,1.2257102727890015,5.493709087371826,0.09033460915088654,0.02370808646082878,0.007515644654631615,0.4580685794353485
12.906000137329102,-4.754000186920166,0.661990761756897,6.27254056930542,0.027758624404668808,0.9113361239433289,-0.04245784133672714,0.5200780630111694
12.906000137329102,-4.754000186920166,0.822468101978302,1.803048014640808,0.10269403457641602,0.028697321191430092,-0.03668791055679321,0.29559287428855896
12.906000137329102,-4.754000186920166,0.9239799976348877,5.43535041809082,0.15789759159088135,0.07485490292310715,0.15310585498809814,0.18432913720607758
12.906000137329102,-3.753999948501587,0.7233811020851135,0.566646158695221,0.034301262348890305,0.7294702529907227,-0.06391690671443939,0.2610781490802765
12.906000137329102,-3.753999948501587,0.49090850353240967,0.7361944317817688,0.04139290004968643,0.5709422826766968,0.21744588017463684,0.03067847713828087
12.906000137329102,-3.753999948501587,0.8014686703681946,0.25333893299102783,0.056158799678087234,0.263708233833313,0.09227960556745529,0.7082433700561523
12.906000137329102,-2.753999948501587,1.073133945465088,4.7466325759887695,0.8413112163543701,0.5457125306129456,0.2678776979446411,0.011801625601947308
12.906000137329102,-2.753999948501587,0.4890625476837158,0.4526831805706024,0.01288931630551815,0.2400515228509903,-0.5672760009765625,0.9828739762306213
12.906000137329102,-2.753999948501587,0.7347356081008911,0.8395270705223083,0.2600911855697632,2.973456621170044,-0.16679483652114868,0.005324444267898798
13.906000137329102,-15.753999710083008,0.662089467048645,6.176771640777588,0.04695795476436615,0.9637902975082397,0.009063360281288624,0.1265316754579544
13.906000137329102,-15.753999710083008,0.5790360569953918,3.233217239379883,0.06892416626214981,0.22980748116970062,0.2074410319328308,0.8515201210975647
13.906000137329102,-15.753999710083008,0.6319778561592102,4.776637077331543,0.0730971172451973,0.1200418621301651,0.24810652434825897,0.021948229521512985
13.906000137329102,-14.753999710083008,0.8001166582107544,5.121180057525635,0.06359618157148361,0.784777045249939,0.012109056115150452,0.21754206717014313
13.906000137329102,-14.753999710083008,0.6693500876426697,1.872582197189331,0.04511363059282303,0.2218838632106781,-0.12013404816389084,0.3573368787765503
13.906000137329102,-14.753999710083008,0.7026954293251038,4.160374641418457,0.033041078597307205,0.1073111966252327,0.13155591487884521,0.4251210689544678
13.906000137329102,-13.753999710083008,0.800833523273468,4.6570024490356445,0.05267345905303955,0.8147132992744446,-0.06120060011744499,0.08901810646057129
13.906000137329102,-13.753999710083008,0.8233351707458496,2.0276949405670166,0.07577639818191528,0.10199391096830368,-0.03163238242268562,0.03735741600394249
13.906000137329102,-13.753999710083008,0.8816461563110352,4.011475563049316,0.05728553608059883,0.04178499057888985,0.18457095324993134,0.8736245036125183
13.906000137329102,-12.753999710083008,0.7649266719818115,4.686008930206299,0.055601585656404495,0.40400758385658264,0.0692598968744278,0.6313620209693909
13.906000137329102,-12.753999710083008,0.6737447381019592,1.773241400718689,0.046179067343473434,0.21807357668876648,-0.031036904081702232,0.1501922756433487
13.906000137329102,-12.753999710083008,0.6608649492263794,4.437018394470215,0.05015241354703903,0.3117867708206177,0.01337440311908722,0.21844570338726044
13.906000137329102,-11.753999710083008,0.7449105978012085,3.931023120880127,0.03671678155660629,0.4669845402240753,-0.011951717548072338,0.5619317889213562
13.906000137329102,-11.753999710083008,0.5542522072792053,2.421502113342285,0.04196500778198242,1.013438105583191,-0.05476517602801323,0.3459725081920624
13.906000137329102,-11.753999710083008,0.695939302444458,4.425615310668945,0.039003536105155945,0.38772162795066833,0.007092797197401524,0.0920957401394844
13.906000137329102,-10.753999710083008,0.7355673909187317,3.4658141136169434,0.035703837871551514,2.270130157470703,0.01842443458735943,0.7703527212142944
13.906000137329102,-10.753999710083008,0.6529252529144287,2.771432638168335,0.059487756341695786,0.1751423329114914,0.07063890248537064,0.12847445905208588
13.906000137329102,-10.753999710083008,0.771693229675293,5.154005527496338,0.05119921267032623,0.17923103272914886,0.02820427715778351,0.10117277503013611
13.906000137329102,-9.753999710083008,0.6420782804489136,5.66322660446167,0.022416390478610992,1.2566078901290894,-0.11560936272144318,0.471857488155365
13.906000137329102,-9.753999710083008,1.0168602466583252,1.9744163751602173,0.15388205647468567,0.06908091902732849,0.03254169970750809,0.24027122557163239
13.906000137329102,-9.753999710083008,0.9705653786659241,5.273688316345215,0.08863051980733871,0.05116577818989754,0.04384167864918709,0.2878713011741638
13.906000137329102,-8.753999710083008,0.9212296605110168,5.363889694213867,0.2320394217967987,2.4848105907440186,-0.01897064596414566,0.08527263253927231
13.906000137329102,-8.753999710083008,1.1224583387374878,2.269385576248169,0.08403272926807404,0.028588876128196716,0.07649417221546173,0.5580648183822632
13.906000137329102,-8.753999710083008,1.0026955604553223,5.4754791259765625,0.04940009117126465,0.024079598486423492,0.08183009177446365,0.3566626310348511
13.906000137329102,-7.754000186920166,0.9036403298377991,5.817303657531738,0.20566032826900482,2.3321919441223145,-0.05590134114027023,0.05637330561876297
13.906000137329102,-7.754000186920166,1.1289499998092651,2.3196325302124023,0.07742993533611298,0.02884559892117977,0.14937546849250793,0.5444977283477783
13.906000137329102,-7.754000186920166,1.0152208805084229,5.581140518188477,0.04697095602750778,0.025239305570721626,0.0674596056342125,0.3991289734840393
13.906000137329102,-6.754000186920166,0.8093184232711792,5.981454849243164,0.10346298664808273,2.0558488368988037,-0.08519808948040009,0.06609967350959778
13.906000137329102,-6.754000186920166,1.1117472648620605,2.3406894207000732,0.09269002079963684,0.021434174850583076,0.16625121235847473,0.4383569657802582
13.906000137329102,-6.754000186920166,1.0090490579605103,5.535345077514648,0.055706411600112915,0.022920677438378334,0.06869149953126907,0.49554339051246643
13.906000137329102,-5.754000186920166,0.5338960886001587,5.891392707824707,0.011113892309367657,1.4817880392074585,-0.056780148297548294,0.7812613844871521
13.906000137329102,-5.754000186920166,0.7469502091407776,2.272282838821411,0.14006385207176208,0.08491066843271255,-0.009351994842290878,0.17676769196987152
13.906000137329102,-5.754000186920166,0.7729076743125916,6.059074401855469,0.125319704413414,0.12747777998447418,-0.05938633903861046,0.041970908641815186
13.906000137329102,-4.754000186920166,0.8211895823478699,4.691066741943359,0.0261701513081789,0.19376643002033234,0.16055384278297424,0.15498319268226624
13.906000137329102,-4.754000186920166,0.9419229030609131,0.9174487590789795,0.07476544380187988,0.14949798583984375,0.007165886461734772,0.7402991056442261
13.906000137329102,-4.754000186920166,0.8096171021461487,5.087968826293945,0.1550866961479187,0.3241497874259949,0.3008478879928589,0.10471773892641068
13.906000137329102,-3.753999948501587,0.3385866582393646,5.269581317901611,0.0024351535830646753,0.3829723000526428,-0.18953028321266174,0.9976657629013062
13.906000137329102,-3.753999948501587,0.5023931860923767,0.5826214551925659,0.10886194556951523,1.877724051475525,0.12428303807973862,0.0005704890936613083
13.906000137329102,-3.753999948501587,0.5267614126205444,5.524715423583984,0.01905081793665886,0.6824924945831299,0.0876760184764862,0.001763700507581234
14.906000137329102,-15.753999710083008,0.6218247413635254,1.1934396028518677,0.04986663907766342,1.0799542665481567,0.04433715343475342,0.025857986882328987
14.906000137329102,-15.753999710083008,0.7331410646438599,3.7629473209381104,0.04793702811002731,0.12644720077514648,0.07776305079460144,0.9727976322174072
14.906000137329102,-15.753999710083008,0.7757836580276489,4.520364284515381,0.1252593696117401,0.21036463975906372,0.45502525568008423,0.0013443758944049478
14.906000137329102,-14.753999710083008,0.88996422290802,4.510465145111084,0.1005462184548378,0.8407644033432007,-0.03645811229944229,0.1740221381187439
14.906000137329102,-14.753999710083008,0.6467468738555908,2.7096352577209473,0.033128730952739716,0.2648313343524933,0.006058020051568747,0.8116105198860168
14.906000137329102,-14.753999710083008,0.5982803702354431,3.76786470413208,0.03506271541118622,0.8184180855751038,0.31308549642562866,0.014367444440722466
14.906000137329102,-13.753999710083008,0.7879716157913208,3.5057756900787354,0.06034240499138832,0.770296573638916,0.047362376004457474,0.6206181645393372
14.906000137329102,-13.753999710083008,0.6100168228149414,1.6889739036560059,0.0517653226852417,0.6090071201324463,-0.07106221467256546,0.029028484597802162
14.906000137329102,-13.753999710083008,0.6848015189170837,4.5276031494140625,0.0408979207277298,0.5321559309959412,0.08895598351955414,0.35035330057144165
14.906000137329102,-12.753999710083008,0.5431513786315918,4.244534015655518,0.009075346402823925,0.45287081599235535,-0.014755940064787865,0.8601124882698059
14.906000137329102,-12.753999710083008,0.6056612133979797,2.0113890171051025,0.08557238429784775,0.3212119936943054,0.2837730944156647,0.017216050997376442
14.906000137329102,-12.753999710083008,0.6879358887672424,4.940240383148193,0.05813135206699371,0.1282188594341278,0.07237036526203156,0.12267149984836578
14.906000137329102,-11.753999710083008,0.6147575378417969,4.501131057739258,0.029946988448500633,1.7469080686569214,-0.043517567217350006,0.4398099482059479
14.906000137329102,-11.753999710083008,0.7479425072669983,2.323823928833008,0.05979789048433304,0.08341013640165329,0.06403319537639618,0.4431913495063782
14.906000137329102,-11.753999710083008,0.8264192342758179,5.326635837554932,0.06407380104064941,0.0993473157286644,-0.0673365667462349,0.11699869483709335
14.906000137329102,-10.753999710083008,0.7646352648735046,5.284797191619873,0.04833020269870758,2.1588692665100098,-0.057663366198539734,0.23050948977470398
14.906000137329102,-10.753999710083008,1.0117782354354858,2.2970638275146484,0.08229580521583557,0.032363325357437134,-0.028589947149157524,0.48401257395744324
14.906000137329102,-10.753999710083008,1.0983102321624756,5.448179244995117,0.08201242238283157,0.0342576764523983,-0.06658993661403656,0.28547799587249756
14.906000137329102,-9.753999710083008,0.8853955864906311,5.585195541381836,0.12967053055763245,2.3390328884124756,-0.04773357883095741,0.10741188377141953
14.906000137329102,-9.753999710083008,1.1277399063110352,2.2701430320739746,0.10009192675352097,0.02901655249297619,0.069329634308815,0.5680304765701294
14.906000137329102,-9.753999710083008,1.0925556421279907,5.455605506896973,0.06673412024974823,0.030406171455979347,-0.00804333295673132,0.32455766201019287
14.906000137329102,-8.753999710083008,0.8840855956077576,6.164429664611816,0.20473609864711761,2.4466304779052734,-0.03268849849700928,0.05823012813925743
14.906000137329102,-8.753999710083008,1.1141453981399536,2.3013625144958496,0.07463103532791138,0.028566107153892517,0.06931110471487045,0.5628889203071594
14.906000137329102,-8.753999710083008,1.1129215955734253,5.486919403076172,0.06202734261751175,0.028045477345585823,0.0389484278857708,0.37888091802597046
14.906000137329102,-7.754000186920166,0.9229517579078674,6.0384135246276855,0.18149568140506744,2.4578778743743896,-0.03961784020066261,0.062006302177906036
14.906000137329102,-7.754000186920166,1.0855940580368042,2.3404629230499268,0.0728873461484909,0.021164679899811745,0.0881161242723465,0.4937942922115326
14.906000137329102,-7.754000186920166,1.165575623512268,5.542697906494141,0.07232022285461426,0.02237691357731819,0.03187141939997673,0.44419941306114197
14.906000137329102,-6.754000186920166,0.6679576635360718,6.280333995819092,0.030200811102986336,2.1290063858032227,-0.0473959818482399,0.29182693362236023
14.906000137329102,-6.754000186920166,0.9536696672439575,2.09698748588562,0.10562743991613388,0.05045611038804054,0.016922570765018463,0.47781118750572205
14.906000137329102,-6.754000186920166,0.916840136051178,5.525786399841309,0.10828663408756256,0.05938657373189926,0.07051107287406921,0.2303619086742401
14.906000137329102,-5.754000186920166,0.7157125473022461,6.141270637512207,0.02872021682560444,0.2726028263568878,-0.12674705684185028,0.13908854126930237
14.906000137329102,-5.754000186920166,0.7706304788589478,1.2856664657592773,0.04252154380083084,0.10411961376667023,0.29942286014556885,0.8590123653411865
14.906000137329102,-5.754000186920166,0.750500500202179,6.07103157043457,0.262519896030426,2.5076353549957275,0.20112232863903046,0.001899002236314118
14.906000137329102,-4.754000186920166,0.7932927012443542,5.936920642852783,0.0676194354891777,0.2563749849796295,0.0634005144238472,0.00018108471704181284
14.906000137329102,-4.754000186920166,1.5569210052490234,1.7176977396011353,0.15886397659778595,0.0029213677626103163,-0.17531654238700867,0.9998180270195007
14.906000137329102,-4.754000186920166,0.9950953722000122,5.844159126281738,1.3218995332717896,4.503073215484619,-0.2226683795452118,8.959788146967185e-07
15.906000137329102,-15.753999710083008,0.5968090891838074,0.7312208414077759,0.09041737020015717,0.8971272706985474,-0.04445566609501839,0.2394988089799881
15.906000137329102,-15.753999710083008,0.6078305244445801,3.467360019683838,0.0793205052614212,0.4692060947418213,0.08781686425209045,0.7336721420288086
15.906000137329102,-15.753999710083008,0.6502153277397156,4.641162872314453,0.06640205532312393,0.16442038118839264,0.31396496295928955,0.026829002425074577
15.906000137329102,-14.753999710083008,0.8137214183807373,4.22218132019043,0.12163642793893814,0.9905329346656799,-0.07524506747722626,0.1685459017753601
15.906000137329102,-14.753999710083008,0.6103142499923706,3.914703369140625,0.032213244587183,0.21003001928329468,0.07523811608552933,0.7529391050338745
15.906000137329102,-14.753999710083008,0.544301450252533,3.90386700630188,0.02221892587840557,0.7021714448928833,0.26151639223098755,0.07851507514715195
15.906000137329102,-13.753999710083008,0.7426430583000183,4.403953552246094,0.07895057648420334,0.8283756971359253,0.026977062225341797,0.8387442827224731
15.906000137329102,-13.753999710083008,0.5529305338859558,2.244791030883789,0.03523174300789833,0.5089378356933594,-0.0135800801217556,0.1022072285413742
15.906000137329102,-13.753999710083008,0.5771995782852173,4.3285746574401855,0.029393818229436874,1.31731116771698,0.021711671724915504,0.05904846638441086
15.906000137329102,-12.753999710083008,0.5884835720062256,5.018056869506836,0.01412442047148943,1.0121653079986572,-0.05085454508662224,0.7533043622970581
15.906000137329102,-12.753999710083008,0.6987265944480896,2.14807391166687,0.09466538578271866,0.166164830327034,0.3405134081840515,0.16874229907989502
15.906000137329102,-12.753999710083008,0.8615742325782776,5.365111827850342,0.09160687029361725,0.07131141424179077,0.007996446453034878,0.07795339077711105
15.906000137329102,-11.753999710083008,0.6856186389923096,4.361140251159668,0.044722508639097214,1.9297122955322266,-0.050944555550813675,0.2085956633090973
15.906000137329102,-11.753999710083008,1.0661271810531616,2.408478260040283,0.0926903486251831,0.026584863662719727,0.07963712513446808,0.47970932722091675
15.906000137329102,-11.753999710083008,1.0150986909866333,5.523624897003174,0.06388396769762039,0.027212826535105705,-0.04143513739109039,0.31169503927230835
15.906000137329102,-10.753999710083008,0.86322021484375,4.347445011138916,0.1804630607366562,2.320028305053711,0.005628444720059633,0.05755322799086571
15.906000137329102,-10.753999710083008,1.112228274345398,2.338655948638916,0.08173853158950806,0.0248121190816164,0.007833670824766159,0.6021312475204468
15.906000137329102,-10.753999710083008,1.0353623628616333,5.509247779846191,0.062050655484199524,0.03348376229405403,-0.015594213269650936,0.3403155505657196
15.906000137329102,-9.753999710083008,0.9131353497505188,5.0105180740356445,0.21037186682224274,2.3505592346191406,0.010200037620961666,0.0775684118270874
15.906000137329102,-9.753999710083008,1.1043726205825806,2.3040707111358643,0.09680212289094925,0.031058987602591515,0.07986751198768616,0.5289090871810913
15.906000137329102,-9.753999710083008,1.0826691389083862,5.494902610778809,0.06666634976863861,0.03243665024638176,0.018234912306070328,0.3935224711894989
15.906000137329102,-8.753999710083008,0.7980750203132629,5.932830810546875,0.1098170131444931,2.823464870452881,-0.03668223321437836,0.04825357720255852
15.906000137329102,-8.753999710083008,1.1263550519943237,2.309998035430908,0.0873711109161377,0.025088956579566002,0.023951753973960876,0.459443062543869
15.906000137329102,-8.753999710083008,1.0651133060455322,5.462253093719482,0.06466760486364365,0.03347448632121086,-0.0031869623344391584,0.49230337142944336
15.906000137329102,-7.754000186920166,0.6115345358848572,4.865575313568115,0.010247217491269112,0.547886848449707,-0.03320879489183426,0.9077286124229431
15.906000137329102,-7.754000186920166,0.9626098275184631,1.6874037981033325,0.13171793520450592,0.14751966297626495,0.04240793734788895,0.08038893342018127
15.906000137329102,-7.754000186920166,0.9643027782440186,5.733371734619141,0.1497872918844223,0.10864660888910294,0.17055948078632355,0.011882402002811432
15.906000137329102,-6.754000186920166,0.8929073214530945,5.556573867797852,0.31057557463645935,1.025698184967041,-0.024568891152739525,0.00849264208227396
15.906000137329102,-6.754000186920166,0.6333824992179871,0.7609573006629944,0.027935046702623367,0.11332875490188599,-0.3365602493286133,0.9620699286460876
15.906000137329102,-6.754000186920166,0.8651909232139587,4.965158462524414,0.3458634912967682,1.9564224481582642,0.2960379719734192,0.029437504708766937
15.906000137329102,-5.754000186920166,0.7487610578536987,6.213066577911377,0.028202669695019722,0.3971226215362549,-0.2863301634788513,0.006152510643005371
15.906000137329102,-5.754000186920166,0.9631269574165344,1.648319125175476,0.031523630023002625,0.012507249601185322,0.2712843716144562,0.9936867356300354
15.906000137329102,-5.754000186920166,0.8692499399185181,5.299393653869629,0.3503674566745758,2.137282609939575,0.1369224190711975,0.00016071302525233477
16.9060001373291,-15.753999710083008,0.7448461055755615,5.108853340148926,0.11071258038282394,0.2713031470775604,-0.16729113459587097,0.3123267889022827
16.9060001373291,-15.753999710083008,0.420523464679718,2.5745387077331543,0.03828119859099388,0.7667176127433777,0.20868337154388428,0.08173533529043198
16.9060001373291,-15.753999710083008,0.5015166997909546,4.182919502258301,0.020473835989832878,0.23212803900241852,0.1997835487127304,0.6059378981590271
16.9060001373291,-14.753999710083008,0.7084997892379761,3.814262628555298,0.05018863081932068,0.624671459197998,-0.055580124258995056,0.29777592420578003
16.9060001373291,-14.753999710083008,0.5939066410064697,3.1399199962615967,0.04616176337003708,0.8045421242713928,-0.031607434153556824,0.39975136518478394
16.9060001373291,-14.753999710083008,0.586525022983551,4.710758686065674,0.0212217066437006,0.5230940580368042,0.027081722393631935,0.30247271060943604
16.9060001373291,-13.753999710083008,0.59888756275177,4.981412887573242,0.025041082873940468,1.7788169384002686,-0.019531171768903732,0.49542367458343506
16.9060001373291,-13.753999710083008,0.6209802031517029,2.7858541011810303,0.05478671193122864,0.07525922358036041,0.03900516405701637,0.25135892629623413
16.9060001373291,-13.753999710083008,0.8090313673019409,5.003410816192627,0.06105212867259979,0.11886686086654663,0.039500776678323746,0.2532174289226532
16.9060001373291,-12.753999710083008,0.7381587028503418,5.015126705169678,0.06969932466745377,1.7369965314865112,-0.0704304650425911,0.22697679698467255
16.9060001373291,-12.753999710083008,1.1298061609268188,2.4767048358917236,0.09608494490385056,0.02255912870168686,0.11648610979318619,0.4632493257522583
16.9060001373291,-12.753999710083008,1.1094741821289062,5.602700233459473,0.0757611095905304,0.02660262957215309,-0.016638580709695816,0.30977383255958557
16.9060001373291,-11.753999710083008,0.9084537029266357,2.975184202194214,0.23695723712444305,2.199819564819336,-0.02734469063580036,0.06807804852724075
16.9060001373291,-11.753999710083008,1.3068965673446655,2.447319269180298,0.15119719505310059,0.025799021124839783,0.20855852961540222,0.5642878413200378
16.9060001373291,-11.753999710083008,1.057669758796692,5.537528038024902,0.05906730517745018,0.03565417602658272,-0.03424980491399765,0.3676341474056244
16.9060001373291,-10.753999710083008,0.9294246435165405,3.2527201175689697,0.2640141546726227,2.361436128616333,0.010196330957114697,0.06716563552618027
16.9060001373291,-10.753999710083008,1.2149566411972046,2.3789656162261963,0.13945817947387695,0.028497347608208656,0.13070769608020782,0.528148889541626
16.9060001373291,-10.753999710083008,1.0737318992614746,5.525123596191406,0.07462448626756668,0.043797433376312256,-0.0027364357374608517,0.40468549728393555
16.9060001373291,-9.753999710083008,0.8714607954025269,4.439722061157227,0.19831803441047668,2.496762275695801,-0.0031426288187503815,0.0674370601773262
16.9060001373291,-9.753999710083008,1.1595577001571655,2.327120780944824,0.11480461061000824,0.026180166751146317,0.10509032756090164,0.4967079758644104
16.9060001373291,-9.753999710083008,1.0634057521820068,5.516463279724121,0.06410080939531326,0.02919643744826317,-0.00985631998628378,0.4358549416065216
16.9060001373291,-8.753999710083008,0.626672625541687,0.3036060333251953,0.02479366958141327,0.6279144287109375,-0.049145255237817764,0.7075533270835876
16.9060001373291,-8.753999710083008,0.9248765110969543,1.8935086727142334,0.1553715020418167,0.06640129536390305,0.016146712005138397,0.12586846947669983
16.9060001373291,-8.753999710083008,0.7441641688346863,5.844935417175293,0.05179571732878685,0.04762782156467438,0.10270440578460693,0.16657815873622894
16.9060001373291,-7.754000186920166,0.5175684690475464,0.4806671440601349,0.02613992616534233,0.7164449691772461,0.0577283576130867,0.062233347445726395
16.9060001373291,-7.754000186920166,0.9628633260726929,1.0631133317947388,0.16083785891532898,0.48456791043281555,0.1477852612733841,0.9361815452575684
16.9060001373291,-7.754000186920166,1.0650837421417236,1.0583460330963135,0.7571799159049988,0.10283268988132477,0.2564880847930908,0.0015850543277338147
17.9060001373291,-15.753999710083008,0.7378027439117432,5.512111663818359,0.023726701736450195,0.1220107302069664,-0.06730317324399948,0.879343569278717
17.9060001373291,-15.753999710083008,0.5753734707832336,1.0603489875793457,0.05555124953389168,1.9609179496765137,0.2615959644317627,0.02452865242958069
17.9060001373291,-15.753999710083008,0.6998196244239807,4.882080078125,0.05545836314558983,0.8718772530555725,0.12228456884622574,0.09612777829170227
17.9060001373291,-14.753999710083008,0.713729977607727,3.378685474395752,0.05464930087327957,0.8943827748298645,-0.010590042918920517,0.26233500242233276
17.9060001373291,-14.753999710083008,0.43242889642715454,2.3229544162750244,0.03650658205151558,1.4878922700881958,0.11286706477403641,0.3292057514190674
17.9060001373291,-14.753999710083008,0.6061410903930664,4.714351177215576,0.016115909442305565,0.22354482114315033,-0.0022589373402297497,0.40845921635627747
17.9060001373291,-13.753999710083008,0.7075748443603516,4.157713890075684,0.05337688699364662,2.3506925106048584,-0.06862807273864746,0.16965855658054352
17.9060001373291,-13.753999710083008,1.0272185802459717,2.550189733505249,0.07479860633611679,0.024693405255675316,0.11633443087339401,0.4452735483646393
17.9060001373291,-13.753999710083008,1.0795440673828125,5.769789218902588,0.07209732383489609,0.03419412672519684,-0.060823023319244385,0.385067880153656
17.9060001373291,-12.753999710083008,0.7679080963134766,2.661404848098755,0.09665286540985107,1.7616479396820068,-0.0130829568952322,0.051983222365379333
17.9060001373291,-12.753999710083008,1.1170872449874878,2.4503579139709473,0.078279048204422,0.026577245444059372,0.14136534929275513,0.7016096115112305
17.9060001373291,-12.753999710083008,1.2321821451187134,5.698832988739014,0.1087656244635582,0.03168629854917526,-0.09389370679855347,0.24640712141990662
17.9060001373291,-11.753999710083008,0.8441927433013916,2.9923994541168213,0.22560036182403564,1.6399173736572266,0.005900302901864052,0.12476897984743118
17.9060001373291,-11.753999710083008,1.2541875839233398,2.4516305923461914,0.1281491219997406,0.029671335592865944,0.1682518571615219,0.4164314568042755
17.9060001373291,-11.753999710083008,1.0851263999938965,5.575092315673828,0.08676429837942123,0.06092971935868263,0.09587511420249939,0.4587996304035187
17.9060001373291,-10.753999710083008,0.8133879899978638,2.358107566833496,0.12305290251970291,1.4605673551559448,-0.043257907032966614,0.16148021817207336
17.9060001373291,-10.753999710083008,1.3384215831756592,2.4329845905303955,0.20723892748355865,0.02302127331495285,0.23340079188346863,0.3706028461456299
17.9060001373291,-10.753999710083008,1.10627019405365,5.499671936035156,0.08748216927051544,0.029586341232061386,0.08121300488710403,0.46791699528694153
17.9060001373291,-9.753999710083008,0.628126859664917,0.659176230430603,0.041554175317287445,1.5910253524780273,0.08814895898103714,0.38687559962272644
17.9060001373291,-9.753999710083008,0.6569655537605286,1.641939401626587,0.0879100114107132,0.18598532676696777,0.07020476460456848,0.5929388403892517
17.9060001373291,-9.753999710083008,0.7611970901489258,6.15371561050415,0.18442901968955994,0.48895084857940674,0.1099032536149025,0.020185504108667374
17.9060001373291,-8.753999710083008,0.9664148092269897,6.0966796875,0.14878298342227936,0.5647966861724854,0.08222124725580215,0.23189343512058258
17.9060001373291,-8.753999710083008,0.6988983750343323,0.9387101531028748,0.030706141144037247,0.46846839785575867,0.3284606337547302,0.5876312851905823
17.9060001373291,-8.753999710083008,0.8908233046531677,0.6673285961151123,0.16067355871200562,0.16855880618095398,0.18543373048305511,0.18047532439231873
18.9060001373291,-15.753999710083008,0.7238245010375977,5.1818742752075195,0.08668553829193115,0.39232951402664185,-0.10066498816013336,0.12094535678625107
18.9060001373291,-15.753999710083008,0.5406885147094727,1.7214972972869873,0.05745343118906021,0.46799224615097046,-0.06223779916763306,0.010139931924641132
18.9060001373291,-15.753999710083008,0.5833119750022888,4.510623455047607,0.020964456722140312,0.2826879918575287,0.05120575428009033,0.8689147233963013
18.9060001373291,-14.753999710083008,0.620641827583313,4.53256893157959,0.02419290505349636,1.4040627479553223,0.054280199110507965,0.5344477891921997
18.9060001373291,-14.753999710083008,0.7743558883666992,2.6140708923339844,0.09146346896886826,0.13372302055358887,0.13085466623306274,0.24141347408294678
18.9060001373291,-14.753999710083008,0.897763192653656,5.607540607452393,0.06765110790729523,0.056380290538072586,0.003913894761353731,0.2241387516260147
18.9060001373291,-13.753999710083008,0.809725284576416,2.919936180114746,0.12420345842838287,2.659184455871582,0.004113753791898489,0.07596566528081894
18.9060001373291,-13.753999710083008,1.0099254846572876,2.476592779159546,0.0500117763876915,0.022313153371214867,-0.046386729925870895,0.6694219708442688
18.9060001373291,-13.753999710083008,1.0697499513626099,5.7614946365356445,0.06627310067415237,0.04220154508948326,-0.0712059810757637,0.2546122968196869
18.9060001373291,-12.753999710083008,0.9183541536331177,2.6738405227661133,0.35689762234687805,2.2349538803100586,0.030628830194473267,0.025689559057354927
18.9060001373291,-12.753999710083008,1.013566017150879,2.4222235679626465,0.05078872665762901,0.024936968460679054,0.023920506238937378,0.6104983687400818
18.9060001373291,-12.753999710083008,1.1482124328613281,5.710505485534668,0.08279582858085632,0.034878920763731,-0.05871230363845825,0.36381202936172485
18.9060001373291,-11.753999710083008,0.8067929148674011,2.3586673736572266,0.1831376552581787,1.6367526054382324,0.06847316026687622,0.08857513964176178
18.9060001373291,-11.753999710083008,1.0235159397125244,2.4668190479278564,0.06441792100667953,0.026261713355779648,0.024896275252103806,0.4675081968307495
18.9060001373291,-11.753999710083008,1.2672240734100342,5.718530654907227,0.14939464628696442,0.04836864769458771,0.0872252807021141,0.4439166188240051
18.9060001373291,-10.753999710083008,0.7678563594818115,1.7127196788787842,0.136613130569458,1.5100445747375488,0.016629794612526894,0.263643741607666
18.9060001373291,-10.753999710083008,0.7526772618293762,2.246151924133301,0.08836600929498672,0.1137448102235794,0.09386274218559265,0.3116185963153839
18.9060001373291,-10.753999710083008,0.7997840642929077,5.9215898513793945,0.0606982558965683,0.06301768124103546,-0.04334064573049545,0.42473772168159485
18.9060001373291,-9.753999710083008,1.1542644500732422,1.1450741291046143,0.288105309009552,0.21387799084186554,-0.07865894585847855,0.1300314962863922
18.9060001373291,-9.753999710083008,0.7541987895965576,0.20023716986179352,0.026477405801415443,2.724886417388916,0.3152835965156555,0.8381727337837219
18.9060001373291,-9.753999710083008,0.798306405544281,0.3787754774093628,0.10809479653835297,16.6509952545166,-0.007496983744204044,0.03179578110575676
18.9060001373291,-8.753999710083008,1.5692439079284668,5.621930122375488,0.7339803576469421,1.7413990497589111,0.25889846682548523,0.00552317826077342
18.9060001373291,-8.753999710083008,1.0787742137908936,2.4782073497772217,0.039504095911979675,1.522266149520874,0.5356796979904175,0.12540724873542786
18.9060001373291,-8.753999710083008,1.5387386083602905,0.2377699613571167,0.04723086580634117,0.004728160798549652,-0.012530355714261532,0.8690695762634277
19.9060001373291,-16.753999710083008,0.5099402070045471,3.4318454265594482,0.01664241962134838,3.0609660148620605,0.028588928282260895,0.04909180477261543
19.9060001373291,-16.753999710083008,0.5257604718208313,2.76600980758667,0.007796865422278643,0.05012376978993416,-0.24726620316505432,0.9030898213386536
19.9060001373291,-16.753999710083008,0.7243017554283142,4.444693088531494,0.08187679946422577,0.3492025136947632,0.3903760313987732,0.047818366438150406
19.9060001373291,-15.753999710083008,0.5645169019699097,4.338099479675293,0.040901169180870056,1.2250953912734985,-0.046483010053634644,0.48801687359809875
19.9060001373291,-15.753999710083008,0.6382929682731628,2.7913076877593994,0.10624143481254578,0.2913854718208313,-0.12039919197559357,0.14948022365570068
19.9060001373291,-15.753999710083008,0.7026243209838867,4.657861709594727,0.051306501030921936,0.20527614653110504,-0.0036009654868394136,0.36250290274620056
19.9060001373291,-14.753999710083008,0.7477781772613525,3.7477195262908936,0.06089196354150772,2.685389757156372,0.02326558716595173,0.1111256331205368
19.9060001373291,-14.753999710083008,1.0672948360443115,2.5085737705230713,0.07043276727199554,0.029346007853746414,-0.010431153699755669,0.550183117389679
19.9060001373291,-14.753999710083008,0.9368687272071838,5.811849594116211,0.04934900254011154,0.0514400340616703,0.02063695713877678,0.33869120478630066
19.9060001373291,-13.753999710083008,0.9736243486404419,2.9686193466186523,0.40721505880355835,2.4345428943634033,0.06208263710141182,0.04112992808222771
19.9060001373291,-13.753999710083008,1.0626767873764038,2.5227580070495605,0.04426850751042366,0.025782320648431778,0.04701672121882439,0.6036804914474487
19.9060001373291,-13.753999710083008,0.9943897128105164,5.728938102722168,0.04344384744763374,0.04663129895925522,0.024743786081671715,0.35518962144851685
19.9060001373291,-12.753999710083008,0.800861656665802,3.661461353302002,0.13092291355133057,2.4993350505828857,-0.04056798294186592,0.099490225315094
19.9060001373291,-12.753999710083008,0.991484522819519,2.474118947982788,0.06093494966626167,0.0289850365370512,0.07383011281490326,0.4358072578907013
19.9060001373291,-12.753999710083008,0.9640363454818726,5.713961601257324,0.05379447340965271,0.0334584005177021,-0.0258428193628788,0.46470245718955994
19.9060001373291,-11.753999710083008,0.6820117235183716,4.539458751678467,0.04760672524571419,2.1077637672424316,0.08182331919670105,0.21488326787948608
19.9060001373291,-11.753999710083008,0.8557236194610596,2.305607557296753,0.07569236308336258,0.06671438366174698,0.20477697253227234,0.46172741055488586
19.9060001373291,-11.753999710083008,0.9663249850273132,5.606029987335205,0.08698221296072006,0.07611241191625595,0.14137347042560577,0.32338932156562805
19.9060001373291,-10.753999710083008,0.6981092691421509,0.943594217300415,0.1168854758143425,0.7024179100990295,-0.014065714552998543,0.18077026307582855
19.9060001373291,-10.753999710083008,0.5881269574165344,1.655572533607483,0.037552982568740845,0.29681628942489624,0.3250150680541992,0.7460235357284546
19.9060001373291,-10.753999710083008,0.5716760754585266,0.809515655040741,0.052276983857154846,0.2749316692352295,-0.1709863543510437,0.07320619374513626
19.9060001373291,-9.753999710083008,1.9876832962036133,1.5782749652862549,1.7302954196929932,0.018168305978178978,-0.3237755298614502,0.053189441561698914
19.9060001373291,-9.753999710083008,1.2236746549606323,0.02834092080593109,0.06871621310710907,44.25901412963867,0.21576347947120667,0.3606970012187958
19.9060001373291,-9.753999710083008,1.0303966999053955,5.275937080383301,0.16025523841381073,246.91336059570312,-0.0897139236330986,0.5861135721206665
20.9060001373291,-18.753999710083008,0.773382306098938,3.9871671199798584,0.2632308602333069,2.347376585006714,0.030538607388734818,0.16705742478370667
20.9060001373291,-18.753999710083008,0.7104192972183228,2.695186138153076,0.04711280018091202,0.06572244316339493,0.11745213717222214,0.6471083164215088
20.9060001373291,-18.753999710083008,0.7182893753051758,5.164175987243652,0.04451339319348335,0.13781537115573883,0.131834015250206,0.18583428859710693
20.9060001373291,-17.753999710083008,0.8472428321838379,3.6110033988952637,0.2033505141735077,0.7957855463027954,-0.034171514213085175,0.02193518728017807
20.9060001373291,-17.753999710083008,0.426445335149765,2.8674612045288086,0.023569904267787933,1.0207481384277344,0.09536739438772202,0.10642531514167786
20.9060001373291,-17.753999710083008,0.5117031931877136,3.591376543045044,0.014007488265633583,0.5682377815246582,0.1827160120010376,0.8716394901275635
20.9060001373291,-16.753999710083008,0.9225325584411621,3.729423761367798,0.4511457085609436,1.596859097480774,0.11631175875663757,0.0738915354013443
20.9060001373291,-16.753999710083008,0.5573623180389404,2.312389850616455,0.012068814598023891,0.2458142638206482,-0.2631673812866211,0.7197101712226868
20.9060001373291,-16.753999710083008,0.5561239719390869,4.232429504394531,0.013897215947508812,0.14231432974338531,0.08501077443361282,0.2063983529806137
20.9060001373291,-15.753999710083008,0.6975522637367249,5.281351566314697,0.05509764701128006,1.8443644046783447,-0.0632670521736145,0.11195028573274612
20.9060001373291,-15.753999710083008,1.0148863792419434,2.467081069946289,0.12225748598575592,0.080054871737957,0.03414127975702286,0.5324322581291199
20.9060001373291,-15.753999710083008,1.072901964187622,5.757146835327148,0.07913616299629211,0.0468880794942379,-0.13200461864471436,0.35561734437942505
20.9060001373291,-14.753999710083008,0.7379875779151917,3.831084966659546,0.06477870792150497,2.5474321842193604,-0.04859655350446701,0.1025736853480339
20.9060001373291,-14.753999710083008,1.1037722826004028,2.5717923641204834,0.06977543979883194,0.021761199459433556,-0.0270624328404665,0.5570234656333923
20.9060001373291,-14.753999710083008,0.9838725924491882,5.839753150939941,0.05068778991699219,0.04063932225108147,-0.07888534665107727,0.34040287137031555
20.9060001373291,-13.753999710083008,0.7688407897949219,3.8625283241271973,0.1094854474067688,2.429093360900879,-0.06071702763438225,0.0816526710987091
20.9060001373291,-13.753999710083008,1.0859124660491943,2.563410997390747,0.07198657095432281,0.021601606160402298,0.10435569286346436,0.44655391573905945
20.9060001373291,-13.753999710083008,0.9439039826393127,5.783585071563721,0.050172120332717896,0.04426918551325798,-0.04181891307234764,0.47179344296455383
20.9060001373291,-12.753999710083008,0.7641496658325195,5.162474632263184,0.07449963688850403,2.1568808555603027,-0.0704406350851059,0.10548203438520432
20.9060001373291,-12.753999710083008,0.9964107871055603,2.516247034072876,0.06679338216781616,0.017282379791140556,0.18587130308151245,0.46102187037467957
20.9060001373291,-12.753999710083008,0.9858411550521851,5.674722194671631,0.05019884184002876,0.028198065236210823,0.0020850251894444227,0.4334961771965027
20.9060001373291,-11.753999710083008,0.7229474782943726,5.882925987243652,0.16563680768013,1.1438560485839844,0.12691621482372284,0.09016790986061096
20.9060001373291,-11.753999710083008,0.5835941433906555,2.0762007236480713,0.030373550951480865,0.6333271861076355,-0.187805637717247,0.8441467881202698
20.9060001373291,-11.753999710083008,0.6234681010246277,5.649470329284668,0.027155855670571327,0.7419134974479675,0.017273854464292526,0.06568536162376404
20.9060001373291,-10.753999710083008,0.8629050254821777,0.2981535494327545,0.09215880185365677,1.1650360822677612,0.048146408051252365,0.2000730186700821
20.9060001373291,-10.753999710083008,0.749169647693634,1.7884467840194702,0.1476464420557022,2.4044251441955566,0.22131408751010895,0.5216687917709351
20.9060001373291,-10.753999710083008,0.893065333366394,0.3912334442138672,0.0967811718583107,0.3086874783039093,-0.23364681005477905,0.2782582640647888
21.9060001373291,-19.753999710083008,0.6866061687469482,2.9019644260406494,0.103425994515419,0.45815980434417725,0.07219262421131134,0.10870200395584106
21.9060001373291,-19.753999710083008,0.24813193082809448,2.7264177799224854,0.08157765865325928,6.835803985595703,0.025639357045292854,0.013768995180726051
21.9060001373291,-19.753999710083008,0.5069608688354492,3.7846570014953613,0.012898643501102924,0.09592778235673904,0.08324570953845978,0.8775290250778198
21.9060001373291,-18.753999710083008,0.6925197243690491,5.131814956665039,0.1028120219707489,0.9069620370864868,0.0662698894739151,0.15142282843589783
21.9060001373291,-18.753999710083008,0.4815967082977295,2.3637773990631104,0.06098035350441933,1.3851958513259888,-0.004346943460404873,0.29360511898994446
21.9060001373291,-18.753999710083008,0.6238436102867126,4.46639347076416,0.024795088917016983,0.4654580354690552,0.20785701274871826,0.5549721121788025
21.9060001373291,-17.753999710083008,0.7843067049980164,4.233546257019043,0.0820908322930336,0.6782916188240051,0.04711310938000679,0.4131166934967041
21.9060001373291,-17.753999710083008,0.42659544944763184,2.398338794708252,0.030898844823241234,1.3241486549377441,0.20867006480693817,0.4051665961742401
21.9060001373291,-17.753999710083008,0.5549445152282715,4.431390762329102,0.022451888769865036,0.5568417310714722,0.16426947712898254,0.1817166656255722
21.9060001373291,-16.753999710083008,0.7033903002738953,4.344836235046387,0.035546254366636276,1.481152057647705,0.0576617494225502,0.24237075448036194
21.9060001373291,-16.753999710083008,0.8062093257904053,2.522372007369995,0.08415940403938293,0.16062849760055542,0.2005578875541687,0.6053363084793091
21.9060001373291,-16.753999710083008,0.8293287754058838,5.243968963623047,0.06853979080915451,0.1484668254852295,-0.012767192907631397,0.1522928923368454
21.9060001373291,-15.753999710083008,0.8942696452140808,3.27870774269104,0.1770148128271103,2.3096923828125,0.02972257323563099,0.07265985757112503
21.9060001373291,-15.753999710083008,1.0232248306274414,2.6538219451904297,0.060198910534381866,0.03146912530064583,0.06192808598279953,0.6446071267127991
21.9060001373291,-15.753999710083008,1.1093401908874512,5.8726582527160645,0.06789815425872803,0.03707023337483406,-0.12823818624019623,0.2827330529689789
21.9060001373291,-14.753999710083008,0.7549304962158203,3.5651907920837402,0.08989405632019043,2.932891368865967,-0.0008465666323900223,0.07511821389198303
21.9060001373291,-14.753999710083008,1.1881330013275146,2.649836540222168,0.07859910279512405,0.020710492506623268,0.006053786259144545,0.5337236523628235
21.9060001373291,-14.753999710083008,1.0412732362747192,5.860621929168701,0.05309183523058891,0.04014776647090912,-0.045798517763614655,0.39115819334983826
21.9060001373291,-13.753999710083008,0.6907687187194824,3.8885717391967773,0.05531574785709381,2.754119396209717,-0.018719961866736412,0.06511511653661728
21.9060001373291,-13.753999710083008,1.2031214237213135,2.5875141620635986,0.11320717632770538,0.018165430054068565,0.18944062292575836,0.378895103931427
21.9060001373291,-13.753999710083008,0.9812751412391663,5.798209190368652,0.04479328915476799,0.0289682075381279,0.001955590443685651,0.5559898018836975
21.9060001373291,-12.753999710083008,0.7421390414237976,1.6812255382537842,0.03955189511179924,1.8933355808258057,-0.1269465982913971,0.6366293430328369
21.9060001373291,-12.753999710083008,0.7224811911582947,2.189697265625,0.07364004850387573,0.09591667354106903,0.19134105741977692,0.21981066465377808
21.9060001373291,-12.753999710083008,0.7341083288192749,5.682118892669678,0.05396532639861107,0.14555832743644714,-0.03986929729580879,0.1435600072145462
21.9060001373291,-11.753999710083008,0.7616831064224243,0.4862409830093384,0.30063799023628235,1.2758787870407104,0.0725555270910263,0.01141140516847372
21.9060001373291,-11.753999710083008,0.5735626220703125,1.072859764099121,0.025715196505188942,0.4147395193576813,-0.012310676276683807,0.9877057671546936
21.9060001373291,-11.753999710083008,0.7210068702697754,0.6917167901992798,0.16879785060882568,16.640445709228516,-0.01755475625395775,0.0008828896679915488
21.9060001373291,-10.753999710083008,0.9106961488723755,1.0754189491271973,0.33427000045776367,2.0979158878326416,0.004420640412718058,0.0015353842172771692
21.9060001373291,-10.753999710083008,0.8519240021705627,1.802193522453308,0.1408408135175705,2.27237868309021,0.10987386852502823,0.7145823836326599
21.9060001373291,-10.753999710083008,0.7228699922561646,5.422946929931641,0.05508312210440636,0.5806070566177368,-0.08223385363817215,0.2838822305202484
22.9060001373291,-19.753999710083008,0.6813569068908691,4.226255416870117,0.05895739421248436,1.4042348861694336,0.011789429001510143,0.41501477360725403
22.9060001373291,-19.753999710083008,0.48321837186813354,1.920626163482666,0.07375149428844452,0.5596928000450134,0.2588178217411041,0.30428093671798706
22.9060001373291,-19.753999710083008,0.5932002663612366,4.731606483459473,0.026551563292741776,0.13083644211292267,0.1350804716348648,0.2807042896747589
22.9060001373291,-18.753999710083008,0.7415723204612732,5.312300205230713,0.0728163793683052,0.7689061164855957,0.003914451692253351,0.12648724019527435
22.9060001373291,-18.753999710083008,0.5108422040939331,2.0596063137054443,0.03289783000946045,2.2774362564086914,-0.1361343264579773,0.18821357190608978
22.9060001373291,-18.753999710083008,0.6653456091880798,4.67180061340332,0.015699444338679314,0.22364118695259094,0.0949578806757927,0.6852992177009583
22.9060001373291,-17.753999710083008,0.7843276858329773,4.500799179077148,0.06841444224119186,1.16402268409729,0.07931528985500336,0.20037025213241577
22.9060001373291,-17.753999710083008,0.5806016325950623,2.7204253673553467,0.0441766120493412,1.0195577144622803,0.3020428717136383,0.7139977812767029
22.9060001373291,-17.753999710083008,0.637311577796936,4.749159812927246,0.02727283537387848,0.18436090648174286,0.00474518071860075,0.08563192188739777
22.9060001373291,-16.753999710083008,0.7997342944145203,4.710231304168701,0.059263549745082855,1.801648497581482,-0.0520288310945034,0.18574094772338867
22.9060001373291,-16.753999710083008,1.0241352319717407,2.55312442779541,0.10253005474805832,0.05616091564297676,0.2504100203514099,0.45262324810028076
22.9060001373291,-16.753999710083008,0.9619878530502319,5.815501689910889,0.06266212463378906,0.045192647725343704,-0.06957722455263138,0.3616357445716858
22.9060001373291,-15.753999710083008,0.904026985168457,3.1231722831726074,0.18430985510349274,2.251760482788086,-0.0015799279790371656,0.07868397980928421
22.9060001373291,-15.753999710083008,1.0598384141921997,2.6383578777313232,0.05876144766807556,0.022387372329831123,0.04345721751451492,0.5922836661338806
22.9060001373291,-15.753999710083008,1.0896958112716675,5.911724090576172,0.0631118044257164,0.040991492569446564,-0.08641281723976135,0.32903236150741577
22.9060001373291,-14.753999710083008,0.7628535032272339,2.9247188568115234,0.09509766101837158,1.8814648389816284,0.020504049956798553,0.1355276107788086
22.9060001373291,-14.753999710083008,1.1294149160385132,2.619433879852295,0.0776488408446312,0.023423321545124054,0.09833846986293793,0.4620451033115387
22.9060001373291,-14.753999710083008,1.133197546005249,5.904557228088379,0.07317639142274857,0.032756466418504715,-0.010041852481663227,0.4024273455142975
22.9060001373291,-13.753999710083008,0.6149460077285767,4.364842414855957,0.03575471043586731,2.676154613494873,0.02189812622964382,0.20035798847675323
22.9060001373291,-13.753999710083008,1.0709354877471924,2.606877088546753,0.1312018632888794,0.02832002565264702,0.1910514235496521,0.3955429196357727
22.9060001373291,-13.753999710083008,1.0257065296173096,5.869906425476074,0.06459019333124161,0.026524653658270836,0.06124911084771156,0.4040990471839905
22.9060001373291,-12.753999710083008,0.8281946182250977,0.6376594305038452,0.06295942515134811,1.5337082147598267,-0.0816696435213089,0.6119984984397888
22.9060001373291,-12.753999710083008,0.6349061727523804,1.8395013809204102,0.06893301010131836,0.5235132575035095,-0.09168991446495056,0.30361106991767883
22.9060001373291,-12.753999710083008,0.6828672289848328,5.21295690536499,0.1071319431066513,1.3106399774551392,0.004502778872847557,0.08439048379659653
22.9060001373291,-11.753999710083008,0.643386721611023,5.6309309005737305,0.13109314441680908,0.5773990154266357,0.3324708938598633,0.000649415364023298
22.9060001373291,-11.753999710083008,0.7420100569725037,0.6944804191589355,0.01841028407216072,0.034558381885290146,0.3002779185771942,0.9993502497673035
22.9060001373291,-11.753999710083008,0.7059450149536133,0.4903285801410675,1.0566940307617188,10.454001426696777,0.13400167226791382,3.459994388776977e-07
23.9060001373291,-20.753999710083008,0.6267476081848145,4.721579551696777,0.006332882214337587,0.3779372572898865,-0.09572514146566391,0.987485945224762
23.9060001373291,-20.753999710083008,0.7516621351242065,0.5917539000511169,0.3633215129375458,1.6242505311965942,-0.29015052318573,0.002439025091007352
23.9060001373291,-20.753999710083008,0.8987300395965576,5.508029460906982,0.06672610342502594,0.3589286506175995,-0.11812444776296616,0.01007507462054491
23.9060001373291,-19.753999710083008,0.7042052149772644,4.646434783935547,0.045153532177209854,2.507148027420044,-0.04725062474608421,0.2930533289909363
23.9060001373291,-19.753999710083008,0.5460755825042725,1.3883414268493652,0.0802515521645546,0.8541216850280762,0.31271156668663025,0.24958667159080505
23.9060001373291,-19.753999710083008,0.5910301804542542,5.7246012687683105,0.02030106633901596,0.11465717852115631,-0.0521506629884243,0.45735999941825867
23.9060001373291,-18.753999710083008,0.5889661908149719,5.975492000579834,0.019387053325772285,0.6322862505912781,-0.04149730131030083,0.7424367070198059
23.9060001373291,-18.753999710083008,0.6454843282699585,1.8300213813781738,0.07625803351402283,0.5526500344276428,-0.12861137092113495,0.1602720022201538
23.9060001373291,-18.753999710083008,0.7851194143295288,5.565971851348877,0.07551387697458267,0.3701425790786743,-0.12108626216650009,0.09729129821062088
23.9060001373291,-17.753999710083008,0.7902908325195312,4.597142219543457,0.04328375309705734,1.6794135570526123,-0.044835157692432404,0.35911720991134644
23.9060001373291,-17.753999710083008,1.0231549739837646,2.621675491333008,0.12155690789222717,0.25817203521728516,0.3318374752998352,0.49303337931632996
23.9060001373291,-17.753999710083008,0.918068528175354,5.712715148925781,0.06996676325798035,0.07438288629055023,-0.2224266678094864,0.14784936606884003
23.9060001373291,-16.753999710083008,0.8394978642463684,2.8330419063568115,0.14394913613796234,2.416412591934204,-0.0051182350143790245,0.07492191344499588
23.9060001373291,-16.753999710083008,1.1237972974777222,2.6678638458251953,0.06449435651302338,0.016608957201242447,0.09745290130376816,0.6161665916442871
23.9060001373291,-16.753999710083008,0.9995203614234924,5.919731140136719,0.047849103808403015,0.02972632460296154,-0.08059139549732208,0.3089115023612976
23.9060001373291,-15.753999710083008,0.9708419442176819,2.8030178546905518,0.3740029036998749,2.4953181743621826,0.020844805985689163,0.034901801496744156
23.9060001373291,-15.753999710083008,1.088928461074829,2.6430423259735107,0.055761370807886124,0.020530566573143005,0.037667546421289444,0.5626544952392578
23.9060001373291,-15.753999710083008,1.0439581871032715,5.942953109741211,0.0508204884827137,0.03277907520532608,-0.06338881701231003,0.4024437665939331
23.9060001373291,-14.753999710083008,0.8041146397590637,3.820018768310547,0.09846778213977814,2.1602625846862793,0.01043209433555603,0.08273740112781525
23.9060001373291,-14.753999710083008,1.0313292741775513,2.6214678287506104,0.06923647224903107,0.022913476452231407,0.13357409834861755,0.42617207765579224
23.9060001373291,-14.753999710083008,1.1854796409606934,5.918716907501221,0.08195918053388596,0.024913068860769272,-0.002359019359573722,0.4910905361175537
23.9060001373291,-13.753999710083008,0.8053619265556335,5.331368923187256,0.16951239109039307,1.2338827848434448,0.02236711047589779,0.05270601436495781
23.9060001373291,-13.753999710083008,0.4993465542793274,3.180225133895874,0.058265697211027145,0.655143678188324,-0.0592670738697052,0.19520476460456848
23.9060001373291,-13.753999710083008,0.5354057550430298,3.9033799171447754,0.017491428181529045,0.0814865306019783,0.21871881186962128,0.752089262008667
23.9060001373291,-12.753999710083008,1.1181542873382568,1.4506524801254272,0.2654511332511902,0.5939272046089172,0.04399034380912781,0.561813235282898
23.9060001373291,-12.753999710083008,0.6882765889167786,1.7288103103637695,0.0801786482334137,1.1173096895217896,0.05252314731478691,0.3766997754573822
23.9060001373291,-12.753999710083008,0.7626757025718689,5.643646240234375,0.20229452848434448,2.0611393451690674,-0.04152090102434158,0.06148694083094597
24.9060001373291,-19.753999710083008,0.7840694785118103,4.954086780548096,0.0433182455599308,2.5361573696136475,0.04485958069562912,0.09940158575773239
24.9060001373291,-19.753999710083008,0.6559892296791077,1.7433838844299316,0.21804721653461456,0.718896210193634,0.2613113522529602,0.10970472544431686
24.9060001373291,-19.753999710083008,0.735341489315033,5.367448806762695,0.05030427128076553,0.08829864114522934,-0.02910097874701023,0.7908937335014343
24.9060001373291,-18.753999710083008,0.5332863926887512,0.24829627573490143,0.009367737919092178,1.2455769777297974,-0.014757425524294376,0.6745620369911194
24.9060001373291,-18.753999710083008,0.7495346069335938,2.3068301677703857,0.17502062022686005,0.8366922736167908,-0.16472427546977997,0.20301775634288788
24.9060001373291,-18.753999710083008,0.9361738562583923,5.620196342468262,0.13985756039619446,0.23340155184268951,-0.1718267798423767,0.12242023646831512
24.9060001373291,-17.753999710083008,0.7720789313316345,4.1830153465271,0.06079126521945,2.1614725589752197,-0.07909589260816574,0.2743775248527527
24.9060001373291,-17.753999710083008,1.0924572944641113,2.8339052200317383,0.1065695583820343,0.056260623037815094,0.1690783053636551,0.472862184047699
24.9060001373291,-17.753999710083008,1.0367746353149414,6.004476547241211,0.07125629484653473,0.04208240285515785,-0.1824071705341339,0.2527603507041931
24.9060001373291,-16.753999710083008,0.9286604523658752,2.585385322570801,0.256110280752182,2.218184232711792,-0.015834437683224678,0.05144697427749634
24.9060001373291,-16.753999710083008,1.2519440650939941,2.684296131134033,0.07435478270053864,0.013664748519659042,0.020581675693392754,0.6371983289718628
24.9060001373291,-16.753999710083008,1.0274285078048706,5.934370040893555,0.047037623822689056,0.030033964663743973,-0.04073561728000641,0.3113546371459961
24.9060001373291,-15.753999710083008,0.9630212783813477,3.2022972106933594,0.323187917470932,2.487919807434082,0.0049501643516123295,0.05123765394091606
24.9060001373291,-15.753999710083008,1.1677263975143433,2.6477880477905273,0.07198499143123627,0.017385151237249374,0.04643842577934265,0.504287600517273
24.9060001373291,-15.753999710083008,0.9959703683853149,5.928797721862793,0.04345676675438881,0.030277201905846596,-0.05050930753350258,0.4444747865200043
24.9060001373291,-14.753999710083008,0.7646564841270447,4.365424156188965,0.07628374546766281,2.935100555419922,0.010035272687673569,0.0682397186756134
24.9060001373291,-14.753999710083008,1.0648956298828125,2.6733858585357666,0.07220618426799774,0.01780828647315502,0.07081110775470734,0.4512089788913727
24.9060001373291,-14.753999710083008,1.0595362186431885,5.94438362121582,0.05996210128068924,0.024390965700149536,0.016033856198191643,0.48055127263069153
24.9060001373291,-13.753999710083008,0.9860841035842896,0.35435906052589417,0.2953242063522339,1.2514556646347046,0.0399961993098259,0.14885583519935608
24.9060001373291,-13.753999710083008,0.6934744119644165,1.4721702337265015,0.08304835110902786,0.6843622922897339,0.18844449520111084,0.3790641725063324
24.9060001373291,-13.753999710083008,0.6102476716041565,0.05126650631427765,0.02733333595097065,0.1593174785375595,-0.027052471414208412,0.47207996249198914
24.9060001373291,-12.753999710083008,1.03767728805542,0.9212343692779541,0.19351550936698914,0.31229931116104126,0.07763025164604187,0.2329673320055008
24.9060001373291,-12.753999710083008,0.7229673862457275,1.447157382965088,0.06897157430648804,0.2629615068435669,0.1486111432313919,0.7420552372932434
24.9060001373291,-12.753999710083008,0.8221648335456848,0.2539025545120239,0.3217376172542572,1.115241527557373,-0.004434769041836262,0.024977434426546097
25.9060001373291,-19.753999710083008,0.6928154230117798,3.9079911708831787,0.04799449071288109,1.9416429996490479,0.13839362561702728,0.09043295681476593
25.9060001373291,-19.753999710083008,0.6463988423347473,2.088596820831299,0.16975748538970947,0.4907119572162628,0.16870132088661194,0.056968361139297485
25.9060001373291,-19.753999710083008,0.7075340151786804,5.015698432922363,0.029385339468717575,0.08407663553953171,0.15861070156097412,0.8525987267494202
25.9060001373291,-18.753999710083008,0.5717642307281494,5.5509514808654785,0.016818277537822723,1.6315231323242188,0.03498154878616333,0.4846028983592987
25.9060001373291,-18.753999710083008,0.6433868408203125,2.8430302143096924,0.10487455874681473,1.0424678325653076,-0.0740969106554985,0.29515063762664795
25.9060001373291,-18.753999710083008,0.800238311290741,5.515912055969238,0.06111883372068405,0.12747173011302948,-0.0900769978761673,0.22024638950824738
25.9060001373291,-17.753999710083008,0.7934249639511108,3.5670199394226074,0.09532688558101654,2.64601469039917,-0.04535472020506859,0.0971837043762207
25.9060001373291,-17.753999710083008,1.1154026985168457,2.8000411987304688,0.08455013483762741,0.03378996625542641,0.14451012015342712,0.5809563398361206
25.9060001373291,-17.753999710083008,1.0780441761016846,5.976678848266602,0.06202423572540283,0.03916356712579727,-0.1338682621717453,0.3218599259853363
25.9060001373291,-16.753999710083008,0.9680366516113281,3.5279300212860107,0.23464150726795197,2.4556570053100586,-0.04936528578400612,0.05375891551375389
25.9060001373291,-16.753999710083008,1.206571102142334,2.7045581340789795,0.06390030682086945,0.018152276054024696,0.0019014539429917932,0.5837002992630005
25.9060001373291,-16.753999710083008,1.1409659385681152,5.92510986328125,0.0591689869761467,0.029250463470816612,-0.07519886642694473,0.3625408411026001
25.9060001373291,-15.753999710083008,0.9675686359405518,3.5941643714904785,0.24149297177791595,2.2747740745544434,0.013462773524224758,0.0647270604968071
25.9060001373291,-15.753999710083008,1.2385635375976562,2.6890041828155518,0.08110813796520233,0.017633305862545967,0.05245937034487724,0.47014710307121277
25.9060001373291,-15.753999710083008,1.1163480281829834,5.941902160644531,0.05359259247779846,0.028555728495121002,0.00633920356631279,0.46512579917907715
25.9060001373291,-14.753999710083008,0.7053796648979187,4.758074760437012,0.04440979287028313,3.220787763595581,-0.018429530784487724,0.101072296500206
25.9060001373291,-14.753999710083008,1.090555191040039,2.6434102058410645,0.08701087534427643,0.019719703122973442,0.08906364440917969,0.46027785539627075
25.9060001373291,-14.753999710083008,0.9425737261772156,5.990967750549316,0.04434657469391823,0.027071211487054825,0.044836293905973434,0.43864986300468445
25.9060001373291,-13.753999710083008,0.9412147998809814,0.9700438380241394,0.15681546926498413,0.6816933155059814,-0.12600529193878174,0.12191396206617355
25.9060001373291,-13.753999710083008,0.7798506021499634,1.0893555879592896,0.041152819991111755,0.2954951822757721,0.5553165674209595,0.6182644367218018
25.9060001373291,-13.753999710083008,0.693642795085907,1.1915433406829834,0.056365977972745895,0.14793957769870758,0.14919105172157288,0.2598215639591217
25.9060001373291,-12.753999710083008,1.0502222776412964,0.8815340399742126,0.13473083078861237,0.6010244488716125,0.02637043409049511,0.041717279702425
25.9060001373291,-12.753999710083008,0.9380312561988831,1.2555632591247559,0.0888347327709198,0.05706353485584259,-0.026176271960139275,0.9563639760017395
25.9060001373291,-12.753999710083008,0.8512648344039917,6.040569305419922,0.21098144352436066,0.7932760715484619,0.026384694501757622,0.001918755122460425
26.9060001373291,-19.753999710083008,0.9942803382873535,4.311962604522705,0.3302218019962311,1.3517377376556396,0.026707857847213745,0.00015835360682103783
26.9060001373291,-19.753999710083008,0.5225384831428528,1.118417739868164,0.1191774532198906,4.5386552810668945,0.07652954757213593,5.341160431271419e-05
26.9060001373291,-19.753999710083008,0.8423968553543091,5.489134311676025,0.007120060734450817,0.02886725775897503,0.013764598406851292,0.999788224697113
26.9060001373291,-18.753999710083008,0.6198084354400635,3.4273087978363037,0.017064834013581276,1.0498511791229248,0.17046402394771576,0.6548182964324951
26.9060001373291,-18.753999710083008,0.635451078414917,3.054093837738037,0.08247584849596024,1.6139755249023438,-0.0597522109746933,0.21918395161628723
26.9060001373291,-18.753999710083008,0.6782527565956116,5.338219165802002,0.030974255874753,0.14580276608467102,-0.0005561080179177225,0.12599770724773407
26.9060001373291,-17.753999710083008,0.967793881893158,3.4846036434173584,0.3273971974849701,2.3411073684692383,0.010161981917917728,0.044601164758205414
26.9060001373291,-17.753999710083008,1.1076526641845703,2.824295997619629,0.08436433970928192,0.05119502544403076,0.03328933194279671,0.6266067028045654
26.9060001373291,-17.753999710083008,1.1016422510147095,5.965394496917725,0.06960463523864746,0.04906345531344414,-0.10250566899776459,0.3287920653820038
26.9060001373291,-16.753999710083008,1.0224480628967285,3.9980294704437256,0.29763057827949524,2.2450828552246094,-0.0054933601059019566,0.04851111024618149
26.9060001373291,-16.753999710083008,1.0887377262115479,2.7227540016174316,0.05850831791758537,0.02731907367706299,0.04394010826945305,0.5584732890129089
26.9060001373291,-16.753999710083008,1.2132409811019897,5.91273832321167,0.07631196081638336,0.02665988728404045,-0.06551755964756012,0.39301565289497375
26.9060001373291,-15.753999710083008,0.9153425693511963,1.8831596374511719,0.17512689530849457,2.0875566005706787,0.05590702220797539,0.049312058836221695
26.9060001373291,-15.753999710083008,1.1430991888046265,2.6951303482055664,0.05839632824063301,0.018041227012872696,-0.04675903171300888,0.4969092905521393
26.9060001373291,-15.753999710083008,1.241650938987732,5.950915813446045,0.07407712191343307,0.021874045953154564,-0.005502978339791298,0.4537786543369293
26.9060001373291,-14.753999710083008,0.6154651045799255,1.1254050731658936,0.01890408806502819,1.6784398555755615,-0.14872319996356964,0.6653133034706116
26.9060001373291,-14.753999710083008,0.9948906898498535,2.149484872817993,0.15123482048511505,0.0641208365559578,0.11504165083169937,0.16172543168067932
26.9060001373291,-14.753999710083008,0.9766474962234497,5.916534423828125,0.08684569597244263,0.058604564517736435,0.05768020451068878,0.17296132445335388
26.9060001373291,-13.753999710083008,0.9062985181808472,0.7998936176300049,0.10200300812721252,0.46861976385116577,-0.18087546527385712,0.1962474286556244
26.9060001373291,-13.753999710083008,0.8384886980056763,0.8432489633560181,0.03119782917201519,0.3222615122795105,0.6511179804801941,0.4899333715438843
26.9060001373291,-13.753999710083008,0.7507001757621765,1.5118930339813232,0.06485042721033096,0.18161550164222717,0.2389659881591797,0.31381914019584656
27.9060001373291,-19.753999710083008,0.741311252117157,3.755725145339966,0.03203000873327255,0.23452802002429962,-0.176084965467453,0.002201369032263756
27.9060001373291,-19.753999710083008,0.3022814095020294,2.0092546939849854,0.25593897700309753,39.46433639526367,0.014036880806088448,7.472418701581773e-07
27.9060001373291,-19.753999710083008,0.4542580246925354,4.611395359039307,0.003345568897202611,0.06077741086483002,-0.21734780073165894,0.997797966003418
27.9060001373291,-18.753999710083008,0.5986787676811218,4.595615386962891,0.02092105522751808,1.803086757659912,0.023278813809156418,0.551928699016571
27.9060001373291,-18.753999710083008,0.6633749008178711,2.7866759300231934,0.07584261894226074,0.612773060798645,0.12925919890403748,0.29625728726387024
27.9060001373291,-18.753999710083008,0.8312917351722717,5.991243362426758,0.046751346439123154,0.103492371737957,-0.06200774759054184,0.15181396901607513
27.9060001373291,-17.753999710083008,0.8211396932601929,5.194463729858398,0.09066291898488998,2.291259288787842,-0.048421286046504974,0.07527650147676468
27.9060001373291,-17.753999710083008,1.106207013130188,2.7609963417053223,0.07019903510808945,0.03249973803758621,0.0780939906835556,0.5903144478797913
27.9060001373291,-17.753999710083008,1.0500394105911255,6.0060858726501465,0.05460621789097786,0.03381286934018135,-0.06762231886386871,0.33440905809402466
27.9060001373291,-16.753999710083008,0.9494302868843079,3.719568967819214,0.23885275423526764,2.3129353523254395,0.02673518843948841,0.049990057945251465
27.9060001373291,-16.753999710083008,1.028929591178894,2.729703187942505,0.060605332255363464,0.03233429789543152,0.029320290312170982,0.5230481624603271
27.9060001373291,-16.753999710083008,1.0960801839828491,5.985219478607178,0.06179126724600792,0.03361295536160469,-0.06792809814214706,0.4269617795944214
27.9060001373291,-15.753999710083008,0.7244797348976135,2.521836757659912,0.050813473761081696,2.072011709213257,0.07022568583488464,0.06877309828996658
27.9060001373291,-15.753999710083008,1.0604639053344727,2.7531368732452393,0.06603475660085678,0.027317145839333534,-0.034117233008146286,0.4063793122768402
27.9060001373291,-15.753999710083008,1.1933181285858154,5.978143692016602,0.07232823967933655,0.020548028871417046,0.033246949315071106,0.5248475670814514
27.9060001373291,-14.753999710083008,0.7210701704025269,2.4732449054718018,0.1652597188949585,1.5460684299468994,-0.08646546304225922,0.10364601016044617
27.9060001373291,-14.753999710083008,0.6282845735549927,1.5441511869430542,0.052931662648916245,0.3955109119415283,-0.18395599722862244,0.895232617855072
27.9060001373291,-14.753999710083008,0.7293612957000732,5.258523941040039,0.14527718722820282,3.584395170211792,0.07679068297147751,0.0011214466067031026
28.9060001373291,-20.753999710083008,1.3131027221679688,5.0191569328308105,1.652583122253418,0.6029637455940247,-0.05915553867816925,0.28425028920173645
28.9060001373291,-20.753999710083008,0.21412600576877594,2.334557294845581,0.005488574504852295,0.4649468958377838,0.053508687764406204,0.5633015036582947
28.9060001373291,-20.753999710083008,0.32702118158340454,2.2036848068237305,0.01698540523648262,5.219503402709961,0.47269192337989807,0.15244825184345245
28.9060001373291,-19.753999710083008,0.7619427442550659,4.858497619628906,0.06234501302242279,0.28736066818237305,-0.07589099556207657,0.6696109175682068
28.9060001373291,-19.753999710083008,0.3495311439037323,2.86216402053833,0.06984590739011765,1.676275372505188,0.32701995968818665,0.0162570271641016
28.9060001373291,-19.753999710083008,0.38898026943206787,4.191962242126465,0.02292158454656601,0.15495862066745758,0.05662454292178154,0.31413212418556213
28.9060001373291,-18.753999710083008,0.62248694896698,5.278334140777588,0.036240410059690475,1.720628023147583,-0.014978647232055664,0.25172507762908936
28.9060001373291,-18.753999710083008,0.9723255634307861,2.729477643966675,0.17861907184123993,0.13101227581501007,0.10118447244167328,0.4620908200740814
28.9060001373291,-18.753999710083008,1.0421252250671387,6.064188003540039,0.12837006151676178,0.0634392648935318,-0.18013300001621246,0.2861841022968292
28.9060001373291,-17.753999710083008,0.7584693431854248,4.137243270874023,0.043262921273708344,2.0411646366119385,-0.05173918977379799,0.0831010714173317
28.9060001373291,-17.753999710083008,1.2322744131088257,2.75178861618042,0.09444137662649155,0.03493848070502281,0.03686634078621864,0.6253575682640076
28.9060001373291,-17.753999710083008,1.0812270641326904,5.990332126617432,0.06960126757621765,0.03942485526204109,-0.11149229854345322,0.29154136776924133
28.9060001373291,-16.753999710083008,0.7772657871246338,3.9103376865386963,0.11284150928258896,2.3710927963256836,0.06362266838550568,0.06011337786912918
28.9060001373291,-16.753999710083008,1.0300897359848022,2.7663683891296387,0.07126572728157043,0.037644095718860626,-0.006736723240464926,0.4679049849510193
28.9060001373291,-16.753999710083008,1.0436773300170898,6.011228561401367,0.05873871594667435,0.02869926393032074,-0.03855670616030693,0.4719817042350769
28.9060001373291,-15.753999710083008,0.6345099210739136,5.3568854331970215,0.02717958204448223,2.1843278408050537,0.03027239441871643,0.26212477684020996
28.9060001373291,-15.753999710083008,0.9139224886894226,2.717303991317749,0.056913409382104874,0.03789271414279938,0.13031627237796783,0.4806442856788635
28.9060001373291,-15.753999710083008,1.098192572593689,6.0223846435546875,0.06721552461385727,0.02622784860432148,0.004598252475261688,0.25723084807395935
28.9060001373291,-14.753999710083008,1.0320913791656494,6.060281753540039,0.4399302899837494,1.0669705867767334,-0.0019257727544754744,0.11955156177282333
28.9060001373291,-14.753999710083008,0.704562246799469,1.5547665357589722,0.034729525446891785,0.18818779289722443,-0.39156854152679443,0.8766137361526489
28.9060001373291,-14.753999710083008,0.83323734998703,5.262180805206299,0.09962183982133865,2.425795555114746,0.16914522647857666,0.0038346850778907537
29.9060001373291,-21.753999710083008,0.9329153299331665,5.219622611999512,0.04517287015914917,0.11584724485874176,-0.31544697284698486,0.8876495957374573
29.9060001373291,-21.753999710083008,0.5837693214416504,3.1009416580200195,0.10879840701818466,1.055764079093933,0.3839423358440399,0.0008407034911215305
29.9060001373291,-21.753999710083008,0.5457941889762878,3.5946457386016846,0.007172117475420237,0.20352663099765778,0.12703804671764374,0.1115097776055336
29.9060001373291,-20.753999710083008,1.0876144170761108,3.2560722827911377,0.17025789618492126,1.0392903089523315,-0.007975883781909943,0.24818603694438934
29.9060001373291,-20.753999710083008,0.47247177362442017,4.005715847015381,0.008329940028488636,0.22337645292282104,-0.023050228133797646,0.395894318819046
29.9060001373291,-20.753999710083008,0.5037416815757751,3.1397061347961426,0.00925760343670845,0.8592658638954163,0.3089432716369629,0.35591956973075867
29.9060001373291,-19.753999710083008,0.692589282989502,5.899596691131592,0.06299698352813721,0.9404081702232361,0.019033771008253098,0.5825304985046387
29.9060001373291,-19.753999710083008,0.6189832091331482,1.865128993988037,0.11809723824262619,1.26979398727417,0.09303201735019684,0.11435944586992264
29.9060001373291,-19.753999710083008,0.6385010480880737,5.554803371429443,0.04347390681505203,0.2792624831199646,-0.07025245577096939,0.3031100332736969
29.9060001373291,-18.753999710083008,0.8313935995101929,4.267529487609863,0.08914657682180405,1.6845818758010864,-0.09493358433246613,0.12322789430618286
29.9060001373291,-18.753999710083008,1.3171401023864746,2.689265012741089,0.17573830485343933,0.027507895603775978,0.22181399166584015,0.523099958896637
29.9060001373291,-18.753999710083008,1.1160632371902466,5.960844039916992,0.07705280184745789,0.036584340035915375,-0.03868715837597847,0.35367220640182495
29.9060001373291,-17.753999710083008,1.0006136894226074,3.4726881980895996,0.25631487369537354,1.8428813219070435,-0.029745329171419144,0.030955152586102486
29.9060001373291,-17.753999710083008,1.2461481094360352,2.6998648643493652,0.0981612578034401,0.02000490203499794,0.05543268099427223,0.5413912534713745
29.9060001373291,-17.753999710083008,1.052680253982544,6.0464324951171875,0.05229169502854347,0.03419347479939461,-0.09821571409702301,0.42765364050865173
29.9060001373291,-16.753999710083008,0.9450517892837524,2.1990675926208496,0.2601567804813385,2.765908718109131,0.07936002314090729,0.03648507967591286
29.9060001373291,-16.753999710083008,1.1936033964157104,2.7076025009155273,0.0920114666223526,0.02173462137579918,0.009489597752690315,0.3908214569091797
29.9060001373291,-16.753999710083008,1.0200282335281372,6.010157108306885,0.043497826904058456,0.03028101474046707,-0.05109182000160217,0.5726934671401978
29.9060001373291,-15.753999710083008,0.6031789779663086,5.223721504211426,0.020014766603708267,2.257344961166382,0.06244317814707756,0.408384770154953
29.9060001373291,-15.753999710083008,0.654064953327179,2.701383590698242,0.06006612256169319,0.2488122284412384,0.11959219723939896,0.5041562914848328
29.9060001373291,-15.753999710083008,0.8854989409446716,5.8978986740112305,0.07883217185735703,0.07107838988304138,-0.1057596206665039,0.08745894581079483
29.9060001373291,-14.753999710083008,0.853360116481781,1.2284435033798218,0.5272203683853149,1.807822823524475,-0.07048270106315613,0.013884522952139378
29.9060001373291,-14.753999710083008,0.5416994094848633,1.340926170349121,0.03566114604473114,0.10639448463916779,-0.21353857219219208,0.9855018854141235
29.9060001373291,-14.753999710083008,0.6531183123588562,4.55775260925293,0.17793810367584229,6.460246562957764,0.32658860087394714,0.0006136505398899317
30.9060001373291,-21.753999710083008,0.9761586785316467,4.2963409423828125,0.10837013274431229,0.23054474592208862,-0.2373788207769394,0.637791633605957
30.9060001373291,-21.753999710083008,0.7121163010597229,2.9460465908050537,0.15472576022148132,1.1161748170852661,0.3443545401096344,0.003501024330034852
30.9060001373291,-21.753999710083008,0.5876834392547607,4.443373680114746,0.012815241701900959,0.17113612592220306,0.17836588621139526,0.3587072789669037
30.9060001373291,-20.753999710083008,0.8993664383888245,4.565313339233398,0.15717682242393494,3.1366896629333496,0.2657744884490967,0.1835022121667862
30.9060001373291,-20.753999710083008,0.5903192758560181,3.4746193885803223,0.028223810717463493,0.243778795003891,0.02095387876033783,0.7376469969749451
30.9060001373291,-20.753999710083008,0.6438880562782288,5.809764862060547,0.028224781155586243,0.4943571090698242,-0.11700833588838577,0.07885077595710754
30.9060001373291,-19.753999710083008,0.7367585897445679,4.779268264770508,0.024611182510852814,1.4403897523880005,-0.04019035026431084,0.4720573425292969
30.9060001373291,-19.753999710083008,1.148026704788208,2.937615394592285,0.2857106924057007,0.23015429079532623,0.016913140192627907,0.3800109326839447
30.9060001373291,-19.753999710083008,1.247978925704956,5.859577178955078,0.2067755162715912,0.06721203029155731,-0.06428320705890656,0.14793172478675842
30.9060001373291,-18.753999710083008,1.0240567922592163,2.6470580101013184,0.2333250194787979,1.4568320512771606,-0.06392936408519745,0.12140808254480362
30.9060001373291,-18.753999710083008,1.38804030418396,2.7382652759552,0.16403046250343323,0.022182529792189598,0.09381669759750366,0.545423150062561
30.9060001373291,-18.753999710083008,1.2536001205444336,5.905220985412598,0.08745768666267395,0.024915361776947975,-0.05105353891849518,0.33316877484321594
30.9060001373291,-17.753999710083008,1.1205949783325195,3.207076072692871,0.44146662950515747,2.2017290592193604,0.006197566166520119,0.10303520411252975
30.9060001373291,-17.753999710083008,1.3216370344161987,2.7364397048950195,0.13391023874282837,0.025081420317292213,0.055877458304166794,0.49670475721359253
30.9060001373291,-17.753999710083008,1.1928555965423584,5.93528938293457,0.06600435823202133,0.02567361295223236,-0.015433249063789845,0.4002600312232971
30.9060001373291,-16.753999710083008,0.8254092931747437,2.3666744232177734,0.11150806397199631,2.255195140838623,0.047699179500341415,0.07413951307535172
30.9060001373291,-16.753999710083008,1.2698005437850952,2.6994967460632324,0.13871972262859344,0.021182933822274208,0.13094577193260193,0.3002462387084961
30.9060001373291,-16.753999710083008,1.0608906745910645,6.039329528808594,0.05336006358265877,0.02723953127861023,0.01275133341550827,0.6256142258644104
30.9060001373291,-15.753999710083008,0.7233620285987854,5.572638511657715,0.10565479844808578,1.371840476989746,-0.042393337935209274,0.2631632089614868
30.9060001373291,-15.753999710083008,0.6083412766456604,1.7001928091049194,0.05227312073111534,0.939414381980896,0.13758216798305511,0.33937281370162964
30.9060001373291,-15.753999710083008,0.6134322881698608,5.18531608581543,0.028769155964255333,0.26051318645477295,0.07021796703338623,0.39746400713920593
30.9060001373291,-14.753999710083008,0.8344286680221558,2.4720630645751953,0.3040708303451538,0.9722846150398254,0.004380187019705772,0.01619466207921505
30.9060001373291,-14.753999710083008,0.5692368745803833,0.992540180683136,0.03472286835312843,0.16472868621349335,-0.15599074959754944,0.982631266117096
30.9060001373291,-14.753999710083008,0.7072531580924988,5.528680324554443,0.24014021456241608,6.990248203277588,0.29853829741477966,0.0011741201160475612
31.9060001373291,-23.753999710083008,0.7757435441017151,1.4840891361236572,0.05597638711333275,0.9375386238098145,0.01005180086940527,0.09311800450086594
31.9060001373291,-23.753999710083008,0.7378559112548828,0.6136823892593384,0.2113957554101944,0.8455691337585449,0.27246803045272827,0.06499563902616501
31.9060001373291,-23.753999710083008,0.6769910454750061,4.957778453826904,0.028003450483083725,0.22359304130077362,0.11017826199531555,0.8418863415718079
31.9060001373291,-22.753999710083008,1.0723414421081543,3.1873984336853027,0.10034333169460297,0.27770909667015076,0.09686654806137085,0.10278675705194473
31.9060001373291,-22.753999710083008,0.5958576202392578,1.1787619590759277,0.027978958562016487,0.9607359766960144,-0.20705628395080566,0.004611493553966284
31.9060001373291,-22.753999710083008,0.5827867388725281,3.7287070751190186,0.025693122297525406,0.4260197877883911,0.03737336024641991,0.8926017880439758
31.9060001373291,-21.753999710083008,0.8748624324798584,4.369434833526611,0.05456722527742386,0.40118852257728577,-0.16682495176792145,0.3927568793296814
31.9060001373291,-21.753999710083008,0.6754288077354431,2.537526845932007,0.07804537564516068,1.3392683267593384,0.22095780074596405,0.020527919754385948
31.9060001373291,-21.753999710083008,0.5890306830406189,4.346288681030273,0.011904019862413406,0.20578765869140625,0.21597588062286377,0.5867152214050293
31.9060001373291,-20.753999710083008,0.9262831807136536,3.943636178970337,0.30495354533195496,2.9443507194519043,0.2592521607875824,0.1343102604150772
31.9060001373291,-20.753999710083008,0.4895045757293701,2.8707668781280518,0.03741617500782013,1.816774606704712,-0.05641744285821915,0.6809014678001404
31.9060001373291,-20.753999710083008,0.6454657912254333,5.4055070877075195,0.03132732957601547,0.8687764406204224,-0.01589610055088997,0.1847882866859436
31.9060001373291,-19.753999710083008,0.8822566270828247,4.755192756652832,0.07292129099369049,2.296628713607788,-0.09557484835386276,0.05738314241170883
31.9060001373291,-19.753999710083008,1.1821939945220947,2.8077852725982666,0.10623276978731155,0.040577009320259094,0.020110411569476128,0.6680920720100403
31.9060001373291,-19.753999710083008,1.3998260498046875,5.895771503448486,0.15955474972724915,0.02262398973107338,-0.10008584707975388,0.27452486753463745
31.9060001373291,-18.753999710083008,1.0465646982192993,2.2274599075317383,0.34912028908729553,1.511236548423767,-0.02404107339680195,0.06070200353860855
31.9060001373291,-18.753999710083008,1.2917511463165283,2.7310712337493896,0.13773804903030396,0.0296638086438179,0.036373790353536606,0.5108330845832825
31.9060001373291,-18.753999710083008,1.243791937828064,5.933867454528809,0.10633747279644012,0.03439956530928612,-0.0662389025092125,0.4284648597240448
31.9060001373291,-17.753999710083008,1.0841615200042725,3.48923659324646,0.4462440013885498,1.9151312112808228,0.016864921897649765,0.07253888994455338
31.9060001373291,-17.753999710083008,1.2451821565628052,2.821563482284546,0.1315125674009323,0.04831565171480179,0.02365129441022873,0.4810523986816406
31.9060001373291,-17.753999710083008,1.2429417371749878,5.959207534790039,0.09028932452201843,0.03716912493109703,-0.04690525680780411,0.4464086592197418
31.9060001373291,-16.753999710083008,0.6973901987075806,3.037709951400757,0.06234227493405342,1.7822567224502563,0.034932516515254974,0.08873794227838516
31.9060001373291,-16.753999710083008,1.1337621212005615,2.7674081325531006,0.11721362918615341,0.03792716935276985,0.05429461598396301,0.2956024408340454
31.9060001373291,-16.753999710083008,1.1086148023605347,6.0392303466796875,0.0742051750421524,0.03656177222728729,-0.03534989804029465,0.6156595945358276
31.9060001373291,-15.753999710083008,1.0285015106201172,0.35360297560691833,0.27652910351753235,1.4293370246887207,-0.06340337544679642,0.4621621370315552
31.9060001373291,-15.753999710083008,0.7403714656829834,1.5700807571411133,0.1695699840784073,0.9211136102676392,0.375228613615036,0.11268072575330734
31.9060001373291,-15.753999710083008,0.6451315879821777,5.944174766540527,0.0342680849134922,0.13928590714931488,0.026873579248785973,0.4251571595668793
31.9060001373291,-14.753999710083008,1.1364737749099731,5.983243465423584,0.2505331337451935,1.09895658493042,-0.06667384505271912,0.26991745829582214
31.9060001373291,-14.753999710083008,0.8586446642875671,0.9138292670249939,0.11077436059713364,0.45154502987861633,0.2507762312889099,0.13155597448349
31.9060001373291,-14.753999710083008,0.9499273300170898,0.3606535792350769,0.08013457804918289,0.06693984568119049,0.05071360617876053,0.5985265374183655
32.90599822998047,-22.753999710083008,0.666804313659668,5.321417808532715,0.05753418430685997,1.057554841041565,0.04114367067813873,0.6839556694030762
32.90599822998047,-22.753999710083008,0.524517834186554,2.919036865234375,0.22714810073375702,1.43515145778656,0.25132623314857483,0.040228504687547684
32.90599822998047,-22.753999710083008,0.7644651532173157,5.072203636169434,0.11439134180545807,0.12613798677921295,0.2016211450099945,0.27581587433815
32.90599822998047,-21.753999710083008,0.6452776789665222,5.40834903717041,0.027438659220933914,0.5378443002700806,-0.23563526570796967,0.10512451827526093
32.90599822998047,-21.753999710083008,0.5937868356704712,2.804795980453491,0.022964119911193848,0.2749568223953247,-0.11841490119695663,0.06232103705406189
32.90599822998047,-21.753999710083008,0.5870692133903503,3.832982063293457,0.006851574406027794,0.3398215174674988,0.0428292378783226,0.8325544595718384
32.90599822998047,-20.753999710083008,0.6131130456924438,3.572021245956421,0.047033317387104034,1.4741491079330444,0.05481090769171715,0.35057738423347473
32.90599822998047,-20.753999710083008,0.5097873210906982,2.6328039169311523,0.056175511330366135,1.1149908304214478,0.03892191872000694,0.3003128468990326
32.90599822998047,-20.753999710083008,0.6582993268966675,4.557119369506836,0.024678679183125496,0.3423301577568054,0.06589245796203613,0.3491097688674927
32.90599822998047,-19.753999710083008,0.8351818919181824,3.916487693786621,0.09612584859132767,2.230433464050293,-0.05877506360411644,0.08481398224830627
32.90599822998047,-19.753999710083008,1.0571339130401611,2.7096636295318604,0.06633874028921127,0.03162967413663864,0.06114063039422035,0.6010532379150391
32.90599822998047,-19.753999710083008,1.2774797677993774,5.977653980255127,0.11170585453510284,0.019795676693320274,-0.08673204481601715,0.31413277983665466
32.90599822998047,-18.753999710083008,0.9929768443107605,3.15402889251709,0.2850952744483948,2.4397690296173096,0.02383466064929962,0.03693615645170212
32.90599822998047,-18.753999710083008,1.100993037223816,2.8235833644866943,0.06442094594240189,0.036398760974407196,0.07632428407669067,0.5777069330215454
32.90599822998047,-18.753999710083008,1.2773463726043701,6.007382869720459,0.09749966114759445,0.028440291061997414,-0.1285703331232071,0.38535693287849426
32.90599822998047,-17.753999710083008,0.936939537525177,4.697333812713623,0.21379147469997406,2.106858253479004,0.006404121406376362,0.05103924870491028
32.90599822998047,-17.753999710083008,1.0526678562164307,2.9320430755615234,0.08183398097753525,0.08060484379529953,0.018458465114235878,0.5190184712409973
32.90599822998047,-17.753999710083008,1.3009307384490967,6.024385452270508,0.10618015378713608,0.030665654689073563,-0.12342505902051926,0.4299422800540924
32.90599822998047,-16.753999710083008,0.532784104347229,5.7525835037231445,0.04041918367147446,1.749159574508667,0.015884429216384888,0.27028921246528625
32.90599822998047,-16.753999710083008,0.5351065397262573,3.1149182319641113,0.03402586653828621,0.5286492705345154,-0.015058009885251522,0.6625450253486633
32.90599822998047,-16.753999710083008,0.738771915435791,0.05966028571128845,0.03517716005444527,0.3033351004123688,-0.2194393277168274,0.06716572493314743
32.90599822998047,-15.753999710083008,1.1251468658447266,0.6502354741096497,0.29605230689048767,0.8676371574401855,0.043476950377225876,0.27565091848373413
32.90599822998047,-15.753999710083008,0.7565374970436096,1.5513468980789185,0.4776897728443146,1.548214316368103,0.2851492464542389,0.011677506379783154
32.90599822998047,-15.753999710083008,0.6125127673149109,0.21590805053710938,0.04839282110333443,0.060579344630241394,-0.2829169034957886,0.7126715779304504
33.90599822998047,-22.753999710083008,0.7779319286346436,5.071997165679932,0.12515752017498016,0.6511430144309998,0.05734974518418312,0.5548428297042847
33.90599822998047,-22.753999710083008,0.5919689536094666,3.5930681228637695,0.17475977540016174,1.4467355012893677,0.12062472105026245,0.05482661351561546
33.90599822998047,-22.753999710083008,0.8431410789489746,4.987390041351318,0.09533650428056717,0.12948279082775116,0.13163544237613678,0.3903304934501648
33.90599822998047,-21.753999710083008,0.5121691226959229,4.790548801422119,0.018576791509985924,0.6429481506347656,-0.14124031364917755,0.12337130308151245
33.90599822998047,-21.753999710083008,0.514778196811676,2.5192549228668213,0.030312292277812958,1.0728484392166138,-0.1312304437160492,0.3405004143714905
33.90599822998047,-21.753999710083008,0.6029108166694641,4.2549638748168945,0.017396802082657814,0.7206889390945435,0.031024184077978134,0.5361283421516418
33.90599822998047,-20.753999710083008,0.6127282381057739,5.6208415031433105,0.031671568751335144,2.623929500579834,0.0067300815135240555,0.2566238045692444
33.90599822998047,-20.753999710083008,1.018661618232727,2.5673017501831055,0.13280189037322998,0.08090982586145401,0.12482975423336029,0.5578036904335022
33.90599822998047,-20.753999710083008,0.990702748298645,5.764852523803711,0.0896051898598671,0.06905282288789749,0.025031019002199173,0.1855725198984146
33.90599822998047,-19.753999710083008,0.8759386539459229,3.971021890640259,0.19096699357032776,2.7053747177124023,-0.023583166301250458,0.04714471474289894
33.90599822998047,-19.753999710083008,1.142497181892395,2.7554643154144287,0.08464115858078003,0.029104087501764297,-0.0028685990255326033,0.5999377369880676
33.90599822998047,-19.753999710083008,1.0765310525894165,5.9878411293029785,0.0726744681596756,0.026755401864647865,-0.029205268248915672,0.35291752219200134
33.90599822998047,-18.753999710083008,0.9212015271186829,3.874605178833008,0.1584586203098297,1.7611075639724731,0.020037755370140076,0.0983184352517128
33.90599822998047,-18.753999710083008,1.0392709970474243,2.8527143001556396,0.06632404774427414,0.06728754937648773,0.11088985949754715,0.4822740852832794
33.90599822998047,-18.753999710083008,1.1239393949508667,6.106351852416992,0.07193520665168762,0.04112854227423668,-0.021038254722952843,0.41940754652023315
33.90599822998047,-17.753999710083008,0.8362258076667786,5.426666736602783,0.13245201110839844,1.93918776512146,0.008829834870994091,0.06746255606412888
33.90599822998047,-17.753999710083008,1.0028163194656372,2.968935012817383,0.0869271457195282,0.0764029324054718,0.005167911294847727,0.409052312374115
33.90599822998047,-17.753999710083008,1.1639198064804077,6.130415916442871,0.07574265450239182,0.024642448872327805,-0.03961067274212837,0.5234851241111755
33.90599822998047,-16.753999710083008,0.6428883671760559,0.016589973121881485,0.06038941070437431,1.4325897693634033,0.05550907179713249,0.2225220799446106
33.90599822998047,-16.753999710083008,0.49733150005340576,3.4223577976226807,0.033283889293670654,1.4712613821029663,-0.122627854347229,0.5122425556182861
33.90599822998047,-16.753999710083008,0.6251019835472107,6.157028675079346,0.019467614591121674,0.38195642828941345,-0.12491925805807114,0.2652352750301361
33.90599822998047,-15.753999710083008,1.0478332042694092,1.3573423624038696,0.32011955976486206,0.9713761210441589,0.051603443920612335,0.4087919592857361
33.90599822998047,-15.753999710083008,0.6799522042274475,1.853759765625,0.2708020508289337,2.7285120487213135,0.12326567620038986,0.06725863367319107
33.90599822998047,-15.753999710083008,0.5689988136291504,0.021002113819122314,0.04142839461565018,0.11912878602743149,-0.23002006113529205,0.5239494442939758
34.90599822998047,-22.753999710083008,0.8595966100692749,3.907942533493042,0.3344743847846985,0.7340902090072632,0.15303164720535278,0.07810001820325851
34.90599822998047,-22.753999710083008,0.5606659054756165,4.2204270362854,0.18152181804180145,2.099003791809082,-0.0109128812327981,0.03001396730542183
34.90599822998047,-22.753999710083008,0.6553428769111633,4.632143020629883,0.05661981180310249,0.18049202859401703,0.04354183375835419,0.8918859958648682
34.90599822998047,-21.753999710083008,0.6939750909805298,3.8470280170440674,0.05724071338772774,2.1848769187927246,0.021480385214090347,0.15181578695774078
34.90599822998047,-21.753999710083008,0.566949725151062,1.7742834091186523,0.015516961924731731,0.304502934217453,-0.04746608808636665,0.7871879935264587
34.90599822998047,-21.753999710083008,0.6701462864875793,5.731233596801758,0.027575556188821793,0.5417866706848145,0.051229387521743774,0.06099622696638107
34.90599822998047,-20.753999710083008,0.7480056881904602,5.470019340515137,0.04795308783650398,2.3093669414520264,-0.07271981239318848,0.10451290011405945
34.90599822998047,-20.753999710083008,1.228591799736023,2.7680625915527344,0.13727818429470062,0.03392244502902031,0.12066309154033661,0.4951719045639038
34.90599822998047,-20.753999710083008,1.1674516201019287,5.963395118713379,0.08779206871986389,0.02590102143585682,-0.10242634266614914,0.4003152549266815
34.90599822998047,-19.753999710083008,0.9321476221084595,3.6002755165100098,0.15451806783676147,2.4669201374053955,0.004341659136116505,0.027648527175188065
34.90599822998047,-19.753999710083008,1.2347456216812134,2.7873857021331787,0.09438406676054001,0.02997579053044319,0.07169471681118011,0.6009932160377502
34.90599822998047,-19.753999710083008,1.078999638557434,6.001208305358887,0.050895094871520996,0.028382429853081703,-0.044696178287267685,0.3713582158088684
34.90599822998047,-18.753999710083008,0.9947367310523987,4.503253936767578,0.2591339647769928,1.831229567527771,0.032517991960048676,0.04571472853422165
34.90599822998047,-18.753999710083008,1.0864877700805664,2.8184094429016113,0.06507548689842224,0.05028946325182915,0.1286698877811432,0.5139467716217041
34.90599822998047,-18.753999710083008,1.0988796949386597,6.063909530639648,0.056540992110967636,0.033079687505960464,0.05350373685359955,0.44033849239349365
34.90599822998047,-17.753999710083008,0.8383737802505493,5.597297191619873,0.12080543488264084,1.9647150039672852,0.0413232147693634,0.07416217029094696
34.90599822998047,-17.753999710083008,1.0935814380645752,2.934316396713257,0.1102086678147316,0.06553202122449875,0.06579343229532242,0.4214620292186737
34.90599822998047,-17.753999710083008,1.0405242443084717,6.1602783203125,0.049918513745069504,0.02516239881515503,0.03953976184129715,0.5043758153915405
34.90599822998047,-16.753999710083008,0.7234899997711182,1.1314607858657837,0.10040893405675888,1.5770704746246338,-0.004081055987626314,0.20842044055461884
34.90599822998047,-16.753999710083008,0.5253498554229736,2.4152984619140625,0.04180172085762024,1.4180269241333008,0.04292996600270271,0.6286020874977112
34.90599822998047,-16.753999710083008,0.579964280128479,0.32676735520362854,0.02847675420343876,0.46609580516815186,0.0020170474890619516,0.16297750174999237
34.90599822998047,-15.753999710083008,0.8474565744400024,5.969502925872803,0.3685073256492615,0.639207124710083,0.12337009608745575,0.026133213192224503
34.90599822998047,-15.753999710083008,0.6088253855705261,0.6693417429924011,0.035536736249923706,0.3668549358844757,-0.07254287600517273,0.9710662364959717
34.90599822998047,-15.753999710083008,0.5850645899772644,0.6107894778251648,0.11352360248565674,2.5149359703063965,0.09542623907327652,0.0028005524072796106
35.90599822998047,-23.753999710083008,0.6880487203598022,4.6005940437316895,0.053584352135658264,0.6387805938720703,-0.11169154196977615,0.7579498291015625
35.90599822998047,-23.753999710083008,0.6362438201904297,3.214334011077881,0.26982876658439636,0.97487473487854,-0.06530057638883591,0.027701055631041527
35.90599822998047,-23.753999710083008,0.7111602425575256,4.65191650390625,0.06416429579257965,0.11105731874704361,-0.025725485756993294,0.2143491953611374
35.90599822998047,-22.753999710083008,1.027989387512207,4.156968116760254,0.3582460284233093,1.6456743478775024,0.11967630684375763,0.1381637006998062
35.90599822998047,-22.753999710083008,0.6027549505233765,4.484353542327881,0.09744177013635635,3.4324951171875,-0.22671003639698029,0.11922235786914825
35.90599822998047,-22.753999710083008,0.6640896201133728,4.684406280517578,0.02613319642841816,0.4177219569683075,-0.11857347190380096,0.7426139712333679
35.90599822998047,-21.753999710083008,0.6999010443687439,5.41256856918335,0.059254392981529236,1.8185522556304932,0.06591182202100754,0.2801987826824188
35.90599822998047,-21.753999710083008,0.5871042013168335,2.216538906097412,0.042690981179475784,0.5247712731361389,0.2585737705230713,0.6318555474281311
35.90599822998047,-21.753999710083008,0.7784675359725952,0.21741560101509094,0.05006550997495651,0.20518168807029724,-0.08622397482395172,0.08794569969177246
35.90599822998047,-20.753999710083008,0.8576148152351379,5.022451400756836,0.1168440729379654,2.454261064529419,-0.0510626956820488,0.046676844358444214
35.90599822998047,-20.753999710083008,1.1187729835510254,2.744659423828125,0.0884740948677063,0.04082465171813965,0.004667007364332676,0.5591299533843994
35.90599822998047,-20.753999710083008,1.1983896493911743,5.983921527862549,0.07696395367383957,0.024206694215536118,-0.1670507937669754,0.39419323205947876
35.90599822998047,-19.753999710083008,0.8993062376976013,2.9442298412323,0.08014730364084244,1.9417911767959595,0.04300610348582268,0.03024284541606903
35.90599822998047,-19.753999710083008,1.1717536449432373,2.7859232425689697,0.08182613551616669,0.02947390265762806,0.04043709859251976,0.5566082000732422
35.90599822998047,-19.753999710083008,1.1582047939300537,6.011050224304199,0.05663713440299034,0.0269986093044281,-0.039559125900268555,0.4131488800048828
35.90599822998047,-18.753999710083008,1.0413362979888916,3.7714648246765137,0.35770782828330994,1.5361337661743164,0.07039155811071396,0.020387157797813416
35.90599822998047,-18.753999710083008,1.17747163772583,2.8559181690216064,0.08989525586366653,0.055153004825115204,0.1347145438194275,0.4656762480735779
35.90599822998047,-18.753999710083008,1.0882905721664429,6.061315059661865,0.05231936648488045,0.03530421853065491,0.04979255795478821,0.5139366388320923
35.90599822998047,-17.753999710083008,0.9165725111961365,4.832693576812744,0.20965677499771118,1.9483883380889893,0.08470495790243149,0.041424866765737534
35.90599822998047,-17.753999710083008,1.1783719062805176,2.966062545776367,0.12476956844329834,0.07200174778699875,0.09261167794466019,0.41661933064460754
35.90599822998047,-17.753999710083008,1.0326429605484009,6.153737545013428,0.04323634132742882,0.028141219168901443,0.06004150211811066,0.541955828666687
35.90599822998047,-16.753999710083008,0.6228954792022705,5.867674350738525,0.049992308020591736,1.2206087112426758,-0.010385015048086643,0.3472970724105835
35.90599822998047,-16.753999710083008,0.538396954536438,1.6196348667144775,0.04879123717546463,1.1538478136062622,-0.11689633876085281,0.43980923295021057
35.90599822998047,-16.753999710083008,0.6272737383842468,0.11278030276298523,0.03565429523587227,0.8499173521995544,-0.0016412894474342465,0.2128937691450119
35.90599822998047,-15.753999710083008,0.7189890742301941,2.894716262817383,0.26073139905929565,0.5300511717796326,0.24149779975414276,0.02019220031797886
35.90599822998047,-15.753999710083008,0.48587238788604736,5.975304126739502,0.015372139401733875,0.31873008608818054,-0.3068366050720215,0.9750474095344543
35.90599822998047,-15.753999710083008,0.571172297000885,0.010138120502233505,0.05927425995469093,11.340804100036621,0.10639674216508865,0.004760446958243847
36.90599822998047,-24.753999710083008,1.098447561264038,5.122929573059082,0.12763597071170807,0.5084552764892578,-0.08576115220785141,0.007795924320816994
36.90599822998047,-24.753999710083008,0.9512982368469238,3.5202584266662598,0.08189409226179123,0.12885688245296478,0.5845950245857239,0.009682662785053253
36.90599822998047,-24.753999710083008,0.8799068927764893,4.878266334533691,0.031712960451841354,0.015056101605296135,-0.011517947539687157,0.9825214743614197
36.90599822998047,-23.753999710083008,0.4457591474056244,6.046806812286377,0.02328408509492874,1.1141858100891113,-0.15427596867084503,0.12883532047271729
36.90599822998047,-23.753999710083008,0.5330066680908203,3.0322325229644775,0.08820132911205292,0.09116972237825394,0.09579180181026459,0.16334620118141174
36.90599822998047,-23.753999710083008,0.7475658655166626,4.619102478027344,0.06281671673059464,0.041543148458004,-0.05916040763258934,0.7078183889389038
36.90599822998047,-22.753999710083008,0.7661831378936768,4.2852783203125,0.04511343687772751,0.6921954154968262,0.07139327377080917,0.6302006244659424
36.90599822998047,-22.753999710083008,0.6289414763450623,2.944852352142334,0.08717223256826401,3.5644619464874268,-0.031197352334856987,0.17727351188659668
36.90599822998047,-22.753999710083008,0.6956956386566162,5.709870338439941,0.04713158309459686,0.5680770874023438,0.001296621048822999,0.19252581894397736
36.90599822998047,-21.753999710083008,0.799720823764801,5.619580268859863,0.05383861064910889,1.9349313974380493,-0.08657083660364151,0.2678745687007904
36.90599822998047,-21.753999710083008,1.0049086809158325,2.6702539920806885,0.10560790449380875,0.05248833820223808,0.2623591423034668,0.5183711647987366
36.90599822998047,-21.753999710083008,1.0324457883834839,6.021953582763672,0.10211065411567688,0.056532472372055054,-0.06245652958750725,0.21375435590744019
36.90599822998047,-20.753999710083008,0.9271262884140015,4.047691345214844,0.1812172383069992,2.4265573024749756,-0.013173593208193779,0.061006493866443634
36.90599822998047,-20.753999710083008,1.0756618976593018,2.7250378131866455,0.06164047494530678,0.025637658312916756,0.011385723948478699,0.5838680267333984
36.90599822998047,-20.753999710083008,1.1747127771377563,5.975717544555664,0.08083048462867737,0.02671302855014801,-0.060214508324861526,0.35512545704841614
36.90599822998047,-19.753999710083008,0.978068470954895,2.395479679107666,0.16191105544567108,1.791656732559204,0.07230526208877563,0.025553924962878227
36.90599822998047,-19.753999710083008,1.1077288389205933,2.7538187503814697,0.06779647618532181,0.02713506855070591,0.020626818761229515,0.5814870595932007
36.90599822998047,-19.753999710083008,1.1550148725509644,6.020013809204102,0.06722673028707504,0.037022415548563004,-0.029334088787436485,0.39295902848243713
36.90599822998047,-18.753999710083008,1.0124763250350952,2.8769776821136475,0.3652513325214386,1.6958788633346558,0.1474808007478714,0.017327813431620598
36.90599822998047,-18.753999710083008,1.1471186876296997,2.8535494804382324,0.09414006769657135,0.07251440733671188,0.08094923198223114,0.31352171301841736
36.90599822998047,-18.753999710083008,1.1091978549957275,6.058483123779297,0.05923495814204216,0.0455474890768528,0.036549996584653854,0.6691504716873169
36.90599822998047,-17.753999710083008,0.8933773040771484,3.5980029106140137,0.19069121778011322,2.1013989448547363,0.09632522612810135,0.04959440231323242
36.90599822998047,-17.753999710083008,1.2741293907165527,3.0487356185913086,0.15345580875873566,0.08059991896152496,0.11859747767448425,0.4025700092315674
36.90599822998047,-17.753999710083008,1.085597276687622,6.181890487670898,0.0512535385787487,0.032410040497779846,0.06649107486009598,0.5478355884552002
36.90599822998047,-16.753999710083008,0.8220652937889099,2.657193183898926,0.13825106620788574,0.7765571475028992,0.2479897439479828,0.1669490486383438
36.90599822998047,-16.753999710083008,0.5558738708496094,1.533260464668274,0.021937355399131775,0.3210357129573822,-0.1737172156572342,0.7308635711669922
36.90599822998047,-16.753999710083008,0.6075636744499207,4.669351100921631,0.046498995274305344,2.3524832725524902,0.11872175335884094,0.10218744724988937
37.90599822998047,-23.753999710083008,0.5287385582923889,1.4749258756637573,0.024904295802116394,1.4352189302444458,-0.13835836946964264,0.04765011742711067
37.90599822998047,-23.753999710083008,0.6782644391059875,2.406482458114624,0.06489158421754837,0.047892335802316666,0.1278991997241974,0.37054941058158875
37.90599822998047,-23.753999710083008,0.7827077507972717,5.083439826965332,0.06359248608350754,0.06249544024467468,-0.05029895901679993,0.5818005204200745
37.90599822998047,-22.753999710083008,0.6493829488754272,3.8514347076416016,0.03239268437027931,0.5992375016212463,0.11802468448877335,0.5264900922775269
37.90599822998047,-22.753999710083008,0.7192516326904297,2.3043556213378906,0.16600465774536133,0.7595253586769104,0.14418962597846985,0.3179950416088104
37.90599822998047,-22.753999710083008,0.770410418510437,5.886223793029785,0.09866544604301453,0.15291401743888855,0.14082446694374084,0.1555148959159851
37.90599822998047,-21.753999710083008,0.8763856887817383,3.5074522495269775,0.09155182540416718,1.9173933267593384,-0.09463158994913101,0.1507471799850464
37.90599822998047,-21.753999710083008,1.0794721841812134,2.6103310585021973,0.0843062698841095,0.035247717052698135,0.2596762776374817,0.5567753314971924
37.90599822998047,-21.753999710083008,1.0027648210525513,5.967788219451904,0.0583610013127327,0.04421091824769974,-0.11962494254112244,0.29247748851776123
37.90599822998047,-20.753999710083008,0.9630798697471619,3.3248181343078613,0.15796594321727753,2.1896469593048096,0.00454123318195343,0.03783617913722992
37.90599822998047,-20.753999710083008,1.054174542427063,2.729111433029175,0.05322476103901863,0.03453633934259415,0.03418168053030968,0.6401540637016296
37.90599822998047,-20.753999710083008,1.1207587718963623,5.977670669555664,0.06798222661018372,0.025313235819339752,-0.1100471168756485,0.32200974225997925
37.90599822998047,-19.753999710083008,0.9341659545898438,1.9488215446472168,0.14245182275772095,1.7776520252227783,0.0659840777516365,0.026162968948483467
37.90599822998047,-19.753999710083008,1.1294665336608887,2.749131202697754,0.06976406276226044,0.02256043069064617,0.010966520756483078,0.5730783939361572
37.90599822998047,-19.753999710083008,1.1465150117874146,6.02143669128418,0.07022411376237869,0.03904557228088379,-0.042135756462812424,0.40075862407684326
37.90599822998047,-18.753999710083008,0.8176140189170837,3.2739098072052,0.07816565781831741,2.051835298538208,0.11129883676767349,0.06337053328752518
37.90599822998047,-18.753999710083008,1.1315056085586548,2.8364779949188232,0.10328526049852371,0.07381974905729294,0.10061953216791153,0.3419046700000763
37.90599822998047,-18.753999710083008,1.1425005197525024,6.053085803985596,0.07075636088848114,0.04866914078593254,0.04297215864062309,0.5947247743606567
37.90599822998047,-17.753999710083008,0.8212094902992249,3.447035551071167,0.11926335096359253,2.2160260677337646,0.03495879843831062,0.0725603699684143
37.90599822998047,-17.753999710083008,1.2382545471191406,2.9442238807678223,0.12903589010238647,0.049854107201099396,0.09825357794761658,0.41876938939094543
37.90599822998047,-17.753999710083008,1.1197645664215088,6.194802284240723,0.060628559440374374,0.026384130120277405,0.028308968991041183,0.5086702704429626
37.90599822998047,-16.753999710083008,0.8879612684249878,2.2313690185546875,0.2236497700214386,1.40598726272583,0.33826836943626404,0.07442019134759903
37.90599822998047,-16.753999710083008,0.5642873048782349,1.4088414907455444,0.02352524921298027,0.22536051273345947,0.02490640990436077,0.9160834550857544
37.90599822998047,-16.753999710083008,0.622224748134613,4.460694313049316,0.1316743642091751,3.028317928314209,0.20481419563293457,0.009496440179646015
38.90599822998047,-25.753999710083008,0.5981017351150513,5.5315680503845215,0.0580294243991375,1.7467567920684814,0.008630260825157166,0.08268403261899948
38.90599822998047,-25.753999710083008,0.5735374689102173,3.547041654586792,0.01651368848979473,0.019064094871282578,0.3356727063655853,0.6958745718002319
38.90599822998047,-25.753999710083008,0.687640905380249,4.5774102210998535,0.023653298616409302,0.38423866033554077,0.38544195890426636,0.221441388130188
38.90599822998047,-24.753999710083008,0.8790186643600464,0.04707353934645653,0.052856750786304474,1.2461671829223633,0.11583707481622696,0.672807514667511
38.90599822998047,-24.753999710083008,0.7006044387817383,3.284895420074463,0.0733364075422287,0.24529916048049927,0.37308841943740845,0.2943296730518341
38.90599822998047,-24.753999710083008,0.7269803881645203,5.7230024337768555,0.13061633706092834,0.24959900975227356,-0.12131629139184952,0.03286272659897804
38.90599822998047,-23.753999710083008,0.6462952494621277,0.04391637444496155,0.05684912949800491,1.7357486486434937,-0.22909173369407654,0.11839676648378372
38.90599822998047,-23.753999710083008,0.6572110652923584,2.609743595123291,0.049873702228069305,0.07862303406000137,0.10103737562894821,0.08574636280536652
38.90599822998047,-23.753999710083008,0.6168312430381775,4.3138532638549805,0.0196547694504261,0.2297784686088562,0.08077003806829453,0.7958568334579468
38.90599822998047,-22.753999710083008,0.5779373645782471,4.562231540679932,0.020954757928848267,1.1216002702713013,0.015628108754754066,0.4785715639591217
38.90599822998047,-22.753999710083008,0.6450343728065491,1.9531344175338745,0.052012428641319275,0.27278029918670654,0.2667236626148224,0.45341524481773376
38.90599822998047,-22.753999710083008,0.7317243814468384,5.828197002410889,0.056870412081480026,0.14794375002384186,-0.002097977325320244,0.0680132508277893
38.90599822998047,-21.753999710083008,0.947585940361023,2.5590860843658447,0.18347924947738647,2.0578300952911377,-0.042930807918310165,0.10967099666595459
38.90599822998047,-21.753999710083008,1.1383901834487915,2.597381591796875,0.0943756029009819,0.02445623092353344,0.20079874992370605,0.592593252658844
38.90599822998047,-21.753999710083008,1.049448847770691,5.969973087310791,0.05657554045319557,0.0359414741396904,-0.11971112340688705,0.29773572087287903
38.90599822998047,-20.753999710083008,0.9347894787788391,3.7993929386138916,0.17955833673477173,2.2301740646362305,-0.01071681547909975,0.0600365586578846
38.90599822998047,-20.753999710083008,1.1002527475357056,2.649739980697632,0.07297634333372116,0.02133357524871826,0.020380636677145958,0.6328840851783752
38.90599822998047,-20.753999710083008,1.0658140182495117,5.984023571014404,0.06021067872643471,0.028576092794537544,-0.04416811466217041,0.30707934498786926
38.90599822998047,-19.753999710083008,0.8106054067611694,5.782429218292236,0.09198310226202011,2.574068307876587,-0.010474812239408493,0.10258852690458298
38.90599822998047,-19.753999710083008,1.161345362663269,2.617711305618286,0.08365876972675323,0.02202671393752098,0.11459794640541077,0.42882534861564636
38.90599822998047,-19.753999710083008,1.1604186296463013,5.921924114227295,0.06661543995141983,0.024959631264209747,0.015124468132853508,0.46858611702919006
38.90599822998047,-18.753999710083008,0.9043946266174316,4.3948445320129395,0.14622078835964203,1.886997103691101,0.09275133162736893,0.04664480313658714
38.90599822998047,-18.753999710083008,1.0475757122039795,3.0084991455078125,0.09131277352571487,0.1404343545436859,0.09341275691986084,0.4245449900627136
38.90599822998047,-18.753999710083008,1.117540955543518,6.128242492675781,0.07261908054351807,0.046399880200624466,0.02450057677924633,0.5288102626800537
38.90599822998047,-17.753999710083008,0.8358898162841797,3.9592490196228027,0.1795468032360077,1.5588501691818237,0.03834264352917671,0.02337522991001606
38.90599822998047,-17.753999710083008,1.0434331893920898,3.011474609375,0.06764954328536987,0.05231551453471184,0.044492438435554504,0.5452420115470886
38.90599822998047,-17.753999710083008,1.167657732963562,6.222038745880127,0.06819186359643936,0.02144145406782627,-0.1237896978855133,0.43138277530670166
38.90599822998047,-16.753999710083008,0.7625772356987,3.405228853225708,0.14968238770961761,1.348429560661316,0.26111602783203125,0.15048827230930328
38.90599822998047,-16.753999710083008,0.5400750041007996,3.8891196250915527,0.030821075662970543,0.45393285155296326,-0.13397067785263062,0.45351749658584595
38.90599822998047,-16.753999710083008,0.5541784167289734,4.118582248687744,0.02192518301308155,0.1273479461669922,0.13609251379966736,0.3959941864013672
38.90599822998047,-15.753999710083008,0.8110557198524475,3.614891767501831,0.049006614834070206,1.0913289785385132,0.18837636709213257,0.5798530578613281
38.90599822998047,-15.753999710083008,0.5712719559669495,1.520263433456421,0.0626499354839325,0.8281446099281311,-0.19679763913154602,0.3051251769065857
38.90599822998047,-15.753999710083008,0.8433586359024048,0.6508640646934509,0.25301238894462585,1.0580769777297974,-0.10402128845453262,0.11502168327569962
39.90599822998047,-26.753999710083008,0.6952621936798096,4.3606038093566895,0.010754709132015705,0.8219438791275024,0.003945404663681984,0.14912451803684235
39.90599822998047,-26.753999710083008,0.6167666912078857,3.103994607925415,0.021290963515639305,0.06960496306419373,0.4073716104030609,0.7692509293556213
39.90599822998047,-26.753999710083008,0.8431968092918396,3.8286781311035156,0.04310641437768936,0.06211509928107262,0.14616723358631134,0.08162451535463333
39.90599822998047,-25.753999710083008,0.6860478520393372,3.969280958175659,0.04106299579143524,1.9012686014175415,-0.0031497098971158266,0.5988680720329285
39.90599822998047,-25.753999710083008,0.6000986099243164,2.950383186340332,0.026308614760637283,0.08877641707658768,0.2018784135580063,0.33684322237968445
39.90599822998047,-25.753999710083008,0.7260752320289612,4.729008674621582,0.02667686529457569,0.20548035204410553,-0.010986673645675182,0.06428869813680649
39.90599822998047,-24.753999710083008,0.7269130945205688,3.706042528152466,0.061771102249622345,1.6409797668457031,0.16998225450515747,0.07034191489219666
39.90599822998047,-24.753999710083008,0.5800302028656006,4.361471176147461,0.014646775089204311,0.25941818952560425,0.10445020347833633,0.9113320112228394
39.90599822998047,-24.753999710083008,0.8017441034317017,0.22995036840438843,0.06820730865001678,0.47991663217544556,0.0040627047419548035,0.01832600124180317
39.90599822998047,-23.753999710083008,0.6043683290481567,5.449214935302734,0.028176605701446533,1.1379507780075073,-0.07376865297555923,0.7939538359642029
39.90599822998047,-23.753999710083008,0.7520520091056824,2.081118583679199,0.08384378999471664,0.23027156293392181,0.15797539055347443,0.13889752328395844
39.90599822998047,-23.753999710083008,0.6689695715904236,5.325819969177246,0.017840933054685593,0.1928282082080841,0.12215659767389297,0.06714873760938644
39.90599822998047,-22.753999710083008,0.6513668894767761,0.1322026252746582,0.023534376174211502,1.7354235649108887,-0.1490834504365921,0.653999388217926
39.90599822998047,-22.753999710083008,1.1523444652557373,2.6304972171783447,0.13447964191436768,0.035492487251758575,0.1890888214111328,0.16315463185310364
39.90599822998047,-22.753999710083008,1.1239668130874634,5.821646213531494,0.07203815132379532,0.02954334206879139,-0.028724392876029015,0.1828460395336151
39.90599822998047,-21.753999710083008,0.8887413144111633,4.618451118469238,0.09002012759447098,1.8091778755187988,-0.05923985317349434,0.14667175710201263
39.90599822998047,-21.753999710083008,1.178727626800537,2.6403796672821045,0.10157965868711472,0.03154054284095764,0.19874586164951324,0.5139735341072083
39.90599822998047,-21.753999710083008,1.107366919517517,5.971905708312988,0.053583137691020966,0.027422074228525162,-0.08600188046693802,0.3393547236919403
39.90599822998047,-20.753999710083008,0.8870869874954224,3.5439298152923584,0.11564039438962936,1.2479709386825562,0.004728971980512142,0.05472313612699509
39.90599822998047,-20.753999710083008,1.2276841402053833,2.6967482566833496,0.10769452899694443,0.041414983570575714,0.10950510203838348,0.4664640426635742
39.90599822998047,-20.753999710083008,1.002954363822937,5.903379917144775,0.05803416669368744,0.042693689465522766,-0.0025002812035381794,0.4788128733634949
39.90599822998047,-19.753999710083008,0.8166655898094177,5.842390537261963,0.07761915028095245,1.7663129568099976,0.027928762137889862,0.04305870831012726
39.90599822998047,-19.753999710083008,1.0753045082092285,2.6214511394500732,0.11101236939430237,0.0322769470512867,0.39502784609794617,0.30545806884765625
39.90599822998047,-19.753999710083008,1.005658507347107,5.866281032562256,0.061318982392549515,0.0378999225795269,0.021745512261986732,0.6514832377433777
39.90599822998047,-18.753999710083008,0.9154672026634216,0.4676586985588074,0.16425131261348724,2.0014114379882812,0.08784209936857224,0.10348620265722275
39.90599822998047,-18.753999710083008,0.9928666353225708,3.2650065422058105,0.07423970103263855,0.0851772204041481,0.11924156546592712,0.4107415974140167
39.90599822998047,-18.753999710083008,1.060133934020996,0.021510224789381027,0.053568653762340546,0.036033522337675095,0.029927698895335197,0.4857722222805023
39.90599822998047,-17.753999710083008,0.6373108625411987,3.908766269683838,0.024149838835000992,0.42984098196029663,0.05531933158636093,0.4603067934513092
39.90599822998047,-17.753999710083008,0.9922129511833191,2.945117235183716,0.05201267451047897,0.04286009073257446,0.02444065734744072,0.2840842306613922
39.90599822998047,-17.753999710083008,1.040281057357788,6.271228313446045,0.057970140129327774,0.02097228541970253,-0.18565651774406433,0.2556089758872986
39.90599822998047,-16.753999710083008,0.7774867415428162,4.911675453186035,0.14243555068969727,2.909271717071533,0.3191969394683838,0.022243821993470192
39.90599822998047,-16.753999710083008,0.6729817390441895,3.3697001934051514,0.0353940911591053,0.1709018349647522,-0.10142546892166138,0.8900911808013916
39.90599822998047,-16.753999710083008,0.733190655708313,6.136451244354248,0.06324764341115952,0.17803752422332764,0.027844266965985298,0.08766501396894455
39.90599822998047,-15.753999710083008,0.8659393191337585,1.7100547552108765,0.10132365673780441,1.3881694078445435,0.022569650784134865,0.025806425139307976
39.90599822998047,-15.753999710083008,0.7940680980682373,2.56355619430542,0.17105217278003693,0.1332935392856598,0.3033311367034912,0.005296381656080484
39.90599822998047,-15.753999710083008,0.8871221542358398,0.1000964343547821,0.050690993666648865,0.07928478717803955,0.167721688747406,0.9688971638679504
40.90599822998047,-27.753999710083008,1.2155041694641113,4.760356426239014,0.13097608089447021,0.8984497785568237,0.0027116781566292048,0.93931645154953
40.90599822998047,-27.753999710083008,0.5371147394180298,3.591787338256836,0.08979115635156631,3.447425127029419,0.2207072675228119,0.011701771058142185
40.90599822998047,-27.753999710083008,0.648499608039856,4.569215774536133,0.016165051609277725,0.3654941916465759,-0.005311707500368357,0.048981741070747375
40.90599822998047,-26.753999710083008,0.787886917591095,5.005710601806641,0.03064153715968132,0.360869824886322,-0.21869051456451416,0.16134293377399445
40.90599822998047,-26.753999710083008,0.562475323677063,2.345968246459961,0.09229300171136856,3.8499677181243896,0.1954934298992157,0.13984693586826324
40.90599822998047,-26.753999710083008,0.6380956768989563,4.15853214263916,0.022363206371665,0.24299852550029755,0.10325726866722107,0.6988101005554199
40.90599822998047,-25.753999710083008,0.6051808595657349,4.405722618103027,0.07438870519399643,1.2853970527648926,-0.0880243331193924,0.05223870649933815
40.90599822998047,-25.753999710083008,0.5022035241127014,2.631690740585327,0.03600369021296501,0.5673896670341492,-0.01965799741446972,0.1837417483329773
40.90599822998047,-25.753999710083008,0.5707428455352783,4.663043022155762,0.013918304815888405,0.2755104601383209,-0.009498879313468933,0.7640196084976196
40.90599822998047,-24.753999710083008,0.7579691410064697,4.837751388549805,0.08141207695007324,1.2395612001419067,0.08753930777311325,0.23078930377960205
40.90599822998047,-24.753999710083008,0.531029999256134,2.9928834438323975,0.021288974210619926,0.9881716370582581,0.03233497217297554,0.549513041973114
40.90599822998047,-24.753999710083008,0.5954743027687073,5.224157810211182,0.017259247601032257,1.387212872505188,0.0718802958726883,0.21969768404960632
40.90599822998047,-23.753999710083008,0.7963052988052368,4.926553249359131,0.0621437206864357,2.2689945697784424,0.02692880481481552,0.4346623122692108
40.90599822998047,-23.753999710083008,0.991683304309845,2.5141782760620117,0.1314065009355545,0.06431787461042404,0.2700032591819763,0.43266189098358154
40.90599822998047,-23.753999710083008,1.1052765846252441,5.927707195281982,0.09070751816034317,0.040889255702495575,-0.01957625336945057,0.13267578184604645
40.90599822998047,-22.753999710083008,0.8755895495414734,4.248146057128906,0.10732516646385193,2.3848488330841064,-0.10246413201093674,0.16017794609069824
40.90599822998047,-22.753999710083008,1.1672903299331665,2.690368413925171,0.08833281695842743,0.02456444501876831,0.1268918216228485,0.5129280090332031
40.90599822998047,-22.753999710083008,1.2091068029403687,5.898064613342285,0.06804874539375305,0.020284375175833702,-0.1380004584789276,0.32689404487609863
40.90599822998047,-21.753999710083008,0.8693215847015381,2.8475754261016846,0.12361492216587067,2.4343864917755127,0.004612252116203308,0.1533770114183426
40.90599822998047,-21.753999710083008,1.132440209388733,2.6816372871398926,0.06841503083705902,0.02775166928768158,0.10073815286159515,0.4074925482273102
40.90599822998047,-21.753999710083008,1.1443012952804565,5.907413959503174,0.075136698782444,0.04212527722120285,-0.14983892440795898,0.4391304552555084
40.90599822998047,-20.753999710083008,0.8426559567451477,4.945498943328857,0.09140094369649887,1.3668206930160522,0.05544044449925423,0.055681049823760986
40.90599822998047,-20.753999710083008,1.1614553928375244,2.9321980476379395,0.09375174343585968,0.0971381887793541,0.019430363550782204,0.45365574955940247
40.90599822998047,-20.753999710083008,1.182827353477478,5.894272327423096,0.08092761039733887,0.034754421561956406,0.02295805886387825,0.49066323041915894
40.90599822998047,-19.753999710083008,0.9008541703224182,5.482710361480713,0.11228439956903458,1.5335986614227295,-0.0032187970355153084,0.16103176772594452
40.90599822998047,-19.753999710083008,0.9197973608970642,2.511598587036133,0.08294100314378738,0.04823354259133339,0.2438170462846756,0.3100908100605011
40.90599822998047,-19.753999710083008,0.9640039801597595,5.861799716949463,0.08018305897712708,0.06085580959916115,-0.05123874545097351,0.5288773775100708
40.90599822998047,-18.753999710083008,0.8872556686401367,0.4051337242126465,0.16026680171489716,1.9425137042999268,0.12241458147764206,0.05853210389614105
40.90599822998047,-18.753999710083008,0.8762021660804749,3.4047131538391113,0.07381980866193771,0.1185087338089943,0.165706604719162,0.3228985369205475
40.90599822998047,-18.753999710083008,0.9440093040466309,0.2628346085548401,0.04802156239748001,0.046288613229990005,-0.05015470087528229,0.6185693144798279
40.90599822998047,-17.753999710083008,0.73393315076828,4.1728997230529785,0.09621469676494598,1.5931627750396729,0.08829148858785629,0.044714488089084625
40.90599822998047,-17.753999710083008,0.8532534837722778,2.911182165145874,0.058698687702417374,0.0707455649971962,0.047312572598457336,0.45430946350097656
40.90599822998047,-17.753999710083008,0.9660475254058838,6.25809907913208,0.05172715336084366,0.032187387347221375,-0.17855168879032135,0.500976026058197
40.90599822998047,-16.753999710083008,0.8554477095603943,6.278554439544678,0.18094420433044434,0.9844363331794739,0.12861692905426025,0.2592293620109558
40.90599822998047,-16.753999710083008,0.6633635759353638,2.981210947036743,0.06739499419927597,0.3051415681838989,0.058127984404563904,0.11937791854143143
40.90599822998047,-16.753999710083008,0.6872445344924927,0.01665358990430832,0.0299177635461092,0.07921257615089417,-0.06216266751289368,0.6213927268981934
40.90599822998047,-15.753999710083008,0.7253314256668091,0.9064541459083557,0.051317401230335236,1.7726733684539795,-0.006023423746228218,0.15435418486595154
40.90599822998047,-15.753999710083008,0.750864565372467,2.623793840408325,0.13279713690280914,0.1616409569978714,0.2097996473312378,0.04940640553832054
40.90599822998047,-15.753999710083008,0.8073469996452332,0.05315099284052849,0.05038681998848915,0.09405923634767532,0.009114657528698444,0.7962393760681152
41.90599822998047,-27.753999710083008,0.6161150932312012,4.346942901611328,0.03726880997419357,1.1965172290802002,-0.05206802859902382,0.3436684012413025
41.90599822998047,-27.753999710083008,0.5056988596916199,2.4088590145111084,0.08576540648937225,0.3446345329284668,-0.02703654021024704,0.008003033697605133
41.90599822998047,-27.753999710083008,0.6193065047264099,4.526402473449707,0.016874879598617554,0.10715191811323166,-0.004581914748996496,0.6483286023139954
41.90599822998047,-26.753999710083008,0.687698245048523,5.105802059173584,0.026957064867019653,0.45143774151802063,-0.14232076704502106,0.6619091033935547
41.90599822998047,-26.753999710083008,0.5624284744262695,2.129282236099243,0.09814581274986267,1.884831428527832,0.06862986087799072,0.13859806954860687
41.90599822998047,-26.753999710083008,0.5786892175674438,4.102614402770996,0.02139345370233059,1.020066499710083,0.11022936552762985,0.19949279725551605
41.90599822998047,-25.753999710083008,0.5956156849861145,5.914155006408691,0.03607266768813133,1.406312108039856,-0.16817142069339752,0.5570144653320312
41.90599822998047,-25.753999710083008,0.5320038795471191,1.3241841793060303,0.04421432316303253,2.017179489135742,-0.10225977748632431,0.27640900015830994
41.90599822998047,-25.753999710083008,0.5934508442878723,5.244802474975586,0.015173724852502346,0.6566854119300842,-0.1390312910079956,0.16657647490501404
41.90599822998047,-24.753999710083008,0.8343267440795898,4.151708602905273,0.05731687694787979,1.2745250463485718,0.052212826907634735,0.22588638961315155
41.90599822998047,-24.753999710083008,0.6465757489204407,1.8835340738296509,0.09785456955432892,1.2831439971923828,0.0004807135264854878,0.49047157168388367
41.90599822998047,-24.753999710083008,0.6436231136322021,5.116122245788574,0.03503641113638878,1.2244653701782227,0.0361485630273819,0.28364208340644836
41.90599822998047,-23.753999710083008,0.77474445104599,5.412779331207275,0.06380447745323181,2.5816359519958496,-0.02234363555908203,0.24600212275981903
41.90599822998047,-23.753999710083008,0.9809737801551819,2.6042795181274414,0.15473583340644836,0.2404230535030365,0.20766708254814148,0.5113394260406494
41.90599822998047,-23.753999710083008,1.1596370935440063,6.018682479858398,0.10023573786020279,0.0640380010008812,-0.1269538849592209,0.24265848100185394
41.90599822998047,-22.753999710083008,0.8643500804901123,3.606273889541626,0.0836438536643982,2.4167323112487793,-0.13150601089000702,0.18783335387706757
41.90599822998047,-22.753999710083008,1.2214791774749756,2.7213804721832275,0.10116542875766754,0.025154132395982742,0.19758737087249756,0.5100699067115784
41.90599822998047,-22.753999710083008,1.1786601543426514,5.941956043243408,0.0838380977511406,0.03829675540328026,-0.18459565937519073,0.30209672451019287
41.90599822998047,-21.753999710083008,0.8503193259239197,3.5065155029296875,0.11861654371023178,2.1779158115386963,0.04573649540543556,0.17542721331119537
41.90599822998047,-21.753999710083008,1.0709398984909058,2.7182164192199707,0.07510557025671005,0.04422837868332863,0.06634898483753204,0.41473087668418884
41.90599822998047,-21.753999710083008,1.1139565706253052,5.924516677856445,0.07814905047416687,0.048184990882873535,-0.0427214540541172,0.40984195470809937
41.90599822998047,-20.753999710083008,0.9613295793533325,6.252423286437988,0.2603602707386017,1.3779047727584839,0.10294576734304428,0.04037631303071976
41.90599822998047,-20.753999710083008,0.9809257388114929,2.9440410137176514,0.07450784742832184,0.195423886179924,-0.012083866633474827,0.4105449616909027
41.90599822998047,-20.753999710083008,1.0757651329040527,6.004817485809326,0.06634294986724854,0.05033452808856964,-0.015319271944463253,0.5490787029266357
41.90599822998047,-19.753999710083008,0.6273475885391235,0.6355890035629272,0.031776417046785355,2.214952230453491,0.0654391273856163,0.5106295943260193
41.90599822998047,-19.753999710083008,0.6066110134124756,2.736820697784424,0.0776720941066742,0.3357543647289276,0.14275744557380676,0.4433962404727936
41.90599822998047,-19.753999710083008,0.7132310271263123,6.035241603851318,0.05673960968852043,0.23557604849338531,0.009910461492836475,0.04597414284944534
41.90599822998047,-18.753999710083008,0.602692723274231,4.035391330718994,0.02723558247089386,1.3389942646026611,0.11268237978219986,0.30555668473243713
41.90599822998047,-18.753999710083008,0.7814017534255981,3.3645269870758057,0.07726811617612839,0.26222753524780273,0.056548118591308594,0.4261656105518341
41.90599822998047,-18.753999710083008,0.9130417704582214,6.2638092041015625,0.06269174069166183,0.09564679116010666,-0.006019662134349346,0.26827767491340637
41.90599822998047,-17.753999710083008,0.5674166083335876,5.996819972991943,0.027616802603006363,1.7820285558700562,0.06805247068405151,0.3664405941963196
41.90599822998047,-17.753999710083008,0.6089649200439453,2.810026168823242,0.0706607773900032,0.30387598276138306,0.09813214093446732,0.3303775191307068
41.90599822998047,-17.753999710083008,0.863767683506012,0.011342044919729233,0.06694311648607254,0.06953682750463486,-0.22084443271160126,0.30318188667297363
41.90599822998047,-16.753999710083008,0.8025600910186768,0.4324113428592682,0.18265971541404724,0.6025217771530151,0.10230782628059387,0.046551309525966644
41.90599822998047,-16.753999710083008,0.6992087364196777,1.68523371219635,0.04490507394075394,0.2900671660900116,0.05709220841526985,0.023122329264879227
41.90599822998047,-16.753999710083008,0.6396669149398804,0.8933486342430115,0.030478227883577347,0.33332115411758423,-0.05211625620722771,0.9303264021873474
41.90599822998047,-15.753999710083008,0.7884717583656311,5.20585298538208,0.06267695873975754,2.555708169937134,0.018983948975801468,0.16816546022891998
41.90599822998047,-15.753999710083008,0.7902083992958069,2.773789882659912,0.08310290426015854,0.543400764465332,0.19659698009490967,0.32136455178260803
41.90599822998047,-15.753999710083008,0.7872740030288696,5.985483169555664,0.048354510217905045,0.17855200171470642,-0.033583156764507294,0.5104699730873108
42.90599822998047,-27.753999710083008,0.6927723288536072,4.209620475769043,0.12116547673940659,0.7940376996994019,0.02948586642742157,0.20037153363227844
42.90599822998047,-27.753999710083008,0.49394893646240234,2.1042215824127197,0.14558522403240204,0.8152676820755005,-0.0345003716647625,0.07714039087295532
42.90599822998047,-27.753999710083008,0.5336260795593262,4.022669792175293,0.04855487495660782,0.6629959344863892,0.057627588510513306,0.7224880456924438
42.90599822998047,-26.753999710083008,0.634840726852417,5.448653697967529,0.03219108656048775,0.8410699367523193,-0.005567801184952259,0.5081983804702759
42.90599822998047,-26.753999710083008,0.619279146194458,1.3039733171463013,0.09868040680885315,1.0163105726242065,-0.04161817952990532,0.25294554233551025
42.90599822998047,-26.753999710083008,0.6090662479400635,4.444908142089844,0.03043145313858986,0.8564786911010742,0.06338576227426529,0.23885612189769745
42.90599822998047,-25.753999710083008,0.7437000274658203,4.105264663696289,0.07416415959596634,1.4084733724594116,-0.15340209007263184,0.22092241048812866
42.90599822998047,-25.753999710083008,0.5309467315673828,2.0694048404693604,0.03370220586657524,1.9895987510681152,-0.13101033866405487,0.14344263076782227
42.90599822998047,-25.753999710083008,0.5782356262207031,4.455931186676025,0.008871877565979958,0.6361282467842102,-0.006026632618159056,0.6356349587440491
42.90599822998047,-24.753999710083008,0.7871356010437012,4.550920486450195,0.05785037949681282,1.048686146736145,0.07027878612279892,0.1954573690891266
42.90599822998047,-24.753999710083008,0.7659223675727844,2.3442533016204834,0.16769243776798248,0.8828603625297546,0.17664040625095367,0.6630116105079651
42.90599822998047,-24.753999710083008,0.8383996486663818,5.967706680297852,0.12688936293125153,0.32234060764312744,0.16504284739494324,0.14153103530406952
42.90599822998047,-23.753999710083008,0.824770987033844,4.883699417114258,0.0809980258345604,1.929107666015625,0.014773181639611721,0.21190401911735535
42.90599822998047,-23.753999710083008,1.1931527853012085,2.824500560760498,0.2272380143404007,0.34891244769096375,0.16348789632320404,0.3913818299770355
42.90599822998047,-23.753999710083008,1.1420457363128662,6.05061149597168,0.07256971299648285,0.04654436185956001,-0.13196846842765808,0.39671406149864197
42.90599822998047,-22.753999710083008,1.0165371894836426,3.049990177154541,0.2488965094089508,2.36167049407959,-0.058057695627212524,0.06382088363170624
42.90599822998047,-22.753999710083008,1.2543097734451294,2.7277305126190186,0.08969632536172867,0.028333304449915886,0.11101085692644119,0.5373206734657288
42.90599822998047,-22.753999710083008,1.1947693824768066,5.9460320472717285,0.08005616813898087,0.04431485757231712,-0.17355750501155853,0.3988584876060486
42.90599822998047,-21.753999710083008,0.8244200944900513,5.656913757324219,0.0717095136642456,2.016587495803833,0.08690717816352844,0.16977234184741974
42.90599822998047,-21.753999710083008,1.0197373628616333,3.076900005340576,0.08758164942264557,0.17514532804489136,-0.07819370180368423,0.4493688941001892
42.90599822998047,-21.753999710083008,1.0909883975982666,5.867985248565674,0.06858056038618088,0.04072943329811096,0.09474588185548782,0.38085877895355225
42.90599822998047,-20.753999710083008,0.9153522849082947,0.383291095495224,0.1173693910241127,1.5180824995040894,0.09245338290929794,0.10081301629543304
42.90599822998047,-20.753999710083008,0.9638949036598206,3.306947708129883,0.06266003102064133,0.15377627313137054,0.02701016142964363,0.5984732508659363
42.90599822998047,-20.753999710083008,1.0570788383483887,6.2602105140686035,0.059614431113004684,0.05521576479077339,0.003791929455474019,0.3007136881351471
42.90599822998047,-19.753999710083008,0.6161260604858398,1.459803581237793,0.026728885248303413,1.7929737567901611,0.05187569186091423,0.41693565249443054
42.90599822998047,-19.753999710083008,0.6511632204055786,3.2107112407684326,0.0848654955625534,0.9527294039726257,0.11080867052078247,0.5284969210624695
42.90599822998047,-19.753999710083008,0.7580257058143616,0.12955093383789062,0.05600511282682419,0.2950763404369354,-0.06355252116918564,0.054567378014326096
42.90599822998047,-18.753999710083008,0.6551079154014587,4.450655460357666,0.032278068363666534,1.5694971084594727,0.027689412236213684,0.26299595832824707
42.90599822998047,-18.753999710083008,0.8857678174972534,2.7078824043273926,0.15301266312599182,0.21317890286445618,0.08549428731203079,0.3051857054233551
42.90599822998047,-18.753999710083008,0.9357244968414307,6.053511142730713,0.05807797610759735,0.038815997540950775,-0.02608800120651722,0.43181830644607544
42.90599822998047,-17.753999710083008,0.5247529745101929,0.44202637672424316,0.02038569748401642,1.6932997703552246,0.15841306746006012,0.43375277519226074
42.90599822998047,-17.753999710083008,0.6775097250938416,2.2584595680236816,0.10842858999967575,0.7308723330497742,0.06756629794836044,0.40965452790260315
42.90599822998047,-17.753999710083008,0.8682485818862915,0.23953452706336975,0.08131203800439835,0.07874613255262375,-0.14766472578048706,0.15659259259700775
42.90599822998047,-16.753999710083008,0.7435016632080078,1.3468148708343506,0.08170967549085617,0.6754829287528992,0.19013044238090515,0.20884421467781067
42.90599822998047,-16.753999710083008,0.9425046443939209,1.7986267805099487,0.07463888078927994,0.09772423654794693,0.033639125525951385,0.5468980669975281
42.90599822998047,-16.753999710083008,0.9285482168197632,0.8282256126403809,0.17669716477394104,0.2773936688899994,-0.10512951016426086,0.24425770342350006
43.90599822998047,-27.753999710083008,0.8214901089668274,4.68467903137207,0.09482136368751526,0.22947445511817932,0.1506437212228775,0.07084301859140396
43.90599822998047,-27.753999710083008,0.431961327791214,0.5240836143493652,0.12288019061088562,7.9090142250061035,-0.19014297425746918,0.00012868053454440087
43.90599822998047,-27.753999710083008,0.4992784857749939,5.007528305053711,0.0053679319098591805,0.04749477282166481,-0.03731650486588478,0.9290282726287842
43.90599822998047,-26.753999710083008,0.5954523682594299,4.224366188049316,0.055313557386398315,0.9452354907989502,-0.04831230640411377,0.36015793681144714
43.90599822998047,-26.753999710083008,0.5061439275741577,0.7810653448104858,0.03694552555680275,0.7225512862205505,-0.05808171257376671,0.24546875059604645
43.90599822998047,-26.753999710083008,0.6190341114997864,4.2943806648254395,0.02601049281656742,0.6407017707824707,0.1441958248615265,0.3943732976913452
43.90599822998047,-25.753999710083008,0.7523645758628845,4.976019859313965,0.11320324242115021,1.137105941772461,-0.11057998239994049,0.10971891134977341
43.90599822998047,-25.753999710083008,0.5511863231658936,2.2656009197235107,0.02986392378807068,0.7769767642021179,-0.00882220920175314,0.2542533278465271
43.90599822998047,-25.753999710083008,0.6339138150215149,5.287676811218262,0.01465185359120369,0.8433172702789307,0.10432403534650803,0.6360277533531189
43.90599822998047,-24.753999710083008,0.7633543014526367,4.1704816818237305,0.047036346048116684,1.163454294204712,-0.03719475865364075,0.36009249091148376
43.90599822998047,-24.753999710083008,0.8579307198524475,2.474637269973755,0.14807358384132385,1.1249572038650513,-0.00745772710070014,0.45019111037254333
43.90599822998047,-24.753999710083008,1.1615829467773438,6.220271110534668,0.21572282910346985,0.21022488176822662,0.05331593379378319,0.1897164136171341
43.90599822998047,-23.753999710083008,0.8079721927642822,3.8208651542663574,0.09522975236177444,1.3070430755615234,0.06858934462070465,0.13651002943515778
43.90599822998047,-23.753999710083008,1.117843508720398,2.950868606567383,0.17258518934249878,0.4850992262363434,0.06982965022325516,0.40265920758247375
43.90599822998047,-23.753999710083008,1.1946930885314941,6.031648635864258,0.09432446956634521,0.04310416057705879,-0.21580569446086884,0.46083080768585205
43.90599822998047,-22.753999710083008,1.0013401508331299,2.576486587524414,0.20737402141094208,2.031177282333374,0.00987207517027855,0.08349410444498062
43.90599822998047,-22.753999710083008,1.1446727514266968,2.6817667484283447,0.07024212926626205,0.041998326778411865,0.10321205109357834,0.4061592221260071
43.90599822998047,-22.753999710083008,1.2160282135009766,6.007359027862549,0.060625940561294556,0.04337798058986664,-0.19085752964019775,0.5103466510772705
43.90599822998047,-21.753999710083008,0.7937824130058289,5.306878089904785,0.047682516276836395,1.5829530954360962,0.029552320018410683,0.18616673350334167
43.90599822998047,-21.753999710083008,1.0409119129180908,2.76589035987854,0.11966526508331299,0.2590353190898895,0.17617250978946686,0.32375451922416687
43.90599822998047,-21.753999710083008,1.093808889389038,5.996588230133057,0.06424325704574585,0.04478078708052635,-0.014416828751564026,0.49007871747016907
43.90599822998047,-20.753999710083008,0.9347357749938965,0.7511776685714722,0.06343769282102585,2.1500113010406494,0.09703436493873596,0.32841578125953674
43.90599822998047,-20.753999710083008,1.1028170585632324,3.53037691116333,0.0785452201962471,0.045388028025627136,0.10456834733486176,0.47823601961135864
43.90599822998047,-20.753999710083008,1.0462583303451538,0.169159397482872,0.050613582134246826,0.03321414440870285,0.04399757832288742,0.193348228931427
43.90599822998047,-19.753999710083008,0.9131262302398682,0.3114909529685974,0.0796157494187355,1.512873649597168,0.043202389031648636,0.36238187551498413
43.90599822998047,-19.753999710083008,0.809985876083374,3.0471630096435547,0.11709073185920715,1.5420373678207397,-0.012530699372291565,0.5482330918312073
43.90599822998047,-19.753999710083008,1.0259228944778442,0.2768971621990204,0.07452944666147232,0.08144636452198029,-0.23392614722251892,0.08938505500555038
43.90599822998047,-18.753999710083008,0.629561185836792,4.574514389038086,0.028819216415286064,1.3640642166137695,-0.05971961095929146,0.29158273339271545
43.90599822998047,-18.753999710083008,0.8593875765800476,2.449040412902832,0.1470593512058258,0.31827616691589355,0.1117287203669548,0.3140967786312103
43.90599822998047,-18.753999710083008,0.9547463655471802,5.974550247192383,0.07294037193059921,0.05140536278486252,-0.018630005419254303,0.39432045817375183
43.90599822998047,-17.753999710083008,0.6165305376052856,1.2221705913543701,0.023139992728829384,1.3624029159545898,-0.02712898515164852,0.5360045433044434
43.90599822998047,-17.753999710083008,0.6737841963768005,2.5007364749908447,0.15046460926532745,0.8907961249351501,0.1155950054526329,0.11206626892089844
43.90599822998047,-17.753999710083008,0.8678081035614014,0.22822630405426025,0.0848512351512909,0.07849819213151932,-0.03395242989063263,0.3519291877746582
43.90599822998047,-16.753999710083008,0.9548242092132568,0.6263159513473511,0.2535419464111328,2.731489419937134,0.18165743350982666,0.005566485226154327
43.90599822998047,-16.753999710083008,1.0195353031158447,2.1441917419433594,0.022522617131471634,0.06420779228210449,0.2656649947166443,0.9854545593261719
43.90599822998047,-16.753999710083008,1.0137184858322144,0.22692546248435974,0.0975564643740654,0.21637572348117828,-0.009945140220224857,0.00897893961519003
44.90599822998047,-27.753999710083008,0.7955411672592163,1.0875115394592285,0.09789612889289856,1.437516689300537,0.04384959489107132,0.02274259366095066
44.90599822998047,-27.753999710083008,0.5559690594673157,0.34329962730407715,0.11715397983789444,0.4348404109477997,0.2791596055030823,0.007619002368301153
44.90599822998047,-27.753999710083008,0.6588773727416992,5.595877170562744,0.02083597518503666,0.03775781765580177,0.05215166509151459,0.9696383476257324
44.90599822998047,-26.753999710083008,0.644300103187561,5.491030216217041,0.0794050469994545,0.8643585443496704,-0.014511543326079845,0.15169422328472137
44.90599822998047,-26.753999710083008,0.5103766322135925,1.4041810035705566,0.06845281273126602,1.3373788595199585,0.018474480137228966,0.025898534804582596
44.90599822998047,-26.753999710083008,0.5791468024253845,4.788876056671143,0.013401905074715614,0.15275564789772034,0.10414779931306839,0.8224072456359863
44.90599822998047,-25.753999710083008,0.8258652091026306,4.5282063484191895,0.13545794785022736,1.5454199314117432,0.10259843617677689,0.20436227321624756
44.90599822998047,-25.753999710083008,0.5247952342033386,1.6857926845550537,0.013189719058573246,1.0831400156021118,-0.10970927029848099,0.7099738717079163
44.90599822998047,-25.753999710083008,0.7041621804237366,5.8165130615234375,0.026986079290509224,1.8099253177642822,0.04732132703065872,0.08566386252641678
44.90599822998047,-24.753999710083008,0.7288385033607483,4.677094459533691,0.03429996222257614,1.5911602973937988,-0.08448085933923721,0.44722384214401245
44.90599822998047,-24.753999710083008,0.8804916143417358,2.781949758529663,0.1893187165260315,1.661156415939331,0.1304357498884201,0.2897690236568451
44.90599822998047,-24.753999710083008,1.1541860103607178,6.151785850524902,0.10431118309497833,0.06939366459846497,-0.11312185227870941,0.26300710439682007
44.90599822998047,-23.753999710083008,0.7684347033500671,4.557182312011719,0.08719543367624283,1.5870046615600586,0.042336829006671906,0.17345011234283447
44.90599822998047,-23.753999710083008,0.9844212532043457,2.8496134281158447,0.11545636504888535,0.2927863895893097,0.034172896295785904,0.44376707077026367
44.90599822998047,-23.753999710083008,1.1248189210891724,6.022955894470215,0.08385542780160904,0.0476713553071022,-0.14172394573688507,0.38278278708457947
44.90599822998047,-22.753999710083008,0.9688636660575867,3.682044267654419,0.16145341098308563,2.140981912612915,0.0010482210200279951,0.12186376750469208
44.90599822998047,-22.753999710083008,1.0522936582565308,2.611057996749878,0.06522165238857269,0.052967995405197144,0.0817742645740509,0.3297072947025299
44.90599822998047,-22.753999710083008,1.1222658157348633,6.013129234313965,0.05479508638381958,0.0485868938267231,-0.14412590861320496,0.5484289526939392
44.90599822998047,-21.753999710083008,0.8665754795074463,4.720034599304199,0.06236491724848747,1.7841622829437256,0.07205064594745636,0.16711309552192688
44.90599822998047,-21.753999710083008,0.9235812425613403,2.607184410095215,0.09704677015542984,0.5373765230178833,0.2168862223625183,0.43370574712753296
44.90599822998047,-21.753999710083008,1.0650255680084229,6.067564964294434,0.06824292987585068,0.06847860664129257,-0.06912196427583694,0.3991811275482178
44.90599822998047,-20.753999710083008,0.982003927230835,0.5749070048332214,0.04968369007110596,2.2235946655273438,0.14822141826152802,0.5599146485328674
44.90599822998047,-20.753999710083008,0.994556725025177,3.4682061672210693,0.07635964453220367,0.13238532841205597,0.29401853680610657,0.3504467308521271
44.90599822998047,-20.753999710083008,1.0517847537994385,0.2706669569015503,0.05814678221940994,0.03397678956389427,0.0027170844841748476,0.08963858336210251
44.90599822998047,-19.753999710083008,1.0707677602767944,5.265833377838135,0.22455589473247528,0.844660758972168,-0.021231304854154587,0.10385027527809143
44.90599822998047,-19.753999710083008,0.8272485733032227,2.3144500255584717,0.07591045647859573,1.8284177780151367,-0.08783680945634842,0.5988571047782898
44.90599822998047,-19.753999710083008,1.103700041770935,0.27089059352874756,0.09748715907335281,0.1397734135389328,-0.08279193192720413,0.29729264974594116
44.90599822998047,-18.753999710083008,0.6228125095367432,4.7248687744140625,0.04472605884075165,0.7496762871742249,-0.03297553211450577,0.1988622099161148
44.90599822998047,-18.753999710083008,0.7975018620491028,2.002246141433716,0.11270038038492203,0.6090342998504639,-0.12467817962169647,0.40271642804145813
44.90599822998047,-18.753999710083008,1.0676606893539429,6.097268104553223,0.1781725436449051,0.17430348694324493,0.09514857828617096,0.39842137694358826
44.90599822998047,-17.753999710083008,0.7596423625946045,1.1685189008712769,0.08000919222831726,1.2066234350204468,-0.04931703582406044,0.26417219638824463
44.90599822998047,-17.753999710083008,0.5746762752532959,2.103076934814453,0.08004467934370041,0.9162057638168335,0.10554411262273788,0.15297138690948486
44.90599822998047,-17.753999710083008,0.9263845682144165,0.2666461169719696,0.11121054738759995,0.11586097627878189,-0.09766186028718948,0.5828564167022705
44.90599822998047,-16.753999710083008,1.1322072744369507,5.577554225921631,0.5304021239280701,2.9920761585235596,0.13932013511657715,0.0031291842460632324
44.90599822998047,-16.753999710083008,1.055208683013916,2.4421706199645996,0.018682129681110382,0.08093241602182388,0.1401536613702774,0.9736180901527405
44.90599822998047,-16.753999710083008,1.163895845413208,6.024726390838623,0.09202300757169724,0.16595613956451416,0.1296718418598175,0.02325267717242241
45.90599822998047,-26.753999710083008,0.8349781036376953,5.177979469299316,0.173539400100708,1.6583421230316162,0.15449155867099762,0.011518674902617931
45.90599822998047,-26.753999710083008,0.6406552195549011,1.7166028022766113,0.16759271919727325,0.889406144618988,0.1311367005109787,0.013183537870645523
45.90599822998047,-26.753999710083008,0.5926494002342224,6.003874778747559,0.028713732957839966,0.08626106381416321,-0.06295131146907806,0.975297749042511
45.90599822998047,-25.753999710083008,0.8723028302192688,0.11780709773302078,0.12572000920772552,0.6489430069923401,0.01349705271422863,0.17588238418102264
45.90599822998047,-25.753999710083008,0.6237645149230957,1.3742420673370361,0.11720412969589233,3.790005683898926,-0.34504714608192444,0.014781751669943333
45.90599822998047,-25.753999710083008,0.6367384791374207,5.541135787963867,0.033715032041072845,1.3301340341567993,-0.19707123935222626,0.8093358278274536
45.90599822998047,-24.753999710083008,0.8225101232528687,5.592407703399658,0.0624052993953228,1.1136209964752197,-0.006538968533277512,0.2477400004863739
45.90599822998047,-24.753999710083008,0.8536263108253479,3.0660436153411865,0.12109605222940445,0.810885488986969,0.2195059210062027,0.1954764425754547
45.90599822998047,-24.753999710083008,0.960250198841095,6.168232440948486,0.041612956672906876,0.06097846478223801,0.00924287922680378,0.5567834973335266
45.90599822998047,-23.753999710083008,0.9881333112716675,6.0126237869262695,0.17900148034095764,2.43924880027771,0.014754494652152061,0.09496882557868958
45.90599822998047,-23.753999710083008,1.0164340734481812,2.6404385566711426,0.05178411304950714,0.046090204268693924,-0.04988417029380798,0.36868980526924133
45.90599822998047,-23.753999710083008,1.0083693265914917,6.009581565856934,0.041531700640916824,0.04928665980696678,-0.012219695374369621,0.5363413691520691
45.90599822998047,-22.753999710083008,0.900837242603302,4.505895614624023,0.13245326280593872,1.8774852752685547,0.013899843208491802,0.11736739426851273
45.90599822998047,-22.753999710083008,1.003733515739441,2.5209078788757324,0.06860070675611496,0.04363679513335228,-0.06403899192810059,0.3910517692565918
45.90599822998047,-22.753999710083008,1.0055592060089111,5.942518711090088,0.048862166702747345,0.04077060893177986,-0.06780197471380234,0.4915808439254761
45.90599822998047,-21.753999710083008,0.8097648024559021,5.052999973297119,0.04528072103857994,1.5992059707641602,0.05498289689421654,0.38624900579452515
45.90599822998047,-21.753999710083008,0.8300296664237976,2.046018362045288,0.06423764675855637,0.24623189866542816,-0.11444474011659622,0.4228069484233856
45.90599822998047,-21.753999710083008,0.964820921421051,5.953865051269531,0.09205862134695053,0.27323898673057556,-0.15996356308460236,0.19094409048557281
45.90599822998047,-20.753999710083008,0.8720983862876892,4.015349388122559,0.06941697746515274,1.2482681274414062,0.31351438164711,0.2783048748970032
45.90599822998047,-20.753999710083008,0.703215479850769,2.5478594303131104,0.03968718275427818,0.49514105916023254,-0.12490370869636536,0.5502196550369263
45.90599822998047,-20.753999710083008,0.9485477805137634,0.07836996018886566,0.15598070621490479,0.6053006649017334,-0.0149665717035532,0.17147547006607056
45.90599822998047,-19.753999710083008,0.9477055072784424,4.544515609741211,0.17676834762096405,0.9368161559104919,0.06073429808020592,0.11168064922094345
45.90599822998047,-19.753999710083008,0.8641278147697449,1.7763622999191284,0.07832881808280945,0.562896728515625,-0.005852906033396721,0.42855024337768555
45.90599822998047,-19.753999710083008,1.025110125541687,0.33376577496528625,0.11174192279577255,0.14251980185508728,0.1197534054517746,0.4597691297531128
45.90599822998047,-18.753999710083008,0.8998367190361023,1.1426151990890503,0.16691720485687256,0.4762474298477173,0.04573942348361015,0.3072105050086975
45.90599822998047,-18.753999710083008,0.6693466305732727,1.5692682266235352,0.07654096931219101,0.577560544013977,-0.05739612877368927,0.3458728790283203
45.90599822998047,-18.753999710083008,0.9481967687606812,0.13009165227413177,0.17149968445301056,0.3575059473514557,0.056624386459589005,0.34691670536994934
45.90599822998047,-17.753999710083008,1.0141432285308838,0.9038215279579163,0.4012296497821808,0.9809480905532837,0.04163995385169983,0.050581712275743484
45.90599822998047,-17.753999710083008,0.6739789247512817,1.2601368427276611,0.05617468059062958,0.24745026230812073,0.20301446318626404,0.7385314702987671
45.90599822998047,-17.753999710083008,1.0584663152694702,0.622287392616272,0.2522476613521576,0.06313314288854599,-0.03832509368658066,0.2108868956565857
46.90599822998047,-25.753999710083008,0.9134171009063721,1.0667967796325684,0.16087359189987183,0.3556075990200043,0.037518493831157684,0.2043653130531311
46.90599822998047,-25.753999710083008,0.5682455897331238,1.6935772895812988,0.1838921159505844,12.320720672607422,-0.1935097873210907,0.016574377194046974
46.90599822998047,-25.753999710083008,0.6470264792442322,5.739303112030029,0.0455036386847496,0.6136916875839233,-0.2903234660625458,0.7790603041648865
46.90599822998047,-24.753999710083008,1.1240425109863281,5.295576572418213,0.4529116153717041,1.1292959451675415,0.09287431836128235,0.07161542773246765
46.90599822998047,-24.753999710083008,0.7379330396652222,3.544856548309326,0.11054553836584091,0.9175883531570435,0.3069576323032379,0.08126303553581238
46.90599822998047,-24.753999710083008,0.8837644457817078,5.859708309173584,0.04400123655796051,0.21505731344223022,-0.053326867520809174,0.8471214771270752
46.90599822998047,-23.753999710083008,0.8732372522354126,5.443396091461182,0.07508046925067902,1.0573159456253052,-0.026784401386976242,0.20714643597602844
46.90599822998047,-23.753999710083008,0.8019066452980042,2.164788007736206,0.07876846194267273,0.17900051176548004,0.00870687048882246,0.10714097321033478
46.90599822998047,-23.753999710083008,0.9272305965423584,5.805206298828125,0.05163409933447838,0.12487462162971497,-0.02273143082857132,0.6857125163078308
46.90599822998047,-22.753999710083008,0.8914480209350586,4.475305080413818,0.12781628966331482,0.46311819553375244,0.011663786135613918,0.23192055523395538
46.90599822998047,-22.753999710083008,0.9744914770126343,1.8606672286987305,0.07848852127790451,0.03422190248966217,-0.12085510790348053,0.5055596828460693
46.90599822998047,-22.753999710083008,0.9179334044456482,5.495471954345703,0.06130591407418251,0.15858297049999237,-0.14003856480121613,0.26251980662345886
46.90599822998047,-21.753999710083008,0.752418041229248,5.1483235359191895,0.03653460368514061,0.981615424156189,-0.002571703400462866,0.27697962522506714
46.90599822998047,-21.753999710083008,1.0457018613815308,1.4982391595840454,0.08057532459497452,0.029851138591766357,-0.11817309260368347,0.6609250903129578
46.90599822998047,-21.753999710083008,0.8874149918556213,5.1091156005859375,0.13268564641475677,0.3145035207271576,-0.007011166773736477,0.06209530308842659
46.90599822998047,-20.753999710083008,0.7946920394897461,5.873256683349609,0.037957653403282166,0.868569552898407,0.01260551530867815,0.3021607995033264
46.90599822998047,-20.753999710083008,1.0527993440628052,1.3673388957977295,0.10213560611009598,0.06994971632957458,-0.12118171900510788,0.6858214735984802
46.90599822998047,-20.753999710083008,0.9944248199462891,6.267678737640381,0.2449096143245697,0.41883546113967896,0.012478831224143505,0.012017765082418919
46.90599822998047,-19.753999710083008,0.8059925436973572,0.22602806985378265,0.11801007390022278,0.890998363494873,0.1465558558702469,0.27406761050224304
46.90599822998047,-19.753999710083008,0.9166528582572937,1.4794546365737915,0.10792725533246994,0.12522879242897034,-0.057605404406785965,0.6451348662376404
46.90599822998047,-19.753999710083008,0.9195293188095093,0.2537412643432617,0.1327809989452362,0.10741161555051804,0.017408844083547592,0.08079749345779419
46.90599822998047,-18.753999710083008,1.1991240978240967,1.4295543432235718,0.9799954891204834,0.5066924095153809,0.14053604006767273,0.04653982073068619
46.90599822998047,-18.753999710083008,0.882332980632782,0.9567921757698059,0.08380226045846939,0.13660414516925812,0.16915301978588104,0.9010035395622253
46.90599822998047,-18.753999710083008,0.9999540448188782,0.07897470891475677,0.2959147095680237,0.2842697203159332,0.15101751685142517,0.052456650882959366
46.90599822998047,-17.753999710083008,1.153741717338562,6.103788375854492,0.7688983082771301,0.49254506826400757,0.12761390209197998,0.01641722396016121
46.90599822998047,-17.753999710083008,1.2517364025115967,0.6549267172813416,0.08496619760990143,0.05408341437578201,0.2827231287956238,0.8260442018508911
46.90599822998047,-17.753999710083008,1.2330652475357056,0.29967716336250305,0.1878259927034378,0.048974014818668365,0.23652486503124237,0.15753863751888275
47.90599822998047,-25.753999710083008,0.7827589511871338,5.484461307525635,0.04191846773028374,0.543100893497467,0.0008515491499565542,0.9395445585250854
47.90599822998047,-25.753999710083008,0.8508670330047607,2.3187174797058105,0.05129497870802879,0.08197441697120667,0.14812268316745758,0.04998328536748886
47.90599822998047,-25.753999710083008,1.0443974733352661,5.7005133628845215,0.07421325892210007,0.04003189131617546,0.05404156818985939,0.010472068563103676
47.90599822998047,-24.753999710083008,0.8876092433929443,5.6275739669799805,0.1939173936843872,0.7832502126693726,0.02354024350643158,0.03280339017510414
47.90599822998047,-24.753999710083008,0.752037763595581,2.716736316680908,0.16211092472076416,0.7627474069595337,0.031572870910167694,0.01270577684044838
47.90599822998047,-24.753999710083008,0.88585364818573,5.923203468322754,0.04811026155948639,0.06143000349402428,-0.1617041528224945,0.9544909000396729
47.90599822998047,-23.753999710083008,0.9302293658256531,0.30607616901397705,0.03633599728345871,0.2744138836860657,-0.18563945591449738,0.29861196875572205
47.90599822998047,-23.753999710083008,0.9253626465797424,1.556701898574829,0.34090542793273926,1.6968543529510498,0.2618395984172821,0.00502986554056406
47.90599822998047,-23.753999710083008,0.8204672336578369,6.177630424499512,0.06818930804729462,0.14076970517635345,-0.3170761168003082,0.6963582038879395
47.90599822998047,-22.753999710083008,0.802851140499115,5.179556369781494,0.08749065548181534,0.5448722839355469,0.003633250016719103,0.3291971981525421
47.90599822998047,-22.753999710083008,0.8363585472106934,1.2660921812057495,0.1827707141637802,0.26492443680763245,0.08016975224018097,0.016269724816083908
47.90599822998047,-22.753999710083008,0.786948561668396,5.773400783538818,0.05093635618686676,0.08084270358085632,-0.17563338577747345,0.6545330286026001
47.90599822998047,-21.753999710083008,0.5837016701698303,5.970485210418701,0.014423266984522343,0.09071141481399536,-0.02548287995159626,0.4533874988555908
47.90599822998047,-21.753999710083008,1.0769953727722168,0.4871829152107239,0.33688679337501526,0.13083809614181519,0.0655355229973793,0.5008973479270935
47.90599822998047,-21.753999710083008,0.6899716854095459,5.617887020111084,0.3244357407093048,0.7808916568756104,-0.15062515437602997,0.0457150861620903
47.90599822998047,-20.753999710083008,0.6386078000068665,6.268332004547119,0.056315310299396515,0.4162469804286957,0.1498899906873703,0.06713851541280746
47.90599822998047,-20.753999710083008,0.7425940632820129,0.808638870716095,0.052522800862789154,0.08291538059711456,0.2672215402126312,0.932117760181427
47.90599822998047,-20.753999710083008,0.516223669052124,0.28730252385139465,0.3058758080005646,1.0917565822601318,0.0014026887947693467,0.0007437009480781853
47.90599822998047,-19.753999710083008,0.9922192096710205,3.9434754848480225,0.16950275003910065,0.7567938566207886,0.12779074907302856,0.006010584998875856
47.90599822998047,-19.753999710083008,0.9431374669075012,0.5176959037780762,0.03775441646575928,0.10331890732049942,0.5470675826072693,0.9929399490356445
47.90599822998047,-19.753999710083008,0.8147050142288208,2.5567917823791504,0.29293060302734375,0.1541445106267929,-0.08242380619049072,0.001049400307238102
47.90599822998047,-18.753999710083008,1.4196945428848267,4.186850547790527,0.2975125014781952,0.3705051839351654,0.12894220650196075,0.006687215995043516
47.90599822998047,-18.753999710083008,1.3690533638000488,0.20293036103248596,0.0703311637043953,0.28670382499694824,0.6068173050880432,0.9911730885505676
47.90599822998047,-18.753999710083008,1.4847514629364014,1.0820897817611694,0.350202351808548,0.12447447329759598,0.05647386983036995,0.0021396896336227655
