x,y,mean_speed,mean_motion_angle,var_speed,var_motion_angle,coef,weight
-41.09400177001953,-2.753999948501587,1.3362782001495361,2.0330681800842285,1.6660759449005127,2.7561216354370117,-0.0008967866306193173,0.018687954172492027
-41.09400177001953,-2.753999948501587,1.4818987846374512,3.0455398559570312,0.2211204469203949,0.057375188916921616,-0.3299567997455597,0.9802149534225464
-41.09400177001953,-2.753999948501587,1.182271957397461,0.3196539282798767,0.4169163405895233,0.5844020843505859,0.128256157040596,0.0010971579467877746
-41.09400177001953,-1.753999948501587,0.5171338319778442,0.18996092677116394,0.06027545779943466,2.7346889972686768,0.012019154615700245,0.016027724370360374
-41.09400177001953,-1.753999948501587,1.1378909349441528,2.629145622253418,0.08861017227172852,0.02510390244424343,-0.12500829994678497,0.9838563203811646
-41.09400177001953,-1.753999948501587,0.8799839615821838,5.540352821350098,0.19241833686828613,0.7574467062950134,0.07561781257390976,0.00011597148841246963
-40.09400177001953,-3.753999948501587,0.21259059011936188,5.918371677398682,0.0029103795532137156,4.89368200302124,0.08456864953041077,0.2131611704826355
-40.09400177001953,-3.753999948501587,0.9875302314758301,3.9398927688598633,0.07572432607412338,0.06724578887224197,-0.5370603799819946,0.7868242859840393
-40.09400177001953,-3.753999948501587,0.8105670213699341,4.209746360778809,0.17804238200187683,0.09327133744955063,0.4781661331653595,1.4517645468004048e-05
-40.09400177001953,-2.753999948501587,1.0346088409423828,4.283269882202148,1.4133849143981934,3.079617738723755,0.12038664519786835,0.013237603940069675
-40.09400177001953,-2.753999948501587,1.0944792032241821,2.9982595443725586,0.09542498737573624,0.07478687167167664,-0.12521350383758545,0.9857614040374756
-40.09400177001953,-2.753999948501587,0.8714425563812256,6.024399280548096,0.14230121672153473,0.6281800270080566,-0.1471075415611267,0.0010009482502937317
-40.09400177001953,-1.753999948501587,0.6989454030990601,3.2664687633514404,0.057437244802713394,1.8193315267562866,-0.018709108233451843,0.2777780294418335
-40.09400177001953,-1.753999948501587,1.211687445640564,2.3228261470794678,0.21039673686027527,0.028263891115784645,0.09766735136508942,0.7108907699584961
-40.09400177001953,-1.753999948501587,0.8934856653213501,5.44935417175293,0.1040339320898056,0.06698241084814072,0.024356521666049957,0.011331123299896717
-39.09400177001953,-3.753999948501587,0.39121901988983154,5.381529808044434,0.013379321433603764,4.697187423706055,0.096505306661129,0.0062842355109751225
-39.09400177001953,-3.753999948501587,0.8750947713851929,3.6363039016723633,0.03647511452436447,0.03972349688410759,-0.42359209060668945,0.9937114715576172
-39.09400177001953,-3.753999948501587,0.9079577326774597,4.893876075744629,0.2838071882724762,0.34359613060951233,0.34538811445236206,4.247380275046453e-06
-39.09400177001953,-2.753999948501587,1.1949760913848877,5.258467674255371,3.3744828701019287,3.283374309539795,0.12450079619884491,0.0086204269900918
-39.09400177001953,-2.753999948501587,1.1321829557418823,2.972965955734253,0.10150359570980072,0.08663229644298553,-0.0338323675096035,0.9870878458023071
-39.09400177001953,-2.753999948501587,0.9467372894287109,5.981736183166504,0.12124711275100708,0.26503506302833557,-0.1525670289993286,0.004291831515729427
-39.09400177001953,-1.753999948501587,0.9097225666046143,6.208059310913086,0.09265033900737762,0.9461801648139954,0.22724388539791107,0.1797630786895752
-39.09400177001953,-1.753999948501587,1.0333393812179565,1.9602642059326172,0.2493620663881302,0.16975240409374237,0.01139048021286726,0.8072912693023682
-39.09400177001953,-1.753999948501587,0.8142456412315369,5.596578121185303,0.1466369777917862,0.5676433444023132,0.19656547904014587,0.012945682741701603
-38.09400177001953,-4.754000186920166,0.3207125663757324,5.1026177406311035,0.0171759482473135,0.6022546291351318,-0.045613035559654236,0.05205051228404045
-38.09400177001953,-4.754000186920166,0.7748150825500488,3.622990608215332,0.20977678894996643,0.06163797527551651,0.24350884556770325,0.9479489922523499
-38.09400177001953,-4.754000186920166,0.613982617855072,5.612880229949951,0.6100658178329468,11.281996726989746,0.4214378297328949,5.460973966364691e-07
-38.09400177001953,-3.753999948501587,0.6067193150520325,5.931674957275391,0.033957481384277344,1.415909767150879,0.0610530823469162,0.05772564560174942
-38.09400177001953,-3.753999948501587,0.8655694127082825,2.989961624145508,0.06261087208986282,0.10608945786952972,-0.02315356954932213,0.9406644701957703
-38.09400177001953,-3.753999948501587,0.8728187680244446,6.160087585449219,0.1438179761171341,0.7125290632247925,-0.043530046939849854,0.00160977675113827
-38.09400177001953,-2.753999948501587,1.1191821098327637,1.077835202217102,1.0483574867248535,2.719095230102539,0.13331809639930725,0.02811269648373127
-38.09400177001953,-2.753999948501587,1.0874073505401611,3.058518886566162,0.08686240762472153,0.08632494509220123,0.11971557885408401,0.9637349247932434
-38.09400177001953,-2.753999948501587,1.0605354309082031,5.906789302825928,0.13971024751663208,0.12082032114267349,-0.06264781951904297,0.008152380585670471
-38.09400177001953,-1.753999948501587,1.2014179229736328,0.42688849568367004,0.15748116374015808,0.6935802102088928,0.20249350368976593,0.41213274002075195
-38.09400177001953,-1.753999948501587,0.9885743856430054,1.2604557275772095,0.31688231229782104,3.013591766357422,-0.4301782250404358,0.5770349502563477
-38.09400177001953,-1.753999948501587,0.8100781440734863,5.3339385986328125,0.07942067086696625,5.618935585021973,0.3631633222103119,0.010832305997610092
-37.09400177001953,-4.754000186920166,0.6322097778320312,5.07560920715332,0.05565134808421135,0.7184268832206726,-0.14437811076641083,0.03464054316282272
-37.09400177001953,-4.754000186920166,0.7188583016395569,3.778682231903076,0.10789813101291656,0.08748896420001984,-0.05973134934902191,0.9653394818305969
-37.09400177001953,-4.754000186920166,0.5938519239425659,4.023125648498535,0.19238385558128357,2.458728313446045,0.49512916803359985,2.007812145166099e-05
-37.09400177001953,-3.753999948501587,0.8939447402954102,1.2285149097442627,0.14743462204933167,2.29499888420105,0.054178472608327866,0.019434690475463867
-37.09400177001953,-3.753999948501587,1.043931245803833,3.239201307296753,0.06838072091341019,0.06643492728471756,0.12057339400053024,0.9478627443313599
-37.09400177001953,-3.753999948501587,1.0242033004760742,6.281924247741699,0.08367446810007095,0.1266440600156784,0.004017220810055733,0.032702650874853134
-37.09400177001953,-2.753999948501587,1.103684663772583,0.9967731833457947,0.5497855544090271,2.6966700553894043,0.1329745501279831,0.08497295528650284
-37.09400177001953,-2.753999948501587,1.0743435621261597,3.3205037117004395,0.07558091729879379,0.10335776209831238,0.02992442063987255,0.7982560396194458
-37.09400177001953,-2.753999948501587,1.0696762800216675,0.047587648034095764,0.08755546808242798,0.061981722712516785,-0.12670451402664185,0.11677098274230957
-37.09400177001953,-1.753999948501587,1.1344923973083496,2.0562939643859863,0.30940577387809753,1.1996480226516724,0.10399699211120605,0.3179284930229187
-37.09400177001953,-1.753999948501587,0.9968149662017822,2.9063026905059814,0.19022828340530396,0.3180832266807556,-0.10270235687494278,0.6601961255073547
-37.09400177001953,-1.753999948501587,0.9164380431175232,0.2430877983570099,0.12022881209850311,0.652263879776001,0.3255135715007782,0.021875418722629547
-37.09400177001953,0.2460000067949295,0.70967698097229,4.201199531555176,0.03270037844777107,0.9290997385978699,0.1380586177110672,0.8929898142814636
-37.09400177001953,0.2460000067949295,0.7427201271057129,2.781693458557129,0.06711684912443161,0.31397151947021484,-0.07237072288990021,0.10489588975906372
-37.09400177001953,0.2460000067949295,0.9242153763771057,0.6048781275749207,0.40713953971862793,0.9003238677978516,-0.09775035828351974,0.0021142077166587114
-37.09400177001953,1.246000051498413,0.7424952983856201,6.0254106521606445,0.10881998389959335,2.8585128784179688,0.12870806455612183,0.0003364231379237026
-37.09400177001953,1.246000051498413,0.6780266165733337,2.7854201793670654,0.021304694935679436,0.11788122355937958,0.0665300190448761,0.9994613528251648
-37.09400177001953,1.246000051498413,0.6391739249229431,6.192760944366455,0.1976011097431183,4.450850963592529,0.1482010781764984,0.00020214775577187538
-36.09400177001953,-4.754000186920166,0.7995699644088745,3.8933911323547363,0.1746222972869873,1.1280838251113892,0.18966351449489594,0.006531839724630117
-36.09400177001953,-4.754000186920166,0.6891575455665588,3.5770668983459473,0.08061602711677551,0.48963773250579834,-0.3561052978038788,0.4250852167606354
-36.09400177001953,-4.754000186920166,0.5942865014076233,4.217476844787598,0.01662188023328781,0.08374090492725372,0.24355250597000122,0.5683830380439758
-36.09400177001953,-3.753999948501587,0.6987649202346802,1.065137505531311,0.03339647874236107,2.0378127098083496,-0.009642909280955791,0.17961929738521576
-36.09400177001953,-3.753999948501587,1.0025177001953125,3.329606056213379,0.08448128402233124,0.07537206262350082,0.1629747450351715,0.4485867917537689
-36.09400177001953,-3.753999948501587,1.0393010377883911,0.06430082023143768,0.060094598680734634,0.059067502617836,0.04538701847195625,0.3717938959598541
-36.09400177001953,-2.753999948501587,1.0268497467041016,1.268734335899353,0.31018874049186707,2.3308660984039307,0.11171919107437134,0.05564505234360695
-36.09400177001953,-2.753999948501587,1.0470293760299683,3.420182704925537,0.07000802457332611,0.10847590863704681,-0.09441716969013214,0.6409662365913391
-36.09400177001953,-2.753999948501587,1.0185484886169434,0.2495676577091217,0.06731948256492615,0.06941825151443481,-0.1254073828458786,0.30338868498802185
-36.09400177001953,-1.753999948501587,0.7179248929023743,1.0524368286132812,0.07119584083557129,1.742799162864685,0.02021849900484085,0.11351457983255386
-36.09400177001953,-1.753999948501587,1.1361823081970215,3.870147466659546,0.10348770767450333,0.031001074239611626,-0.054782282561063766,0.26895618438720703
-36.09400177001953,-1.753999948501587,1.2226742506027222,0.5272161960601807,0.08790414780378342,0.044264983385801315,-0.008110214956104755,0.6175292730331421
-36.09400177001953,-0.7540000081062317,1.0373965501785278,1.280361294746399,0.0869888886809349,0.9638714790344238,0.1082647517323494,0.9183095693588257
-36.09400177001953,-0.7540000081062317,1.1137579679489136,3.322990655899048,0.25786882638931274,1.1201226711273193,-0.255831241607666,0.05402444303035736
-36.09400177001953,-0.7540000081062317,1.203326940536499,0.888147234916687,0.1575133353471756,0.18956074118614197,-0.027858205139636993,0.02766610123217106
-36.09400177001953,0.2460000067949295,0.6585979461669922,6.092564105987549,0.04072009399533272,0.5344502329826355,-0.1316605657339096,0.2627899944782257
-36.09400177001953,0.2460000067949295,0.689371645450592,1.684691309928894,0.05194881185889244,0.34004512429237366,-0.0028924383223056793,0.7357962131500244
-36.09400177001953,0.2460000067949295,0.9339253306388855,1.479491949081421,1.0591192245483398,3.5522403717041016,0.11722013354301453,0.0014137757243588567
-36.09400177001953,1.246000051498413,0.8773537874221802,0.7065737247467041,0.08854721486568451,2.476006507873535,0.06245552748441696,0.03003481961786747
-36.09400177001953,1.246000051498413,0.8650780916213989,3.1483826637268066,0.09404618293046951,0.2479061484336853,0.1906716227531433,0.2015923708677292
-36.09400177001953,1.246000051498413,0.7480045557022095,0.7997422218322754,0.05609194561839104,0.04002850502729416,-0.01053637359291315,0.7683727145195007
-35.09400177001953,-4.754000186920166,0.7044284343719482,5.086795806884766,0.024559684097766876,0.3902035057544708,-0.0015969851519912481,0.17324183881282806
-35.09400177001953,-4.754000186920166,0.7535563111305237,3.0046963691711426,0.1567206233739853,1.1371976137161255,0.06494169682264328,0.00654411967843771
-35.09400177001953,-4.754000186920166,0.8472343683242798,6.020040512084961,0.024404926225543022,0.04986448585987091,0.12684214115142822,0.820214033126831
-35.09400177001953,-3.753999948501587,0.6874648332595825,0.1875608265399933,0.034428633749485016,2.2022862434387207,0.019129255786538124,0.15590275824069977
-35.09400177001953,-3.753999948501587,1.06492018699646,3.508070230484009,0.10776002705097198,0.06603673845529556,0.21149252355098724,0.4097960591316223
-35.09400177001953,-3.753999948501587,1.1106903553009033,0.14308753609657288,0.07219871133565903,0.0724072977900505,0.03869136795401573,0.4343012273311615
-35.09400177001953,-2.753999948501587,0.9644778370857239,2.3915207386016846,0.19011999666690826,1.767587661743164,0.0648229792714119,0.09124786406755447
-35.09400177001953,-2.753999948501587,1.0688406229019165,3.597747325897217,0.06404709815979004,0.05806781351566315,-0.12555436789989471,0.5507906675338745
-35.09400177001953,-2.753999948501587,1.085770845413208,0.32344797253608704,0.06869789958000183,0.05767250806093216,-0.0865030586719513,0.3579614460468292
-35.09400177001953,-1.753999948501587,0.7194567918777466,0.566865861415863,0.06377460807561874,1.8625385761260986,0.011599626392126083,0.1237993910908699
-35.09400177001953,-1.753999948501587,1.0759333372116089,3.8339807987213135,0.0796423852443695,0.03479873016476631,-0.052627041935920715,0.22624653577804565
-35.09400177001953,-1.753999948501587,1.1636866331100464,0.5047484636306763,0.07016085088253021,0.039056699723005295,-0.11765969544649124,0.649954080581665
-35.09400177001953,-0.7540000081062317,0.6978307962417603,2.2788491249084473,0.038042183965444565,1.5064078569412231,0.024512678384780884,0.25742781162261963
-35.09400177001953,-0.7540000081062317,0.9678595662117004,3.8612775802612305,0.10163331776857376,0.04970185458660126,-0.18579736351966858,0.20530030131340027
-35.09400177001953,-0.7540000081062317,1.1430680751800537,0.8659014701843262,0.10460503399372101,0.055171772837638855,0.10317908972501755,0.5372718572616577
-35.09400177001953,0.2460000067949295,0.8677082061767578,1.2117823362350464,0.13655100762844086,0.8356873989105225,-0.2083120495080948,0.14949332177639008
-35.09400177001953,0.2460000067949295,0.7045542597770691,1.7637823820114136,0.033117081969976425,0.4087740480899811,0.13929595053195953,0.8423359394073486
-35.09400177001953,0.2460000067949295,0.8421768546104431,1.795912504196167,0.43708765506744385,1.9381651878356934,0.15812817215919495,0.008170710876584053
-34.09400177001953,-4.754000186920166,0.6983832120895386,4.680202484130859,0.029808154329657555,0.8014487028121948,0.029217667877674103,0.8611448407173157
-34.09400177001953,-4.754000186920166,0.7965914011001587,2.4299700260162354,0.13873939216136932,0.25203847885131836,0.11514947563409805,0.06232251971960068
-34.09400177001953,-4.754000186920166,0.662213921546936,5.370298385620117,0.027663083747029305,0.17955228686332703,0.21374036371707916,0.07653262466192245
-34.09400177001953,-3.753999948501587,0.7378921508789062,3.8095226287841797,0.035050127655267715,1.7054075002670288,0.083982452750206,0.5879984498023987
-34.09400177001953,-3.753999948501587,0.95997154712677,3.4979186058044434,0.12203406542539597,0.16867835819721222,0.1764700710773468,0.2684957683086395
-34.09400177001953,-3.753999948501587,1.1305490732192993,0.18020954728126526,0.1427798867225647,0.14952537417411804,-0.03394721448421478,0.14350582659244537
-34.09400177001953,-2.753999948501587,0.7697612643241882,3.6845123767852783,0.06242095306515694,1.7504582405090332,0.024269768968224525,0.17188727855682373
-34.09400177001953,-2.753999948501587,1.1280416250228882,3.7386698722839355,0.06638725101947784,0.03537128120660782,-0.09364365041255951,0.5114927887916565
-34.09400177001953,-2.753999948501587,1.0684916973114014,0.4007856249809265,0.07084249705076218,0.059642694890499115,0.08711536973714828,0.3166199326515198
-34.09400177001953,-1.753999948501587,0.9524638652801514,0.15454238653182983,0.2233157753944397,2.5185012817382812,0.08546803146600723,0.12002325057983398
-34.09400177001953,-1.753999948501587,1.11865234375,3.7178728580474854,0.0819125697016716,0.03812750056385994,-0.10193780809640884,0.3397550582885742
-34.09400177001953,-1.753999948501587,1.1036311388015747,0.43849533796310425,0.05843602120876312,0.03604596480727196,-0.10758286714553833,0.5402216911315918
-34.09400177001953,-0.7540000081062317,0.6709221601486206,1.1633645296096802,0.03941311687231064,2.024055004119873,0.07220812141895294,0.09771917015314102
-34.09400177001953,-0.7540000081062317,1.0446869134902954,3.900167942047119,0.09123721718788147,0.019751492887735367,-0.16667333245277405,0.16084367036819458
-34.09400177001953,-0.7540000081062317,1.1396186351776123,0.6684037446975708,0.08241556584835052,0.03307320550084114,0.002993257250636816,0.7414371371269226
-34.09400177001953,0.2460000067949295,0.5959124565124512,1.8673691749572754,0.04671868681907654,1.420444130897522,-0.02886691689491272,0.42657309770584106
-34.09400177001953,0.2460000067949295,0.5633166432380676,3.3928961753845215,0.018702317029237747,0.3068864047527313,0.041504159569740295,0.509734570980072
-34.09400177001953,0.2460000067949295,0.6424404978752136,1.2282270193099976,0.04297246038913727,0.6803122162818909,0.03799988701939583,0.06369226425886154
-34.09400177001953,1.246000051498413,0.704663872718811,2.2992069721221924,0.1489734649658203,1.5147889852523804,-0.010493814013898373,0.022244349122047424
-34.09400177001953,1.246000051498413,0.6916571855545044,2.8303396701812744,0.021869175136089325,0.24414491653442383,0.2654792368412018,0.7246865034103394
-34.09400177001953,1.246000051498413,0.6299750804901123,2.2779340744018555,0.028009874746203423,0.2035338580608368,-0.07734790444374084,0.2530691623687744
-33.09400177001953,-5.754000186920166,0.6707208156585693,0.08554619550704956,0.016049038618803024,3.6550068855285645,-0.10271471738815308,0.004767062608152628
-33.09400177001953,-5.754000186920166,0.6523576974868774,3.267719268798828,0.040015965700149536,0.34672120213508606,0.4235474467277527,0.16420774161815643
-33.09400177001953,-5.754000186920166,0.6764877438545227,4.28497314453125,0.06766138225793839,0.11634548008441925,0.0146165881305933,0.8310251235961914
-33.09400177001953,-4.754000186920166,0.7442018985748291,2.6436080932617188,0.10070278495550156,1.1263079643249512,0.20567232370376587,0.34520530700683594
-33.09400177001953,-4.754000186920166,0.6807503700256348,2.2235796451568604,0.03556269034743309,0.2018752098083496,-0.04761170968413353,0.27337804436683655
-33.09400177001953,-4.754000186920166,0.6021021008491516,4.46610689163208,0.013603558763861656,0.4018297493457794,0.2872154414653778,0.3814166188240051
-33.09400177001953,-3.753999948501587,0.8788069486618042,3.7883355617523193,0.06923314929008484,1.2648855447769165,0.09486357867717743,0.7056540250778198
-33.09400177001953,-3.753999948501587,0.917927622795105,3.592252731323242,0.07956983149051666,0.2267289161682129,0.14504197239875793,0.21435631811618805
-33.09400177001953,-3.753999948501587,1.1114650964736938,0.1468024104833603,0.1474124789237976,0.37307390570640564,-0.14640101790428162,0.0799897164106369
-33.09400177001953,-2.753999948501587,0.7254306077957153,3.197371482849121,0.050819747149944305,1.961281180381775,0.04249630868434906,0.1547473967075348
-33.09400177001953,-2.753999948501587,1.127152919769287,3.6145129203796387,0.07403738051652908,0.026417717337608337,0.02280108630657196,0.4186507761478424
-33.09400177001953,-2.753999948501587,0.9626717567443848,0.29979389905929565,0.06537805497646332,0.0776064544916153,0.2652360200881958,0.4266018271446228
-33.09400177001953,-1.753999948501587,1.13824462890625,0.6041330695152283,0.4367048144340515,2.5965466499328613,0.10790709406137466,0.13335393369197845
-33.09400177001953,-1.753999948501587,1.1691694259643555,3.627105474472046,0.06187048926949501,0.02440844103693962,-0.009794916026294231,0.5339434146881104
-33.09400177001953,-1.753999948501587,1.132056474685669,0.4044440984725952,0.05397029221057892,0.03103962168097496,-0.08718963712453842,0.3327025771141052
-33.09400177001953,-0.7540000081062317,0.6567286849021912,0.3982538878917694,0.018094273284077644,1.561407446861267,0.08936502039432526,0.5350556969642639
-33.09400177001953,-0.7540000081062317,0.9971181750297546,3.7856955528259277,0.08711231499910355,0.07656098902225494,-0.009949185885488987,0.1370190680027008
-33.09400177001953,-0.7540000081062317,1.0886870622634888,0.6473399996757507,0.06741678714752197,0.05553486943244934,-0.10049271583557129,0.32792526483535767
-33.09400177001953,0.2460000067949295,0.5497149229049683,3.9308204650878906,0.013030187226831913,1.5067448616027832,-0.09753122925758362,0.7886889576911926
-33.09400177001953,0.2460000067949295,1.1670103073120117,3.722381353378296,0.25435006618499756,0.025001393631100655,-0.05158486217260361,0.052066218107938766
-33.09400177001953,0.2460000067949295,1.029420018196106,0.6915852427482605,0.09720046073198318,0.04032637178897858,-0.020275620743632317,0.15924471616744995
-33.09400177001953,1.246000051498413,0.40155428647994995,2.07845401763916,0.019517378881573677,0.9320120215415955,-0.00022022746270522475,0.18600809574127197
-33.09400177001953,1.246000051498413,0.5844569802284241,2.895188331604004,0.039134662598371506,0.37321871519088745,-0.032498739659786224,0.020159538835287094
-33.09400177001953,1.246000051498413,0.724159836769104,0.939348042011261,0.01437409408390522,0.09549469500780106,0.021526480093598366,0.7938323020935059
-33.09400177001953,2.246000051498413,0.7015646696090698,1.1733620166778564,0.047505658119916916,1.7349209785461426,0.2580268085002899,0.24386551976203918
-33.09400177001953,2.246000051498413,0.6883208751678467,3.600172519683838,0.07269212603569031,2.3407375812530518,0.09398866444826126,0.17949451506137848
-33.09400177001953,2.246000051498413,0.8588681817054749,0.3010018765926361,0.0526113323867321,0.15429449081420898,0.14148251712322235,0.5766398906707764
-32.09400177001953,-6.754000186920166,0.7980620861053467,4.11773157119751,0.018465302884578705,0.37790563702583313,-0.2505461275577545,0.1174064353108406
-32.09400177001953,-6.754000186920166,0.8199580907821655,1.790055513381958,0.0578349232673645,0.881800651550293,0.05265543609857559,0.0014938450185582042
-32.09400177001953,-6.754000186920166,0.710685133934021,4.545405864715576,0.006114521063864231,0.062301769852638245,-0.13272251188755035,0.8810997605323792
-32.09400177001953,-5.754000186920166,0.5520527362823486,4.185023307800293,0.01954793371260166,1.0358028411865234,-0.024028275161981583,0.14471754431724548
-32.09400177001953,-5.754000186920166,0.764067530632019,3.3828938007354736,0.11887740343809128,0.385846346616745,0.09968124330043793,0.23623967170715332
-32.09400177001953,-5.754000186920166,0.9551628232002258,5.0033745765686035,0.10758563876152039,0.09604481607675552,-0.08660806715488434,0.6190428137779236
-32.09400177001953,-4.754000186920166,0.7628920674324036,4.653724193572998,0.06836184114217758,1.5993326902389526,0.2648312747478485,0.4279704689979553
-32.09400177001953,-4.754000186920166,0.7717639803886414,2.490461587905884,0.0878233090043068,0.2438991665840149,-0.013905863277614117,0.18183870613574982
-32.09400177001953,-4.754000186920166,0.8268625140190125,5.483044624328613,0.056834518909454346,0.11517710983753204,0.10077852755784988,0.39019086956977844
-32.09400177001953,-3.753999948501587,0.9342774748802185,6.025147914886475,0.1473979502916336,1.6389796733856201,0.08039028942584991,0.46372807025909424
-32.09400177001953,-3.753999948501587,0.9843922853469849,3.948854923248291,0.07153363525867462,0.07895678281784058,-0.02831278368830681,0.5216765403747559
-32.09400177001953,-3.753999948501587,0.9434237480163574,0.24152466654777527,0.09615740925073624,0.08089748024940491,-0.01897972635924816,0.014595395885407925
-32.09400177001953,-2.753999948501587,0.7539093494415283,3.4044501781463623,0.03343486785888672,1.9261189699172974,0.0003937975561711937,0.5414842367172241
-32.09400177001953,-2.753999948501587,1.1848127841949463,3.648371458053589,0.08330321311950684,0.016434771940112114,0.0037552155554294586,0.3270297348499298
-32.09400177001953,-2.753999948501587,1.061253309249878,0.40818455815315247,0.08225667476654053,0.05456747114658356,0.18882745504379272,0.13148605823516846
-32.09400177001953,-1.753999948501587,0.9969365000724792,0.7108734250068665,0.27253293991088867,2.0683846473693848,0.06601276248693466,0.1307617574930191
-32.09400177001953,-1.753999948501587,1.1825453042984009,3.639078140258789,0.08705490827560425,0.022908397018909454,-0.06753391027450562,0.46106868982315063
-32.09400177001953,-1.753999948501587,1.0371181964874268,0.40594717860221863,0.05859662964940071,0.03582560271024704,0.008633974939584732,0.4081695079803467
-32.09400177001953,-0.7540000081062317,0.8060730695724487,0.7776018977165222,0.0852089449763298,1.9376713037490845,0.031554508954286575,0.23793289065361023
-32.09400177001953,-0.7540000081062317,1.1156195402145386,3.510470151901245,0.11010149121284485,0.035731241106987,-0.08700809627771378,0.2914060652256012
-32.09400177001953,-0.7540000081062317,1.08432936668396,0.3397226333618164,0.06208844855427742,0.025816582143306732,-0.08152911067008972,0.4706610143184662
-32.09400177001953,0.2460000067949295,0.6024254560470581,2.021843194961548,0.02404816262423992,2.39125657081604,-0.10123146325349808,0.5726997256278992
-32.09400177001953,0.2460000067949295,1.2052749395370483,3.8725244998931885,0.2794536054134369,0.015416747890412807,0.007885122671723366,0.10479465126991272
-32.09400177001953,0.2460000067949295,1.0045881271362305,0.7466480135917664,0.07660187035799026,0.06597080081701279,-0.19116298854351044,0.3225055932998657
-32.09400177001953,1.246000051498413,0.5989971160888672,1.2063244581222534,0.029457008466124535,1.3980475664138794,-0.06019415333867073,0.48554378747940063
-32.09400177001953,1.246000051498413,1.0437921285629272,3.876680850982666,0.14145012199878693,0.050312284380197525,0.03968708589673042,0.11666230857372284
-32.09400177001953,1.246000051498413,1.1812750101089478,0.6112821698188782,0.09330590069293976,0.024672914296388626,-0.10293813794851303,0.39779385924339294
-32.09400177001953,2.246000051498413,0.6131902933120728,2.32403564453125,0.013839075341820717,0.9536628723144531,0.06498228013515472,0.9279835820198059
-32.09400177001953,2.246000051498413,0.802776575088501,3.9910757541656494,0.18467161059379578,0.6839829087257385,0.13099145889282227,0.01228859182447195
-32.09400177001953,2.246000051498413,1.053531527519226,0.37113022804260254,0.10727451741695404,0.06893359869718552,0.153537318110466,0.05972782522439957
-32.09400177001953,3.246000051498413,0.9601471424102783,1.9443939924240112,0.6092384457588196,3.0269596576690674,0.15907897055149078,0.0006344863213598728
-32.09400177001953,3.246000051498413,0.7644183039665222,1.8494906425476074,0.026637179777026176,0.08540061116218567,0.5147555470466614,0.9966905117034912
-32.09400177001953,3.246000051498413,0.8752744197845459,1.6166290044784546,0.3277159035205841,0.3159664273262024,-0.05431995168328285,0.0026749558746814728
-32.09400177001953,4.245999813079834,1.0937035083770752,2.558152675628662,0.7919154167175293,1.579960823059082,0.25839725136756897,0.007407679222524166
-32.09400177001953,4.245999813079834,0.8849040865898132,1.1894686222076416,0.09767907112836838,0.17938241362571716,-0.0941440761089325,0.9909125566482544
-32.09400177001953,4.245999813079834,0.8728335499763489,0.7524611949920654,0.5022500157356262,1.2806228399276733,0.054050177335739136,0.00167974887881428
-31.0939998626709,-6.754000186920166,0.5881969928741455,6.152908802032471,0.001264838851056993,0.5015764236450195,-0.1004442647099495,0.9932717680931091
-31.0939998626709,-6.754000186920166,0.862884521484375,2.3103444576263428,0.15670596063137054,5.042848110198975,-0.035235729068517685,0.0019557708874344826
-31.0939998626709,-6.754000186920166,0.750496506690979,5.546104431152344,0.03644457831978798,0.3745649456977844,-0.16143999993801117,0.004772496409714222
-31.0939998626709,-5.754000186920166,0.6996011734008789,6.16493558883667,0.012282052077353,0.2274184226989746,0.03536270931363106,0.6461922526359558
-31.0939998626709,-5.754000186920166,0.9686651229858398,3.209115505218506,0.2510583996772766,2.0530736446380615,0.11542370170354843,0.004431635141372681
-31.0939998626709,-5.754000186920166,1.0293327569961548,5.987249851226807,0.07870277762413025,0.09166085720062256,-0.023236021399497986,0.3493760824203491
-31.0939998626709,-4.754000186920166,0.6852238178253174,0.02470916509628296,0.026773370802402496,2.684441566467285,0.14707700908184052,0.550136923789978
-31.0939998626709,-4.754000186920166,0.8181347250938416,3.7015364170074463,0.16027633845806122,0.6763514280319214,-0.15320011973381042,0.2475222647190094
-31.0939998626709,-4.754000186920166,0.9647491574287415,5.128579139709473,0.09079588204622269,0.08310888707637787,0.006660048849880695,0.20234081149101257
-31.0939998626709,-3.753999948501587,0.8158767223358154,0.5259637236595154,0.028156232088804245,1.3984813690185547,0.09721001982688904,0.6797589659690857
-31.0939998626709,-3.753999948501587,0.9269852638244629,4.4444756507873535,0.052390165627002716,0.3432900309562683,-0.18442022800445557,0.3186900019645691
-31.0939998626709,-3.753999948501587,1.008461594581604,6.233029365539551,0.06865990906953812,0.03939495608210564,0.04126795381307602,0.0015509634977206588
-31.0939998626709,-2.753999948501587,0.8371241092681885,2.9288508892059326,0.050650328397750854,2.2420530319213867,0.017510270699858665,0.6375195980072021
-31.0939998626709,-2.753999948501587,1.2477576732635498,3.7753801345825195,0.13058152794837952,0.012528319843113422,0.017324771732091904,0.25722038745880127
-31.0939998626709,-2.753999948501587,1.0089952945709229,0.6279137134552002,0.07306654006242752,0.06317491829395294,0.11766321957111359,0.10525999963283539
-31.0939998626709,-1.753999948501587,1.054302453994751,1.0537306070327759,0.2892402112483978,2.427626132965088,0.03329648822546005,0.19279637932777405
-31.0939998626709,-1.753999948501587,1.2723650932312012,3.5852162837982178,0.07689647376537323,0.02586968243122101,-0.004548299591988325,0.5729541778564453
-31.0939998626709,-1.753999948501587,1.0186116695404053,0.28555282950401306,0.042710017412900925,0.043660473078489304,-0.11762674897909164,0.23424950242042542
-31.0939998626709,-0.7540000081062317,1.1899855136871338,1.079573154449463,0.8776261806488037,3.397132158279419,0.07397869229316711,0.021467480808496475
-31.0939998626709,-0.7540000081062317,1.314963936805725,3.5824391841888428,0.09550193697214127,0.02135736122727394,-0.18622684478759766,0.4550648629665375
-31.0939998626709,-0.7540000081062317,1.122058629989624,0.36948055028915405,0.05350901931524277,0.030212534591555595,-0.06811896711587906,0.5234676003456116
-31.0939998626709,0.2460000067949295,0.601319432258606,1.632054328918457,0.022316403687000275,2.3075616359710693,-0.08188900351524353,0.5927885174751282
-31.0939998626709,0.2460000067949295,1.090602159500122,3.7031238079071045,0.28097695112228394,0.02952723205089569,0.17832843959331512,0.05741558223962784
-31.0939998626709,0.2460000067949295,1.0629459619522095,0.602260947227478,0.0722961351275444,0.06730712205171585,-0.16862674057483673,0.3497958779335022
-31.0939998626709,1.246000051498413,0.6269022822380066,0.6165042519569397,0.02581123448908329,1.5584299564361572,-0.1087968721985817,0.23188026249408722
-31.0939998626709,1.246000051498413,1.032860517501831,3.8843095302581787,0.09386397153139114,0.026981491595506668,0.12149282544851303,0.2024867981672287
-31.0939998626709,1.246000051498413,1.3690462112426758,0.6886722445487976,0.1427050083875656,0.04302602633833885,-0.12194535881280899,0.5656329393386841
-31.0939998626709,2.246000051498413,0.6708099246025085,3.512803316116333,0.030090413987636566,1.5780826807022095,-0.006445248145610094,0.29284074902534485
-31.0939998626709,2.246000051498413,0.973606288433075,3.891817092895508,0.07748247683048248,0.02284960448741913,0.05560526251792908,0.10599733889102936
-31.0939998626709,2.246000051498413,1.0330003499984741,0.6413896679878235,0.06386546045541763,0.026414768770337105,0.1800146847963333,0.6011618971824646
-31.0939998626709,3.246000051498413,0.7314600348472595,0.35289740562438965,0.04390367493033409,1.216124415397644,0.08858291804790497,0.40976792573928833
-31.0939998626709,3.246000051498413,0.8296748399734497,3.21834135055542,0.08352665603160858,0.3649226129055023,-0.0036694477312266827,0.565607488155365
-31.0939998626709,3.246000051498413,0.9407079219818115,5.874946117401123,0.11779042333364487,0.32414671778678894,0.06038740277290344,0.024624567478895187
-31.0939998626709,4.245999813079834,0.7420849800109863,2.0221331119537354,0.12123607099056244,1.3255066871643066,-0.17485737800598145,0.07749559730291367
-31.0939998626709,4.245999813079834,0.5563496947288513,3.7869954109191895,0.01865183748304844,0.36546146869659424,0.007397003006190062,0.5382379293441772
-31.0939998626709,4.245999813079834,0.5372889637947083,4.3627448081970215,0.021773187443614006,0.5265432596206665,0.26086926460266113,0.38426652550697327
-31.0939998626709,5.245999813079834,1.159335970878601,5.841887950897217,0.97139972448349,0.6601678133010864,0.11868717521429062,0.24546146392822266
-31.0939998626709,5.245999813079834,1.2279506921768188,1.8639328479766846,0.08493559062480927,0.010664117522537708,-0.46561169624328613,0.30147120356559753
-31.0939998626709,5.245999813079834,0.9295254945755005,5.87000846862793,0.05598020181059837,0.05028768628835678,-0.029300497844815254,0.4530673325061798
-30.0939998626709,-5.754000186920166,0.7971835732460022,4.790602684020996,0.11818590760231018,0.9736133217811584,0.06157422065734863,0.04330722242593765
-30.0939998626709,-5.754000186920166,0.9708699584007263,3.0913491249084473,0.16980759799480438,0.23532918095588684,0.07803598046302795,0.03357401862740517
-30.0939998626709,-5.754000186920166,0.8479338884353638,5.874793529510498,0.04407719150185585,0.08126945793628693,-0.10861299186944962,0.9231187105178833
-30.0939998626709,-4.754000186920166,1.022770881652832,4.775984764099121,0.1759651005268097,0.48357489705085754,0.035336852073669434,0.02601124905049801
-30.0939998626709,-4.754000186920166,0.7687243819236755,2.505070924758911,0.1006762832403183,0.647546112537384,0.32002219557762146,0.017474092543125153
-30.0939998626709,-4.754000186920166,0.7998013496398926,4.7272796630859375,0.03841770812869072,0.05255687236785889,0.17130902409553528,0.9565147161483765
-30.0939998626709,-3.753999948501587,1.1729624271392822,2.5409984588623047,2.557866334915161,1.6776483058929443,0.10010863840579987,0.0016690895427018404
-30.0939998626709,-3.753999948501587,0.8247454762458801,4.794678211212158,0.0075302729383111,0.053921956568956375,-0.00027983353356830776,0.9978283047676086
-30.0939998626709,-3.753999948501587,0.6000159382820129,0.6567304134368896,0.04157182201743126,1.8691916465759277,0.4438530504703522,0.0005025109858252108
-30.0939998626709,-2.753999948501587,0.8956921696662903,2.088109016418457,0.09776413440704346,1.2486354112625122,0.11902119219303131,0.16782869398593903
-30.0939998626709,-2.753999948501587,0.9243740439414978,4.424923896789551,0.08538196235895157,0.10393176972866058,0.02879895456135273,0.10163640230894089
-30.0939998626709,-2.753999948501587,0.9038204550743103,1.0925203561782837,0.032202478498220444,0.06229078024625778,-0.21378843486309052,0.7305349111557007
-30.0939998626709,-1.753999948501587,0.8259537220001221,3.315122365951538,0.08425486832857132,1.5668435096740723,-0.027008196339011192,0.1449538618326187
-30.0939998626709,-1.753999948501587,1.0981948375701904,3.923813819885254,0.07775532454252243,0.027763593941926956,0.1255243867635727,0.5182657837867737
-30.0939998626709,-1.753999948501587,1.0918924808502197,0.7691220641136169,0.07730445265769958,0.09497439861297607,-0.11018265038728714,0.336780309677124
-30.0939998626709,-0.7540000081062317,1.0271191596984863,1.5593719482421875,0.358053982257843,2.407066822052002,0.03718594089150429,0.08482693880796432
-30.0939998626709,-0.7540000081062317,1.1711097955703735,3.721498727798462,0.07115078717470169,0.03173208236694336,-0.08726215362548828,0.5235536694526672
-30.0939998626709,-0.7540000081062317,1.170790195465088,0.42092806100845337,0.06837721168994904,0.033716991543769836,-0.08417250216007233,0.39161935448646545
-30.0939998626709,0.2460000067949295,0.6911819577217102,1.586358666419983,0.04751959070563316,2.1106531620025635,-0.021983196958899498,0.18476009368896484
-30.0939998626709,0.2460000067949295,1.0601102113723755,3.899024486541748,0.10056444257497787,0.04955817013978958,0.07362592965364456,0.3095158040523529
-30.0939998626709,0.2460000067949295,1.2456905841827393,0.520055890083313,0.10705054551362991,0.058518584817647934,-0.14479491114616394,0.5057240724563599
-30.0939998626709,1.246000051498413,0.5800776481628418,0.5613582730293274,0.025258900597691536,1.8413186073303223,-0.022556327283382416,0.44428521394729614
-30.0939998626709,1.246000051498413,1.015210509300232,3.9605329036712646,0.09186532348394394,0.026823615655303,0.07430814951658249,0.22702886164188385
-30.0939998626709,1.246000051498413,1.1899744272232056,0.6444812417030334,0.09918879717588425,0.05635588616132736,-0.09787394106388092,0.3286859393119812
-30.0939998626709,2.246000051498413,0.8312680125236511,3.3213911056518555,0.08039767295122147,2.0552663803100586,-0.009966142475605011,0.107330322265625
-30.0939998626709,2.246000051498413,1.2001594305038452,3.7536873817443848,0.11606448888778687,0.012499665841460228,0.028547273948788643,0.16186930239200592
-30.0939998626709,2.246000051498413,1.0796449184417725,0.5728941559791565,0.04642890766263008,0.018505003303289413,0.07144931703805923,0.7308003902435303
-30.0939998626709,3.246000051498413,0.6759141683578491,5.632442474365234,0.03325146436691284,1.2797701358795166,0.1450558751821518,0.495719850063324
-30.0939998626709,3.246000051498413,0.8021500110626221,3.696737289428711,0.0770711898803711,0.27783772349357605,0.08909515291452408,0.14010374248027802
-30.0939998626709,3.246000051498413,0.9240995049476624,0.7470871210098267,0.07128936052322388,0.09174669533967972,-0.03916243836283684,0.3641763925552368
-30.0939998626709,4.245999813079834,0.6759740114212036,3.3465471267700195,0.13938622176647186,1.2446656227111816,0.10289715975522995,0.054145146161317825
-30.0939998626709,4.245999813079834,0.5567752122879028,1.9884397983551025,0.01768503338098526,0.24839407205581665,-0.18597565591335297,0.5330785512924194
-30.0939998626709,4.245999813079834,0.5778973698616028,5.9337334632873535,0.021011142060160637,0.11306648701429367,0.06798438727855682,0.4127763509750366
-30.0939998626709,5.245999813079834,0.7879190444946289,6.017553806304932,0.0817093625664711,0.7548270225524902,0.11004908382892609,0.5592828989028931
-30.0939998626709,5.245999813079834,0.8726065158843994,1.8311576843261719,0.10048707574605942,0.033253271132707596,-0.15427754819393158,0.3993067145347595
-30.0939998626709,5.245999813079834,0.8928499817848206,6.276360034942627,0.18413038551807404,0.14835225045681,-0.017535081133246422,0.041410356760025024
-29.0939998626709,-1.753999948501587,0.7066759467124939,4.113109588623047,0.13772527873516083,0.915904700756073,0.030307026579976082,0.013623977079987526
-29.0939998626709,-1.753999948501587,0.8830513954162598,4.3090033531188965,0.07848915457725525,0.12582513689994812,0.0803847387433052,0.141022190451622
-29.0939998626709,-1.753999948501587,0.9894706010818481,1.0679129362106323,0.08769157528877258,0.1128002181649208,-0.09954574704170227,0.8453537821769714
-29.0939998626709,-0.7540000081062317,1.1528009176254272,2.0755908489227295,0.7636904120445251,2.2259390354156494,0.0642799586057663,0.03701750561594963
-29.0939998626709,-0.7540000081062317,1.2159267663955688,3.944169759750366,0.09568837285041809,0.033414077013731,-0.02259322628378868,0.5936059951782227
-29.0939998626709,-0.7540000081062317,1.170200228691101,0.6049929857254028,0.07152178138494492,0.03701184317469597,-0.10119841992855072,0.3693765699863434
-29.0939998626709,0.2460000067949295,1.1424143314361572,3.2013232707977295,0.716328501701355,3.271031379699707,0.061214201152324677,0.025746392086148262
-29.0939998626709,0.2460000067949295,1.2262564897537231,3.9046576023101807,0.08922868221998215,0.03183265030384064,-0.08907993882894516,0.37834432721138
-29.0939998626709,0.2460000067949295,1.183840274810791,0.5628166198730469,0.061001088470220566,0.0366070419549942,-0.12221866846084595,0.5959092974662781
-29.0939998626709,1.246000051498413,0.7956377863883972,1.8768837451934814,0.1272668093442917,1.8999872207641602,0.03871065005660057,0.15650944411754608
-29.0939998626709,1.246000051498413,1.0150957107543945,3.962211847305298,0.08796228468418121,0.038507334887981415,0.11098387837409973,0.31307336688041687
-29.0939998626709,1.246000051498413,1.0443631410598755,0.7925320267677307,0.07868189364671707,0.06091589480638504,-0.03590913861989975,0.5304171442985535
-29.0939998626709,2.246000051498413,0.7873556613922119,1.6494113206863403,0.05397065356373787,1.739470362663269,0.006064311601221561,0.4730643630027771
-29.0939998626709,2.246000051498413,1.1681557893753052,3.617250919342041,0.11867611855268478,0.018328018486499786,0.07354167103767395,0.18178170919418335
-29.0939998626709,2.246000051498413,1.1391571760177612,0.3506866991519928,0.056946393102407455,0.023341840133070946,-0.017285892739892006,0.3451539874076843
-29.0939998626709,3.246000051498413,0.7303063273429871,6.121551036834717,0.031692132353782654,1.6504429578781128,0.09174776077270508,0.31797268986701965
-29.0939998626709,3.246000051498413,0.9511685967445374,3.6446125507354736,0.0955042615532875,0.06505172699689865,0.12528017163276672,0.11138254404067993
-29.0939998626709,3.246000051498413,1.2087175846099854,0.6031099557876587,0.11007038503885269,0.03294007107615471,-0.030742211267352104,0.5706448554992676
-29.0939998626709,4.245999813079834,0.7253459095954895,3.7101893424987793,0.07972512394189835,1.382605791091919,0.13720884919166565,0.11499349772930145
-29.0939998626709,4.245999813079834,0.5258445143699646,2.373321771621704,0.014511942863464355,2.007392406463623,0.1243898794054985,0.6991913914680481
-29.0939998626709,4.245999813079834,0.8651922941207886,0.7957906723022461,0.051099639385938644,0.09119363874197006,0.03876655921339989,0.18581517040729523
-29.0939998626709,5.245999813079834,0.5132983922958374,3.3106279373168945,0.07822299748659134,1.1479716300964355,0.03836360201239586,0.020313609391450882
-29.0939998626709,5.245999813079834,0.5172901749610901,2.3304734230041504,0.02167823165655136,0.4224790930747986,-0.20662972331047058,0.94202721118927
-29.0939998626709,5.245999813079834,0.5628612041473389,4.746440887451172,0.03091013990342617,0.6489083766937256,0.14507542550563812,0.037659138441085815
-29.0939998626709,6.245999813079834,0.8812127709388733,2.51871657371521,0.2397531270980835,2.6822307109832764,0.24252931773662567,0.053346436470746994
-29.0939998626709,6.245999813079834,0.7282670736312866,3.3105814456939697,0.05896475911140442,0.28017088770866394,0.08253998309373856,0.7188596129417419
-29.0939998626709,6.245999813079834,0.7287214398384094,1.0529870986938477,0.06394225358963013,0.10646121948957443,-0.26428931951522827,0.22779396176338196
-28.0939998626709,-0.7540000081062317,1.1035168170928955,1.5684421062469482,0.6806718111038208,2.5890958309173584,0.13942864537239075,0.13966694474220276
-28.0939998626709,-0.7540000081062317,1.0617032051086426,3.9505441188812256,0.08679814636707306,0.0869528278708458,-0.08292952924966812,0.5809637308120728
-28.0939998626709,-0.7540000081062317,0.9659092426300049,0.41621050238609314,0.06632817536592484,0.06886302679777145,-0.16677546501159668,0.2793693244457245
-28.0939998626709,0.2460000067949295,1.0634593963623047,3.3289599418640137,0.3797928988933563,2.352745532989502,0.05620399862527847,0.07608142495155334
-28.0939998626709,0.2460000067949295,1.1893664598464966,3.964656352996826,0.11535444855690002,0.04325132071971893,-0.04128885641694069,0.37410178780555725
-28.0939998626709,0.2460000067949295,1.0961652994155884,0.5949940085411072,0.0690913274884224,0.061220306903123856,-0.07504007965326309,0.5498167276382446
-28.0939998626709,1.246000051498413,0.9224703907966614,2.5221526622772217,0.1578340232372284,2.2105824947357178,0.007012033369392157,0.07110082358121872
-28.0939998626709,1.246000051498413,1.1202633380889893,3.794618606567383,0.08971429616212845,0.03002869337797165,-0.00736256642267108,0.22369833290576935
-28.0939998626709,1.246000051498413,1.083962321281433,0.687903642654419,0.06674185395240784,0.03896543011069298,0.002615575911477208,0.7052008509635925
-28.0939998626709,2.246000051498413,0.7821438312530518,1.7641750574111938,0.03609108552336693,1.4195985794067383,-0.005916666239500046,0.5172240138053894
-28.0939998626709,2.246000051498413,1.0999358892440796,3.8001368045806885,0.0789722204208374,0.042315252125263214,0.09570614248514175,0.1752507984638214
-28.0939998626709,2.246000051498413,1.2268940210342407,0.5991448163986206,0.06671730428934097,0.03205884248018265,-0.0785149559378624,0.3075251877307892
-28.0939998626709,3.246000051498413,0.8739730715751648,1.4281963109970093,0.08115949481725693,1.9395304918289185,0.03520841896533966,0.27796903252601624
-28.0939998626709,3.246000051498413,1.1203354597091675,3.7024152278900146,0.10574345290660858,0.03399479389190674,0.1440533995628357,0.16747654974460602
-28.0939998626709,3.246000051498413,1.1920219659805298,0.51908278465271,0.0860113799571991,0.029463576152920723,0.004193756729364395,0.5545544028282166
-28.0939998626709,4.245999813079834,0.5451125502586365,5.515865802764893,0.01608445681631565,1.319864273071289,0.06378132104873657,0.46895673871040344
-28.0939998626709,4.245999813079834,0.7924816012382507,3.229313373565674,0.09442633390426636,0.21681039035320282,0.17914144694805145,0.08232849091291428
-28.0939998626709,4.245999813079834,1.1061291694641113,0.5878307819366455,0.12880629301071167,0.022054627537727356,-0.11774341017007828,0.4487147331237793
-28.0939998626709,5.245999813079834,0.5314786434173584,5.098742485046387,0.01763971336185932,1.1072102785110474,0.04050103574991226,0.7325995564460754
-28.0939998626709,5.245999813079834,0.740199863910675,2.652916193008423,0.07745196670293808,0.5409867763519287,-0.12823595106601715,0.10183069109916687
-28.0939998626709,5.245999813079834,0.885529100894928,0.5248990058898926,0.06215456500649452,0.11005637794733047,-0.02473285421729088,0.1655697524547577
-28.0939998626709,6.245999813079834,0.8353548049926758,3.711313009262085,0.13977031409740448,1.5220916271209717,0.09002169221639633,0.019600585103034973
-28.0939998626709,6.245999813079834,0.8074015974998474,3.1838696002960205,0.09407035261392593,0.3425389528274536,-0.027434760704636574,0.044283438473939896
-28.0939998626709,6.245999813079834,0.7825276851654053,1.0664788484573364,0.028882209211587906,0.025459405034780502,-0.21760550141334534,0.9361159205436707
-27.0939998626709,-0.7540000081062317,1.0716140270233154,2.2493016719818115,0.553782045841217,2.3862380981445312,0.22582145035266876,0.005274658091366291
-27.0939998626709,-0.7540000081062317,0.8002564311027527,4.714170932769775,0.07306629419326782,0.42528846859931946,0.11197362840175629,0.9858325719833374
-27.0939998626709,-0.7540000081062317,0.6420108675956726,0.11415602266788483,0.09027664363384247,0.6458785533905029,-0.10054601728916168,0.00889273826032877
-27.0939998626709,0.2460000067949295,0.6078435182571411,2.1215219497680664,0.022636529058218002,1.3251254558563232,0.10725241899490356,0.7670905590057373
-27.0939998626709,0.2460000067949295,0.9523230791091919,4.286159992218018,0.16346296668052673,0.15401692688465118,-0.12239021807909012,0.13347691297531128
-27.0939998626709,0.2460000067949295,0.9794197678565979,0.16002371907234192,0.10286382585763931,0.07227438688278198,0.17155955731868744,0.09943249821662903
-27.0939998626709,1.246000051498413,0.9055640697479248,2.5553481578826904,0.12076269835233688,1.91226065158844,-0.04775982350111008,0.13243944942951202
-27.0939998626709,1.246000051498413,1.1928839683532715,3.678675413131714,0.10188597440719604,0.04058011621236801,-0.03842075169086456,0.44642478227615356
-27.0939998626709,1.246000051498413,1.1391762495040894,0.4334307610988617,0.07891959697008133,0.044111862778663635,0.10847311466932297,0.4211357831954956
-27.0939998626709,2.246000051498413,1.0381677150726318,2.0333917140960693,0.16310186684131622,1.8627592325210571,0.05534244328737259,0.2064894288778305
-27.0939998626709,2.246000051498413,1.1003185510635376,3.8531479835510254,0.05972670763731003,0.03302443027496338,0.062127187848091125,0.25895071029663086
-27.0939998626709,2.246000051498413,1.195919156074524,0.6766780018806458,0.05671237036585808,0.02501240000128746,-0.06589383631944656,0.5345599055290222
-27.0939998626709,3.246000051498413,0.7761833071708679,1.4849624633789062,0.03643449768424034,1.542172908782959,0.05777815356850624,0.45549869537353516
-27.0939998626709,3.246000051498413,1.060899257659912,3.6758832931518555,0.10103926062583923,0.08475881069898605,0.13688254356384277,0.20475421845912933
-27.0939998626709,3.246000051498413,1.06190025806427,0.4128269553184509,0.08120190352201462,0.058848582208156586,0.13306082785129547,0.33974704146385193
-27.0939998626709,4.245999813079834,0.69785475730896,1.1748758554458618,0.03342566266655922,1.9666608572006226,0.05819118767976761,0.4403018057346344
-27.0939998626709,4.245999813079834,1.121192455291748,3.724980592727661,0.13009405136108398,0.0371856652200222,0.10938938707113266,0.1519937813282013
-27.0939998626709,4.245999813079834,1.1292487382888794,0.47196903824806213,0.090470090508461,0.03802867233753204,0.030533410608768463,0.4077044129371643
-27.0939998626709,5.245999813079834,0.7297391295433044,1.4185377359390259,0.04310109093785286,1.2952303886413574,0.044009979814291,0.06783155351877213
-27.0939998626709,5.245999813079834,1.0689101219177246,3.510265588760376,0.1434607058763504,0.07673216611146927,0.10546596348285675,0.17065562307834625
-27.0939998626709,5.245999813079834,1.1112455129623413,0.5321764945983887,0.08759921044111252,0.06787934899330139,0.10326090455055237,0.7615128755569458
-27.0939998626709,6.245999813079834,0.6456262469291687,1.2848129272460938,0.0563468299806118,0.7839970588684082,-0.027323514223098755,0.06601449102163315
-27.0939998626709,6.245999813079834,0.920301616191864,3.2566232681274414,0.21730899810791016,0.32091453671455383,-0.07829561829566956,0.008017866872251034
-27.0939998626709,6.245999813079834,1.0247654914855957,0.5162302851676941,0.05049290880560875,0.029988685622811317,-0.06110803782939911,0.9259676933288574
-27.0939998626709,7.245999813079834,1.0584288835525513,1.8488951921463013,0.34657248854637146,0.7066200971603394,0.009448378346860409,0.01218444760888815
-27.0939998626709,7.245999813079834,0.8348962664604187,3.0085599422454834,0.24406574666500092,12.832836151123047,-0.4026200473308563,0.001335347886197269
-27.0939998626709,7.245999813079834,0.743023693561554,0.6895507574081421,0.0107107013463974,0.055789217352867126,-0.2268216609954834,0.986480176448822
-26.0939998626709,-0.7540000081062317,1.007401466369629,5.251681804656982,0.244279682636261,2.5082366466522217,0.2770049273967743,0.06713433563709259
-26.0939998626709,-0.7540000081062317,0.8500935435295105,3.8661653995513916,0.11896683275699615,0.5569613575935364,-0.011523990891873837,0.23852074146270752
-26.0939998626709,-0.7540000081062317,0.6785342693328857,0.12200716137886047,0.04635642468929291,0.08935195952653885,-0.0681394636631012,0.6943449378013611
-26.0939998626709,0.2460000067949295,0.6314756870269775,5.379183769226074,0.03629693761467934,1.2101902961730957,0.04910387471318245,0.40664634108543396
-26.0939998626709,0.2460000067949295,0.6421950459480286,4.350795745849609,0.04631111025810242,0.2499142736196518,-0.13408192992210388,0.2742508053779602
-26.0939998626709,0.2460000067949295,0.7077114582061768,4.999679088592529,0.04024503007531166,0.14078474044799805,0.23765791952610016,0.31910285353660583
-26.0939998626709,1.246000051498413,0.8427966237068176,2.247605800628662,0.08697352558374405,1.7436457872390747,-0.06890296190977097,0.23662453889846802
-26.0939998626709,1.246000051498413,1.2033908367156982,3.543354034423828,0.1553715616464615,0.05508220195770264,-0.04569904878735542,0.40821918845176697
-26.0939998626709,1.246000051498413,1.1243616342544556,0.35720130801200867,0.09729491919279099,0.06478093564510345,0.1420360505580902,0.3551563024520874
-26.0939998626709,2.246000051498413,1.070504069328308,1.750631332397461,0.3452138304710388,1.8962918519973755,0.04848286136984825,0.20081952214241028
-26.0939998626709,2.246000051498413,1.151882529258728,3.8315353393554688,0.07569225132465363,0.042225539684295654,0.01987793669104576,0.3656153678894043
-26.0939998626709,2.246000051498413,1.155440330505371,0.4940321743488312,0.06415961682796478,0.03667287155985832,0.020159445703029633,0.43356505036354065
-26.0939998626709,3.246000051498413,0.9719091653823853,1.3736426830291748,0.1445876806974411,1.890450358390808,0.05625389143824577,0.13286155462265015
-26.0939998626709,3.246000051498413,1.1341071128845215,3.746020793914795,0.09910976886749268,0.09977679699659348,0.06251780688762665,0.2786310613155365
-26.0939998626709,3.246000051498413,1.1018052101135254,0.4828323423862457,0.07182134687900543,0.06799735128879547,0.061381977051496506,0.5885074138641357
-26.0939998626709,4.245999813079834,0.776469349861145,1.626062273979187,0.04924209788441658,1.6801356077194214,0.08862101286649704,0.2177489548921585
-26.0939998626709,4.245999813079834,1.147807002067566,3.6997082233428955,0.10869650542736053,0.03505009412765503,0.19838324189186096,0.2340880185365677
-26.0939998626709,4.245999813079834,1.097274661064148,0.41644027829170227,0.08099360764026642,0.078229159116745,0.13295991718769073,0.5481630563735962
-26.0939998626709,5.245999813079834,0.7825019359588623,1.4586066007614136,0.06719914823770523,1.324724793434143,0.08564937859773636,0.021336443722248077
-26.0939998626709,5.245999813079834,1.175611972808838,3.649110794067383,0.12906518578529358,0.032087717205286026,0.13139738142490387,0.20527537167072296
-26.0939998626709,5.245999813079834,1.1813430786132812,0.46375927329063416,0.09595784544944763,0.06147244572639465,0.231528177857399,0.773388147354126
-26.0939998626709,6.245999813079834,0.5998976230621338,5.53667688369751,0.028832316398620605,1.0046344995498657,0.00420167064294219,0.16683652997016907
-26.0939998626709,6.245999813079834,0.968576967716217,3.3901073932647705,0.16412246227264404,0.181550994515419,-0.09117736667394638,0.04180305078625679
-26.0939998626709,6.245999813079834,1.2248449325561523,0.5576713681221008,0.10204999893903732,0.044929757714271545,-0.01973353698849678,0.7913604378700256
-26.0939998626709,7.245999813079834,0.9091489315032959,0.3020051419734955,0.15048450231552124,0.7204597592353821,0.033697377890348434,0.0350380502641201
-26.0939998626709,7.245999813079834,0.8964930176734924,3.0262908935546875,0.2079681009054184,4.014484405517578,-0.34489887952804565,0.0033363483380526304
-26.0939998626709,7.245999813079834,0.953350305557251,0.4449465870857239,0.025999555364251137,0.05220509320497513,-0.17632335424423218,0.9616255760192871
-25.0939998626709,0.2460000067949295,0.8103241920471191,4.787747383117676,0.12053395807743073,1.1051661968231201,0.08701908588409424,0.2665484845638275
-25.0939998626709,0.2460000067949295,0.5674607753753662,4.123078346252441,0.04310395568609238,1.0055996179580688,-0.12828506529331207,0.6198000311851501
-25.0939998626709,0.2460000067949295,0.5313937664031982,4.443259239196777,0.024298029020428658,0.4892246425151825,0.14022381603717804,0.11365145444869995
-25.0939998626709,1.246000051498413,0.6298229694366455,2.129807710647583,0.02203335240483284,1.4085437059402466,0.056157417595386505,0.5958880186080933
-25.0939998626709,1.246000051498413,0.8700008392333984,3.512923240661621,0.12370374798774719,0.3361451029777527,-0.0703284963965416,0.23284006118774414
-25.0939998626709,1.246000051498413,0.8282139897346497,5.966550827026367,0.1069013923406601,0.20559830963611603,0.15210255980491638,0.1712718904018402
-25.0939998626709,2.246000051498413,0.9691634774208069,1.3078968524932861,0.21942883729934692,1.7396981716156006,0.007948999293148518,0.168862447142601
-25.0939998626709,2.246000051498413,1.2834882736206055,3.7811572551727295,0.12613829970359802,0.04080536589026451,0.03526539355516434,0.41663721203804016
-25.0939998626709,2.246000051498413,1.1626895666122437,0.4153694212436676,0.07221817970275879,0.04207666218280792,0.1827881783246994,0.41450035572052
-25.0939998626709,3.246000051498413,1.0592091083526611,1.1300963163375854,0.36177101731300354,1.7995116710662842,0.04267182573676109,0.06802570074796677
-25.0939998626709,3.246000051498413,1.2226277589797974,3.784710645675659,0.1175900250673294,0.06137358397245407,0.03028591349720955,0.42331942915916443
-25.0939998626709,3.246000051498413,1.1100322008132935,0.4183926284313202,0.058383505791425705,0.05124231055378914,0.06003477796912193,0.5086548924446106
-25.0939998626709,4.245999813079834,0.8608608245849609,2.1117711067199707,0.10181286185979843,1.510189175605774,0.12552376091480255,0.08013524860143661
-25.0939998626709,4.245999813079834,1.1189219951629639,3.658731460571289,0.10786281526088715,0.09362580627202988,0.08444082736968994,0.1965619921684265
-25.0939998626709,4.245999813079834,1.0655443668365479,0.43409156799316406,0.06429199129343033,0.09594883024692535,-0.022798554971814156,0.7233027815818787
-25.0939998626709,5.245999813079834,0.8111720681190491,1.6764726638793945,0.06830478459596634,1.6775598526000977,0.06116165593266487,0.1461055874824524
-25.0939998626709,5.245999813079834,1.1771246194839478,3.6699538230895996,0.13165633380413055,0.028074044734239578,-0.061795059591531754,0.24993649125099182
-25.0939998626709,5.245999813079834,1.193298578262329,0.4539887011051178,0.11598634719848633,0.05689696595072746,0.11997359991073608,0.6039578914642334
-25.0939998626709,6.245999813079834,0.762444257736206,1.2027387619018555,0.05721481889486313,1.7073349952697754,0.012232164852321148,0.13231676816940308
-25.0939998626709,6.245999813079834,1.2094650268554688,3.6729414463043213,0.1845296174287796,0.02150621823966503,-0.06526050716638565,0.13033252954483032
-25.0939998626709,6.245999813079834,1.2038452625274658,0.41658109426498413,0.1139020174741745,0.041022345423698425,0.09808766096830368,0.7373507618904114
-25.0939998626709,7.245999813079834,0.6624506711959839,2.191140651702881,0.039666853845119476,0.9085729718208313,0.014538577757775784,0.5106815695762634
-25.0939998626709,7.245999813079834,0.8147973418235779,3.54691743850708,0.13805454969406128,0.11965470761060715,-0.002536006970331073,0.03142055869102478
-25.0939998626709,7.245999813079834,0.9641191363334656,0.5680599808692932,0.11776447296142578,0.23106776177883148,0.06285707652568817,0.4578978717327118
-25.0939998626709,8.246000289916992,0.5779967308044434,2.528903007507324,0.01125592365860939,1.3107502460479736,-0.10483625531196594,0.5219146013259888
-25.0939998626709,8.246000289916992,0.7502230405807495,4.057289123535156,0.044988468289375305,3.4712817668914795,-0.19498656690120697,0.03567664325237274
-25.0939998626709,8.246000289916992,0.8636335134506226,1.860434889793396,0.010281537659466267,0.19142867624759674,-0.18556109070777893,0.4424087107181549
-24.0939998626709,-0.7540000081062317,1.1490143537521362,4.66340970993042,0.3699607253074646,1.003968596458435,0.004750856664031744,0.5807666182518005
-24.0939998626709,-0.7540000081062317,1.238223910331726,3.062540054321289,0.13741764426231384,0.05701883137226105,-0.18384388089179993,0.2696807384490967
-24.0939998626709,-0.7540000081062317,1.2447285652160645,6.175284385681152,0.09925027936697006,0.031241580843925476,-0.13658839464187622,0.14955265820026398
-24.0939998626709,0.2460000067949295,0.7860219478607178,5.649836540222168,0.11555280536413193,0.7000076174736023,0.11038744449615479,0.3038063049316406
-24.0939998626709,0.2460000067949295,0.5830687880516052,3.6529245376586914,0.11314292997121811,1.6194097995758057,0.05507795885205269,0.37740081548690796
-24.0939998626709,0.2460000067949295,0.5434991717338562,4.8035993576049805,0.03751840442419052,0.42012861371040344,0.10401930660009384,0.3187928795814514
-24.0939998626709,1.246000051498413,0.8324196338653564,2.447514295578003,0.21964287757873535,1.8125033378601074,0.0488949678838253,0.10619531571865082
-24.0939998626709,1.246000051498413,0.5765661001205444,2.8222107887268066,0.027766413986682892,0.48657479882240295,-0.03453519195318222,0.6202198266983032
-24.0939998626709,1.246000051498413,0.5540193915367126,5.690251350402832,0.030030785128474236,0.4960833489894867,0.17005394399166107,0.27358493208885193
-24.0939998626709,2.246000051498413,0.8493379950523376,0.7885783910751343,0.11177512258291245,1.498915195465088,-0.0067466916516423225,0.34988903999328613
-24.0939998626709,2.246000051498413,1.269336223602295,3.7980165481567383,0.17397184669971466,0.05122353509068489,-0.02740035578608513,0.33023351430892944
-24.0939998626709,2.246000051498413,1.1497136354446411,0.3296436071395874,0.09016939252614975,0.054575107991695404,0.1765124499797821,0.31987738609313965
-24.0939998626709,3.246000051498413,0.8685268759727478,1.7768152952194214,0.10601401329040527,1.587824821472168,-0.04444859176874161,0.1484878808259964
-24.0939998626709,3.246000051498413,1.196101188659668,3.687727689743042,0.11027088016271591,0.0525888092815876,0.05474879592657089,0.32741066813468933
-24.0939998626709,3.246000051498413,1.2090984582901,0.3626658022403717,0.061848234385252,0.03808485344052315,0.040754180401563644,0.5241014957427979
-24.0939998626709,4.245999813079834,0.9040659070014954,1.8677468299865723,0.12048350274562836,1.5442811250686646,0.07907644659280777,0.11622730642557144
-24.0939998626709,4.245999813079834,1.1227478981018066,3.591740369796753,0.10800836235284805,0.10837969183921814,0.03647817671298981,0.5037415623664856
-24.0939998626709,4.245999813079834,1.223271369934082,0.2639006972312927,0.09026879072189331,0.07203694432973862,-0.022615887224674225,0.3800310790538788
-24.0939998626709,5.245999813079834,0.829271137714386,0.37246814370155334,0.0713200643658638,1.7993342876434326,0.09010384231805801,0.1338566243648529
-24.0939998626709,5.245999813079834,1.171884298324585,3.6092922687530518,0.11844173073768616,0.05004691705107689,-0.09057486057281494,0.22099629044532776
-24.0939998626709,5.245999813079834,1.212525486946106,0.31937921047210693,0.10671406984329224,0.05697045847773552,0.01766977831721306,0.6451471447944641
-24.0939998626709,6.245999813079834,0.7290570139884949,1.83669114112854,0.03872683271765709,1.6306716203689575,-0.031740814447402954,0.19521582126617432
-24.0939998626709,6.245999813079834,1.2064250707626343,3.612786293029785,0.18876206874847412,0.022106187418103218,-0.04947179928421974,0.1239144504070282
-24.0939998626709,6.245999813079834,1.1563694477081299,0.3931162655353546,0.1155712902545929,0.039474006742239,0.11276811361312866,0.6808697581291199
-24.0939998626709,7.245999813079834,0.8403136730194092,3.7335939407348633,0.128301739692688,1.2728221416473389,0.0008920659311115742,0.06138947606086731
-24.0939998626709,7.245999813079834,1.1306244134902954,3.5746450424194336,0.17928728461265564,0.029486076906323433,0.08554022759199142,0.045104123651981354
-24.0939998626709,7.245999813079834,0.9703269600868225,0.346785306930542,0.07686994969844818,0.06684999167919159,0.27486974000930786,0.8935064077377319
-24.0939998626709,8.246000289916992,0.4721502661705017,2.2591142654418945,0.005271144676953554,0.4470498859882355,0.023837417364120483,0.6752164363861084
-24.0939998626709,8.246000289916992,0.8993831276893616,4.126006603240967,0.30887076258659363,0.4814085364341736,-0.11114876717329025,0.006302393972873688
-24.0939998626709,8.246000289916992,1.1453561782836914,0.6811131834983826,0.09066799283027649,0.058095093816518784,0.09719187766313553,0.3184811770915985
-24.0939998626709,15.246000289916992,0.7828035354614258,3.0356242656707764,0.04210777208209038,1.8925881385803223,-0.038081761449575424,0.4586346447467804
-24.0939998626709,15.246000289916992,0.8937503695487976,2.6711058616638184,0.05636825039982796,0.02384771592915058,0.0005167898489162326,0.4851572811603546
-24.0939998626709,15.246000289916992,0.9897962212562561,0.3465132415294647,0.10436727851629257,0.05097546428442001,-0.16882990300655365,0.056208062916994095
-24.0939998626709,16.246000289916992,1.068681001663208,1.6203747987747192,1.048768401145935,1.434499979019165,0.14244267344474792,0.0005036771763116121
-24.0939998626709,16.246000289916992,0.8746251463890076,3.041027784347534,0.04347081854939461,0.062329716980457306,0.05757181718945503,0.8499411344528198
-24.0939998626709,16.246000289916992,0.866607666015625,2.3057918548583984,0.17415444552898407,0.4269340932369232,-0.04956170916557312,0.14955513179302216
-23.0939998626709,-0.7540000081062317,0.9406362175941467,4.182379722595215,0.20593200623989105,1.7237911224365234,0.01561349630355835,0.1536361575126648
-23.0939998626709,-0.7540000081062317,1.2883535623550415,2.9386115074157715,0.10243451595306396,0.020221207290887833,0.04914480820298195,0.20009377598762512
-23.0939998626709,-0.7540000081062317,1.1913496255874634,5.95427942276001,0.0706922858953476,0.02671821229159832,-0.06318158656358719,0.6462700963020325
-23.0939998626709,0.2460000067949295,0.8887048959732056,0.13217724859714508,0.3802346885204315,0.9217917919158936,0.16646164655685425,0.15143170952796936
-23.0939998626709,0.2460000067949295,0.6506140828132629,3.6987810134887695,0.13817539811134338,1.529927372932434,0.06396226584911346,0.41270557045936584
-23.0939998626709,0.2460000067949295,0.6186234951019287,5.011006832122803,0.04990348219871521,0.4037961959838867,0.06500393152236938,0.4358627200126648
-23.0939998626709,1.246000051498413,0.5547937750816345,3.778076171875,0.05849703401327133,1.1399561166763306,0.021967262029647827,0.13693858683109283
-23.0939998626709,1.246000051498413,0.5635627508163452,2.529798984527588,0.021046549081802368,0.30923694372177124,-0.02674192003905773,0.8224468231201172
-23.0939998626709,1.246000051498413,0.6150772571563721,4.625202655792236,0.022094804793596268,0.8644628524780273,0.06738386303186417,0.04061458632349968
-23.0939998626709,2.246000051498413,0.6722692251205444,5.923585414886475,0.022968603298068047,1.0996756553649902,0.007820475846529007,0.7114464044570923
-23.0939998626709,2.246000051498413,1.0025781393051147,3.536364793777466,0.17100538313388824,0.24371807277202606,0.1232021227478981,0.17414812743663788
-23.0939998626709,2.246000051498413,0.9913868308067322,0.18366527557373047,0.10548832267522812,0.055800165981054306,0.00034587521804496646,0.11440545320510864
-23.0939998626709,3.246000051498413,0.7046669721603394,1.0726736783981323,0.05833852291107178,1.943488597869873,-0.02006317488849163,0.43761029839515686
-23.0939998626709,3.246000051498413,1.192991852760315,3.5043911933898926,0.14160694181919098,0.06006231531500816,-0.15546157956123352,0.27928727865219116
-23.0939998626709,3.246000051498413,1.253843069076538,0.2843918800354004,0.12084057927131653,0.04840325564146042,0.09062580019235611,0.2831023335456848
-23.0939998626709,4.245999813079834,0.8561467528343201,0.3506009876728058,0.10894846171140671,1.3213214874267578,0.04795064777135849,0.037046097218990326
-23.0939998626709,4.245999813079834,1.1887198686599731,3.445071220397949,0.11749538034200668,0.10195112228393555,-0.026710204780101776,0.4118218421936035
-23.0939998626709,4.245999813079834,1.2853869199752808,0.1640334278345108,0.10270985960960388,0.06586521863937378,0.0035890310537070036,0.551132082939148
-23.0939998626709,5.245999813079834,0.7781425714492798,5.239797592163086,0.0487620010972023,2.178926467895508,0.0937507301568985,0.13677622377872467
-23.0939998626709,5.245999813079834,1.1373769044876099,3.64723801612854,0.10549194365739822,0.07450065016746521,-0.06418873369693756,0.41999855637550354
-23.0939998626709,5.245999813079834,1.2668442726135254,0.12536834180355072,0.11011002212762833,0.0706552118062973,0.002945003565400839,0.44322526454925537
-23.0939998626709,6.245999813079834,0.6741332411766052,0.9696529507637024,0.032927460968494415,1.9681130647659302,0.0041970424354076385,0.28260383009910583
-23.0939998626709,6.245999813079834,1.2131463289260864,3.7163310050964355,0.12790077924728394,0.026890505105257034,-0.029232606291770935,0.23327083885669708
-23.0939998626709,6.245999813079834,1.2403749227523804,0.3544425070285797,0.11222600191831589,0.036173898726701736,0.056772202253341675,0.4841253161430359
-23.0939998626709,7.245999813079834,1.0491065979003906,1.9978892803192139,0.3789231777191162,1.5782428979873657,0.04242471978068352,0.03499489650130272
-23.0939998626709,7.245999813079834,1.2700018882751465,3.7288589477539062,0.11412110924720764,0.02348565123975277,0.0032476813066750765,0.15057338774204254
-23.0939998626709,7.245999813079834,1.2433688640594482,0.3473929166793823,0.096856489777565,0.042145758867263794,0.130918949842453,0.8144317269325256
-23.0939998626709,8.246000289916992,0.8662520051002502,1.8481810092926025,0.0295400470495224,0.5693773031234741,0.0815257877111435,0.7687857747077942
-23.0939998626709,8.246000289916992,1.0509594678878784,3.4331743717193604,0.22102414071559906,0.32172638177871704,0.3666941821575165,0.006808907724916935
-23.0939998626709,8.246000289916992,1.3807487487792969,0.6405045986175537,0.14586082100868225,0.051462531089782715,0.20616060495376587,0.22440536320209503
-23.0939998626709,14.246000289916992,0.7098098397254944,6.200324535369873,0.08237888664007187,1.9730894565582275,0.021879246458411217,0.018742671236395836
-23.0939998626709,14.246000289916992,1.0745375156402588,2.4218547344207764,0.09625847637653351,0.024823125451803207,0.11100397258996964,0.9754003882408142
-23.0939998626709,14.246000289916992,1.0394545793533325,5.501883029937744,0.20116619765758514,0.4040278494358063,0.13535843789577484,0.005857005249708891
-23.0939998626709,15.246000289916992,0.6891982555389404,2.3253071308135986,0.041303593665361404,1.7386884689331055,-0.011334293521940708,0.14681287109851837
-23.0939998626709,15.246000289916992,0.9321087002754211,2.3012993335723877,0.06689855456352234,0.04962816834449768,0.044924214482307434,0.8518711924552917
-23.0939998626709,15.246000289916992,1.0164246559143066,0.5476800799369812,0.2486928105354309,0.20294074714183807,-0.08846287429332733,0.0013160139787942171
-23.0939998626709,16.246000289916992,0.817542552947998,0.5376955270767212,0.09158337116241455,1.649736762046814,0.01572263240814209,0.05950097739696503
-23.0939998626709,16.246000289916992,0.8098807334899902,2.249191999435425,0.061622608453035355,0.17429788410663605,0.15700648725032806,0.9043973088264465
-23.0939998626709,16.246000289916992,0.9179508686065674,0.7584015727043152,0.16995401680469513,0.16341672837734222,-0.10043913125991821,0.036101724952459335
-23.0939998626709,17.246000289916992,1.027496337890625,4.275189399719238,0.18359652161598206,1.1308180093765259,0.1619299203157425,0.1392691284418106
-23.0939998626709,17.246000289916992,0.8634659647941589,2.2510340213775635,0.07824362814426422,0.10784198343753815,-0.07951454818248749,0.8599793314933777
-23.0939998626709,17.246000289916992,0.9172845482826233,5.048108100891113,0.1826878935098648,2.5042836666107178,0.12975849211215973,0.0007515859324485064
-23.0939998626709,18.246000289916992,0.8642402291297913,1.6590560674667358,0.21095924079418182,2.538966178894043,0.09020732343196869,0.03935910388827324
-23.0939998626709,18.246000289916992,0.9550986886024475,1.87318754196167,0.0694103091955185,0.04638782516121864,0.009754721075296402,0.9410008788108826
-23.0939998626709,18.246000289916992,1.0106173753738403,0.3732468783855438,0.173122376203537,0.08892972767353058,0.07127998769283295,0.019640009850263596
-22.0939998626709,-10.753999710083008,1.0409826040267944,2.04539155960083,0.8746916651725769,0.9417396783828735,-0.0908651277422905,0.0011846855049952865
-22.0939998626709,-10.753999710083008,0.590517520904541,3.603841781616211,0.004788555204868317,0.09257221966981888,0.3523823916912079,0.9639737010002136
-22.0939998626709,-10.753999710083008,0.5307580828666687,5.016387939453125,0.009993530809879303,1.7090822458267212,0.30851978063583374,0.0348416231572628
-22.0939998626709,-9.753999710083008,0.5073603391647339,5.972301006317139,0.03217129036784172,2.9528443813323975,0.005267968866974115,0.01465150061994791
-22.0939998626709,-9.753999710083008,0.9402830004692078,2.8958873748779297,0.07604414224624634,0.02134634554386139,0.10277474671602249,0.9851906895637512
-22.0939998626709,-9.753999710083008,0.9128859043121338,6.007967948913574,0.22120095789432526,0.8500258922576904,-0.07840921729803085,0.00015780805551912636
-22.0939998626709,-7.754000186920166,0.7114335298538208,1.3161944150924683,0.10813036561012268,2.0204389095306396,0.08561733365058899,0.03559126332402229
-22.0939998626709,-7.754000186920166,0.7413875460624695,3.0963382720947266,0.020548569038510323,0.02780025079846382,-0.03131784126162529,0.9604698419570923
-22.0939998626709,-7.754000186920166,0.8045159578323364,5.6318359375,0.07104852050542831,0.6482734084129333,-0.008680212311446667,0.003938952926546335
-22.0939998626709,-6.754000186920166,0.6646893620491028,1.9018205404281616,0.09295327961444855,4.540241718292236,0.29080599546432495,0.0031110376585274935
-22.0939998626709,-6.754000186920166,0.7847754955291748,3.736208438873291,0.06538968533277512,0.10129415988922119,-0.20414969325065613,0.9968554973602295
-22.0939998626709,-6.754000186920166,0.8292303085327148,5.613285064697266,0.3694082796573639,1.1729148626327515,0.2265312820672989,3.339932663948275e-05
-22.0939998626709,-5.754000186920166,0.5447958707809448,2.7047362327575684,0.02008790150284767,1.412316083908081,0.10720709711313248,0.7933061718940735
-22.0939998626709,-5.754000186920166,0.7464471459388733,3.4754514694213867,0.09467378258705139,0.3765438497066498,0.26638850569725037,0.19816122949123383
-22.0939998626709,-5.754000186920166,0.8291523456573486,0.6534246206283569,0.11377838999032974,0.41851794719696045,0.06538707762956619,0.008532668463885784
-22.0939998626709,-0.7540000081062317,0.6516759991645813,3.9456870555877686,0.06001710891723633,1.3189841508865356,0.021732229739427567,0.20753167569637299
-22.0939998626709,-0.7540000081062317,1.1044156551361084,2.590261936187744,0.13748706877231598,0.03600315749645233,0.22932778298854828,0.11520334333181381
-22.0939998626709,-0.7540000081062317,1.1103248596191406,5.699873924255371,0.08399420976638794,0.030152879655361176,0.0018455544486641884,0.6772649884223938
-22.0939998626709,0.2460000067949295,0.9620076417922974,1.216126561164856,0.11551487445831299,0.8474181890487671,0.04168647527694702,0.3895758390426636
-22.0939998626709,0.2460000067949295,0.708181619644165,3.1903576850891113,0.17913538217544556,2.716865062713623,0.26420316100120544,0.06671930104494095
-22.0939998626709,0.2460000067949295,0.6933985352516174,5.472100734710693,0.04626983404159546,0.18892653286457062,0.12568295001983643,0.5437048673629761
-22.0939998626709,1.246000051498413,0.7113208770751953,5.876725673675537,0.054072145372629166,0.6262866258621216,-0.060944631695747375,0.12081536650657654
-22.0939998626709,1.246000051498413,0.5843336582183838,2.072402238845825,0.13061533868312836,3.8455615043640137,0.1642136573791504,0.002611086703836918
-22.0939998626709,1.246000051498413,0.6493299007415771,5.695892333984375,0.014834337867796421,0.1464429348707199,0.014544141478836536,0.8765735626220703
-22.0939998626709,2.246000051498413,0.4406704902648926,3.362356185913086,0.06056084483861923,1.0247552394866943,-0.07054085284471512,0.1766258180141449
-22.0939998626709,2.246000051498413,0.5403359532356262,2.5399417877197266,0.022529082372784615,0.4603780508041382,-0.15392901003360748,0.8059088587760925
-22.0939998626709,2.246000051498413,0.5572183728218079,5.957298755645752,0.04590002819895744,2.752615213394165,0.02329420857131481,0.017465298995375633
-22.0939998626709,3.246000051498413,0.7508330941200256,0.8015462160110474,0.05913110449910164,2.366987466812134,0.04026403650641441,0.37917089462280273
-22.0939998626709,3.246000051498413,1.1641939878463745,3.4502902030944824,0.1609732210636139,0.09497775137424469,-0.06297574937343597,0.26861587166786194
-22.0939998626709,3.246000051498413,1.2230418920516968,0.21133297681808472,0.12182284146547318,0.05186224728822708,0.1539233922958374,0.3522132337093353
-22.0939998626709,4.245999813079834,0.849696159362793,6.248202323913574,0.09757351875305176,1.2177588939666748,0.030956607311964035,0.04219568893313408
-22.0939998626709,4.245999813079834,1.2345490455627441,3.415682792663574,0.1445176601409912,0.1161118745803833,-0.025412680581212044,0.3674851655960083
-22.0939998626709,4.245999813079834,1.231563687324524,0.13804373145103455,0.08405114710330963,0.06818804144859314,0.002936167176812887,0.5903190970420837
-22.0939998626709,5.245999813079834,0.7434089779853821,5.522488594055176,0.03839996084570885,1.9722635746002197,0.11169595271348953,0.12450943142175674
-22.0939998626709,5.245999813079834,1.0973795652389526,3.731436014175415,0.09174901247024536,0.18634118139743805,-0.08994925767183304,0.5019587874412537
-22.0939998626709,5.245999813079834,1.2234714031219482,0.2324850857257843,0.0924718901515007,0.08576086163520813,-0.012292338535189629,0.3735317885875702
-22.0939998626709,6.245999813079834,0.6836704015731812,0.2806236743927002,0.04388027638196945,2.147439479827881,0.04559565335512161,0.1568138748407364
-22.0939998626709,6.245999813079834,1.1610738039016724,3.775442361831665,0.09854855388402939,0.052127111703157425,-0.012159556150436401,0.43887197971343994
-22.0939998626709,6.245999813079834,1.2443217039108276,0.34487080574035645,0.10513700544834137,0.051187898963689804,-0.08176933228969574,0.4043141007423401
-22.0939998626709,7.245999813079834,0.812767744064331,1.8183910846710205,0.05766749009490013,1.167078971862793,0.05470960959792137,0.09494081139564514
-22.0939998626709,7.245999813079834,1.2192745208740234,3.8538925647735596,0.08547608554363251,0.026088884100317955,-0.07211414724588394,0.19049957394599915
-22.0939998626709,7.245999813079834,1.4182419776916504,0.42260628938674927,0.18062423169612885,0.036210499703884125,0.10140376538038254,0.7145596742630005
-22.0939998626709,8.246000289916992,1.1002416610717773,0.597389817237854,0.1147707849740982,0.7971886992454529,0.1044994443655014,0.09815597534179688
-22.0939998626709,8.246000289916992,1.205456256866455,3.2576494216918945,0.11736785620450974,0.06444814801216125,0.446839839220047,0.033377740532159805
-22.0939998626709,8.246000289916992,1.299387812614441,0.5351599454879761,0.08726928383111954,0.08691218495368958,0.1809699684381485,0.868466317653656
-22.0939998626709,9.246000289916992,0.6662906408309937,1.0921052694320679,0.00465514836832881,0.3651072382926941,-0.1293722540140152,0.9813926815986633
-22.0939998626709,9.246000289916992,0.9797534942626953,2.432143211364746,0.3018876314163208,0.1708182841539383,0.26348283886909485,0.0008400270016863942
-22.0939998626709,9.246000289916992,0.8131213188171387,5.890300750732422,0.05864305794239044,0.07694261521100998,0.13368307054042816,0.017767276614904404
-22.0939998626709,13.246000289916992,0.848940372467041,1.2919747829437256,0.11505226790904999,1.9456665515899658,0.017690550535917282,0.05065235495567322
-22.0939998626709,13.246000289916992,1.0342963933944702,2.4763901233673096,0.0788545235991478,0.04576622322201729,0.07609547674655914,0.940321683883667
-22.0939998626709,13.246000289916992,1.0018442869186401,5.74885892868042,0.13813628256320953,0.22251972556114197,0.023798920214176178,0.009025869891047478
-22.0939998626709,14.246000289916992,1.0045608282089233,3.9642488956451416,0.3030530512332916,3.0164544582366943,0.07474084198474884,0.004172934219241142
-22.0939998626709,14.246000289916992,1.1038100719451904,2.3424911499023438,0.0394023098051548,0.0241928119212389,0.09651561081409454,0.9953309893608093
-22.0939998626709,14.246000289916992,0.9879629611968994,5.254420280456543,0.12934520840644836,1.0322084426879883,0.06956899911165237,0.0004961253725923598
-22.0939998626709,15.246000289916992,0.822256863117218,1.2064608335494995,0.10835754871368408,1.4842880964279175,-0.016830507665872574,0.019454458728432655
-22.0939998626709,15.246000289916992,1.0879755020141602,2.3948848247528076,0.05516156554222107,0.07451058179140091,-0.011760082095861435,0.9792225360870361
-22.0939998626709,15.246000289916992,1.1987141370773315,0.5529934167861938,0.28922203183174133,0.21765151619911194,0.004272158723324537,0.0013229119358584285
-22.0939998626709,16.246000289916992,0.8321669697761536,0.11595789343118668,0.17490968108177185,2.0910143852233887,0.004000547342002392,0.017611512914299965
-22.0939998626709,16.246000289916992,1.1079075336456299,2.0995147228240967,0.08284355700016022,0.02484690397977829,-0.13486969470977783,0.9773766994476318
-22.0939998626709,16.246000289916992,1.1332391500473022,5.618325233459473,0.31684553623199463,0.47787225246429443,0.03447737172245979,0.005011835601180792
-22.0939998626709,17.246000289916992,0.7221381664276123,6.238953590393066,0.03432406112551689,1.6899449825286865,0.10745315253734589,0.047137096524238586
-22.0939998626709,17.246000289916992,1.0509471893310547,1.9903380870819092,0.0777105838060379,0.027673201635479927,0.09525465220212936,0.9528443217277527
-22.0939998626709,17.246000289916992,0.8418275117874146,5.944611549377441,0.28675276041030884,4.448957920074463,0.03850831836462021,1.85905064427061e-05
-22.0939998626709,18.246000289916992,0.9419763088226318,2.301220655441284,0.29350247979164124,2.3219449520111084,0.14362792670726776,0.020206496119499207
-22.0939998626709,18.246000289916992,0.8914884328842163,1.8132295608520508,0.05039644241333008,0.08746279031038284,0.3148770034313202,0.9093227386474609
-22.0939998626709,18.246000289916992,0.9550661444664001,1.1171754598617554,0.17533032596111298,0.06399047374725342,-0.00890450831502676,0.07047072052955627
-21.0939998626709,-10.753999710083008,0.8662435412406921,0.13961054384708405,0.5880903005599976,1.514589548110962,-0.022101832553744316,0.0020140812266618013
-21.0939998626709,-10.753999710083008,0.6135361194610596,3.9607906341552734,0.006894533056765795,0.10798228532075882,-0.20595403015613556,0.9884598255157471
-21.0939998626709,-10.753999710083008,0.5975578427314758,4.1966047286987305,0.008910357020795345,1.6067792177200317,0.27253222465515137,0.009526053443551064
-21.0939998626709,-9.753999710083008,0.8228443264961243,1.7189120054244995,0.05649629607796669,1.536517858505249,-0.017018059268593788,0.0908549576997757
-21.0939998626709,-9.753999710083008,1.069602370262146,3.1670432090759277,0.12060651183128357,0.10458391159772873,0.12113160640001297,0.9088464379310608
-21.0939998626709,-9.753999710083008,0.9031919240951538,6.155666828155518,0.16016395390033722,0.3286287188529968,-0.18346327543258667,0.00029854109743610024
-21.0939998626709,-6.754000186920166,0.8434903621673584,0.35586094856262207,0.4613291323184967,2.266892194747925,0.2332446277141571,0.01816372200846672
-21.0939998626709,-6.754000186920166,0.9188448190689087,3.7935986518859863,0.07065587490797043,0.04429484158754349,-0.3195282816886902,0.9811893701553345
-21.0939998626709,-6.754000186920166,0.861743688583374,5.339508056640625,0.23486945033073425,0.7096845507621765,0.28800466656684875,0.0006469380459748209
-21.0939998626709,-5.754000186920166,0.5733653903007507,3.997206926345825,0.04726171866059303,1.312355399131775,-0.023324493318796158,0.16812150180339813
-21.0939998626709,-5.754000186920166,0.9791799187660217,3.6157140731811523,0.0875144824385643,0.04298381507396698,0.14053627848625183,0.8132526278495789
-21.0939998626709,-5.754000186920166,0.9135585427284241,0.307978093624115,0.10192514210939407,0.42270806431770325,-0.05501142889261246,0.018625859171152115
-21.0939998626709,-4.754000186920166,0.8016764521598816,3.4660301208496094,0.12863287329673767,2.1927671432495117,0.0074653057381510735,0.04499172419309616
-21.0939998626709,-4.754000186920166,0.904208242893219,3.7452030181884766,0.03408560901880264,0.010499722324311733,0.281769335269928,0.9415175914764404
-21.0939998626709,-4.754000186920166,1.0143848657608032,1.0734026432037354,0.19847653806209564,0.14259418845176697,0.07640190422534943,0.013490751385688782
-21.0939998626709,-1.753999948501587,0.9049486517906189,2.5075745582580566,0.1522257775068283,1.8823453187942505,-0.058817725628614426,0.00804200116544962
-21.0939998626709,-1.753999948501587,0.7247878313064575,1.252647876739502,0.07364945858716965,0.3875308334827423,0.38649559020996094,0.9023197889328003
-21.0939998626709,-1.753999948501587,0.7741805911064148,4.0761003494262695,0.12722672522068024,0.1931026428937912,0.3303341269493103,0.08963827043771744
-21.0939998626709,-0.7540000081062317,0.8910534381866455,6.053003311157227,0.16160786151885986,1.7439725399017334,0.06511151790618896,0.09494013339281082
-21.0939998626709,-0.7540000081062317,1.0046426057815552,3.036403179168701,0.06401380896568298,0.07358928769826889,-0.023948023095726967,0.6519933342933655
-21.0939998626709,-0.7540000081062317,1.152124047279358,6.151061534881592,0.08362466841936111,0.03044126369059086,-0.11566292494535446,0.2530665099620819
-21.0939998626709,1.246000051498413,0.6543670892715454,5.8063483238220215,0.06622026860713959,0.8327149748802185,-0.028241047635674477,0.5093456506729126
-21.0939998626709,1.246000051498413,0.5864437222480774,2.7421958446502686,0.11318820714950562,0.40046191215515137,0.08297354727983475,0.035818472504615784
-21.0939998626709,1.246000051498413,0.6885597109794617,5.660313606262207,0.03815656527876854,0.20687918365001678,-0.07202161848545074,0.45483583211898804
-21.0939998626709,2.246000051498413,0.5065879821777344,6.073294162750244,0.04848076403141022,1.6173313856124878,-0.1206146627664566,0.33005058765411377
-21.0939998626709,2.246000051498413,0.5580382347106934,3.8778107166290283,0.024024443700909615,0.44180828332901,-0.029785923659801483,0.24826592206954956
-21.0939998626709,2.246000051498413,0.6256610751152039,5.9148478507995605,0.015404917299747467,0.1370423436164856,0.09331657737493515,0.42168354988098145
-21.0939998626709,3.246000051498413,0.6852158308029175,1.9935137033462524,0.03037814237177372,1.73206627368927,-0.0235186405479908,0.5018095970153809
-21.0939998626709,3.246000051498413,1.0807466506958008,3.275665044784546,0.12384049594402313,0.10647464543581009,0.030569836497306824,0.23777329921722412
-21.0939998626709,3.246000051498413,1.1533805131912231,0.24814078211784363,0.09329666942358017,0.07683400064706802,0.07420673966407776,0.2604171335697174
-21.0939998626709,4.245999813079834,0.7551870942115784,2.1455252170562744,0.031102506443858147,1.1497687101364136,0.0332157164812088,0.3813866078853607
-21.0939998626709,4.245999813079834,1.0746262073516846,3.354995012283325,0.08755801618099213,0.10251504182815552,0.10555855929851532,0.18376865983009338
-21.0939998626709,4.245999813079834,1.1171190738677979,0.13357016444206238,0.07363299280405045,0.048141125589609146,0.1737135946750641,0.4348447322845459
-21.0939998626709,5.245999813079834,0.8117470741271973,1.5209428071975708,0.04312952235341072,1.307763934135437,0.01954946108162403,0.19105994701385498
-21.0939998626709,5.245999813079834,1.0474330186843872,3.376103401184082,0.09641143679618835,0.1800469309091568,0.15697146952152252,0.38771316409111023
-21.0939998626709,5.245999813079834,1.1445814371109009,0.19255861639976501,0.08922853320837021,0.08245193958282471,0.015047180466353893,0.4212268888950348
-21.0939998626709,6.245999813079834,0.7493948340415955,1.0517873764038086,0.052173689007759094,1.7823466062545776,0.05237223207950592,0.21691016852855682
-21.0939998626709,6.245999813079834,1.088061809539795,3.775667428970337,0.11185608059167862,0.08506529033184052,0.05242164060473442,0.38490810990333557
-21.0939998626709,6.245999813079834,1.164719820022583,0.438921183347702,0.10107829421758652,0.07674379646778107,-0.08816592395305634,0.3981817066669464
-21.0939998626709,7.245999813079834,0.8006433248519897,2.8396382331848145,0.06101679801940918,1.6310205459594727,0.0428907610476017,0.17448656260967255
-21.0939998626709,7.245999813079834,1.1503287553787231,3.903373956680298,0.09123822301626205,0.029649611562490463,-0.01502927951514721,0.34832820296287537
-21.0939998626709,7.245999813079834,1.2337985038757324,0.5355711579322815,0.10796289891004562,0.05692421272397041,0.0778467059135437,0.4771852195262909
-21.0939998626709,8.246000289916992,1.0101310014724731,1.8721389770507812,0.16723491251468658,1.6087671518325806,0.1334972083568573,0.14218555390834808
-21.0939998626709,8.246000289916992,1.164993405342102,3.712965250015259,0.10257655382156372,0.017099060118198395,0.2817942798137665,0.14733609557151794
-21.0939998626709,8.246000289916992,1.2207120656967163,0.533136248588562,0.09297946095466614,0.05098467692732811,0.11788871139287949,0.7104783654212952
-21.0939998626709,9.246000289916992,0.9733309149742126,0.7059058547019958,0.07305065542459488,1.070922613143921,0.07611116766929626,0.42233186960220337
-21.0939998626709,9.246000289916992,1.1204633712768555,3.4770312309265137,0.13501563668251038,0.057580962777137756,0.10562581568956375,0.05954398587346077
-21.0939998626709,9.246000289916992,1.0239155292510986,0.40431761741638184,0.04702311381697655,0.024835603311657906,-0.005933011416345835,0.5181241631507874
-21.0939998626709,12.246000289916992,0.714586079120636,5.946159839630127,0.023798024281859398,1.1813479661941528,-0.03883533924818039,0.5101848840713501
-21.0939998626709,12.246000289916992,0.9885489344596863,2.488632917404175,0.10554094612598419,0.05608067288994789,0.2181188315153122,0.38944268226623535
-21.0939998626709,12.246000289916992,1.1046392917633057,5.732154369354248,0.09367707371711731,0.06916192919015884,-0.015663931146264076,0.10037238895893097
-21.0939998626709,13.246000289916992,0.8932232856750488,0.3142892122268677,0.13848549127578735,1.944977045059204,0.2003333866596222,0.006997864693403244
-21.0939998626709,13.246000289916992,1.1995278596878052,2.3811843395233154,0.09805109351873398,0.045925941318273544,0.13213734328746796,0.9921993613243103
-21.0939998626709,13.246000289916992,0.9722614288330078,6.001851558685303,0.12922073900699615,0.26456254720687866,-0.08219175040721893,0.0008027839940041304
-21.0939998626709,14.246000289916992,1.1290547847747803,5.511367321014404,0.712302565574646,2.0331335067749023,0.13706792891025543,0.004609252326190472
-21.0939998626709,14.246000289916992,1.065436840057373,2.4193246364593506,0.04650385305285454,0.028377071022987366,0.20934410393238068,0.9919914603233337
-21.0939998626709,14.246000289916992,0.8549420237541199,4.279467582702637,0.10551805049180984,1.2527053356170654,0.19864261150360107,0.0033993078395724297
-21.0939998626709,15.246000289916992,1.0062332153320312,0.2401542216539383,1.0238579511642456,2.2220675945281982,0.06682796776294708,0.021922513842582703
-21.0939998626709,15.246000289916992,1.0743902921676636,2.1669745445251465,0.07624776661396027,0.039890531450510025,-0.10691453516483307,0.9581757187843323
-21.0939998626709,15.246000289916992,1.0369991064071655,6.059022903442383,0.1608329862356186,0.18365904688835144,0.01357149239629507,0.019901761785149574
-21.0939998626709,16.246000289916992,0.6956411600112915,5.16322135925293,0.119377002120018,3.0335659980773926,0.03651317581534386,0.052680693566799164
-21.0939998626709,16.246000289916992,0.9243899583816528,2.193796157836914,0.07902728021144867,0.03898226469755173,-0.04652979224920273,0.8269011378288269
-21.0939998626709,16.246000289916992,0.9281140565872192,5.666601181030273,0.11102618277072906,0.10047978907823563,0.011865150183439255,0.12041817605495453
-21.0939998626709,17.246000289916992,0.700859546661377,6.02928352355957,0.03593198210000992,2.1116726398468018,0.009766092523932457,0.0040810988284647465
-21.0939998626709,17.246000289916992,1.0289552211761475,2.214726448059082,0.06249034404754639,0.09795842319726944,0.2284012734889984,0.9958957433700562
-21.0939998626709,17.246000289916992,1.0183523893356323,4.218722343444824,0.2696429491043091,1.137782096862793,0.13784582912921906,2.3209729988593608e-05
-20.0939998626709,-10.753999710083008,0.5210164189338684,3.669050693511963,0.1127500981092453,0.7955797910690308,0.08876404166221619,0.013801973313093185
-20.0939998626709,-10.753999710083008,0.45715630054473877,3.1769309043884277,0.08546200394630432,2.558283805847168,-0.40502142906188965,0.00826034415513277
-20.0939998626709,-10.753999710083008,0.6021838188171387,4.370209693908691,0.00865652784705162,0.14148202538490295,0.11065816879272461,0.9779376983642578
-20.0939998626709,-9.753999710083008,0.9099451303482056,2.216562271118164,0.028191206976771355,0.832551896572113,-0.06830523908138275,0.24462352693080902
-20.0939998626709,-9.753999710083008,0.9460093975067139,3.432635545730591,0.0745471864938736,0.3101198673248291,0.1162104457616806,0.7540091276168823
-20.0939998626709,-9.753999710083008,0.814796507358551,4.508090019226074,0.07846105098724365,0.1366569995880127,0.029940515756607056,0.0013673321809619665
-20.0939998626709,-8.753999710083008,0.6856933236122131,2.3449454307556152,0.03754627704620361,0.8624941110610962,-0.2390245497226715,0.036978330463171005
-20.0939998626709,-8.753999710083008,0.6191219687461853,2.10841703414917,0.026011906564235687,0.18217888474464417,-0.16125185787677765,0.9186298251152039
-20.0939998626709,-8.753999710083008,0.7687423229217529,3.5756659507751465,0.052498962730169296,0.3966539204120636,0.1095210611820221,0.04439189285039902
-20.0939998626709,-6.754000186920166,1.1216542720794678,4.913795471191406,1.573065161705017,1.8668876886367798,0.08530384302139282,0.15977910161018372
-20.0939998626709,-6.754000186920166,1.000551700592041,3.86714506149292,0.08012651652097702,0.24718239903450012,-0.2667524516582489,0.1678515523672104
-20.0939998626709,-6.754000186920166,0.977125346660614,5.548520088195801,0.05132007971405983,0.18113839626312256,0.15059325098991394,0.6723693609237671
-20.0939998626709,-5.754000186920166,0.671809196472168,2.3694465160369873,0.13657642900943756,1.1763859987258911,0.004581730347126722,0.049429528415203094
-20.0939998626709,-5.754000186920166,1.1159138679504395,3.3906164169311523,0.10843916237354279,0.041270095854997635,0.055629175156354904,0.9431744813919067
-20.0939998626709,-5.754000186920166,0.957520067691803,0.019610028713941574,0.14357098937034607,0.6657259464263916,-0.05669357255101204,0.007396018132567406
-20.0939998626709,-4.754000186920166,0.8071428537368774,2.1978538036346436,0.07640750706195831,3.5137391090393066,0.17134003341197968,0.12282337993383408
-20.0939998626709,-4.754000186920166,0.9453504681587219,3.6129555702209473,0.09641975909471512,0.03503146395087242,-0.038379643112421036,0.7718515992164612
-20.0939998626709,-4.754000186920166,0.7761184573173523,0.580081045627594,0.07341165095567703,0.11879869550466537,0.05540855601429939,0.1053251251578331
-20.0939998626709,-3.753999948501587,1.0315226316452026,2.672170639038086,0.32379311323165894,2.9671549797058105,0.23417958617210388,0.0060661593452095985
-20.0939998626709,-3.753999948501587,0.8860318660736084,4.083500862121582,0.03027578815817833,0.009456316940486431,-0.12342950701713562,0.3377683460712433
-20.0939998626709,-3.753999948501587,0.8120512366294861,0.5603986382484436,0.047532349824905396,0.15309055149555206,-0.04736115410923958,0.6561654210090637
-20.0939998626709,-2.753999948501587,0.8120527863502502,0.9182572960853577,0.07304436713457108,2.7785189151763916,0.0772545114159584,0.07447303831577301
-20.0939998626709,-2.753999948501587,1.1341278553009033,3.8771378993988037,0.07284464687108994,0.025501225143671036,-0.029112834483385086,0.44961485266685486
-20.0939998626709,-2.753999948501587,0.896993100643158,0.9204210042953491,0.04201004281640053,0.04156988114118576,-0.2084265798330307,0.47591206431388855
-20.0939998626709,-1.753999948501587,1.3736947774887085,3.372061252593994,0.5247390270233154,1.1364850997924805,-0.12910234928131104,0.006438826210796833
-20.0939998626709,-1.753999948501587,1.0250288248062134,1.6434659957885742,0.003249036381021142,0.02486714906990528,-0.44841769337654114,0.9934812784194946
-20.0939998626709,-1.753999948501587,0.7221742272377014,1.6660842895507812,0.02851942926645279,17.098539352416992,0.6394708156585693,7.997795910341665e-05
-20.0939998626709,-0.7540000081062317,0.9112076759338379,4.716928482055664,0.1037798598408699,0.6875128149986267,0.09421523660421371,0.19910351932048798
-20.0939998626709,-0.7540000081062317,1.1312471628189087,2.9260547161102295,0.09574172645807266,0.09320806711912155,-0.08509638905525208,0.34832894802093506
-20.0939998626709,-0.7540000081062317,1.0245122909545898,6.258832931518555,0.06885857880115509,0.055327948182821274,-0.2022811770439148,0.45256757736206055
-20.0939998626709,0.2460000067949295,0.5834996700286865,0.3151509463787079,0.11757311969995499,1.4509316682815552,-0.1854521930217743,0.006979884579777718
-20.0939998626709,0.2460000067949295,0.654471218585968,3.885093927383423,0.020517835393548012,0.21705493330955505,-0.23502182960510254,0.9837115406990051
-20.0939998626709,0.2460000067949295,0.5695370435714722,4.651553153991699,0.010577819310128689,5.726577281951904,0.048155829310417175,0.00930852722376585
-20.0939998626709,1.246000051498413,0.781017005443573,4.943357467651367,0.2591548264026642,1.4255993366241455,-0.13478218019008636,0.06253410875797272
-20.0939998626709,1.246000051498413,0.5585914850234985,2.9453585147857666,0.040691617876291275,0.15251070261001587,0.263232558965683,0.4323118031024933
-20.0939998626709,1.246000051498413,0.6392478346824646,5.547037124633789,0.01962253637611866,0.43519702553749084,0.055676139891147614,0.5051541328430176
-20.0939998626709,2.246000051498413,0.6868786811828613,5.763670444488525,0.14129437506198883,3.6192636489868164,0.07228876650333405,0.40404629707336426
-20.0939998626709,2.246000051498413,0.6616594791412354,3.1578528881073,0.02568765915930271,0.20772385597229004,-0.25723084807395935,0.5612863302230835
-20.0939998626709,2.246000051498413,0.6813122034072876,5.954662322998047,0.02286454662680626,0.21131694316864014,0.14875803887844086,0.03466734662652016
-20.0939998626709,3.246000051498413,0.6570324897766113,1.0721229314804077,0.027987726032733917,2.124018907546997,-0.022579548880457878,0.3178117573261261
-20.0939998626709,3.246000051498413,1.0764213800430298,3.1182870864868164,0.1057710349559784,0.1073896661400795,0.04966181889176369,0.2541643977165222
-20.0939998626709,3.246000051498413,1.146364450454712,6.200097560882568,0.08707371354103088,0.03324902057647705,0.13882200419902802,0.4280238449573517
-20.0939998626709,4.245999813079834,0.7034522891044617,1.2681140899658203,0.02397460676729679,2.0743188858032227,0.012788946740329266,0.30417847633361816
-20.0939998626709,4.245999813079834,1.009216547012329,3.2081048488616943,0.07874300330877304,0.09198718518018723,0.17296214401721954,0.3221246004104614
-20.0939998626709,4.245999813079834,1.1576544046401978,0.05868209898471832,0.10114451497793198,0.07292252779006958,0.2755485773086548,0.3736969232559204
-20.0939998626709,5.245999813079834,0.7688791155815125,0.13641731441020966,0.0399312786757946,1.216500163078308,-0.005104430951178074,0.30588147044181824
-20.0939998626709,5.245999813079834,1.0325268507003784,3.2240166664123535,0.10402713716030121,0.11427243798971176,0.2557430565357208,0.36073073744773865
-20.0939998626709,5.245999813079834,1.1266342401504517,0.06271786987781525,0.09503643959760666,0.07193956524133682,-0.003040102543309331,0.3333877623081207
-20.0939998626709,6.245999813079834,0.8629518151283264,1.2664424180984497,0.09988871961832047,1.4710533618927002,0.0783214196562767,0.23943151533603668
-20.0939998626709,6.245999813079834,1.0479120016098022,3.6177353858947754,0.11866256594657898,0.08480914682149887,0.2247234433889389,0.41346484422683716
-20.0939998626709,6.245999813079834,1.0451319217681885,0.34710991382598877,0.09854662418365479,0.15362031757831573,-0.013009781017899513,0.3471035659313202
-20.0939998626709,7.245999813079834,0.8471235036849976,2.4249660968780518,0.07134167850017548,1.4784330129623413,0.09824434667825699,0.1270984262228012
-20.0939998626709,7.245999813079834,1.1797279119491577,3.921354293823242,0.10019576549530029,0.07862940430641174,0.11908767372369766,0.3519822657108307
-20.0939998626709,7.245999813079834,1.148695707321167,0.5588139295578003,0.07714402675628662,0.09152977913618088,0.13795161247253418,0.5209192633628845
-20.0939998626709,8.246000289916992,1.1722190380096436,5.7763824462890625,0.642920732498169,2.9005770683288574,0.2735600769519806,0.11514604091644287
-20.0939998626709,8.246000289916992,1.1859346628189087,3.9781503677368164,0.09802098572254181,0.06252361088991165,-0.07168473303318024,0.37705475091934204
-20.0939998626709,8.246000289916992,1.103271245956421,0.6386644244194031,0.06787574291229248,0.06665048748254776,0.03375943750143051,0.5077992081642151
-20.0939998626709,9.246000289916992,1.1019036769866943,6.01542329788208,0.36526814103126526,1.703613519668579,0.17736190557479858,0.11584053188562393
-20.0939998626709,9.246000289916992,1.0954310894012451,4.260636329650879,0.10588937252759933,0.10612457245588303,-0.10243294388055801,0.14512252807617188
-20.0939998626709,9.246000289916992,1.2810696363449097,0.8101116418838501,0.09327611327171326,0.026967432349920273,-0.08903177082538605,0.7390369176864624
-20.0939998626709,10.246000289916992,1.0870139598846436,3.9928112030029297,0.14090457558631897,0.466947466135025,0.20336440205574036,0.5088642239570618
-20.0939998626709,10.246000289916992,1.021685242652893,2.8128247261047363,0.17206993699073792,0.8543907403945923,-0.2420751452445984,0.05055096000432968
-20.0939998626709,10.246000289916992,1.0605502128601074,6.187312602996826,0.12378603219985962,0.28020575642585754,0.062317755073308945,0.44058477878570557
-20.0939998626709,11.246000289916992,1.1623525619506836,5.5101141929626465,1.5827138423919678,1.8118621110916138,0.3185216784477234,0.008934957906603813
-20.0939998626709,11.246000289916992,1.0838801860809326,2.293773651123047,0.08665189892053604,0.1247449740767479,-0.2542324960231781,0.9906904697418213
-20.0939998626709,11.246000289916992,0.9993588328361511,4.247014045715332,0.4499939978122711,7.1294050216674805,0.4762749671936035,0.0003745574795175344
-20.0939998626709,12.246000289916992,0.9908456206321716,5.48604154586792,0.2445407658815384,1.6022619009017944,-0.019502785056829453,0.007561343256384134
-20.0939998626709,12.246000289916992,1.2189438343048096,2.1731581687927246,0.0696282833814621,0.07223442196846008,-0.18735122680664062,0.9921125173568726
-20.0939998626709,12.246000289916992,1.3951237201690674,0.38069841265678406,0.7265208959579468,0.8340954184532166,0.08157055079936981,0.0003262362733948976
-20.0939998626709,13.246000289916992,0.8359411954879761,5.049379825592041,0.1475994735956192,1.874873399734497,0.3492871820926666,0.0008197795832529664
-20.0939998626709,13.246000289916992,1.1205723285675049,2.2101712226867676,0.10462750494480133,0.11270295828580856,0.13217709958553314,0.9986555576324463
-20.0939998626709,13.246000289916992,0.9084432721138,5.349837303161621,0.0880637839436531,0.35463982820510864,-0.027991870418190956,0.0005246378714218736
-20.0939998626709,14.246000289916992,1.2196922302246094,1.1658930778503418,0.8378092050552368,1.1263468265533447,0.28918102383613586,0.030638020485639572
-20.0939998626709,14.246000289916992,1.1422723531723022,2.2656822204589844,0.092464879155159,0.06536301225423813,0.06910011172294617,0.9581117033958435
-20.0939998626709,14.246000289916992,0.917350172996521,4.81593656539917,0.11818086355924606,0.8356919288635254,0.17917314171791077,0.01125021930783987
-20.0939998626709,15.246000289916992,0.9824815392494202,0.45627307891845703,0.6035727858543396,2.3701889514923096,0.0923379585146904,0.0031726122833788395
-20.0939998626709,15.246000289916992,0.9368549585342407,2.4309322834014893,0.04697101190686226,0.0218752883374691,0.11155548691749573,0.9930809140205383
-20.0939998626709,15.246000289916992,0.9861348867416382,5.731263160705566,0.14421206712722778,0.15588055551052094,-0.027268340811133385,0.003746514907106757
-20.0939998626709,16.246000289916992,0.7812625765800476,5.598230838775635,0.30312588810920715,5.234607219696045,0.07413300126791,0.002916903467848897
-20.0939998626709,16.246000289916992,1.0033831596374512,2.3654134273529053,0.0640297681093216,0.024740442633628845,-0.05796143785119057,0.9322202205657959
-20.0939998626709,16.246000289916992,0.8437106609344482,5.596019268035889,0.07522302120923996,0.13468365371227264,0.009346835315227509,0.06486279517412186
-20.0939998626709,19.246000289916992,1.0470821857452393,4.105250358581543,0.3328048586845398,1.3511449098587036,0.10176217555999756,0.4541357159614563
-20.0939998626709,19.246000289916992,1.1282345056533813,2.5955750942230225,0.11906903982162476,0.0723097175359726,-0.07724776118993759,0.24264080822467804
-20.0939998626709,19.246000289916992,1.048806071281433,5.944863319396973,0.08872144669294357,0.14607787132263184,-0.09478417783975601,0.3032234013080597
-20.0939998626709,20.246000289916992,1.2777758836746216,2.6406075954437256,0.6489865779876709,0.8850865364074707,0.0653449222445488,0.029044652357697487
-20.0939998626709,20.246000289916992,0.9746037125587463,2.312976360321045,0.05564204603433609,0.04936797171831131,0.02506326697766781,0.8629730343818665
-20.0939998626709,20.246000289916992,1.2513495683670044,5.537397861480713,0.08840291202068329,0.07113470882177353,0.05770234763622284,0.1079823449254036
-19.0939998626709,-11.753999710083008,0.5804029703140259,3.8717586994171143,0.06647896021604538,1.0726745128631592,0.18764537572860718,0.06012343615293503
-19.0939998626709,-11.753999710083008,0.4019011855125427,3.1305992603302,0.16205917298793793,2.1658639907836914,-0.06086968258023262,0.003156030550599098
-19.0939998626709,-11.753999710083008,0.6454246640205383,4.270601272583008,0.029267044737935066,0.06482332944869995,0.11076301336288452,0.9367205500602722
-19.0939998626709,-10.753999710083008,0.5943841934204102,5.217416763305664,0.05421015992760658,0.8255333304405212,-0.025542858988046646,0.08410327136516571
-19.0939998626709,-10.753999710083008,0.5603374242782593,2.788747549057007,0.05141700431704521,1.2632733583450317,-0.32479333877563477,0.022650303319096565
-19.0939998626709,-10.753999710083008,0.6332013607025146,4.274293422698975,0.01119319535791874,0.14683666825294495,0.14238661527633667,0.8932464718818665
-19.0939998626709,-9.753999710083008,0.7801349759101868,1.158623218536377,0.03936232253909111,1.2681020498275757,-0.06997062265872955,0.5643056035041809
-19.0939998626709,-9.753999710083008,0.6639998555183411,2.716381311416626,0.047116875648498535,1.8860328197479248,-0.2066759616136551,0.4077901542186737
-19.0939998626709,-9.753999710083008,0.6792418956756592,4.397947788238525,0.02300991490483284,0.25847411155700684,-0.010140114463865757,0.027904251590371132
-19.0939998626709,-8.753999710083008,1.1838680505752563,5.654670715332031,0.27549201250076294,1.4273892641067505,-0.1848938912153244,0.06796906143426895
-19.0939998626709,-8.753999710083008,0.7496151328086853,0.9387973546981812,0.0192335806787014,0.3155922591686249,-0.12967270612716675,0.705586850643158
-19.0939998626709,-8.753999710083008,0.7892168164253235,3.9151456356048584,0.021865056827664375,0.28631308674812317,0.024173380807042122,0.2264440357685089
-19.0939998626709,-7.754000186920166,0.9165067672729492,2.7500808238983154,0.036276087164878845,0.29626399278640747,-0.19631314277648926,0.1955697387456894
-19.0939998626709,-7.754000186920166,0.8551682829856873,0.10058946907520294,0.04162853583693504,0.46446362137794495,0.311624675989151,0.21018840372562408
-19.0939998626709,-7.754000186920166,0.8186731338500977,4.124221324920654,0.0315309502184391,0.07826146483421326,0.33818989992141724,0.5942419171333313
-19.0939998626709,-6.754000186920166,0.913437008857727,4.3860087394714355,0.24341508746147156,1.514173150062561,-0.011771878227591515,0.4522207975387573
-19.0939998626709,-6.754000186920166,0.9796561598777771,3.1317741870880127,0.08683618903160095,0.23481561243534088,-0.009729629382491112,0.2546083927154541
-19.0939998626709,-6.754000186920166,0.9881047606468201,6.210845947265625,0.056671079248189926,0.12209776788949966,-0.16213253140449524,0.2931708097457886
-19.0939998626709,-5.754000186920166,0.9062361717224121,2.6526808738708496,0.13857339322566986,1.0925630331039429,-0.06099080294370651,0.2118588089942932
-19.0939998626709,-5.754000186920166,1.039881706237793,3.4413435459136963,0.09224869310855865,0.2299131155014038,0.005510527640581131,0.4572465121746063
-19.0939998626709,-5.754000186920166,1.0903671979904175,0.29775992035865784,0.07254844158887863,0.04555598273873329,-0.09171261638402939,0.3308946192264557
-19.0939998626709,-4.754000186920166,0.9220458269119263,2.253871440887451,0.07729847729206085,2.1449599266052246,0.11941366642713547,0.07183798402547836
-19.0939998626709,-4.754000186920166,0.9608634114265442,3.6577115058898926,0.05837024375796318,0.06715171039104462,0.05310053005814552,0.17926959693431854
-19.0939998626709,-4.754000186920166,0.900148868560791,0.5784946084022522,0.03797240927815437,0.030213572084903717,0.012135288678109646,0.7488924264907837
-19.0939998626709,-3.753999948501587,0.8829836845397949,2.548823833465576,0.13296914100646973,1.777022361755371,0.18839344382286072,0.01676018349826336
-19.0939998626709,-3.753999948501587,0.8591188192367554,3.8865890502929688,0.044287245720624924,0.030476657673716545,0.08251126855611801,0.27956241369247437
-19.0939998626709,-3.753999948501587,0.8406524062156677,0.8861072659492493,0.05113455653190613,0.1097596138715744,-0.06655185669660568,0.7036774158477783
-19.0939998626709,-2.753999948501587,0.6755878925323486,0.5800697803497314,0.025527024641633034,2.2868666648864746,0.03131566569209099,0.1881639063358307
-19.0939998626709,-2.753999948501587,1.0219155550003052,4.1259050369262695,0.08080367743968964,0.10197397321462631,0.023193562403321266,0.44225478172302246
-19.0939998626709,-2.753999948501587,0.9668948650360107,1.166931390762329,0.05720696225762367,0.05451510474085808,-0.27182164788246155,0.3695813715457916
-19.0939998626709,-1.753999948501587,1.0896234512329102,4.000419616699219,0.09921550005674362,0.59044349193573,-0.12618745863437653,0.4911213517189026
-19.0939998626709,-1.753999948501587,0.8939130306243896,1.5989128351211548,0.047218795865774155,0.31406697630882263,-0.18210896849632263,0.36850506067276
-19.0939998626709,-1.753999948501587,0.8305878043174744,5.029801368713379,0.059982605278491974,1.2301199436187744,0.1106492355465889,0.1403735727071762
-19.0939998626709,-0.7540000081062317,0.9174370765686035,0.27622753381729126,0.03754750266671181,1.229443073272705,-0.01921207830309868,0.6337659955024719
-19.0939998626709,-0.7540000081062317,1.0244940519332886,2.8756306171417236,0.10524725168943405,0.3254339396953583,-0.11811723560094833,0.1458241194486618
-19.0939998626709,-0.7540000081062317,1.1575409173965454,0.19097083806991577,0.08531706780195236,0.06528030335903168,-0.18143539130687714,0.2204098403453827
-19.0939998626709,0.2460000067949295,0.8698602318763733,5.176008701324463,0.07652126252651215,1.6716264486312866,-0.15402911603450775,0.16528725624084473
-19.0939998626709,0.2460000067949295,0.8996602296829224,2.289161443710327,0.058959558606147766,0.29228976368904114,-0.40069615840911865,0.8236358761787415
-19.0939998626709,0.2460000067949295,0.800835907459259,5.008946895599365,0.03370317071676254,1.9233295917510986,0.007759250700473785,0.011076864786446095
-19.0939998626709,1.246000051498413,0.7935103178024292,0.973172664642334,0.22099566459655762,1.2749968767166138,-0.06867840886116028,0.17849905788898468
-19.0939998626709,1.246000051498413,0.5620850324630737,2.953883647918701,0.023295672610402107,0.27587929368019104,0.051016587764024734,0.6343650817871094
-19.0939998626709,1.246000051498413,0.6746243834495544,5.630282402038574,0.024315403774380684,0.3246973752975464,0.061788931488990784,0.18713581562042236
-19.0939998626709,2.246000051498413,0.7866151928901672,0.018591726198792458,0.11019377410411835,2.0728542804718018,0.017508143559098244,0.22792667150497437
-19.0939998626709,2.246000051498413,0.8346549272537231,2.5003445148468018,0.06387968361377716,0.06830410659313202,0.19367706775665283,0.40071243047714233
-19.0939998626709,2.246000051498413,0.8974094986915588,5.8202362060546875,0.06796663254499435,0.06706582009792328,0.07492144405841827,0.3713609278202057
-19.0939998626709,3.246000051498413,0.773261547088623,0.5765327215194702,0.05474616959691048,2.0358083248138428,-0.006000647787004709,0.17883798480033875
-19.0939998626709,3.246000051498413,1.039177417755127,3.006380081176758,0.09108494967222214,0.10127703845500946,-0.019074810668826103,0.368207186460495
-19.0939998626709,3.246000051498413,1.1651278734207153,6.157200336456299,0.08878916501998901,0.0275032389909029,0.12846490740776062,0.45295479893684387
-19.0939998626709,4.245999813079834,0.7123499512672424,0.011543134227395058,0.02608412690460682,1.921867847442627,-0.0073866774328053,0.19988660514354706
-19.0939998626709,4.245999813079834,1.0385456085205078,3.0418848991394043,0.07333121448755264,0.11160445213317871,0.13646173477172852,0.3959478735923767
-19.0939998626709,4.245999813079834,1.1998933553695679,6.264640808105469,0.09765471518039703,0.047352276742458344,0.1527051329612732,0.40416550636291504
-19.0939998626709,5.245999813079834,0.8949504494667053,0.08139852434396744,0.04807453230023384,1.3387410640716553,0.06774485856294632,0.3272114098072052
-19.0939998626709,5.245999813079834,1.0380382537841797,3.1441266536712646,0.07304073125123978,0.17900384962558746,0.25343355536460876,0.3157687485218048
-19.0939998626709,5.245999813079834,1.2221332788467407,0.046390727162361145,0.07933089137077332,0.0351560153067112,0.013380605727434158,0.35701984167099
-19.0939998626709,6.245999813079834,0.7975835204124451,6.065507888793945,0.07302252948284149,1.4877064228057861,0.14125221967697144,0.2968446910381317
-19.0939998626709,6.245999813079834,0.950963020324707,3.4691526889801025,0.10608374327421188,0.26834338903427124,0.1495629847049713,0.28704148530960083
-19.0939998626709,6.245999813079834,1.1223258972167969,0.1669176071882248,0.10648573935031891,0.08439497649669647,-0.06215175241231918,0.41611385345458984
-19.0939998626709,7.245999813079834,0.8032217621803284,0.9339594841003418,0.04795186594128609,1.538661241531372,0.12200223654508591,0.3855143189430237
-19.0939998626709,7.245999813079834,1.0290676355361938,3.767852544784546,0.11000629514455795,0.1936027705669403,0.1844053715467453,0.32127758860588074
-19.0939998626709,7.245999813079834,1.1507259607315063,0.5343011617660522,0.09370314329862595,0.10003232955932617,-0.035438552498817444,0.2932080626487732
-19.0939998626709,8.246000289916992,0.9967691898345947,5.962631702423096,0.18845051527023315,2.3827085494995117,0.20366103947162628,0.350113183259964
-19.0939998626709,8.246000289916992,1.1274112462997437,4.014984607696533,0.09358376264572144,0.06883719563484192,0.005510697141289711,0.33567550778388977
-19.0939998626709,8.246000289916992,1.1172761917114258,0.7714147567749023,0.06660200655460358,0.06310006976127625,-0.015020905993878841,0.314211368560791
-19.0939998626709,9.246000289916992,1.0241484642028809,6.275092124938965,0.18344859778881073,1.8672749996185303,0.132151260972023,0.30163201689720154
-19.0939998626709,9.246000289916992,1.109745979309082,4.087680816650391,0.08798195421695709,0.06995830684900284,0.02628662809729576,0.20805826783180237
-19.0939998626709,9.246000289916992,1.2315187454223633,0.7306517362594604,0.07922111451625824,0.03524475917220116,-0.13236992061138153,0.4903096556663513
-19.0939998626709,10.246000289916992,0.9352685213088989,4.799781799316406,0.06870555877685547,0.6863487362861633,0.16525274515151978,0.6048019528388977
-19.0939998626709,10.246000289916992,0.994633674621582,2.6441869735717773,0.10705391317605972,0.5437843203544617,-0.040064286440610886,0.08300898969173431
-19.0939998626709,10.246000289916992,1.1275029182434082,1.2849618196487427,0.11417725682258606,0.08685310930013657,-0.10267140716314316,0.31218910217285156
-19.0939998626709,11.246000289916992,1.147728443145752,5.3571062088012695,0.6519051194190979,1.5452675819396973,0.23298852145671844,0.0425383485853672
-19.0939998626709,11.246000289916992,1.176713228225708,2.1184194087982178,0.09130790084600449,0.09440881758928299,-0.080580934882164,0.9458834528923035
-19.0939998626709,11.246000289916992,1.1120431423187256,5.105672836303711,0.21038936078548431,0.8655486702919006,0.24061021208763123,0.011578175239264965
-19.0939998626709,12.246000289916992,0.7684990167617798,5.417103290557861,0.05793948099017143,1.245984435081482,0.03424683213233948,0.09050777554512024
-19.0939998626709,12.246000289916992,1.1410164833068848,2.2378153800964355,0.09543535858392715,0.07064364105463028,-0.13422071933746338,0.909109890460968
-19.0939998626709,12.246000289916992,1.1677316427230835,6.244554042816162,0.6728368401527405,1.2933109998703003,0.04325639083981514,0.00038233541999943554
-19.0939998626709,13.246000289916992,0.7877470254898071,0.33124232292175293,0.048010170459747314,0.9819079041481018,0.13920865952968597,0.03286455571651459
-19.0939998626709,13.246000289916992,1.052014708518982,2.2546677589416504,0.09464843571186066,0.0682634487748146,0.05692536383867264,0.9659467339515686
-19.0939998626709,13.246000289916992,1.0474971532821655,5.583858013153076,0.18075165152549744,0.29815682768821716,0.024926895275712013,0.0011887138243764639
-19.0939998626709,14.246000289916992,0.9598430395126343,2.4413552284240723,0.23345384001731873,0.8976899981498718,0.15725181996822357,0.12159425765275955
-19.0939998626709,14.246000289916992,0.8540929555892944,2.1800615787506104,0.06086801365017891,0.07946839928627014,0.23245255649089813,0.8701786398887634
-19.0939998626709,14.246000289916992,0.8134390711784363,6.029983043670654,0.2508639693260193,0.44255074858665466,0.31535404920578003,0.008227072656154633
-19.0939998626709,15.246000289916992,0.7934110164642334,0.348693311214447,0.3267141878604889,2.5247998237609863,0.09848557412624359,0.06700156629085541
-19.0939998626709,15.246000289916992,0.8113733530044556,2.712186098098755,0.08182800561189651,0.09158165007829666,-0.013689307495951653,0.9002988934516907
-19.0939998626709,15.246000289916992,0.8928417563438416,5.524325370788574,0.11312000453472137,0.12839335203170776,-0.0014094968792051077,0.03269946947693825
-19.0939998626709,16.246000289916992,0.6675523519515991,4.884405136108398,0.23268085718154907,2.9960737228393555,0.11394039541482925,0.0023174146190285683
-19.0939998626709,16.246000289916992,1.0725247859954834,3.131225347518921,0.09970959275960922,0.029570726677775383,-0.172978937625885,0.986507773399353
-19.0939998626709,16.246000289916992,0.8532504439353943,5.5905961990356445,0.12335330992937088,0.2352200746536255,-0.008122089318931103,0.011174802668392658
-19.0939998626709,17.246000289916992,1.0359973907470703,4.3850507736206055,0.09678183495998383,1.635992169380188,0.08144282549619675,0.005397757049649954
-19.0939998626709,17.246000289916992,1.1341532468795776,2.1643788814544678,0.0666603222489357,0.10450995713472366,0.26826006174087524,0.9913519620895386
-19.0939998626709,17.246000289916992,1.064003825187683,5.069106101989746,0.09494220465421677,0.14427326619625092,0.16051970422267914,0.003250215435400605
-19.0939998626709,18.246000289916992,1.103017807006836,0.9386296272277832,0.37165892124176025,1.8562085628509521,0.06441493332386017,0.001169955707155168
-19.0939998626709,18.246000289916992,1.053297519683838,3.076714038848877,0.007703703828155994,0.0021684537641704082,-0.091631680727005,0.9985530972480774
-19.0939998626709,18.246000289916992,1.0087103843688965,5.15826416015625,0.16918957233428955,0.504193902015686,0.23423267900943756,0.0002768721024040133
-19.0939998626709,19.246000289916992,0.9366153478622437,2.8012075424194336,0.1803499311208725,1.3578896522521973,0.14647379517555237,0.17332254350185394
-19.0939998626709,19.246000289916992,1.111472249031067,2.2360899448394775,0.0778050571680069,0.044858675450086594,0.0605839304625988,0.7982698082923889
-19.0939998626709,19.246000289916992,1.1118817329406738,6.105341911315918,0.15893925726413727,0.23314979672431946,0.012536661699414253,0.028407592326402664
-19.0939998626709,20.246000289916992,1.2050187587738037,1.471010684967041,0.3653751313686371,0.9807063937187195,0.13238292932510376,0.11569611728191376
-19.0939998626709,20.246000289916992,0.9111367464065552,2.4055726528167725,0.0687885656952858,0.08186537772417068,0.08529824763536453,0.8801661133766174
-19.0939998626709,20.246000289916992,1.0783069133758545,5.620765209197998,0.12769420444965363,0.25886183977127075,0.08775771409273148,0.004137826152145863
-19.0939998626709,21.246000289916992,0.9890004992485046,3.0576114654541016,0.036332037299871445,0.467285692691803,0.0007240095874294639,0.421212375164032
-19.0939998626709,21.246000289916992,0.9913485050201416,2.2905216217041016,0.09452972561120987,0.08841697126626968,0.2354934960603714,0.5755348205566406
-19.0939998626709,21.246000289916992,1.037561058998108,5.4871320724487305,0.0933128371834755,0.27059406042099,0.16034841537475586,0.0032528105657547712
-18.0939998626709,-11.753999710083008,0.6014784574508667,4.166257858276367,0.020486047491431236,0.4105693995952606,0.05645446106791496,0.5737341046333313
-18.0939998626709,-11.753999710083008,0.5567662119865417,1.8861507177352905,0.04752199351787567,0.9581306576728821,-0.04276387020945549,0.030014613643288612
-18.0939998626709,-11.753999710083008,0.700263261795044,5.252086639404297,0.018045950680971146,0.10706570744514465,-0.03744933754205704,0.39625129103660583
-18.0939998626709,-10.753999710083008,0.8620514273643494,4.775131702423096,0.2312019169330597,1.0256900787353516,-0.002027916256338358,0.03569159656763077
-18.0939998626709,-10.753999710083008,0.5621872544288635,2.0987918376922607,0.05266480892896652,1.7875697612762451,-0.07907094806432724,0.025062911212444305
-18.0939998626709,-10.753999710083008,0.6221411228179932,4.495680332183838,0.014964086003601551,0.3523191213607788,-0.008433884009718895,0.9392454624176025
-18.0939998626709,-9.753999710083008,0.7883593440055847,4.389386177062988,0.06522610038518906,1.8962219953536987,0.06450817734003067,0.435882031917572
-18.0939998626709,-9.753999710083008,0.6308814287185669,1.4801384210586548,0.036081697791814804,1.0624101161956787,0.03675231337547302,0.3818661868572235
-18.0939998626709,-9.753999710083008,0.748759925365448,4.616037845611572,0.03334738686680794,0.26768606901168823,0.17870229482650757,0.18225179612636566
-18.0939998626709,-8.753999710083008,1.048109531402588,6.233188629150391,0.11272408068180084,1.2802778482437134,0.005191492382436991,0.08581025153398514
-18.0939998626709,-8.753999710083008,0.8656142950057983,0.9981687664985657,0.05814209580421448,0.49302294850349426,-0.03824722021818161,0.4269663393497467
-18.0939998626709,-8.753999710083008,0.8417582511901855,4.419731616973877,0.02996804378926754,0.18060438334941864,0.21155455708503723,0.48722344636917114
-18.0939998626709,-7.754000186920166,0.958199143409729,5.550197124481201,0.06041668727993965,0.8269491791725159,-0.11548108607530594,0.08007439225912094
-18.0939998626709,-7.754000186920166,0.8792023062705994,0.950566828250885,0.04076693579554558,0.25903594493865967,-0.06987569481134415,0.1263950616121292
-18.0939998626709,-7.754000186920166,0.8693984150886536,4.26301908493042,0.022283021360635757,0.07938623428344727,0.18227940797805786,0.7935305237770081
-18.0939998626709,-6.754000186920166,0.8530301451683044,4.340977668762207,0.02532913163304329,1.093752145767212,0.009731936268508434,0.5259010791778564
-18.0939998626709,-6.754000186920166,0.830849289894104,2.2870867252349854,0.05947918817400932,0.452940434217453,0.22037674486637115,0.25470077991485596
-18.0939998626709,-6.754000186920166,1.2167326211929321,5.949343681335449,0.11001709848642349,0.03376791626214981,-0.10072240978479385,0.21939818561077118
-18.0939998626709,-5.754000186920166,0.8097882866859436,5.618319988250732,0.03241293132305145,0.6292568445205688,-0.04057148098945618,0.37342938780784607
-18.0939998626709,-5.754000186920166,0.9496166706085205,3.3037407398223877,0.0971844494342804,0.570358157157898,-0.11730100214481354,0.2758323550224304
-18.0939998626709,-5.754000186920166,1.1645735502243042,0.2804667353630066,0.07317600399255753,0.023001808673143387,-0.15177087485790253,0.3507382869720459
-18.0939998626709,-4.754000186920166,0.935981035232544,6.142092227935791,0.0618315264582634,1.685853123664856,0.1561763882637024,0.5218960046768188
-18.0939998626709,-4.754000186920166,0.8825508952140808,3.6668593883514404,0.051553063094615936,0.15316295623779297,0.29037126898765564,0.12312030792236328
-18.0939998626709,-4.754000186920166,1.0415592193603516,0.4531489312648773,0.046637892723083496,0.035575393587350845,-0.13432323932647705,0.3549836575984955
-18.0939998626709,-3.753999948501587,0.8092705607414246,1.3652570247650146,0.024390151724219322,1.2803962230682373,0.008411873131990433,0.5118116140365601
-18.0939998626709,-3.753999948501587,1.0309606790542603,3.798719644546509,0.1618323028087616,0.5736183524131775,-0.004866709932684898,0.15242284536361694
-18.0939998626709,-3.753999948501587,1.0312614440917969,0.8039676547050476,0.08008544892072678,0.15251196920871735,-0.04647831618785858,0.3357655107975006
-18.0939998626709,-2.753999948501587,0.7286219000816345,5.622994899749756,0.012174635194242,1.1530044078826904,0.09296586364507675,0.814114511013031
-18.0939998626709,-2.753999948501587,0.9262816309928894,4.292754173278809,0.12491598725318909,1.1321943998336792,0.28544938564300537,0.031095318496227264
-18.0939998626709,-2.753999948501587,1.1165058612823486,1.6644930839538574,0.09081441909074783,0.0796942263841629,-0.11625352501869202,0.1547902375459671
-18.0939998626709,-1.753999948501587,0.8961132764816284,4.953286170959473,0.04443562775850296,0.7524003982543945,0.14730817079544067,0.4585171639919281
-18.0939998626709,-1.753999948501587,0.8497301936149597,2.4754157066345215,0.07809192687273026,0.46632957458496094,-0.0788574293255806,0.265225887298584
-18.0939998626709,-1.753999948501587,1.0117522478103638,0.5059884190559387,0.1176278218626976,0.36041080951690674,0.07142528891563416,0.27625706791877747
-18.0939998626709,-0.7540000081062317,1.0177812576293945,5.573836326599121,0.0571955069899559,1.119503140449524,0.1422949731349945,0.5681167840957642
-18.0939998626709,-0.7540000081062317,1.0006067752838135,1.8334747552871704,0.17074914276599884,2.699132204055786,-0.3384079039096832,0.2290475070476532
-18.0939998626709,-0.7540000081062317,0.7925769090652466,4.818538665771484,0.04498549550771713,1.574592113494873,0.04919322952628136,0.20283573865890503
-18.0939998626709,0.2460000067949295,1.033785343170166,5.183318138122559,0.14603491127490997,1.84317946434021,0.23158758878707886,0.25863826274871826
-18.0939998626709,0.2460000067949295,0.8931657075881958,2.1693079471588135,0.07995804399251938,0.528028130531311,-0.3783743977546692,0.5182719230651855
-18.0939998626709,0.2460000067949295,0.9632417559623718,5.032090187072754,0.07251928001642227,0.24127134680747986,0.043437015265226364,0.2230898141860962
-18.0939998626709,1.246000051498413,0.8580297827720642,3.7668848037719727,0.09300987422466278,1.1400829553604126,0.11882480978965759,0.15821601450443268
-18.0939998626709,1.246000051498413,0.9451738595962524,2.436140298843384,0.12731227278709412,0.2894546091556549,-0.12510977685451508,0.36707043647766113
-18.0939998626709,1.246000051498413,0.9037274718284607,5.243013858795166,0.07503904402256012,0.17676366865634918,0.005514808930456638,0.474713534116745
-18.0939998626709,2.246000051498413,0.7719706296920776,5.292336940765381,0.06818386167287827,1.9688023328781128,0.04141673818230629,0.6331773400306702
-18.0939998626709,2.246000051498413,0.923663854598999,2.5938210487365723,0.10871918499469757,0.13766828179359436,0.1133396252989769,0.24229173362255096
-18.0939998626709,2.246000051498413,1.0063380002975464,5.861172199249268,0.08022771030664444,0.041703853756189346,0.07277610152959824,0.12453094124794006
-18.0939998626709,3.246000051498413,0.7920573353767395,0.4464160203933716,0.049486193805933,1.7313549518585205,0.008809447288513184,0.3202676475048065
-18.0939998626709,3.246000051498413,1.0168850421905518,2.8621299266815186,0.11793362349271774,0.14139100909233093,0.04670218750834465,0.3664184808731079
-18.0939998626709,3.246000051498413,1.1852632761001587,6.139232635498047,0.0932430550456047,0.0243974681943655,0.13136090338230133,0.31331390142440796
-18.0939998626709,4.245999813079834,0.7570511698722839,6.198323726654053,0.03343132138252258,1.716647982597351,0.0006676342454738915,0.20967070758342743
-18.0939998626709,4.245999813079834,1.0545324087142944,3.032245635986328,0.07831581681966782,0.11892259120941162,0.036038655787706375,0.3669014573097229
-18.0939998626709,4.245999813079834,1.1507774591445923,6.219261169433594,0.07693443447351456,0.04162101447582245,-0.016582641750574112,0.42342785000801086
-18.0939998626709,5.245999813079834,1.0349639654159546,0.011232981458306313,0.08310005068778992,1.5984166860580444,0.1056201234459877,0.47961124777793884
-18.0939998626709,5.245999813079834,1.070704460144043,3.121633291244507,0.0720088854432106,0.17912708222866058,0.21615026891231537,0.2888658046722412
-18.0939998626709,5.245999813079834,1.2004332542419434,0.022777151316404343,0.06236131861805916,0.027301793918013573,-0.03292176127433777,0.23152288794517517
-18.0939998626709,6.245999813079834,0.7950230836868286,5.928141117095947,0.03825891762971878,1.3342108726501465,0.06947164982557297,0.5415098667144775
-18.0939998626709,6.245999813079834,1.0252805948257446,3.466810941696167,0.10627482086420059,0.3491949141025543,0.15397150814533234,0.31606969237327576
-18.0939998626709,6.245999813079834,1.240581750869751,6.197379112243652,0.0893496572971344,0.033988554030656815,-0.1518179178237915,0.1424204409122467
-18.0939998626709,7.245999813079834,0.6319633722305298,0.31670957803726196,0.016369737684726715,1.1533539295196533,0.016249479725956917,0.8075854182243347
-18.0939998626709,7.245999813079834,0.9946296811103821,3.549347400665283,0.20494551956653595,0.695870578289032,0.10814712941646576,0.1134859025478363
-18.0939998626709,7.245999813079834,1.0262690782546997,0.29513847827911377,0.0929490253329277,0.09556614607572556,-0.15569058060646057,0.0789286196231842
-18.0939998626709,8.246000289916992,0.7867497801780701,0.6047463417053223,0.036464959383010864,1.6326857805252075,0.06297177821397781,0.6101347208023071
-18.0939998626709,8.246000289916992,1.012717843055725,3.9318790435791016,0.06513599306344986,0.07750176638364792,0.040380850434303284,0.23340481519699097
-18.0939998626709,8.246000289916992,1.0830615758895874,0.5446995496749878,0.06060384586453438,0.05364379286766052,-0.09748231619596481,0.1564604490995407
-18.0939998626709,9.246000289916992,0.9386128783226013,1.1360318660736084,0.07324014604091644,1.7047401666641235,0.073021799325943,0.6098360419273376
-18.0939998626709,9.246000289916992,1.1185334920883179,4.107499599456787,0.06451665610074997,0.037215713411569595,-0.03464585915207863,0.23026752471923828
-18.0939998626709,9.246000289916992,1.150084137916565,0.6888865828514099,0.054239220917224884,0.024282855913043022,-0.16116321086883545,0.15989644825458527
-18.0939998626709,10.246000289916992,1.0522990226745605,1.681650161743164,0.09155964106321335,2.4074289798736572,0.121944360435009,0.4925544559955597
-18.0939998626709,10.246000289916992,1.1864986419677734,4.141690731048584,0.08102019876241684,0.053144264966249466,0.05990539863705635,0.23509635031223297
-18.0939998626709,10.246000289916992,1.1805312633514404,0.8338505029678345,0.05412538722157478,0.022795550525188446,-0.1314961165189743,0.2723492980003357
-18.0939998626709,11.246000289916992,1.1445567607879639,4.5912556648254395,0.1684475839138031,1.2772692441940308,0.13871191442012787,0.3350837230682373
-18.0939998626709,11.246000289916992,1.0095305442810059,2.5881688594818115,0.08984989672899246,0.48333656787872314,0.15894173085689545,0.5309699177742004
-18.0939998626709,11.246000289916992,1.1147396564483643,0.39177075028419495,0.1216021254658699,0.05963134765625,-0.040738608688116074,0.13394643366336823
-18.0939998626709,12.246000289916992,0.6547272801399231,5.4731125831604,0.03243887796998024,1.5669019222259521,0.1267344355583191,0.07156413793563843
-18.0939998626709,12.246000289916992,1.098313808441162,2.4461989402770996,0.08850432932376862,0.08037885278463364,-0.03976272791624069,0.9280833005905151
-18.0939998626709,12.246000289916992,1.0202301740646362,5.534957408905029,0.28492552042007446,1.0944843292236328,0.07199998199939728,0.00035262451274320483
-18.0939998626709,13.246000289916992,0.769734799861908,1.3541069030761719,0.028106043115258217,0.8683286309242249,0.02442363277077675,0.6276869773864746
-18.0939998626709,13.246000289916992,0.9275898337364197,2.152683734893799,0.08383975178003311,0.06063861772418022,-0.28091418743133545,0.352123886346817
-18.0939998626709,13.246000289916992,1.0409643650054932,5.914102077484131,0.22259435057640076,0.3458437919616699,0.10816175490617752,0.02018911950290203
-18.0939998626709,14.246000289916992,0.680750846862793,2.751451253890991,0.03414127975702286,0.9560474157333374,0.12923826277256012,0.11867057532072067
-18.0939998626709,14.246000289916992,0.8252850770950317,2.048572301864624,0.0553104467689991,0.041856151074171066,0.1264149397611618,0.8803637027740479
-18.0939998626709,14.246000289916992,0.8893206119537354,0.9963146448135376,0.6120452880859375,0.39906397461891174,0.4370158314704895,0.000965733255725354
-18.0939998626709,15.246000289916992,0.5418636798858643,3.5588741302490234,0.04117743298411369,1.9028304815292358,-0.13764023780822754,0.006795290857553482
-18.0939998626709,15.246000289916992,0.7446596622467041,2.1573524475097656,0.056809455156326294,0.1653389036655426,0.43834298849105835,0.9923369288444519
-18.0939998626709,15.246000289916992,0.7506737112998962,0.6648832559585571,0.21238501369953156,0.32454732060432434,-0.20765408873558044,0.0008678578888066113
-18.0939998626709,16.246000289916992,0.9127868413925171,2.2108373641967773,0.21456386148929596,0.8592256903648376,0.09561934322118759,0.008853444829583168
-18.0939998626709,16.246000289916992,1.075343132019043,2.4206528663635254,0.07684805244207382,0.12119835615158081,-0.19403205811977386,0.886042594909668
-18.0939998626709,16.246000289916992,1.163665771484375,1.069688081741333,0.16186314821243286,0.24857185781002045,-0.020815199241042137,0.10510402172803879
-18.0939998626709,17.246000289916992,0.760515034198761,6.278567314147949,0.03879188001155853,1.1153053045272827,-0.0904727354645729,0.03412103280425072
-18.0939998626709,17.246000289916992,1.153401255607605,1.9174667596817017,0.10694192349910736,0.06993961334228516,0.34616273641586304,0.9599101543426514
-18.0939998626709,17.246000289916992,1.022595763206482,5.5167436599731445,0.15502481162548065,0.18103136122226715,0.16575320065021515,0.005968792364001274
-18.0939998626709,18.246000289916992,1.0673153400421143,1.7019131183624268,0.4532608687877655,1.652653455734253,-0.09016574919223785,0.00941966101527214
-18.0939998626709,18.246000289916992,1.1105834245681763,2.175100803375244,0.08322964608669281,0.06892272084951401,0.05246990919113159,0.9809985756874084
-18.0939998626709,18.246000289916992,1.195132851600647,0.4174486994743347,0.44682788848876953,0.10794755816459656,0.18521326780319214,0.009581804275512695
-18.0939998626709,19.246000289916992,0.7339720129966736,5.148486614227295,0.028912648558616638,1.1137810945510864,-0.015677182003855705,0.06435159593820572
-18.0939998626709,19.246000289916992,1.0363343954086304,1.9521758556365967,0.0962735265493393,0.07930802553892136,0.3861865699291229,0.9315429925918579
-18.0939998626709,19.246000289916992,1.1288325786590576,6.19782829284668,0.19438083469867706,0.13875338435173035,0.022394195199012756,0.0041054729372262955
-18.0939998626709,20.246000289916992,1.0028811693191528,0.40030384063720703,0.10095495730638504,1.5032647848129272,0.061382126063108444,0.03474671021103859
-18.0939998626709,20.246000289916992,1.040384292602539,2.290090799331665,0.107148677110672,0.11748342216014862,0.27710309624671936,0.963981568813324
-18.0939998626709,20.246000289916992,1.0706171989440918,5.475356101989746,0.17167304456233978,0.5011041760444641,0.1191873550415039,0.0012717610225081444
-18.0939998626709,21.246000289916992,1.0804756879806519,0.9945242404937744,0.07383424043655396,1.0735466480255127,-0.02304099313914776,0.04304681718349457
-18.0939998626709,21.246000289916992,0.9929066300392151,2.1783132553100586,0.11550292372703552,0.16629236936569214,0.20712967216968536,0.9551717638969421
-18.0939998626709,21.246000289916992,0.9754060506820679,5.475388050079346,0.13584600389003754,0.6809330582618713,0.05914833024144173,0.0017814324237406254
-18.0939998626709,22.246000289916992,0.9871367812156677,2.0832767486572266,0.026320114731788635,0.6141477823257446,-0.16899439692497253,0.050330620259046555
-18.0939998626709,22.246000289916992,1.00274658203125,2.010274887084961,0.15097177028656006,0.2036987692117691,0.15952563285827637,0.9464346170425415
-18.0939998626709,22.246000289916992,0.9099913835525513,5.450414657592773,0.12369885295629501,0.7311992645263672,0.010565567761659622,0.0032347412779927254
-17.0939998626709,-12.753999710083008,0.641481876373291,4.863080024719238,0.12288341671228409,1.5352076292037964,0.034781429916620255,0.01095635537058115
-17.0939998626709,-12.753999710083008,0.6632475256919861,2.7716052532196045,0.07644864916801453,0.44670650362968445,0.13486404716968536,0.02427499182522297
-17.0939998626709,-12.753999710083008,0.7031149864196777,4.774491310119629,0.03011360950767994,0.08854090422391891,0.02296420745551586,0.9647687077522278
-17.0939998626709,-11.753999710083008,0.6699403524398804,4.157929420471191,0.033944886177778244,0.5380135178565979,0.061532944440841675,0.17797815799713135
-17.0939998626709,-11.753999710083008,0.5944437980651855,1.6018943786621094,0.0538305900990963,0.7654269933700562,-0.029255907982587814,0.01354866474866867
-17.0939998626709,-11.753999710083008,0.7483628392219543,5.1652116775512695,0.018191607668995857,0.08963625133037567,-0.028398869559168816,0.8084732294082642
-17.0939998626709,-10.753999710083008,1.0166997909545898,5.111993312835693,0.3173256814479828,0.6993542313575745,0.08874528110027313,0.06786172837018967
-17.0939998626709,-10.753999710083008,0.6330645084381104,1.714626431465149,0.06587053090333939,1.6187114715576172,0.11078746616840363,0.07340404391288757
-17.0939998626709,-10.753999710083008,0.6473177671432495,4.922375202178955,0.021375548094511032,0.3262704610824585,-0.0451270192861557,0.8587342500686646
-17.0939998626709,-9.753999710083008,0.8243977427482605,3.535310745239258,0.07648168504238129,1.359823226928711,0.12060203403234482,0.47383466362953186
-17.0939998626709,-9.753999710083008,0.6210492849349976,1.4216828346252441,0.023047173395752907,1.1816096305847168,-0.08590333163738251,0.3825375437736511
-17.0939998626709,-9.753999710083008,0.8026312589645386,4.611406326293945,0.036309219896793365,0.5788419246673584,0.22988300025463104,0.14362776279449463
-17.0939998626709,-8.753999710083008,1.0677525997161865,5.8414530754089355,0.11590626090765,1.326814889907837,0.04230274632573128,0.18709348142147064
-17.0939998626709,-8.753999710083008,0.8032695055007935,0.8522940874099731,0.04402608424425125,0.6229574680328369,-0.15429022908210754,0.34891098737716675
-17.0939998626709,-8.753999710083008,0.8875670433044434,4.55563497543335,0.041290972381830215,0.346198171377182,0.22614234685897827,0.46399548649787903
-17.0939998626709,-7.754000186920166,0.9658699631690979,5.683299541473389,0.08464570343494415,1.1250224113464355,-0.09025970846414566,0.14358113706111908
-17.0939998626709,-7.754000186920166,0.8407159447669983,1.1393160820007324,0.05413604900240898,0.49784988164901733,-0.06488928198814392,0.17264239490032196
-17.0939998626709,-7.754000186920166,0.8355511426925659,4.56624698638916,0.02189844660460949,0.1010267585515976,0.10331454128026962,0.6837764382362366
-17.0939998626709,-6.754000186920166,0.9405115246772766,4.090434551239014,0.0606980100274086,1.0528017282485962,0.05739964172244072,0.2921791672706604
-17.0939998626709,-6.754000186920166,0.7967528700828552,1.8087385892868042,0.0661737471818924,1.3988803625106812,0.08671968430280685,0.36357614398002625
-17.0939998626709,-6.754000186920166,0.9862484335899353,5.0803022384643555,0.031225772574543953,0.24321185052394867,0.09123405814170837,0.34424468874931335
-17.0939998626709,-5.754000186920166,0.7831217646598816,5.035831451416016,0.028347479179501534,0.6777501702308655,0.061540476977825165,0.7296029329299927
-17.0939998626709,-5.754000186920166,0.8208615183830261,3.159024477005005,0.08912961930036545,1.3622362613677979,-0.16240186989307404,0.14163844287395477
-17.0939998626709,-5.754000186920166,1.02315092086792,0.2082071602344513,0.06334339827299118,0.04950229078531265,-0.1305042803287506,0.12875863909721375
-17.0939998626709,-4.754000186920166,0.963548481464386,0.10793229192495346,0.059949349611997604,1.595569372177124,0.1197742223739624,0.5743730664253235
-17.0939998626709,-4.754000186920166,0.966371476650238,3.5389201641082764,0.07327782362699509,0.2910999059677124,0.2663688063621521,0.13324937224388123
-17.0939998626709,-4.754000186920166,1.211471676826477,0.34824416041374207,0.06408229470252991,0.020517168566584587,-0.06337445974349976,0.2923775315284729
-17.0939998626709,-3.753999948501587,0.9177139401435852,0.06939185410737991,0.0315101183950901,0.9253482222557068,0.0912531390786171,0.637854278087616
-17.0939998626709,-3.753999948501587,0.979695737361908,3.1227753162384033,0.11171738803386688,1.0625948905944824,-0.04200191795825958,0.08956216275691986
-17.0939998626709,-3.753999948501587,1.0773969888687134,0.781861424446106,0.06981001794338226,0.15307526290416718,0.004057795740664005,0.2725835144519806
-17.0939998626709,-2.753999948501587,0.8541553020477295,5.98201322555542,0.02620866522192955,1.1120226383209229,0.09115447849035263,0.7671400904655457
-17.0939998626709,-2.753999948501587,0.8700692057609558,3.4672751426696777,0.08689666539430618,2.3319056034088135,0.4124583303928375,0.0499882772564888
-17.0939998626709,-2.753999948501587,1.0443189144134521,1.831956386566162,0.05923905223608017,0.07910658419132233,-0.10872212797403336,0.18287168443202972
-17.0939998626709,-1.753999948501587,0.9921364784240723,4.994586944580078,0.053120944648981094,1.1981046199798584,0.0677431970834732,0.41356906294822693
-17.0939998626709,-1.753999948501587,0.892612874507904,1.9611396789550781,0.04965600371360779,0.4375280737876892,0.07213309407234192,0.1658177226781845
-17.0939998626709,-1.753999948501587,1.0179473161697388,1.4701570272445679,0.04123145714402199,0.08009786158800125,-0.12221994996070862,0.42061325907707214
-17.0939998626709,-0.7540000081062317,1.0508079528808594,5.202632427215576,0.19146160781383514,1.0183024406433105,0.2133982628583908,0.2583993971347809
-17.0939998626709,-0.7540000081062317,0.7849137783050537,2.1978378295898438,0.0572037436068058,1.4347784519195557,-0.48436975479125977,0.3220841586589813
-17.0939998626709,-0.7540000081062317,0.6502571702003479,4.185537338256836,0.015754368156194687,0.7040477991104126,0.24284227192401886,0.4195164442062378
-17.0939998626709,0.2460000067949295,0.8159265518188477,4.665400505065918,0.033602144569158554,1.2981631755828857,0.1366811841726303,0.41250094771385193
-17.0939998626709,0.2460000067949295,0.8683373928070068,2.206636905670166,0.08602599799633026,0.31790509819984436,-0.3090537190437317,0.3369406461715698
-17.0939998626709,0.2460000067949295,0.9927295446395874,5.279307842254639,0.10299885272979736,0.1911495178937912,-0.0630265399813652,0.25055837631225586
-17.0939998626709,1.246000051498413,0.9165480136871338,3.9982569217681885,0.11081881821155548,1.3754122257232666,0.09617622196674347,0.08176693320274353
-17.0939998626709,1.246000051498413,0.9687856435775757,2.2802484035491943,0.08979041129350662,0.20477792620658875,-0.09035507589578629,0.3271879553794861
-17.0939998626709,1.246000051498413,0.8741070032119751,5.88730001449585,0.058278243988752365,0.19611044228076935,-0.12823016941547394,0.591045081615448
-17.0939998626709,2.246000051498413,0.8661708235740662,5.5825395584106445,0.12248245626688004,1.845515489578247,0.0025479637552052736,0.42459264397621155
-17.0939998626709,2.246000051498413,0.8690733909606934,2.5858540534973145,0.08720769733190536,0.1294334977865219,0.02635161764919758,0.38441070914268494
-17.0939998626709,2.246000051498413,1.0467674732208252,5.950132846832275,0.08674576878547668,0.035086918622255325,0.026512084528803825,0.19099661707878113
-17.0939998626709,3.246000051498413,0.8405116200447083,6.007600784301758,0.07254428416490555,1.8855787515640259,0.006002351175993681,0.33904126286506653
-17.0939998626709,3.246000051498413,1.0392810106277466,3.027613401412964,0.08974691480398178,0.13996686041355133,-0.02950424887239933,0.4069894552230835
-17.0939998626709,3.246000051498413,1.1787699460983276,6.175309181213379,0.08021828532218933,0.026096833869814873,-0.035811468958854675,0.25396931171417236
-17.0939998626709,4.245999813079834,0.8462090492248535,6.006328582763672,0.04741787165403366,1.636597752571106,0.020643534138798714,0.3341526985168457
-17.0939998626709,4.245999813079834,1.083659291267395,3.089731454849243,0.07785694301128387,0.09030168503522873,0.02130649983882904,0.3210102617740631
-17.0939998626709,4.245999813079834,1.155096173286438,6.2706170082092285,0.07003013044595718,0.02944895438849926,-0.048157453536987305,0.3448370397090912
-17.0939998626709,5.245999813079834,0.9293823838233948,6.14036750793457,0.05287500470876694,1.3980721235275269,0.0434621125459671,0.6004580855369568
-17.0939998626709,5.245999813079834,1.0193734169006348,3.1165378093719482,0.08543939143419266,0.1718599945306778,0.20461353659629822,0.22407016158103943
-17.0939998626709,5.245999813079834,1.133862018585205,0.14352476596832275,0.07211675494909286,0.028137877583503723,-0.024966957047581673,0.17547176778316498
-17.0939998626709,6.245999813079834,0.8030076026916504,5.8995585441589355,0.027058707550168037,1.2295911312103271,0.04804741591215134,0.699521005153656
-17.0939998626709,6.245999813079834,0.9980764985084534,3.288468837738037,0.09015467017889023,0.4064295291900635,0.18853254616260529,0.19301152229309082
-17.0939998626709,6.245999813079834,1.2716343402862549,0.06281892210245132,0.09204413741827011,0.03586530685424805,-0.09993249922990799,0.10746748000383377
-17.0939998626709,7.245999813079834,0.683151125907898,5.846473693847656,0.014033394865691662,0.9097554683685303,0.0003270477754995227,0.8479800820350647
-17.0939998626709,7.245999813079834,0.9550619721412659,3.096121072769165,0.16020283102989197,0.9285373091697693,0.14896322786808014,0.06958643347024918
-17.0939998626709,7.245999813079834,1.0185085535049438,0.3127959966659546,0.11314406245946884,0.15974107384681702,-0.11645034700632095,0.08243348449468613
-17.0939998626709,8.246000289916992,0.9398953914642334,0.8865336775779724,0.040723152458667755,1.5023658275604248,0.07929857820272446,0.8022745251655579
-17.0939998626709,8.246000289916992,1.0183707475662231,3.759640693664551,0.09943091869354248,0.7166688442230225,0.04825599864125252,0.14494533836841583
-17.0939998626709,8.246000289916992,1.028977632522583,0.6760081648826599,0.06592912971973419,0.13588397204875946,-0.04935233294963837,0.052780162543058395
-17.0939998626709,9.246000289916992,0.9422208666801453,0.31481558084487915,0.049737002700567245,1.4006377458572388,0.06522829830646515,0.5596075057983398
-17.0939998626709,9.246000289916992,1.0637381076812744,3.5998947620391846,0.09224984049797058,0.6438664197921753,0.06940063834190369,0.2929975092411041
-17.0939998626709,9.246000289916992,1.1536343097686768,0.7320473194122314,0.06908859312534332,0.061580367386341095,-0.11901577562093735,0.14739497005939484
-17.0939998626709,10.246000289916992,1.0339816808700562,0.6795057654380798,0.06435872614383698,2.090115547180176,0.17232251167297363,0.5973417162895203
-17.0939998626709,10.246000289916992,1.1804286241531372,4.117440700531006,0.07544500380754471,0.10879020392894745,0.06208696588873863,0.20199410617351532
-17.0939998626709,10.246000289916992,1.1842930316925049,0.8270391821861267,0.048942022025585175,0.032255757600069046,-0.14945872128009796,0.20066414773464203
-17.0939998626709,11.246000289916992,1.0918190479278564,3.9740800857543945,0.0761534571647644,1.0825539827346802,0.06707954406738281,0.5195267796516418
-17.0939998626709,11.246000289916992,0.9905669689178467,1.8124586343765259,0.122334785759449,1.2124155759811401,0.021656956523656845,0.15138426423072815
-17.0939998626709,11.246000289916992,1.0901437997817993,0.6565461158752441,0.08192729204893112,0.13033492863178253,-0.11136281490325928,0.3290889859199524
-17.0939998626709,12.246000289916992,0.9007822871208191,3.58990216255188,0.07661674171686172,0.8085386157035828,0.1731729358434677,0.2708030939102173
-17.0939998626709,12.246000289916992,0.9488109350204468,1.6216729879379272,0.10732240229845047,0.2678118944168091,-0.23477068543434143,0.5995683670043945
-17.0939998626709,12.246000289916992,1.0088375806808472,5.228192329406738,0.15979497134685516,0.6533330082893372,0.06472788751125336,0.12962853908538818
-17.0939998626709,13.246000289916992,0.8016301393508911,1.755690336227417,0.045563217252492905,0.978452205657959,0.03528027981519699,0.22503624856472015
-17.0939998626709,13.246000289916992,1.06209397315979,1.7957392930984497,0.09006555378437042,0.04804183170199394,-0.1473623365163803,0.7600517272949219
-17.0939998626709,13.246000289916992,1.169920802116394,5.738682746887207,0.27242228388786316,0.30201733112335205,0.18855422735214233,0.014912084676325321
-17.0939998626709,14.246000289916992,0.8487756252288818,2.9097228050231934,0.10356180369853973,1.153488278388977,0.06394821405410767,0.05820421501994133
-17.0939998626709,14.246000289916992,0.9366517663002014,1.9591944217681885,0.04819199815392494,0.0266294963657856,0.03207659348845482,0.9364714622497559
-17.0939998626709,14.246000289916992,1.0369361639022827,1.033582329750061,0.4758386015892029,0.170785054564476,0.32343581318855286,0.005324347410351038
-17.0939998626709,15.246000289916992,0.5663273334503174,3.1353542804718018,0.05398334190249443,2.464351177215576,0.0007158663938753307,0.007497344631701708
-17.0939998626709,15.246000289916992,0.7570180296897888,1.5494122505187988,0.03475887328386307,0.09714768081903458,0.1548166275024414,0.9907586574554443
-17.0939998626709,15.246000289916992,0.6392336487770081,0.9366437196731567,0.0973614901304245,0.6973157525062561,-0.19822698831558228,0.0017439979128539562
-17.0939998626709,16.246000289916992,1.0130245685577393,2.213362455368042,0.27641284465789795,0.7008504271507263,0.03862689808011055,0.02398991771042347
-17.0939998626709,16.246000289916992,1.1143767833709717,1.9138883352279663,0.08548083156347275,0.09902331978082657,0.11961968243122101,0.7760112881660461
-17.0939998626709,16.246000289916992,1.3425869941711426,1.4099130630493164,0.23885081708431244,0.13407152891159058,-0.017143283039331436,0.19999878108501434
-17.0939998626709,17.246000289916992,0.8094934821128845,4.44580078125,0.05061203986406326,1.3231496810913086,-0.050692711025476456,0.019366178661584854
-17.0939998626709,17.246000289916992,1.1253682374954224,1.9857442378997803,0.09010292589664459,0.09134062379598618,0.39956405758857727,0.978762149810791
-17.0939998626709,17.246000289916992,0.94551020860672,0.09785144031047821,0.14608369767665863,0.2230089008808136,-0.02804504707455635,0.001871687825769186
-17.0939998626709,18.246000289916992,0.9879979491233826,1.082580327987671,0.33864811062812805,1.5423492193222046,-0.03722969815135002,0.019044628366827965
-17.0939998626709,18.246000289916992,1.1813037395477295,2.086324453353882,0.11092691123485565,0.07121296972036362,-0.04997890442609787,0.9733167290687561
-17.0939998626709,18.246000289916992,1.1813783645629883,0.5493757724761963,0.3038175702095032,0.14806903898715973,0.021279403939843178,0.0076385680586099625
-17.0939998626709,19.246000289916992,0.8250926733016968,5.68582010269165,0.04938921332359314,1.2955085039138794,-0.0338774174451828,0.14093869924545288
-17.0939998626709,19.246000289916992,1.0054291486740112,2.0610461235046387,0.11554327607154846,0.09183493256568909,0.23388808965682983,0.8279374837875366
-17.0939998626709,19.246000289916992,1.0611941814422607,6.071453094482422,0.12394864112138748,0.10480958968400955,-0.010550275444984436,0.031123783439397812
-17.0939998626709,20.246000289916992,1.0824483633041382,0.9648509621620178,0.2717779576778412,1.5179259777069092,0.07896942645311356,0.01308223232626915
-17.0939998626709,20.246000289916992,0.9789166450500488,2.242788076400757,0.07511395215988159,0.0963800698518753,0.045432548969984055,0.9852838516235352
-17.0939998626709,20.246000289916992,1.0134055614471436,5.296782493591309,0.14390163123607635,0.3288849890232086,0.11556823551654816,0.0016338697168976068
-17.0939998626709,21.246000289916992,0.922584593296051,0.41436973214149475,0.19010430574417114,2.0277206897735596,0.020502561703324318,0.0007982600363902748
-17.0939998626709,21.246000289916992,0.9861825704574585,2.0545222759246826,0.08519650995731354,0.05888383835554123,0.0582805797457695,0.9965019226074219
-17.0939998626709,21.246000289916992,0.8647429347038269,5.060093402862549,0.14637531340122223,0.44355279207229614,0.17267751693725586,0.002699779812246561
-17.0939998626709,22.246000289916992,0.7752779722213745,5.653999328613281,0.11835692822933197,1.7461901903152466,0.0329422689974308,0.0004769981314893812
-17.0939998626709,22.246000289916992,0.9898354411125183,1.9375063180923462,0.08968760073184967,0.051723022013902664,0.05776123329997063,0.9934079647064209
-17.0939998626709,22.246000289916992,0.8271704912185669,5.026805877685547,0.12992241978645325,0.24161137640476227,0.1635732203722,0.006114981137216091
-17.0939998626709,23.246000289916992,0.7058650255203247,4.733063697814941,0.10279440134763718,1.4891064167022705,0.04869190976023674,0.0002964932064060122
-17.0939998626709,23.246000289916992,0.98766028881073,1.7872756719589233,0.08347208797931671,0.054154329001903534,0.05033554509282112,0.9778940677642822
-17.0939998626709,23.246000289916992,0.7925548553466797,4.928916931152344,0.10372202098369598,0.12757521867752075,0.18308570981025696,0.02180948294699192
-16.0939998626709,-12.753999710083008,0.7957273721694946,5.457784652709961,0.18080706894397736,1.057707667350769,-0.03339850902557373,0.003744682762771845
-16.0939998626709,-12.753999710083008,0.5925137996673584,2.2745184898376465,0.10972609370946884,0.8463535904884338,0.21687890589237213,0.0006571304984390736
-16.0939998626709,-12.753999710083008,0.6299548745155334,4.880158424377441,0.016108503565192223,0.07881944626569748,0.038000546395778656,0.9955982565879822
-16.0939998626709,-11.753999710083008,0.7760075330734253,4.423773765563965,0.09400376677513123,0.645297646522522,0.05473840981721878,0.07315772026777267
-16.0939998626709,-11.753999710083008,0.6691126823425293,1.8157665729522705,0.057316724210977554,0.2419276386499405,-0.051240064203739166,0.014616443775594234
-16.0939998626709,-11.753999710083008,0.7684025168418884,4.689367771148682,0.024310370907187462,0.07177931815385818,0.0385788157582283,0.9122258424758911
-16.0939998626709,-10.753999710083008,1.0133695602416992,4.459229946136475,0.16982077062129974,0.5630013346672058,0.17986997961997986,0.03162047639489174
-16.0939998626709,-10.753999710083008,0.6531907916069031,1.8108314275741577,0.06266717612743378,0.8462925553321838,0.18662165105342865,0.017484448850154877
-16.0939998626709,-10.753999710083008,0.7099966406822205,4.948736667633057,0.019770819693803787,0.07649940997362137,-0.0008347317925654352,0.9508950710296631
-16.0939998626709,-9.753999710083008,0.7975101470947266,5.066898822784424,0.04000748321413994,1.0051345825195312,-0.042472392320632935,0.22665192186832428
-16.0939998626709,-9.753999710083008,0.6825588345527649,1.891290545463562,0.047454897314310074,0.7960397601127625,-0.19050514698028564,0.06975036859512329
-16.0939998626709,-9.753999710083008,0.811505138874054,4.295657157897949,0.027057165279984474,0.2616829574108124,0.13807375729084015,0.7035977244377136
-16.0939998626709,-8.753999710083008,1.0287362337112427,5.086202621459961,0.0903744176030159,1.3525280952453613,-0.034105170518159866,0.33859264850616455
-16.0939998626709,-8.753999710083008,0.8236964344978333,1.3635354042053223,0.04660521075129509,0.2894296944141388,-0.2174699306488037,0.2472904771566391
-16.0939998626709,-8.753999710083008,0.8684408664703369,4.488496780395508,0.04209011793136597,0.36777928471565247,0.0226687453687191,0.41411691904067993
-16.0939998626709,-7.754000186920166,0.8637139797210693,5.870971202850342,0.08233340829610825,1.229272723197937,-0.15545713901519775,0.3661201000213623
-16.0939998626709,-7.754000186920166,0.7389606833457947,1.5742233991622925,0.05979093536734581,0.617897629737854,-0.042583536356687546,0.37375426292419434
-16.0939998626709,-7.754000186920166,0.8395954966545105,4.507627964019775,0.03688560426235199,0.14789928495883942,0.0933363139629364,0.2601255774497986
-16.0939998626709,-6.754000186920166,1.0890231132507324,4.657623291015625,0.1980927437543869,1.0359017848968506,0.00972785335034132,0.06286360323429108
-16.0939998626709,-6.754000186920166,0.876998782157898,1.522481918334961,0.03891672194004059,0.7048572897911072,0.016250930726528168,0.3829919695854187
-16.0939998626709,-6.754000186920166,0.939590573310852,4.825534343719482,0.012970700860023499,0.45109617710113525,0.11666682362556458,0.5541443824768066
-16.0939998626709,-5.754000186920166,1.0021088123321533,4.627224445343018,0.05823829770088196,1.0536000728607178,0.1357589215040207,0.7506285905838013
-16.0939998626709,-5.754000186920166,0.9067917466163635,3.0030574798583984,0.10785643756389618,1.2962404489517212,-0.1986171305179596,0.1960940659046173
-16.0939998626709,-5.754000186920166,0.9227776527404785,0.020640071481466293,0.04925886541604996,0.3466944694519043,-0.1898484081029892,0.053277306258678436
-16.0939998626709,-4.754000186920166,0.8648449182510376,5.678971290588379,0.028759967535734177,1.4995230436325073,0.05849406495690346,0.6857377886772156
-16.0939998626709,-4.754000186920166,0.9370198845863342,3.2537291049957275,0.08701380342245102,0.6567398905754089,0.1513851284980774,0.170925110578537
-16.0939998626709,-4.754000186920166,1.2420998811721802,0.1296350061893463,0.09250617772340775,0.02497968263924122,-0.04831570014357567,0.14333713054656982
-16.0939998626709,-3.753999948501587,0.9241001605987549,5.044103622436523,0.07940658181905746,1.1147451400756836,0.2562933564186096,0.5636347532272339
-16.0939998626709,-3.753999948501587,0.8588955402374268,2.131364583969116,0.058043427765369415,0.18858906626701355,-0.20232054591178894,0.3587471842765808
-16.0939998626709,-3.753999948501587,0.9681400060653687,0.5600535869598389,0.10720522701740265,0.1720762401819229,-0.07131845504045486,0.07761811465024948
-16.0939998626709,-2.753999948501587,1.0087597370147705,5.262407302856445,0.07191233336925507,1.1866564750671387,0.21743211150169373,0.44328123331069946
-16.0939998626709,-2.753999948501587,0.8833105564117432,1.9278994798660278,0.050659000873565674,0.6360272765159607,-0.17364029586315155,0.3698357045650482
-16.0939998626709,-2.753999948501587,0.8616343140602112,0.8005902767181396,0.03909092769026756,0.19672930240631104,-0.07413821667432785,0.1868830770254135
-16.0939998626709,-1.753999948501587,0.9668734669685364,5.149049758911133,0.050476156175136566,1.3344932794570923,-0.03386354818940163,0.5398434996604919
-16.0939998626709,-1.753999948501587,0.9080734252929688,1.900482177734375,0.04294441640377045,0.2644047439098358,-0.09362728893756866,0.2623213529586792
-16.0939998626709,-1.753999948501587,0.8231273293495178,1.4267454147338867,0.024912675842642784,0.10898467898368835,-0.2199208289384842,0.19783511757850647
-16.0939998626709,-0.7540000081062317,0.9541786909103394,5.8243255615234375,0.06780077517032623,0.8771547079086304,0.1649431735277176,0.5187458395957947
-16.0939998626709,-0.7540000081062317,0.8704467415809631,1.7847411632537842,0.10317989438772202,0.49178755283355713,0.07945355027914047,0.20940062403678894
-16.0939998626709,-0.7540000081062317,0.9086797833442688,5.644217491149902,0.07760827243328094,0.1547016054391861,0.10857945680618286,0.271853506565094
-16.0939998626709,0.2460000067949295,0.8654540181159973,5.487908840179443,0.05654093995690346,1.084251880645752,-0.10081581771373749,0.2787052094936371
-16.0939998626709,0.2460000067949295,0.8989080190658569,2.0552914142608643,0.05401547625660896,0.1337965428829193,-0.25606653094291687,0.2931986451148987
-16.0939998626709,0.2460000067949295,0.8913385272026062,4.957406520843506,0.0500493049621582,0.319050669670105,-0.07265780866146088,0.42809608578681946
-16.0939998626709,1.246000051498413,1.0050032138824463,3.914531946182251,0.180973619222641,2.050363779067993,0.09929812699556351,0.13315695524215698
-16.0939998626709,1.246000051498413,1.0053367614746094,2.562746286392212,0.09926800429821014,0.1332072764635086,0.0870342031121254,0.3999800980091095
-16.0939998626709,1.246000051498413,0.7750483751296997,5.605011463165283,0.04279835522174835,0.17453473806381226,-0.12028995156288147,0.4668630361557007
-16.0939998626709,2.246000051498413,0.8160465955734253,5.4176225662231445,0.05685259774327278,1.7625086307525635,0.03759629279375076,0.5783200263977051
-16.0939998626709,2.246000051498413,0.9638726711273193,2.8236305713653564,0.09765562415122986,0.12632320821285248,0.019220519810914993,0.189139723777771
-16.0939998626709,2.246000051498413,1.1747088432312012,6.1473846435546875,0.08444970846176147,0.020822934806346893,-0.024320106953382492,0.2325403392314911
-16.0939998626709,3.246000051498413,0.8627358675003052,5.949825286865234,0.07125701010227203,2.1355679035186768,-0.05531315132975578,0.2860618531703949
-16.0939998626709,3.246000051498413,1.1415884494781494,2.9753577709198,0.08806027472019196,0.07253547012805939,-0.07924919575452805,0.37654998898506165
-16.0939998626709,3.246000051498413,1.1719486713409424,6.214375019073486,0.06548500806093216,0.014908618293702602,-0.07064387202262878,0.33738821744918823
-16.0939998626709,4.245999813079834,0.9121085405349731,0.15735700726509094,0.0653412938117981,1.4621301889419556,0.002444949932396412,0.2684668302536011
-16.0939998626709,4.245999813079834,1.0899122953414917,3.033738613128662,0.07307829707860947,0.09548338502645493,0.005129940342158079,0.3897644579410553
-16.0939998626709,4.245999813079834,1.1635321378707886,0.008229449391365051,0.058846477419137955,0.020391244441270828,-0.0647267997264862,0.341768741607666
-16.0939998626709,5.245999813079834,0.9170370697975159,5.740888595581055,0.031439803540706635,1.176468849182129,0.03380034118890762,0.6967101097106934
-16.0939998626709,5.245999813079834,0.9968129992485046,3.0283613204956055,0.09767788648605347,0.2951526641845703,0.19079889357089996,0.1927439421415329
-16.0939998626709,5.245999813079834,1.1919834613800049,0.11980821192264557,0.08398101478815079,0.03205283731222153,-0.09315285086631775,0.11054585874080658
-16.0939998626709,6.245999813079834,0.8550271987915039,5.409021854400635,0.02380453795194626,1.0710840225219727,0.08115008473396301,0.7228449583053589
-16.0939998626709,6.245999813079834,1.022154450416565,3.1247425079345703,0.0978485718369484,0.5323978066444397,0.231247216463089,0.16782553493976593
-16.0939998626709,6.245999813079834,1.2468516826629639,0.17560136318206787,0.08579988777637482,0.03514178469777107,-0.0036384279374033213,0.1093294769525528
-16.0939998626709,7.245999813079834,0.9680742621421814,4.798372268676758,0.06507952511310577,1.267629623413086,0.04676852002739906,0.529471218585968
-16.0939998626709,7.245999813079834,0.903265655040741,2.461752414703369,0.07514478266239166,0.6990748047828674,0.23319636285305023,0.27031823992729187
-16.0939998626709,7.245999813079834,0.9689828157424927,0.5404374599456787,0.07430348545312881,0.13856351375579834,-0.07363130152225494,0.20021051168441772
-16.0939998626709,8.246000289916992,0.9884940981864929,5.685140132904053,0.12927737832069397,1.4374223947525024,0.26188400387763977,0.2254064530134201
-16.0939998626709,8.246000289916992,0.7964908480644226,2.6823112964630127,0.06162063777446747,1.6552454233169556,0.12832148373126984,0.6638529896736145
-16.0939998626709,8.246000289916992,0.8341193199157715,5.553684234619141,0.042555712163448334,0.54936683177948,0.22176092863082886,0.11074062436819077
-16.0939998626709,9.246000289916992,0.9089057445526123,4.987276077270508,0.02689104899764061,1.1823729276657104,0.15820157527923584,0.542971670627594
-16.0939998626709,9.246000289916992,0.9768218398094177,2.529747247695923,0.07900339365005493,1.7785342931747437,0.2226192206144333,0.41132768988609314
-16.0939998626709,9.246000289916992,1.0908396244049072,5.8365325927734375,0.0640341192483902,0.3238699734210968,0.03440428152680397,0.045700617134571075
-16.0939998626709,10.246000289916992,0.8199167251586914,0.8411134481430054,0.031530220061540604,1.3969430923461914,0.07413973659276962,0.7032167911529541
-16.0939998626709,10.246000289916992,1.0558685064315796,4.014016628265381,0.11012070626020432,0.4842930734157562,0.11838038265705109,0.17803192138671875
-16.0939998626709,10.246000289916992,1.1356154680252075,0.8664174675941467,0.06702996790409088,0.0822562426328659,-0.24567851424217224,0.11875124275684357
-16.0939998626709,11.246000289916992,1.074550747871399,3.6321492195129395,0.06746494024991989,0.5824359059333801,0.1679578274488449,0.3862534761428833
-16.0939998626709,11.246000289916992,1.0165996551513672,1.3486602306365967,0.07633161544799805,0.5509554147720337,-0.0011781208449974656,0.3645057678222656
-16.0939998626709,11.246000289916992,1.126355528831482,0.5694875121116638,0.12074041366577148,0.3180670142173767,0.04891141131520271,0.24924077093601227
-16.0939998626709,12.246000289916992,1.0296157598495483,4.034483909606934,0.10774589329957962,0.5514721274375916,0.10307496041059494,0.1828489452600479
-16.0939998626709,12.246000289916992,0.963212251663208,1.053681492805481,0.10613173246383667,0.10387902706861496,-0.3406267464160919,0.7394220232963562
-16.0939998626709,12.246000289916992,1.0146681070327759,4.7947821617126465,0.18656055629253387,2.4149715900421143,0.14047260582447052,0.07772908359766006
-16.0939998626709,13.246000289916992,0.9402545690536499,1.760448932647705,0.1151481494307518,1.4039483070373535,0.25562265515327454,0.06868825107812881
-16.0939998626709,13.246000289916992,1.0656545162200928,1.263356328010559,0.08093513548374176,0.11553795635700226,-0.08748253434896469,0.9247841835021973
-16.0939998626709,13.246000289916992,0.9925235509872437,5.584702491760254,0.1960781067609787,0.7081975936889648,0.22810108959674835,0.006527614314109087
-16.0939998626709,14.246000289916992,1.0223751068115234,1.6126049757003784,0.6148210167884827,1.4620898962020874,0.10679975152015686,0.025855032727122307
-16.0939998626709,14.246000289916992,1.0033174753189087,1.5749754905700684,0.04736426845192909,0.10702212154865265,-0.26565372943878174,0.7789018750190735
-16.0939998626709,14.246000289916992,1.1439437866210938,0.9744062423706055,0.1628660410642624,0.0944855809211731,-0.04526706039905548,0.19524309039115906
-16.0939998626709,15.246000289916992,0.9048183560371399,0.5827317237854004,0.18028467893600464,1.2603704929351807,0.15463370084762573,0.017769984900951385
-16.0939998626709,15.246000289916992,0.8717032670974731,1.4613171815872192,0.026902830228209496,0.1497006118297577,-0.14941595494747162,0.8137062191963196
-16.0939998626709,15.246000289916992,0.996062695980072,1.4819916486740112,0.13482286036014557,0.27524515986442566,-0.014301697723567486,0.1685238480567932
-16.0939998626709,16.246000289916992,1.0928866863250732,0.48924878239631653,0.25691819190979004,0.7900844216346741,0.05911857634782791,0.033122722059488297
-16.0939998626709,16.246000289916992,1.038281798362732,1.856899619102478,0.07031692564487457,0.23877480626106262,0.15396443009376526,0.93576580286026
-16.0939998626709,16.246000289916992,1.1575231552124023,0.9270293116569519,0.23779812455177307,0.1094479188323021,0.08452305197715759,0.031111473217606544
-16.0939998626709,17.246000289916992,1.2249300479888916,4.30982780456543,0.3834393620491028,2.4630982875823975,0.1206013634800911,0.0048863631673157215
-16.0939998626709,17.246000289916992,1.1735748052597046,1.9663052558898926,0.07338398694992065,0.09666803479194641,0.1683279424905777,0.9876074194908142
-16.0939998626709,17.246000289916992,1.0702615976333618,0.9106844067573547,0.1251489222049713,0.18955661356449127,-0.17093396186828613,0.007506287656724453
-16.0939998626709,18.246000289916992,0.8648245334625244,4.984267234802246,0.087816022336483,1.6660115718841553,0.20515961945056915,0.021698104217648506
-16.0939998626709,18.246000289916992,1.0985864400863647,1.9484550952911377,0.08280403912067413,0.13654997944831848,0.01573493890464306,0.9765660762786865
-16.0939998626709,18.246000289916992,1.0680620670318604,6.2575764656066895,0.1796252578496933,0.3499443531036377,0.05585035681724548,0.0017357206670567393
-16.0939998626709,19.246000289916992,1.0117591619491577,0.2661425769329071,0.13672222197055817,1.1902084350585938,0.12427636981010437,0.16361911594867706
-16.0939998626709,19.246000289916992,1.010406255722046,2.014784574508667,0.10762432962656021,0.10578873753547668,0.05069325864315033,0.8064050078392029
-16.0939998626709,19.246000289916992,0.972894012928009,6.11190128326416,0.08727700263261795,0.15603354573249817,0.02980167604982853,0.029975883662700653
-16.0939998626709,20.246000289916992,0.8533022999763489,1.38628089427948,0.08610231429338455,1.1663819551467896,0.028698435053229332,0.027047235518693924
-16.0939998626709,20.246000289916992,1.0174025297164917,1.772834300994873,0.08716685324907303,0.07163767516613007,0.07243407517671585,0.9708443880081177
-16.0939998626709,20.246000289916992,0.9898224472999573,4.89723014831543,0.17201119661331177,0.4495658576488495,0.07344679534435272,0.002108429092913866
-16.0939998626709,21.246000289916992,0.8729755282402039,0.4631621241569519,0.19291698932647705,2.149470806121826,0.042020078748464584,0.0016497722826898098
-16.0939998626709,21.246000289916992,0.9712480902671814,1.7059252262115479,0.08290733397006989,0.06733816862106323,0.13646696507930756,0.9977759718894958
-16.0939998626709,21.246000289916992,0.9324073195457458,4.527378082275391,0.35639166831970215,1.191994071006775,0.13603907823562622,0.0005743216606788337
-16.0939998626709,22.246000289916992,0.7936693429946899,0.8324232697486877,0.24130100011825562,2.8243703842163086,0.014733346179127693,0.00015465545584447682
-16.0939998626709,22.246000289916992,0.9618638157844543,1.5803260803222656,0.07208673655986786,0.04983719810843468,0.1147206500172615,0.9997437596321106
-16.0939998626709,22.246000289916992,0.9115941524505615,4.371929168701172,0.5220555067062378,1.2927534580230713,0.17066368460655212,0.00010148134606424719
-16.0939998626709,23.246000289916992,0.7760186195373535,0.43014323711395264,0.41506227850914,3.666949987411499,0.03002583608031273,2.0420637156348675e-05
-16.0939998626709,23.246000289916992,0.9518239498138428,1.4819307327270508,0.06318973749876022,0.04167075827717781,0.10294704884290695,0.9999513626098633
-16.0939998626709,23.246000289916992,0.8848728537559509,4.201733589172363,0.6007578372955322,1.4557915925979614,0.19996213912963867,2.8283815481700003e-05
-16.0939998626709,24.246000289916992,0.7654196619987488,0.046831052750349045,0.6619588732719421,4.6379475593566895,0.044186897575855255,4.7703961172373965e-06
-16.0939998626709,24.246000289916992,0.9286443591117859,1.3931527137756348,0.05716558173298836,0.03797639161348343,0.08904330432415009,0.999980092048645
-16.0939998626709,24.246000289916992,0.8644466400146484,4.0704779624938965,0.6643933057785034,1.3700510263442993,0.21612471342086792,1.5119499039428774e-05
-15.093999862670898,-12.753999710083008,0.7441825270652771,5.274624347686768,0.10464085638523102,1.2412571907043457,0.016278455033898354,0.06462706625461578
-15.093999862670898,-12.753999710083008,0.6320444941520691,2.412794589996338,0.10864129662513733,0.2999681830406189,0.20920531451702118,0.01118003111332655
-15.093999862670898,-12.753999710083008,0.696692168712616,4.958011627197266,0.031427640467882156,0.06801043450832367,0.06368694454431534,0.9241929054260254
-15.093999862670898,-11.753999710083008,0.8491586446762085,4.79438591003418,0.1460319310426712,0.6392726302146912,0.05145367607474327,0.05724224075675011
-15.093999862670898,-11.753999710083008,0.6574918031692505,1.4154868125915527,0.053700339049100876,0.1717570573091507,-0.0886276587843895,0.007817146368324757
-15.093999862670898,-11.753999710083008,0.6657353043556213,4.670920372009277,0.017483748495578766,0.08224308490753174,0.030552105978131294,0.9349406361579895
-15.093999862670898,-10.753999710083008,1.0512558221817017,5.3803911209106445,0.2522577941417694,0.6082874536514282,0.1948101818561554,0.00751637015491724
-15.093999862670898,-10.753999710083008,0.6300687193870544,1.6787655353546143,0.06854581087827682,1.1412537097930908,0.15995144844055176,0.00517237838357687
-15.093999862670898,-10.753999710083008,0.6712505221366882,4.827531814575195,0.013520189560949802,0.07274766266345978,0.07891129702329636,0.9873112440109253
-15.093999862670898,-9.753999710083008,0.7795838117599487,4.83029842376709,0.033580027520656586,0.8072983622550964,-0.07842777669429779,0.1417999118566513
-15.093999862670898,-9.753999710083008,0.5991630554199219,1.7122220993041992,0.042694829404354095,0.6613714694976807,-0.03986178711056709,0.05684899911284447
-15.093999862670898,-9.753999710083008,0.73106849193573,4.415286064147949,0.02040327526628971,0.23509469628334045,0.14675095677375793,0.8013510704040527
-15.093999862670898,-8.753999710083008,0.9209738373756409,4.883641242980957,0.03912349417805672,1.4001649618148804,-0.029889600351452827,0.4923185706138611
-15.093999862670898,-8.753999710083008,0.8578584790229797,1.776167631149292,0.07779819518327713,0.37709587812423706,-0.20462186634540558,0.14354079961776733
-15.093999862670898,-8.753999710083008,0.8674116134643555,4.505522727966309,0.044801417738199234,0.2692829966545105,-0.01033023465424776,0.36414068937301636
-15.093999862670898,-7.754000186920166,0.8639445304870605,5.200376510620117,0.04956580325961113,1.165069580078125,-0.1057417094707489,0.5420283079147339
-15.093999862670898,-7.754000186920166,0.7898894548416138,1.4828426837921143,0.06444022059440613,0.6042041778564453,-0.07782050222158432,0.23882992565631866
-15.093999862670898,-7.754000186920166,0.8788039088249207,4.546449661254883,0.040179748088121414,0.16106528043746948,0.0753285214304924,0.21914181113243103
-15.093999862670898,-6.754000186920166,1.121916651725769,5.401177406311035,0.16674593091011047,1.0780153274536133,0.08619629591703415,0.08654099702835083
-15.093999862670898,-6.754000186920166,0.916618824005127,1.5949976444244385,0.04292914271354675,0.7644249200820923,0.029821433126926422,0.4932565987110138
-15.093999862670898,-6.754000186920166,1.005552887916565,5.046212196350098,0.02298622764647007,0.6723783612251282,0.12490003556013107,0.42020243406295776
-15.093999862670898,-5.754000186920166,0.9265112280845642,3.9696099758148193,0.0606311596930027,0.8700821995735168,0.19098207354545593,0.47628670930862427
-15.093999862670898,-5.754000186920166,0.8092243075370789,1.8746562004089355,0.05331316590309143,1.2211880683898926,-0.2334911972284317,0.5056196451187134
-15.093999862670898,-5.754000186920166,0.8938106298446655,0.059030115604400635,0.06342563778162003,1.0954276323318481,-0.025567255914211273,0.018093669787049294
-15.093999862670898,-4.754000186920166,0.9457104206085205,4.588338851928711,0.02981821820139885,0.8688211441040039,0.19093511998653412,0.6460791230201721
-15.093999862670898,-4.754000186920166,0.9867225289344788,2.653796911239624,0.10909516364336014,1.256941318511963,0.24362772703170776,0.1493304967880249
-15.093999862670898,-4.754000186920166,1.2604693174362183,0.14652293920516968,0.07071565091609955,0.017293285578489304,-0.03326514735817909,0.20459036529064178
-15.093999862670898,-3.753999948501587,1.0035854578018188,4.8457159996032715,0.08226722478866577,0.6472947597503662,0.2135116010904312,0.6897276043891907
-15.093999862670898,-3.753999948501587,0.8928588032722473,1.6504930257797241,0.06122605875134468,0.2989639639854431,-0.20918381214141846,0.23747220635414124
-15.093999862670898,-3.753999948501587,1.0098319053649902,0.28239530324935913,0.08373939245939255,0.1726459413766861,-0.04771740734577179,0.07280012220144272
-15.093999862670898,-2.753999948501587,0.923824667930603,5.346268177032471,0.0470057837665081,1.2689470052719116,0.20880940556526184,0.550321638584137
-15.093999862670898,-2.753999948501587,0.9630967378616333,2.269984722137451,0.07464183121919632,0.26113688945770264,-0.2664804458618164,0.3446175456047058
-15.093999862670898,-2.753999948501587,0.8634935617446899,0.5118869543075562,0.0445241779088974,0.15579311549663544,-0.06883930414915085,0.10506085306406021
-15.093999862670898,-1.753999948501587,0.9423303604125977,4.908563613891602,0.04501286521553993,1.126107931137085,0.03805791959166527,0.9090792536735535
-15.093999862670898,-1.753999948501587,0.939826250076294,2.0607614517211914,0.05682167410850525,0.19383779168128967,-0.1280851513147354,0.05889257416129112
-15.093999862670898,-1.753999948501587,0.8837924003601074,1.0419286489486694,0.04413995146751404,0.17963549494743347,-0.0699540451169014,0.03202823922038078
-15.093999862670898,-0.7540000081062317,1.0526471138000488,4.7626214027404785,0.0698966532945633,0.7824305295944214,0.11944897472858429,0.6481700539588928
-15.093999862670898,-0.7540000081062317,0.9449918866157532,1.5889086723327637,0.1004941463470459,0.761315107345581,0.23338797688484192,0.2346557229757309
-15.093999862670898,-0.7540000081062317,0.9717832207679749,5.729464530944824,0.10586635023355484,0.2941139042377472,0.07377618551254272,0.11717423051595688
-15.093999862670898,0.2460000067949295,1.1288646459579468,5.3210601806640625,0.13662143051624298,1.063852310180664,-0.07152088731527328,0.4720333218574524
-15.093999862670898,0.2460000067949295,0.9189040660858154,1.76484215259552,0.05460574850440025,0.44090011715888977,-0.21187543869018555,0.32861414551734924
-15.093999862670898,0.2460000067949295,0.8674635291099548,4.838348388671875,0.034840140491724014,0.4817182421684265,-0.025858791545033455,0.19935251772403717
-15.093999862670898,1.246000051498413,0.9545507431030273,4.514793395996094,0.10840535163879395,1.2935857772827148,-0.005366554483771324,0.40724971890449524
-15.093999862670898,1.246000051498413,0.9061457514762878,2.2305073738098145,0.06850127130746841,0.2869448959827423,0.211452454328537,0.36867594718933105
-15.093999862670898,1.246000051498413,0.8118155002593994,6.157052040100098,0.03450021147727966,0.21650546789169312,-0.13129711151123047,0.2240743190050125
-15.093999862670898,2.246000051498413,0.7776979207992554,6.0217180252075195,0.04346368834376335,1.751175880432129,0.011066364124417305,0.5854899883270264
-15.093999862670898,2.246000051498413,1.0353156328201294,2.959951639175415,0.09774430096149445,0.10614535212516785,0.033805008977651596,0.1892293244600296
-15.093999862670898,2.246000051498413,1.1475247144699097,6.181571960449219,0.07071482390165329,0.02280944585800171,-0.07756352424621582,0.22528076171875
-15.093999862670898,3.246000051498413,0.9165716767311096,5.619324207305908,0.0762481614947319,1.9608262777328491,-0.023199470713734627,0.30536407232284546
-15.093999862670898,3.246000051498413,1.198796272277832,2.995823621749878,0.08635654300451279,0.05401849001646042,-0.07903333008289337,0.4001729190349579
-15.093999862670898,3.246000051498413,1.2217392921447754,6.257310390472412,0.0637618824839592,0.013589697889983654,-0.06772232800722122,0.29446300864219666
-15.093999862670898,4.245999813079834,0.9037951231002808,6.09883975982666,0.05816560983657837,1.5455485582351685,0.010263912379741669,0.2992797791957855
-15.093999862670898,4.245999813079834,1.0755449533462524,2.9762299060821533,0.07517708837985992,0.08136601001024246,0.025921043008565903,0.3287007212638855
-15.093999862670898,4.245999813079834,1.1443722248077393,6.260373115539551,0.05880589038133621,0.020032670348882675,-0.06057549640536308,0.372019499540329
-15.093999862670898,5.245999813079834,0.9231985211372375,5.63281774520874,0.03238311782479286,1.2895104885101318,0.05111953243613243,0.6877410411834717
-15.093999862670898,5.245999813079834,0.9928852319717407,3.0134317874908447,0.09825857728719711,0.3340989947319031,0.12790709733963013,0.1777748167514801
-15.093999862670898,5.245999813079834,1.1780096292495728,0.08910688757896423,0.07584863901138306,0.03502748906612396,-0.10310209542512894,0.13448411226272583
-15.093999862670898,6.245999813079834,0.8874010443687439,5.391107559204102,0.026793096214532852,1.0027462244033813,0.06467760354280472,0.5806846618652344
-15.093999862670898,6.245999813079834,1.0365620851516724,3.0015687942504883,0.09790051728487015,0.5660228729248047,0.2411484569311142,0.22858788073062897
-15.093999862670898,6.245999813079834,1.2520332336425781,0.07137522101402283,0.07951225340366364,0.0382673479616642,-0.011231085285544395,0.19072744250297546
-15.093999862670898,7.245999813079834,0.9654697179794312,5.078811168670654,0.06166145205497742,1.328195333480835,0.007053440436720848,0.521220862865448
-15.093999862670898,7.245999813079834,0.9725791215896606,2.7109055519104004,0.0716012716293335,0.35661837458610535,0.2539294362068176,0.29888343811035156
-15.093999862670898,7.245999813079834,0.9448872804641724,0.1905466616153717,0.05705440416932106,0.11880999803543091,-0.0225684754550457,0.17989563941955566
-15.093999862670898,8.246000289916992,1.0592256784439087,0.02343856729567051,0.27842387557029724,1.6656709909439087,0.1456064134836197,0.08437846601009369
-15.093999862670898,8.246000289916992,0.9943675398826599,2.1545958518981934,0.08624156564474106,0.38599923253059387,0.1785675436258316,0.5314347147941589
-15.093999862670898,8.246000289916992,0.982036292552948,5.215644836425781,0.045689743012189865,0.32270729541778564,0.2525434195995331,0.38418683409690857
-15.093999862670898,9.246000289916992,1.0283416509628296,5.076637268066406,0.0614287443459034,1.5354726314544678,0.07038058340549469,0.31096765398979187
-15.093999862670898,9.246000289916992,1.0163482427597046,1.789128303527832,0.057439614087343216,0.5871154069900513,0.1936539113521576,0.30391156673431396
-15.093999862670898,9.246000289916992,0.9800253510475159,4.859084606170654,0.02334555797278881,0.25980088114738464,0.19016438722610474,0.38512083888053894
-15.093999862670898,10.246000289916992,0.7644588351249695,0.07148467749357224,0.03545377776026726,1.271084189414978,0.03826611116528511,0.4160667061805725
-15.093999862670898,10.246000289916992,0.9975822567939758,3.8134920597076416,0.10679811984300613,0.6704100966453552,0.17965354025363922,0.36226800084114075
-15.093999862670898,10.246000289916992,1.1399708986282349,0.7653769254684448,0.08778129518032074,0.11220074445009232,-0.26180753111839294,0.22166529297828674
-15.093999862670898,11.246000289916992,1.0474307537078857,3.3618674278259277,0.08530586212873459,0.4555940330028534,0.21838806569576263,0.43632185459136963
-15.093999862670898,11.246000289916992,0.9692347049713135,1.1320366859436035,0.08466517925262451,0.3621409833431244,-0.1781957745552063,0.3605753183364868
-15.093999862670898,11.246000289916992,1.0393484830856323,6.197780609130859,0.11777140945196152,0.7655340433120728,0.11195551604032516,0.20310279726982117
-15.093999862670898,12.246000289916992,1.1389844417572021,3.447523593902588,0.15366938710212708,0.4946141242980957,0.06985421478748322,0.14484134316444397
-15.093999862670898,12.246000289916992,0.9983049035072327,0.8871027231216431,0.08975338190793991,0.08051524311304092,-0.3735678791999817,0.6213176846504211
-15.093999862670898,12.246000289916992,0.9913254380226135,4.349998950958252,0.12357772886753082,2.43179988861084,0.1728486567735672,0.2338409572839737
-15.093999862670898,13.246000289916992,1.1589933633804321,4.800600051879883,0.3929237723350525,2.0276529788970947,0.2829960286617279,0.011563088744878769
-15.093999862670898,13.246000289916992,1.0358151197433472,1.4249334335327148,0.08113335818052292,0.3538050651550293,-0.044408004730939865,0.9526816606521606
-15.093999862670898,13.246000289916992,0.9799666404724121,5.143458843231201,0.09672326594591141,0.4536561667919159,0.13356713950634003,0.03575526550412178
-15.093999862670898,14.246000289916992,0.9603188037872314,2.0563578605651855,0.3175892233848572,1.2624430656433105,0.1322762817144394,0.09033720940351486
-15.093999862670898,14.246000289916992,0.963996171951294,1.7645115852355957,0.057697318494319916,0.3851175904273987,-0.295802503824234,0.8624827265739441
-15.093999862670898,14.246000289916992,1.170608639717102,1.0587559938430786,0.16906221210956573,0.13834922015666962,-0.08965647220611572,0.047180041670799255
-15.093999862670898,15.246000289916992,1.1197515726089478,1.146653413772583,0.7009331583976746,1.1545417308807373,0.25527140498161316,0.010665139183402061
-15.093999862670898,15.246000289916992,0.8374313712120056,1.9523299932479858,0.01849115453660488,0.15077996253967285,-0.06225595995783806,0.5257784724235535
-15.093999862670898,15.246000289916992,1.0042001008987427,1.4301990270614624,0.06610079854726791,0.1138005256652832,0.019565535709261894,0.4635564982891083
-15.093999862670898,16.246000289916992,0.9454660415649414,0.7515532970428467,0.280062735080719,1.3278051614761353,0.03292807564139366,0.007373230066150427
-15.093999862670898,16.246000289916992,1.0187500715255737,2.0074374675750732,0.051330581307411194,0.14579878747463226,0.11009611934423447,0.9878891110420227
-15.093999862670898,16.246000289916992,1.1846075057983398,0.5982040762901306,0.2601901888847351,0.11164293438196182,0.055795613676309586,0.004737665876746178
-15.093999862670898,17.246000289916992,1.1960594654083252,4.739451885223389,0.24162155389785767,1.8051164150238037,0.21360620856285095,0.02818221040070057
-15.093999862670898,17.246000289916992,1.0919678211212158,2.043480396270752,0.07532928884029388,0.12558776140213013,0.11236423254013062,0.9589534401893616
-15.093999862670898,17.246000289916992,1.0822415351867676,0.6540936827659607,0.12778200209140778,0.23093140125274658,-0.016448302194476128,0.012864329852163792
-15.093999862670898,18.246000289916992,0.870629072189331,5.968924045562744,0.07784302532672882,1.6711276769638062,0.1953539103269577,0.017628198489546776
-15.093999862670898,18.246000289916992,1.0902636051177979,1.8591948747634888,0.08584479987621307,0.12978248298168182,0.06501635164022446,0.9815337061882019
-15.093999862670898,18.246000289916992,1.0054861307144165,6.082281112670898,0.1739710420370102,0.465271532535553,0.0707801803946495,0.0008381481748074293
-15.093999862670898,19.246000289916992,0.9623157978057861,0.14527875185012817,0.08781959861516953,1.1115449666976929,0.181019589304924,0.1154039055109024
-15.093999862670898,19.246000289916992,1.0114808082580566,1.6080482006072998,0.0936146005988121,0.10587558895349503,-0.019169747829437256,0.8616426587104797
-15.093999862670898,19.246000289916992,1.0555543899536133,0.12896253168582916,0.13006287813186646,0.2889222800731659,0.00989646278321743,0.02295350469648838
-15.093999862670898,20.246000289916992,0.8946307301521301,0.7052474021911621,0.13906535506248474,1.5759308338165283,0.14703956246376038,0.04203658550977707
-15.093999862670898,20.246000289916992,0.9951595664024353,1.5565942525863647,0.08475974202156067,0.07332728058099747,0.0057680546306073666,0.9510403871536255
-15.093999862670898,20.246000289916992,0.9914680123329163,5.331040859222412,0.1933377981185913,0.5716065764427185,0.07178469747304916,0.00692299148067832
-15.093999862670898,21.246000289916992,0.9075568914413452,6.0988569259643555,0.27879950404167175,2.0566422939300537,0.09789960831403732,0.005737654864788055
-15.093999862670898,21.246000289916992,0.9683480262756348,1.56589674949646,0.08998148143291473,0.06473471224308014,0.0026221589650958776,0.9923129677772522
-15.093999862670898,21.246000289916992,0.9636776447296143,4.502427101135254,0.3194059729576111,1.054229736328125,0.17266032099723816,0.001949354656971991
-15.093999862670898,22.246000289916992,0.8359563946723938,2.045910358428955,0.4428541362285614,2.8717336654663086,-0.02097453363239765,0.000299519335385412
-15.093999862670898,22.246000289916992,1.0317758321762085,1.596775770187378,0.0757337138056755,0.025367381051182747,0.02948085032403469,0.999387264251709
-15.093999862670898,22.246000289916992,1.0004009008407593,4.2382893562316895,0.3540499806404114,0.391567200422287,0.23785781860351562,0.0003132590209133923
-15.093999862670898,23.246000289916992,0.8922861218452454,3.2032620906829834,1.4051014184951782,4.081840515136719,-0.04139820858836174,2.9341439585550688e-05
-15.093999862670898,23.246000289916992,1.0360594987869263,1.4486618041992188,0.06653499603271484,0.01715431548655033,0.018260905519127846,0.9998763799667358
-15.093999862670898,23.246000289916992,1.0408549308776855,3.9494612216949463,0.45147642493247986,0.2562039792537689,0.2930648624897003,9.433832747163251e-05
-14.093999862670898,-12.753999710083008,0.7650867104530334,4.982642650604248,0.0985073521733284,1.7212234735488892,0.1465808004140854,0.015285764820873737
-14.093999862670898,-12.753999710083008,0.7243233323097229,3.201186418533325,0.1078449934720993,0.2040444165468216,-0.10841729491949081,0.0027254968881607056
-14.093999862670898,-12.753999710083008,0.6832501888275146,4.87056827545166,0.02189035527408123,0.0227972362190485,0.0667351484298706,0.9819886684417725
-14.093999862670898,-11.753999710083008,0.843055009841919,4.762705326080322,0.05163722485303879,0.41612133383750916,-0.025018680840730667,0.33996161818504333
-14.093999862670898,-11.753999710083008,0.7099712491035461,2.583737373352051,0.12263141572475433,0.5807744860649109,0.1504460573196411,0.010037695989012718
-14.093999862670898,-11.753999710083008,0.7244427800178528,4.692206382751465,0.019087590277194977,0.08515894412994385,0.032108671963214874,0.6500006318092346
-14.093999862670898,-10.753999710083008,0.8325191736221313,4.502035617828369,0.08349071443080902,0.4673938751220703,0.012506360188126564,0.07351836562156677
-14.093999862670898,-10.753999710083008,0.6035993695259094,2.0801122188568115,0.09434730559587479,1.2822962999343872,0.160011425614357,0.007600642740726471
-14.093999862670898,-10.753999710083008,0.6191093325614929,4.609432220458984,0.012372203171253204,0.13063065707683563,0.041665587574243546,0.9188809990882874
-14.093999862670898,-9.753999710083008,0.8214693665504456,4.497465133666992,0.07694216072559357,1.1490942239761353,0.09357038140296936,0.2466733157634735
-14.093999862670898,-9.753999710083008,0.6182525753974915,1.1867077350616455,0.030358057469129562,0.6205986738204956,0.09191964566707611,0.4380815327167511
-14.093999862670898,-9.753999710083008,0.6886247992515564,4.853001117706299,0.018693311139941216,0.2388824224472046,0.099879689514637,0.315245121717453
-14.093999862670898,-8.753999710083008,0.9863520264625549,4.909915924072266,0.06493476778268814,1.895275592803955,-0.10028795152902603,0.1583264172077179
-14.093999862670898,-8.753999710083008,0.8471143245697021,1.5561853647232056,0.0720522552728653,0.7484719157218933,-0.0018101235618814826,0.435636967420578
-14.093999862670898,-8.753999710083008,0.7474072575569153,4.428596019744873,0.027941560372710228,0.34860822558403015,-0.04698136821389198,0.4060366153717041
-14.093999862670898,-7.754000186920166,0.93021160364151,4.388077735900879,0.04166169837117195,1.1737167835235596,0.10562694817781448,0.4056253135204315
-14.093999862670898,-7.754000186920166,0.9283539056777954,1.6229244470596313,0.07449935376644135,0.5149278044700623,-0.09909133613109589,0.25233176350593567
-14.093999862670898,-7.754000186920166,0.9390349388122559,4.392123222351074,0.042505305260419846,0.17450347542762756,0.17273816466331482,0.3420428931713104
-14.093999862670898,-6.754000186920166,0.946165919303894,4.532532215118408,0.0264558307826519,0.6240110397338867,0.10379530489444733,0.6608743667602539
-14.093999862670898,-6.754000186920166,0.8398358225822449,1.6747196912765503,0.03256816044449806,1.6583856344223022,-0.21122458577156067,0.2314906269311905
-14.093999862670898,-6.754000186920166,1.139031171798706,5.845210075378418,0.06321707367897034,1.2901573181152344,0.10298483073711395,0.107634998857975
-14.093999862670898,-5.754000186920166,0.8733330965042114,4.823685169219971,0.07448858767747879,0.8588748574256897,0.22471019625663757,0.4865044355392456
-14.093999862670898,-5.754000186920166,0.8075309991836548,2.04477596282959,0.0705767273902893,0.7642025351524353,-0.220536470413208,0.3558962345123291
-14.093999862670898,-5.754000186920166,0.9579205513000488,6.078640460968018,0.09245970100164413,0.6207934021949768,-0.06755170971155167,0.1575993448495865
-14.093999862670898,-4.754000186920166,0.880478024482727,5.191851615905762,0.032209910452365875,0.7601928114891052,0.06796740740537643,0.6128962635993958
-14.093999862670898,-4.754000186920166,1.0004483461380005,2.40756893157959,0.13249066472053528,0.5195567607879639,0.3417215049266815,0.10498005896806717
-14.093999862670898,-4.754000186920166,1.262280821800232,0.08486282825469971,0.07599692791700363,0.018767978996038437,-0.0764845684170723,0.2821236848831177
-14.093999862670898,-3.753999948501587,1.0846736431121826,5.23983907699585,0.060701947659254074,0.6190539598464966,0.1620258092880249,0.6625081300735474
-14.093999862670898,-3.753999948501587,0.9681220054626465,1.4574869871139526,0.039407581090927124,0.542567253112793,-0.10557447373867035,0.22722429037094116
-14.093999862670898,-3.753999948501587,1.2488056421279907,0.3074515163898468,0.07827075570821762,0.10475628077983856,-0.09758397936820984,0.1102675274014473
-14.093999862670898,-2.753999948501587,1.0214369297027588,4.656944274902344,0.06162720546126366,1.231814980506897,0.18975256383419037,0.7409189343452454
-14.093999862670898,-2.753999948501587,0.9453651309013367,3.183772325515747,0.07703164219856262,1.745628833770752,0.23147274553775787,0.1365111768245697
-14.093999862670898,-2.753999948501587,1.0704909563064575,1.1929588317871094,0.04054264351725578,0.027663743123412132,-0.23664982616901398,0.12256981432437897
-14.093999862670898,-1.753999948501587,1.0320311784744263,4.465925216674805,0.03242028132081032,1.1766387224197388,0.22041399776935577,0.9660448431968689
-14.093999862670898,-1.753999948501587,0.9838699102401733,2.6039106845855713,0.11290746927261353,1.2524319887161255,0.1329127550125122,0.02081604301929474
-14.093999862670898,-1.753999948501587,1.1878411769866943,0.7908101677894592,0.1348189115524292,0.1271667778491974,0.0002950098132714629,0.013139172457158566
-14.093999862670898,-0.7540000081062317,1.0979087352752686,5.38264799118042,0.05895718187093735,0.5651107430458069,0.030048036947846413,0.32765063643455505
-14.093999862670898,-0.7540000081062317,0.9977236986160278,1.3053808212280273,0.07981546223163605,1.7316752672195435,-0.038701459765434265,0.30503663420677185
-14.093999862670898,-0.7540000081062317,0.9446113109588623,4.870595932006836,0.03359941393136978,0.39349430799484253,0.062208954244852066,0.3673127293586731
-14.093999862670898,0.2460000067949295,1.082485318183899,4.063572883605957,0.058472033590078354,0.5596953630447388,0.15091075003147125,0.4737994074821472
-14.093999862670898,0.2460000067949295,0.9437719583511353,2.1949849128723145,0.09750458598136902,0.7967495918273926,0.21574272215366364,0.29572156071662903
-14.093999862670898,0.2460000067949295,0.980902910232544,4.179617881774902,0.04530378803610802,0.2221415936946869,0.28616470098495483,0.23047906160354614
-14.093999862670898,1.246000051498413,0.9572420120239258,4.449950218200684,0.05294548347592354,0.7353002429008484,-0.08822167664766312,0.6993691325187683
-14.093999862670898,1.246000051498413,0.8680956959724426,1.6566920280456543,0.06151929125189781,1.2307708263397217,0.33787161111831665,0.20210081338882446
-14.093999862670898,1.246000051498413,0.8655709624290466,6.026873588562012,0.024972643703222275,0.2912725806236267,-0.05063585564494133,0.09853004664182663
-14.093999862670898,2.246000051498413,0.9285780191421509,5.76291036605835,0.044478997588157654,1.4926116466522217,0.05694124847650528,0.601696789264679
-14.093999862670898,2.246000051498413,1.0582044124603271,2.9608657360076904,0.07355964183807373,0.10231450200080872,0.15124063193798065,0.1792692095041275
-14.093999862670898,2.246000051498413,1.2359983921051025,6.216331958770752,0.07313194870948792,0.01629110611975193,0.0099972914904356,0.21903403103351593
-14.093999862670898,3.246000051498413,0.9285947680473328,5.448845863342285,0.05263582244515419,1.387538194656372,0.08918039500713348,0.32320261001586914
-14.093999862670898,3.246000051498413,1.0997414588928223,3.0186104774475098,0.07431242614984512,0.08826573938131332,0.09937849640846252,0.33200541138648987
-14.093999862670898,3.246000051498413,1.162746548652649,6.257986545562744,0.05711336433887482,0.020593661814928055,0.0601799339056015,0.3447920083999634
-14.093999862670898,4.245999813079834,0.913564145565033,5.6415205001831055,0.053532470017671585,1.80880606174469,0.08372285962104797,0.2905731499195099
-14.093999862670898,4.245999813079834,1.0618029832839966,2.9531285762786865,0.07447058707475662,0.08887794613838196,0.1248607486486435,0.27817127108573914
-14.093999862670898,4.245999813079834,1.1242581605911255,6.204541206359863,0.05379194766283035,0.020642975345253944,-0.029538992792367935,0.43125560879707336
-14.093999862670898,5.245999813079834,0.8232508301734924,5.475855827331543,0.025654412806034088,1.5139020681381226,0.028694123029708862,0.4995991289615631
-14.093999862670898,5.245999813079834,1.0175526142120361,3.143301248550415,0.07109200209379196,0.18115028738975525,0.09301984310150146,0.2749657928943634
-14.093999862670898,5.245999813079834,1.18155837059021,0.023831557482481003,0.07445726543664932,0.0315578430891037,-0.06740066409111023,0.2254350483417511
-14.093999862670898,6.245999813079834,0.9000414609909058,4.679537773132324,0.034362487494945526,0.9263321161270142,0.03519053012132645,0.626919686794281
-14.093999862670898,6.245999813079834,1.058371901512146,2.829679250717163,0.09570379555225372,0.2895137369632721,0.1837438941001892,0.17530196905136108
-14.093999862670898,6.245999813079834,1.1934220790863037,0.06676467508077621,0.08637970685958862,0.08851485699415207,-0.01984732784330845,0.1977783441543579
-14.093999862670898,7.245999813079834,1.053814172744751,5.376804828643799,0.10114661604166031,1.6291327476501465,0.14530521631240845,0.2353280782699585
-14.093999862670898,7.245999813079834,0.9858019351959229,2.9192817211151123,0.07552113384008408,0.3698540925979614,0.12885041534900665,0.41383835673332214
-14.093999862670898,7.245999813079834,1.021299123764038,6.26996374130249,0.06932666152715683,0.2094447910785675,-0.048706598579883575,0.3508334755897522
-14.093999862670898,8.246000289916992,0.9654120206832886,6.0249786376953125,0.16857747733592987,1.4532008171081543,0.06863147765398026,0.23127974569797516
-14.093999862670898,8.246000289916992,1.007541298866272,2.5772013664245605,0.07022637128829956,0.1094939336180687,0.08217023313045502,0.4240458011627197
-14.093999862670898,8.246000289916992,0.9934868216514587,5.684751510620117,0.060209762305021286,0.24852024018764496,0.17497684061527252,0.3446744680404663
-14.093999862670898,9.246000289916992,0.9832429885864258,5.633123874664307,0.28372249007225037,2.164065361022949,0.12796567380428314,0.11224310100078583
-14.093999862670898,9.246000289916992,0.9492622017860413,2.207991600036621,0.06509225070476532,0.24766886234283447,0.035107582807540894,0.37641626596450806
-14.093999862670898,9.246000289916992,0.9351838827133179,4.482349395751953,0.028916170820593834,0.09902133792638779,0.15146459639072418,0.5113406181335449
-14.093999862670898,10.246000289916992,0.6937663555145264,5.675257205963135,0.02875598892569542,1.565821886062622,0.03719226270914078,0.35290613770484924
-14.093999862670898,10.246000289916992,0.8995179533958435,3.324432849884033,0.1192115768790245,0.30521491169929504,0.1900065392255783,0.28383320569992065
-14.093999862670898,10.246000289916992,0.9794816374778748,0.3979237973690033,0.10043715685606003,0.1410638689994812,-0.15644389390945435,0.3632606565952301
-14.093999862670898,11.246000289916992,1.0359057188034058,3.176236152648926,0.10993492603302002,0.7845127582550049,0.1632293462753296,0.545828104019165
-14.093999862670898,11.246000289916992,0.9473649859428406,1.0980640649795532,0.13984467089176178,0.4475538432598114,-0.24387310445308685,0.2842620015144348
-14.093999862670898,11.246000289916992,0.9228293299674988,6.000421524047852,0.08506090939044952,0.590726375579834,-0.042770449072122574,0.16990996897220612
-14.093999862670898,12.246000289916992,1.1386054754257202,2.306065082550049,0.09067309647798538,0.39107954502105713,0.23671391606330872,0.11928965151309967
-14.093999862670898,12.246000289916992,1.048893928527832,1.1171162128448486,0.06571123749017715,0.4334735572338104,-0.1724984496831894,0.5466349124908447
-14.093999862670898,12.246000289916992,1.1036885976791382,4.631336212158203,0.08837530016899109,0.6051026582717896,0.1361740231513977,0.3340754508972168
-14.093999862670898,13.246000289916992,1.0081466436386108,4.497900485992432,0.14193737506866455,1.0738648176193237,0.16782082617282867,0.05579453706741333
-14.093999862670898,13.246000289916992,0.994132936000824,1.53118896484375,0.12145181000232697,0.594789445400238,-0.22031694650650024,0.7230244874954224
-14.093999862670898,13.246000289916992,0.9996235370635986,4.223404884338379,0.06081022322177887,0.17169523239135742,0.1937537044286728,0.2211809754371643
-14.093999862670898,14.246000289916992,1.0683014392852783,1.1269886493682861,0.5832746624946594,1.358988881111145,0.12949039041996002,0.03872114047408104
-14.093999862670898,14.246000289916992,0.999476969242096,1.6339021921157837,0.0677066296339035,0.38305413722991943,0.02459847554564476,0.9604041576385498
-14.093999862670898,14.246000289916992,1.2088513374328613,1.4331868886947632,0.5478967428207397,0.6270735263824463,0.025706369429826736,0.0008747184765525162
-14.093999862670898,15.246000289916992,1.1525589227676392,5.8892598152160645,0.4154757559299469,1.6965028047561646,0.39854034781455994,0.059939514845609665
-14.093999862670898,15.246000289916992,0.8975743055343628,2.142648220062256,0.024323776364326477,0.11918236315250397,0.11579931527376175,0.6977490782737732
-14.093999862670898,15.246000289916992,0.9747419357299805,0.8757097721099854,0.03553489223122597,0.016464680433273315,-0.09281156212091446,0.24231140315532684
-14.093999862670898,16.246000289916992,0.8441597819328308,5.2661027908325195,0.11070854216814041,1.6220707893371582,0.10961272567510605,0.03577664867043495
-14.093999862670898,16.246000289916992,0.8992199897766113,2.0224175453186035,0.058172378689050674,0.14340035617351532,0.0048262085765600204,0.9596363306045532
-14.093999862670898,16.246000289916992,0.9613463878631592,0.43298569321632385,0.22369246184825897,0.4419434368610382,0.03622546046972275,0.004586989991366863
-14.093999862670898,17.246000289916992,0.9649578332901001,1.67164945602417,0.11760230362415314,1.5528661012649536,0.14960768818855286,0.02068527229130268
-14.093999862670898,17.246000289916992,1.0768243074417114,2.2408864498138428,0.06850068271160126,0.06082359328866005,0.06631361693143845,0.97929447889328
-14.093999862670898,17.246000289916992,1.094162940979004,6.1218743324279785,0.41354772448539734,1.313377022743225,0.26101386547088623,2.0325158402556553e-05
-14.093999862670898,18.246000289916992,0.7698341012001038,1.660369634628296,0.06896647810935974,2.015331745147705,0.11171672493219376,0.008145875297486782
-14.093999862670898,18.246000289916992,1.1171284914016724,1.665906548500061,0.08568822592496872,0.06330959498882294,-0.031321194022893906,0.9911444783210754
-14.093999862670898,18.246000289916992,1.0895917415618896,0.33023032546043396,0.2615694999694824,0.282212495803833,0.02768487110733986,0.0007096266490407288
-14.093999862670898,19.246000289916992,0.9459673166275024,1.005694031715393,0.08625369518995285,1.2561007738113403,0.11077816784381866,0.10558611154556274
-14.093999862670898,19.246000289916992,1.0268489122390747,1.2078100442886353,0.06894408166408539,0.10249461233615875,-0.15388332307338715,0.8721074461936951
-14.093999862670898,19.246000289916992,1.1791093349456787,0.39742422103881836,0.2977859675884247,0.3207426369190216,0.12957657873630524,0.02230650745332241
-14.093999862670898,20.246000289916992,0.9177548289299011,5.735965728759766,0.15813902020454407,1.4807283878326416,0.1213255450129509,0.03955654054880142
-14.093999862670898,20.246000289916992,1.0401027202606201,1.069280743598938,0.061440784484148026,0.07311301678419113,0.044919077306985855,0.8949375152587891
-14.093999862670898,20.246000289916992,1.1860765218734741,0.6748691201210022,0.23416250944137573,0.1499953269958496,0.02929730899631977,0.0655059739947319
-14.093999862670898,21.246000289916992,0.9366075396537781,5.296988487243652,0.3090725243091583,1.750368356704712,0.3243415057659149,0.017844047397375107
-14.093999862670898,21.246000289916992,0.9196025133132935,0.912895679473877,0.043765585869550705,0.09810295701026917,-0.02494990825653076,0.9466928243637085
-14.093999862670898,21.246000289916992,0.9215332865715027,0.12322664260864258,0.14029362797737122,0.49319300055503845,0.18126296997070312,0.035463158041238785
-14.093999862670898,22.246000289916992,0.8781039714813232,5.603787899017334,0.3155890107154846,1.4457899332046509,0.38682934641838074,0.024942534044384956
-14.093999862670898,22.246000289916992,0.8976454734802246,0.5766730904579163,0.05615722015500069,0.11084960401058197,-0.203835591673851,0.9673863053321838
-14.093999862670898,22.246000289916992,0.8871667385101318,5.858919143676758,0.16928395628929138,1.3788145780563354,0.2767581641674042,0.0076711890287697315
-14.093999862670898,23.246000289916992,0.8487242460250854,0.5493444800376892,0.6125945448875427,1.6045634746551514,0.41351258754730225,0.002281435066834092
-14.093999862670898,23.246000289916992,0.8338041305541992,0.07204718887805939,0.04762670770287514,0.10682801157236099,-0.15579168498516083,0.9948828220367432
-14.093999862670898,23.246000289916992,0.826746940612793,5.7750749588012695,0.18291325867176056,2.6469993591308594,0.38211557269096375,0.0028356711845844984
-13.093999862670898,-12.753999710083008,0.8736883401870728,5.87606954574585,0.20709778368473053,2.2565691471099854,0.20366255939006805,0.0013982957461848855
-13.093999862670898,-12.753999710083008,0.7393724918365479,3.552722454071045,0.12749576568603516,0.41349586844444275,-0.17069444060325623,0.0009263476822525263
-13.093999862670898,-12.753999710083008,0.7303496599197388,4.61538028717041,0.021009910851716995,0.01576591096818447,0.1430331915616989,0.997675359249115
-13.093999862670898,-11.753999710083008,0.9819480180740356,4.648780345916748,0.09618689864873886,0.6704224348068237,-0.002274069469422102,0.12319831550121307
-13.093999862670898,-11.753999710083008,0.7996798753738403,3.865222692489624,0.07045846432447433,0.17262817919254303,0.23896212875843048,0.022509833797812462
-13.093999862670898,-11.753999710083008,0.789114236831665,4.498147964477539,0.014898519963026047,0.03625497221946716,0.10034479200839996,0.8542918562889099
-13.093999862670898,-10.753999710083008,0.757612407207489,4.81445837020874,0.05931447818875313,0.39150604605674744,-0.08973848074674606,0.1457996517419815
-13.093999862670898,-10.753999710083008,0.6219145059585571,2.2618517875671387,0.08185973763465881,1.0217335224151611,0.139142245054245,0.011862936429679394
-13.093999862670898,-10.753999710083008,0.5992260575294495,4.808578968048096,0.008926346898078918,0.0857204720377922,0.054008953273296356,0.8423373699188232
-13.093999862670898,-9.753999710083008,0.6638219356536865,4.3109660148620605,0.04475604370236397,1.1667953729629517,-0.005536258220672607,0.559165894985199
-13.093999862670898,-9.753999710083008,0.6148293614387512,1.2070457935333252,0.036983877420425415,0.46807917952537537,0.1016702875494957,0.273735374212265
-13.093999862670898,-9.753999710083008,0.7067211270332336,4.9236884117126465,0.01889236457645893,0.27483776211738586,0.0719207376241684,0.1670987904071808
-13.093999862670898,-8.753999710083008,0.8240014314651489,5.1462907791137695,0.05460125580430031,1.8025031089782715,-0.20558932423591614,0.27034059166908264
-13.093999862670898,-8.753999710083008,0.7275288105010986,1.475260615348816,0.05512426793575287,0.32149314880371094,-0.03328939154744148,0.5334439873695374
-13.093999862670898,-8.753999710083008,0.7055922150611877,4.525737762451172,0.026181042194366455,0.39644771814346313,0.0039611635729670525,0.19621542096138
-13.093999862670898,-7.754000186920166,0.9247996807098389,4.318435192108154,0.03415985405445099,0.8454247713088989,0.16329044103622437,0.4945870041847229
-13.093999862670898,-7.754000186920166,0.9906975626945496,1.5001611709594727,0.07269838452339172,0.6974585056304932,-0.19980469346046448,0.2483045905828476
-13.093999862670898,-7.754000186920166,0.9811550378799438,4.585233211517334,0.05534309148788452,0.49643146991729736,0.13428901135921478,0.2571084201335907
-13.093999862670898,-6.754000186920166,1.0148258209228516,4.610093116760254,0.03847686946392059,0.5262883305549622,0.17345143854618073,0.7024822235107422
-13.093999862670898,-6.754000186920166,0.892974853515625,1.9111350774765015,0.04817010462284088,1.975253701210022,-0.36339306831359863,0.2815607786178589
-13.093999862670898,-6.754000186920166,1.3084291219711304,0.2637748420238495,0.36430269479751587,2.0806140899658203,0.040566336363554,0.015956996008753777
-13.093999862670898,-5.754000186920166,0.9876623153686523,4.847174644470215,0.07484173774719238,0.7224516272544861,0.19792957603931427,0.6064170598983765
-13.093999862670898,-5.754000186920166,0.9282341599464417,1.7985228300094604,0.08652015030384064,0.9738683700561523,-0.08267466723918915,0.25728774070739746
-13.093999862670898,-5.754000186920166,1.026572346687317,6.207245349884033,0.09420672804117203,0.7080713510513306,-0.04401726275682449,0.1362951397895813
-13.093999862670898,-4.754000186920166,0.9911534190177917,4.5283918380737305,0.04985886439681053,0.5182293653488159,0.06512686610221863,0.6585501432418823
-13.093999862670898,-4.754000186920166,0.9864307641983032,1.712925910949707,0.09314800053834915,0.45315462350845337,0.1703808605670929,0.12709690630435944
-13.093999862670898,-4.754000186920166,1.0956482887268066,0.22289183735847473,0.0737004354596138,0.06818126142024994,0.07002518326044083,0.21435293555259705
-13.093999862670898,-3.753999948501587,0.911270022392273,5.127568244934082,0.029854469001293182,0.7058121562004089,0.11555888503789902,0.7673828601837158
-13.093999862670898,-3.753999948501587,0.8834248781204224,1.4833132028579712,0.036786697804927826,0.512791633605957,0.010531065985560417,0.1268068104982376
-13.093999862670898,-3.753999948501587,1.320160150527954,0.41463762521743774,0.09610013663768768,0.05509946122765541,-0.11411859840154648,0.10581038147211075
-13.093999862670898,-2.753999948501587,0.9798747897148132,5.893896579742432,0.02489284612238407,1.1366188526153564,0.1874818205833435,0.8699270486831665
-13.093999862670898,-2.753999948501587,1.0167944431304932,4.28399133682251,0.08112318813800812,0.8378845453262329,0.25659146904945374,0.08063441514968872
-13.093999862670898,-2.753999948501587,1.1983036994934082,1.3683104515075684,0.04713468626141548,0.05156606808304787,-0.310656875371933,0.049438536167144775
-13.093999862670898,-1.753999948501587,0.973747730255127,4.679518699645996,0.028381427749991417,0.8354439735412598,0.1711384356021881,0.9321351051330566
-13.093999862670898,-1.753999948501587,0.9420461058616638,1.8452584743499756,0.08605359494686127,2.8044607639312744,0.21375712752342224,0.041606735438108444
-13.093999862670898,-1.753999948501587,1.2413122653961182,0.5633120536804199,0.1194780245423317,0.1626380831003189,0.027201563119888306,0.02625821717083454
-13.093999862670898,-0.7540000081062317,0.9459742903709412,5.087462425231934,0.01931949146091938,0.452776700258255,0.07678144425153732,0.4923836290836334
-13.093999862670898,-0.7540000081062317,0.9764208197593689,1.7062846422195435,0.08581779152154922,1.3846840858459473,-0.147577166557312,0.14623795449733734
-13.093999862670898,-0.7540000081062317,0.9583526849746704,4.590538501739502,0.019815271720290184,0.21106433868408203,0.00020315554866101593,0.36137834191322327
-13.093999862670898,0.2460000067949295,0.916664719581604,4.37016487121582,0.02860271744430065,0.6189209818840027,0.0900062620639801,0.41112130880355835
-13.093999862670898,0.2460000067949295,0.949948251247406,2.3544540405273438,0.13190637528896332,0.7133603096008301,0.23382088541984558,0.3106802999973297
-13.093999862670898,0.2460000067949295,1.0899325609207153,4.8361406326293945,0.054559264332056046,0.12778529524803162,0.19636474549770355,0.27819836139678955
-13.093999862670898,1.246000051498413,1.0160772800445557,4.977105140686035,0.08185513317584991,1.1586229801177979,0.08984074741601944,0.6633820533752441
-13.093999862670898,1.246000051498413,0.8102072477340698,1.5173412561416626,0.058050788938999176,1.9380013942718506,0.19401085376739502,0.2395830899477005
-13.093999862670898,1.246000051498413,0.9433797597885132,5.713904857635498,0.02193554677069187,0.3371158242225647,-0.005714687053114176,0.09703479707241058
-13.093999862670898,2.246000051498413,1.0008352994918823,5.411211013793945,0.04457337409257889,1.3111119270324707,0.021188054233789444,0.6546303629875183
-13.093999862670898,2.246000051498413,1.175340175628662,3.0100533962249756,0.09169951826334,0.06583631783723831,0.10989637672901154,0.15614312887191772
-13.093999862670898,2.246000051498413,1.243093490600586,6.1960272789001465,0.0737294852733612,0.019575221464037895,-0.0019269417971372604,0.18922650814056396
-13.093999862670898,3.246000051498413,0.9173853397369385,5.191512584686279,0.05183537304401398,1.3927323818206787,0.09940153360366821,0.29858171939849854
-13.093999862670898,3.246000051498413,1.1092432737350464,2.9760682582855225,0.0862790197134018,0.08021248877048492,0.16165702044963837,0.3183284103870392
-13.093999862670898,3.246000051498413,1.1363191604614258,6.226852893829346,0.057156600058078766,0.020834535360336304,0.10691751539707184,0.3830898404121399
-13.093999862670898,4.245999813079834,0.9413519501686096,4.8972954750061035,0.07708616554737091,1.9031428098678589,0.13146813213825226,0.2530438005924225
-13.093999862670898,4.245999813079834,1.0194207429885864,2.992185592651367,0.06555867940187454,0.10528279095888138,0.1358845829963684,0.3011777997016907
-13.093999862670898,4.245999813079834,1.138616919517517,6.202898979187012,0.05548838526010513,0.01971069723367691,-0.033020712435245514,0.4457784593105316
-13.093999862670898,5.245999813079834,0.8389386534690857,6.04278039932251,0.021646304056048393,1.5936962366104126,-0.06876517832279205,0.6213403940200806
-13.093999862670898,5.245999813079834,1.0461481809616089,3.007399797439575,0.0884723886847496,0.14239372313022614,0.09223093837499619,0.19545841217041016
-13.093999862670898,5.245999813079834,1.1362497806549072,6.271891117095947,0.07055184245109558,0.03165927901864052,-0.12418240308761597,0.18320117890834808
-13.093999862670898,6.245999813079834,0.958469808101654,4.413818836212158,0.058671362698078156,1.1335384845733643,-0.014231488108634949,0.49812209606170654
-13.093999862670898,6.245999813079834,1.111999273300171,2.699751138687134,0.11852853745222092,0.21693816781044006,0.23751097917556763,0.18610842525959015
-13.093999862670898,6.245999813079834,1.0772172212600708,6.197205066680908,0.07359374314546585,0.13169243931770325,-0.033757880330085754,0.3157694935798645
-13.093999862670898,7.245999813079834,0.9004700183868408,5.785704135894775,0.05550418421626091,1.5259298086166382,0.13880053162574768,0.28370851278305054
-13.093999862670898,7.245999813079834,0.948998212814331,3.056476593017578,0.11652755737304688,0.46182572841644287,0.15899068117141724,0.3114645183086395
-13.093999862670898,7.245999813079834,0.9997914433479309,0.03874952718615532,0.08179169148206711,0.21863976120948792,0.04451657086610794,0.40482690930366516
-13.093999862670898,8.246000289916992,0.8609237670898438,5.326815605163574,0.2669632136821747,1.3510950803756714,0.10991206020116806,0.07964809238910675
-13.093999862670898,8.246000289916992,0.7304128408432007,3.3908445835113525,0.09252466261386871,0.4493877589702606,0.0032721697352826595,0.12148462980985641
-13.093999862670898,8.246000289916992,0.6563913822174072,4.602242946624756,0.020870041102170944,0.25210848450660706,0.3076460063457489,0.7988672852516174
-13.093999862670898,9.246000289916992,0.720787763595581,4.912367343902588,0.23274607956409454,1.6879538297653198,0.09494208544492722,0.03566652536392212
-13.093999862670898,9.246000289916992,0.7763921618461609,1.9619905948638916,0.06741318106651306,0.048555269837379456,0.22058045864105225,0.931594729423523
-13.093999862670898,9.246000289916992,0.7647992968559265,5.11518669128418,0.1380425989627838,0.20913603901863098,0.07860144227743149,0.03273872286081314
-13.093999862670898,10.246000289916992,0.8919714689254761,4.733278751373291,0.2988153100013733,1.519870638847351,0.07675844430923462,0.13768991827964783
-13.093999862670898,10.246000289916992,0.731427788734436,2.947237730026245,0.06506253778934479,0.39113903045654297,-0.06458482891321182,0.15509341657161713
-13.093999862670898,10.246000289916992,0.7149025201797485,5.3176350593566895,0.0355343334376812,0.2618117928504944,0.05974745377898216,0.7072166800498962
-13.093999862670898,11.246000289916992,0.9225702285766602,3.5253798961639404,0.0791841596364975,1.173172950744629,0.1363711804151535,0.44662541151046753
-13.093999862670898,11.246000289916992,0.8964904546737671,2.2332956790924072,0.11720298230648041,0.25111690163612366,-0.1087273433804512,0.4766441285610199
-13.093999862670898,11.246000289916992,0.8484393954277039,5.578749656677246,0.06168418377637863,0.23669913411140442,-0.0861704871058464,0.07673035562038422
-13.093999862670898,12.246000289916992,1.0198938846588135,3.2056920528411865,0.08455470949411392,1.1184133291244507,0.28723353147506714,0.32805174589157104
-13.093999862670898,12.246000289916992,0.9203484654426575,1.9554880857467651,0.07159534841775894,0.579355001449585,0.10282406955957413,0.5030297040939331
-13.093999862670898,12.246000289916992,1.0458319187164307,4.820542335510254,0.055550798773765564,0.11136265844106674,0.09252102673053741,0.16891859471797943
-13.093999862670898,13.246000289916992,0.8200214505195618,3.803455352783203,0.0532778799533844,0.7699685096740723,0.17906726896762848,0.15193238854408264
-13.093999862670898,13.246000289916992,0.9558143019676208,1.6520519256591797,0.10930115729570389,1.0948477983474731,-0.256530225276947,0.6063709855079651
-13.093999862670898,13.246000289916992,0.9771398901939392,4.413604736328125,0.047693364322185516,0.15984709560871124,0.20984132587909698,0.2416965365409851
-13.093999862670898,14.246000289916992,1.2434157133102417,1.2963707447052002,0.8510954976081848,2.2090859413146973,0.17774473130702972,0.02476039156317711
-13.093999862670898,14.246000289916992,1.055821418762207,1.6488969326019287,0.0902310460805893,0.28942006826400757,0.10437298566102982,0.9751028418540955
-13.093999862670898,14.246000289916992,1.172133445739746,1.2895234823226929,0.8410170078277588,2.195624351501465,-0.01509217917919159,0.00013673071225639433
-13.093999862670898,15.246000289916992,1.0860474109649658,5.735516548156738,0.26799243688583374,2.1766629219055176,0.31843745708465576,0.11468084901571274
-13.093999862670898,15.246000289916992,0.8818739056587219,2.0400493144989014,0.032908640801906586,0.14795418083667755,0.1319904625415802,0.5042145252227783
-13.093999862670898,15.246000289916992,0.9820826649665833,0.8282256126403809,0.026837319135665894,0.009467750787734985,-0.13070419430732727,0.38110461831092834
-13.093999862670898,16.246000289916992,0.9727302193641663,3.3640353679656982,0.15453869104385376,0.6714943647384644,0.13087671995162964,0.11922718584537506
-13.093999862670898,16.246000289916992,0.9783280491828918,1.5913029909133911,0.08064538240432739,0.3482449948787689,-0.386526495218277,0.8532612919807434
-13.093999862670898,16.246000289916992,0.9307385683059692,0.03532366082072258,0.18474166095256805,2.9602744579315186,0.17748799920082092,0.027511531487107277
-13.093999862670898,17.246000289916992,1.003281593322754,3.3659732341766357,0.11378677189350128,1.3123711347579956,0.12346146255731583,0.05836186930537224
-13.093999862670898,17.246000289916992,1.0197007656097412,1.377221941947937,0.07243264466524124,0.1506420075893402,0.04893787205219269,0.9410437345504761
-13.093999862670898,17.246000289916992,1.1275221109390259,0.9233900308609009,0.2705461084842682,0.4772132635116577,0.09438151121139526,0.0005943754222244024
-13.093999862670898,20.246000289916992,1.0935437679290771,1.542092204093933,0.4263891875743866,0.8539096713066101,0.014796491712331772,0.02257060445845127
-13.093999862670898,20.246000289916992,1.0378268957138062,1.259542465209961,0.06636883318424225,0.2261156290769577,-0.030723387375473976,0.9320483207702637
-13.093999862670898,20.246000289916992,1.2399808168411255,0.9261983036994934,0.3604384958744049,0.22362929582595825,0.22604024410247803,0.045381106436252594
-13.093999862670898,21.246000289916992,1.166963815689087,1.7996643781661987,0.7684248089790344,0.7024223804473877,0.19043280184268951,0.08589400351047516
-13.093999862670898,21.246000289916992,0.9565702676773071,1.340504765510559,0.06347505748271942,0.4498460590839386,-0.41396671533584595,0.29936495423316956
-13.093999862670898,21.246000289916992,1.1476434469223022,1.076966404914856,0.12581385672092438,0.31721335649490356,0.18401700258255005,0.6147409677505493
-13.093999862670898,22.246000289916992,1.1075708866119385,3.755661725997925,0.9738731384277344,0.5227331519126892,0.2739895284175873,0.027755195274949074
-13.093999862670898,22.246000289916992,0.8250654935836792,1.0913983583450317,0.0712854340672493,2.6932952404022217,-0.504185676574707,0.039703529328107834
-13.093999862670898,22.246000289916992,1.0283703804016113,1.6048280000686646,0.07209992408752441,0.37294721603393555,0.18284855782985687,0.9325413107872009
-13.093999862670898,23.246000289916992,1.1246800422668457,5.722294330596924,1.4387173652648926,0.3881179690361023,0.33932244777679443,0.0021088370122015476
-13.093999862670898,23.246000289916992,0.7286863923072815,0.9239622950553894,0.09935563057661057,19.13604736328125,-0.5075662732124329,0.0018064023461192846
-13.093999862670898,23.246000289916992,0.9744620323181152,2.3029751777648926,0.05275673791766167,0.4365898370742798,0.13220344483852386,0.9960848093032837
-12.093999862670898,-12.753999710083008,0.8144587278366089,2.671809196472168,0.32422545552253723,2.4997470378875732,0.2232135534286499,0.012272546999156475
-12.093999862670898,-12.753999710083008,0.6439838409423828,4.476460933685303,0.027422349900007248,0.07636893540620804,-0.2295837551355362,0.9858048558235168
-12.093999862670898,-12.753999710083008,0.7560997009277344,5.525529384613037,0.14354625344276428,1.8729486465454102,0.25180864334106445,0.0019225735450163484
-12.093999862670898,-11.753999710083008,0.9369382262229919,5.181051254272461,0.22756250202655792,2.292999744415283,0.28012171387672424,0.03394674137234688
-12.093999862670898,-11.753999710083008,0.8067567944526672,4.281542778015137,0.024619627743959427,0.0477614551782608,0.036693502217531204,0.7747318744659424
-12.093999862670898,-11.753999710083008,0.7678760886192322,5.115384101867676,0.043077513575553894,0.38584211468696594,0.16578561067581177,0.19132135808467865
-12.093999862670898,-10.753999710083008,0.7917627692222595,5.383273601531982,0.06084224581718445,0.7432054281234741,-0.098830945789814,0.10164898633956909
-12.093999862670898,-10.753999710083008,0.6008002161979675,3.081355094909668,0.05689726397395134,1.275915265083313,0.08148468285799026,0.029209915548563004
-12.093999862670898,-10.753999710083008,0.6320979595184326,4.552810192108154,0.008861878886818886,0.10156270861625671,0.14382582902908325,0.8691410422325134
-12.093999862670898,-9.753999710083008,0.8140752911567688,4.160597801208496,0.07287126034498215,1.878922939300537,-0.13178327679634094,0.42723891139030457
-12.093999862670898,-9.753999710083008,0.6814360022544861,1.5771204233169556,0.03514684736728668,0.3003614842891693,-0.13170486688613892,0.28190091252326965
-12.093999862670898,-9.753999710083008,0.7038071751594543,4.441852569580078,0.019812021404504776,0.3531259298324585,0.01633479632437229,0.2908601760864258
-12.093999862670898,-8.753999710083008,0.9144207835197449,4.813680648803711,0.03804472088813782,1.3698852062225342,0.041692402213811874,0.49866971373558044
-12.093999862670898,-8.753999710083008,0.8131884932518005,1.55162513256073,0.06119249388575554,0.47852787375450134,-0.095235675573349,0.3145586848258972
-12.093999862670898,-8.753999710083008,0.8165510296821594,4.922778606414795,0.048224665224552155,0.5520451664924622,-0.04828358069062233,0.18677149713039398
-12.093999862670898,-7.754000186920166,0.9115098714828491,4.397917747497559,0.05090281367301941,0.9508792757987976,0.311585396528244,0.5446262955665588
-12.093999862670898,-7.754000186920166,0.9223189949989319,1.8122012615203857,0.06083954870700836,1.7236698865890503,-0.23093727231025696,0.36760836839675903
-12.093999862670898,-7.754000186920166,1.0886147022247314,0.4106474816799164,0.09111865609884262,0.5192393064498901,-0.028953570872545242,0.08776535093784332
-12.093999862670898,-6.754000186920166,1.0192680358886719,5.574465274810791,0.09932038933038712,1.9047677516937256,0.24375179409980774,0.6140115857124329
-12.093999862670898,-6.754000186920166,0.8673957586288452,3.3855888843536377,0.08670323342084885,3.440554141998291,-0.07618221640586853,0.31633540987968445
-12.093999862670898,-6.754000186920166,1.0164862871170044,1.3086490631103516,0.08960095793008804,0.8691620826721191,-0.20157717168331146,0.0696529746055603
-12.093999862670898,-5.754000186920166,0.9289999008178711,5.387487411499023,0.039181631058454514,0.9264715909957886,0.0596172995865345,0.4362790584564209
-12.093999862670898,-5.754000186920166,0.9439589381217957,2.3764398097991943,0.08108938485383987,1.0327118635177612,-0.15881021320819855,0.34188544750213623
-12.093999862670898,-5.754000186920166,1.0600956678390503,0.6615773439407349,0.12647981941699982,0.6020197868347168,-0.18039476871490479,0.2218354046344757
-12.093999862670898,-4.754000186920166,0.9551664590835571,4.828556060791016,0.06246516853570938,0.8600562214851379,0.12619800865650177,0.6210941672325134
-12.093999862670898,-4.754000186920166,0.9439684152603149,1.7227022647857666,0.06970033794641495,0.20731563866138458,0.2649151682853699,0.18607482314109802
-12.093999862670898,-4.754000186920166,1.0122233629226685,0.19171923398971558,0.04849321395158768,0.035461023449897766,0.12917952239513397,0.19283105432987213
-12.093999862670898,-3.753999948501587,1.0579633712768555,5.166417598724365,0.035574089735746384,1.631469964981079,0.06658654659986496,0.8317107558250427
-12.093999862670898,-3.753999948501587,0.9905034899711609,2.5891551971435547,0.09240156412124634,1.05339515209198,0.24631735682487488,0.06491580605506897
-12.093999862670898,-3.753999948501587,1.1702200174331665,0.17589174211025238,0.0653899684548378,0.04913339763879776,-0.17836540937423706,0.1033734604716301
-12.093999862670898,-2.753999948501587,0.9715654850006104,5.953402519226074,0.03273885324597359,1.1531867980957031,0.09753263741731644,0.8473774790763855
-12.093999862670898,-2.753999948501587,0.8355826735496521,3.221846342086792,0.040802329778671265,1.4858366250991821,0.4201459288597107,0.042198099195957184
-12.093999862670898,-2.753999948501587,0.9887476563453674,1.875374436378479,0.024184726178646088,0.07613898813724518,-0.3294323980808258,0.11042448878288269
-12.093999862670898,-1.753999948501587,1.0501457452774048,4.81726598739624,0.06609760224819183,1.0336202383041382,-0.06744023412466049,0.6358602046966553
-12.093999862670898,-1.753999948501587,0.9508254528045654,1.6316890716552734,0.042336806654930115,0.6580775380134583,0.070924773812294,0.2849140167236328
-12.093999862670898,-1.753999948501587,1.058537483215332,6.005362510681152,0.03494369238615036,0.16195084154605865,-0.06599351763725281,0.0792258083820343
-12.093999862670898,-0.7540000081062317,1.0906600952148438,5.362412929534912,0.14845538139343262,1.0300703048706055,0.2537139058113098,0.6481003165245056
-12.093999862670898,-0.7540000081062317,0.9293409585952759,2.185114622116089,0.07408714294433594,0.7968345284461975,0.03135762736201286,0.2876323163509369
-12.093999862670898,-0.7540000081062317,0.8041771650314331,5.943953037261963,0.026733148843050003,0.22889339923858643,-0.03240557014942169,0.0642673596739769
-12.093999862670898,0.2460000067949295,0.7122684717178345,3.0089111328125,0.027516383677721024,0.5147819519042969,0.21272514760494232,0.8282197713851929
-12.093999862670898,0.2460000067949295,0.8264105319976807,2.502859115600586,0.13855352997779846,0.9840917587280273,0.07167541235685349,0.1380898803472519
-12.093999862670898,0.2460000067949295,0.9732336401939392,5.865216255187988,0.09565652906894684,0.1314554214477539,0.06747732311487198,0.03369034081697464
-12.093999862670898,1.246000051498413,0.9313632845878601,4.647919178009033,0.10054291039705276,1.1412849426269531,0.22470539808273315,0.5308387279510498
-12.093999862670898,1.246000051498413,0.7769495844841003,2.0032942295074463,0.05870281904935837,0.38733768463134766,-0.2316882461309433,0.40656208992004395
-12.093999862670898,1.246000051498413,0.9311063885688782,0.054580941796302795,0.07481379806995392,0.250826358795166,-0.10091494023799896,0.06259913742542267
-12.093999862670898,2.246000051498413,0.9660361409187317,5.687143802642822,0.05587896704673767,1.4493576288223267,0.032869547605514526,0.6338314414024353
-12.093999862670898,2.246000051498413,1.1313139200210571,2.994171619415283,0.09632344543933868,0.06891950219869614,0.1180330365896225,0.1909695565700531
-12.093999862670898,2.246000051498413,1.1849513053894043,6.198681831359863,0.07001020014286041,0.02341175451874733,0.0599520280957222,0.1751990020275116
-12.093999862670898,3.246000051498413,0.9610164761543274,5.75031042098999,0.10942777246236801,1.8499046564102173,0.0900115966796875,0.2897578477859497
-12.093999862670898,3.246000051498413,1.0997306108474731,2.9608230590820312,0.08242257684469223,0.05975818634033203,0.08391249924898148,0.3014344573020935
-12.093999862670898,3.246000051498413,1.12178373336792,6.200940132141113,0.05238362029194832,0.01640191301703453,0.0440669059753418,0.4088076949119568
-12.093999862670898,4.245999813079834,0.9192491173744202,5.161011695861816,0.06845186650753021,1.8353379964828491,0.10610701888799667,0.41361141204833984
-12.093999862670898,4.245999813079834,1.0300264358520508,2.8922228813171387,0.06750118732452393,0.08290176093578339,0.14746002852916718,0.23227402567863464
-12.093999862670898,4.245999813079834,1.1377724409103394,6.175343036651611,0.055221714079380035,0.018091175705194473,-0.02816123515367508,0.3541145920753479
-12.093999862670898,5.245999813079834,0.9139411449432373,5.88272762298584,0.034137383103370667,1.4241420030593872,-0.0020328655373305082,0.7244100570678711
-12.093999862670898,5.245999813079834,1.0521454811096191,3.0270776748657227,0.08459027856588364,0.19645491242408752,0.05942041054368019,0.13198809325695038
-12.093999862670898,5.245999813079834,1.078487753868103,0.040706515312194824,0.05798519402742386,0.040053803473711014,-0.09664206951856613,0.1436019241809845
-12.093999862670898,6.245999813079834,0.9558539986610413,4.966486930847168,0.06800524890422821,1.2893953323364258,0.051460590213537216,0.63630610704422
-12.093999862670898,6.245999813079834,1.119225025177002,2.901920795440674,0.1349419206380844,0.23729228973388672,0.16462254524230957,0.2199224978685379
-12.093999862670898,6.245999813079834,1.08100163936615,6.222952365875244,0.0713638961315155,0.07944886386394501,-0.03327476233243942,0.14377140998840332
-12.093999862670898,7.245999813079834,0.9509300589561462,5.106274127960205,0.04253339767456055,1.4533544778823853,0.19766248762607574,0.7489210963249207
-12.093999862670898,7.245999813079834,1.0345598459243774,3.154141426086426,0.14676663279533386,0.556780993938446,0.15248605608940125,0.15328671038150787
-12.093999862670898,7.245999813079834,0.999422550201416,6.257795333862305,0.061116356402635574,0.12632176280021667,0.05099363997578621,0.09779215604066849
-12.093999862670898,8.246000289916992,1.0314598083496094,5.347751140594482,0.11170225590467453,1.2507445812225342,0.06822691857814789,0.5869221091270447
-12.093999862670898,8.246000289916992,0.8757293820381165,2.5372607707977295,0.11488300561904907,1.5808852910995483,0.028216559439897537,0.289770245552063
-12.093999862670898,8.246000289916992,0.8014941215515137,5.8027238845825195,0.04597936198115349,0.41273513436317444,0.09119097888469696,0.12330765277147293
-12.093999862670898,9.246000289916992,1.0135107040405273,5.19201135635376,0.25312042236328125,1.2706197500228882,0.13081976771354675,0.14266078174114227
-12.093999862670898,9.246000289916992,0.7715499997138977,1.4762194156646729,0.040951479226350784,0.18189339339733124,-0.03682045638561249,0.39696431159973145
-12.093999862670898,9.246000289916992,0.7690369486808777,4.995581150054932,0.03296562656760216,0.2140490561723709,0.09145797789096832,0.4603748917579651
-12.093999862670898,10.246000289916992,1.107203722000122,5.382220268249512,0.3165416419506073,1.9448111057281494,0.06274828314781189,0.14253529906272888
-12.093999862670898,10.246000289916992,1.0272841453552246,2.0923616886138916,0.08659151196479797,0.17342621088027954,0.20236678421497345,0.3662639260292053
-12.093999862670898,10.246000289916992,0.985143780708313,5.38897180557251,0.0660330057144165,0.2104635387659073,0.0455036498606205,0.49120083451271057
-12.093999862670898,11.246000289916992,0.9326290488243103,5.0851898193359375,0.11639247834682465,1.526597261428833,0.07356195151805878,0.1475474089384079
-12.093999862670898,11.246000289916992,0.9998584985733032,2.179837703704834,0.08021126687526703,0.08946847915649414,0.10479112714529037,0.48634088039398193
-12.093999862670898,11.246000289916992,1.0272239446640015,5.309654235839844,0.06346286088228226,0.12258701771497726,0.07546409964561462,0.36611178517341614
-12.093999862670898,12.246000289916992,0.9259278178215027,4.910888671875,0.12542833387851715,1.8375345468521118,0.12424781173467636,0.34898194670677185
-12.093999862670898,12.246000289916992,1.050289273262024,2.152949571609497,0.08092103153467178,0.06350775808095932,0.036450326442718506,0.5136033296585083
-12.093999862670898,12.246000289916992,1.089080810546875,5.337815761566162,0.08046992868185043,0.10462548583745956,0.18468661606311798,0.13741473853588104
-12.093999862670898,13.246000289916992,0.9097070097923279,6.204834461212158,0.0897430032491684,1.130995512008667,0.16666176915168762,0.10651705414056778
-12.093999862670898,13.246000289916992,0.9751567244529724,2.039506435394287,0.12166575342416763,0.25579139590263367,0.12965954840183258,0.8291184902191162
-12.093999862670898,13.246000289916992,0.8477312922477722,4.881330490112305,0.09728141874074936,0.26510459184646606,0.1413666158914566,0.0643644705414772
-12.093999862670898,14.246000289916992,1.1755754947662354,6.185361385345459,0.4114116132259369,1.3927323818206787,0.2254207879304886,0.02017221227288246
-12.093999862670898,14.246000289916992,0.9411183595657349,1.5550047159194946,0.051147568970918655,0.30661913752555847,0.03853985294699669,0.9781975150108337
-12.093999862670898,14.246000289916992,1.0515196323394775,1.2773300409317017,0.2928828001022339,0.7854337096214294,-0.050278179347515106,0.0016303329030051827
-12.093999862670898,15.246000289916992,1.2108533382415771,4.554114818572998,0.5008262991905212,1.2941043376922607,0.3116447925567627,0.038547273725271225
-12.093999862670898,15.246000289916992,0.8985094428062439,1.7063764333724976,0.042660608887672424,0.21227629482746124,-0.10887210071086884,0.1838972419500351
-12.093999862670898,15.246000289916992,0.9633709788322449,0.7058336138725281,0.035534076392650604,0.05732098966836929,-0.17236709594726562,0.777555525302887
-12.093999862670898,16.246000289916992,1.0345003604888916,4.360004425048828,0.2221897393465042,0.8809753656387329,0.25028178095817566,0.027383878827095032
-12.093999862670898,16.246000289916992,1.0488051176071167,1.165915846824646,0.05312793701887131,0.2577269971370697,-0.058708250522613525,0.9703115224838257
-12.093999862670898,16.246000289916992,1.1485742330551147,0.3087785840034485,0.45687398314476013,1.2868729829788208,0.2604225277900696,0.002304614754393697
-12.093999862670898,17.246000289916992,1.1065678596496582,3.2825493812561035,0.35543373227119446,1.1826226711273193,0.15457095205783844,0.016750318929553032
-12.093999862670898,17.246000289916992,1.0483189821243286,0.9663727283477783,0.06653887033462524,0.1453218013048172,-0.0232692938297987,0.9814144968986511
-12.093999862670898,17.246000289916992,1.116004467010498,1.3921971321105957,0.3012632429599762,0.3120393753051758,0.08417177945375443,0.0018351530889049172
-12.093999862670898,18.246000289916992,0.9890600442886353,2.179941415786743,0.10630650073289871,1.4036427736282349,0.06938361376523972,0.008580063469707966
-12.093999862670898,18.246000289916992,1.1897730827331543,1.3924987316131592,0.07472498714923859,0.0837368369102478,-0.014211141504347324,0.9912174940109253
-12.093999862670898,18.246000289916992,1.291562795639038,0.6124765276908875,0.5183098316192627,0.19600491225719452,0.016300246119499207,0.0002024516579695046
-12.093999862670898,19.246000289916992,0.8758382201194763,2.770540952682495,0.10846889764070511,1.1165635585784912,0.04130437225103378,0.08671493083238602
-12.093999862670898,19.246000289916992,1.0012511014938354,1.6935709714889526,0.15118885040283203,0.13351833820343018,-0.17824749648571014,0.909778892993927
-12.093999862670898,19.246000289916992,1.0956225395202637,5.810826778411865,0.48563289642333984,0.8009926080703735,0.33376839756965637,0.0035062055103480816
-12.093999862670898,20.246000289916992,0.8918282389640808,1.9126166105270386,0.1485660970211029,1.2565643787384033,-0.029565175995230675,0.0331670381128788
-12.093999862670898,20.246000289916992,1.0389171838760376,1.8078289031982422,0.09862242639064789,0.0870380774140358,-0.03660536929965019,0.948538601398468
-12.093999862670898,20.246000289916992,1.1553484201431274,6.168280124664307,0.3535992205142975,0.16994860768318176,0.29157555103302,0.018294338136911392
-12.093999862670898,21.246000289916992,0.7762851715087891,0.934470534324646,0.14073462784290314,1.367226004600525,-0.043677788227796555,0.039387159049510956
-12.093999862670898,21.246000289916992,0.942209005355835,1.930863618850708,0.05600433796644211,0.07213900238275528,0.1234104260802269,0.8631817102432251
-12.093999862670898,21.246000289916992,1.1414093971252441,0.719314455986023,0.24497540295124054,0.045107800513505936,0.172580286860466,0.09743110835552216
-12.093999862670898,22.246000289916992,0.6873588562011719,1.2482819557189941,0.12349314242601395,0.9774482250213623,-0.003979227505624294,0.08732805401086807
-12.093999862670898,22.246000289916992,0.9055468440055847,2.135627269744873,0.06057014316320419,0.05598626285791397,-0.08409106731414795,0.35329630970954895
-12.093999862670898,22.246000289916992,1.1117641925811768,0.8312034606933594,0.16746827960014343,0.062440987676382065,0.09831856936216354,0.5593757033348083
-12.093999862670898,23.246000289916992,0.704255223274231,2.120373487472534,0.15546199679374695,0.7231356501579285,0.07455120980739594,0.04150502011179924
-12.093999862670898,23.246000289916992,0.8896324634552002,2.3169455528259277,0.0623382031917572,0.05570375546813011,-0.25160837173461914,0.06110108271241188
-12.093999862670898,23.246000289916992,1.0768647193908691,0.8307679295539856,0.09699898213148117,0.12477828562259674,0.06707046926021576,0.8973938226699829
-11.093999862670898,-12.753999710083008,0.6531426906585693,4.993844509124756,0.1638849377632141,1.4179974794387817,0.14428673684597015,0.1347942352294922
-11.093999862670898,-12.753999710083008,0.5139176249504089,4.3017449378967285,0.00988682359457016,0.04117487370967865,-0.26417484879493713,0.8600032925605774
-11.093999862670898,-12.753999710083008,0.7490603923797607,0.6730403900146484,0.09438905864953995,1.7047736644744873,0.12617680430412292,0.005202511325478554
-11.093999862670898,-11.753999710083008,0.8347858190536499,2.1577985286712646,0.26006215810775757,2.2266650199890137,0.21952728927135468,0.013072102330625057
-11.093999862670898,-11.753999710083008,0.7707595229148865,4.574735641479492,0.02655373513698578,0.03353188931941986,-0.0012386783491820097,0.4662671387195587
-11.093999862670898,-11.753999710083008,0.7336569428443909,5.904365062713623,0.046470291912555695,0.42184245586395264,0.2934211194515228,0.5206608176231384
-11.093999862670898,-10.753999710083008,0.8816871047019958,5.422069549560547,0.06627942621707916,0.9250789284706116,-0.12125222384929657,0.17612862586975098
-11.093999862670898,-10.753999710083008,0.7344563603401184,3.2409849166870117,0.12355301529169083,1.306755542755127,0.08641798794269562,0.0111424271017313
-11.093999862670898,-10.753999710083008,0.6903175115585327,4.963839054107666,0.01287627499550581,0.18381060659885406,0.02317805588245392,0.8127289414405823
-11.093999862670898,-9.753999710083008,0.6673287153244019,4.515615940093994,0.05898869037628174,2.0766172409057617,-0.15197812020778656,0.15218059718608856
-11.093999862670898,-9.753999710083008,0.6535493731498718,1.9999786615371704,0.016071155667304993,0.19282032549381256,-0.27677255868911743,0.06424693018198013
-11.093999862670898,-9.753999710083008,0.645654559135437,4.448651313781738,0.007959168404340744,0.29348087310791016,0.056301459670066833,0.7835724949836731
-11.093999862670898,-8.753999710083008,0.7582486271858215,4.6360883712768555,0.02993007004261017,1.2976475954055786,0.1876853108406067,0.4617401659488678
-11.093999862670898,-8.753999710083008,0.7246532440185547,2.1748945713043213,0.08836986869573593,1.1529189348220825,-0.3377632796764374,0.3103228509426117
-11.093999862670898,-8.753999710083008,0.8882043361663818,5.478113174438477,0.09835180640220642,1.624828815460205,-0.09983605891466141,0.22793704271316528
-11.093999862670898,-7.754000186920166,0.935600221157074,4.4327392578125,0.0826321467757225,0.8231063485145569,0.34060314297676086,0.3806442618370056
-11.093999862670898,-7.754000186920166,0.8964056968688965,2.901425838470459,0.05989928916096687,2.009497880935669,-0.29389962553977966,0.3000706136226654
-11.093999862670898,-7.754000186920166,1.0497338771820068,1.0697582960128784,0.11021897196769714,0.5701248049736023,-0.015793634578585625,0.3192850649356842
-11.093999862670898,-6.754000186920166,0.7912699580192566,0.14258746802806854,0.06826799362897873,2.244891405105591,0.06664139032363892,0.39426323771476746
-11.093999862670898,-6.754000186920166,1.00669527053833,4.166268348693848,0.14479900896549225,0.21291573345661163,0.11741717904806137,0.28799667954444885
-11.093999862670898,-6.754000186920166,1.0479058027267456,1.1251945495605469,0.0839543491601944,0.18506395816802979,-0.3223428428173065,0.3177400231361389
-11.093999862670898,-5.754000186920166,0.9215647578239441,5.328935623168945,0.04309912770986557,0.5996341109275818,0.014661012217402458,0.30566227436065674
-11.093999862670898,-5.754000186920166,0.8171335458755493,2.561779260635376,0.05017482489347458,4.168349742889404,-0.20512765645980835,0.28143566846847534
-11.093999862670898,-5.754000186920166,1.027126431465149,1.4326545000076294,0.14605718851089478,1.4688421487808228,-0.20169343054294586,0.4129020571708679
-11.093999862670898,-4.754000186920166,0.9781175851821899,4.727453231811523,0.05459538474678993,0.9252981543540955,0.1823502629995346,0.2540428042411804
-11.093999862670898,-4.754000186920166,0.948440432548523,1.4174063205718994,0.14289680123329163,0.6523783802986145,0.16715791821479797,0.6736310124397278
-11.093999862670898,-4.754000186920166,0.9040526747703552,5.530685901641846,0.053412020206451416,0.2506173849105835,0.15490283071994781,0.07232619822025299
-11.093999862670898,-3.753999948501587,1.0292855501174927,5.418660640716553,0.01920730620622635,1.3402209281921387,-0.020694049075245857,0.7972208857536316
-11.093999862670898,-3.753999948501587,1.2530291080474854,3.171743154525757,0.33179864287376404,1.2735310792922974,0.1831451952457428,0.07382804900407791
-11.093999862670898,-3.753999948501587,1.1629533767700195,0.32203209400177,0.0879601240158081,0.03509677201509476,-0.0354902483522892,0.12895099818706512
-11.093999862670898,-2.753999948501587,0.98811936378479,0.07972735911607742,0.03740408271551132,1.1284711360931396,0.08682484179735184,0.93133544921875
-11.093999862670898,-2.753999948501587,0.881878137588501,3.172948122024536,0.09319691359996796,0.5977010130882263,0.33470913767814636,0.03660987690091133
-11.093999862670898,-2.753999948501587,0.9120972752571106,0.5424218773841858,0.05745663866400719,0.05957319959998131,-0.2075636386871338,0.032054707407951355
-11.093999862670898,-1.753999948501587,1.019402027130127,5.2315168380737305,0.038026485592126846,1.2256940603256226,-0.20333486795425415,0.5924162268638611
-11.093999862670898,-1.753999948501587,0.9764885306358337,1.5369163751602173,0.05124470219016075,0.24418582022190094,-0.1494833081960678,0.2930843234062195
-11.093999862670898,-1.753999948501587,0.9979908466339111,5.3857293128967285,0.031993474811315536,0.34687209129333496,-0.09007272124290466,0.11449940502643585
-11.093999862670898,-0.7540000081062317,1.1148743629455566,4.959739685058594,0.1700141727924347,1.685600757598877,0.15320530533790588,0.4616469144821167
-11.093999862670898,-0.7540000081062317,1.029433012008667,2.6851861476898193,0.18480870127677917,0.4598194360733032,0.013044128194451332,0.18835125863552094
-11.093999862670898,-0.7540000081062317,0.9376726150512695,0.10614192485809326,0.06219177320599556,0.1138358861207962,0.04842621833086014,0.35000187158584595
-11.093999862670898,0.2460000067949295,0.8758960366249084,3.1540582180023193,0.1300472617149353,1.3007675409317017,0.25726282596588135,0.5558967590332031
-11.093999862670898,0.2460000067949295,0.8207494020462036,3.078923225402832,0.0829736590385437,0.38985228538513184,-0.27097100019454956,0.40519434213638306
-11.093999862670898,0.2460000067949295,0.8755427002906799,5.691102981567383,0.0562727227807045,0.30338254570961,0.11064726859331131,0.038908980786800385
-11.093999862670898,1.246000051498413,0.9348717927932739,0.3169677257537842,0.2301027774810791,1.98383367061615,0.14425015449523926,0.14734338223934174
-11.093999862670898,1.246000051498413,0.5944540500640869,3.1774282455444336,0.02703014202415943,0.39124804735183716,-0.3290289044380188,0.7959921360015869
-11.093999862670898,1.246000051498413,0.7291173338890076,5.575005054473877,0.03420739993453026,0.31224098801612854,0.18719008564949036,0.056664545089006424
-11.093999862670898,2.246000051498413,0.9541552066802979,6.061673164367676,0.08207076787948608,1.6542003154754639,0.04922298341989517,0.5490013360977173
-11.093999862670898,2.246000051498413,1.056638479232788,3.006502628326416,0.09180393069982529,0.08605855703353882,0.05450679361820221,0.2705713212490082
-11.093999862670898,2.246000051498413,1.1110440492630005,6.183467388153076,0.06225559115409851,0.028764670714735985,0.04194336757063866,0.18042731285095215
-11.093999862670898,3.246000051498413,1.043342113494873,5.980226516723633,0.21079404652118683,1.8078439235687256,0.03735677897930145,0.3492574095726013
-11.093999862670898,3.246000051498413,1.1546647548675537,3.0901999473571777,0.09521259367465973,0.0632752776145935,-0.03450370207428932,0.31883588433265686
-11.093999862670898,3.246000051498413,1.0487279891967773,6.226404666900635,0.043900493532419205,0.02764599397778511,-0.08114495128393173,0.3319067060947418
-11.093999862670898,4.245999813079834,0.9238408207893372,5.14821720123291,0.0533665269613266,1.9575518369674683,0.0750575065612793,0.3485400974750519
-11.093999862670898,4.245999813079834,1.0657538175582886,2.89402174949646,0.06183774769306183,0.0921345055103302,0.16243033111095428,0.29750391840934753
-11.093999862670898,4.245999813079834,1.2216383218765259,6.195028305053711,0.059478212147951126,0.02121778018772602,-0.08053752779960632,0.353956013917923
-11.093999862670898,5.245999813079834,0.9768903255462646,5.307917594909668,0.055706266313791275,1.4658933877944946,0.07316888868808746,0.5431842803955078
-11.093999862670898,5.245999813079834,1.072668433189392,3.0177786350250244,0.07856252789497375,0.16909894347190857,0.2129708230495453,0.22018499672412872
-11.093999862670898,5.245999813079834,1.067983865737915,6.180892467498779,0.05648943781852722,0.047036636620759964,0.008112567476928234,0.23663072288036346
-11.093999862670898,6.245999813079834,0.8864017724990845,4.6357197761535645,0.049730218946933746,1.2361297607421875,0.1440294235944748,0.7596073150634766
-11.093999862670898,6.245999813079834,1.0607057809829712,3.001673936843872,0.12061042338609695,0.24935878813266754,0.12615956366062164,0.15435101091861725
-11.093999862670898,6.245999813079834,1.2120543718338013,6.155020713806152,0.09615731984376907,0.05610208213329315,0.0862320140004158,0.08604162931442261
-11.093999862670898,7.245999813079834,0.9630401134490967,4.5856781005859375,0.04706798121333122,1.1067734956741333,0.23029513657093048,0.49553659558296204
-11.093999862670898,7.245999813079834,0.9177398085594177,2.764697313308716,0.11791916936635971,1.1818428039550781,0.23208041489124298,0.27686867117881775
-11.093999862670898,7.245999813079834,0.9730067849159241,0.03215621039271355,0.05938220024108887,0.11384353786706924,0.15060901641845703,0.2275947481393814
-11.093999862670898,8.246000289916992,1.0077221393585205,4.6883864402771,0.06540558487176895,1.3337435722351074,0.16408178210258484,0.38462018966674805
-11.093999862670898,8.246000289916992,0.9017318487167358,2.4695611000061035,0.12661080062389374,4.239150047302246,0.006244642194360495,0.47296664118766785
-11.093999862670898,8.246000289916992,0.8844977021217346,5.631965637207031,0.06710406392812729,1.2324358224868774,0.0566541887819767,0.14241324365139008
-11.093999862670898,9.246000289916992,1.212299108505249,5.4130425453186035,0.12163042277097702,1.022477149963379,0.10227597504854202,0.42825812101364136
-11.093999862670898,9.246000289916992,1.0447719097137451,1.7304644584655762,0.1115618348121643,0.5979422926902771,0.08350493758916855,0.3715582489967346
-11.093999862670898,9.246000289916992,0.9269111752510071,4.83882999420166,0.05200278013944626,0.5025122165679932,0.11250347644090652,0.20018362998962402
-11.093999862670898,10.246000289916992,1.133332371711731,0.742256760597229,0.17670078575611115,1.2863125801086426,-0.05464845150709152,0.21922524273395538
-11.093999862670898,10.246000289916992,1.09344482421875,2.2961349487304688,0.08393991738557816,0.07360083609819412,0.35784047842025757,0.25482574105262756
-11.093999862670898,10.246000289916992,1.005247950553894,5.157771110534668,0.07837454974651337,0.2930746078491211,0.07239052653312683,0.5259490609169006
-11.093999862670898,11.246000289916992,0.9650734066963196,0.1323224902153015,0.11398003995418549,1.2719026803970337,0.047525808215141296,0.11743984371423721
-11.093999862670898,11.246000289916992,1.0528967380523682,2.0755903720855713,0.08916496485471725,0.1062699556350708,0.1797168105840683,0.43925297260284424
-11.093999862670898,11.246000289916992,1.0743643045425415,5.127586364746094,0.06752882897853851,0.15553508698940277,0.15890413522720337,0.44330713152885437
-11.093999862670898,12.246000289916992,1.1128287315368652,4.804286956787109,0.31453239917755127,2.1109230518341064,0.09992832690477371,0.10739878565073013
-11.093999862670898,12.246000289916992,1.0710835456848145,2.0084683895111084,0.09129103273153305,0.08045770972967148,0.10970193147659302,0.44095948338508606
-11.093999862670898,12.246000289916992,0.9071657657623291,4.785947799682617,0.04414825886487961,0.20437146723270416,0.174920916557312,0.451641708612442
-11.093999862670898,13.246000289916992,0.9781040549278259,0.8372287750244141,0.07664575427770615,0.9078415036201477,0.024356205016374588,0.054639264941215515
-11.093999862670898,13.246000289916992,1.0527265071868896,1.7482562065124512,0.10626798123121262,0.19784371554851532,0.4099065959453583,0.9357534646987915
-11.093999862670898,13.246000289916992,0.8602965474128723,5.001372814178467,0.13685083389282227,0.6925120949745178,0.06825736165046692,0.009607290849089622
-11.093999862670898,14.246000289916992,1.018639087677002,4.967324256896973,0.2622789442539215,1.0400389432907104,0.41616758704185486,0.01281752996146679
-11.093999862670898,14.246000289916992,0.8684587478637695,1.8136173486709595,0.02883659116923809,0.20352406799793243,-0.1896221935749054,0.7857000231742859
-11.093999862670898,14.246000289916992,0.8893129229545593,0.4642708897590637,0.06457002460956573,0.33375853300094604,0.008218852803111076,0.20148241519927979
-11.093999862670898,15.246000289916992,1.184768795967102,4.637763023376465,0.8120115399360657,0.8834131360054016,0.3778798580169678,0.049463141709566116
-11.093999862670898,15.246000289916992,0.8690872192382812,1.341640830039978,0.03500651940703392,0.3599589169025421,-0.386524498462677,0.8410356044769287
-11.093999862670898,15.246000289916992,1.0511311292648315,1.2265307903289795,0.14551404118537903,0.400888592004776,-0.01454726792871952,0.10950122773647308
-11.093999862670898,16.246000289916992,1.1104439496994019,0.005938434973359108,0.5935089588165283,0.9103038907051086,0.2196386754512787,0.1237248107790947
-11.093999862670898,16.246000289916992,0.974377453327179,1.129178762435913,0.04915047064423561,0.10976788401603699,-0.3172161281108856,0.8751565217971802
-11.093999862670898,16.246000289916992,1.2094956636428833,0.7119957804679871,0.6860944628715515,1.5290559530258179,0.18870489299297333,0.0011187199270352721
-11.093999862670898,17.246000289916992,1.4550701379776,4.912979602813721,3.1417953968048096,0.8359315991401672,0.26969990134239197,0.005340514238923788
-11.093999862670898,17.246000289916992,1.1037060022354126,1.095750331878662,0.03600802272558212,0.23492096364498138,-0.32336971163749695,0.8599649667739868
-11.093999862670898,17.246000289916992,1.3545377254486084,1.2861478328704834,0.23709580302238464,0.1241820827126503,-0.20545262098312378,0.13469453155994415
-11.093999862670898,18.246000289916992,1.0923142433166504,0.5270562767982483,0.15676333010196686,1.7512532472610474,-0.019550638273358345,0.017018228769302368
-11.093999862670898,18.246000289916992,1.053893804550171,1.4756219387054443,0.07875283807516098,0.1952044516801834,0.15504352748394012,0.9808579087257385
-11.093999862670898,18.246000289916992,1.315855860710144,0.6806980967521667,0.27921783924102783,0.0908932238817215,-0.08189482986927032,0.0021239137277007103
-11.093999862670898,19.246000289916992,0.9380755424499512,1.931345820426941,0.17637667059898376,1.8869609832763672,0.2182450145483017,0.00557704409584403
-11.093999862670898,19.246000289916992,1.144860863685608,1.3413828611373901,0.10499279201030731,0.07246717065572739,-0.028339115902781487,0.9944062232971191
-11.093999862670898,19.246000289916992,1.0972552299499512,0.03817380592226982,0.3456774353981018,0.7233418822288513,0.07460551708936691,1.6734176824684255e-05
-11.093999862670898,20.246000289916992,0.784626841545105,2.1773130893707275,0.09684240818023682,1.7792073488235474,0.1154450923204422,0.004556666593998671
-11.093999862670898,20.246000289916992,1.083559274673462,1.505698323249817,0.09058292955160141,0.0558646060526371,-0.1437748372554779,0.9954185485839844
-11.093999862670898,20.246000289916992,1.1213244199752808,5.717025279998779,0.6038632988929749,1.0126771926879883,0.12382650375366211,2.478896021784749e-05
-11.093999862670898,21.246000289916992,0.7439003586769104,1.0330455303192139,0.07221086323261261,1.8088418245315552,-0.061685118824243546,0.027800045907497406
-11.093999862670898,21.246000289916992,0.9887348413467407,1.5515176057815552,0.09768510609865189,0.06830064952373505,-0.13653352856636047,0.966900110244751
-11.093999862670898,21.246000289916992,1.0552362203598022,5.680743217468262,0.41832607984542847,0.3617064654827118,0.02909933403134346,0.005299848038703203
-11.093999862670898,22.246000289916992,0.72472083568573,6.0961713790893555,0.08820000290870667,1.714152216911316,-0.26618996262550354,0.015817487612366676
-11.093999862670898,22.246000289916992,0.9751043915748596,1.3191540241241455,0.08584395796060562,0.06992992013692856,-0.03844763711094856,0.9725185036659241
-11.093999862670898,22.246000289916992,1.0661988258361816,5.947273254394531,0.4583025574684143,0.36695289611816406,-0.11823935806751251,0.011664045974612236
-11.093999862670898,23.246000289916992,0.7996634244918823,5.427498817443848,0.1620846390724182,1.829970359802246,-0.3484439253807068,0.004202469252049923
-11.093999862670898,23.246000289916992,1.0644088983535767,1.2256592512130737,0.09368152171373367,0.08346886187791824,0.016889270395040512,0.9846101999282837
-11.093999862670898,23.246000289916992,1.0637685060501099,5.8455071449279785,0.4252625107765198,0.3692173659801483,-0.25302132964134216,0.011187311261892319
-10.093999862670898,-11.753999710083008,0.8496168851852417,1.0841550827026367,0.11266658455133438,1.3715671300888062,0.20492680370807648,0.2556952238082886
-10.093999862670898,-11.753999710083008,0.7588908076286316,4.433836936950684,0.036234475672245026,0.2194027602672577,0.034315574914216995,0.44460341334342957
-10.093999862670898,-11.753999710083008,0.851889431476593,0.12198367714881897,0.06192715838551521,0.5199669003486633,0.03499926999211311,0.29970139265060425
-10.093999862670898,-10.753999710083008,0.6176463961601257,5.543904781341553,0.09154088795185089,1.786147952079773,-0.06799900531768799,0.23754161596298218
-10.093999862670898,-10.753999710083008,0.596433162689209,2.009342670440674,0.04157108813524246,0.25962910056114197,0.0573887974023819,0.3905682861804962
-10.093999862670898,-10.753999710083008,0.6398002505302429,4.41681432723999,0.02281535230576992,0.5648918747901917,0.10212771594524384,0.3718900978565216
-10.093999862670898,-9.753999710083008,0.6381323337554932,4.206244468688965,0.05213014408946037,1.009305477142334,-0.09556709975004196,0.39316484332084656
-10.093999862670898,-9.753999710083008,0.584998369216919,1.6681458950042725,0.029394743964076042,0.340182900428772,-0.18800652027130127,0.15596365928649902
-10.093999862670898,-9.753999710083008,0.6252616047859192,4.933514595031738,0.015473338775336742,0.8835093379020691,-0.0008040362154133618,0.4508715271949768
-10.093999862670898,-8.753999710083008,0.8402969837188721,4.181381702423096,0.03697067126631737,1.3540021181106567,0.15809398889541626,0.674526572227478
-10.093999862670898,-8.753999710083008,0.7752504348754883,1.719534158706665,0.045574039220809937,0.4993450343608856,0.05622754245996475,0.2811512053012848
-10.093999862670898,-8.753999710083008,0.8410636782646179,4.992757320404053,0.047007005661726,0.5740159749984741,0.09333214908838272,0.04432225227355957
-10.093999862670898,-7.754000186920166,0.7432278394699097,5.098936080932617,0.04141533002257347,1.6924617290496826,0.1946990042924881,0.6071736216545105
-10.093999862670898,-7.754000186920166,0.827189028263092,3.791661024093628,0.08780942857265472,1.755332350730896,-0.09078292548656464,0.23080411553382874
-10.093999862670898,-7.754000186920166,0.9458954334259033,1.0273933410644531,0.05685189366340637,0.13061848282814026,-0.270078182220459,0.16202230751514435
-10.093999862670898,-6.754000186920166,0.8284566402435303,6.184131622314453,0.051362715661525726,1.8475751876831055,0.17177480459213257,0.4264073669910431
-10.093999862670898,-6.754000186920166,0.8718786835670471,4.113686561584473,0.09904178977012634,0.3383682370185852,0.19291068613529205,0.22979947924613953
-10.093999862670898,-6.754000186920166,0.9202361702919006,1.1418440341949463,0.054214902222156525,0.16555249691009521,-0.20687450468540192,0.3437931537628174
-10.093999862670898,-5.754000186920166,0.8825495839118958,5.765763759613037,0.03498666733503342,1.4299522638320923,0.06767424196004868,0.32360926270484924
-10.093999862670898,-5.754000186920166,0.9549139738082886,3.4983863830566406,0.08864427357912064,0.8712973594665527,0.05323438346385956,0.4680546820163727
-10.093999862670898,-5.754000186920166,0.9934428334236145,1.1879945993423462,0.12655764818191528,0.5133844017982483,-0.2613150477409363,0.20833607017993927
-10.093999862670898,-4.754000186920166,0.9248529672622681,4.5275139808654785,0.028208130970597267,1.5122056007385254,0.1566978245973587,0.5783060193061829
-10.093999862670898,-4.754000186920166,0.9685102701187134,2.718411684036255,0.06807389855384827,0.610135018825531,0.1274561733007431,0.28673720359802246
-10.093999862670898,-4.754000186920166,0.9922168254852295,0.3318772614002228,0.034594688564538956,0.10286873579025269,-0.11196790635585785,0.13495677709579468
-10.093999862670898,-3.753999948501587,1.0851585865020752,5.177647590637207,0.08571838587522507,1.6017537117004395,0.11285209655761719,0.6355651021003723
-10.093999862670898,-3.753999948501587,0.9544669389724731,3.3718860149383545,0.12283481657505035,1.2443286180496216,0.12585441768169403,0.15597139298915863
-10.093999862670898,-3.753999948501587,1.1483811140060425,0.3499937057495117,0.07797347009181976,0.029042962938547134,-0.11165177077054977,0.20846346020698547
-10.093999862670898,-2.753999948501587,0.9181830286979675,5.440306663513184,0.03481372073292732,1.4619306325912476,0.19055157899856567,0.8383879661560059
-10.093999862670898,-2.753999948501587,0.9206491112709045,3.555206537246704,0.08872132003307343,0.7979502081871033,0.11476609855890274,0.06385865062475204
-10.093999862670898,-2.753999948501587,1.15346360206604,0.2703571319580078,0.0742044672369957,0.0171040091663599,-0.06382975727319717,0.09775341302156448
-10.093999862670898,-1.753999948501587,0.9524699449539185,5.019622802734375,0.03170131891965866,0.7186774611473083,-0.01982451230287552,0.6809293627738953
-10.093999862670898,-1.753999948501587,0.9539343118667603,2.3116166591644287,0.10850030183792114,0.8351308703422546,0.14669491350650787,0.2148444503545761
-10.093999862670898,-1.753999948501587,1.0007942914962769,6.020117282867432,0.055107880383729935,0.13801607489585876,-0.057213157415390015,0.10422615706920624
-10.093999862670898,-0.7540000081062317,0.9919841289520264,5.108206272125244,0.038957059383392334,1.3569337129592896,0.07987841218709946,0.8790995478630066
-10.093999862670898,-0.7540000081062317,1.1982555389404297,2.6698498725891113,0.19644802808761597,0.5056943297386169,0.2436191737651825,0.08886083215475082
-10.093999862670898,-0.7540000081062317,0.9641478061676025,6.1068315505981445,0.05123604089021683,0.0907331258058548,-0.0499228909611702,0.032039664685726166
-10.093999862670898,0.2460000067949295,0.9445639252662659,4.47708797454834,0.11094256490468979,1.3458503484725952,-0.06292724609375,0.30605629086494446
-10.093999862670898,0.2460000067949295,0.7193127274513245,1.5741477012634277,0.0680965706706047,2.1610686779022217,0.051619403064250946,0.07401993870735168
-10.093999862670898,0.2460000067949295,0.6753250956535339,6.21201753616333,0.011146754957735538,0.24529403448104858,-0.02952704019844532,0.6199237704277039
-10.093999862670898,1.246000051498413,1.0532039403915405,0.16761966049671173,0.333371639251709,1.2780992984771729,-0.01892613247036934,0.3015235960483551
-10.093999862670898,1.246000051498413,0.7243156433105469,2.8970236778259277,0.051294710487127304,1.0452572107315063,0.03044915944337845,0.2490329146385193
-10.093999862670898,1.246000051498413,0.6158973574638367,6.235128879547119,0.013523709960281849,0.1788339614868164,0.00961986556649208,0.449443519115448
-10.093999862670898,2.246000051498413,0.9676847457885742,5.117597579956055,0.08907381445169449,2.3625853061676025,0.12536433339118958,0.38522136211395264
-10.093999862670898,2.246000051498413,1.1037651300430298,3.0974557399749756,0.09604664891958237,0.06920792162418365,-0.015172010287642479,0.3630296289920807
-10.093999862670898,2.246000051498413,1.1662763357162476,6.260854244232178,0.06574682891368866,0.020710937678813934,0.03455858677625656,0.2517490088939667
-10.093999862670898,3.246000051498413,0.9065583348274231,4.65300178527832,0.1154782772064209,1.9829789400100708,0.037498194724321365,0.20560230314731598
-10.093999862670898,3.246000051498413,1.1761682033538818,2.946012496948242,0.10547519475221634,0.05720925331115723,-0.012076358310878277,0.36775633692741394
-10.093999862670898,3.246000051498413,1.1181910037994385,6.175076484680176,0.056165359914302826,0.024235764518380165,-0.061747387051582336,0.42664140462875366
-10.093999862670898,4.245999813079834,0.9161069989204407,4.841390609741211,0.07029125094413757,1.6551849842071533,0.05400685593485832,0.5271862745285034
-10.093999862670898,4.245999813079834,1.0874269008636475,2.9472994804382324,0.07937353104352951,0.08880233019590378,0.10462985187768936,0.25841024518013
-10.093999862670898,4.245999813079834,1.1130303144454956,6.190905570983887,0.058542728424072266,0.0295269638299942,-0.052257031202316284,0.21440348029136658
-10.093999862670898,5.245999813079834,0.975816011428833,5.550676345825195,0.08924425393342972,1.469309687614441,0.07345696538686752,0.5387442708015442
-10.093999862670898,5.245999813079834,1.0429309606552124,3.0304324626922607,0.09303480386734009,0.2022574245929718,0.1605299413204193,0.22002242505550385
-10.093999862670898,5.245999813079834,0.9973076581954956,6.151329517364502,0.05350447818636894,0.04865242540836334,0.002273969817906618,0.24123325943946838
-10.093999862670898,6.245999813079834,0.9507380127906799,5.174762725830078,0.06084372475743294,1.323807954788208,0.08472741395235062,0.6597104072570801
-10.093999862670898,6.245999813079834,1.1249386072158813,2.9898056983947754,0.13452941179275513,0.22934721410274506,0.12432584911584854,0.22336825728416443
-10.093999862670898,6.245999813079834,0.985167384147644,6.194485187530518,0.06141677871346474,0.12304233759641647,-0.017042474821209908,0.1169213205575943
-10.093999862670898,7.245999813079834,0.9671944379806519,4.172606945037842,0.06214931979775429,0.7437576651573181,0.3013843595981598,0.4088350236415863
-10.093999862670898,7.245999813079834,0.9283959269523621,2.477739095687866,0.07756221294403076,1.6376806497573853,0.022753411903977394,0.2918819785118103
-10.093999862670898,7.245999813079834,0.8609110713005066,6.088201999664307,0.04134146496653557,0.16513071954250336,0.0890003889799118,0.2992829382419586
-10.093999862670898,8.246000289916992,0.9752393960952759,4.89805793762207,0.0625104010105133,1.6036176681518555,0.0937810093164444,0.3827032148838043
-10.093999862670898,8.246000289916992,0.9440773725509644,2.387237787246704,0.1192069724202156,0.4237501323223114,0.06122065335512161,0.2329537570476532
-10.093999862670898,8.246000289916992,0.8558600544929504,5.372564315795898,0.042796190828084946,0.21988166868686676,0.035275012254714966,0.3843430280685425
-10.093999862670898,9.246000289916992,0.9824727177619934,5.8426384925842285,0.076296865940094,1.604982852935791,-0.05385173484683037,0.5037330389022827
-10.093999862670898,9.246000289916992,1.0974788665771484,2.3813445568084717,0.08088567852973938,0.04029792174696922,0.1197923943400383,0.31655481457710266
-10.093999862670898,9.246000289916992,1.0337830781936646,5.4630351066589355,0.060928501188755035,0.08084900677204132,0.06134248152375221,0.179712176322937
-10.093999862670898,10.246000289916992,0.9841634035110474,0.6021003723144531,0.10112462192773819,1.9793603420257568,-0.0619390532374382,0.26620838046073914
-10.093999862670898,10.246000289916992,1.109606385231018,2.2458572387695312,0.06746269017457962,0.04817711189389229,0.24484968185424805,0.3454272449016571
-10.093999862670898,10.246000289916992,1.0982989072799683,5.148811340332031,0.06496037542819977,0.0734231173992157,0.14884574711322784,0.38836440443992615
-10.093999862670898,11.246000289916992,1.0064834356307983,4.927130699157715,0.11070101708173752,1.5644088983535767,0.04522193968296051,0.10860451310873032
-10.093999862670898,11.246000289916992,1.138677954673767,2.096949338912964,0.09621169418096542,0.06550683826208115,0.22504448890686035,0.3228922486305237
-10.093999862670898,11.246000289916992,1.0771868228912354,4.917226791381836,0.05793819576501846,0.08050333708524704,0.15486273169517517,0.5685032606124878
-10.093999862670898,12.246000289916992,1.053725242614746,5.776073455810547,0.1682908684015274,1.4113285541534424,0.0906846821308136,0.05019701272249222
-10.093999862670898,12.246000289916992,1.0897303819656372,1.785743236541748,0.10304581373929977,0.04863507300615311,0.135141059756279,0.331623375415802
-10.093999862670898,12.246000289916992,0.9350193738937378,4.625579357147217,0.035486504435539246,0.08434857428073883,0.1834253966808319,0.6181795597076416
-10.093999862670898,13.246000289916992,0.8192251324653625,0.09952489286661148,0.0961577296257019,1.102707862854004,-0.08884111046791077,0.18944032490253448
-10.093999862670898,13.246000289916992,1.0411875247955322,1.5924651622772217,0.07148289680480957,0.03755251690745354,0.20274576544761658,0.7720181345939636
-10.093999862670898,13.246000289916992,1.1429845094680786,6.23020076751709,0.26245102286338806,0.1660512536764145,0.06085582450032234,0.03854148089885712
-10.093999862670898,14.246000289916992,1.1107033491134644,0.6963240504264832,0.3331165909767151,0.879684329032898,0.301285058259964,0.11688824743032455
-10.093999862670898,14.246000289916992,0.8528021574020386,1.5188027620315552,0.030335398390889168,0.08110800385475159,0.05330900102853775,0.7472776770591736
-10.093999862670898,14.246000289916992,0.9598849415779114,1.4835116863250732,0.08811946213245392,0.10230391472578049,-0.008050487376749516,0.13583403825759888
-10.093999862670898,15.246000289916992,0.9860943555831909,0.26296743750572205,0.2834300696849823,0.9186729788780212,0.09565144032239914,0.0693926066160202
-10.093999862670898,15.246000289916992,0.8974546194076538,1.4438074827194214,0.033987969160079956,0.04183626547455788,-0.18581071496009827,0.6359689831733704
-10.093999862670898,15.246000289916992,1.0470002889633179,1.123536467552185,0.13579410314559937,0.12718544900417328,-0.09423841536045074,0.2946383059024811
-10.093999862670898,16.246000289916992,1.0801961421966553,6.104851245880127,0.19386796653270721,1.0912182331085205,0.2388884276151657,0.10530038923025131
-10.093999862670898,16.246000289916992,1.0648895502090454,1.2557907104492188,0.05583925172686577,0.0672244057059288,-0.20144817233085632,0.893514096736908
-10.093999862670898,16.246000289916992,1.156639575958252,0.5609960556030273,0.4078732132911682,0.808940589427948,0.14942620694637299,0.0011855009943246841
-10.093999862670898,17.246000289916992,0.9681642651557922,6.118932723999023,0.258585661649704,0.834611177444458,0.32422205805778503,0.03922126814723015
-10.093999862670898,17.246000289916992,1.0741914510726929,0.9893316626548767,0.06910025328397751,0.12709787487983704,-0.26426005363464355,0.9471354484558105
-10.093999862670898,17.246000289916992,1.0649141073226929,0.15119659900665283,0.2494305968284607,0.30064839124679565,0.08276116847991943,0.013643322512507439
-10.093999862670898,18.246000289916992,0.993693470954895,2.1730031967163086,0.17797237634658813,0.9793608784675598,0.18892888724803925,0.011802636086940765
-10.093999862670898,18.246000289916992,1.0850881338119507,1.1265490055084229,0.1040734276175499,0.14697694778442383,-0.30540019273757935,0.9880331754684448
-10.093999862670898,18.246000289916992,1.0582135915756226,6.179226398468018,0.5641844868659973,1.1162519454956055,0.19870373606681824,0.0001641316630411893
-10.093999862670898,19.246000289916992,0.7724159359931946,0.5911482572555542,0.11761276423931122,1.3136802911758423,0.09587247669696808,0.008462607860565186
-10.093999862670898,19.246000289916992,0.9747300148010254,1.2083796262741089,0.07279402017593384,0.11409292370080948,0.0333520844578743,0.9901239275932312
-10.093999862670898,19.246000289916992,1.1431680917739868,0.3011544942855835,0.4899635910987854,0.296994686126709,0.18381734192371368,0.0014134576776996255
-10.093999862670898,20.246000289916992,0.7378212809562683,4.617170333862305,0.10277195274829865,0.9335772395133972,-0.08760183304548264,0.04274556785821915
-10.093999862670898,20.246000289916992,0.9965400695800781,1.4617993831634521,0.1092161312699318,0.07812149822711945,-0.03190156817436218,0.8877683877944946
-10.093999862670898,20.246000289916992,1.1407495737075806,6.281351566314697,0.6608250737190247,0.2582203447818756,0.25758785009384155,0.06948603689670563
-10.093999862670898,21.246000289916992,0.9771172404289246,2.1531033515930176,0.9545004367828369,1.305185317993164,-0.09423137456178665,0.000775315857026726
-10.093999862670898,21.246000289916992,1.0005899667739868,1.4193071126937866,0.07829233258962631,0.06848987191915512,-0.01616045832633972,0.9272032380104065
-10.093999862670898,21.246000289916992,1.0528526306152344,6.125728130340576,0.4775669276714325,0.3247694969177246,0.08790326863527298,0.07202145457267761
-10.093999862670898,22.246000289916992,1.2209184169769287,1.2442913055419922,7.004365921020508,3.100041151046753,-0.07901272177696228,3.16063487844076e-05
-10.093999862670898,22.246000289916992,0.9471792578697205,1.6282119750976562,0.06372229754924774,0.09721074998378754,0.014459818601608276,0.9678195714950562
-10.093999862670898,22.246000289916992,0.9576210379600525,5.745443344116211,0.17535975575447083,0.18338002264499664,-0.1973794400691986,0.03214887157082558
-10.093999862670898,23.246000289916992,1.3431771993637085,5.427720546722412,24.250656127929688,4.654061317443848,-0.06711918860673904,3.978253062086878e-06
-10.093999862670898,23.246000289916992,0.9454930424690247,1.7526007890701294,0.05415481701493263,0.12051241099834442,-0.028772158548235893,0.9783172011375427
-10.093999862670898,23.246000289916992,0.9608046412467957,5.4356303215026855,0.12297758460044861,0.14434905350208282,-0.34894421696662903,0.021678876131772995
-9.093999862670898,-11.753999710083008,0.779892086982727,3.3456013202667236,0.05301777273416519,0.698340892791748,0.009836927987635136,0.09500904381275177
-9.093999862670898,-11.753999710083008,0.7708576321601868,3.819016695022583,0.06566106528043747,2.365860939025879,-0.01988820917904377,0.2325964719057083
-9.093999862670898,-11.753999710083008,0.943906307220459,0.6835993528366089,0.06767251342535019,0.2730545997619629,-0.12891270220279694,0.6723944544792175
-9.093999862670898,-10.753999710083008,0.5879240036010742,4.327418804168701,0.10033878684043884,1.1593464612960815,0.01765552908182144,0.05068065971136093
-9.093999862670898,-10.753999710083008,0.5420507192611694,1.7865936756134033,0.03237330541014671,1.0830060243606567,-0.07433205097913742,0.06895006448030472
-9.093999862670898,-10.753999710083008,0.6062825918197632,4.346837043762207,0.011741996742784977,0.5013998746871948,0.09455038607120514,0.8803693056106567
-9.093999862670898,-9.753999710083008,0.6880614757537842,4.512558937072754,0.08835303783416748,1.136507511138916,0.11391659080982208,0.1683775782585144
-9.093999862670898,-9.753999710083008,0.5978934168815613,1.5048015117645264,0.031262803822755814,0.6083074808120728,0.04485182464122772,0.0979560911655426
-9.093999862670898,-9.753999710083008,0.6259413361549377,5.22758674621582,0.0136558311060071,0.5970543622970581,-0.027728606015443802,0.7336663007736206
-9.093999862670898,-8.753999710083008,0.9234787821769714,4.177960395812988,0.12381327897310257,1.065632700920105,0.06042205169796944,0.18720673024654388
-9.093999862670898,-8.753999710083008,0.7680057287216187,1.2794814109802246,0.0351601243019104,0.5486404299736023,0.1362673044204712,0.32500407099723816
-9.093999862670898,-8.753999710083008,0.7851061820983887,4.836034774780273,0.017163913697004318,0.28210175037384033,0.14770400524139404,0.48778918385505676
-9.093999862670898,-7.754000186920166,0.9186205863952637,1.9125771522521973,0.28515541553497314,1.9391342401504517,0.14678846299648285,0.08504247665405273
-9.093999862670898,-7.754000186920166,0.7114608883857727,4.32016134262085,0.05335114523768425,1.0682791471481323,-0.051252320408821106,0.6676985025405884
-9.093999862670898,-7.754000186920166,0.8142411708831787,1.4070926904678345,0.05387280508875847,0.6104084253311157,-0.3170112371444702,0.24725903570652008
-9.093999862670898,-6.754000186920166,0.849962592124939,2.9546725749969482,0.04116468504071236,1.2796112298965454,0.08288026601076126,0.2719990611076355
-9.093999862670898,-6.754000186920166,0.889980673789978,4.094943046569824,0.1001620814204216,0.34352046251296997,0.05269814655184746,0.10000588744878769
-9.093999862670898,-6.754000186920166,0.8766233325004578,1.1651611328125,0.04187338054180145,0.42399176955223083,-0.16501837968826294,0.6279950737953186
-9.093999862670898,-5.754000186920166,0.7618089914321899,6.163281440734863,0.017349781468510628,1.2114406824111938,0.12290787696838379,0.4412170350551605
-9.093999862670898,-5.754000186920166,0.9966028332710266,4.093637466430664,0.1251302808523178,1.0007637739181519,0.026410318911075592,0.15474368631839752
-9.093999862670898,-5.754000186920166,1.0285701751708984,0.9079582095146179,0.07041053473949432,0.20397958159446716,-0.23061822354793549,0.40403926372528076
-9.093999862670898,-4.754000186920166,0.9456589818000793,0.6182829737663269,0.028824513778090477,1.3798564672470093,0.1521872878074646,0.6552496552467346
-9.093999862670898,-4.754000186920166,1.030219316482544,3.8496251106262207,0.07350806891918182,0.5053039789199829,0.08145812898874283,0.23940113186836243
-9.093999862670898,-4.754000186920166,1.0574504137039185,0.6195799112319946,0.05283810570836067,0.05100987106561661,-0.11786255240440369,0.10534925758838654
-9.093999862670898,-3.753999948501587,1.1076371669769287,4.099232196807861,0.10292064398527145,1.1924238204956055,0.20206491649150848,0.42774513363838196
-9.093999862670898,-3.753999948501587,0.7654317021369934,3.079529047012329,0.08081566542387009,2.8327243328094482,0.35294321179389954,0.20449194312095642
-9.093999862670898,-3.753999948501587,0.9634560942649841,0.47339484095573425,0.07363922148942947,0.16997739672660828,-0.06205142289400101,0.3677629828453064
-9.093999862670898,-2.753999948501587,0.9756205081939697,6.1651153564453125,0.06747908145189285,1.7055611610412598,0.1751289665699005,0.7757552266120911
-9.093999862670898,-2.753999948501587,0.8980101346969604,3.443159818649292,0.06533277034759521,0.651068925857544,0.15380580723285675,0.14362582564353943
-9.093999862670898,-2.753999948501587,1.248746633529663,0.13322830200195312,0.08775179088115692,0.015755794942378998,0.036765869706869125,0.0806189775466919
-9.093999862670898,-1.753999948501587,0.9295792579650879,5.168435573577881,0.05083012208342552,1.3941279649734497,0.19321146607398987,0.6048159003257751
-9.093999862670898,-1.753999948501587,1.1247289180755615,2.7712786197662354,0.20603430271148682,0.9870073795318604,0.05713140219449997,0.16836373507976532
-9.093999862670898,-1.753999948501587,1.1171057224273682,6.122226715087891,0.047821320593357086,0.04192109778523445,-0.04032086208462715,0.2268204241991043
-9.093999862670898,-0.7540000081062317,0.94306480884552,5.410549163818359,0.03248037397861481,0.9535530209541321,0.16378913819789886,0.7067811489105225
-9.093999862670898,-0.7540000081062317,1.1376848220825195,2.667783498764038,0.1527187079191208,0.46597567200660706,0.340568482875824,0.1724788397550583
-9.093999862670898,-0.7540000081062317,0.9901924133300781,5.796770095825195,0.05569617450237274,0.06396783888339996,0.024290693923830986,0.12074004113674164
-9.093999862670898,0.2460000067949295,1.1135979890823364,4.8832244873046875,0.11188246309757233,1.1273936033248901,-0.10174120217561722,0.4164387881755829
-9.093999862670898,0.2460000067949295,0.9613448977470398,1.2370555400848389,0.08286688476800919,0.6206702589988708,0.12792259454727173,0.212123304605484
-9.093999862670898,0.2460000067949295,0.8691948056221008,5.429553985595703,0.03810799866914749,0.6495059132575989,0.11088729649782181,0.3714379072189331
-9.093999862670898,1.246000051498413,0.8647186756134033,4.9353928565979,0.07162664085626602,2.3980581760406494,0.19983063638210297,0.3302718698978424
-9.093999862670898,1.246000051498413,0.792631983757019,2.9769985675811768,0.11816238611936569,1.0268820524215698,0.2875892221927643,0.47051745653152466
-9.093999862670898,1.246000051498413,0.815814197063446,0.4980553686618805,0.09651636332273483,0.09605604410171509,0.02940743789076805,0.19921070337295532
-9.093999862670898,2.246000051498413,0.8560112118721008,6.134446144104004,0.04160424694418907,2.393242120742798,0.10475658625364304,0.4196971654891968
-9.093999862670898,2.246000051498413,1.1886439323425293,3.161937713623047,0.10123008489608765,0.08087456971406937,-0.025054670870304108,0.36556655168533325
-9.093999862670898,2.246000051498413,1.1879669427871704,6.229898452758789,0.06551782041788101,0.024803508073091507,0.09636104106903076,0.2147362381219864
-9.093999862670898,3.246000051498413,0.8575260639190674,5.394604206085205,0.07382800430059433,1.5563398599624634,0.025649728253483772,0.23797395825386047
-9.093999862670898,3.246000051498413,1.182701587677002,2.996046304702759,0.20159552991390228,0.08799751847982407,-0.02425195835530758,0.2547765374183655
-9.093999862670898,3.246000051498413,1.0943615436553955,6.232337951660156,0.06004132330417633,0.020305074751377106,-0.11565419286489487,0.5072494745254517
-9.093999862670898,4.245999813079834,0.9138354659080505,5.916745185852051,0.07759398967027664,1.502388596534729,0.006696278229355812,0.5278334617614746
-9.093999862670898,4.245999813079834,1.067786693572998,3.0854668617248535,0.0830308124423027,0.17205838859081268,0.02689109556376934,0.27607262134552
-9.093999862670898,4.245999813079834,1.1456351280212402,6.206803321838379,0.06756163388490677,0.03635222464799881,-0.105840764939785,0.1960938572883606
-9.093999862670898,5.245999813079834,0.9782431125640869,5.097149848937988,0.150578573346138,1.714012622833252,0.11610740423202515,0.3177850842475891
-9.093999862670898,5.245999813079834,1.058426856994629,3.0078580379486084,0.10783622413873672,0.21926867961883545,0.037995148450136185,0.2692122757434845
-9.093999862670898,5.245999813079834,0.9603977203369141,6.135970115661621,0.04939950257539749,0.04769318178296089,0.03545002639293671,0.4130026698112488
-9.093999862670898,6.245999813079834,0.9318084716796875,4.34062385559082,0.06473176181316376,1.4657032489776611,0.049986258149147034,0.5920409560203552
-9.093999862670898,6.245999813079834,1.2056636810302734,2.918994426727295,0.15855029225349426,0.20273536443710327,0.1285613775253296,0.2422000765800476
-9.093999862670898,6.245999813079834,0.9204735159873962,6.160100936889648,0.06698234379291534,0.23541297018527985,-0.050441350787878036,0.16575893759727478
-9.093999862670898,7.245999813079834,0.9216693639755249,5.853107929229736,0.05458507686853409,1.0042260885238647,0.14359702169895172,0.1915697455406189
-9.093999862670898,7.245999813079834,0.9268723726272583,2.3181097507476807,0.05735642462968826,0.30835849046707153,0.25611555576324463,0.5112542510032654
-9.093999862670898,7.245999813079834,0.9324735999107361,5.394351005554199,0.04694319888949394,0.18750867247581482,0.14753814041614532,0.29717594385147095
-9.093999862670898,8.246000289916992,0.8945968747138977,5.13538122177124,0.0678049623966217,1.390555500984192,0.0579841211438179,0.25200048089027405
-9.093999862670898,8.246000289916992,1.0715910196304321,2.3937530517578125,0.09556396305561066,0.062475744634866714,0.039791520684957504,0.31262916326522827
-9.093999862670898,8.246000289916992,1.0080379247665405,5.567741394042969,0.055743638426065445,0.047906842082738876,0.07548254728317261,0.4353703558444977
-9.093999862670898,9.246000289916992,0.9407693147659302,3.5893876552581787,0.10832104831933975,1.3651056289672852,0.026428325101733208,0.32433101534843445
-9.093999862670898,9.246000289916992,1.0776933431625366,2.3380491733551025,0.06369320303201675,0.03587687015533447,0.02419207990169525,0.3991962969303131
-9.093999862670898,9.246000289916992,1.1095918416976929,5.523462295532227,0.06402554363012314,0.03862357512116432,-0.006278323475271463,0.27647268772125244
-9.093999862670898,10.246000289916992,0.9298688173294067,5.490190029144287,0.05241725221276283,1.4504878520965576,0.06193014979362488,0.3734195828437805
-9.093999862670898,10.246000289916992,1.0457261800765991,2.300671100616455,0.06754639744758606,0.18666256964206696,0.1291959136724472,0.35235652327537537
-9.093999862670898,10.246000289916992,1.291211485862732,5.556546688079834,0.08969978988170624,0.042735759168863297,0.04518362134695053,0.27422386407852173
-9.093999862670898,11.246000289916992,1.020338773727417,0.14975698292255402,0.05874692276120186,0.6213303804397583,0.06535712629556656,0.20678558945655823
-9.093999862670898,11.246000289916992,0.9693897366523743,1.0190300941467285,0.07919856160879135,0.6701172590255737,0.2247573882341385,0.29395848512649536
-9.093999862670898,11.246000289916992,0.9473218321800232,0.19627559185028076,0.04826715588569641,0.09728243947029114,0.12831689417362213,0.4992559254169464
-9.093999862670898,12.246000289916992,0.8311980366706848,2.382085084915161,0.06519594043493271,0.49728330969810486,0.1496766358613968,0.014780556783080101
-9.093999862670898,12.246000289916992,0.6976390480995178,0.9886637330055237,0.040965717285871506,0.14179617166519165,0.13590091466903687,0.9836973547935486
-9.093999862670898,12.246000289916992,0.9171263575553894,4.841768264770508,0.3244225084781647,0.7096759676933289,0.18524092435836792,0.0015221096109598875
-9.093999862670898,13.246000289916992,0.6600910425186157,5.628010272979736,0.06056604161858559,0.8391160368919373,-0.09308013319969177,0.1815272867679596
-9.093999862670898,13.246000289916992,0.7721598744392395,0.7665700912475586,0.0460842028260231,0.12224437296390533,0.2680462598800659,0.5144122242927551
-9.093999862670898,13.246000289916992,0.8823125958442688,0.7648483514785767,0.21224254369735718,0.09516733884811401,-0.04492378607392311,0.3040604889392853
-9.093999862670898,14.246000289916992,1.0387215614318848,0.044873397797346115,0.19653795659542084,0.7623885273933411,0.0853097215294838,0.13166356086730957
-9.093999862670898,14.246000289916992,0.9038103818893433,1.163970708847046,0.05573861673474312,0.09896979480981827,-0.02031378075480461,0.3284246623516083
-9.093999862670898,14.246000289916992,0.9607931971549988,0.9103798866271973,0.07380421459674835,0.21689151227474213,-0.01461845450103283,0.5399118065834045
-9.093999862670898,15.246000289916992,1.0276938676834106,0.8976617455482483,0.13926056027412415,0.6278731822967529,-0.07295404374599457,0.3146381676197052
-9.093999862670898,15.246000289916992,0.9583910703659058,1.1725342273712158,0.06182216852903366,0.10152479261159897,-0.14877299964427948,0.3264201581478119
-9.093999862670898,15.246000289916992,1.079243540763855,0.7989098429679871,0.17370352149009705,0.37673768401145935,-0.022740675136446953,0.3589417040348053
-9.093999862670898,16.246000289916992,1.2169132232666016,5.722584247589111,0.40882208943367004,1.803322434425354,0.25487974286079407,0.09487557411193848
-9.093999862670898,16.246000289916992,1.029338002204895,1.2940880060195923,0.04780023545026779,0.11660367995500565,-0.09791386127471924,0.8865056037902832
-9.093999862670898,16.246000289916992,1.155744194984436,1.0873637199401855,0.20141534507274628,0.13729915022850037,0.044854968786239624,0.01861885003745556
-9.093999862670898,17.246000289916992,0.9269810318946838,0.21870577335357666,0.32706600427627563,1.0909438133239746,0.03261286020278931,0.0038135084323585033
-9.093999862670898,17.246000289916992,1.1811174154281616,0.9615063667297363,0.06028701364994049,0.04572543129324913,-0.07390909641981125,0.9953161478042603
-9.093999862670898,17.246000289916992,1.162052869796753,5.759552001953125,0.47402048110961914,0.5411208271980286,0.34597399830818176,0.0008703089552000165
-9.093999862670898,18.246000289916992,0.7287741899490356,2.4782631397247314,0.03349537402391434,0.8097039461135864,-0.14974409341812134,0.07047655433416367
-9.093999862670898,18.246000289916992,1.1603708267211914,0.9668623805046082,0.15694433450698853,0.09478167444467545,-0.2453755885362625,0.9292762279510498
-9.093999862670898,18.246000289916992,1.168592095375061,0.36747580766677856,0.9035794138908386,1.557244896888733,0.19343820214271545,0.0002472930063959211
-9.093999862670898,19.246000289916992,0.6672574281692505,0.5963760614395142,0.03261895105242729,0.9904879331588745,-0.1441434919834137,0.0828026682138443
-9.093999862670898,19.246000289916992,1.0561491250991821,0.9524208307266235,0.09192752838134766,0.1389569789171219,-0.1802769899368286,0.7217151522636414
-9.093999862670898,19.246000289916992,1.2236528396606445,0.604239821434021,0.6068996787071228,0.39748477935791016,-0.001987897325307131,0.19548216462135315
-9.093999862670898,20.246000289916992,0.6809971332550049,2.2543697357177734,0.05660184845328331,0.46945899724960327,-0.023078996688127518,0.16257010400295258
-9.093999862670898,20.246000289916992,1.0091969966888428,1.2320021390914917,0.13230375945568085,0.12596501410007477,-0.15016889572143555,0.7401379942893982
-9.093999862670898,20.246000289916992,1.1141133308410645,6.0917768478393555,0.9292648434638977,1.353083610534668,0.29858511686325073,0.09729187935590744
-9.093999862670898,21.246000289916992,1.0390628576278687,1.8255681991577148,0.5620149374008179,1.0304042100906372,-0.012664162553846836,0.0007169076125137508
-9.093999862670898,21.246000289916992,1.0129669904708862,1.411320447921753,0.0807734951376915,0.1344606727361679,0.21500082314014435,0.9856184124946594
-9.093999862670898,21.246000289916992,0.9126043319702148,5.923280715942383,0.2571953535079956,0.6692138314247131,0.1910606026649475,0.013664687052369118
-9.093999862670898,22.246000289916992,1.011648416519165,0.6206016540527344,0.36937248706817627,1.153127670288086,0.019237110391259193,0.0003075989952776581
-9.093999862670898,22.246000289916992,0.9615141749382019,1.668050765991211,0.09075327217578888,0.12300056964159012,0.10212061554193497,0.9955639839172363
-9.093999862670898,22.246000289916992,0.7897258996963501,5.355398178100586,0.12382892519235611,0.75490802526474,0.07786859571933746,0.0041283732280135155
-9.093999862670898,23.246000289916992,1.0396435260772705,1.0412540435791016,0.3623412251472473,1.7190005779266357,-0.043032191693782806,2.230189784313552e-05
-9.093999862670898,23.246000289916992,0.9451338052749634,1.7537866830825806,0.089598648250103,0.153771311044693,0.0871199294924736,0.9993712306022644
-9.093999862670898,23.246000289916992,0.7868930101394653,5.0146074295043945,0.09494560211896896,0.6248171925544739,-0.015153718180954456,0.0006065013585612178
-8.093999862670898,-11.753999710083008,0.6802724599838257,2.3958280086517334,0.07970908284187317,1.084733009338379,-0.023113034665584564,0.2702409625053406
-8.093999862670898,-11.753999710083008,0.5755433440208435,2.49493145942688,0.03932037577033043,0.523661732673645,-0.08250723779201508,0.2949254810810089
-8.093999862670898,-11.753999710083008,0.7528703212738037,6.269062042236328,0.057968370616436005,0.4030973017215729,0.013569224625825882,0.4348335564136505
-8.093999862670898,-10.753999710083008,0.509691596031189,4.25228214263916,0.05348791927099228,2.368912696838379,0.04022170603275299,0.10571589320898056
-8.093999862670898,-10.753999710083008,0.5429068207740784,1.7163498401641846,0.014517271891236305,0.31881335377693176,-0.04982598498463631,0.3142832815647125
-8.093999862670898,-10.753999710083008,0.5909899473190308,4.70302677154541,0.00755699910223484,0.2950511872768402,0.05585780367255211,0.5800008177757263
-8.093999862670898,-9.753999710083008,0.7384693026542664,5.263782501220703,0.09755177050828934,1.3410197496414185,0.037479668855667114,0.1863335520029068
-8.093999862670898,-9.753999710083008,0.582741379737854,2.0026679039001465,0.02384098619222641,0.49288928508758545,-0.06027181074023247,0.2504156231880188
-8.093999862670898,-9.753999710083008,0.6808028221130371,5.381694793701172,0.01997554302215576,0.5322046875953674,-0.002375500975176692,0.5632507801055908
-8.093999862670898,-8.753999710083008,0.6682870984077454,6.042319297790527,0.04133050888776779,0.8427797555923462,-0.11088398844003677,0.7590427398681641
-8.093999862670898,-8.753999710083008,0.6647400856018066,2.3641464710235596,0.07343663275241852,0.49355587363243103,0.12976883351802826,0.10402530431747437
-8.093999862670898,-8.753999710083008,0.6877604126930237,4.640625,0.02731896936893463,0.35926076769828796,0.1418752372264862,0.13693195581436157
-8.093999862670898,-7.754000186920166,0.7284108996391296,1.667019009590149,0.14398886263370514,1.7121943235397339,-0.06653524935245514,0.15211527049541473
-8.093999862670898,-7.754000186920166,0.6181378960609436,3.998661756515503,0.024074316024780273,0.8631520867347717,-0.025525761768221855,0.40305769443511963
-8.093999862670898,-7.754000186920166,0.6827269196510315,1.7234209775924683,0.016162369400262833,0.35109034180641174,-0.3203530013561249,0.44482704997062683
-8.093999862670898,-6.754000186920166,0.8146260976791382,2.135769844055176,0.0719820111989975,1.376134991645813,0.07958056777715683,0.18871502578258514
-8.093999862670898,-6.754000186920166,0.7363463640213013,3.6898655891418457,0.08385106921195984,0.6805553436279297,-0.06368954479694366,0.07901444286108017
-8.093999862670898,-6.754000186920166,0.7225313186645508,0.12537555396556854,0.029368488118052483,0.638058602809906,-0.006324960850179195,0.7322704792022705
-8.093999862670898,-5.754000186920166,0.672939658164978,0.05783161148428917,0.017021184787154198,1.501018762588501,0.0817202478647232,0.5822441577911377
-8.093999862670898,-5.754000186920166,1.0332707166671753,3.8734142780303955,0.12358182668685913,0.32153913378715515,0.07091517746448517,0.3065100610256195
-8.093999862670898,-5.754000186920166,1.1019645929336548,0.49577242136001587,0.0943576917052269,0.09427709877490997,-0.02499961107969284,0.11124575138092041
-8.093999862670898,-4.754000186920166,0.8554938435554504,1.0043424367904663,0.045144520699977875,1.6568776369094849,0.14645080268383026,0.7181582450866699
-8.093999862670898,-4.754000186920166,0.9561206698417664,3.9689548015594482,0.10072699189186096,0.1750657707452774,-0.018481645733118057,0.19330869615077972
-8.093999862670898,-4.754000186920166,0.9665507674217224,0.6416718363761902,0.0739440992474556,0.0950317531824112,-0.15860140323638916,0.08853305876255035
-8.093999862670898,-3.753999948501587,0.8352507948875427,6.220341205596924,0.03493760526180267,1.4823535680770874,0.08143477886915207,0.6888246536254883
-8.093999862670898,-3.753999948501587,0.8112037777900696,3.5229294300079346,0.08150685578584671,0.4822434186935425,0.2594790756702423,0.15426753461360931
-8.093999862670898,-3.753999948501587,1.0892541408538818,0.5875568985939026,0.08355224877595901,0.08432862162590027,-0.16243457794189453,0.15690778195858002
-8.093999862670898,-2.753999948501587,0.9660112261772156,5.783992767333984,0.09275394678115845,1.7111114263534546,0.149957537651062,0.672719419002533
-8.093999862670898,-2.753999948501587,0.9122945070266724,3.4318766593933105,0.0653981938958168,0.4551927149295807,0.09310095012187958,0.20816774666309357
-8.093999862670898,-2.753999948501587,1.2427228689193726,0.12958163022994995,0.0874292254447937,0.022194983437657356,0.01834636926651001,0.11911284178495407
-8.093999862670898,-1.753999948501587,0.7276355028152466,5.761328220367432,0.02918732725083828,1.4974033832550049,0.13622044026851654,0.7044637799263
-8.093999862670898,-1.753999948501587,1.0492525100708008,2.895293712615967,0.17096126079559326,0.38611671328544617,0.026444777846336365,0.17705118656158447
-8.093999862670898,-1.753999948501587,1.1074128150939941,6.004414081573486,0.06981604546308517,0.07422279566526413,0.07912395894527435,0.11848503351211548
-8.093999862670898,-0.7540000081062317,0.9607290029525757,5.158605098724365,0.12041664868593216,0.8786017894744873,0.1541375368833542,0.29983195662498474
-8.093999862670898,-0.7540000081062317,0.8657771944999695,2.444660186767578,0.10057645291090012,0.2867553234100342,0.03717890381813049,0.24902832508087158
-8.093999862670898,-0.7540000081062317,0.8514467477798462,5.604678153991699,0.032610777765512466,0.12686602771282196,0.09079764038324356,0.4511396884918213
-8.093999862670898,0.2460000067949295,1.0480172634124756,5.3048295974731445,0.19153282046318054,2.234388828277588,-0.005296704825013876,0.34528979659080505
-8.093999862670898,0.2460000067949295,0.7972093224525452,1.7030953168869019,0.07218951731920242,0.6121310591697693,0.039077017456293106,0.45315858721733093
-8.093999862670898,0.2460000067949295,0.7516601085662842,5.7151665687561035,0.025976097211241722,0.34804224967956543,-0.020393425598740578,0.20155157148838043
-8.093999862670898,1.246000051498413,0.6581573486328125,5.656879901885986,0.029988005757331848,1.4503530263900757,0.1032710000872612,0.4379609525203705
-8.093999862670898,1.246000051498413,0.6600280404090881,2.9941210746765137,0.041758518666028976,0.3691112995147705,0.2818489968776703,0.48502516746520996
-8.093999862670898,1.246000051498413,0.766050398349762,0.5666095018386841,0.0927768424153328,0.6321158409118652,0.07746846228837967,0.07701390981674194
-8.093999862670898,2.246000051498413,0.7708492875099182,0.4797757863998413,0.03619232401251793,2.2330265045166016,0.08738303929567337,0.4027988314628601
-8.093999862670898,2.246000051498413,1.0787150859832764,3.2094364166259766,0.10721785575151443,0.11861603707075119,-0.03263164311647415,0.39839306473731995
-8.093999862670898,2.246000051498413,1.1390763521194458,6.264960289001465,0.07684677094221115,0.03357009217143059,0.06001971289515495,0.19880807399749756
-8.093999862670898,3.246000051498413,0.7946333885192871,0.4766721725463867,0.05090261995792389,1.5674922466278076,0.006370118819177151,0.39313170313835144
-8.093999862670898,3.246000051498413,1.1052442789077759,2.95938777923584,0.14570344984531403,0.11289425194263458,0.03443785384297371,0.2127452790737152
-8.093999862670898,3.246000051498413,1.1549474000930786,6.1766676902771,0.07192140072584152,0.018250897526741028,-0.02008439414203167,0.39412301778793335
-8.093999862670898,4.245999813079834,0.8846092224121094,0.19389216601848602,0.0621042475104332,1.264510154724121,-0.015339314937591553,0.35502126812934875
-8.093999862670898,4.245999813079834,0.9949548244476318,3.011996269226074,0.06636737287044525,0.1315048187971115,0.03743356838822365,0.36648911237716675
-8.093999862670898,4.245999813079834,1.156105637550354,6.119930744171143,0.07722163200378418,0.031038125976920128,-0.04405989870429039,0.2784896790981293
-8.093999862670898,5.245999813079834,0.9008687734603882,5.312635898590088,0.07148373126983643,1.496511459350586,0.10148908197879791,0.44729191064834595
-8.093999862670898,5.245999813079834,0.9980334639549255,3.0586025714874268,0.09930684417486191,0.29279810190200806,0.06309876590967178,0.3031819760799408
-8.093999862670898,5.245999813079834,1.0253968238830566,6.194702625274658,0.060729000717401505,0.04732882231473923,0.028252912685275078,0.24952614307403564
-8.093999862670898,6.245999813079834,0.8123922944068909,5.527482509613037,0.02377268113195896,1.16929292678833,-0.044246360659599304,0.7318218350410461
-8.093999862670898,6.245999813079834,1.1566981077194214,2.7852561473846436,0.20471172034740448,0.13074912130832672,0.12502111494541168,0.1516343206167221
-8.093999862670898,6.245999813079834,0.9596626162528992,6.034440994262695,0.07370103150606155,0.12747901678085327,-0.04553644731640816,0.11654389649629593
-8.093999862670898,7.245999813079834,0.877469003200531,5.838964939117432,0.06594957411289215,1.2480963468551636,0.02165588177740574,0.3753291964530945
-8.093999862670898,7.245999813079834,1.1035727262496948,2.5231151580810547,0.1379903107881546,0.14554215967655182,0.1215304434299469,0.2856948971748352
-8.093999862670898,7.245999813079834,0.8729439973831177,5.452981472015381,0.04313212260603905,0.13045211136341095,0.09185313433408737,0.3389759659767151
-8.093999862670898,8.246000289916992,0.913145124912262,5.219887733459473,0.13865861296653748,1.7762399911880493,-0.04107311740517616,0.2956147789955139
-8.093999862670898,8.246000289916992,1.2394495010375977,2.452363967895508,0.17551928758621216,0.047363001853227615,0.04650336876511574,0.37632811069488525
-8.093999862670898,8.246000289916992,0.997972846031189,5.527853488922119,0.05624371021986008,0.06935837119817734,-0.053020671010017395,0.3280571699142456
-8.093999862670898,9.246000289916992,0.9197588562965393,4.262939453125,0.04908405989408493,1.1934376955032349,-0.01740918681025505,0.5929175615310669
-8.093999862670898,9.246000289916992,1.1994614601135254,2.275895118713379,0.09907227754592896,0.03833596408367157,0.07981859147548676,0.24893110990524292
-8.093999862670898,9.246000289916992,1.129508137702942,5.472992897033691,0.07306139916181564,0.04024868458509445,0.004000820219516754,0.15815134346485138
-8.093999862670898,10.246000289916992,0.8580715656280518,3.338080406188965,0.027361834421753883,0.12440922856330872,0.07499746978282928,0.989264190196991
-8.093999862670898,10.246000289916992,0.8917966485023499,0.39031702280044556,0.0629599541425705,4.340123176574707,0.005404293537139893,0.007366584148257971
-8.093999862670898,10.246000289916992,0.9593257904052734,6.153409957885742,0.11006122827529907,1.1964609622955322,0.10798584669828415,0.0033692202996462584
-8.093999862670898,11.246000289916992,0.7433481812477112,6.1215338706970215,0.08182352036237717,0.8670158386230469,0.08587661385536194,0.07340749353170395
-8.093999862670898,11.246000289916992,0.9758732318878174,0.874416172504425,0.0682806596159935,0.09397467970848083,0.019525205716490746,0.918525755405426
-8.093999862670898,11.246000289916992,0.9061741232872009,6.039854526519775,0.20573003590106964,0.701278030872345,0.14045880734920502,0.008066785521805286
-8.093999862670898,12.246000289916992,0.7789115905761719,1.0802360773086548,0.07140032202005386,0.7528070211410522,0.05669967830181122,0.019965672865509987
-8.093999862670898,12.246000289916992,0.8663854002952576,0.9468373656272888,0.05493849515914917,0.04663927108049393,-0.03726852685213089,0.9780545830726624
-8.093999862670898,12.246000289916992,0.9540559649467468,5.664852619171143,0.22180849313735962,0.4756753444671631,0.0010088069830089808,0.001979704014956951
-8.093999862670898,13.246000289916992,0.820904552936554,5.733847141265869,0.3588232100009918,0.7440689206123352,0.06888303905725479,0.037105679512023926
-8.093999862670898,13.246000289916992,0.6457889080047607,0.6699618697166443,0.024754296988248825,0.07378047704696655,0.13651183247566223,0.3216717839241028
-8.093999862670898,13.246000289916992,0.7818379998207092,0.9589805603027344,0.10472269356250763,0.08042237907648087,-0.05712813138961792,0.6412225365638733
-8.093999862670898,14.246000289916992,1.0386590957641602,6.162416934967041,0.2914744019508362,1.0351561307907104,0.10868631303310394,0.05285090580582619
-8.093999862670898,14.246000289916992,0.9721797108650208,0.9231150150299072,0.05333561822772026,0.09315866231918335,0.08005064725875854,0.45464780926704407
-8.093999862670898,14.246000289916992,1.0289727449417114,0.9839608669281006,0.06544310599565506,0.10542599111795425,-0.0003601183998398483,0.49250122904777527
-8.093999862670898,15.246000289916992,1.214522123336792,6.191528797149658,0.49316853284835815,0.5320807695388794,0.05325189605355263,0.08034165948629379
-8.093999862670898,15.246000289916992,1.0153374671936035,0.8290075659751892,0.03876408562064171,0.06298142671585083,-0.1440633088350296,0.369046151638031
-8.093999862670898,15.246000289916992,1.1112325191497803,0.9860309958457947,0.13321179151535034,0.07180073112249374,-0.03409538045525551,0.5506121516227722
-8.093999862670898,16.246000289916992,1.123697280883789,0.7095246315002441,0.2924855947494507,1.2193434238433838,0.19692373275756836,0.0517762154340744
-8.093999862670898,16.246000289916992,0.9888970851898193,0.9491469264030457,0.045805759727954865,0.11192907392978668,-0.1239146813750267,0.943621814250946
-8.093999862670898,16.246000289916992,1.1579080820083618,1.0448166131973267,0.2925461232662201,0.26261353492736816,0.042008910328149796,0.004601986613124609
-8.093999862670898,17.246000289916992,0.8499593138694763,6.23256778717041,0.10177885740995407,1.2971746921539307,0.07312001287937164,0.11952189356088638
-8.093999862670898,17.246000289916992,1.1908830404281616,1.2392933368682861,0.09251315146684647,0.08699679374694824,-0.08763439208269119,0.7415151596069336
-8.093999862670898,17.246000289916992,1.1669830083847046,5.684303283691406,0.16413457691669464,0.13531650602817535,0.24844034016132355,0.13896307349205017
-8.093999862670898,18.246000289916992,0.8349088430404663,0.25929808616638184,0.10518965870141983,1.4866666793823242,-0.23733827471733093,0.004647324793040752
-8.093999862670898,18.246000289916992,1.1821653842926025,1.0354102849960327,0.10910723358392715,0.04777272045612335,0.016507621854543686,0.995265007019043
-8.093999862670898,18.246000289916992,1.1364418268203735,0.5798410177230835,0.9848322868347168,1.044936180114746,0.12550200521945953,8.766645623836666e-05
-8.093999862670898,19.246000289916992,0.6947497129440308,0.04972885176539421,0.04572826623916626,0.7873555421829224,-0.1148231253027916,0.12271691858768463
-8.093999862670898,19.246000289916992,1.1537814140319824,0.8564782738685608,0.14604242146015167,0.08517924696207047,-0.232206791639328,0.699643611907959
-8.093999862670898,19.246000289916992,1.1647313833236694,0.43720805644989014,0.6662564873695374,0.27156582474708557,0.18527279794216156,0.177639439702034
-8.093999862670898,20.246000289916992,0.8217616677284241,6.265132427215576,0.2290782928466797,1.309465765953064,0.1086469516158104,0.033645372837781906
-8.093999862670898,20.246000289916992,0.8785913586616516,0.8049086928367615,0.06288326531648636,0.10038898885250092,-0.009372851811349392,0.9331037998199463
-8.093999862670898,20.246000289916992,1.0076587200164795,0.06189432740211487,0.47939565777778625,0.51417076587677,0.21707355976104736,0.03325080871582031
-8.093999862670898,21.246000289916992,1.095910906791687,5.295417785644531,1.181208610534668,0.830881655216217,0.19839711487293243,0.02466251514852047
-8.093999862670898,21.246000289916992,0.9181116223335266,1.3656967878341675,0.05814015492796898,0.04536648839712143,-0.13561250269412994,0.9396765232086182
-8.093999862670898,21.246000289916992,0.8054386973381042,5.480573654174805,0.2366165816783905,0.972784161567688,0.4492233395576477,0.03566095978021622
-7.093999862670898,-11.753999710083008,0.8764125108718872,4.307584762573242,0.2562948167324066,0.6587326526641846,0.11239983886480331,0.511874794960022
-7.093999862670898,-11.753999710083008,0.6411358118057251,2.5980091094970703,0.03348742052912712,0.1476174145936966,-0.2055506706237793,0.19967982172966003
-7.093999862670898,-11.753999710083008,0.515275776386261,5.250999927520752,0.05464601889252663,1.780827283859253,0.45372384786605835,0.2884454131126404
-7.093999862670898,-10.753999710083008,0.9432953000068665,5.12526798248291,0.30012214183807373,0.6440002918243408,0.20479953289031982,0.1496639996767044
-7.093999862670898,-10.753999710083008,0.5528597235679626,1.7859160900115967,0.02245139703154564,0.7056771516799927,-0.09366754442453384,0.026089176535606384
-7.093999862670898,-10.753999710083008,0.6213163137435913,5.704407215118408,0.008187683299183846,0.11231427639722824,0.09953127801418304,0.8242468237876892
-7.093999862670898,-9.753999710083008,0.8146575093269348,5.663504123687744,0.12375195324420929,2.0548551082611084,0.06945490837097168,0.2222217321395874
-7.093999862670898,-9.753999710083008,0.6284397840499878,1.5832818746566772,0.040131475776433945,0.7470057606697083,0.38840511441230774,0.6082895994186401
-7.093999862670898,-9.753999710083008,0.7336009740829468,0.19234590232372284,0.03180578723549843,0.4685109257698059,-0.03290068358182907,0.16948872804641724
-7.093999862670898,-8.753999710083008,0.739647626876831,4.251543998718262,0.054687801748514175,0.9202044010162354,-0.0406390056014061,0.42051056027412415
-7.093999862670898,-8.753999710083008,0.5746201872825623,4.722644329071045,0.028402885422110558,0.23638176918029785,0.035558149218559265,0.5431052446365356
-7.093999862670898,-8.753999710083008,0.7374639511108398,4.263392448425293,0.022074460983276367,0.15039028227329254,0.1284915655851364,0.03638416901230812
-7.093999862670898,-7.754000186920166,0.7909422516822815,0.6916360259056091,0.1631557047367096,0.7749947309494019,0.024432873353362083,0.11141914129257202
-7.093999862670898,-7.754000186920166,0.7140233516693115,3.6635830402374268,0.054071370512247086,0.39691224694252014,0.03528793901205063,0.015453217551112175
-7.093999862670898,-7.754000186920166,0.6244010329246521,0.4909258782863617,0.017859922721982002,0.16254831850528717,0.01580381952226162,0.8731276392936707
-7.093999862670898,-6.754000186920166,0.8502071499824524,5.840483665466309,0.1967790275812149,1.7467997074127197,-0.003505995962768793,0.19370608031749725
-7.093999862670898,-6.754000186920166,0.5687987208366394,2.6708414554595947,0.025822479277849197,0.545320451259613,-0.1349969059228897,0.4045863747596741
-7.093999862670898,-6.754000186920166,0.6000380516052246,5.731700897216797,0.02911537140607834,1.5837315320968628,0.14956000447273254,0.4017075002193451
-7.093999862670898,-5.754000186920166,0.7755293846130371,5.8116841316223145,0.03670371696352959,1.1150885820388794,0.049431659281253815,0.3479236364364624
-7.093999862670898,-5.754000186920166,0.8872564435005188,3.4072892665863037,0.08194350451231003,0.7227455377578735,0.29794344305992126,0.3447349965572357
-7.093999862670898,-5.754000186920166,1.0676788091659546,0.6587185859680176,0.0865776389837265,0.0618705190718174,-0.04387630894780159,0.3073413670063019
-7.093999862670898,-4.754000186920166,0.8776639699935913,5.965566635131836,0.05392005294561386,1.8926066160202026,0.09258951991796494,0.6762484908103943
-7.093999862670898,-4.754000186920166,0.9932267069816589,3.9829108715057373,0.09480580687522888,0.05887735262513161,0.09690353274345398,0.10280486941337585
-7.093999862670898,-4.754000186920166,1.0208529233932495,0.5848701596260071,0.058334097266197205,0.09104280918836594,-0.26018857955932617,0.22094666957855225
-7.093999862670898,-3.753999948501587,0.7595458626747131,6.2807722091674805,0.0811607763171196,1.6159688234329224,0.09776086360216141,0.6323643922805786
-7.093999862670898,-3.753999948501587,0.9610326290130615,3.898677349090576,0.06486034393310547,0.06834094971418381,-0.004635025281459093,0.1411076784133911
-7.093999862670898,-3.753999948501587,1.109398603439331,0.5703023672103882,0.046965379267930984,0.05354776233434677,-0.19755399227142334,0.22652789950370789
-7.093999862670898,-2.753999948501587,0.7873548865318298,0.11161511391401291,0.06147196516394615,1.213026523590088,0.024224983528256416,0.5495595932006836
-7.093999862670898,-2.753999948501587,0.874712347984314,3.6316843032836914,0.07962505519390106,0.41037189960479736,-0.06931261718273163,0.1688455194234848
-7.093999862670898,-2.753999948501587,1.0157569646835327,0.43492943048477173,0.06586714833974838,0.13040101528167725,-0.14707735180854797,0.2815949618816376
-7.093999862670898,-1.753999948501587,0.6127427220344543,1.0173789262771606,0.028738444671034813,1.1424165964126587,0.07339075952768326,0.6536673903465271
-7.093999862670898,-1.753999948501587,0.91191166639328,3.2158374786376953,0.13077038526535034,0.2857646048069,0.08674594014883041,0.16170592606067657
-7.093999862670898,-1.753999948501587,1.006115436553955,0.054565221071243286,0.07824622094631195,0.1118696853518486,0.1736665666103363,0.18462659418582916
-7.093999862670898,-0.7540000081062317,0.8141032457351685,5.6329345703125,0.0902777910232544,1.0366512537002563,0.0575551874935627,0.09392303973436356
-7.093999862670898,-0.7540000081062317,0.8723020553588867,2.483527183532715,0.06357823312282562,0.12261273711919785,0.27036112546920776,0.6686568856239319
-7.093999862670898,-0.7540000081062317,0.7046594023704529,6.231630325317383,0.02385438047349453,0.20116907358169556,0.27081143856048584,0.23742003738880157
-7.093999862670898,0.2460000067949295,0.8116017580032349,3.2038302421569824,0.22246325016021729,1.1907835006713867,0.140945166349411,0.0008566010510548949
-7.093999862670898,0.2460000067949295,0.5572559833526611,2.4359800815582275,0.01513619814068079,1.3276983499526978,-0.49281445145606995,0.0006167806568555534
-7.093999862670898,0.2460000067949295,0.46773791313171387,5.9052910804748535,0.0007458170293830335,0.09119513630867004,0.07823079079389572,0.9985265731811523
-7.093999862670898,1.246000051498413,0.7260628342628479,5.665198802947998,0.02646910585463047,1.508400559425354,0.15364156663417816,0.26904425024986267
-7.093999862670898,1.246000051498413,1.1326112747192383,3.3093276023864746,0.2445136308670044,0.13212928175926208,0.1291787475347519,0.10364602506160736
-7.093999862670898,1.246000051498413,0.9824061393737793,0.33312052488327026,0.08270381391048431,0.167991504073143,0.05747368186712265,0.6273097395896912
-7.093999862670898,2.246000051498413,0.6648027896881104,5.978207588195801,0.024454720318317413,1.3984766006469727,0.07505360245704651,0.41764140129089355
-7.093999862670898,2.246000051498413,0.9861206412315369,3.1434834003448486,0.12778891623020172,0.13891008496284485,0.034313008189201355,0.2940371334552765
-7.093999862670898,2.246000051498413,1.0759097337722778,6.268749713897705,0.08946617692708969,0.04487498849630356,-0.002933976473286748,0.2883214056491852
-7.093999862670898,3.246000051498413,0.8201358318328857,5.474300861358643,0.04746423289179802,1.897770643234253,0.05019385740160942,0.2860215902328491
-7.093999862670898,3.246000051498413,1.0968949794769287,3.07128643989563,0.08746544271707535,0.08427295088768005,0.0015210782876238227,0.24769674241542816
-7.093999862670898,3.246000051498413,1.187923789024353,6.198552131652832,0.07520514726638794,0.020422665402293205,0.017541762441396713,0.46628162264823914
-7.093999862670898,4.245999813079834,0.9252211451530457,5.745884418487549,0.0530688650906086,1.0474250316619873,0.030217904597520828,0.3676854968070984
-7.093999862670898,4.245999813079834,1.0340650081634521,2.903502941131592,0.07214516401290894,0.11702010035514832,0.12576456367969513,0.33336693048477173
-7.093999862670898,4.245999813079834,1.2319114208221436,6.0378923416137695,0.08488781750202179,0.02877560444176197,0.0046751173213124275,0.2989475727081299
-7.093999862670898,5.245999813079834,0.925950288772583,5.175540924072266,0.11175430566072464,1.9247300624847412,0.053794071078300476,0.2427334040403366
-7.093999862670898,5.245999813079834,1.040784478187561,2.8428094387054443,0.10362174361944199,0.14302381873130798,0.038941457867622375,0.4321361184120178
-7.093999862670898,5.245999813079834,1.0664921998977661,6.042850017547607,0.07365203648805618,0.06299635022878647,-0.059800196439027786,0.32513052225112915
-7.093999862670898,6.245999813079834,1.0031453371047974,4.551042556762695,0.09211491048336029,1.775713324546814,0.021078163757920265,0.23944750428199768
-7.093999862670898,6.245999813079834,1.1301418542861938,2.7024126052856445,0.1324114352464676,0.12282207608222961,0.1640128344297409,0.4455642104148865
-7.093999862670898,6.245999813079834,0.9256157875061035,5.938056945800781,0.050255950540304184,0.13506972789764404,-0.06578142940998077,0.31498831510543823
-7.093999862670898,7.245999813079834,0.9566524624824524,5.25209903717041,0.08665123581886292,1.7809724807739258,-0.012601952068507671,0.3850599527359009
-7.093999862670898,7.245999813079834,1.1173746585845947,2.591294050216675,0.164900541305542,0.09566471725702286,0.20316311717033386,0.26355430483818054
-7.093999862670898,7.245999813079834,1.0227841138839722,5.698448657989502,0.06533487886190414,0.06492872536182404,-0.05696544796228409,0.3513857424259186
-7.093999862670898,8.246000289916992,0.6006779074668884,0.36935463547706604,0.024559881538152695,0.6856324076652527,-0.1302998811006546,0.7219892144203186
-7.093999862670898,8.246000289916992,1.1021249294281006,2.158074378967285,0.40536442399024963,0.13411910831928253,0.09394828975200653,0.0348423533141613
-7.093999862670898,8.246000289916992,0.7829861044883728,6.020614147186279,0.06268709152936935,0.08068374544382095,-0.18687553703784943,0.2431684285402298
-7.093999862670898,9.246000289916992,0.849321186542511,5.324636936187744,0.015097763389348984,0.3411964774131775,-0.02667374536395073,0.9484305381774902
-7.093999862670898,9.246000289916992,1.0134634971618652,0.21522969007492065,0.3733491897583008,1.3986729383468628,0.16712942719459534,0.007878921926021576
-7.093999862670898,9.246000289916992,0.7271115779876709,0.13672827184200287,0.06524775177240372,0.2219460904598236,-0.09940239787101746,0.043690506368875504
-7.093999862670898,10.246000289916992,0.8655120134353638,4.244026184082031,0.01576404646039009,0.1328842043876648,-0.05823163315653801,0.9692730903625488
-7.093999862670898,10.246000289916992,0.7712296843528748,0.6978889107704163,0.07303957641124725,5.2357683181762695,-0.17988386750221252,0.020895380526781082
-7.093999862670898,10.246000289916992,0.8387189507484436,5.889717102050781,0.127147376537323,2.3163084983825684,0.08170665800571442,0.009831496514379978
-7.093999862670898,11.246000289916992,0.7752617001533508,4.35798454284668,0.24971584975719452,1.8096696138381958,0.1653846651315689,0.013712115585803986
-7.093999862670898,11.246000289916992,0.6423640847206116,1.5924807786941528,0.04300554469227791,0.10164359211921692,-0.2217414528131485,0.9454892873764038
-7.093999862670898,11.246000289916992,0.9485734701156616,5.132082939147949,0.20249426364898682,0.7905412316322327,0.03260762616991997,0.040798552334308624
-7.093999862670898,12.246000289916992,0.8756844997406006,5.676658630371094,1.067073106765747,0.7455525398254395,0.3482952415943146,0.01609533466398716
-7.093999862670898,12.246000289916992,0.7178556323051453,0.8463764786720276,0.026141371577978134,0.05236806347966194,-0.32349902391433716,0.9316767454147339
-7.093999862670898,12.246000289916992,0.7421775460243225,0.07169342041015625,0.06919723004102707,0.6231042742729187,0.07426310330629349,0.05222787335515022
-7.093999862670898,13.246000289916992,0.8815895318984985,0.6762166619300842,0.5457639694213867,1.279019832611084,0.18185658752918243,0.03414331004023552
-7.093999862670898,13.246000289916992,0.6259674429893494,1.0198895931243896,0.026019200682640076,0.07684492319822311,-0.14026278257369995,0.34693029522895813
-7.093999862670898,13.246000289916992,0.8448346853256226,0.870614230632782,0.0612456239759922,0.04643210396170616,-0.11795686185359955,0.6189264059066772
-7.093999862670898,14.246000289916992,1.0437169075012207,6.258842468261719,0.809881329536438,1.2689120769500732,0.15094926953315735,0.01654737815260887
-7.093999862670898,14.246000289916992,0.8709075450897217,0.6291074156761169,0.02059340476989746,0.16731387376785278,0.2664959728717804,0.1658596694469452
-7.093999862670898,14.246000289916992,0.8295256495475769,1.310337781906128,0.01595269702374935,0.037811655551195145,-0.038218822330236435,0.8175929188728333
-7.093999862670898,15.246000289916992,1.078437089920044,1.4700968265533447,0.15328416228294373,0.7507051229476929,0.0655800998210907,0.308457612991333
-7.093999862670898,15.246000289916992,1.1702868938446045,1.081923007965088,0.07072778791189194,0.022634509950876236,-0.39567482471466064,0.5275055170059204
-7.093999862670898,15.246000289916992,1.0662109851837158,0.694388747215271,0.1685904562473297,0.3469838798046112,0.040276482701301575,0.16403688490390778
-7.093999862670898,16.246000289916992,0.7329720258712769,1.6286580562591553,0.03318686783313751,1.0114258527755737,0.18698354065418243,0.02299819514155388
-7.093999862670898,16.246000289916992,0.9901912808418274,0.7447819709777832,0.06879842281341553,0.05504703149199486,0.09360576421022415,0.9769428968429565
-7.093999862670898,16.246000289916992,0.9668159484863281,0.2523799538612366,0.4529293477535248,0.9406021237373352,0.05942441150546074,5.891232649446465e-05
-7.093999862670898,17.246000289916992,1.148087978363037,4.037078380584717,1.1928001642227173,1.37989342212677,0.3362159729003906,0.011868848465383053
-7.093999862670898,17.246000289916992,1.026424765586853,0.30885010957717896,0.09104634076356888,0.1000218614935875,-0.4746542274951935,0.32911282777786255
-7.093999862670898,17.246000289916992,0.9099934101104736,5.714569568634033,0.09126681089401245,0.3768085539340973,0.28406593203544617,0.6590183973312378
-7.093999862670898,18.246000289916992,0.9290494322776794,4.29935884475708,0.5098622441291809,1.1304166316986084,-0.07443484663963318,0.017034998163580894
-7.093999862670898,18.246000289916992,1.0926446914672852,1.1812388896942139,0.11758452653884888,0.07030780613422394,0.04185584560036659,0.9826272130012512
-7.093999862670898,18.246000289916992,1.064871072769165,0.2985497713088989,0.8684604167938232,1.366182804107666,0.2023797482252121,0.00033787620486691594
-7.093999862670898,19.246000289916992,0.7517338395118713,5.325115203857422,0.09137120842933655,0.47132325172424316,0.048164766281843185,0.014954774640500546
-7.093999862670898,19.246000289916992,1.0639092922210693,0.7597286105155945,0.0849023088812828,0.042720042169094086,0.05274646729230881,0.962781548500061
-7.093999862670898,19.246000289916992,1.0278301239013672,0.6984193325042725,0.3555896580219269,0.04680522531270981,0.29792749881744385,0.02226370945572853
-7.093999862670898,20.246000289916992,1.0671664476394653,1.4721046686172485,0.373497873544693,1.3167693614959717,0.07120753079652786,0.18494808673858643
-7.093999862670898,20.246000289916992,0.9836789965629578,0.787884533405304,0.08848559111356735,0.12186095118522644,-0.13056418299674988,0.752831220626831
-7.093999862670898,20.246000289916992,0.9980645775794983,0.19182530045509338,0.18875163793563843,0.42334434390068054,0.09744302928447723,0.062220651656389236
-6.093999862670898,-11.753999710083008,0.8781983256340027,2.908215284347534,0.22024458646774292,0.5444883704185486,0.15984511375427246,0.5524792075157166
-6.093999862670898,-11.753999710083008,0.6186327338218689,2.135411500930786,0.040745578706264496,0.3233404755592346,-0.011899144388735294,0.04286392405629158
-6.093999862670898,-11.753999710083008,0.5017780065536499,5.041053295135498,0.030375666916370392,0.43053707480430603,0.3622422516345978,0.4046568274497986
-6.093999862670898,-10.753999710083008,0.8827536702156067,4.612094402313232,0.14835941791534424,0.46148690581321716,0.19311362504959106,0.513755202293396
-6.093999862670898,-10.753999710083008,0.5813574194908142,2.129575490951538,0.03280133008956909,1.077822208404541,-0.1277100145816803,0.014571934938430786
-6.093999862670898,-10.753999710083008,0.604515016078949,5.571484565734863,0.010946330614387989,0.15084195137023926,0.17107178270816803,0.4716728627681732
-6.093999862670898,-9.753999710083008,0.9198817610740662,3.9770591259002686,0.1450643241405487,1.8976560831069946,0.10628151893615723,0.16562415659427643
-6.093999862670898,-9.753999710083008,0.5722107291221619,1.709520936012268,0.02383471094071865,0.8424041271209717,0.27139896154403687,0.46179449558258057
-6.093999862670898,-9.753999710083008,0.6997619271278381,5.440340518951416,0.020559418946504593,0.30915963649749756,0.10059493035078049,0.372581422328949
-6.093999862670898,-8.753999710083008,0.8157393336296082,4.160220146179199,0.06795396655797958,1.1195412874221802,-0.09237056225538254,0.3374914228916168
-6.093999862670898,-8.753999710083008,0.6563498973846436,4.179824352264404,0.02530255727469921,0.2379915565252304,-0.041557393968105316,0.6323304772377014
-6.093999862670898,-8.753999710083008,0.713503897190094,4.353806495666504,0.01917337439954281,0.1822630614042282,0.14890217781066895,0.03017810545861721
-6.093999862670898,-7.754000186920166,0.8790508508682251,0.46082815527915955,0.2340295910835266,0.7179213762283325,0.0036512252409011126,0.10058258473873138
-6.093999862670898,-7.754000186920166,0.6375488042831421,3.4096364974975586,0.05618100240826607,0.44022223353385925,0.01048201322555542,0.046572618186473846
-6.093999862670898,-7.754000186920166,0.5699939727783203,4.984625339508057,0.013870562426745892,0.17398379743099213,0.11091960966587067,0.8528448343276978
-6.093999862670898,-6.754000186920166,0.8712748289108276,5.437779426574707,0.18044964969158173,1.5943948030471802,-0.05922504514455795,0.1031641885638237
-6.093999862670898,-6.754000186920166,0.6526579260826111,2.481374979019165,0.04383307695388794,1.2113325595855713,-0.14919470250606537,0.06685610115528107
-6.093999862670898,-6.754000186920166,0.590624988079071,6.06790018081665,0.013298251666128635,0.7542927265167236,0.017964832484722137,0.829979658126831
-6.093999862670898,-5.754000186920166,0.7598835229873657,5.976736068725586,0.04139316827058792,0.8416824340820312,0.06577915698289871,0.46859055757522583
-6.093999862670898,-5.754000186920166,0.7803412079811096,2.347306966781616,0.08763694018125534,1.4176079034805298,0.22644531726837158,0.3791961669921875
-6.093999862670898,-5.754000186920166,1.0123533010482788,0.42119038105010986,0.14902709424495697,0.26292920112609863,-0.026334740221500397,0.15221333503723145
-6.093999862670898,-4.754000186920166,0.8976683616638184,0.10746482759714127,0.06592781096696854,1.715096354484558,0.08192715793848038,0.5858409404754639
-6.093999862670898,-4.754000186920166,0.9540956616401672,3.977266550064087,0.09236374497413635,0.08026337623596191,0.20207899808883667,0.14062589406967163
-6.093999862670898,-4.754000186920166,1.0472315549850464,0.7680945992469788,0.07268855720758438,0.12166310846805573,-0.2201734483242035,0.27353325486183167
-6.093999862670898,-3.753999948501587,0.8681532740592957,6.029632091522217,0.16082532703876495,2.0298187732696533,0.12530773878097534,0.42524924874305725
-6.093999862670898,-3.753999948501587,0.9335269927978516,3.871994972229004,0.055985379964113235,0.07994184643030167,-0.05859559774398804,0.2579248547554016
-6.093999862670898,-3.753999948501587,1.0408310890197754,0.6664450764656067,0.04166072607040405,0.060493942350149155,-0.2065340131521225,0.31682583689689636
-6.093999862670898,-2.753999948501587,0.6642590761184692,6.212456226348877,0.030275780707597733,0.5996741652488708,0.057255592197179794,0.6432005167007446
-6.093999862670898,-2.753999948501587,0.7770451903343201,3.6667137145996094,0.06689915806055069,0.5733230710029602,-0.051996659487485886,0.12903518974781036
-6.093999862670898,-2.753999948501587,0.9634667038917542,0.15139871835708618,0.08982912451028824,0.26358023285865784,-0.06486134976148605,0.2277643084526062
-6.093999862670898,-1.753999948501587,0.6589441299438477,0.5206166505813599,0.051662225276231766,1.4807790517807007,0.1246936246752739,0.28165075182914734
-6.093999862670898,-1.753999948501587,0.8355256915092468,3.1766438484191895,0.11561569571495056,0.25269728899002075,0.07982012629508972,0.18039466440677643
-6.093999862670898,-1.753999948501587,0.9244592785835266,0.10648837685585022,0.07469401508569717,0.13731640577316284,0.1566256731748581,0.537954568862915
-6.093999862670898,-0.7540000081062317,0.6929327249526978,0.8774282932281494,0.06100741773843765,0.7999835014343262,-0.06510517001152039,0.22649917006492615
-6.093999862670898,-0.7540000081062317,0.8631311655044556,2.6669411659240723,0.09375683963298798,0.09499478340148926,0.29672110080718994,0.34960344433784485
-6.093999862670898,-0.7540000081062317,0.7333817481994629,0.3674270808696747,0.039110541343688965,0.20422159135341644,0.2228756844997406,0.423897385597229
-6.093999862670898,1.246000051498413,0.6564857959747314,5.33096170425415,0.02666679210960865,1.3420870304107666,0.15024840831756592,0.18229380249977112
-6.093999862670898,1.246000051498413,1.172877550125122,3.293837308883667,0.34581008553504944,0.089853435754776,0.15046578645706177,0.042943939566612244
-6.093999862670898,1.246000051498413,1.0158374309539795,0.13759414851665497,0.07565487176179886,0.08700743317604065,0.11338145285844803,0.7747622132301331
-6.093999862670898,2.246000051498413,0.7421724200248718,4.525060653686523,0.041934192180633545,1.3981847763061523,0.07350688427686691,0.2922683358192444
-6.093999862670898,2.246000051498413,1.142616868019104,3.0604236125946045,0.1549447476863861,0.10101298242807388,0.009360859170556068,0.2998901903629303
-6.093999862670898,2.246000051498413,1.1219466924667358,6.1993513107299805,0.07814159989356995,0.026125557720661163,-0.1290511041879654,0.40784141421318054
-6.093999862670898,3.246000051498413,0.8634211421012878,5.891193389892578,0.0812019631266594,1.637108564376831,0.007056534755975008,0.41451433300971985
-6.093999862670898,3.246000051498413,1.1370561122894287,3.004370927810669,0.10330695658922195,0.06216559186577797,-0.01322263479232788,0.22946271300315857
-6.093999862670898,3.246000051498413,1.1552778482437134,6.168636322021484,0.07669772207736969,0.024962320923805237,0.008342685177922249,0.3560228943824768
-6.093999862670898,4.245999813079834,0.896973192691803,5.863046169281006,0.05292003974318504,1.2437738180160522,0.025745442137122154,0.5534059405326843
-6.093999862670898,4.245999813079834,1.024916410446167,2.887866735458374,0.08799922466278076,0.11525224149227142,0.14643241465091705,0.2499028444290161
-6.093999862670898,4.245999813079834,1.1524924039840698,6.111291885375977,0.08547716587781906,0.03165428340435028,0.02152111940085888,0.19669120013713837
-6.093999862670898,5.245999813079834,0.9778381586074829,4.631974697113037,0.17209844291210175,1.868388056755066,0.04113367572426796,0.21610823273658752
-6.093999862670898,5.245999813079834,1.099949598312378,2.7083487510681152,0.10532670468091965,0.05278116837143898,0.0832199826836586,0.35922956466674805
-6.093999862670898,5.245999813079834,1.056781530380249,5.957761287689209,0.07349704205989838,0.06103122979402542,-0.07369539886713028,0.42466220259666443
-6.093999862670898,6.245999813079834,0.9843302965164185,4.170686721801758,0.11600075662136078,1.9256813526153564,-0.005344043020159006,0.2150694727897644
-6.093999862670898,6.245999813079834,1.133905291557312,2.672520160675049,0.12307000160217285,0.06528452038764954,0.14710617065429688,0.3744111955165863
-6.093999862670898,6.245999813079834,0.9766435027122498,5.960911750793457,0.05777495726943016,0.08933692425489426,-0.12589025497436523,0.4105193316936493
-6.093999862670898,7.245999813079834,1.077467441558838,3.9404282569885254,0.15296579897403717,1.7618590593338013,0.09915734827518463,0.16089415550231934
-6.093999862670898,7.245999813079834,1.0097640752792358,2.571620464324951,0.07498489320278168,0.12281402945518494,0.19482767581939697,0.4756696820259094
-6.093999862670898,7.245999813079834,1.193798303604126,5.895042419433594,0.08179531991481781,0.04946696758270264,-0.030830536037683487,0.363436222076416
-6.093999862670898,8.246000289916992,0.8274513483047485,0.7505022883415222,0.1161917969584465,0.5429635047912598,-0.01987157016992569,0.3087941110134125
-6.093999862670898,8.246000289916992,0.7139829993247986,0.5652885437011719,0.15699629485607147,0.9767084717750549,-0.02934124879539013,0.00715263094753027
-6.093999862670898,8.246000289916992,0.6143708825111389,0.8729084134101868,0.026397714391350746,0.18078188598155975,-0.34778380393981934,0.6840532422065735
-6.093999862670898,9.246000289916992,0.7024230360984802,5.255267143249512,0.018317293375730515,0.4954252541065216,-0.059908609837293625,0.8863033652305603
-6.093999862670898,9.246000289916992,0.872782826423645,0.5220643281936646,0.15316087007522583,0.6147428750991821,0.1792951077222824,0.0584847554564476
-6.093999862670898,9.246000289916992,0.6473193168640137,6.112107753753662,0.055543527007102966,0.30313733220100403,0.030612794682383537,0.05521179363131523
-6.093999862670898,12.246000289916992,0.5592244267463684,2.734673500061035,1.6114915609359741,1.724711537361145,0.5428403615951538,1.3322211088961922e-05
-6.093999862670898,12.246000289916992,0.3434319496154785,0.8591995239257812,0.003031223313882947,0.3084781765937805,-0.5270916223526001,0.9999057054519653
-6.093999862670898,12.246000289916992,0.4039917290210724,6.13956880569458,0.018251916393637657,6.485133647918701,0.12119824439287186,8.095459634205326e-05
-6.093999862670898,13.246000289916992,0.8051673769950867,5.603029251098633,0.5587901473045349,1.115461826324463,0.24959327280521393,0.013836574740707874
-6.093999862670898,13.246000289916992,0.6841998100280762,0.34857890009880066,0.02255278266966343,0.03011223115026951,-0.2629023790359497,0.9668846130371094
-6.093999862670898,13.246000289916992,0.7297937273979187,0.9676811695098877,0.09247023612260818,0.1756504625082016,-0.1720244586467743,0.01927875727415085
-6.093999862670898,14.246000289916992,0.857995331287384,5.71005392074585,0.13527454435825348,1.216626763343811,0.1154002845287323,0.09351594746112823
-6.093999862670898,14.246000289916992,1.2084107398986816,2.0490808486938477,0.10606437176465988,0.033559784293174744,0.16818134486675262,0.08222353458404541
-6.093999862670898,14.246000289916992,1.3079782724380493,6.156426429748535,0.06307991594076157,0.008135762996971607,0.037314292043447495,0.8242605328559875
-6.093999862670898,15.246000289916992,0.9539951682090759,2.5927011966705322,0.3383718430995941,1.2898435592651367,0.2799854278564453,0.009415498934686184
-6.093999862670898,15.246000289916992,1.2584573030471802,0.6951298713684082,0.04259886592626572,0.00645913602784276,-0.39491006731987,0.9896149635314941
-6.093999862670898,15.246000289916992,1.0344150066375732,0.336312472820282,0.29798176884651184,1.106544017791748,0.21174201369285583,0.0009694855543784797
-6.093999862670898,16.246000289916992,0.59736567735672,4.400969982147217,0.019455503672361374,0.6528381109237671,0.08548887819051743,0.05505969747900963
-6.093999862670898,16.246000289916992,0.9970070123672485,0.6350145936012268,0.12661413848400116,0.03476012498140335,-0.026187503710389137,0.9447765946388245
-6.093999862670898,16.246000289916992,0.8704902529716492,0.01102403923869133,0.6344936490058899,1.3631995916366577,0.21832087635993958,0.000163795702974312
-6.093999862670898,17.246000289916992,1.046149492263794,4.643255710601807,0.9227367043495178,1.9035886526107788,0.39592522382736206,0.012446653097867966
-6.093999862670898,17.246000289916992,0.9562631249427795,0.4073801040649414,0.07053477317094803,0.07522320747375488,-0.39672228693962097,0.6138151288032532
-6.093999862670898,17.246000289916992,0.8854398131370544,0.02197582647204399,0.08829253911972046,0.21347394585609436,0.15724647045135498,0.37373825907707214
-6.093999862670898,19.246000289916992,0.8004063963890076,0.23225712776184082,0.17789016664028168,0.4312063157558441,0.23517948389053345,4.701949001173489e-05
-6.093999862670898,19.246000289916992,0.9878901839256287,6.084728717803955,0.02024330012500286,0.08601494878530502,0.11619050800800323,0.9999525547027588
-6.093999862670898,19.246000289916992,1.0637874603271484,1.1860034465789795,1.6441973447799683,1.2861580848693848,0.4553877115249634,5.199814836487349e-07
-6.093999862670898,20.246000289916992,1.5898798704147339,5.943592071533203,14.142638206481934,2.079111099243164,0.41587528586387634,3.419625045353314e-07
-6.093999862670898,20.246000289916992,1.2665185928344727,0.9977131485939026,0.015976425260305405,0.06955506652593613,0.253908634185791,0.9999946355819702
-6.093999862670898,20.246000289916992,1.2780582904815674,1.5629976987838745,0.37653452157974243,2.5694990158081055,-0.03587940335273743,5.015933766117087e-06
-5.093999862670898,-11.753999710083008,0.7175427079200745,0.27620798349380493,0.490342915058136,1.3944703340530396,0.1463182270526886,0.2505369484424591
-5.093999862670898,-11.753999710083008,0.4381915330886841,2.7027947902679443,0.02243238128721714,0.8383897542953491,-0.3043767809867859,0.0828365758061409
-5.093999862670898,-11.753999710083008,0.5639256834983826,5.030135631561279,0.008719534613192081,0.06358620524406433,0.19463235139846802,0.6666263937950134
-5.093999862670898,-10.753999710083008,0.5550856590270996,4.9849371910095215,0.06992695480585098,0.9254794120788574,-0.023813264444470406,0.5515916347503662
-5.093999862670898,-10.753999710083008,0.5847375392913818,2.2060699462890625,0.03462236374616623,0.9650263786315918,-0.16216547787189484,0.2338791787624359
-5.093999862670898,-10.753999710083008,0.5863531231880188,4.82416296005249,0.01794072799384594,0.7091308236122131,0.16620273888111115,0.21452921628952026
-5.093999862670898,-9.753999710083008,0.7448115944862366,3.9465227127075195,0.06426948308944702,1.410832166671753,-0.020946228876709938,0.3263498842716217
-5.093999862670898,-9.753999710083008,0.5387534499168396,2.067067861557007,0.026907846331596375,0.9906280636787415,0.17399118840694427,0.14897046983242035
-5.093999862670898,-9.753999710083008,0.6495531797409058,4.563346862792969,0.019557727500796318,0.30416497588157654,0.1958826184272766,0.5246796011924744
-5.093999862670898,-8.753999710083008,0.7529531717300415,5.320772171020508,0.08362038433551788,1.637398362159729,-0.05900304391980171,0.1311318725347519
-5.093999862670898,-8.753999710083008,0.6109639406204224,2.0919089317321777,0.025579899549484253,1.1650632619857788,-0.07872795313596725,0.3807695508003235
-5.093999862670898,-8.753999710083008,0.6361868381500244,5.496920585632324,0.009082025848329067,0.30154386162757874,-0.1409531682729721,0.4880985915660858
-5.093999862670898,-7.754000186920166,0.8934509754180908,5.514057159423828,0.1499418169260025,1.5870903730392456,0.008078423328697681,0.03885898366570473
-5.093999862670898,-7.754000186920166,0.6287286281585693,1.6611074209213257,0.025155307725071907,0.34974896907806396,0.20840507745742798,0.6157103776931763
-5.093999862670898,-7.754000186920166,0.7709195017814636,4.996975898742676,0.040615860372781754,0.1848371922969818,0.13387084007263184,0.3454305827617645
-5.093999862670898,-6.754000186920166,1.0183528661727905,5.547698020935059,0.1057150661945343,0.6271263360977173,0.20381304621696472,0.39373520016670227
-5.093999862670898,-6.754000186920166,0.8266459107398987,2.2145016193389893,0.10236403346061707,0.3654010593891144,-0.03358776494860649,0.16071701049804688
-5.093999862670898,-6.754000186920166,0.7385307550430298,5.8869709968566895,0.040758442133665085,0.968701183795929,0.2337695211172104,0.44554778933525085
-5.093999862670898,-5.754000186920166,0.9819424152374268,5.176681041717529,0.10078668594360352,1.4304261207580566,0.17066462337970734,0.5891584753990173
-5.093999862670898,-5.754000186920166,0.7363566160202026,1.3835420608520508,0.06656088680028915,0.9364053010940552,0.03354542329907417,0.3554852306842804
-5.093999862670898,-5.754000186920166,0.8128014206886292,5.611073970794678,0.09637945145368576,1.6973029375076294,-0.024424178525805473,0.05535631626844406
-5.093999862670898,-4.754000186920166,0.8074308633804321,0.27050307393074036,0.09977841377258301,1.4567352533340454,-0.030004361644387245,0.6532306671142578
-5.093999862670898,-4.754000186920166,0.7597655653953552,3.469106912612915,0.045952074229717255,1.0120744705200195,-0.03031095676124096,0.1335669457912445
-5.093999862670898,-4.754000186920166,0.7344750165939331,0.811467170715332,0.012029021978378296,1.0758540630340576,-0.18931372463703156,0.21320238709449768
-5.093999862670898,-3.753999948501587,0.8647998571395874,0.20928864181041718,0.13038215041160583,1.633953332901001,0.14098986983299255,0.4538252651691437
-5.093999862670898,-3.753999948501587,0.7701714634895325,3.99855375289917,0.06496087461709976,0.15901097655296326,0.09043516963720322,0.18018732964992523
-5.093999862670898,-3.753999948501587,0.8783778548240662,0.9206768274307251,0.04003329575061798,0.07580126076936722,-0.2858657240867615,0.3659873604774475
-5.093999862670898,-2.753999948501587,0.5517047643661499,1.4535084962844849,0.019576476886868477,1.108782410621643,0.008883986622095108,0.33979254961013794
-5.093999862670898,-2.753999948501587,0.8831268548965454,3.7137088775634766,0.14136400818824768,0.5225418210029602,-0.004303285386413336,0.24951410293579102
-5.093999862670898,-2.753999948501587,0.9736040830612183,0.536207914352417,0.09794165194034576,0.24487930536270142,-0.13483858108520508,0.41069337725639343
-5.093999862670898,-1.753999948501587,0.8910049796104431,0.8325454592704773,0.12373380362987518,1.5058610439300537,-0.0016935194144025445,0.0765865370631218
-5.093999862670898,-1.753999948501587,1.0951553583145142,3.3806607723236084,0.16143064200878143,0.16293303668498993,0.12943165004253387,0.31387609243392944
-5.093999862670898,-1.753999948501587,1.0132352113723755,0.3894905149936676,0.0983683168888092,0.21084268391132355,-0.2572043240070343,0.6095374226570129
-5.093999862670898,-0.7540000081062317,0.6983177065849304,2.532665967941284,0.0740218311548233,1.2295218706130981,0.0009736710344441235,0.2969919443130493
-5.093999862670898,-0.7540000081062317,0.8376198410987854,3.3699135780334473,0.09925294667482376,0.1244865208864212,0.205730140209198,0.23540210723876953
-5.093999862670898,-0.7540000081062317,0.8249853253364563,0.544157087802887,0.06962966173887253,0.26064616441726685,-0.0037268290761858225,0.467605859041214
-5.093999862670898,0.2460000067949295,0.4580315947532654,5.852569580078125,0.02757086791098118,1.2414333820343018,-0.008101622574031353,0.49362704157829285
-5.093999862670898,0.2460000067949295,0.48073917627334595,3.4633030891418457,0.027153940871357918,1.4902665615081787,0.18009832501411438,0.4190528690814972
-5.093999862670898,0.2460000067949295,0.6729601621627808,0.8573575019836426,0.0355929397046566,0.5852767825126648,-0.0742027536034584,0.08732010424137115
-5.093999862670898,1.246000051498413,0.5753813982009888,5.158158302307129,0.019386382773518562,1.072288155555725,-0.031031059101223946,0.8171738982200623
-5.093999862670898,1.246000051498413,0.9408590793609619,3.0052855014801025,0.08478670567274094,0.05226878449320793,0.08939556032419205,0.08035597205162048
-5.093999862670898,1.246000051498413,0.8980985879898071,5.922398090362549,0.047946855425834656,0.11943302303552628,0.22675549983978271,0.10247018188238144
-5.093999862670898,2.246000051498413,0.8709467053413391,5.328737735748291,0.09493224322795868,1.6309504508972168,0.008114618249237537,0.15775100886821747
-5.093999862670898,2.246000051498413,1.223974347114563,3.019449234008789,0.13221727311611176,0.09032972157001495,0.009061992168426514,0.4074742794036865
-5.093999862670898,2.246000051498413,1.2599751949310303,6.225741386413574,0.09381479769945145,0.023274676874279976,-0.10255955159664154,0.43477463722229004
-5.093999862670898,3.246000051498413,0.974441647529602,5.652858734130859,0.18498572707176208,1.9777365922927856,0.01870184950530529,0.2108643651008606
-5.093999862670898,3.246000051498413,1.156222939491272,2.905839204788208,0.09721524268388748,0.07102770358324051,0.03465268388390541,0.38781070709228516
-5.093999862670898,3.246000051498413,1.182133674621582,6.154892444610596,0.07091747969388962,0.034042369574308395,-0.08462543040513992,0.40132489800453186
-5.093999862670898,4.245999813079834,0.8506371378898621,5.056937217712402,0.06546128541231155,1.6922435760498047,0.012164628133177757,0.3666665256023407
-5.093999862670898,4.245999813079834,1.0778926610946655,2.725266218185425,0.10092314332723618,0.08162952959537506,0.10517417639493942,0.3024706244468689
-5.093999862670898,4.245999813079834,1.167696475982666,6.077956199645996,0.0846703052520752,0.049833811819553375,-0.07430033385753632,0.3308628499507904
-5.093999862670898,5.245999813079834,1.0720772743225098,5.185606956481934,0.27440884709358215,1.7206158638000488,0.031318627297878265,0.22379018366336823
-5.093999862670898,5.245999813079834,1.1068018674850464,2.6447527408599854,0.07969962060451508,0.03880750387907028,0.058260418474674225,0.432613343000412
-5.093999862670898,5.245999813079834,1.1327465772628784,5.846770763397217,0.09749201685190201,0.07248609513044357,-0.014836007729172707,0.343596488237381
-5.093999862670898,6.245999813079834,0.9379736185073853,4.393344402313232,0.14549756050109863,1.7850524187088013,-0.02707313932478428,0.22312410175800323
-5.093999862670898,6.245999813079834,1.0334491729736328,2.5422439575195312,0.0637795478105545,0.03908877447247505,-0.010618728585541248,0.42314842343330383
-5.093999862670898,6.245999813079834,1.1952431201934814,5.879182815551758,0.12414531409740448,0.05590801686048508,-0.07038872689008713,0.35372743010520935
-5.093999862670898,7.245999813079834,0.7940268516540527,0.34038427472114563,0.07779219001531601,1.565008282661438,0.035044070333242416,0.40372252464294434
-5.093999862670898,7.245999813079834,0.9309906959533691,3.3367676734924316,0.09561558067798615,0.1714550256729126,0.05703949183225632,0.35179755091667175
-5.093999862670898,7.245999813079834,1.1922041177749634,0.01723475381731987,0.12066850066184998,0.05705198645591736,-0.01901327446103096,0.2444799393415451
-5.093999862670898,8.246000289916992,1.0668960809707642,5.471120357513428,0.6136957406997681,1.388309359550476,0.051835186779499054,0.4452093541622162
-5.093999862670898,8.246000289916992,0.7734912633895874,2.566650629043579,0.06074904277920723,0.4484157860279083,0.1349935084581375,0.43222928047180176
-5.093999862670898,8.246000289916992,0.815916121006012,0.7457918524742126,0.09412659704685211,0.6809144616127014,-0.22057534754276276,0.12256141006946564
-5.093999862670898,9.246000289916992,0.8043082356452942,4.826783657073975,0.1388886570930481,1.56816565990448,-0.22830186784267426,0.17056193947792053
-5.093999862670898,9.246000289916992,0.7342568635940552,1.7682464122772217,0.02509535662829876,0.06860474497079849,0.09181636571884155,0.3562430143356323
-5.093999862670898,9.246000289916992,0.6238594055175781,4.707671165466309,0.017174826934933662,0.08134060353040695,0.0931561216711998,0.47319501638412476
-5.093999862670898,16.246000289916992,0.8305462002754211,3.0859813690185547,0.06778313964605331,0.47537535429000854,0.09972166270017624,0.18020932376384735
-5.093999862670898,16.246000289916992,1.0075383186340332,0.5031766295433044,0.1227506473660469,0.06607286632061005,-0.17278075218200684,0.8079204559326172
-5.093999862670898,16.246000289916992,1.0428786277770996,0.17435169219970703,0.7665082812309265,0.965238094329834,0.3504665791988373,0.011870180256664753
-5.093999862670898,17.246000289916992,0.6608422994613647,4.708624362945557,0.08994452655315399,2.133469820022583,0.3325234055519104,0.0010643837740644813
-5.093999862670898,17.246000289916992,0.8602666258811951,0.8474765419960022,0.048512279987335205,0.062499046325683594,0.02714669331908226,0.9989101886749268
-5.093999862670898,17.246000289916992,0.8836838006973267,5.776137351989746,0.4646698236465454,2.655580997467041,0.010325079783797264,2.5473917048657313e-05
-5.093999862670898,18.246000289916992,0.6857454180717468,4.4217376708984375,0.06251150369644165,1.01469886302948,0.1434604823589325,0.0010983977699652314
-5.093999862670898,18.246000289916992,1.0854132175445557,1.315811276435852,0.07691903412342072,0.06480914354324341,-0.048202916979789734,0.9989001750946045
-5.093999862670898,18.246000289916992,1.0871840715408325,5.577972412109375,1.9354031085968018,5.72895622253418,0.23273245990276337,1.3983564031150308e-06
-4.093999862670898,-11.753999710083008,0.6291203498840332,6.038754463195801,0.6083299517631531,2.086207389831543,0.11257919669151306,0.017814425751566887
-4.093999862670898,-11.753999710083008,0.4216112792491913,2.830371618270874,0.0240932647138834,1.3652570247650146,-0.3267201781272888,0.054123297333717346
-4.093999862670898,-11.753999710083008,0.5511007308959961,4.384329319000244,0.008177277632057667,0.1490936279296875,0.15778705477714539,0.9280622601509094
-4.093999862670898,-10.753999710083008,0.4469744563102722,6.1426801681518555,0.10566804558038712,1.8275448083877563,-0.07887014001607895,0.04155208542943001
-4.093999862670898,-10.753999710083008,0.6063658595085144,2.044403553009033,0.01666962169110775,0.15516026318073273,-0.241984024643898,0.720051109790802
-4.093999862670898,-10.753999710083008,0.6225383877754211,4.508106231689453,0.011996446177363396,0.2588167190551758,0.20793235301971436,0.2383968085050583
-4.093999862670898,-9.753999710083008,0.7909494042396545,4.2204084396362305,0.08743321150541306,1.231337547302246,0.003701761830598116,0.21460992097854614
-4.093999862670898,-9.753999710083008,0.6053383946418762,0.9446154236793518,0.024497102946043015,0.5964944958686829,0.08411514759063721,0.1648058295249939
-4.093999862670898,-9.753999710083008,0.6486720442771912,4.8830060958862305,0.015825919806957245,0.33140164613723755,0.12731535732746124,0.62058424949646
-4.093999862670898,-8.753999710083008,0.70374995470047,5.252763748168945,0.04473048448562622,1.360106110572815,0.011707992292940617,0.5402657985687256
-4.093999862670898,-8.753999710083008,0.6466847062110901,1.8296922445297241,0.08368661999702454,1.6229972839355469,0.015369008295238018,0.04335832595825195
-4.093999862670898,-8.753999710083008,0.619787335395813,5.322500228881836,0.01409924030303955,0.2502993941307068,-0.04528215155005455,0.4163758456707001
-4.093999862670898,-7.754000186920166,0.8017787337303162,5.841334342956543,0.19708220660686493,1.7782704830169678,0.14424428343772888,0.022449659183621407
-4.093999862670898,-7.754000186920166,0.7143029570579529,1.3808296918869019,0.05341640114784241,0.3456212282180786,0.05887015163898468,0.6195940375328064
-4.093999862670898,-7.754000186920166,0.7294175028800964,4.824897766113281,0.06222371757030487,0.3508431315422058,0.10958350449800491,0.35795632004737854
-4.093999862670898,-6.754000186920166,1.1423755884170532,4.840516090393066,0.14646393060684204,0.6020135283470154,0.16589878499507904,0.3377158045768738
-4.093999862670898,-6.754000186920166,0.9306100606918335,1.6850594282150269,0.09756802767515182,0.18508966267108917,0.21070466935634613,0.3128318190574646
-4.093999862670898,-6.754000186920166,0.7617160677909851,5.551449775695801,0.04139508306980133,1.2340439558029175,0.17222683131694794,0.34945234656333923
-4.093999862670898,-5.754000186920166,0.8579816222190857,4.600268363952637,0.11004850268363953,1.1976287364959717,0.06444348394870758,0.2723376750946045
-4.093999862670898,-5.754000186920166,0.723480761051178,1.3626985549926758,0.05343698710203171,0.4801320731639862,-0.11065570265054703,0.35543832182884216
-4.093999862670898,-5.754000186920166,0.6022312045097351,4.480888843536377,0.038823697715997696,2.2474803924560547,-0.06962712109088898,0.37222403287887573
-4.093999862670898,-4.754000186920166,0.6874736547470093,3.5302774906158447,0.07261168956756592,0.9393071532249451,-0.14373528957366943,0.46312886476516724
-4.093999862670898,-4.754000186920166,0.6271838545799255,1.9052791595458984,0.0235801562666893,1.4561394453048706,-0.22584213316440582,0.37102168798446655
-4.093999862670898,-4.754000186920166,0.6453297138214111,0.13834698498249054,0.016377819702029228,1.5440731048583984,-0.10644221305847168,0.16584937274456024
-4.093999862670898,-3.753999948501587,1.0387237071990967,1.1713533401489258,0.26468536257743835,1.6326583623886108,0.2217482179403305,0.2622760236263275
-4.093999862670898,-3.753999948501587,0.7961715459823608,4.294822692871094,0.06496176868677139,0.3296402096748352,0.06293928623199463,0.32540974020957947
-4.093999862670898,-3.753999948501587,0.8058728575706482,1.1477802991867065,0.040147993713617325,0.19086980819702148,-0.30493953824043274,0.41231417655944824
-4.093999862670898,-2.753999948501587,0.5556906461715698,1.3292278051376343,0.018028518185019493,0.8812994360923767,-0.09012670814990997,0.23963147401809692
-4.093999862670898,-2.753999948501587,1.0121225118637085,3.9184253215789795,0.21477052569389343,0.2677082121372223,0.10607583075761795,0.22553209960460663
-4.093999862670898,-2.753999948501587,0.97495037317276,0.6332618594169617,0.10082852840423584,0.26034775376319885,-0.09671474248170853,0.5348363518714905
-4.093999862670898,-1.753999948501587,1.1011449098587036,1.0933849811553955,0.27846240997314453,1.4172011613845825,-0.004300357308238745,0.10707777738571167
-4.093999862670898,-1.753999948501587,1.141992211341858,3.557766914367676,0.19153936207294464,0.14873485267162323,0.11447600275278091,0.297034353017807
-4.093999862670898,-1.753999948501587,0.9482470750808716,0.49972373247146606,0.07949738949537277,0.17902158200740814,-0.4063124656677246,0.5958878993988037
-4.093999862670898,-0.7540000081062317,0.8119755387306213,2.1965646743774414,0.06622912734746933,1.5477864742279053,0.1144239753484726,0.2752875089645386
-4.093999862670898,-0.7540000081062317,0.8534039855003357,4.02012300491333,0.04351528361439705,0.24191445112228394,0.25661778450012207,0.36061742901802063
-4.093999862670898,-0.7540000081062317,0.8852392435073853,1.3019813299179077,0.04627808555960655,0.3022715151309967,-0.14125366508960724,0.3640950620174408
-4.093999862670898,0.2460000067949295,0.6396815776824951,5.091709136962891,0.03345770016312599,1.3458328247070312,0.02529839053750038,0.46754375100135803
-4.093999862670898,0.2460000067949295,0.7221658825874329,3.598219394683838,0.10184925049543381,0.4734412133693695,0.1862655133008957,0.35685086250305176
-4.093999862670898,0.2460000067949295,1.0079131126403809,1.1924433708190918,0.18897071480751038,0.140013188123703,-0.2839677631855011,0.17560535669326782
-4.093999862670898,1.246000051498413,0.9038853645324707,4.124096393585205,0.0863739401102066,1.6102359294891357,0.06855028867721558,0.3748634457588196
-4.093999862670898,1.246000051498413,1.0028483867645264,2.893784761428833,0.07796873152256012,0.06740984320640564,0.09768224507570267,0.3918938636779785
-4.093999862670898,1.246000051498413,1.059242606163025,5.576858997344971,0.06647562980651855,0.08483138680458069,0.16298018395900726,0.2332427054643631
-4.093999862670898,2.246000051498413,0.9863818883895874,4.8693647384643555,0.1808551847934723,1.465411901473999,0.05890733748674393,0.14143405854701996
-4.093999862670898,2.246000051498413,1.1453686952590942,2.9858696460723877,0.10460423678159714,0.13246868550777435,-0.023184649646282196,0.3451138436794281
-4.093999862670898,2.246000051498413,1.2904716730117798,6.236279487609863,0.1193162202835083,0.032418761402368546,-0.011404460296034813,0.5134521126747131
-4.093999862670898,3.246000051498413,0.9284722805023193,5.42141580581665,0.11471571773290634,2.005121946334839,0.024552656337618828,0.22059042751789093
-4.093999862670898,3.246000051498413,1.0886887311935425,2.879324436187744,0.10476339608430862,0.10560352355241776,0.11435382068157196,0.33382728695869446
-4.093999862670898,3.246000051498413,1.167047142982483,6.201330184936523,0.08251038938760757,0.037013571709394455,-0.0841941237449646,0.4455823302268982
-4.093999862670898,4.245999813079834,0.8238109946250916,4.428472995758057,0.06194750592112541,1.7348301410675049,0.010282586328685284,0.34196004271507263
-4.093999862670898,4.245999813079834,1.0475969314575195,2.7481672763824463,0.10515730828046799,0.09771808981895447,0.17651037871837616,0.31663694977760315
-4.093999862670898,4.245999813079834,1.1890230178833008,6.013806343078613,0.09605786949396133,0.057378798723220825,-0.06218961998820305,0.3414030075073242
-4.093999862670898,5.245999813079834,1.0320653915405273,4.484772682189941,0.23859933018684387,1.8478752374649048,0.04003716632723808,0.22067946195602417
-4.093999862670898,5.245999813079834,1.1003612279891968,2.5425803661346436,0.07813539355993271,0.04474639892578125,0.09201104938983917,0.41837891936302185
-4.093999862670898,5.245999813079834,1.2047134637832642,5.8203630447387695,0.09845410287380219,0.056206993758678436,-0.03487188369035721,0.3609415888786316
-4.093999862670898,6.245999813079834,0.9195352792739868,4.3906965255737305,0.15054138004779816,1.4504919052124023,-0.043653812259435654,0.2867622971534729
-4.093999862670898,6.245999813079834,0.990824282169342,2.6754868030548096,0.07102330029010773,0.05358229577541351,0.013148333877325058,0.3100481331348419
-4.093999862670898,6.245999813079834,1.2029563188552856,5.926492214202881,0.14476646482944489,0.039928801357746124,-0.05384773388504982,0.4031895697116852
-4.093999862670898,7.245999813079834,0.6089683771133423,1.0816445350646973,0.026035606861114502,1.325541615486145,0.010283156298100948,0.6501220464706421
-4.093999862670898,7.245999813079834,0.8792270421981812,3.6690056324005127,0.12229990214109421,0.2666673958301544,-0.0037640149239450693,0.22709770500659943
-4.093999862670898,7.245999813079834,1.2491074800491333,0.22144392132759094,0.1716695874929428,0.05982609838247299,-0.07097671926021576,0.1227801963686943
-4.093999862670898,8.246000289916992,0.9965735077857971,5.261783599853516,0.3260623514652252,2.1200528144836426,0.10561840981245041,0.20527498424053192
-4.093999862670898,8.246000289916992,0.7790359258651733,3.58998441696167,0.0332966186106205,0.8849002718925476,0.05192248523235321,0.71241295337677
-4.093999862670898,8.246000289916992,0.9777845144271851,0.8699012994766235,0.0724187046289444,0.5324825644493103,-0.10889977961778641,0.08231205493211746
-4.093999862670898,9.246000289916992,0.664798378944397,4.007424354553223,0.13481158018112183,2.08197283744812,-0.3057957887649536,0.06169528141617775
-4.093999862670898,9.246000289916992,0.6130449771881104,2.0495848655700684,0.014336159452795982,0.11483461409807205,0.03165698051452637,0.3443608582019806
-4.093999862670898,9.246000289916992,0.5828286409378052,4.512610912322998,0.009446690790355206,0.16618552803993225,0.09407611191272736,0.5939438939094543
-4.093999862670898,10.246000289916992,0.6908608675003052,2.7673568725585938,0.08801854401826859,0.9665299654006958,0.13352888822555542,0.13745218515396118
-4.093999862670898,10.246000289916992,0.5434297919273376,2.700413942337036,0.0204157717525959,0.38779309391975403,-0.19589407742023468,0.8528766632080078
-4.093999862670898,10.246000289916992,0.6875922083854675,4.962668418884277,0.07894308120012283,2.8568882942199707,0.3870842158794403,0.009671125560998917
-4.093999862670898,17.246000289916992,0.5584412813186646,5.0150322914123535,0.22117950022220612,2.389984130859375,0.33558881282806396,8.803197488305159e-06
-4.093999862670898,17.246000289916992,0.680738091468811,0.10370469093322754,0.01615137606859207,0.02358844503760338,-0.06731446832418442,0.9999910593032837
-4.093999862670898,17.246000289916992,0.8805155754089355,6.205944061279297,1.8857945203781128,15.145086288452148,-0.01703828014433384,7.72580150965041e-08
-4.093999862670898,18.246000289916992,0.7849583625793457,4.6664204597473145,0.10080278664827347,0.9865602850914001,0.2478775680065155,0.0010903443908318877
-4.093999862670898,18.246000289916992,1.1538076400756836,0.8580703735351562,0.06727491319179535,0.028695063665509224,-0.06161920726299286,0.9989030361175537
-4.093999862670898,18.246000289916992,1.1284040212631226,6.128730297088623,1.1199886798858643,2.6810054779052734,0.07641194760799408,6.563181159435771e-06
-3.0940001010894775,-11.753999710083008,0.9028970003128052,0.25407037138938904,1.4640518426895142,0.41068023443222046,-0.0970231145620346,9.49433683672396e-07
-3.0940001010894775,-11.753999710083008,0.2904493808746338,0.783083975315094,0.08296653628349304,41.520694732666016,-0.24492621421813965,4.167517886344285e-09
-3.0940001010894775,-11.753999710083008,0.25897216796875,6.001338958740234,0.0002818044158630073,0.029121924191713333,-0.24078649282455444,0.9999990463256836
-3.0940001010894775,-10.753999710083008,0.5767682790756226,5.153153419494629,0.1492142379283905,0.7240582704544067,-0.07695091515779495,0.020139826461672783
-3.0940001010894775,-10.753999710083008,0.5169063806533813,5.457027912139893,0.011342366226017475,0.40580642223358154,-0.05561249703168869,0.049003563821315765
-3.0940001010894775,-10.753999710083008,0.5945526361465454,0.772188663482666,0.006985746789723635,0.26984062790870667,-0.1766490787267685,0.9308565855026245
-3.0940001010894775,-9.753999710083008,0.5721874237060547,5.8617753982543945,0.08550618588924408,1.67372465133667,-0.04173051193356514,0.27083301544189453
-3.0940001010894775,-9.753999710083008,0.5939661860466003,1.0682623386383057,0.06138261407613754,0.9764054417610168,-0.21193921566009521,0.18892420828342438
-3.0940001010894775,-9.753999710083008,0.5816612839698792,4.5497260093688965,0.013610189780592918,0.390592098236084,0.01967851258814335,0.5402427315711975
-3.0940001010894775,-8.753999710083008,0.5801539421081543,5.095952033996582,0.03795892000198364,1.8387666940689087,-0.008364557288587093,0.6354788541793823
-3.0940001010894775,-8.753999710083008,0.47447699308395386,1.8612309694290161,0.022666696459054947,0.6221943497657776,-0.09285524487495422,0.1319764107465744
-3.0940001010894775,-8.753999710083008,0.6708831787109375,5.161220073699951,0.013218075968325138,0.1394561231136322,0.11751479655504227,0.23254473507404327
-3.0940001010894775,-7.754000186920166,0.7115833759307861,6.076991558074951,0.23141835629940033,1.7294944524765015,-0.042276374995708466,0.02718869224190712
-3.0940001010894775,-7.754000186920166,0.6254274845123291,1.692205548286438,0.020925166085362434,0.18099498748779297,-0.12744562327861786,0.7868847846984863
-3.0940001010894775,-7.754000186920166,0.6491230726242065,4.693997859954834,0.024784071370959282,0.2281181812286377,0.21448633074760437,0.18592654168605804
-3.0940001010894775,-6.754000186920166,0.8563618063926697,4.412324905395508,0.04598196968436241,1.8503109216690063,-0.0017384099774062634,0.24331100285053253
-3.0940001010894775,-6.754000186920166,0.7900716066360474,1.4517102241516113,0.0924953743815422,0.3246378004550934,0.10670799762010574,0.47040313482284546
-3.0940001010894775,-6.754000186920166,0.7309736013412476,4.48068904876709,0.036771509796381,0.28667083382606506,0.18441368639469147,0.2862858474254608
-3.0940001010894775,-5.754000186920166,0.8211057782173157,3.787196159362793,0.04711851477622986,0.8957589864730835,0.29639214277267456,0.3774433434009552
-3.0940001010894775,-5.754000186920166,0.7517869472503662,1.4960618019104004,0.07062321901321411,0.20134204626083374,0.0170351043343544,0.5749974846839905
-3.0940001010894775,-5.754000186920166,0.8211632370948792,5.9385480880737305,0.09858617931604385,0.6237152218818665,0.0892360731959343,0.04755916818976402
-3.0940001010894775,-4.754000186920166,0.8722226023674011,4.019083023071289,0.04466524347662926,0.3436680734157562,0.0780167505145073,0.647216260433197
-3.0940001010894775,-4.754000186920166,0.9894086718559265,1.8557372093200684,0.1375521719455719,0.25252625346183777,0.12490756064653397,0.3241237998008728
-3.0940001010894775,-4.754000186920166,0.9855251312255859,0.3418133556842804,0.1576472371816635,0.12996263802051544,0.19021518528461456,0.02865990810096264
-3.0940001010894775,-3.753999948501587,0.912824273109436,2.5330569744110107,0.30195268988609314,1.5963679552078247,0.15332245826721191,0.06475947052240372
-3.0940001010894775,-3.753999948501587,0.8503862023353577,4.2765655517578125,0.06580739468336105,0.14888246357440948,-0.08574143797159195,0.2112148404121399
-3.0940001010894775,-3.753999948501587,0.9560275673866272,1.040899634361267,0.06485826522111893,0.1700495183467865,-0.2330223172903061,0.7240256667137146
-3.0940001010894775,-2.753999948501587,0.7652159333229065,0.01611245423555374,0.03445225581526756,1.013082504272461,0.022448545321822166,0.29633593559265137
-3.0940001010894775,-2.753999948501587,1.0564101934432983,3.8135645389556885,0.22865305840969086,0.16493628919124603,0.04636894911527634,0.13569338619709015
-3.0940001010894775,-2.753999948501587,1.0012835264205933,0.6468926668167114,0.08704417943954468,0.19186986982822418,-0.001539474120363593,0.5679706335067749
-3.0940001010894775,-1.753999948501587,1.0078558921813965,5.293128490447998,0.13612107932567596,1.580834984779358,0.148054301738739,0.6991758346557617
-3.0940001010894775,-1.753999948501587,1.0313045978546143,4.036955833435059,0.1290406584739685,0.178094282746315,0.008241658098995686,0.14394904673099518
-3.0940001010894775,-1.753999948501587,0.9120457172393799,0.3049847185611725,0.04928029328584671,0.07919950783252716,-0.15567852556705475,0.1568751186132431
-3.0940001010894775,-0.7540000081062317,0.9448631405830383,1.688193678855896,0.15928030014038086,1.6977946758270264,0.11793037503957748,0.30862030386924744
-3.0940001010894775,-0.7540000081062317,0.9007900357246399,3.9678537845611572,0.09029309451580048,0.21082039177417755,0.13281960785388947,0.3544912338256836
-3.0940001010894775,-0.7540000081062317,0.8034864068031311,0.8089580535888672,0.05985317751765251,0.402540922164917,-0.08589189499616623,0.33688852190971375
-3.0940001010894775,0.2460000067949295,0.7189812660217285,5.848650932312012,0.037973999977111816,1.3966892957687378,-0.03934585303068161,0.5868796706199646
-3.0940001010894775,0.2460000067949295,0.9043248295783997,3.8148934841156006,0.14658468961715698,0.32849225401878357,0.13942348957061768,0.31122589111328125
-3.0940001010894775,0.2460000067949295,0.8606147170066833,1.0317579507827759,0.10471994429826736,0.22512519359588623,-0.16164937615394592,0.10189449787139893
-3.0940001010894775,1.246000051498413,0.9676348567008972,4.977559566497803,0.08830461651086807,1.8267239332199097,0.14691084623336792,0.41853511333465576
-3.0940001010894775,1.246000051498413,1.1162632703781128,3.118138313293457,0.11968683451414108,0.17372767627239227,-0.0625380128622055,0.3141598701477051
-3.0940001010894775,1.246000051498413,1.1406314373016357,5.843414306640625,0.08020223677158356,0.05191247537732124,-0.09808460623025894,0.26730501651763916
-3.0940001010894775,2.246000051498413,1.0475869178771973,4.912069797515869,0.31832805275917053,2.0606777667999268,0.12045559287071228,0.2067563831806183
-3.0940001010894775,2.246000051498413,1.0882272720336914,3.012819528579712,0.09333375841379166,0.11378470808267593,-0.060162268579006195,0.3584609627723694
-3.0940001010894775,2.246000051498413,1.087074875831604,6.169386386871338,0.064675472676754,0.038054756820201874,0.006411544978618622,0.43478265404701233
-3.0940001010894775,3.246000051498413,0.9017254710197449,5.822409629821777,0.08793068677186966,1.5820281505584717,0.03684615716338158,0.20918472111225128
-3.0940001010894775,3.246000051498413,1.0590626001358032,2.863661527633667,0.09093549102544785,0.07532898336648941,0.05107806995511055,0.29825839400291443
-3.0940001010894775,3.246000051498413,1.0966103076934814,6.1681952476501465,0.06925958395004272,0.03729618713259697,0.019474083557724953,0.4925568699836731
-3.0940001010894775,4.245999813079834,0.9052454233169556,5.09481143951416,0.1407482922077179,2.1725971698760986,0.07185478508472443,0.17945098876953125
-3.0940001010894775,4.245999813079834,1.016491174697876,2.819152355194092,0.07669644057750702,0.07695435732603073,0.06194361299276352,0.5009263157844543
-3.0940001010894775,4.245999813079834,1.0194679498672485,5.866444110870361,0.06356947124004364,0.058639924973249435,0.0677923709154129,0.3196227550506592
-3.0940001010894775,5.245999813079834,0.9215489029884338,4.763869285583496,0.12038716673851013,1.9776798486709595,0.03902735188603401,0.17475973069667816
-3.0940001010894775,5.245999813079834,1.0882154703140259,2.649320363998413,0.08379387110471725,0.043274302035570145,0.13707084953784943,0.3960402011871338
-3.0940001010894775,5.245999813079834,1.173445224761963,5.87340784072876,0.07922147214412689,0.03437168896198273,-0.004401514772325754,0.42920011281967163
-3.0940001010894775,6.245999813079834,0.8405048251152039,5.713257312774658,0.03867437690496445,1.2280508279800415,0.07055945694446564,0.4364401400089264
-3.0940001010894775,6.245999813079834,0.9659926891326904,2.825634479522705,0.1177465096116066,0.44081079959869385,0.23231874406337738,0.2231391817331314
-3.0940001010894775,6.245999813079834,1.1029444932937622,5.9798264503479,0.06638272851705551,0.02271988056600094,-0.07098179310560226,0.3404206931591034
-3.0940001010894775,7.245999813079834,0.9134177565574646,4.372431755065918,0.056939903646707535,0.869357705116272,0.07582703977823257,0.34718844294548035
-3.0940001010894775,7.245999813079834,0.8217561841011047,2.675055742263794,0.05904527008533478,3.230090856552124,0.12787796556949615,0.5250489711761475
-3.0940001010894775,7.245999813079834,1.1801270246505737,0.4979642629623413,0.15715518593788147,0.14193664491176605,-0.19626185297966003,0.1277625411748886
-3.0940001010894775,8.246000289916992,0.843077540397644,3.8008337020874023,0.11569105088710785,0.8988608121871948,0.1267579048871994,0.2860645055770874
-3.0940001010894775,8.246000289916992,0.8048898577690125,1.7979010343551636,0.045409657061100006,1.7323271036148071,-0.2245459109544754,0.5210217237472534
-3.0940001010894775,8.246000289916992,0.9609256982803345,0.590652346611023,0.07517940551042557,1.805511713027954,-0.1390974074602127,0.19291378557682037
-3.0940001010894775,9.246000289916992,0.7672401666641235,2.0357861518859863,0.12101474404335022,1.5337250232696533,0.004798260983079672,0.23976708948612213
-3.0940001010894775,9.246000289916992,0.6480453610420227,2.085019111633301,0.03029807284474373,0.19786545634269714,-0.2864826023578644,0.40178045630455017
-3.0940001010894775,9.246000289916992,0.5892829298973083,5.259721755981445,0.019592879340052605,0.9780312180519104,0.06666155904531479,0.3584524393081665
-3.0940001010894775,10.246000289916992,0.6707659959793091,2.515291929244995,0.12495730072259903,0.907626748085022,-0.045742664486169815,0.1909761130809784
-3.0940001010894775,10.246000289916992,0.5116679072380066,1.436562180519104,0.01976967789232731,0.5720493197441101,-0.13429176807403564,0.44330111145973206
-3.0940001010894775,10.246000289916992,0.561409592628479,5.213255882263184,0.017666339874267578,1.0169401168823242,0.09739619493484497,0.36572277545928955
-3.0940001010894775,11.246000289916992,0.9344773292541504,0.5974416732788086,0.2263544201850891,2.0658113956451416,0.19034135341644287,0.009522825479507446
-3.0940001010894775,11.246000289916992,0.6223437190055847,4.369723796844482,0.006733492016792297,3.324362277984619,-0.29062438011169434,0.9826167225837708
-3.0940001010894775,11.246000289916992,0.6554825901985168,0.9356019496917725,0.030261628329753876,4.124080181121826,0.04079325124621391,0.007860426791012287
-2.0940001010894775,-10.753999710083008,0.6794091463088989,3.4654910564422607,0.2924135625362396,0.5899530649185181,-0.005079157184809446,0.002611317439004779
-2.0940001010894775,-10.753999710083008,0.38714730739593506,4.193652153015137,0.009423593059182167,2.87873911857605,-0.11039727926254272,0.0009344974532723427
-2.0940001010894775,-10.753999710083008,0.6011103987693787,2.1516125202178955,0.003892698558047414,0.22107213735580444,-0.3422735035419464,0.9964542388916016
-2.0940001010894775,-9.753999710083008,0.596169114112854,5.91280460357666,0.13733915984630585,1.1852816343307495,-0.012658827006816864,0.0339626669883728
-2.0940001010894775,-9.753999710083008,0.5759586691856384,1.326931118965149,0.08537876605987549,0.7545427083969116,-0.04824814572930336,0.011060204356908798
-2.0940001010894775,-9.753999710083008,0.6313652992248535,5.02623176574707,0.013187410309910774,0.1296818107366562,-0.0021012744400650263,0.9549771547317505
-2.0940001010894775,-8.753999710083008,0.5736279487609863,6.133825302124023,0.013783163391053677,1.1161571741104126,-0.0714457556605339,0.9041380286216736
-2.0940001010894775,-8.753999710083008,0.5885488986968994,2.2942991256713867,0.09307276457548141,0.3167821764945984,0.29812750220298767,0.026145238429307938
-2.0940001010894775,-8.753999710083008,0.8394182324409485,5.6982598304748535,0.07771021872758865,0.06545528769493103,0.06949431449174881,0.06971672922372818
-2.0940001010894775,-7.754000186920166,0.769117534160614,0.5909315347671509,0.13466483354568481,1.967771291732788,-0.02133999764919281,0.03973785415291786
-2.0940001010894775,-7.754000186920166,0.7647868990898132,1.6524051427841187,0.08808381110429764,0.09091710299253464,0.03486775606870651,0.2335669994354248
-2.0940001010894775,-7.754000186920166,0.8124870657920837,5.00678014755249,0.08069188892841339,0.06472373753786087,0.0006516539724543691,0.7266951203346252
-2.0940001010894775,-6.754000186920166,0.7162789106369019,3.853447675704956,0.08968807011842728,1.3358039855957031,0.13886860013008118,0.12951116263866425
-2.0940001010894775,-6.754000186920166,0.929446280002594,1.8382898569107056,0.12998339533805847,0.21209268271923065,0.12879526615142822,0.5887832641601562
-2.0940001010894775,-6.754000186920166,0.6915514469146729,4.796234130859375,0.04670011252164841,0.10588189959526062,0.08961246907711029,0.2817056477069855
-2.0940001010894775,-5.754000186920166,0.8775174617767334,4.862650394439697,0.11497531831264496,0.8933731913566589,0.4309464991092682,0.028542399406433105
-2.0940001010894775,-5.754000186920166,0.7639200687408447,1.4935499429702759,0.04841955006122589,0.25058043003082275,0.1063804104924202,0.9386253952980042
-2.0940001010894775,-5.754000186920166,0.8038961887359619,0.3524972200393677,0.09179419279098511,0.40974196791648865,0.17524994909763336,0.03283219411969185
-2.0940001010894775,-4.754000186920166,0.905775785446167,4.218340873718262,0.03516097739338875,0.287251353263855,0.1055118665099144,0.9587692618370056
-2.0940001010894775,-4.754000186920166,1.0572245121002197,2.393650531768799,0.41921693086624146,0.3350103497505188,0.19469907879829407,0.03242511302232742
-2.0940001010894775,-4.754000186920166,0.8114770650863647,6.079115390777588,0.09855964779853821,0.1070985421538353,0.11924463510513306,0.008805572986602783
-2.0940001010894775,-3.753999948501587,0.9778220653533936,0.7869886159896851,0.4613868296146393,2.104738235473633,0.22028525173664093,0.07665248960256577
-2.0940001010894775,-3.753999948501587,0.6526479125022888,3.27693772315979,0.02277546189725399,0.7613914608955383,0.03701069578528404,0.8159271478652954
-2.0940001010894775,-3.753999948501587,0.7738183736801147,0.16505244374275208,0.04075974225997925,0.34511080384254456,-0.17831824719905853,0.1074204221367836
-2.0940001010894775,-2.753999948501587,0.8166875243186951,4.339948654174805,0.06249129772186279,0.9438680410385132,0.17268294095993042,0.06998217850923538
-2.0940001010894775,-2.753999948501587,1.0238527059555054,4.021121978759766,0.1626666635274887,0.19204522669315338,0.00770200090482831,0.14373567700386047
-2.0940001010894775,-2.753999948501587,1.0486111640930176,0.681659460067749,0.08500497788190842,0.17065010964870453,-0.04597627371549606,0.7862821221351624
-2.0940001010894775,-1.753999948501587,1.105638861656189,5.488561630249023,0.19788888096809387,1.8381872177124023,0.281623899936676,0.32366669178009033
-2.0940001010894775,-1.753999948501587,0.9285876154899597,4.109879016876221,0.08718599379062653,0.9873753786087036,-0.071638323366642,0.41053202748298645
-2.0940001010894775,-1.753999948501587,0.9075709581375122,0.3346017301082611,0.057674724608659744,0.16578641533851624,-0.060471948236227036,0.26580125093460083
-2.0940001010894775,-0.7540000081062317,1.0970849990844727,0.22451885044574738,0.28411316871643066,2.080941677093506,0.17977041006088257,0.3030455410480499
-2.0940001010894775,-0.7540000081062317,0.8614512085914612,3.8403160572052,0.08952387422323227,0.3422670364379883,0.16581326723098755,0.5527964234352112
-2.0940001010894775,-0.7540000081062317,0.7382922768592834,0.5296054482460022,0.07239312678575516,0.523453950881958,-0.05177615210413933,0.1441579908132553
-2.0940001010894775,0.2460000067949295,0.7820577025413513,0.10947395116090775,0.059337068349123,1.3072843551635742,0.02480391040444374,0.6750033497810364
-2.0940001010894775,0.2460000067949295,0.8784611821174622,3.4103336334228516,0.09811322391033173,0.32128003239631653,0.05850600078701973,0.18373799324035645
-2.0940001010894775,0.2460000067949295,0.8076534271240234,0.9938122630119324,0.06027647852897644,0.1595451682806015,-0.16463138163089752,0.14125864207744598
-2.0940001010894775,1.246000051498413,0.8422210216522217,0.1516178697347641,0.05603406950831413,1.5037944316864014,0.14176014065742493,0.39541512727737427
-2.0940001010894775,1.246000051498413,0.9767812490463257,3.194643497467041,0.10884663462638855,0.39636749029159546,-0.07245326787233353,0.27170130610466003
-2.0940001010894775,1.246000051498413,1.0615203380584717,6.072178363800049,0.08406681567430496,0.07338929921388626,-0.1515170782804489,0.3328835368156433
-2.0940001010894775,2.246000051498413,1.016380786895752,5.711080074310303,0.13725093007087708,1.7413361072540283,0.15854494273662567,0.1757550686597824
-2.0940001010894775,2.246000051498413,1.0448617935180664,2.928792715072632,0.08805028349161148,0.15847818553447723,-0.029601437970995903,0.3524032533168793
-2.0940001010894775,2.246000051498413,1.0427626371383667,6.076519012451172,0.05793934315443039,0.06169155240058899,0.10339172929525375,0.47184163331985474
-2.0940001010894775,3.246000051498413,0.8497986197471619,5.484659194946289,0.07546448707580566,1.2771669626235962,0.03561843931674957,0.2154085636138916
-2.0940001010894775,3.246000051498413,1.0028358697891235,2.6190052032470703,0.06717797368764877,0.049857959151268005,0.08396725356578827,0.31234070658683777
-2.0940001010894775,3.246000051498413,1.1050400733947754,5.996931552886963,0.08846840262413025,0.04691612347960472,0.07438811659812927,0.472250759601593
-2.0940001010894775,4.245999813079834,0.891821026802063,5.416110992431641,0.0925152450799942,1.7064120769500732,0.01805008202791214,0.17850208282470703
-2.0940001010894775,4.245999813079834,1.0057313442230225,2.6259188652038574,0.0744999572634697,0.04203912243247032,0.10329022258520126,0.42007824778556824
-2.0940001010894775,4.245999813079834,1.0289316177368164,5.91952657699585,0.06565741449594498,0.05704246461391449,0.019515156745910645,0.4014196991920471
-2.0940001010894775,5.245999813079834,0.9347895979881287,5.307406425476074,0.08208789676427841,2.2140400409698486,0.1376543790102005,0.21705670654773712
-2.0940001010894775,5.245999813079834,0.9824604392051697,2.6714000701904297,0.06671250611543655,0.10098317265510559,0.12812967598438263,0.29506805539131165
-2.0940001010894775,5.245999813079834,1.0400536060333252,5.893305778503418,0.05066240578889847,0.036505766212940216,0.057929474860429764,0.4878753125667572
-2.0940001010894775,6.245999813079834,0.8718342185020447,4.089532375335693,0.018905362114310265,0.587111234664917,0.27818384766578674,0.36700522899627686
-2.0940001010894775,6.245999813079834,0.913679301738739,2.757303476333618,0.11384397000074387,1.7981067895889282,0.178471177816391,0.4437529444694519
-2.0940001010894775,6.245999813079834,1.0117346048355103,5.957061290740967,0.07910298556089401,0.08987888693809509,0.045277561992406845,0.18924188613891602
-2.0940001010894775,7.245999813079834,0.8103163242340088,4.626611232757568,0.024905335158109665,0.5929113626480103,0.017513124272227287,0.31252411007881165
-2.0940001010894775,7.245999813079834,0.8420687913894653,1.9381550550460815,0.06816291064023972,2.6664819717407227,0.11598674207925797,0.5978097915649414
-2.0940001010894775,7.245999813079834,1.1556291580200195,6.281005382537842,0.21355697512626648,0.3379332721233368,-0.12477580457925797,0.08966613560914993
-2.0940001010894775,8.246000289916992,0.7431871891021729,5.139289855957031,0.03914830461144447,1.3451173305511475,-0.01923227496445179,0.4319240152835846
-2.0940001010894775,8.246000289916992,1.0450247526168823,1.7764979600906372,0.12649022042751312,0.28719988465309143,-0.2438323050737381,0.4135674238204956
-2.0940001010894775,8.246000289916992,0.8687779903411865,5.710502624511719,0.11527054756879807,0.9579569697380066,0.061670005321502686,0.1545085310935974
-2.0940001010894775,9.246000289916992,0.9110990166664124,3.3434534072875977,0.07899090647697449,1.1076576709747314,0.11960125714540482,0.22578774392604828
-2.0940001010894775,9.246000289916992,0.8864420056343079,1.3566807508468628,0.12332745641469955,0.38185572624206543,-0.20963416993618011,0.4459962546825409
-2.0940001010894775,9.246000289916992,0.6290401220321655,5.488341331481934,0.030024856328964233,1.224628210067749,0.1499909907579422,0.32821598649024963
-2.0940001010894775,10.246000289916992,0.7542679309844971,3.2899575233459473,0.08842295408248901,0.9228042364120483,0.15239445865154266,0.19467246532440186
-2.0940001010894775,10.246000289916992,0.6805658340454102,0.8666740655899048,0.07051249593496323,0.8361738324165344,-0.09830344468355179,0.7571556568145752
-2.0940001010894775,10.246000289916992,0.6647041440010071,5.193144798278809,0.06791748851537704,2.4873106479644775,0.06671372056007385,0.04817185550928116
-2.0940001010894775,11.246000289916992,0.9524744153022766,4.363636016845703,0.278250515460968,2.5340518951416016,0.057048480957746506,0.012346592731773853
-2.0940001010894775,11.246000289916992,0.7236447334289551,0.6655210852622986,0.035728104412555695,0.27056223154067993,-0.11352761834859848,0.2833535373210907
-2.0940001010894775,11.246000289916992,0.6194121241569519,4.146224021911621,0.020349351689219475,0.689395546913147,0.14808857440948486,0.7042999267578125
-2.0940001010894775,12.246000289916992,0.831264853477478,2.7282304763793945,1.3742377758026123,2.031794309616089,0.33732321858406067,0.000426712998887524
-2.0940001010894775,12.246000289916992,0.5654931664466858,1.229364275932312,0.011873560026288033,0.029024910181760788,-0.011970453895628452,0.9991216063499451
-2.0940001010894775,12.246000289916992,0.5823000073432922,5.204685211181641,0.023031780496239662,0.2039329707622528,-0.07742083072662354,0.00045170262455940247
-1.093999981880188,-7.754000186920166,0.9368788003921509,5.862214088439941,1.44948148727417,3.244318723678589,0.04231647029519081,0.00021498044952750206
-1.093999981880188,-7.754000186920166,1.1032284498214722,2.054856777191162,0.05625319108366966,0.006786682177335024,0.0915730744600296,0.04276132956147194
-1.093999981880188,-7.754000186920166,0.8741404414176941,5.118902206420898,0.035734664648771286,0.012482868507504463,-0.00805516354739666,0.9570236206054688
-1.093999981880188,-3.753999948501587,0.7650355696678162,4.829174995422363,0.14852946996688843,1.6431671380996704,0.10883045196533203,0.034873392432928085
-1.093999981880188,-3.753999948501587,0.4867973327636719,2.6720497608184814,0.030583789572119713,0.7532846331596375,0.04922501742839813,0.0136832594871521
-1.093999981880188,-3.753999948501587,0.5684249401092529,5.330841541290283,0.013843761757016182,0.12319585680961609,-0.05505036190152168,0.9514433741569519
-1.093999981880188,-2.753999948501587,0.6233415603637695,4.656311511993408,0.1015811339020729,1.4459718465805054,0.16897544264793396,0.31037595868110657
-1.093999981880188,-2.753999948501587,0.5462523102760315,2.3208909034729004,0.034502942115068436,2.2859983444213867,-0.02585834637284279,0.2896779477596283
-1.093999981880188,-2.753999948501587,0.6645132899284363,5.813831329345703,0.016723131760954857,0.7815799117088318,-0.1636216789484024,0.39994606375694275
-1.093999981880188,-1.753999948501587,0.9627232551574707,3.7490837574005127,0.16223275661468506,1.1702961921691895,0.2917840778827667,0.3056360185146332
-1.093999981880188,-1.753999948501587,0.6187483668327332,2.854621171951294,0.05698591470718384,1.2458113431930542,-0.005086931865662336,0.15465658903121948
-1.093999981880188,-1.753999948501587,0.8059341311454773,0.4943755865097046,0.06878208369016647,0.10680216550827026,-0.2533884346485138,0.5397074222564697
-1.093999981880188,-0.7540000081062317,1.190590262413025,0.2031332105398178,0.45207011699676514,1.9989091157913208,0.12162233889102936,0.36929595470428467
-1.093999981880188,-0.7540000081062317,1.0328537225723267,3.7596354484558105,0.1296020895242691,0.5783406496047974,0.1546056717634201,0.3576692044734955
-1.093999981880188,-0.7540000081062317,0.8792051076889038,0.8609291315078735,0.059557944536209106,0.19456949830055237,-0.4296189844608307,0.27303487062454224
-1.093999981880188,0.2460000067949295,0.820906937122345,5.338193416595459,0.05658911168575287,1.2590553760528564,0.03848041221499443,0.8093351125717163
-1.093999981880188,0.2460000067949295,1.077760100364685,3.219853401184082,0.12920379638671875,0.2864992916584015,-0.08439850062131882,0.13024120032787323
-1.093999981880188,0.2460000067949295,1.1573485136032104,0.6423704624176025,0.12718582153320312,0.14117488265037537,-0.14164632558822632,0.06042362377047539
-1.093999981880188,1.246000051498413,0.7503987550735474,0.16234837472438812,0.05562597140669823,1.8633065223693848,0.04159565269947052,0.4090292751789093
-1.093999981880188,1.246000051498413,1.0405226945877075,3.495115280151367,0.143894761800766,0.2721005380153656,-0.146386981010437,0.24494396150112152
-1.093999981880188,1.246000051498413,1.226597547531128,6.036167621612549,0.10163869708776474,0.049015507102012634,-0.15626566112041473,0.3460267186164856
-1.093999981880188,2.246000051498413,0.9788114428520203,4.59825325012207,0.18622276186943054,1.8006653785705566,0.09379296749830246,0.1740037053823471
-1.093999981880188,2.246000051498413,1.0986626148223877,2.9665110111236572,0.08613865822553635,0.09715607017278671,-0.021854428574442863,0.39248400926589966
-1.093999981880188,2.246000051498413,1.0564721822738647,6.072074890136719,0.05552256852388382,0.04622605815529823,-0.04119690880179405,0.43351227045059204
-1.093999981880188,3.246000051498413,0.8475375771522522,4.971922874450684,0.11746132373809814,2.1344809532165527,0.036861103028059006,0.1590174436569214
-1.093999981880188,3.246000051498413,1.0603127479553223,2.675320863723755,0.09753341972827911,0.09376010298728943,0.03688465803861618,0.38354209065437317
-1.093999981880188,3.246000051498413,1.0587886571884155,5.963464260101318,0.07865037024021149,0.06092136725783348,0.01509766560047865,0.45744046568870544
-1.093999981880188,4.245999813079834,0.8860867619514465,5.257834434509277,0.16388913989067078,2.116305112838745,0.029468555003404617,0.13494178652763367
-1.093999981880188,4.245999813079834,1.1148263216018677,2.615492582321167,0.1088976189494133,0.03969847410917282,-0.022219687700271606,0.33309274911880493
-1.093999981880188,4.245999813079834,0.9792181253433228,5.9058146476745605,0.05835852771997452,0.03442266583442688,0.025289887562394142,0.5319654941558838
-1.093999981880188,5.245999813079834,1.0333906412124634,5.685925483703613,0.14107587933540344,1.6152749061584473,0.10437264293432236,0.25197264552116394
-1.093999981880188,5.245999813079834,1.0269737243652344,2.541853666305542,0.07987632602453232,0.10140964388847351,-0.02801126427948475,0.26276516914367676
-1.093999981880188,5.245999813079834,1.047441840171814,5.941451072692871,0.042926277965307236,0.03214395046234131,-0.049699995666742325,0.4852621853351593
-1.093999981880188,6.245999813079834,0.9612122774124146,4.416182518005371,0.05099868029356003,0.9853748083114624,0.22509242594242096,0.22116324305534363
-1.093999981880188,6.245999813079834,0.9566976428031921,2.26875376701355,0.09080937504768372,1.5677295923233032,0.11321306973695755,0.6819800734519958
-1.093999981880188,6.245999813079834,1.0136406421661377,5.641292572021484,0.079328753054142,0.3115527629852295,0.05408942699432373,0.09685669094324112
-1.093999981880188,7.245999813079834,0.8687137365341187,4.457131385803223,0.06557143479585648,1.0608397722244263,0.12549637258052826,0.1659872978925705
-1.093999981880188,7.245999813079834,0.926121175289154,2.2478268146514893,0.11811266839504242,1.1466244459152222,0.09175270050764084,0.7863637804985046
-1.093999981880188,7.245999813079834,1.0200556516647339,5.249007225036621,0.12899799644947052,0.6009088158607483,0.02203180640935898,0.047648899257183075
-1.093999981880188,8.246000289916992,0.757125973701477,4.478549480438232,0.047452885657548904,1.267648696899414,0.12096720933914185,0.3969250023365021
-1.093999981880188,8.246000289916992,1.0546001195907593,1.6316341161727905,0.09976133704185486,0.15517520904541016,-0.08874296396970749,0.5814955830574036
-1.093999981880188,8.246000289916992,0.91582190990448,4.967376708984375,0.12219273298978806,1.1351158618927002,0.16383512318134308,0.021579347550868988
-1.093999981880188,9.246000289916992,0.809536874294281,4.196342945098877,0.0397610068321228,0.8233107924461365,0.1203836053609848,0.35282495617866516
-1.093999981880188,9.246000289916992,0.9912848472595215,1.1167724132537842,0.10873290151357651,0.22253136336803436,0.07621035724878311,0.6280470490455627
-1.093999981880188,9.246000289916992,0.7513129115104675,5.924545764923096,0.14714720845222473,1.852653980255127,0.16893035173416138,0.01912790536880493
-1.093999981880188,10.246000289916992,0.7244559526443481,3.387644052505493,0.06464790552854538,0.9587557911872864,0.1581622064113617,0.08800686150789261
-1.093999981880188,10.246000289916992,0.751264214515686,0.5988248586654663,0.025832073763012886,0.33957090973854065,0.11882828176021576,0.8650132417678833
-1.093999981880188,10.246000289916992,0.7843849062919617,0.27122771739959717,0.09212301671504974,0.7437576055526733,0.07075794786214828,0.046979870647192
-1.093999981880188,11.246000289916992,0.9720187187194824,5.05928373336792,0.3606979548931122,2.2596256732940674,0.08758082985877991,0.011377367191016674
-1.093999981880188,11.246000289916992,0.7783194184303284,1.0290123224258423,0.035869017243385315,0.406711220741272,-0.018413545563817024,0.9826760292053223
-1.093999981880188,11.246000289916992,0.6041572690010071,5.936554908752441,0.06277041137218475,2.2795331478118896,-0.05631748586893082,0.005946610122919083
-1.093999981880188,12.246000289916992,1.0102226734161377,4.292910099029541,0.17530560493469238,1.0800756216049194,0.24632178246974945,0.05655933544039726
-1.093999981880188,12.246000289916992,0.9257407784461975,1.5536425113677979,0.11496402323246002,0.1269834190607071,0.33710357546806335,0.9296335577964783
-1.093999981880188,12.246000289916992,0.7210178375244141,5.410722255706787,0.04865267872810364,0.06866420060396194,0.10404292494058609,0.013807033188641071
-0.09399999678134918,-3.753999948501587,0.9519267082214355,0.271716833114624,0.16035540401935577,0.6543166637420654,0.02251458540558815,0.0014112722128629684
-0.09399999678134918,-3.753999948501587,0.530366063117981,2.242208957672119,0.35147225856781006,5.936680793762207,0.2859986126422882,5.0425107474438846e-05
-0.09399999678134918,-3.753999948501587,0.5752564668655396,4.857435703277588,0.014863020740449429,0.1472352296113968,0.014417639002203941,0.9985382556915283
-0.09399999678134918,-2.753999948501587,0.6246737837791443,5.916703224182129,0.04454464837908745,2.019171953201294,0.11844057589769363,0.3693658113479614
-0.09399999678134918,-2.753999948501587,0.5860094428062439,1.7154489755630493,0.041327059268951416,1.032137393951416,0.21073828637599945,0.5082363486289978
-0.09399999678134918,-2.753999948501587,0.65933758020401,5.814184188842773,0.03438889607787132,0.8600397706031799,-0.0834294855594635,0.12239786982536316
-0.09399999678134918,-1.753999948501587,0.6480662226676941,2.881591796875,0.06082861125469208,0.7746533751487732,0.17420196533203125,0.4034910500049591
-0.09399999678134918,-1.753999948501587,0.5702530741691589,1.6006078720092773,0.025558721274137497,1.0905041694641113,-0.06242643669247627,0.3635424077510834
-0.09399999678134918,-1.753999948501587,0.702181875705719,5.861682415008545,0.03324352204799652,1.2691034078598022,0.11049739271402359,0.2329665571451187
-0.09399999678134918,-0.7540000081062317,1.1007781028747559,5.272562026977539,0.21801678836345673,2.022239923477173,0.10023562610149384,0.24746818840503693
-0.09399999678134918,-0.7540000081062317,0.9249188899993896,3.2245659828186035,0.12651677429676056,0.9439718723297119,0.09631384909152985,0.40072929859161377
-0.09399999678134918,-0.7540000081062317,1.0240415334701538,0.26701509952545166,0.12582333385944366,0.10560805350542068,-0.40383148193359375,0.3518025577068329
-0.09399999678134918,0.2460000067949295,0.9077225923538208,5.081540107727051,0.04117479547858238,1.5593228340148926,0.005223211832344532,0.5816447734832764
-0.09399999678134918,0.2460000067949295,1.0618294477462769,3.133479595184326,0.0921134427189827,0.8059907555580139,-0.08523618429899216,0.2897759974002838
-0.09399999678134918,0.2460000067949295,1.3357905149459839,0.4224405288696289,0.15113335847854614,0.11704308539628983,-0.19440829753875732,0.1285792589187622
-0.09399999678134918,1.246000051498413,0.8050375580787659,0.2958601713180542,0.0675894096493721,1.9959126710891724,0.054874107241630554,0.25204867124557495
-0.09399999678134918,1.246000051498413,1.1355974674224854,3.565500020980835,0.09897184371948242,0.11278451234102249,-0.06140465661883354,0.2758203148841858
-0.09399999678134918,1.246000051498413,1.1965688467025757,0.12171599268913269,0.07080957293510437,0.04456934705376625,-0.12269743531942368,0.47213098406791687
-0.09399999678134918,2.246000051498413,0.8622181415557861,3.7493655681610107,0.10016590356826782,1.9828943014144897,0.1053009107708931,0.1419408619403839
-0.09399999678134918,2.246000051498413,1.0711790323257446,2.963787794113159,0.08600518852472305,0.08300840854644775,0.06615843623876572,0.35590362548828125
-0.09399999678134918,2.246000051498413,1.1385258436203003,6.0698652267456055,0.07202308624982834,0.041116129606962204,-0.011075256392359734,0.5021554827690125
-0.09399999678134918,3.246000051498413,0.8081652522087097,4.7710442543029785,0.06712132692337036,2.25356388092041,-0.008563099429011345,0.2989955246448517
-0.09399999678134918,3.246000051498413,1.0162231922149658,2.6851348876953125,0.09387288242578506,0.08167216181755066,0.06606684625148773,0.45695534348487854
-0.09399999678134918,3.246000051498413,1.167128324508667,5.931371688842773,0.09530366212129593,0.05824854224920273,-0.09706901758909225,0.24404914677143097
-0.09399999678134918,4.245999813079834,0.7993848919868469,5.131766319274902,0.04862229526042938,1.981348991394043,-0.05782800167798996,0.37177568674087524
-0.09399999678134918,4.245999813079834,1.1261460781097412,2.5189626216888428,0.12217758595943451,0.10532055050134659,-0.0460490956902504,0.28977519273757935
-0.09399999678134918,4.245999813079834,1.1389660835266113,5.942130088806152,0.08162429183721542,0.04378883168101311,-0.09274762123823166,0.338449090719223
-0.09399999678134918,5.245999813079834,0.905647873878479,5.026894569396973,0.07557907700538635,1.7938010692596436,0.11086458712816238,0.2991006672382355
-0.09399999678134918,5.245999813079834,0.9902023673057556,2.4518234729766846,0.08939157426357269,0.1807810217142105,-0.03840116411447525,0.5275856852531433
-0.09399999678134918,5.245999813079834,1.004746437072754,5.830558776855469,0.06531252712011337,0.07881548255681992,-0.01801426336169243,0.1733136624097824
-0.09399999678134918,6.245999813079834,0.9511951804161072,4.418776988983154,0.10016196221113205,1.3902819156646729,0.1616775095462799,0.3730814456939697
-0.09399999678134918,6.245999813079834,0.833635151386261,2.1931259632110596,0.08544916659593582,0.6635563969612122,-0.0067419083788990974,0.4616421163082123
-0.09399999678134918,6.245999813079834,0.950187623500824,5.088945388793945,0.05812668427824974,0.39372289180755615,-0.036050885915756226,0.1652763932943344
-0.09399999678134918,7.245999813079834,1.0555944442749023,5.216709613800049,0.13345704972743988,1.679636836051941,0.15726898610591888,0.1560659408569336
-0.09399999678134918,7.245999813079834,0.8979525566101074,1.8508890867233276,0.06888128817081451,0.7346646785736084,0.17312338948249817,0.5131934881210327
-0.09399999678134918,7.245999813079834,0.951684832572937,4.807833194732666,0.057211652398109436,0.3502785861492157,0.14604799449443817,0.3307405710220337
-0.09399999678134918,8.246000289916992,0.801266610622406,4.538749694824219,0.07170161604881287,1.6320979595184326,0.12235647439956665,0.23360317945480347
-0.09399999678134918,8.246000289916992,0.8840939402580261,1.55830979347229,0.07401514053344727,0.2739616334438324,0.1383095532655716,0.5651678442955017
-0.09399999678134918,8.246000289916992,0.8679794073104858,4.655559539794922,0.058727484196424484,0.3345898985862732,0.21217495203018188,0.20122899115085602
-0.09399999678134918,9.246000289916992,0.8789125084877014,4.149901390075684,0.12091121077537537,0.4903005361557007,0.15097583830356598,0.2723928391933441
-0.09399999678134918,9.246000289916992,0.9646514654159546,1.1437653303146362,0.0668245255947113,0.2691813111305237,0.23589561879634857,0.5957354307174683
-0.09399999678134918,9.246000289916992,0.817398190498352,5.435454845428467,0.08478756994009018,0.4043824076652527,0.1945071816444397,0.13187165558338165
-0.09399999678134918,10.246000289916992,0.594347357749939,4.691421031951904,0.025931766256690025,1.0124576091766357,0.1552388221025467,0.13396233320236206
-0.09399999678134918,10.246000289916992,0.9056162238121033,1.16912043094635,0.05463198572397232,0.35452207922935486,0.19124004244804382,0.8503189086914062
-0.09399999678134918,10.246000289916992,1.0377285480499268,0.7047768831253052,0.3639206886291504,0.37009209394454956,0.1045849546790123,0.015718722715973854
-0.09399999678134918,11.246000289916992,0.7078144550323486,0.7998736500740051,0.11836782097816467,0.7057690620422363,0.060553330928087234,0.012699014507234097
-0.09399999678134918,11.246000289916992,0.75120609998703,1.7197657823562622,0.048646822571754456,0.3647223711013794,0.5185556411743164,0.9851990342140198
-0.09399999678134918,11.246000289916992,0.6023731827735901,0.15179654955863953,0.12845057249069214,0.8585304021835327,0.18367423117160797,0.002102019265294075
-0.09399999678134918,12.246000289916992,1.042302131652832,4.559855937957764,0.023952849209308624,0.4477063715457916,-0.05031298100948334,0.8569644093513489
-0.09399999678134918,12.246000289916992,1.106059193611145,2.303941011428833,0.20891255140304565,0.30071502923965454,0.5493268966674805,0.12909497320652008
-0.09399999678134918,12.246000289916992,0.9735271334648132,5.849569320678711,0.10228299349546432,0.06793109327554703,0.16420939564704895,0.013940614648163319
0.906000018119812,-3.753999948501587,0.6353613138198853,0.3184848427772522,0.2276643067598343,0.6236767172813416,-0.12796160578727722,4.135219569434412e-06
0.906000018119812,-3.753999948501587,0.3798869848251343,3.4745471477508545,0.1084638312458992,2.087683916091919,0.4268297553062439,5.127003987581702e-06
0.906000018119812,-3.753999948501587,0.45818573236465454,4.685165882110596,0.0064278398640453815,0.03787071257829666,0.15014182031154633,0.999990701675415
0.906000018119812,-2.753999948501587,0.34630730748176575,5.973662853240967,0.0068029374815523624,1.213083028793335,0.01662718504667282,0.6825432181358337
0.906000018119812,-2.753999948501587,0.6545750498771667,3.0807437896728516,0.1455589383840561,0.4294479787349701,-0.2051902562379837,0.040231309831142426
0.906000018119812,-2.753999948501587,0.9467203617095947,6.163794994354248,0.09850916266441345,0.06380604207515717,-0.22865208983421326,0.27722546458244324
0.906000018119812,-1.753999948501587,0.6320806741714478,4.7670698165893555,0.0818614587187767,1.1143381595611572,-0.12808935344219208,0.19089938700199127
0.906000018119812,-1.753999948501587,0.5310936570167542,2.3908298015594482,0.04995064437389374,1.1009386777877808,-0.016454728320240974,0.06264025717973709
0.906000018119812,-1.753999948501587,0.580798864364624,5.03325080871582,0.013139843940734863,0.9520947337150574,0.1277063935995102,0.7464603781700134
0.906000018119812,-0.7540000081062317,0.9956057667732239,4.846694469451904,0.13886451721191406,2.5342307090759277,0.19817736744880676,0.2045736461877823
0.906000018119812,-0.7540000081062317,0.7561535239219666,2.6706008911132812,0.0593770332634449,0.6518150568008423,0.033431194722652435,0.5550153851509094
0.906000018119812,-0.7540000081062317,1.0554450750350952,0.23568367958068848,0.12635721266269684,0.1694439798593521,-0.25106436014175415,0.24041099846363068
0.906000018119812,0.2460000067949295,0.8429668545722961,5.286901473999023,0.028237488120794296,1.5653364658355713,0.02439832128584385,0.8706798553466797
0.906000018119812,0.2460000067949295,0.9394189119338989,2.963995933532715,0.1105368435382843,0.7280586957931519,0.07655048370361328,0.10701310634613037
0.906000018119812,0.2460000067949295,1.2694687843322754,0.2420954406261444,0.15885841846466064,0.11859346926212311,-0.17710822820663452,0.022307047620415688
0.906000018119812,1.246000051498413,0.700117826461792,5.338729381561279,0.03109002858400345,1.715014100074768,0.035193707793951035,0.4986060559749603
0.906000018119812,1.246000051498413,1.089511752128601,3.476949453353882,0.1265672743320465,0.14161120355129242,-0.048626530915498734,0.18933023512363434
0.906000018119812,1.246000051498413,1.0809495449066162,0.09964296966791153,0.06706799566745758,0.049238692969083786,-0.13561365008354187,0.3120638132095337
0.906000018119812,2.246000051498413,0.7058930397033691,4.059813499450684,0.03771263733506203,1.0962282419204712,-0.1287357211112976,0.5044267773628235
0.906000018119812,2.246000051498413,1.064719796180725,2.6828534603118896,0.1021101176738739,0.04260002449154854,0.07290779799222946,0.312955379486084
0.906000018119812,2.246000051498413,1.1293684244155884,6.0944600105285645,0.10876510292291641,0.05712924152612686,-0.13125547766685486,0.18261785805225372
0.906000018119812,3.246000051498413,0.8630471229553223,5.555453777313232,0.10192842036485672,1.811007022857666,-0.05415593087673187,0.21937686204910278
0.906000018119812,3.246000051498413,1.013595461845398,2.5217835903167725,0.07267547398805618,0.06440974771976471,0.11451442539691925,0.48444342613220215
0.906000018119812,3.246000051498413,1.1845070123672485,5.919459342956543,0.09007461369037628,0.04805028438568115,-0.05212542787194252,0.29617974162101746
0.906000018119812,4.245999813079834,0.8738426566123962,5.365522861480713,0.08051831275224686,1.8475897312164307,-0.0008341748616658151,0.239211767911911
0.906000018119812,4.245999813079834,1.078035593032837,2.4138808250427246,0.09105535596609116,0.15717080235481262,0.019999032840132713,0.31700223684310913
0.906000018119812,4.245999813079834,1.1252336502075195,5.832466125488281,0.07384300231933594,0.05237726494669914,0.027696678414940834,0.4437859356403351
0.906000018119812,5.245999813079834,0.8303139209747314,5.136537075042725,0.07962661236524582,1.9975441694259644,0.11270711570978165,0.1482267826795578
0.906000018119812,5.245999813079834,1.009810209274292,2.3904433250427246,0.10284268856048584,0.15912216901779175,0.1386149376630783,0.464196115732193
0.906000018119812,5.245999813079834,1.0280547142028809,5.324216365814209,0.06827227026224136,0.0686831921339035,0.11816670000553131,0.3875771164894104
0.906000018119812,6.245999813079834,0.8556923270225525,4.721889019012451,0.05287661775946617,1.1892801523208618,0.07979544997215271,0.16079549491405487
0.906000018119812,6.245999813079834,0.986025333404541,2.1411445140838623,0.0639663115143776,0.13573341071605682,0.13650119304656982,0.48987889289855957
0.906000018119812,6.245999813079834,0.9943332076072693,4.992517471313477,0.041138142347335815,0.06366796046495438,0.13707180321216583,0.3493255376815796
0.906000018119812,7.245999813079834,0.9823300242424011,5.36618185043335,0.3028356730937958,1.9334648847579956,0.11459226906299591,0.07387487590312958
0.906000018119812,7.245999813079834,0.9568694233894348,2.0002193450927734,0.07682225853204727,0.13593479990959167,0.05566082522273064,0.5372748970985413
0.906000018119812,7.245999813079834,0.9923069477081299,4.923168659210205,0.06577222794294357,0.08197596669197083,0.11497065424919128,0.38885021209716797
0.906000018119812,8.246000289916992,0.94001704454422,4.937627792358398,0.40679726004600525,1.8828787803649902,0.06310514360666275,0.04594762995839119
0.906000018119812,8.246000289916992,0.982891857624054,1.6899795532226562,0.05189278721809387,0.0948125422000885,0.15138722956180573,0.5030598640441895
0.906000018119812,8.246000289916992,0.8214871287345886,4.5833210945129395,0.035071276128292084,0.16761307418346405,0.2410457283258438,0.4509924650192261
0.906000018119812,9.246000289916992,0.8445094227790833,5.254977703094482,0.155737042427063,1.0326693058013916,0.16322588920593262,0.0780910775065422
0.906000018119812,9.246000289916992,0.9265766143798828,1.4464517831802368,0.06259968131780624,0.10569845885038376,0.20983248949050903,0.8854133486747742
0.906000018119812,9.246000289916992,0.8210576176643372,5.626575946807861,0.0862974300980568,0.276075154542923,0.1846170723438263,0.036495551466941833
0.906000018119812,10.246000289916992,0.81695157289505,6.244270324707031,0.09349145740270615,0.78423672914505,0.0070752836763858795,0.08594626188278198
0.906000018119812,10.246000289916992,1.1278575658798218,1.6139389276504517,0.0723225474357605,0.13465620577335358,0.20010165870189667,0.8849872946739197
0.906000018119812,10.246000289916992,1.1982911825180054,0.5423961281776428,0.3971400260925293,0.16604124009609222,0.17622241377830505,0.029066499322652817
0.906000018119812,11.246000289916992,0.8582611083984375,0.515928328037262,0.14596444368362427,1.0759100914001465,-0.05298367142677307,0.039520636200904846
0.906000018119812,11.246000289916992,0.8776895403862,1.6401829719543457,0.04755091667175293,0.15743719041347504,0.1584038883447647,0.8751211762428284
0.906000018119812,11.246000289916992,1.0015881061553955,0.6392576098442078,0.28417742252349854,0.288107693195343,0.1541283279657364,0.08535818010568619
1.906000018119812,-2.753999948501587,0.46382951736450195,2.366476058959961,0.02331691049039364,2.7874274253845215,0.15322299301624298,0.003288049018010497
1.906000018119812,-2.753999948501587,0.7450697422027588,3.1732988357543945,0.05486219748854637,0.15336956083774567,-0.4645746648311615,0.11725292354822159
1.906000018119812,-2.753999948501587,1.0540679693222046,0.09287317097187042,0.07334305346012115,0.04727910831570625,-0.20224332809448242,0.879459023475647
1.906000018119812,-1.753999948501587,0.583999752998352,5.829683303833008,0.06327009201049805,0.9628866314888,-0.042346276342868805,0.05124624818563461
1.906000018119812,-1.753999948501587,0.5347596406936646,2.6937196254730225,0.09201047569513321,1.0993279218673706,0.022027652710676193,0.01050699781626463
1.906000018119812,-1.753999948501587,0.6142932772636414,5.04597282409668,0.016094684600830078,0.25644969940185547,0.21714681386947632,0.9382467269897461
1.906000018119812,-0.7540000081062317,0.7506552934646606,6.020939350128174,0.06770269572734833,1.4861851930618286,0.13083618879318237,0.2887358069419861
1.906000018119812,-0.7540000081062317,1.0247721672058105,2.9135475158691406,0.21717368066310883,0.1898425668478012,0.1613404005765915,0.27670514583587646
1.906000018119812,-0.7540000081062317,0.9111490845680237,0.003959402441978455,0.080490343272686,0.09364982694387436,-0.09060275554656982,0.4345591068267822
1.906000018119812,0.2460000067949295,0.6624354720115662,0.11498724669218063,0.02276109717786312,1.3169758319854736,-0.0024874431546777487,0.8403488993644714
1.906000018119812,0.2460000067949295,0.8284831643104553,2.6027843952178955,0.23206141591072083,1.6494214534759521,0.2432943731546402,0.133304163813591
1.906000018119812,0.2460000067949295,0.9808829426765442,6.106425762176514,0.12314708530902863,0.2017480432987213,-0.13456866145133972,0.02634691447019577
1.906000018119812,1.246000051498413,0.8356102108955383,5.006415367126465,0.09176375716924667,2.0452561378479004,-0.024030642583966255,0.4403955638408661
1.906000018119812,1.246000051498413,1.163679838180542,2.99179744720459,0.15128634870052338,0.06423000246286392,-0.03888356313109398,0.27301666140556335
1.906000018119812,1.246000051498413,1.000943899154663,0.022135403007268906,0.062254998832941055,0.05548978969454765,-0.16853263974189758,0.28658780455589294
1.906000018119812,2.246000051498413,0.7806494832038879,5.705314636230469,0.07915012538433075,1.5002872943878174,-0.129874587059021,0.3966992497444153
1.906000018119812,2.246000051498413,1.1702147722244263,2.5927059650421143,0.1174558624625206,0.03637207671999931,0.07633905857801437,0.3069651424884796
1.906000018119812,2.246000051498413,1.0238858461380005,5.988195896148682,0.06973030418157578,0.07265250384807587,-0.07133419066667557,0.2963355481624603
1.906000018119812,3.246000051498413,0.8795885443687439,4.827348232269287,0.13365143537521362,1.4864715337753296,-0.019527006894350052,0.23947641253471375
1.906000018119812,3.246000051498413,1.00501549243927,2.476019859313965,0.061816051602363586,0.05916363745927811,0.11754600703716278,0.40263670682907104
1.906000018119812,3.246000051498413,1.0466114282608032,5.912642002105713,0.062270406633615494,0.06354621052742004,-0.029554983600974083,0.3578868806362152
1.906000018119812,4.245999813079834,0.8691053986549377,5.3071675300598145,0.07059060782194138,1.571539044380188,0.0018572566332295537,0.21315936744213104
1.906000018119812,4.245999813079834,1.0550849437713623,2.2367665767669678,0.06488756090402603,0.08298604190349579,0.10117079317569733,0.44550007581710815
1.906000018119812,4.245999813079834,1.072829008102417,5.498159408569336,0.07047281414270401,0.06936232000589371,0.09403295814990997,0.3413405418395996
1.906000018119812,5.245999813079834,0.8196517825126648,6.034223556518555,0.07391968369483948,1.8718684911727905,0.01250549778342247,0.21676675975322723
1.906000018119812,5.245999813079834,1.1186846494674683,2.038147211074829,0.09123432636260986,0.0758940652012825,0.022423267364501953,0.41868823766708374
1.906000018119812,5.245999813079834,1.1564382314682007,5.249855041503906,0.10808061808347702,0.07184875011444092,0.1298510879278183,0.3645450472831726
1.906000018119812,6.245999813079834,0.7473955750465393,5.135434627532959,0.052509941160678864,1.508179783821106,0.132423534989357,0.12488996982574463
1.906000018119812,6.245999813079834,1.1264500617980957,2.0508413314819336,0.12829941511154175,0.09269430488348007,0.23026244342327118,0.48827502131462097
1.906000018119812,6.245999813079834,0.9402239322662354,5.014542579650879,0.04997161030769348,0.03880096971988678,0.184208944439888,0.3868350088596344
1.906000018119812,7.245999813079834,0.8699647188186646,6.1892876625061035,0.1972687691450119,1.9928309917449951,-0.008166209794580936,0.07544910162687302
1.906000018119812,7.245999813079834,1.0505869388580322,1.942307710647583,0.07983727753162384,0.044605448842048645,-0.06509428471326828,0.3597696125507355
1.906000018119812,7.245999813079834,1.0684701204299927,5.140250205993652,0.08292672783136368,0.04295056313276291,0.09446649998426437,0.5647812485694885
1.906000018119812,8.246000289916992,0.9104030728340149,5.26297664642334,0.2790079712867737,1.755544662475586,0.03875723481178284,0.02684616856276989
1.906000018119812,8.246000289916992,0.9285266995429993,1.5804717540740967,0.07395286113023758,0.0845266580581665,0.04367096349596977,0.33733031153678894
1.906000018119812,8.246000289916992,0.7453648447990417,4.9950079917907715,0.04114145040512085,0.12057319283485413,0.16651055216789246,0.6358235478401184
1.906000018119812,9.246000289916992,0.5180785655975342,5.797156810760498,0.03303327411413193,1.0056926012039185,0.12455487996339798,0.018863901495933533
1.906000018119812,9.246000289916992,1.030319333076477,1.050722360610962,0.09191527962684631,0.1164640411734581,0.085231252014637,0.9809431433677673
1.906000018119812,9.246000289916992,1.0369141101837158,6.254744052886963,0.4722599983215332,2.1722569465637207,0.13946986198425293,0.00019297620747238398
1.906000018119812,10.246000289916992,0.8107697367668152,1.3566628694534302,0.23069974780082703,0.8935500979423523,0.022637000307440758,0.04946870729327202
1.906000018119812,10.246000289916992,0.9493665099143982,1.1762681007385254,0.06147419288754463,0.10675160586833954,-0.008023886941373348,0.5732647776603699
1.906000018119812,10.246000289916992,1.0429788827896118,0.6339580416679382,0.21300238370895386,0.14866076409816742,0.13380740582942963,0.37726643681526184
1.906000018119812,11.246000289916992,0.9190233945846558,4.709980010986328,0.28005900979042053,0.6369256973266602,0.08915135264396667,0.02881040796637535
1.906000018119812,11.246000289916992,0.9263589978218079,1.4310258626937866,0.03399832546710968,0.04862453415989876,0.007274795789271593,0.615730881690979
1.906000018119812,11.246000289916992,1.1241575479507446,0.7690844535827637,0.2755976617336273,0.10162588208913803,0.252765417098999,0.35545873641967773
2.9059998989105225,-1.753999948501587,0.4996398687362671,3.8811655044555664,0.030135372653603554,1.0043107271194458,0.1004333347082138,0.2960905134677887
2.9059998989105225,-1.753999948501587,0.586899995803833,2.7317264080047607,0.10356017202138901,0.7128294706344604,0.033339306712150574,0.0068690162152051926
2.9059998989105225,-1.753999948501587,0.6068074107170105,5.95424747467041,0.026025908067822456,0.14522044360637665,-0.018379542976617813,0.6970404386520386
2.9059998989105225,-0.7540000081062317,0.6773806810379028,5.729318141937256,0.051112592220306396,1.4358397722244263,0.03267268091440201,0.20911718904972076
2.9059998989105225,-0.7540000081062317,1.1309946775436401,2.865334987640381,0.18649135529994965,0.1407543420791626,0.21790340542793274,0.32548877596855164
2.9059998989105225,-0.7540000081062317,1.0884870290756226,0.09752199053764343,0.08314959704875946,0.034720100462436676,-0.07806121557950974,0.4653940200805664
2.9059998989105225,0.2460000067949295,0.6528091430664062,5.040733337402344,0.02220095880329609,1.598262906074524,0.061044421046972275,0.5170972347259521
2.9059998989105225,0.2460000067949295,0.8899233341217041,2.2876596450805664,0.17523282766342163,0.9303309917449951,0.18029232323169708,0.4310581684112549
2.9059998989105225,0.2460000067949295,0.9526739120483398,5.587710380554199,0.10866173356771469,0.11115048080682755,-0.10889346897602081,0.051844626665115356
2.9059998989105225,1.246000051498413,0.8141381740570068,4.6714677810668945,0.10243988782167435,2.017780303955078,-0.1024630144238472,0.25718954205513
2.9059998989105225,1.246000051498413,1.1975218057632446,2.5564510822296143,0.13014847040176392,0.027424324303865433,-0.041162148118019104,0.3396574854850769
2.9059998989105225,1.246000051498413,1.1268538236618042,5.890294551849365,0.09558852761983871,0.06369606405496597,-0.18844664096832275,0.4031529426574707
2.9059998989105225,2.246000051498413,0.9186395406723022,5.790919303894043,0.20343679189682007,1.777236819267273,-0.07953234761953354,0.11708977073431015
2.9059998989105225,2.246000051498413,1.1967217922210693,2.4846479892730713,0.1032789871096611,0.04330751672387123,0.056865572929382324,0.49067234992980957
2.9059998989105225,2.246000051498413,0.9945259094238281,5.7911529541015625,0.058103837072849274,0.09199678897857666,-0.020799893885850906,0.39223790168762207
2.9059998989105225,3.246000051498413,0.8919442892074585,4.771085739135742,0.159417062997818,1.5486574172973633,-0.013885080814361572,0.18224196135997772
2.9059998989105225,3.246000051498413,1.0358326435089111,2.363248586654663,0.07489839196205139,0.0641191229224205,0.09388366341590881,0.45222654938697815
2.9059998989105225,3.246000051498413,0.9869527220726013,5.723255157470703,0.058263059705495834,0.07961195707321167,-0.01403534971177578,0.3655315041542053
2.9059998989105225,4.245999813079834,0.8888652324676514,5.260930061340332,0.09917832165956497,1.607770562171936,-0.008677678182721138,0.11117508262395859
2.9059998989105225,4.245999813079834,1.0527534484863281,2.1476635932922363,0.05780985951423645,0.06611314415931702,0.030613159760832787,0.5001551508903503
2.9059998989105225,4.245999813079834,1.0800477266311646,5.380609512329102,0.06966730952262878,0.06140374764800072,0.029214369133114815,0.3886697590351105
2.9059998989105225,5.245999813079834,0.743019163608551,6.162015438079834,0.07379104942083359,2.3082759380340576,-0.06733647733926773,0.1517964005470276
2.9059998989105225,5.245999813079834,1.1363078355789185,1.9906649589538574,0.09835870563983917,0.06394586712121964,-0.005250860471278429,0.46157294511795044
2.9059998989105225,5.245999813079834,1.1909205913543701,5.457329273223877,0.14827804267406464,0.0456249825656414,0.13962464034557343,0.3866306245326996
2.9059998989105225,6.245999813079834,0.5810492038726807,1.114851474761963,0.02146899327635765,1.087787389755249,-0.052489206194877625,0.42189159989356995
2.9059998989105225,6.245999813079834,1.1009712219238281,1.7792240381240845,0.1803676038980484,0.08899465203285217,0.15132546424865723,0.4110589027404785
2.9059998989105225,6.245999813079834,1.0422016382217407,5.671942234039307,0.1945199966430664,0.06501869857311249,0.2582877278327942,0.16704952716827393
2.9059998989105225,7.245999813079834,0.6237746477127075,0.6594655513763428,0.018433421850204468,1.1230868101119995,0.04499572515487671,0.6124899983406067
2.9059998989105225,7.245999813079834,1.1137789487838745,1.7584792375564575,0.17783716320991516,0.05797962471842766,0.08266063034534454,0.3412569761276245
2.9059998989105225,7.245999813079834,0.913223922252655,5.170746803283691,0.11122380197048187,0.14184677600860596,0.1004718467593193,0.04625296965241432
2.9059998989105225,8.246000289916992,0.7449869513511658,6.2618584632873535,0.09328708052635193,2.2870824337005615,0.040559809654951096,0.1167076975107193
2.9059998989105225,8.246000289916992,0.8606252074241638,2.1526267528533936,0.10126835107803345,0.05235803872346878,0.1245122179389,0.5122562050819397
2.9059998989105225,8.246000289916992,0.8315820097923279,5.4887614250183105,0.08867356926202774,0.06765441596508026,0.040837809443473816,0.3710361123085022
2.9059998989105225,9.246000289916992,0.7450857758522034,0.9731429815292358,0.11870614439249039,1.0897853374481201,0.06990180909633636,0.018095484003424644
2.9059998989105225,9.246000289916992,0.8901897072792053,0.9736313819885254,0.08182084560394287,0.1373702734708786,0.029749559238553047,0.9811774492263794
2.9059998989105225,9.246000289916992,0.9077131152153015,6.164214134216309,0.271331787109375,2.6933460235595703,0.06840743869543076,0.0007270773639902472
2.9059998989105225,10.246000289916992,0.7907426953315735,5.923541069030762,0.10347835719585419,0.8444083333015442,0.21139656007289886,0.029455462470650673
2.9059998989105225,10.246000289916992,0.9676294922828674,0.9088709950447083,0.06983321905136108,0.0775003582239151,0.068277508020401,0.968180239200592
2.9059998989105225,10.246000289916992,0.9422354102134705,0.9873256087303162,0.2717916965484619,0.0910649523139,0.10674205422401428,0.0023642622400075197
2.9059998989105225,11.246000289916992,1.0722808837890625,5.721044540405273,0.3750205338001251,0.5714737176895142,0.012680958956480026,0.033424947410821915
2.9059998989105225,11.246000289916992,1.0999958515167236,1.1963224411010742,0.06937497109174728,0.04722766950726509,0.0036551677621901035,0.2585296332836151
2.9059998989105225,11.246000289916992,1.1207184791564941,0.33021700382232666,0.130095973610878,0.02070571482181549,0.2916201055049896,0.7080454230308533
3.9059998989105225,-2.753999948501587,0.8643924593925476,5.561343669891357,0.06900569051504135,0.7557513117790222,0.1251782774925232,0.1335851401090622
3.9059998989105225,-2.753999948501587,0.8499060273170471,2.909324884414673,0.2653011679649353,1.24222731590271,0.03836483135819435,0.012746792286634445
3.9059998989105225,-2.753999948501587,0.8083263039588928,5.719691753387451,0.06833130121231079,0.2227478325366974,0.025977041572332382,0.8536680340766907
3.9059998989105225,-1.753999948501587,0.5765603184700012,4.173112869262695,0.014441504143178463,0.9512625336647034,0.17342422902584076,0.8535056710243225
3.9059998989105225,-1.753999948501587,0.7198103666305542,2.94842529296875,0.25429868698120117,0.6003746390342712,0.039887748658657074,0.0030566654168069363
3.9059998989105225,-1.753999948501587,0.7486910223960876,5.460217475891113,0.06894046813249588,0.11474236100912094,0.08435146510601044,0.1434377133846283
3.9059998989105225,-0.7540000081062317,0.644004225730896,5.212471008300781,0.046219777315855026,1.7565522193908691,-0.023749688640236855,0.27162688970565796
3.9059998989105225,-0.7540000081062317,0.8735700249671936,2.6704463958740234,0.12240319699048996,0.23170678317546844,0.22569817304611206,0.33035892248153687
3.9059998989105225,-0.7540000081062317,1.0079007148742676,0.04310789704322815,0.08996796607971191,0.030488766729831696,-0.039047058671712875,0.3980141580104828
3.9059998989105225,0.2460000067949295,0.7104789614677429,5.415642738342285,0.04613751173019409,2.2950961589813232,-0.008973125368356705,0.13972023129463196
3.9059998989105225,0.2460000067949295,1.065293550491333,2.3943986892700195,0.10458718240261078,0.05400640890002251,0.1826838254928589,0.46122705936431885
3.9059998989105225,0.2460000067949295,1.0978056192398071,5.5312018394470215,0.08299067616462708,0.029631633311510086,-0.0373418927192688,0.3990526497364044
3.9059998989105225,1.246000051498413,0.957443356513977,5.008525371551514,0.28898096084594727,1.752882480621338,-0.04690084606409073,0.15641993284225464
3.9059998989105225,1.246000051498413,1.1301544904708862,2.4699392318725586,0.08204080164432526,0.03724546730518341,0.04877905920147896,0.46331408619880676
3.9059998989105225,1.246000051498413,1.0795397758483887,5.711999416351318,0.07591219246387482,0.0644487664103508,-0.07749136537313461,0.3802660405635834
3.9059998989105225,2.246000051498413,0.9968836903572083,4.581535816192627,0.4077732563018799,1.9051841497421265,-0.0020922094117850065,0.07913549989461899
3.9059998989105225,2.246000051498413,1.1882466077804565,2.3698606491088867,0.10128935426473618,0.05006632208824158,0.02824494242668152,0.47590959072113037
3.9059998989105225,2.246000051498413,1.0011088848114014,5.65841007232666,0.05951337516307831,0.10260722786188126,-0.046633630990982056,0.44495493173599243
3.9059998989105225,3.246000051498413,0.885222852230072,5.282372951507568,0.12919184565544128,1.5082842111587524,-0.011963189579546452,0.10781887918710709
3.9059998989105225,3.246000051498413,1.1374562978744507,2.2376339435577393,0.10887227952480316,0.07292084395885468,0.08437810093164444,0.5131536722183228
3.9059998989105225,3.246000051498413,0.9903578162193298,5.48099946975708,0.06373665481805801,0.09580719470977783,0.009265894070267677,0.37902748584747314
3.9059998989105225,4.245999813079834,0.7769586443901062,4.719834804534912,0.06728023290634155,1.4760183095932007,0.0640609860420227,0.19580721855163574
3.9059998989105225,4.245999813079834,1.1504005193710327,1.982113003730774,0.11747196316719055,0.07849261909723282,0.004816716071218252,0.43615370988845825
3.9059998989105225,4.245999813079834,1.141287922859192,5.229098796844482,0.1007746234536171,0.05633917450904846,0.09913850575685501,0.368039071559906
3.9059998989105225,5.245999813079834,0.6573605537414551,1.1819729804992676,0.0407535620033741,1.7030575275421143,-0.11965295672416687,0.15402303636074066
3.9059998989105225,5.245999813079834,0.9228150844573975,1.7390272617340088,0.1114269271492958,0.13387452065944672,0.13378943502902985,0.7097766995429993
3.9059998989105225,5.245999813079834,1.0822311639785767,5.696036338806152,0.20749643445014954,0.08230137825012207,0.03610912710428238,0.13620024919509888
3.9059998989105225,6.245999813079834,0.7603356242179871,2.249053716659546,0.1527908891439438,1.0018885135650635,-0.0018953612307086587,0.012449616566300392
3.9059998989105225,6.245999813079834,0.8962823748588562,1.6599767208099365,0.10109839588403702,0.13749945163726807,0.011725897900760174,0.9782217741012573
3.9059998989105225,6.245999813079834,1.1368939876556396,0.37260326743125916,0.4487648606300354,0.11044495552778244,0.18285924196243286,0.00932859256863594
3.9059998989105225,7.245999813079834,0.5457138419151306,4.449039459228516,0.022474201396107674,0.6508178114891052,0.08380039781332016,0.00827824231237173
3.9059998989105225,7.245999813079834,1.0522384643554688,1.3646224737167358,0.1231607049703598,0.07851219922304153,0.11929413676261902,0.9916965961456299
3.9059998989105225,7.245999813079834,0.8154956698417664,5.937681674957275,0.3858555853366852,1.6555733680725098,0.08218250423669815,2.5153432943625376e-05
4.906000137329102,-4.754000186920166,0.5918828248977661,3.3907833099365234,0.1776736080646515,0.4128528833389282,0.03371702879667282,0.007908331230282784
4.906000137329102,-4.754000186920166,0.5402718186378479,3.38079833984375,0.20858797430992126,2.0762219429016113,0.17602801322937012,0.0008151921792887151
4.906000137329102,-4.754000186920166,0.5329833030700684,4.540397644042969,0.024789543822407722,0.1429661214351654,0.09055349230766296,0.9912765026092529
4.906000137329102,-3.753999948501587,0.5915999412536621,5.492221832275391,0.057072583585977554,0.8952292799949646,-0.10198057442903519,0.002479800721630454
4.906000137329102,-3.753999948501587,0.6312865018844604,2.8852460384368896,0.10306721925735474,0.624557375907898,-0.0713457390666008,0.0013883664505556226
4.906000137329102,-3.753999948501587,0.7076067924499512,4.860320091247559,0.01800660975277424,0.07553011924028397,-0.10539571940898895,0.9961317777633667
4.906000137329102,-2.753999948501587,1.1465768814086914,5.502525329589844,0.2284318059682846,0.5118854641914368,0.017418039962649345,0.20169591903686523
4.906000137329102,-2.753999948501587,0.8854520320892334,2.5879693031311035,0.1362217664718628,1.052254557609558,0.06547889858484268,0.01810353621840477
4.906000137329102,-2.753999948501587,0.777463972568512,4.620535373687744,0.027254264801740646,0.21018651127815247,0.16762091219425201,0.7802005410194397
4.906000137329102,-1.753999948501587,0.6892152428627014,5.763433456420898,0.04106077179312706,1.468205451965332,0.06624720245599747,0.5024537444114685
4.906000137329102,-1.753999948501587,0.8497804999351501,2.5862042903900146,0.17479443550109863,0.16710983216762543,0.11013562232255936,0.057096634060144424
4.906000137329102,-1.753999948501587,0.9457865357398987,5.114433765411377,0.09428757429122925,0.08454044163227081,0.22309401631355286,0.44044962525367737
4.906000137329102,-0.7540000081062317,0.8152212500572205,5.696994781494141,0.07674326747655869,2.2448816299438477,-0.05380621552467346,0.28022411465644836
4.906000137329102,-0.7540000081062317,1.0172463655471802,2.421391010284424,0.09575718641281128,0.07932351529598236,0.1079632043838501,0.24525487422943115
4.906000137329102,-0.7540000081062317,1.0956480503082275,5.723840713500977,0.07207310944795609,0.026060225442051888,-0.029576774686574936,0.4745210111141205
4.906000137329102,0.2460000067949295,0.8911774754524231,4.498613357543945,0.35825151205062866,1.8798539638519287,-0.006918973755091429,0.06355023384094238
4.906000137329102,0.2460000067949295,1.0684853792190552,2.408839225769043,0.07069521397352219,0.03164562210440636,0.09632664173841476,0.5016213059425354
4.906000137329102,0.2460000067949295,1.0490617752075195,5.713554382324219,0.06935013085603714,0.0398753359913826,-0.006405282765626907,0.4348284602165222
4.906000137329102,1.246000051498413,0.9821948409080505,4.727471351623535,0.4591650068759918,1.9460437297821045,-0.013877983205020428,0.08369994163513184
4.906000137329102,1.246000051498413,1.1111745834350586,2.3484678268432617,0.07491336017847061,0.0478309690952301,0.04288298264145851,0.5412142276763916
4.906000137329102,1.246000051498413,1.058493971824646,5.608701229095459,0.07173047959804535,0.05927493795752525,-0.026200106367468834,0.37508583068847656
4.906000137329102,2.246000051498413,1.0913794040679932,3.8969149589538574,0.7346338033676147,2.0327675342559814,0.07850902527570724,0.08391208201646805
4.906000137329102,2.246000051498413,1.1064941883087158,2.3002781867980957,0.07789977639913559,0.06619695574045181,0.03443600609898567,0.46297577023506165
4.906000137329102,2.246000051498413,1.0583502054214478,5.546408653259277,0.07043147087097168,0.10710275173187256,-0.013548211194574833,0.4531121850013733
4.906000137329102,3.246000051498413,0.9262973070144653,4.966031551361084,0.20352497696876526,1.4434634447097778,-0.00381022528745234,0.05937030166387558
4.906000137329102,3.246000051498413,1.1130633354187012,2.146756410598755,0.09375067055225372,0.0776020735502243,0.06146790459752083,0.5329644680023193
4.906000137329102,3.246000051498413,1.0361560583114624,5.359691619873047,0.07542793452739716,0.09504923969507217,0.019654998555779457,0.4076652228832245
4.906000137329102,4.245999813079834,0.6802820563316345,4.273255348205566,0.05663802847266197,1.6664626598358154,0.00996810756623745,0.1878332644701004
4.906000137329102,4.245999813079834,1.0833784341812134,1.8732340335845947,0.126688152551651,0.06347018480300903,0.08649275451898575,0.7639232277870178
4.906000137329102,4.245999813079834,1.0412883758544922,5.390236854553223,0.16693896055221558,0.14628420770168304,0.04459284618496895,0.048243485391139984
4.906000137329102,5.245999813079834,0.5894348621368408,1.4718252420425415,0.03640086203813553,1.221004843711853,-0.08033054322004318,0.09303711354732513
4.906000137329102,5.245999813079834,0.8271800875663757,1.7601944208145142,0.1319403052330017,0.10636331140995026,0.02310001850128174,0.8953032493591309
4.906000137329102,5.245999813079834,0.911884069442749,5.6607985496521,0.2318081557750702,0.25552135705947876,-0.04602470621466637,0.01165963988751173
4.906000137329102,6.245999813079834,0.7876055240631104,1.4396666288375854,0.1849363148212433,1.2536473274230957,0.03316633403301239,0.005710304714739323
4.906000137329102,6.245999813079834,0.959404706954956,1.821520209312439,0.10877664387226105,0.09778404235839844,-0.09462045133113861,0.9926310777664185
4.906000137329102,6.245999813079834,1.151269555091858,6.235616683959961,0.45456722378730774,0.2839577794075012,0.19042442739009857,0.001658688299357891
4.906000137329102,7.245999813079834,0.536942720413208,4.484230041503906,0.022692672908306122,0.9926373362541199,0.016365421935915947,0.0029839491471648216
4.906000137329102,7.245999813079834,1.05185866355896,1.667067527770996,0.12839314341545105,0.04447506368160248,0.20720306038856506,0.9970036149024963
4.906000137329102,7.245999813079834,0.8620018362998962,5.796023368835449,0.42875343561172485,1.7111917734146118,0.10992870479822159,1.2456109288905282e-05
5.906000137329102,-5.754000186920166,0.906319260597229,2.0967445373535156,0.21482498943805695,2.4051172733306885,0.05720029026269913,0.11975826323032379
5.906000137329102,-5.754000186920166,1.1120580434799194,3.4912967681884766,0.07622644305229187,0.013211283832788467,0.22250325977802277,0.8793361186981201
5.906000137329102,-5.754000186920166,1.0701934099197388,0.019147250801324844,0.18381714820861816,0.22396883368492126,0.02242627926170826,0.0009056063136085868
5.906000137329102,-4.754000186920166,0.9937341213226318,5.822734832763672,0.26866841316223145,0.703874945640564,-0.05010870471596718,0.13058890402317047
5.906000137329102,-4.754000186920166,0.9350065588951111,2.248793125152588,0.07149146497249603,0.07050450891256332,0.15725483000278473,0.18397101759910583
5.906000137329102,-4.754000186920166,0.7367514967918396,5.16080904006958,0.02955881506204605,0.057959072291851044,0.024150321260094643,0.6854401230812073
5.906000137329102,-3.753999948501587,0.787874698638916,4.899409294128418,0.08624162524938583,1.2120134830474854,-0.0457160584628582,0.08334250003099442
5.906000137329102,-3.753999948501587,0.6893388628959656,2.189178466796875,0.062432534992694855,1.0648292303085327,0.06178382784128189,0.054279305040836334
5.906000137329102,-3.753999948501587,0.7729817032814026,5.095637321472168,0.024459753185510635,0.11152263730764389,-0.08126021921634674,0.8623781800270081
5.906000137329102,-2.753999948501587,0.8019923567771912,4.470312118530273,0.13119876384735107,0.7514132857322693,0.017773346975445747,0.2459205985069275
5.906000137329102,-2.753999948501587,0.6354570984840393,2.489516019821167,0.07564090937376022,1.0516941547393799,-0.1595415621995926,0.12667283415794373
5.906000137329102,-2.753999948501587,0.6447926759719849,4.498763084411621,0.03431790694594383,0.3851124346256256,-0.020206978544592857,0.6274065375328064
5.906000137329102,-1.753999948501587,0.7353143095970154,5.574249744415283,0.06179829314351082,1.6889225244522095,0.011113247834146023,0.19049158692359924
5.906000137329102,-1.753999948501587,1.0731489658355713,2.4306414127349854,0.09544912725687027,0.028556859120726585,0.06225595995783806,0.2838641405105591
5.906000137329102,-1.753999948501587,1.061837911605835,5.6179938316345215,0.08115547150373459,0.04274072125554085,0.04429640248417854,0.5256442427635193
5.906000137329102,-0.7540000081062317,0.9332558512687683,0.7591710686683655,0.22084301710128784,2.6120927333831787,-0.0375608466565609,0.07524584978818893
5.906000137329102,-0.7540000081062317,1.1122136116027832,2.3851914405822754,0.07152319699525833,0.025537244975566864,0.0025170505978167057,0.4695802628993988
5.906000137329102,-0.7540000081062317,1.108919382095337,5.620595932006836,0.07053793221712112,0.03499039635062218,0.031327713280916214,0.45517387986183167
5.906000137329102,0.2460000067949295,0.9396489262580872,4.944766044616699,0.275676429271698,2.0771772861480713,-0.0550764799118042,0.08898188173770905
5.906000137329102,0.2460000067949295,1.1521024703979492,2.3659536838531494,0.07290531694889069,0.02667306177318096,0.007728958502411842,0.488966703414917
5.906000137329102,0.2460000067949295,1.1112027168273926,5.6256818771362305,0.06507843732833862,0.03849788010120392,-0.07731584459543228,0.42205145955085754
5.906000137329102,1.246000051498413,0.8487713932991028,5.26320743560791,0.1856684684753418,2.1351053714752197,-0.03623327612876892,0.13666079938411713
5.906000137329102,1.246000051498413,1.0799689292907715,2.2176544666290283,0.08024856448173523,0.06299695372581482,0.030063612386584282,0.44264477491378784
5.906000137329102,1.246000051498413,1.0447731018066406,5.439753532409668,0.07662969082593918,0.0626554936170578,-0.008375100791454315,0.4206944406032562
5.906000137329102,2.246000051498413,0.8011376857757568,5.092095375061035,0.10755506902933121,1.7084906101226807,-0.05916273221373558,0.160225048661232
5.906000137329102,2.246000051498413,1.2024140357971191,2.143329620361328,0.10818738490343094,0.057800598442554474,0.04903356358408928,0.4289412796497345
5.906000137329102,2.246000051498413,1.047274112701416,5.414082050323486,0.0806855782866478,0.09410400688648224,-0.007635875139385462,0.4108336567878723
5.906000137329102,3.246000051498413,0.7578922510147095,4.857706069946289,0.09130045771598816,1.3684415817260742,-0.05905531346797943,0.12523238360881805
5.906000137329102,3.246000051498413,1.1372098922729492,1.9927303791046143,0.09866436570882797,0.03928913176059723,-0.020588524639606476,0.7146461606025696
5.906000137329102,3.246000051498413,1.044306755065918,5.106300354003906,0.11339037865400314,0.1404067873954773,0.09411460906267166,0.16012147068977356
5.906000137329102,4.245999813079834,0.600806713104248,5.462673187255859,0.04287497326731682,1.5101624727249146,-0.04945923388004303,0.15128839015960693
5.906000137329102,4.245999813079834,1.0897696018218994,1.9396624565124512,0.15502341091632843,0.05294090136885643,0.06789422780275345,0.7472976446151733
5.906000137329102,4.245999813079834,0.9549435377120972,5.015003204345703,0.10941898077726364,0.1370595395565033,0.13059505820274353,0.10141400247812271
5.906000137329102,5.245999813079834,0.5591172575950623,1.0044147968292236,0.04194895178079605,1.7730580568313599,-0.08185593783855438,0.06998483836650848
5.906000137329102,5.245999813079834,0.9625136256217957,1.9102414846420288,0.13033592700958252,0.03881584852933884,0.09067888557910919,0.9255009293556213
5.906000137329102,5.245999813079834,0.9461788535118103,5.636687755584717,0.20889054238796234,0.20302022993564606,0.03884820640087128,0.004514145664870739
5.906000137329102,6.245999813079834,0.6277934312820435,0.9594728350639343,0.07708036154508591,1.683944821357727,-0.019204432144761086,0.05717039853334427
5.906000137329102,6.245999813079834,0.9834063053131104,2.1824100017547607,0.12892912328243256,0.029762448742985725,0.027059057727456093,0.9407025575637817
5.906000137329102,6.245999813079834,0.942802369594574,5.356560230255127,0.19615806639194489,0.3337308466434479,0.02078741416335106,0.0021270117722451687
5.906000137329102,7.245999813079834,0.6103158593177795,5.560366153717041,0.05528489500284195,1.4697816371917725,-0.003551395144313574,0.005330743733793497
5.906000137329102,7.245999813079834,1.125473141670227,2.0044913291931152,0.15117837488651276,0.028068488463759422,0.17665258049964905,0.9938998222351074
5.906000137329102,7.245999813079834,1.0400561094284058,5.113796234130859,0.21048833429813385,0.4302143156528473,0.10805762559175491,0.0007693828083574772
5.906000137329102,8.246000289916992,0.5448528528213501,5.793792724609375,0.066617950797081,2.6239583492279053,0.10503710061311722,0.0032416097819805145
5.906000137329102,8.246000289916992,1.1173231601715088,1.8153239488601685,0.08599905669689178,0.011834395118057728,2.6443229216965847e-05,0.9961274266242981
5.906000137329102,8.246000289916992,1.202686071395874,5.601522922515869,0.2693910598754883,0.1612742841243744,-0.06077053025364876,0.0006310258759185672
6.906000137329102,-6.754000186920166,1.2962530851364136,1.0625901222229004,2.6269705295562744,1.484385371208191,-0.027013415470719337,0.01854095607995987
6.906000137329102,-6.754000186920166,1.402571439743042,3.4679954051971436,0.23110952973365784,0.027625685557723045,0.2641914486885071,0.310989111661911
6.906000137329102,-6.754000186920166,1.1480048894882202,5.408257484436035,0.040978025645017624,0.03752974793314934,-0.1581738293170929,0.6704699397087097
6.906000137329102,-5.754000186920166,1.1430506706237793,5.563858985900879,0.9097505807876587,2.0087766647338867,0.20996089279651642,0.07908467948436737
6.906000137329102,-5.754000186920166,0.6637594699859619,4.329387664794922,0.096402108669281,0.45650941133499146,0.46917077898979187,0.9061381220817566
6.906000137329102,-5.754000186920166,0.7702791094779968,5.633551597595215,0.15125508606433868,1.8467402458190918,0.14071610569953918,0.014777238480746746
6.906000137329102,-4.754000186920166,0.7521783709526062,4.158210754394531,0.04770427942276001,0.9819009304046631,-0.03183850646018982,0.5016458630561829
6.906000137329102,-4.754000186920166,0.613804817199707,2.0947415828704834,0.046166956424713135,0.3357328176498413,0.28492459654808044,0.41211754083633423
6.906000137329102,-4.754000186920166,0.7003158330917358,4.735136985778809,0.03596602380275726,0.4938892424106598,0.054888319224119186,0.08623667061328888
6.906000137329102,-3.753999948501587,0.7841622233390808,3.4146289825439453,0.17685489356517792,1.5272976160049438,0.017028886824846268,0.31226885318756104
6.906000137329102,-3.753999948501587,0.8278905749320984,2.224151134490967,0.14114291965961456,0.27075645327568054,-0.031229348853230476,0.28505268692970276
6.906000137329102,-3.753999948501587,0.8554093837738037,5.055583953857422,0.06159541755914688,0.091930091381073,-0.095844566822052,0.40267840027809143
6.906000137329102,-2.753999948501587,0.7739273309707642,5.785974979400635,0.07715793699026108,2.275329113006592,-0.014387941919267178,0.19419002532958984
6.906000137329102,-2.753999948501587,1.1009306907653809,2.3145382404327393,0.12191221863031387,0.04175634682178497,0.15675818920135498,0.27192771434783936
6.906000137329102,-2.753999948501587,1.0446662902832031,5.569333553314209,0.07113470882177353,0.04149729758501053,0.06709056347608566,0.5338823199272156
6.906000137329102,-1.753999948501587,0.881026566028595,5.924703598022461,0.11175771802663803,1.4303069114685059,-0.03077959455549717,0.07589516788721085
6.906000137329102,-1.753999948501587,1.1906298398971558,2.3669774532318115,0.09458231925964355,0.02779199182987213,0.12627869844436646,0.5104278922080994
6.906000137329102,-1.753999948501587,1.140379786491394,5.53446102142334,0.0697430893778801,0.03989964351058006,0.04363257810473442,0.4136769771575928
6.906000137329102,-0.7540000081062317,0.9313198924064636,0.15942694246768951,0.2243940532207489,2.279747247695923,-0.01628340780735016,0.07563221454620361
6.906000137329102,-0.7540000081062317,1.1057406663894653,2.3284835815429688,0.08147215843200684,0.030467795208096504,0.02772492542862892,0.4943764805793762
6.906000137329102,-0.7540000081062317,1.1094117164611816,5.551109790802002,0.0680394321680069,0.039678364992141724,0.014505049213767052,0.42999130487442017
6.906000137329102,0.2460000067949295,0.8621214628219604,5.612899303436279,0.1371048539876938,1.8358423709869385,-0.04739275947213173,0.1544240117073059
6.906000137329102,0.2460000067949295,1.1771876811981201,2.277660608291626,0.09945434331893921,0.04064509645104408,0.039406344294548035,0.4155940115451813
6.906000137329102,0.2460000067949295,1.0718238353729248,5.495820999145508,0.06719835102558136,0.057354316115379333,-0.027697045356035233,0.42998188734054565
6.906000137329102,1.246000051498413,0.813452959060669,5.566967487335205,0.12144630402326584,2.240164279937744,-0.022830307483673096,0.146519273519516
6.906000137329102,1.246000051498413,1.2063705921173096,2.1366310119628906,0.11578476428985596,0.06676594913005829,0.15992069244384766,0.4453253448009491
6.906000137329102,1.246000051498413,1.08416748046875,5.274169445037842,0.07527778297662735,0.03652679920196533,-0.010338841006159782,0.40815532207489014
6.906000137329102,2.246000051498413,0.6198796033859253,3.4446425437927246,0.03689732030034065,1.3712348937988281,-0.044041600078344345,0.32610711455345154
6.906000137329102,2.246000051498413,1.1949084997177124,1.982610821723938,0.10726970434188843,0.059162553399801254,-0.08144000172615051,0.3482576608657837
6.906000137329102,2.246000051498413,1.1763112545013428,5.213719844818115,0.12237737327814102,0.06329012662172318,0.0036008916795253754,0.3256351351737976
6.906000137329102,3.246000051498413,0.8437198400497437,4.8680500984191895,0.1582833081483841,1.9127699136734009,-0.004180439282208681,0.03749049827456474
6.906000137329102,3.246000051498413,1.1393159627914429,2.1411168575286865,0.13692672550678253,0.052263300865888596,-0.033067528158426285,0.1253480166196823
6.906000137329102,3.246000051498413,1.0619560480117798,4.543544769287109,0.06624633073806763,0.045329414308071136,0.14854732155799866,0.8371614217758179
6.906000137329102,4.245999813079834,0.8333525061607361,0.34316501021385193,0.1754540055990219,2.188486337661743,-0.0995435118675232,0.025830045342445374
6.906000137329102,4.245999813079834,1.1935590505599976,1.9341856241226196,0.12956072390079498,0.031777720898389816,0.055504921823740005,0.6286287903785706
6.906000137329102,4.245999813079834,0.976004958152771,4.88028621673584,0.05591641366481781,0.04610104858875275,0.09034211188554764,0.3455411493778229
6.906000137329102,5.245999813079834,0.6228038668632507,6.228859901428223,0.07661821693181992,1.849592685699463,-0.006286643911153078,0.02610068768262863
6.906000137329102,5.245999813079834,1.0533013343811035,1.7348684072494507,0.08474159240722656,0.028805436566472054,0.09461341053247452,0.968427836894989
6.906000137329102,5.245999813079834,1.0000429153442383,5.838115692138672,0.14291678369045258,0.10186637192964554,0.02569541521370411,0.005471569951623678
6.906000137329102,6.245999813079834,0.5584449768066406,6.274771213531494,0.05074344947934151,1.563330888748169,0.003551675472408533,0.031193457543849945
6.906000137329102,6.245999813079834,1.0115923881530762,1.5254806280136108,0.06671325117349625,0.026680592447519302,0.08895129710435867,0.9681727886199951
6.906000137329102,6.245999813079834,0.9333112835884094,6.088568687438965,0.15474043786525726,0.34350091218948364,-0.048954810947179794,0.0006336988299153745
6.906000137329102,7.245999813079834,0.633712649345398,5.999395370483398,0.05267484113574028,1.2355387210845947,0.034785449504852295,0.0070364936254918575
6.906000137329102,7.245999813079834,1.0954928398132324,1.7156486511230469,0.11496104300022125,0.046293534338474274,0.08945908397436142,0.9899449944496155
6.906000137329102,7.245999813079834,1.1050254106521606,4.987242221832275,0.23621903359889984,0.6051047444343567,0.20671327412128448,0.0030184618663042784
6.906000137329102,8.246000289916992,0.6276358366012573,5.557474136352539,0.08381922543048859,1.2561060190200806,0.057262226939201355,0.07206445187330246
6.906000137329102,8.246000289916992,1.0473896265029907,1.7542930841445923,0.11609914153814316,0.023206157609820366,-0.1584051251411438,0.832378089427948
6.906000137329102,8.246000289916992,1.1776162385940552,5.0967302322387695,0.21499454975128174,0.08932162821292877,0.14124299585819244,0.09555751830339432
7.906000137329102,-6.754000186920166,0.9281724095344543,4.693477630615234,0.5375533103942871,1.2027816772460938,0.0748911201953888,0.09864849597215652
7.906000137329102,-6.754000186920166,0.8152945637702942,3.5689620971679688,0.11232487857341766,0.18919391930103302,0.0670659989118576,0.18687377870082855
7.906000137329102,-6.754000186920166,0.8374083042144775,4.778423309326172,0.03843294084072113,0.03670049458742142,0.13672994077205658,0.7144777178764343
7.906000137329102,-5.754000186920166,1.1107392311096191,3.087374448776245,0.21714121103286743,1.1910128593444824,0.12526071071624756,0.5098686814308167
7.906000137329102,-5.754000186920166,0.6632025241851807,3.8578126430511475,0.024326467886567116,0.828449010848999,0.38498643040657043,0.3102070093154907
7.906000137329102,-5.754000186920166,0.7208329439163208,5.074798583984375,0.01909642107784748,0.2544883191585541,0.11142361909151077,0.17992427945137024
7.906000137329102,-4.754000186920166,0.7050386071205139,3.9811763763427734,0.03774888068437576,0.9338750839233398,0.09344588220119476,0.7007489800453186
7.906000137329102,-4.754000186920166,0.8868697285652161,2.2004239559173584,0.08910335600376129,0.08229294419288635,0.07428358495235443,0.09331218153238297
7.906000137329102,-4.754000186920166,0.9005124568939209,5.186688423156738,0.06438430398702621,0.09352844208478928,0.057071659713983536,0.20593886077404022
7.906000137329102,-3.753999948501587,0.7640482187271118,5.1019158363342285,0.10443884134292603,2.5496397018432617,0.006364225875586271,0.05620691180229187
7.906000137329102,-3.753999948501587,1.0715134143829346,2.3549392223358154,0.08812157809734344,0.03572335094213486,0.059449825435876846,0.2998140752315521
7.906000137329102,-3.753999948501587,1.0520979166030884,5.398779392242432,0.06495384126901627,0.020198559388518333,-0.008521948009729385,0.6439789533615112
7.906000137329102,-2.753999948501587,0.8286609649658203,5.555642127990723,0.13915878534317017,1.9668798446655273,-0.0452185682952404,0.09331024438142776
7.906000137329102,-2.753999948501587,1.1142336130142212,2.3456554412841797,0.07980990409851074,0.038318656384944916,0.10919539630413055,0.46618425846099854
7.906000137329102,-2.753999948501587,1.1330090761184692,5.551332473754883,0.07911144942045212,0.04234795272350311,-0.022780876606702805,0.4405055642127991
7.906000137329102,-1.753999948501587,0.9037795662879944,4.586112976074219,0.1563282161951065,1.5452256202697754,-0.003319143783301115,0.0689692273736
7.906000137329102,-1.753999948501587,1.1787744760513306,2.2881956100463867,0.07918466627597809,0.038024354726076126,0.1305968016386032,0.5226445198059082
7.906000137329102,-1.753999948501587,1.1947474479675293,5.519145965576172,0.08501245826482773,0.0508747361600399,0.03494362160563469,0.4083861708641052
7.906000137329102,-0.7540000081062317,0.8331543207168579,5.373150825500488,0.08369655907154083,1.9309245347976685,0.033925801515579224,0.08238202333450317
7.906000137329102,-0.7540000081062317,1.0991679430007935,2.190108060836792,0.08918663114309311,0.04989667981863022,0.0691252276301384,0.4661790132522583
7.906000137329102,-0.7540000081062317,1.1567597389221191,5.386712074279785,0.07827576249837875,0.06437139958143234,0.04794938862323761,0.4514389634132385
7.906000137329102,0.2460000067949295,0.7756990194320679,4.321231365203857,0.07506991177797318,1.888881802558899,0.0698242262005806,0.13479305803775787
7.906000137329102,0.2460000067949295,1.1180440187454224,2.0645804405212402,0.12047003209590912,0.08805032074451447,0.07182339578866959,0.3872345983982086
7.906000137329102,0.2460000067949295,1.087014079093933,5.035637855529785,0.06935904175043106,0.10040409862995148,0.099571093916893,0.4779723584651947
7.906000137329102,1.246000051498413,0.6980405449867249,5.834610939025879,0.06955738365650177,2.4019365310668945,0.05892293155193329,0.04854573681950569
7.906000137329102,1.246000051498413,1.0797119140625,1.7951877117156982,0.09440638870000839,0.07574355602264404,0.06673793494701385,0.4773896634578705
7.906000137329102,1.246000051498413,1.143506646156311,4.922945976257324,0.0736333429813385,0.05855978652834892,0.14686553180217743,0.47406458854675293
7.906000137329102,2.246000051498413,0.7164689302444458,5.19309139251709,0.08026259392499924,2.2853496074676514,0.06503863632678986,0.03616262227296829
7.906000137329102,2.246000051498413,1.2284185886383057,1.7759240865707397,0.11615478992462158,0.0459526851773262,0.01695520058274269,0.5319128632545471
7.906000137329102,2.246000051498413,1.121389627456665,5.041966438293457,0.0787123292684555,0.055112965404987335,0.1742454320192337,0.4319245219230652
7.906000137329102,3.246000051498413,0.6277858018875122,0.10569778829813004,0.06977537274360657,1.1826579570770264,0.022343384101986885,0.166626438498497
7.906000137329102,3.246000051498413,1.006845474243164,1.713706135749817,0.08474382013082504,0.054547350853681564,-0.1097082570195198,0.8035883903503418
7.906000137329102,3.246000051498413,1.0810872316360474,5.669990062713623,0.1684396117925644,0.09660752862691879,0.18973737955093384,0.029785074293613434
7.906000137329102,4.245999813079834,0.8325367569923401,1.0218281745910645,0.17947500944137573,1.1186776161193848,0.08988886326551437,0.03362289071083069
7.906000137329102,4.245999813079834,1.046729326248169,1.5500903129577637,0.09592824429273605,0.04018358886241913,-0.3064184784889221,0.9651191234588623
7.906000137329102,4.245999813079834,1.1066555976867676,5.287736892700195,0.3718373775482178,0.7386609315872192,0.12099557369947433,0.0012579286703839898
7.906000137329102,5.245999813079834,0.549126923084259,3.5796163082122803,0.022682297974824905,0.6840782761573792,-0.014441942796111107,0.7003411650657654
7.906000137329102,5.245999813079834,0.9015089869499207,2.0929088592529297,0.12892743945121765,0.059004951268434525,0.23560218513011932,0.2779103219509125
7.906000137329102,5.245999813079834,0.9150375127792358,0.954882025718689,0.464053750038147,0.3884604275226593,0.1580529361963272,0.021748527884483337
8.906000137329102,-8.753999710083008,1.1779710054397583,5.841732025146484,2.123735189437866,1.7693488597869873,0.19573740661144257,0.0034414129331707954
8.906000137329102,-8.753999710083008,1.1435811519622803,3.766815185546875,0.20125935971736908,0.5268617272377014,0.27508535981178284,0.9958534240722656
8.906000137329102,-8.753999710083008,0.8392997980117798,5.325866222381592,0.1660454124212265,0.7688300609588623,0.14663243293762207,0.000705221202224493
8.906000137329102,-7.754000186920166,0.6198734641075134,5.5990681648254395,0.03230121731758118,3.090879440307617,0.3004862070083618,0.24466997385025024
8.906000137329102,-7.754000186920166,0.7096672654151917,3.28643798828125,0.04883795231580734,0.2886798083782196,-0.27041274309158325,0.7164367437362671
8.906000137329102,-7.754000186920166,0.8958266973495483,5.191721439361572,0.09522891789674759,0.10540837049484253,0.29405221343040466,0.03889326751232147
8.906000137329102,-6.754000186920166,0.8621281981468201,4.991440296173096,0.23510023951530457,0.620887279510498,0.16233567893505096,0.13861852884292603
8.906000137329102,-6.754000186920166,0.6462681889533997,3.578190326690674,0.10286839306354523,2.2478132247924805,0.17847177386283875,0.19426082074642181
8.906000137329102,-6.754000186920166,0.6509202718734741,4.434488296508789,0.0393550768494606,0.2209228128194809,-0.0772748589515686,0.667120635509491
8.906000137329102,-5.754000186920166,0.9986994862556458,4.357802391052246,0.2090551257133484,0.7389704585075378,0.14128312468528748,0.26996055245399475
8.906000137329102,-5.754000186920166,0.5790303349494934,2.9516971111297607,0.04118546470999718,1.2143425941467285,0.15464471280574799,0.4138498902320862
8.906000137329102,-5.754000186920166,0.6836681962013245,4.702929496765137,0.03933025524020195,0.2937188148498535,0.22460487484931946,0.31618958711624146
8.906000137329102,-4.754000186920166,0.7431017756462097,4.11210823059082,0.05914464220404625,1.719818353652954,0.0351497046649456,0.4653281271457672
8.906000137329102,-4.754000186920166,0.9582902193069458,2.4748029708862305,0.07228786498308182,0.03475460410118103,0.05479563772678375,0.22220882773399353
8.906000137329102,-4.754000186920166,1.1059067249298096,5.522525310516357,0.08145684748888016,0.031228937208652496,-0.050169847905635834,0.31246310472488403
8.906000137329102,-3.753999948501587,0.6806814670562744,5.240626335144043,0.04691903293132782,2.310920476913452,-0.023983774706721306,0.15981990098953247
8.906000137329102,-3.753999948501587,1.1135063171386719,2.412168502807617,0.07636725902557373,0.029537426307797432,-0.05078967288136482,0.45242029428482056
8.906000137329102,-3.753999948501587,1.188136100769043,5.502962589263916,0.09723935276269913,0.02451167441904545,0.07906386256217957,0.3877597749233246
8.906000137329102,-2.753999948501587,0.8172542452812195,6.224219799041748,0.16678965091705322,1.6767935752868652,-0.01634429581463337,0.13381114602088928
8.906000137329102,-2.753999948501587,1.0321040153503418,2.3098137378692627,0.07273419946432114,0.04091791436076164,0.10672435909509659,0.47819045186042786
8.906000137329102,-2.753999948501587,1.0942983627319336,5.526103496551514,0.07687004655599594,0.04174421355128288,0.049599651247262955,0.38799840211868286
8.906000137329102,-1.753999948501587,1.0382930040359497,4.101657867431641,0.4638615846633911,2.1621406078338623,0.06687110662460327,0.03656674548983574
8.906000137329102,-1.753999948501587,1.1615619659423828,2.22998309135437,0.0851762443780899,0.06353341042995453,0.16936586797237396,0.34157782793045044
8.906000137329102,-1.753999948501587,1.058689832687378,5.368638515472412,0.07213618606328964,0.08744684606790543,0.07809148728847504,0.6218553781509399
8.906000137329102,-0.7540000081062317,0.8370043635368347,4.39380407333374,0.10997553169727325,1.6715980768203735,0.016581133008003235,0.09311122447252274
8.906000137329102,-0.7540000081062317,1.1736996173858643,2.1078391075134277,0.1467934548854828,0.04733119159936905,-0.0021450254134833813,0.38033172488212585
8.906000137329102,-0.7540000081062317,1.1427254676818848,5.202152252197266,0.07995274662971497,0.05709487572312355,0.002783977659419179,0.5265570878982544
8.906000137329102,0.2460000067949295,0.7069680690765381,4.904861927032471,0.0484805665910244,1.9301531314849854,0.03670840710401535,0.1961008906364441
8.906000137329102,0.2460000067949295,1.002706527709961,2.0296709537506104,0.15795332193374634,0.08260837197303772,0.03667428717017174,0.3057739734649658
8.906000137329102,0.2460000067949295,1.1471946239471436,5.0709991455078125,0.09930959343910217,0.03645166754722595,0.10620684176683426,0.49812522530555725
8.906000137329102,1.246000051498413,0.8887010216712952,0.15782710909843445,0.1608482152223587,1.178224802017212,0.04190057888627052,0.01812458038330078
8.906000137329102,1.246000051498413,0.9906162619590759,1.3447577953338623,0.10550353676080704,0.10703860223293304,-0.21084022521972656,0.1623486876487732
8.906000137329102,1.246000051498413,1.0956284999847412,5.244814872741699,0.11064916849136353,0.1329408586025238,0.23864518105983734,0.8195266723632812
8.906000137329102,2.246000051498413,0.8479908108711243,0.8153617978096008,0.09672898799180984,0.9639289379119873,0.057107772678136826,0.2169308364391327
8.906000137329102,2.246000051498413,1.0285446643829346,1.3596423864364624,0.17935597896575928,0.17510029673576355,-0.20058061182498932,0.2968318462371826
8.906000137329102,2.246000051498413,0.8146054744720459,5.176483631134033,0.06643541902303696,0.27199888229370117,0.21853427588939667,0.4862372577190399
8.906000137329102,3.246000051498413,0.6003937721252441,0.4320431649684906,0.06216517463326454,0.38644933700561523,0.03421580046415329,0.3168244957923889
8.906000137329102,3.246000051498413,1.0076559782028198,1.6994692087173462,0.07599477469921112,0.1022612676024437,-0.2371463179588318,0.6273162364959717
8.906000137329102,3.246000051498413,1.2010116577148438,0.2804570198059082,0.3834005892276764,0.1611717939376831,0.26212596893310547,0.055859263986349106
8.906000137329102,4.245999813079834,0.8429803252220154,2.8268911838531494,0.11488516628742218,0.20442736148834229,0.04040532186627388,0.21772897243499756
8.906000137329102,4.245999813079834,1.1249759197235107,0.6104421019554138,0.1724095344543457,0.0925929844379425,-0.49738839268684387,0.7813822627067566
8.906000137329102,4.245999813079834,1.1538892984390259,5.643064498901367,1.5119562149047852,17.243453979492188,0.27764591574668884,0.000888798909727484
9.906000137329102,-8.753999710083008,0.9490814805030823,4.510805606842041,0.7245397567749023,1.8150581121444702,0.015476105734705925,0.007416121661663055
9.906000137329102,-8.753999710083008,0.6666330099105835,4.2827348709106445,0.0579741895198822,0.21677321195602417,0.15141405165195465,0.018545690923929214
9.906000137329102,-8.753999710083008,0.5963926911354065,5.075867652893066,0.01060283649712801,0.06436265259981155,-0.02129046805202961,0.9740381836891174
9.906000137329102,-7.754000186920166,0.5545915961265564,5.25045108795166,0.12180890142917633,1.0999330282211304,0.052145011723041534,0.09574393928050995
9.906000137329102,-7.754000186920166,0.558686375617981,1.6603573560714722,0.0209648460149765,0.136308953166008,0.004361931700259447,0.38369429111480713
9.906000137329102,-7.754000186920166,0.6036848425865173,0.5844531655311584,0.022806521505117416,0.18514913320541382,0.0169976819306612,0.5205618143081665
9.906000137329102,-6.754000186920166,0.6222668886184692,3.451805591583252,0.02394745871424675,0.770081639289856,0.07648009806871414,0.6591910719871521
9.906000137329102,-6.754000186920166,0.5475321412086487,2.463719129562378,0.03792599216103554,0.71450275182724,-0.02824818529188633,0.2982524037361145
9.906000137329102,-6.754000186920166,0.7184130549430847,5.015521049499512,0.09052897244691849,1.0675088167190552,-0.1960451453924179,0.042556483298540115
9.906000137329102,-5.754000186920166,0.6773231029510498,5.896143436431885,0.03258143365383148,1.942295789718628,-0.04037583991885185,0.3942733407020569
9.906000137329102,-5.754000186920166,0.8737895488739014,2.5459797382354736,0.08705802261829376,0.053464408963918686,0.15722966194152832,0.29865530133247375
9.906000137329102,-5.754000186920166,0.9371165037155151,5.641882419586182,0.07153642922639847,0.03357306867837906,-0.01932891272008419,0.307071328163147
9.906000137329102,-4.754000186920166,0.8712000250816345,4.657953262329102,0.18083053827285767,2.0963308811187744,0.014936228282749653,0.058924317359924316
9.906000137329102,-4.754000186920166,1.0273185968399048,2.3768630027770996,0.05859709158539772,0.025058815255761147,-0.05964796990156174,0.507874608039856
9.906000137329102,-4.754000186920166,1.0950465202331543,5.542364120483398,0.06735233217477798,0.030909352004528046,-0.052803657948970795,0.4332010746002197
9.906000137329102,-3.753999948501587,0.8124076128005981,4.946747779846191,0.20747028291225433,2.110438823699951,-0.002511116676032543,0.06412272155284882
9.906000137329102,-3.753999948501587,1.1404240131378174,2.271240711212158,0.07020546495914459,0.029658477753400803,-0.078973688185215,0.5263433456420898
9.906000137329102,-3.753999948501587,1.0391292572021484,5.4807963371276855,0.07280707359313965,0.04423122480511665,0.03666538745164871,0.40953385829925537
9.906000137329102,-2.753999948501587,0.9670255780220032,5.064500331878662,0.4520772099494934,2.144242286682129,0.01842503622174263,0.07361222803592682
9.906000137329102,-2.753999948501587,1.0456675291061401,2.2772722244262695,0.0673426166176796,0.04108148068189621,0.013763864524662495,0.4216357469558716
9.906000137329102,-2.753999948501587,1.1161001920700073,5.421218395233154,0.081630639731884,0.05023443326354027,0.006175280082970858,0.5047520399093628
9.906000137329102,-1.753999948501587,0.849646270275116,4.712064266204834,0.18196171522140503,1.8856805562973022,-0.010386784560978413,0.0412394218146801
9.906000137329102,-1.753999948501587,1.1269583702087402,2.219424247741699,0.07886508852243423,0.03029671311378479,0.03959377482533455,0.31648701429367065
9.906000137329102,-1.753999948501587,1.1801878213882446,5.340583801269531,0.10880029946565628,0.041145119816064835,0.06697622686624527,0.6422736048698425
9.906000137329102,-0.7540000081062317,0.7433295845985413,5.280402183532715,0.07318060845136642,1.2377619743347168,0.0016380440210923553,0.5506078004837036
9.906000137329102,-0.7540000081062317,0.7529652118682861,2.2951271533966064,0.08517264574766159,0.1627342402935028,0.0778089165687561,0.05861080437898636
9.906000137329102,-0.7540000081062317,0.628574013710022,4.84431266784668,0.027616454288363457,0.2353115677833557,0.1968570053577423,0.39078134298324585
9.906000137329102,0.2460000067949295,0.8794346451759338,2.9116013050079346,0.2104995995759964,2.1823675632476807,0.14149248600006104,0.0831335037946701
9.906000137329102,0.2460000067949295,0.6129472851753235,1.12456476688385,0.025185301899909973,0.46528390049934387,0.13443587720394135,0.888759195804596
9.906000137329102,0.2460000067949295,0.7100327014923096,6.087676048278809,0.047563549131155014,0.5040069222450256,-0.08811923116445541,0.028107276186347008
9.906000137329102,1.246000051498413,0.5786542892456055,5.94788122177124,0.047515422105789185,0.9198393821716309,0.1807328164577484,0.011837209574878216
9.906000137329102,1.246000051498413,0.936150074005127,1.0131338834762573,0.11281216144561768,0.06462035328149796,0.32450541853904724,0.9878679513931274
9.906000137329102,1.246000051498413,1.0432655811309814,0.8952863812446594,1.4660875797271729,0.3851504623889923,0.251564085483551,0.0002948711044155061
10.906000137329102,-13.753999710083008,0.9769236445426941,1.2215991020202637,0.39661937952041626,1.1004022359848022,0.10944066941738129,0.10015323758125305
10.906000137329102,-13.753999710083008,1.1188879013061523,4.243147373199463,0.3515717387199402,0.1082327589392662,0.08287837356328964,0.8348101377487183
10.906000137329102,-13.753999710083008,0.8584189414978027,5.405647277832031,0.1360219269990921,0.1811463087797165,0.12699846923351288,0.06503665447235107
10.906000137329102,-12.753999710083008,0.8829396367073059,3.165668249130249,0.29827961325645447,2.0076589584350586,0.04917595908045769,0.015507066622376442
10.906000137329102,-12.753999710083008,0.6546366810798645,2.3054139614105225,0.032125074416399,0.2998200058937073,0.31856217980384827,0.9449611306190491
10.906000137329102,-12.753999710083008,0.785524308681488,4.2779693603515625,0.06435053050518036,0.96260666847229,0.10637059807777405,0.03953178972005844
10.906000137329102,-11.753999710083008,0.8624286651611328,3.1343512535095215,0.08559424430131912,0.4808291792869568,0.14172539114952087,0.4693187475204468
10.906000137329102,-11.753999710083008,0.6353170871734619,2.5845203399658203,0.04905830696225166,0.4097573161125183,0.026089640334248543,0.2828376889228821
10.906000137329102,-11.753999710083008,0.6960994005203247,4.37335205078125,0.04184955358505249,0.31883546710014343,0.0216783806681633,0.24784357845783234
10.906000137329102,-8.753999710083008,1.0223095417022705,4.821584224700928,0.37431713938713074,1.019014596939087,0.03826894611120224,0.07314256578683853
10.906000137329102,-8.753999710083008,0.5722950100898743,3.019526243209839,0.23125922679901123,3.964474678039551,-0.10515428334474564,0.0027370858006179333
10.906000137329102,-8.753999710083008,0.5460149049758911,3.9639151096343994,0.02676117606461048,0.4658990502357483,0.2838321626186371,0.924120306968689
10.906000137329102,-7.754000186920166,0.8948686122894287,5.005033016204834,0.12916350364685059,1.1564685106277466,-0.11971317231655121,0.25257766246795654
10.906000137329102,-7.754000186920166,0.6550543904304504,2.630932569503784,0.03572452813386917,0.4501394033432007,-0.1244565099477768,0.12568223476409912
10.906000137329102,-7.754000186920166,0.6188383102416992,4.212833404541016,0.014751441776752472,0.3309975862503052,0.15613707900047302,0.6217401027679443
10.906000137329102,-6.754000186920166,0.5345830917358398,6.159053802490234,0.022567465901374817,1.9823954105377197,0.008631033822894096,0.6600334644317627
10.906000137329102,-6.754000186920166,0.6589040756225586,2.4993808269500732,0.11102774739265442,0.2640644907951355,0.018217114731669426,0.20047423243522644
10.906000137329102,-6.754000186920166,0.8701176643371582,5.683171272277832,0.10411601513624191,0.1069968119263649,-0.20584265887737274,0.13949227333068848
10.906000137329102,-5.754000186920166,0.8447919487953186,4.7035722732543945,0.1775948852300644,2.3992295265197754,-0.021483849734067917,0.06009731814265251
10.906000137329102,-5.754000186920166,1.2933762073516846,2.386139154434204,0.09118154644966125,0.018113618716597557,-0.03813718259334564,0.5187940001487732
10.906000137329102,-5.754000186920166,1.114267349243164,5.618347644805908,0.0600222609937191,0.03096211701631546,-0.06492476165294647,0.42110875248908997
10.906000137329102,-4.754000186920166,1.0320169925689697,4.887282848358154,0.4769955277442932,2.4818286895751953,0.04838709905743599,0.027072886005043983
10.906000137329102,-4.754000186920166,1.1574519872665405,2.3387110233306885,0.09082479029893875,0.03437795117497444,-0.0384228453040123,0.4361090064048767
10.906000137329102,-4.754000186920166,1.048510193824768,5.563690185546875,0.05418609827756882,0.03772522881627083,-0.021231042221188545,0.5368180871009827
10.906000137329102,-3.753999948501587,0.987691342830658,4.209490776062012,0.8907001614570618,2.479921340942383,0.04049253091216087,0.04883718118071556
10.906000137329102,-3.753999948501587,1.1546794176101685,2.2384064197540283,0.07495443522930145,0.041422370821237564,-0.05047009140253067,0.43066832423210144
10.906000137329102,-3.753999948501587,1.0364576578140259,5.458590030670166,0.056341808289289474,0.04492022469639778,-0.026232315227389336,0.5204945206642151
10.906000137329102,-2.753999948501587,0.7835929989814758,5.945949554443359,0.15272541344165802,2.5140645503997803,-0.050204597413539886,0.03263546898961067
10.906000137329102,-2.753999948501587,1.0516276359558105,2.2757766246795654,0.07718201726675034,0.025940485298633575,0.01478798221796751,0.2970837354660034
10.906000137329102,-2.753999948501587,1.068156123161316,5.402670860290527,0.06842596083879471,0.024687187746167183,-0.04433358833193779,0.6702807545661926
10.906000137329102,-1.753999948501587,0.6959328651428223,6.047103404998779,0.06545079499483109,1.5487765073776245,-0.05882091447710991,0.1467665582895279
10.906000137329102,-1.753999948501587,0.8964255452156067,1.686654806137085,0.12995187938213348,0.141156405210495,-0.03504382073879242,0.3193129301071167
10.906000137329102,-1.753999948501587,1.1332074403762817,5.224611282348633,0.15994369983673096,0.03433728963136673,0.025522872805595398,0.5339205265045166
10.906000137329102,-0.7540000081062317,0.8215090036392212,5.941272258758545,0.03888155519962311,0.63124018907547,-0.1317249834537506,0.9371784329414368
10.906000137329102,-0.7540000081062317,0.6405999064445496,0.5453202128410339,0.12786425650119781,11.906411170959473,0.14581604301929474,0.0018869308987632394
10.906000137329102,-0.7540000081062317,0.42005717754364014,5.374234676361084,0.009546048007905483,0.8966112732887268,0.05985905975103378,0.0609346441924572
10.906000137329102,0.2460000067949295,0.9861097931861877,0.0056848470121622086,1.8122937679290771,0.9292201399803162,0.3381951153278351,0.03197342902421951
10.906000137329102,0.2460000067949295,0.5605265498161316,1.0942884683609009,0.023656796663999557,0.03783443197607994,-0.22741441428661346,0.352420449256897
10.906000137329102,0.2460000067949295,0.5895675420761108,0.886900007724762,0.05905340611934662,0.7584280967712402,0.030289869755506516,0.6156061291694641
10.906000137329102,1.246000051498413,0.6922853589057922,1.0656195878982544,0.055330097675323486,0.8278732895851135,0.1046280562877655,0.28616321086883545
10.906000137329102,1.246000051498413,0.7749671936035156,1.599714994430542,0.10289397090673447,0.12679651379585266,-0.019207647070288658,0.711586594581604
10.906000137329102,1.246000051498413,1.2692898511886597,1.4049173593521118,3.6075985431671143,0.39524683356285095,0.22911016643047333,0.002250186400488019
11.906000137329102,-15.753999710083008,0.597238302230835,2.875814914703369,0.0516047365963459,0.6115064024925232,0.2219085544347763,0.802054226398468
11.906000137329102,-15.753999710083008,0.49802541732788086,1.8513693809509277,0.08238536864519119,0.25873690843582153,-0.10637994110584259,0.043727051466703415
11.906000137329102,-15.753999710083008,0.7993751168251038,5.484514236450195,0.18312492966651917,0.3153780400753021,0.18727605044841766,0.15421874821186066
11.906000137329102,-14.753999710083008,1.0332051515579224,4.526134490966797,0.24615216255187988,0.5838561654090881,0.17555776238441467,0.14908063411712646
11.906000137329102,-14.753999710083008,0.8422574996948242,2.9645273685455322,0.10863619297742844,0.3948483169078827,0.008587077260017395,0.3061661720275879
11.906000137329102,-14.753999710083008,0.7783398628234863,4.271025657653809,0.0438520722091198,0.1373971402645111,0.11768896132707596,0.5447531342506409
11.906000137329102,-13.753999710083008,0.7438448667526245,5.774722099304199,0.12064775824546814,0.4491712152957916,0.1018267348408699,0.5303506851196289
11.906000137329102,-13.753999710083008,0.7612622976303101,2.8119068145751953,0.18407922983169556,0.5301272869110107,-0.1339207887649536,0.2688106298446655
11.906000137329102,-13.753999710083008,0.7209224700927734,5.085230827331543,0.05306818336248398,0.25593969225883484,0.12271539121866226,0.20083865523338318
11.906000137329102,-12.753999710083008,0.8691626191139221,5.115069389343262,0.2211526483297348,0.5021144151687622,-0.02044164016842842,0.1702149361371994
11.906000137329102,-12.753999710083008,0.5530731081962585,1.7251777648925781,0.05002589523792267,1.112882375717163,0.15874402225017548,0.5120731592178345
11.906000137329102,-12.753999710083008,0.5721019506454468,4.7733049392700195,0.03432132676243782,0.496640145778656,-0.06474005430936813,0.3177119493484497
11.906000137329102,-11.753999710083008,1.00874662399292,3.813995361328125,0.12517577409744263,0.22777394950389862,-0.007104022428393364,0.5842603445053101
11.906000137329102,-11.753999710083008,0.5703305006027222,2.730966806411743,0.05449017137289047,1.2743234634399414,0.2485019713640213,0.08985039591789246
11.906000137329102,-11.753999710083008,0.5955167412757874,3.964730739593506,0.023587511852383614,0.3478989899158478,0.0365554615855217,0.3258891999721527
11.906000137329102,-10.753999710083008,0.8612205982208252,4.0299577713012695,0.1558234989643097,0.4103047549724579,-0.14037102460861206,0.13466614484786987
11.906000137329102,-10.753999710083008,0.7318325042724609,2.6396467685699463,0.04741888865828514,0.19673261046409607,0.03310953080654144,0.6228985786437988
11.906000137329102,-10.753999710083008,0.5167990326881409,2.8224027156829834,0.017056047916412354,0.990709125995636,0.17989481985569,0.2424352765083313
11.906000137329102,-9.753999710083008,0.4776143729686737,4.638171672821045,0.03792531415820122,0.21624727547168732,-0.21365803480148315,0.02277810126543045
11.906000137329102,-9.753999710083008,0.4637497067451477,4.261480808258057,0.012521977536380291,0.13229700922966003,-0.19736641645431519,0.9197219014167786
11.906000137329102,-9.753999710083008,0.6390397548675537,0.8705558776855469,0.010472745634615421,0.09165718406438828,0.3244071304798126,0.0574999563395977
11.906000137329102,-8.753999710083008,0.6833304166793823,3.85817289352417,0.09093496948480606,0.6548555493354797,0.034142423421144485,0.5358541011810303
11.906000137329102,-8.753999710083008,0.4449283480644226,2.9774467945098877,0.10840318351984024,1.7326732873916626,0.05195344612002373,0.02176320180296898
11.906000137329102,-8.753999710083008,0.5737735033035278,4.203124046325684,0.04065580666065216,0.5711906552314758,0.20864132046699524,0.44238272309303284
11.906000137329102,-7.754000186920166,0.41618847846984863,3.8789398670196533,0.05027171969413757,1.2476125955581665,-0.08185791224241257,0.2050469070672989
11.906000137329102,-7.754000186920166,0.48720383644104004,2.985301971435547,0.029644154012203217,0.4672097861766815,-0.16204527020454407,0.31135085225105286
11.906000137329102,-7.754000186920166,0.5838725566864014,3.9240806102752686,0.014385209418833256,0.20129655301570892,0.2006261944770813,0.48360225558280945
11.906000137329102,-6.754000186920166,0.728855311870575,6.024961471557617,0.07661754637956619,2.5103635787963867,-0.03836650401353836,0.06345216929912567
11.906000137329102,-6.754000186920166,1.1108609437942505,2.425008535385132,0.07463902235031128,0.030805544927716255,-0.03902525454759598,0.5319332480430603
11.906000137329102,-6.754000186920166,1.2995463609695435,5.616644859313965,0.09062796831130981,0.02557527832686901,-0.10783550143241882,0.40461453795433044
11.906000137329102,-5.754000186920166,0.9714965224266052,3.786928653717041,0.44594329595565796,2.4134585857391357,0.03250671923160553,0.03637579828500748
11.906000137329102,-5.754000186920166,1.2209984064102173,2.340557336807251,0.08933266252279282,0.02955375611782074,0.020145801827311516,0.5126204490661621
11.906000137329102,-5.754000186920166,1.1830729246139526,5.500668525695801,0.07958876341581345,0.04373013600707054,-0.05528203025460243,0.45100370049476624
11.906000137329102,-4.754000186920166,0.9512131810188293,4.881265163421631,0.23912568390369415,2.5107529163360596,0.02253713645040989,0.101667620241642
11.906000137329102,-4.754000186920166,1.3362009525299072,2.306406259536743,0.1500232219696045,0.02163448929786682,0.04634106531739235,0.38222554326057434
11.906000137329102,-4.754000186920166,1.0731273889541626,5.5103325843811035,0.052049145102500916,0.02764790505170822,0.011644607409834862,0.5161067843437195
11.906000137329102,-3.753999948501587,0.7275010943412781,5.555455207824707,0.059602465480566025,2.4277114868164062,-0.010022176429629326,0.22426044940948486
11.906000137329102,-3.753999948501587,1.0969263315200806,2.1766648292541504,0.08628451079130173,0.03459750860929489,0.05800666660070419,0.22271782159805298
11.906000137329102,-3.753999948501587,1.0794650316238403,5.486739635467529,0.05765700340270996,0.023372167721390724,0.02896825410425663,0.5530216693878174
11.906000137329102,-2.753999948501587,0.6780955791473389,0.458069771528244,0.014898591674864292,0.511803925037384,0.10811659693717957,0.9005526900291443
11.906000137329102,-2.753999948501587,0.7812578678131104,1.6875436305999756,0.11128107458353043,0.33054107427597046,0.07014922797679901,0.08485608547925949
11.906000137329102,-2.753999948501587,0.8165063261985779,5.762948036193848,0.1520308405160904,0.20550636947155,0.012065920047461987,0.01459110900759697
11.906000137329102,0.2460000067949295,1.0366337299346924,5.858787536621094,0.4959784150123596,0.20415876805782318,0.2654624283313751,0.3058726489543915
11.906000137329102,0.2460000067949295,0.7991055250167847,1.119147777557373,0.025718998163938522,0.0283061470836401,-0.5596067905426025,0.08405574411153793
11.906000137329102,0.2460000067949295,1.0771472454071045,5.307956695556641,0.11848212033510208,0.11407804489135742,0.3586302399635315,0.61007159948349
12.906000137329102,-16.753999710083008,0.6003454327583313,0.5688847899436951,0.025618497282266617,2.0480430126190186,0.024916399270296097,0.8827842473983765
12.906000137329102,-16.753999710083008,0.7695751786231995,2.935839891433716,0.09282476454973221,0.13859541714191437,0.1601739525794983,0.07098835706710815
12.906000137329102,-16.753999710083008,0.9600480794906616,6.151635646820068,0.09433843940496445,0.04728296399116516,-0.1174488365650177,0.04622741788625717
12.906000137329102,-15.753999710083008,0.8875055909156799,5.700063228607178,0.4123991131782532,0.907412588596344,0.11843973398208618,0.0223288182169199
12.906000137329102,-15.753999710083008,0.51078861951828,3.182849407196045,0.03832751885056496,0.7299984693527222,-0.052796196192502975,0.20913614332675934
12.906000137329102,-15.753999710083008,0.49968546628952026,3.9255154132843018,0.012315168976783752,0.11808155477046967,0.22776569426059723,0.7685350775718689
12.906000137329102,-14.753999710083008,0.7846496105194092,5.858353137969971,0.11233934760093689,0.4650115966796875,0.1326119601726532,0.023903151974081993
12.906000137329102,-14.753999710083008,0.6948012709617615,2.0792627334594727,0.06808008253574371,0.24119485914707184,-0.283237099647522,0.0291147381067276
12.906000137329102,-14.753999710083008,0.8218083381652832,4.690650939941406,0.04345544055104256,0.03098459541797638,0.01856003887951374,0.9469820857048035
12.906000137329102,-13.753999710083008,0.7656792998313904,4.496005535125732,0.061482928693294525,0.914146900177002,-0.006870153825730085,0.08854568749666214
12.906000137329102,-13.753999710083008,0.8827322721481323,1.8044787645339966,0.11076670140028,0.18527646362781525,0.021080946549773216,0.05655372887849808
12.906000137329102,-13.753999710083008,0.8874142169952393,4.431119918823242,0.06412401795387268,0.05606959015130997,0.07437798380851746,0.854900598526001
12.906000137329102,-12.753999710083008,0.9064623713493347,5.023366928100586,0.19293223321437836,0.4998560845851898,0.0992194414138794,0.11203884333372116
12.906000137329102,-12.753999710083008,0.6448907256126404,1.240563154220581,0.029023775830864906,0.38148972392082214,-0.028850972652435303,0.28079044818878174
12.906000137329102,-12.753999710083008,0.6066381931304932,4.771458625793457,0.026617461815476418,0.2736481726169586,-0.10471039265394211,0.6071707606315613
12.906000137329102,-11.753999710083008,0.9909663796424866,3.6436359882354736,0.11303583532571793,0.33267664909362793,-0.019667843356728554,0.40040323138237
12.906000137329102,-11.753999710083008,0.5758116245269775,2.4615561962127686,0.04072790965437889,2.181859016418457,0.24730312824249268,0.32188764214515686
12.906000137329102,-11.753999710083008,0.6357013583183289,4.07387638092041,0.022249098867177963,0.5395196080207825,0.10753114521503448,0.27770915627479553
12.906000137329102,-10.753999710083008,0.9207032918930054,3.0901336669921875,0.19507227838039398,0.9623020887374878,0.0023498248774558306,0.37465670704841614
12.906000137329102,-10.753999710083008,0.5744606852531433,3.988071918487549,0.03645985573530197,0.37066546082496643,0.02112363465130329,0.37088268995285034
12.906000137329102,-10.753999710083008,0.6116694211959839,2.7187864780426025,0.026214832440018654,0.8107478022575378,0.28071945905685425,0.2544606328010559
12.906000137329102,-9.753999710083008,0.8020097613334656,3.626868486404419,0.15360884368419647,0.6197434067726135,-0.18121275305747986,0.05702255666255951
12.906000137329102,-9.753999710083008,0.6061124801635742,2.06036376953125,0.04329324886202812,0.9343611001968384,-0.172651469707489,0.16187383234500885
12.906000137329102,-9.753999710083008,0.5664364695549011,3.0155811309814453,0.011664072051644325,0.6214910745620728,0.04338638484477997,0.7811036705970764
12.906000137329102,-8.753999710083008,0.5509330630302429,4.469355583190918,0.042067043483257294,0.8277398943901062,0.07409971952438354,0.2939798831939697
12.906000137329102,-8.753999710083008,0.6246430277824402,2.1135005950927734,0.07100650668144226,0.38985976576805115,0.15679392218589783,0.34550610184669495
12.906000137329102,-8.753999710083008,0.6597930192947388,4.738431930541992,0.05215848982334137,0.20074790716171265,0.16062021255493164,0.3605140149593353
12.906000137329102,-7.754000186920166,0.7271323204040527,0.004265481606125832,0.07539472728967667,2.331763982772827,-0.03708881512284279,0.07914823293685913
12.906000137329102,-7.754000186920166,1.053725242614746,2.2235546112060547,0.0806896761059761,0.03975518047809601,0.14991284906864166,0.4649745225906372
12.906000137329102,-7.754000186920166,0.9882893562316895,5.490251064300537,0.05265107378363609,0.03281861171126366,0.1134960949420929,0.45587727427482605
12.906000137329102,-6.754000186920166,0.8295022249221802,5.5377068519592285,0.1632041037082672,2.152977228164673,-0.036964353173971176,0.03454723581671715
12.906000137329102,-6.754000186920166,1.0473904609680176,2.3272480964660645,0.06329839676618576,0.028770899400115013,0.09716255217790604,0.41082629561424255
12.906000137329102,-6.754000186920166,1.1368815898895264,5.5123291015625,0.07432867586612701,0.026058049872517586,0.013016005046665668,0.55462646484375
12.906000137329102,-5.754000186920166,0.9150769710540771,4.157830715179443,0.3703160881996155,3.08086895942688,0.05318121984601021,0.013073321431875229
12.906000137329102,-5.754000186920166,1.0713602304458618,2.3231115341186523,0.059574194252491,0.02526565082371235,0.019944943487644196,0.39685460925102234
12.906000137329102,-5.754000186920166,1.261738657951355,5.479220867156982,0.09385721385478973,0.021588733419775963,-0.006310128141194582,0.5900720357894897
12.906000137329102,-4.754000186920166,0.6601883769035339,6.139544486999512,0.04245130717754364,1.0744482278823853,-0.0139551293104887,0.30741292238235474
12.906000137329102,-4.754000186920166,0.8375217914581299,1.8096637725830078,0.10237149894237518,0.033315788954496384,-0.03381265327334404,0.3185357451438904
12.906000137329102,-4.754000186920166,0.9389532804489136,5.4158406257629395,0.15407738089561462,0.06330917030572891,0.14701204001903534,0.3740513026714325
12.906000137329102,-3.753999948501587,0.674898624420166,0.5319687724113464,0.03393067792057991,0.685470700263977,-0.06399141252040863,0.2718508839607239
12.906000137329102,-3.753999948501587,0.5218273401260376,0.7535320520401001,0.04091716557741165,0.5807353258132935,0.2190605252981186,0.01832209900021553
12.906000137329102,-3.753999948501587,0.7963156700134277,0.21283426880836487,0.0452713742852211,0.24469715356826782,0.11670655012130737,0.7098270058631897
12.906000137329102,-2.753999948501587,1.0551390647888184,4.932923793792725,0.9565656781196594,0.5353697538375854,0.26825323700904846,0.017960071563720703
12.906000137329102,-2.753999948501587,0.5509554147720337,0.49760591983795166,0.013165300711989403,0.2707541286945343,-0.5481350421905518,0.9708417654037476
12.906000137329102,-2.753999948501587,0.7201236486434937,0.7797403931617737,0.16701820492744446,2.305701971054077,-0.14134681224822998,0.0111981350928545
13.906000137329102,-15.753999710083008,0.6430878639221191,0.041115038096904755,0.049468982964754105,0.9395875930786133,0.015682218596339226,0.2087603360414505
13.906000137329102,-15.753999710083008,0.6012414693832397,3.2083356380462646,0.06701662391424179,0.2255380004644394,0.1847321093082428,0.7613627910614014
13.906000137329102,-15.753999710083008,0.6576253175735474,4.754154205322266,0.06938031315803528,0.11734578013420105,0.26502352952957153,0.029876763001084328
13.906000137329102,-14.753999710083008,0.7834978699684143,4.982840538024902,0.09386097639799118,0.8620198965072632,0.05533453822135925,0.10849681496620178
13.906000137329102,-14.753999710083008,0.6837122440338135,1.8414212465286255,0.04391802102327347,0.27541711926460266,-0.14265289902687073,0.33388403058052063
13.906000137329102,-14.753999710083008,0.7265117168426514,4.180702209472656,0.031723398715257645,0.10691890120506287,0.1476554423570633,0.5576191544532776
13.906000137329102,-13.753999710083008,0.7866351008415222,4.697171211242676,0.07416095584630966,0.9018546342849731,-0.03445903956890106,0.0334886834025383
13.906000137329102,-13.753999710083008,0.8433696031570435,1.9954535961151123,0.08107024431228638,0.1289558708667755,-0.036803245544433594,0.022775759920477867
13.906000137329102,-13.753999710083008,0.8890816569328308,4.008430480957031,0.05567826330661774,0.03845212608575821,0.1753232479095459,0.9437355995178223
13.906000137329102,-12.753999710083008,0.7658525109291077,4.374310493469238,0.0841774046421051,0.44897618889808655,0.11011555790901184,0.5000249147415161
13.906000137329102,-12.753999710083008,0.6846939921379089,1.7769618034362793,0.04423882067203522,0.26582831144332886,-0.035226207226514816,0.14702406525611877
13.906000137329102,-12.753999710083008,0.6818949580192566,4.478541374206543,0.04613317921757698,0.304050475358963,0.03252790495753288,0.3529509902000427
13.906000137329102,-11.753999710083008,0.7549494504928589,3.4232277870178223,0.05969807878136635,0.5471248030662537,0.02561066672205925,0.5368626117706299
13.906000137329102,-11.753999710083008,0.5630757212638855,2.40387225151062,0.037011876702308655,1.1066213846206665,-0.06080854684114456,0.3227400779724121
13.906000137329102,-11.753999710083008,0.7139144539833069,4.431025505065918,0.033081453293561935,0.38478127121925354,0.04614386335015297,0.14039726555347443
13.906000137329102,-10.753999710083008,0.7318339943885803,3.4388341903686523,0.04864221811294556,2.160000801086426,0.039577655494213104,0.771743655204773
13.906000137329102,-10.753999710083008,0.6833339929580688,2.767993450164795,0.06258200854063034,0.20141397416591644,0.06230004131793976,0.08632224798202515
13.906000137329102,-10.753999710083008,0.7952798008918762,5.170130729675293,0.04754749312996864,0.16326932609081268,0.03722204640507698,0.14193417131900787
13.906000137329102,-9.753999710083008,0.643537163734436,5.685571670532227,0.029715552926063538,1.393631100654602,-0.10071476548910141,0.3307604491710663
13.906000137329102,-9.753999710083008,1.0478832721710205,1.93662691116333,0.15565916895866394,0.08024806529283524,0.03632432222366333,0.19539712369441986
13.906000137329102,-9.753999710083008,0.9774960875511169,5.214652061462402,0.08564502745866776,0.04729926586151123,0.04523935541510582,0.47384244203567505
13.906000137329102,-8.753999710083008,0.9045302271842957,5.57365608215332,0.2740492522716522,2.661550283432007,-0.01600765623152256,0.06213425472378731
13.906000137329102,-8.753999710083008,1.159536361694336,2.2261478900909424,0.0866185799241066,0.031327731907367706,0.06166437268257141,0.44980379939079285
13.906000137329102,-8.753999710083008,1.0310806035995483,5.436721324920654,0.05199529230594635,0.022365733981132507,0.07175596803426743,0.48806190490722656
13.906000137329102,-7.754000186920166,0.8741905689239502,6.152683734893799,0.20277942717075348,2.3874399662017822,-0.06268738955259323,0.05812208354473114
13.906000137329102,-7.754000186920166,1.1775140762329102,2.288895845413208,0.08178794384002686,0.030150089412927628,0.13339519500732422,0.42104077339172363
13.906000137329102,-7.754000186920166,1.039013147354126,5.551952838897705,0.048647552728652954,0.023598963394761086,0.05669255927205086,0.5208371877670288
13.906000137329102,-6.754000186920166,0.7741909623146057,0.057962846010923386,0.10042202472686768,2.1063451766967773,-0.09349459409713745,0.06232886016368866
13.906000137329102,-6.754000186920166,1.1480464935302734,2.3183398246765137,0.09797444194555283,0.02263759821653366,0.15639330446720123,0.31963515281677246
13.906000137329102,-6.754000186920166,1.017704725265503,5.514499187469482,0.05669529736042023,0.021940452978014946,0.05620051920413971,0.6180360317230225
13.906000137329102,-5.754000186920166,0.5199340581893921,6.019495487213135,0.013120941817760468,1.4489444494247437,-0.03444145619869232,0.7897580862045288
13.906000137329102,-5.754000186920166,0.7618428468704224,2.2863969802856445,0.13740849494934082,0.0910014882683754,0.007751823402941227,0.13985051214694977
13.906000137329102,-5.754000186920166,0.7891049981117249,6.021500110626221,0.11914826929569244,0.11037161946296692,-0.030790138989686966,0.07039142400026321
13.906000137329102,-4.754000186920166,0.8522881865501404,4.316889762878418,0.04935662820935249,0.24631507694721222,0.23505523800849915,0.06433258950710297
13.906000137329102,-4.754000186920166,0.96595299243927,0.9199703931808472,0.07337292283773422,0.19658471643924713,0.04539625719189644,0.7609848976135254
13.906000137329102,-4.754000186920166,0.8196390867233276,5.024691581726074,0.14465712010860443,0.2611697316169739,0.3277694284915924,0.17468254268169403
13.906000137329102,-3.753999948501587,0.28629249334335327,5.333179473876953,0.002435720292851329,0.39053818583488464,-0.2090742439031601,0.9977385997772217
13.906000137329102,-3.753999948501587,0.5513749718666077,0.5566487908363342,0.10764270275831223,1.922698736190796,0.1150871068239212,0.0003463091270532459
13.906000137329102,-3.753999948501587,0.5116695761680603,5.472204208374023,0.014789481647312641,0.7292194962501526,0.11014676839113235,0.0019150550942867994
14.906000137329102,-15.753999710083008,0.619541585445404,1.4409339427947998,0.062039099633693695,1.1745209693908691,0.04717773199081421,0.0405464842915535
14.906000137329102,-15.753999710083008,0.7682477831840515,3.704522132873535,0.04310168698430061,0.11275536566972733,0.036087214946746826,0.9576557874679565
14.906000137329102,-15.753999710083008,0.8172631859779358,4.549583911895752,0.11734418570995331,0.2053583264350891,0.4839216470718384,0.0017977403476834297
14.906000137329102,-14.753999710083008,0.8821080327033997,4.541457176208496,0.12973299622535706,0.8043357133865356,0.0026390058919787407,0.22804267704486847
14.906000137329102,-14.753999710083008,0.6476302146911621,2.665212869644165,0.03471885994076729,0.35048505663871765,0.0006573114078491926,0.7546908855438232
14.906000137329102,-14.753999710083008,0.6208629608154297,3.888657569885254,0.036562636494636536,0.9408140182495117,0.3229789137840271,0.017266493290662766
14.906000137329102,-13.753999710083008,0.7964367866516113,3.317171335220337,0.09513566642999649,0.8088884949684143,0.08255445957183838,0.4531713128089905
14.906000137329102,-13.753999710083008,0.6271330118179321,1.6786420345306396,0.052144959568977356,0.774292528629303,-0.06811029464006424,0.02522028237581253
14.906000137329102,-13.753999710083008,0.6973296999931335,4.562095642089844,0.03663017600774765,0.5170393586158752,0.09288735687732697,0.5216083526611328
14.906000137329102,-12.753999710083008,0.5440207719802856,3.9897444248199463,0.013176631182432175,0.49599143862724304,0.011459717527031898,0.7493230104446411
14.906000137329102,-12.753999710083008,0.6240420937538147,2.0098555088043213,0.08309729397296906,0.35809648036956787,0.27629512548446655,0.01667383499443531
14.906000137329102,-12.753999710083008,0.703003466129303,4.921666145324707,0.05355978012084961,0.12029610574245453,0.08184165507555008,0.2340031862258911
14.906000137329102,-11.753999710083008,0.6124141216278076,4.441799163818359,0.039296429604291916,1.7309597730636597,-0.022563572973012924,0.4574469029903412
14.906000137329102,-11.753999710083008,0.7517372965812683,2.310887336730957,0.06093033030629158,0.09705973416566849,0.05310063809156418,0.36146730184555054
14.906000137329102,-11.753999710083008,0.846021294593811,5.314283847808838,0.06553199142217636,0.10016798228025436,-0.06500111520290375,0.18108581006526947
14.906000137329102,-10.753999710083008,0.758333146572113,5.232171535491943,0.06354428827762604,2.2640857696533203,-0.03507959097623825,0.18165308237075806
14.906000137329102,-10.753999710083008,1.0259143114089966,2.2823989391326904,0.08505477011203766,0.03796793520450592,-0.029118109494447708,0.39067578315734863
14.906000137329102,-10.753999710083008,1.1299985647201538,5.443423748016357,0.08688371628522873,0.0308175478130579,-0.07348448038101196,0.4276711642742157
14.906000137329102,-9.753999710083008,0.8672759532928467,5.787580966949463,0.15280269086360931,2.5372161865234375,-0.0434424914419651,0.07817886024713516
14.906000137329102,-9.753999710083008,1.1660871505737305,2.242297887802124,0.10235883295536041,0.030862120911478996,0.05295361205935478,0.46414613723754883
14.906000137329102,-9.753999710083008,1.11221182346344,5.430009365081787,0.06807023286819458,0.02797902561724186,-0.017932606860995293,0.4576750695705414
14.906000137329102,-8.753999710083008,0.8791840076446533,6.244224548339844,0.26342982053756714,2.616403341293335,-0.015686476603150368,0.04194706305861473
14.906000137329102,-8.753999710083008,1.1477833986282349,2.277637004852295,0.07585802674293518,0.031156321987509727,0.053917672485113144,0.4424296021461487
14.906000137329102,-8.753999710083008,1.149277687072754,5.4684529304504395,0.06457716971635818,0.02477329596877098,0.03127226233482361,0.5156233310699463
14.906000137329102,-7.754000186920166,0.8935319781303406,0.04536418244242668,0.17954669892787933,2.5320188999176025,-0.04164489731192589,0.0658162534236908
14.906000137329102,-7.754000186920166,1.136083960533142,2.3203330039978027,0.07754011452198029,0.022125843912363052,0.07346788048744202,0.3692556321620941
14.906000137329102,-7.754000186920166,1.193099856376648,5.532393455505371,0.07486707717180252,0.021045947447419167,0.020059891045093536,0.5649280548095703
14.906000137329102,-6.754000186920166,0.644058108329773,0.30092892050743103,0.032151877880096436,2.315105676651001,-0.052660126239061356,0.3096003830432892
14.906000137329102,-6.754000186920166,1.0256767272949219,2.0769076347351074,0.11479142308235168,0.04985734075307846,0.01328158937394619,0.3709467053413391
14.906000137329102,-6.754000186920166,0.9434747695922852,5.486846923828125,0.10214598476886749,0.05137455835938454,0.0733959898352623,0.3194529116153717
14.906000137329102,-5.754000186920166,0.6887946724891663,5.981502532958984,0.03454931080341339,0.29056987166404724,-0.08595745265483856,0.16705210506916046
14.906000137329102,-5.754000186920166,0.7771627902984619,1.325308084487915,0.040031902492046356,0.1216663345694542,0.32829731702804565,0.8301907181739807
14.906000137329102,-5.754000186920166,0.7510588765144348,6.116550922393799,0.21715876460075378,2.20174241065979,0.2408309429883957,0.002757252426818013
14.906000137329102,-4.754000186920166,0.7735610008239746,5.935369968414307,0.08183906972408295,0.3118119239807129,0.16159877181053162,0.0003868938365485519
14.906000137329102,-4.754000186920166,1.498020052909851,1.7571771144866943,0.15758344531059265,0.004024070221930742,-0.1281476467847824,0.999612033367157
14.906000137329102,-4.754000186920166,0.9612905383110046,5.8160319328308105,1.255325198173523,4.577927112579346,-0.12750177085399628,1.0753909691629815e-06
15.906000137329102,-15.753999710083008,0.5889177322387695,0.7138962745666504,0.11296304315328598,1.041063904762268,-0.04191736876964569,0.2821405231952667
15.906000137329102,-15.753999710083008,0.6494966745376587,3.429802656173706,0.06237117946147919,0.39626356959342957,0.03910297527909279,0.6895795464515686
15.906000137329102,-15.753999710083008,0.6937931776046753,4.583596229553223,0.05465852469205856,0.16275914013385773,0.3575892448425293,0.028279904276132584
15.906000137329102,-14.753999710083008,0.8022248148918152,4.397690296173096,0.14689548313617706,0.8777937293052673,-0.04980788752436638,0.2797020375728607
15.906000137329102,-14.753999710083008,0.6128761172294617,3.867117404937744,0.03534721955657005,0.26910218596458435,0.07439322769641876,0.6302592158317566
15.906000137329102,-14.753999710083008,0.5695083141326904,4.055272102355957,0.02386682853102684,0.7721843123435974,0.26049259305000305,0.09003882110118866
15.906000137329102,-13.753999710083008,0.7413437962532043,4.189006805419922,0.1152615025639534,0.8084951639175415,0.0576665960252285,0.8292932510375977
15.906000137329102,-13.753999710083008,0.5772547721862793,2.243245840072632,0.034849926829338074,0.5875641703605652,-0.01735239289700985,0.08983899652957916
15.906000137329102,-13.753999710083008,0.5911529660224915,4.388608932495117,0.02584160305559635,1.3496360778808594,0.0358433723449707,0.0808677077293396
15.906000137329102,-12.753999710083008,0.583635687828064,4.909212589263916,0.01837090030312538,1.045730710029602,-0.03392407298088074,0.7223184108734131
15.906000137329102,-12.753999710083008,0.7312614321708679,2.1484975814819336,0.09872186928987503,0.17914937436580658,0.32331979274749756,0.13788048923015594
15.906000137329102,-12.753999710083008,0.8838786482810974,5.330557823181152,0.08638277649879456,0.06468906998634338,0.012445648200809956,0.13980107009410858
15.906000137329102,-11.753999710083008,0.6702601909637451,4.537968635559082,0.049771614372730255,1.9657739400863647,-0.0426875576376915,0.21336498856544495
15.906000137329102,-11.753999710083008,1.0850220918655396,2.3925375938415527,0.09920036047697067,0.030810246244072914,0.07531131058931351,0.35504573583602905
15.906000137329102,-11.753999710083008,1.0443753004074097,5.512730121612549,0.06887022405862808,0.026147741824388504,-0.0515456385910511,0.4315893054008484
15.906000137329102,-10.753999710083008,0.8503507971763611,4.5593366622924805,0.2115749567747116,2.440471649169922,0.012046589516103268,0.048694077879190445
15.906000137329102,-10.753999710083008,1.1329584121704102,2.313471794128418,0.08550957590341568,0.02822662517428398,-3.624603050411679e-05,0.474008709192276
15.906000137329102,-10.753999710083008,1.0609686374664307,5.487835884094238,0.06568010151386261,0.032085973769426346,-0.028060995042324066,0.47729724645614624
15.906000137329102,-9.753999710083008,0.9014453887939453,5.161385536193848,0.2618316411972046,2.5391736030578613,0.019797194749116898,0.05042927712202072
15.906000137329102,-9.753999710083008,1.134981393814087,2.278350591659546,0.09790346026420593,0.03343573957681656,0.06012433394789696,0.4174448549747467
15.906000137329102,-9.753999710083008,1.1061171293258667,5.468219757080078,0.06859331578016281,0.029761696234345436,0.006239143665879965,0.5321258902549744
15.906000137329102,-8.753999710083008,0.7908877730369568,5.937837600708008,0.13942231237888336,2.9362714290618896,-0.015175092965364456,0.03642849624156952
15.906000137329102,-8.753999710083008,1.149621844291687,2.2887072563171387,0.09079950302839279,0.02864668145775795,0.020857928320765495,0.32570526003837585
15.906000137329102,-8.753999710083008,1.1016024351119995,5.450568675994873,0.06877362728118896,0.029556531459093094,-0.0055452678352594376,0.637866199016571
15.906000137329102,-7.754000186920166,0.6179291009902954,5.275890350341797,0.013924697414040565,0.709430992603302,-0.03701339662075043,0.8798892498016357
15.906000137329102,-7.754000186920166,1.0263506174087524,1.656432867050171,0.14797234535217285,0.17535166442394257,0.04400737211108208,0.08933400362730026
15.906000137329102,-7.754000186920166,1.0076494216918945,5.681635856628418,0.14446274936199188,0.09586461633443832,0.1744370311498642,0.030776768922805786
15.906000137329102,-6.754000186920166,0.891987144947052,5.346164226531982,0.5288402438163757,1.1530358791351318,0.021310076117515564,0.004842298571020365
15.906000137329102,-6.754000186920166,0.6511548161506653,0.7376689910888672,0.030813008546829224,0.16093163192272186,-0.3159785568714142,0.9471100568771362
15.906000137329102,-6.754000186920166,0.8831406831741333,5.0020599365234375,0.3120711147785187,1.6581422090530396,0.2990780174732208,0.0480475090444088
15.906000137329102,-5.754000186920166,0.6927034854888916,6.190244197845459,0.031413670629262924,0.44158902764320374,-0.2198745608329773,0.008780994452536106
15.906000137329102,-5.754000186920166,0.9217358827590942,1.6800779104232788,0.03170241042971611,0.01791108399629593,0.29838138818740845,0.9910390973091125
15.906000137329102,-5.754000186920166,0.8652335405349731,5.452681064605713,0.33837226033210754,2.1740622520446777,0.1932820826768875,0.00017990617197938263
16.9060001373291,-15.753999710083008,0.7255852818489075,4.901873588562012,0.15322345495224,0.30814501643180847,-0.1642829030752182,0.23549842834472656
16.9060001373291,-15.753999710083008,0.43445104360580444,2.551353693008423,0.031016111373901367,0.7824499607086182,0.19135300815105438,0.06611760705709457
16.9060001373291,-15.753999710083008,0.512170135974884,4.152164459228516,0.015450365841388702,0.23369312286376953,0.23534820973873138,0.6983839273452759
16.9060001373291,-14.753999710083008,0.7014793157577515,3.772714138031006,0.06600264459848404,0.59553462266922,-0.03365447372198105,0.3370736837387085
16.9060001373291,-14.753999710083008,0.6105284690856934,3.1143712997436523,0.04651618376374245,0.9348524212837219,-0.025341184809803963,0.2799874246120453
16.9060001373291,-14.753999710083008,0.5979316234588623,4.740814208984375,0.018903132528066635,0.485634446144104,0.04224901646375656,0.3829388916492462
16.9060001373291,-13.753999710083008,0.5997907519340515,4.999931335449219,0.03476149961352348,1.7477710247039795,0.00985406618565321,0.4652962386608124
16.9060001373291,-13.753999710083008,0.6353151202201843,2.771622896194458,0.06014386564493179,0.09037099033594131,0.0371318943798542,0.1810896396636963
16.9060001373291,-13.753999710083008,0.827325165271759,5.067496299743652,0.06323401629924774,0.11327202618122101,0.035477835685014725,0.35361412167549133
16.9060001373291,-12.753999710083008,0.7344067096710205,5.167016983032227,0.0827626883983612,1.7584216594696045,-0.049156446009874344,0.23077891767024994
16.9060001373291,-12.753999710083008,1.1382793188095093,2.470269203186035,0.09767726063728333,0.025493213906884193,0.09955700486898422,0.3479330241680145
16.9060001373291,-12.753999710083008,1.1232221126556396,5.577454090118408,0.0815538540482521,0.0277381744235754,-0.008326097391545773,0.42128801345825195
16.9060001373291,-11.753999710083008,0.8648972511291504,3.453422784805298,0.21004058420658112,2.2539305686950684,-0.0450889989733696,0.07388883829116821
16.9060001373291,-11.753999710083008,1.345431923866272,2.420734405517578,0.16216102242469788,0.026909641921520233,0.19350920617580414,0.4432096481323242
16.9060001373291,-11.753999710083008,1.0621137619018555,5.506803512573242,0.06050381064414978,0.03575317561626434,-0.05366513133049011,0.48290151357650757
16.9060001373291,-10.753999710083008,0.8918534517288208,3.669156789779663,0.25694137811660767,2.475301504135132,-0.0016633659834042192,0.058827631175518036
16.9060001373291,-10.753999710083008,1.2469416856765747,2.3516571521759033,0.14692257344722748,0.03011622279882431,0.11573368310928345,0.41329225897789
16.9060001373291,-10.753999710083008,1.0752065181732178,5.493133544921875,0.07558567076921463,0.04331649839878082,-0.021860862150788307,0.527880072593689
16.9060001373291,-9.753999710083008,0.8532344102859497,4.630043983459473,0.22451207041740417,2.653167724609375,0.00027369294548407197,0.049255143851041794
16.9060001373291,-9.753999710083008,1.196673035621643,2.2981674671173096,0.11704445630311966,0.027739787474274635,0.08804342895746231,0.38044318556785583
16.9060001373291,-9.753999710083008,1.082529902458191,5.4817376136779785,0.0661279633641243,0.027717389166355133,-0.019430464133620262,0.5703017115592957
16.9060001373291,-8.753999710083008,0.642437219619751,0.23109747469425201,0.03486600145697594,0.7450711727142334,-0.030210990458726883,0.5928254723548889
16.9060001373291,-8.753999710083008,0.9389406442642212,1.9060676097869873,0.1442316174507141,0.07352147251367569,0.028355766087770462,0.11604759097099304
16.9060001373291,-8.753999710083008,0.7533025741577148,5.8226423263549805,0.04813024774193764,0.04794880002737045,0.11713556200265884,0.29112693667411804
16.9060001373291,-7.754000186920166,0.5387426614761353,0.7718904614448547,0.03413160517811775,0.8147456645965576,0.06687598675489426,0.06518925726413727
16.9060001373291,-7.754000186920166,1.0037425756454468,1.0626550912857056,0.17434412240982056,0.6527637243270874,0.16203370690345764,0.9310469031333923
16.9060001373291,-7.754000186920166,1.0397194623947144,0.9724221229553223,0.5863767862319946,0.09750179946422577,0.26038485765457153,0.0037638687063008547
17.9060001373291,-15.753999710083008,0.7452757954597473,4.957823753356934,0.04321277141571045,0.159120112657547,-0.029252750799059868,0.725348174571991
17.9060001373291,-15.753999710083008,0.5885223150253296,1.0563688278198242,0.04488399997353554,2.095090389251709,0.2681925296783447,0.03753662109375
17.9060001373291,-15.753999710083008,0.7138153910636902,4.843111991882324,0.04240453988313675,0.7687954902648926,0.17372684180736542,0.23711523413658142
17.9060001373291,-14.753999710083008,0.7034240365028381,3.2917003631591797,0.08149050921201706,0.9336941838264465,-0.010712754912674427,0.18541721999645233
17.9060001373291,-14.753999710083008,0.4609006643295288,2.270643949508667,0.035442713648080826,1.5828367471694946,0.09308335185050964,0.23467253148555756
17.9060001373291,-14.753999710083008,0.6113508343696594,4.752093315124512,0.013073359616100788,0.22124706208705902,0.00188189628534019,0.5799102187156677
17.9060001373291,-13.753999710083008,0.6696285605430603,4.35618782043457,0.05444115027785301,2.23006534576416,-0.04972558468580246,0.2078271508216858
17.9060001373291,-13.753999710083008,1.01201593875885,2.527338981628418,0.08271635323762894,0.030966339632868767,0.11481615155935287,0.30989283323287964
17.9060001373291,-13.753999710083008,1.0802295207977295,5.7406229972839355,0.07670009881258011,0.03327108174562454,-0.05768629163503647,0.4822799563407898
17.9060001373291,-12.753999710083008,0.7395716905593872,3.084068775177002,0.09887488931417465,1.8575242757797241,-0.0024978138972073793,0.06829972565174103
17.9060001373291,-12.753999710083008,1.134362816810608,2.433619737625122,0.08713169395923615,0.03102213144302368,0.12492191046476364,0.5668967962265015
17.9060001373291,-12.753999710083008,1.2257403135299683,5.659424781799316,0.10893711447715759,0.03185811638832092,-0.09659560769796371,0.36480337381362915
17.9060001373291,-11.753999710083008,0.8021659851074219,3.530967950820923,0.2032620757818222,1.6840226650238037,-0.014123635366559029,0.11834409832954407
17.9060001373291,-11.753999710083008,1.2815099954605103,2.4249343872070312,0.1365387886762619,0.03131812810897827,0.15473061800003052,0.3175763487815857
17.9060001373291,-11.753999710083008,1.0799199342727661,5.537673473358154,0.08698605000972748,0.06136726215481758,0.06809337437152863,0.5640795230865479
17.9060001373291,-10.753999710083008,0.7695087194442749,2.927349805831909,0.10945820063352585,1.560193419456482,-0.06847384572029114,0.1388361155986786
17.9060001373291,-10.753999710083008,1.3750135898590088,2.403208017349243,0.21798981726169586,0.02391560934484005,0.22230368852615356,0.28618037700653076
17.9060001373291,-10.753999710083008,1.0933281183242798,5.457848072052002,0.08535672724246979,0.030531378462910652,0.05125746503472328,0.5749834775924683
17.9060001373291,-9.753999710083008,0.6197027564048767,0.49042966961860657,0.05232476815581322,1.6373648643493652,0.09792646765708923,0.3155059516429901
17.9060001373291,-9.753999710083008,0.700785219669342,1.6493819952011108,0.08085592836141586,0.1831102818250656,0.058281999081373215,0.6446625590324402
17.9060001373291,-9.753999710083008,0.7654120922088623,6.08290433883667,0.15512482821941376,0.45182955265045166,0.13398833572864532,0.03983144089579582
17.9060001373291,-8.753999710083008,0.9992271065711975,5.7482404708862305,0.2720630168914795,0.7172064185142517,0.11075307428836823,0.11061672121286392
17.9060001373291,-8.753999710083008,0.7338395714759827,0.9711023569107056,0.026567881926894188,0.5161670446395874,0.33287423849105835,0.537046492099762
17.9060001373291,-8.753999710083008,0.903713047504425,0.6477158069610596,0.1237393245100975,0.14456097781658173,0.20977850258350372,0.3523367643356323
18.9060001373291,-15.753999710083008,0.7192650437355042,4.9638848304748535,0.12831556797027588,0.4442966878414154,-0.07426091283559799,0.07565584033727646
18.9060001373291,-15.753999710083008,0.5483670234680176,1.7072762250900269,0.05123932659626007,0.530771791934967,-0.056973762810230255,0.007306192070245743
18.9060001373291,-15.753999710083008,0.5944865345954895,4.515350818634033,0.018005449324846268,0.27076053619384766,0.0792701318860054,0.9170379042625427
18.9060001373291,-14.753999710083008,0.5937770009040833,4.715229034423828,0.02451968751847744,1.3999401330947876,0.056478627026081085,0.5510188341140747
18.9060001373291,-14.753999710083008,0.806831419467926,2.612729549407959,0.09916964173316956,0.14378537237644196,0.11613957583904266,0.1674290895462036
18.9060001373291,-14.753999710083008,0.9283058047294617,5.59153413772583,0.06968052685260773,0.05335141345858574,-0.005051660351455212,0.28155213594436646
18.9060001373291,-13.753999710083008,0.7686567902565002,3.2980194091796875,0.1092003807425499,2.4773199558258057,0.004009885247796774,0.14652377367019653
18.9060001373291,-13.753999710083008,1.0260350704193115,2.4523420333862305,0.05642163008451462,0.02611921913921833,-0.050277162343263626,0.5170077085494995
18.9060001373291,-13.753999710083008,1.0740715265274048,5.738346099853516,0.06959215551614761,0.04200894385576248,-0.08012412488460541,0.33646854758262634
18.9060001373291,-12.753999710083008,0.8781297206878662,2.91699481010437,0.3075368404388428,2.193398952484131,0.029007159173488617,0.04619910567998886
18.9060001373291,-12.753999710083008,1.036312460899353,2.3969030380249023,0.05606488510966301,0.02847091481089592,-0.0074554551392793655,0.48105669021606445
18.9060001373291,-12.753999710083008,1.1449224948883057,5.677730560302734,0.08453205972909927,0.03578931838274002,-0.07541102170944214,0.4727441966533661
18.9060001373291,-11.753999710083008,0.7832199335098267,2.7784886360168457,0.18187828361988068,1.6745902299880981,0.06516176462173462,0.0953395888209343
18.9060001373291,-11.753999710083008,1.054069995880127,2.4516396522521973,0.06807464361190796,0.02811971679329872,0.010467499494552612,0.3642430603504181
18.9060001373291,-11.753999710083008,1.2812182903289795,5.694863319396973,0.1489274948835373,0.046368297189474106,0.05928261578083038,0.5404173135757446
18.9060001373291,-10.753999710083008,0.7459892630577087,1.890194296836853,0.1391972452402115,1.4965364933013916,0.014713194221258163,0.2621047794818878
18.9060001373291,-10.753999710083008,0.7995451092720032,2.2479848861694336,0.08058466762304306,0.10029038041830063,0.05827269330620766,0.24118833243846893
18.9060001373291,-10.753999710083008,0.8148641586303711,5.868057727813721,0.055554572492837906,0.06399578601121902,-0.01517427060753107,0.49670687317848206
18.9060001373291,-9.753999710083008,1.1611473560333252,0.8306213021278381,0.39204874634742737,0.25153765082359314,-0.04935881495475769,0.15523193776607513
18.9060001373291,-9.753999710083008,0.7503507137298584,0.15418122708797455,0.022878168150782585,3.811817169189453,0.3377169966697693,0.8067976832389832
18.9060001373291,-9.753999710083008,0.8101860284805298,0.4874386489391327,0.08343177288770676,18.013961791992188,0.04628381505608559,0.037970442324876785
18.9060001373291,-8.753999710083008,1.5362834930419922,5.621270656585693,0.7087565660476685,1.7104434967041016,0.29674938321113586,0.005862463265657425
18.9060001373291,-8.753999710083008,1.0404120683670044,2.467900037765503,0.03803648799657822,2.0497727394104004,0.5321024060249329,0.0877169594168663
18.9060001373291,-8.753999710083008,1.5094367265701294,0.21429017186164856,0.04654398187994957,0.005938119255006313,0.008036982268095016,0.9064205884933472
19.9060001373291,-16.753999710083008,0.447587788105011,4.038969039916992,0.016309410333633423,2.5939996242523193,0.026342948898673058,0.10924460738897324
19.9060001373291,-16.753999710083008,0.5432204008102417,2.679274320602417,0.010677846148610115,0.07293567061424255,-0.23040622472763062,0.8106091022491455
19.9060001373291,-16.753999710083008,0.7468484044075012,4.7441534996032715,0.08043709397315979,0.3284375071525574,0.3692326247692108,0.08014628291130066
19.9060001373291,-15.753999710083008,0.55121910572052,4.310907363891602,0.04777961224317551,1.2226083278656006,-0.01934252679347992,0.4815137982368469
19.9060001373291,-15.753999710083008,0.6412338018417358,2.782792568206787,0.10939615964889526,0.3592163026332855,-0.11724801361560822,0.10668852925300598
19.9060001373291,-15.753999710083008,0.723232090473175,4.695619106292725,0.05353739857673645,0.20708361268043518,0.0028923829086124897,0.4117976427078247
19.9060001373291,-14.753999710083008,0.7071042060852051,4.170158386230469,0.05048149824142456,2.363269805908203,0.020322531461715698,0.2383977323770523
19.9060001373291,-14.753999710083008,1.0845365524291992,2.494904041290283,0.08085212856531143,0.034571122378110886,-0.0016678174724802375,0.3697468638420105
19.9060001373291,-14.753999710083008,0.952840268611908,5.808348178863525,0.053160421550273895,0.05158156156539917,0.007463572081178427,0.3918554186820984
19.9060001373291,-13.753999710083008,0.9263007044792175,3.2747585773468018,0.31989991664886475,2.177072525024414,0.05177648365497589,0.0934409499168396
19.9060001373291,-13.753999710083008,1.075124979019165,2.497044801712036,0.050416428595781326,0.03090582974255085,0.04076754301786423,0.46432897448539734
19.9060001373291,-13.753999710083008,1.0014773607254028,5.712176322937012,0.047050341963768005,0.04912181571125984,0.001228964189067483,0.4422300457954407
19.9060001373291,-12.753999710083008,0.7186205983161926,3.6020522117614746,0.06934874504804611,2.068094253540039,-0.061984866857528687,0.37420931458473206
19.9060001373291,-12.753999710083008,1.0091285705566406,2.448042154312134,0.07062207162380219,0.03428342938423157,0.026822976768016815,0.24518409371376038
19.9060001373291,-12.753999710083008,0.9331762194633484,5.700123310089111,0.055197928100824356,0.037609897553920746,-0.062293779104948044,0.38060659170150757
19.9060001373291,-11.753999710083008,0.6533656120300293,4.618174076080322,0.04180368408560753,1.9947550296783447,0.08480286598205566,0.3660419285297394
19.9060001373291,-11.753999710083008,0.8900372385978699,2.290353775024414,0.08138906210660934,0.07239976525306702,0.178468719124794,0.31130313873291016
19.9060001373291,-11.753999710083008,0.9841840267181396,5.579747200012207,0.08823605626821518,0.07812686264514923,0.12332285195589066,0.3226548433303833
19.9060001373291,-10.753999710083008,0.6753169298171997,0.8705122470855713,0.122983917593956,0.7664875984191895,-0.017299380153417587,0.22840315103530884
19.9060001373291,-10.753999710083008,0.6036252975463867,1.6738015413284302,0.029357554391026497,0.2740350663661957,0.30835384130477905,0.6869428157806396
19.9060001373291,-10.753999710083008,0.5881198644638062,0.8045368194580078,0.041075870394706726,0.2863946259021759,-0.13033698499202728,0.08465404063463211
19.9060001373291,-9.753999710083008,2.0394935607910156,0.9584456086158752,3.2448160648345947,0.02915559895336628,-0.2359343320131302,0.0860472321510315
19.9060001373291,-9.753999710083008,1.166961908340454,6.220378398895264,0.0640987679362297,101.13729095458984,0.27224019169807434,0.41502296924591064
19.9060001373291,-9.753999710083008,1.0805561542510986,5.6057844161987305,0.1474246382713318,311.60009765625,-0.014032149687409401,0.49892982840538025
20.9060001373291,-18.753999710083008,0.7568109035491943,4.22750186920166,0.29750633239746094,2.2150330543518066,0.026713138446211815,0.20239004492759705
20.9060001373291,-18.753999710083008,0.727438747882843,2.652811050415039,0.0470346175134182,0.06974194198846817,0.09465732425451279,0.5401657223701477
20.9060001373291,-18.753999710083008,0.7411720156669617,5.1361083984375,0.04436512291431427,0.13820162415504456,0.12743698060512543,0.2574442923069
20.9060001373291,-17.753999710083008,0.8366977572441101,3.722731590270996,0.2666919529438019,0.7620220184326172,-0.03430705890059471,0.025284580886363983
20.9060001373291,-17.753999710083008,0.4377361536026001,2.7669620513916016,0.025044778361916542,1.2230477333068848,0.09519191086292267,0.06040015071630478
20.9060001373291,-17.753999710083008,0.519847571849823,3.7103140354156494,0.012172742746770382,0.5792967081069946,0.18344669044017792,0.9143152832984924
20.9060001373291,-16.753999710083008,0.8977668285369873,3.888758659362793,0.5362614393234253,1.4957129955291748,0.1282188594341278,0.10333579033613205
20.9060001373291,-16.753999710083008,0.5724520683288574,2.2332634925842285,0.01273026131093502,0.3161442279815674,-0.2617560029029846,0.6272356510162354
20.9060001373291,-16.753999710083008,0.5663249492645264,4.395994186401367,0.012149559333920479,0.15258121490478516,0.08538798987865448,0.2694285809993744
20.9060001373291,-15.753999710083008,0.6767064332962036,5.397336483001709,0.057925887405872345,1.8467384576797485,-0.04159314185380936,0.13143205642700195
20.9060001373291,-15.753999710083008,1.0212422609329224,2.451612949371338,0.12609313428401947,0.09344196319580078,0.026963520795106888,0.4147685170173645
20.9060001373291,-15.753999710083008,1.0857648849487305,5.744974136352539,0.08192256838083267,0.04656984657049179,-0.12442000210285187,0.4537993371486664
20.9060001373291,-14.753999710083008,0.680118203163147,4.1289262771606445,0.047254644334316254,2.1578314304351807,-0.051401883363723755,0.25366950035095215
20.9060001373291,-14.753999710083008,1.0952922105789185,2.559540033340454,0.07916088402271271,0.02644115686416626,-0.02759993076324463,0.3735418915748596
20.9060001373291,-14.753999710083008,0.9729062914848328,5.831290245056152,0.0541733093559742,0.04380430653691292,-0.08849086612462997,0.37278854846954346
20.9060001373291,-13.753999710083008,0.6796591877937317,4.080737113952637,0.056960489600896835,1.9729211330413818,-0.0866437554359436,0.3015076220035553
20.9060001373291,-13.753999710083008,1.091411828994751,2.545139789581299,0.0848211944103241,0.025340639054775238,0.0796990841627121,0.2659674882888794
20.9060001373291,-13.753999710083008,0.9088635444641113,5.771303176879883,0.05229693278670311,0.05067310854792595,-0.0685184895992279,0.4325248599052429
20.9060001373291,-12.753999710083008,0.7012993097305298,5.376789093017578,0.05143856257200241,1.8871757984161377,-0.08261854201555252,0.25453346967697144
20.9060001373291,-12.753999710083008,1.0071048736572266,2.5115714073181152,0.07605063170194626,0.0200602188706398,0.17261281609535217,0.2912435233592987
20.9060001373291,-12.753999710083008,0.9646286368370056,5.679335117340088,0.051401980221271515,0.03022347204387188,-0.02246042899787426,0.45422297716140747
20.9060001373291,-11.753999710083008,0.7103086113929749,6.058529853820801,0.19777165353298187,1.0830073356628418,0.13297021389007568,0.12923885881900787
20.9060001373291,-11.753999710083008,0.607959508895874,2.0533607006073,0.02926098182797432,0.6843945980072021,-0.18931792676448822,0.7744141817092896
20.9060001373291,-11.753999710083008,0.630060076713562,5.660745143890381,0.02367771975696087,0.7360978126525879,0.03704487532377243,0.09634695947170258
20.9060001373291,-10.753999710083008,0.8447040319442749,0.5709649324417114,0.1027020663022995,1.2191904783248901,0.05440463498234749,0.21199950575828552
20.9060001373291,-10.753999710083008,0.772205114364624,1.807002067565918,0.148840069770813,2.9035775661468506,0.20022419095039368,0.4037694036960602
20.9060001373291,-10.753999710083008,0.8881029486656189,0.40204593539237976,0.08135732263326645,0.35762715339660645,-0.21788610517978668,0.3842311501502991
21.9060001373291,-19.753999710083008,0.672478437423706,2.822021722793579,0.14482901990413666,0.466680645942688,0.06242959201335907,0.0694437101483345
21.9060001373291,-19.753999710083008,0.2813166677951813,2.6204349994659424,0.08223065733909607,7.659625053405762,-0.012069182470440865,0.007241719868034124
21.9060001373291,-19.753999710083008,0.5155467391014099,3.8044381141662598,0.010468821041285992,0.09569264203310013,0.08925586938858032,0.9233145117759705
21.9060001373291,-18.753999710083008,0.6910059452056885,5.095241546630859,0.1412108689546585,0.9766727089881897,0.08048433065414429,0.1373940110206604
21.9060001373291,-18.753999710083008,0.5036484003067017,2.325932502746582,0.050811558961868286,1.2998870611190796,-0.034665752202272415,0.275311142206192
21.9060001373291,-18.753999710083008,0.6365936994552612,4.4009246826171875,0.02166597545146942,0.5229999423027039,0.24561604857444763,0.58729487657547
21.9060001373291,-17.753999710083008,0.774616003036499,4.294983863830566,0.1046789363026619,0.652731716632843,0.04198732227087021,0.48024535179138184
21.9060001373291,-17.753999710083008,0.4550970792770386,2.321536064147949,0.030852997675538063,1.3812609910964966,0.1870310753583908,0.2809242904186249
21.9060001373291,-17.753999710083008,0.5613049864768982,4.464832305908203,0.018291881307959557,0.5751516819000244,0.1670120507478714,0.2388302981853485
21.9060001373291,-16.753999710083008,0.6674870252609253,4.620876789093018,0.03567257523536682,1.5147976875305176,0.06934026628732681,0.35251951217651367
21.9060001373291,-16.753999710083008,0.8008121848106384,2.4724934101104736,0.08992454409599304,0.18087223172187805,0.18491902947425842,0.463846892118454
21.9060001373291,-16.753999710083008,0.8353481292724609,5.278021812438965,0.06940281391143799,0.15516994893550873,-0.013532974757254124,0.18363352119922638
21.9060001373291,-15.753999710083008,0.85090172290802,3.583189010620117,0.16087348759174347,2.1215219497680664,0.04776781052350998,0.12564890086650848
21.9060001373291,-15.753999710083008,1.0171879529953003,2.6402316093444824,0.0678236186504364,0.038480665534734726,0.05929312855005264,0.5011665225028992
21.9060001373291,-15.753999710083008,1.1080814599990845,5.849536418914795,0.07135200500488281,0.03664829581975937,-0.12795031070709229,0.3731846511363983
21.9060001373291,-14.753999710083008,0.7022023797035217,3.833526372909546,0.07068362087011337,2.4912712574005127,0.0026289706584066153,0.1671963632106781
21.9060001373291,-14.753999710083008,1.1689397096633911,2.6333770751953125,0.0890013575553894,0.025839760899543762,0.006793265696614981,0.3808390200138092
21.9060001373291,-14.753999710083008,1.0446784496307373,5.850773334503174,0.05855080857872963,0.042387742549180984,-0.05655072629451752,0.4519646167755127
21.9060001373291,-13.753999710083008,0.6169484257698059,3.9623756408691406,0.03267684206366539,2.278458595275879,-0.03616485744714737,0.21235324442386627
21.9060001373291,-13.753999710083008,1.2078773975372314,2.5707669258117676,0.12962214648723602,0.02140946500003338,0.15941788256168365,0.2422284334897995
21.9060001373291,-13.753999710083008,0.9575327038764954,5.786930084228516,0.04689735919237137,0.03207921236753464,-0.02810889296233654,0.5454182624816895
21.9060001373291,-12.753999710083008,0.7269077897071838,1.8481613397598267,0.050587356090545654,1.8902702331542969,-0.11426981538534164,0.554214358329773
21.9060001373291,-12.753999710083008,0.7454915046691895,2.1970319747924805,0.07787109166383743,0.11694702506065369,0.1839112490415573,0.1955339014530182
21.9060001373291,-12.753999710083008,0.749408483505249,5.7584710121154785,0.05209452286362648,0.1424035131931305,-0.04348234832286835,0.25025174021720886
21.9060001373291,-11.753999710083008,0.7244388461112976,0.7527060508728027,0.30498167872428894,1.1695315837860107,0.059898391366004944,0.018556557595729828
21.9060001373291,-11.753999710083008,0.605368971824646,1.0934206247329712,0.025035416707396507,0.4577435851097107,-0.005490000359714031,0.9801381230354309
21.9060001373291,-11.753999710083008,0.7281602621078491,0.6833707690238953,0.1353568732738495,16.57211685180664,-0.003459117840975523,0.0013053559232503176
21.9060001373291,-10.753999710083008,0.9050245881080627,1.5444453954696655,0.41830113530158997,2.3758842945098877,-0.005288341082632542,0.0012579159811139107
21.9060001373291,-10.753999710083008,0.9018746018409729,1.7568485736846924,0.15558835864067078,2.813755989074707,0.08765247464179993,0.5094676613807678
21.9060001373291,-10.753999710083008,0.7035936117172241,5.366245269775391,0.04737761616706848,0.6678413152694702,-0.06868374347686768,0.48927444219589233
22.9060001373291,-19.753999710083008,0.653743326663971,4.248641014099121,0.07519372552633286,1.3933942317962646,0.007565645966678858,0.33077478408813477
22.9060001373291,-19.753999710083008,0.5087575316429138,1.8596082925796509,0.07402005046606064,0.6343569755554199,0.22706401348114014,0.22843486070632935
22.9060001373291,-19.753999710083008,0.6000743508338928,4.731990814208984,0.022395486012101173,0.12932263314723969,0.13380372524261475,0.4407902956008911
22.9060001373291,-18.753999710083008,0.7439185380935669,5.171878814697266,0.10881207138299942,0.8606535792350769,0.02642679400742054,0.10034725815057755
22.9060001373291,-18.753999710083008,0.5282376408576965,2.018162727355957,0.027072180062532425,2.312379837036133,-0.15572524070739746,0.17437148094177246
22.9060001373291,-18.753999710083008,0.6821700930595398,4.637458324432373,0.013370449654757977,0.24069693684577942,0.14539802074432373,0.7252812385559082
22.9060001373291,-17.753999710083008,0.7708470225334167,4.5760498046875,0.0798838809132576,1.093646764755249,0.0884435847401619,0.2674393951892853
22.9060001373291,-17.753999710083008,0.616312563419342,2.6661641597747803,0.04493286460638046,1.0648518800735474,0.28318771719932556,0.6089808940887451
22.9060001373291,-17.753999710083008,0.6442636847496033,4.763362884521484,0.02348579652607441,0.18413329124450684,0.008208598010241985,0.12357978522777557
22.9060001373291,-16.753999710083008,0.7463752031326294,5.066540718078613,0.0512240007519722,1.713050365447998,-0.0366208553314209,0.2930135130882263
22.9060001373291,-16.753999710083008,0.9997017979621887,2.5359883308410645,0.1105879545211792,0.06857644021511078,0.24216504395008087,0.3263601064682007
22.9060001373291,-16.753999710083008,0.9571716785430908,5.791819095611572,0.06610437482595444,0.04967045038938522,-0.06514160335063934,0.380626380443573
22.9060001373291,-15.753999710083008,0.8518271446228027,3.4563653469085693,0.15667209029197693,1.9914745092391968,0.012334884144365788,0.15525390207767487
22.9060001373291,-15.753999710083008,1.0380549430847168,2.626821756362915,0.06680607795715332,0.02811964973807335,0.044633202254772186,0.43585294485092163
22.9060001373291,-15.753999710083008,1.084951400756836,5.89708948135376,0.06766477227210999,0.04246632009744644,-0.08616654574871063,0.4088931083679199
22.9060001373291,-14.753999710083008,0.7176953554153442,3.2738962173461914,0.07952880859375,1.7164337635040283,0.02472810260951519,0.24037165939807892
22.9060001373291,-14.753999710083008,1.1253056526184082,2.6097965240478516,0.08712512999773026,0.028005361557006836,0.08273639529943466,0.30762889981269836
22.9060001373291,-14.753999710083008,1.1334819793701172,5.88695764541626,0.07760932296514511,0.034393034875392914,-0.02152572013437748,0.4519994556903839
22.9060001373291,-13.753999710083008,0.5664918422698975,4.549061298370361,0.027042079716920853,2.34252667427063,0.015201585367321968,0.3614310622215271
22.9060001373291,-13.753999710083008,1.0841970443725586,2.6001837253570557,0.1461331993341446,0.03202507644891739,0.1729861944913864,0.23476171493530273
22.9060001373291,-13.753999710083008,1.0326513051986694,5.859808444976807,0.06891579926013947,0.027159029617905617,0.039186302572488785,0.40380725264549255
22.9060001373291,-12.753999710083008,0.8226689696311951,0.7035466432571411,0.09326835721731186,1.5347133874893188,-0.05539460852742195,0.5405067205429077
22.9060001373291,-12.753999710083008,0.6656609177589417,1.8421897888183594,0.07953667640686035,0.7492192983627319,-0.09172417968511581,0.28941377997398376
22.9060001373291,-12.753999710083008,0.7040709257125854,5.366791725158691,0.10004020482301712,1.329485535621643,0.004984373692423105,0.17007945477962494
22.9060001373291,-11.753999710083008,0.6341550350189209,5.829692840576172,0.14753574132919312,0.5935817956924438,0.34310171008110046,0.0009576521697454154
22.9060001373291,-11.753999710083008,0.8025754690170288,0.7432320713996887,0.019300539046525955,0.037224143743515015,0.3117920756340027,0.9990416169166565
22.9060001373291,-11.753999710083008,0.704649806022644,0.4231489598751068,0.7756884098052979,8.37889289855957,0.1456373929977417,6.906898875058687e-07
23.9060001373291,-20.753999710083008,0.6326532363891602,4.3286237716674805,0.009354686364531517,0.4643222391605377,-0.05033959820866585,0.9787161946296692
23.9060001373291,-20.753999710083008,0.7581180334091187,0.5742359757423401,0.35778114199638367,2.093022108078003,-0.28416380286216736,0.003001035423949361
23.9060001373291,-20.753999710083008,0.9257793426513672,5.488788604736328,0.06839039921760559,0.3523951470851898,-0.10418763756752014,0.018282802775502205
23.9060001373291,-19.753999710083008,0.6754797101020813,4.544653415679932,0.05667430907487869,2.451185703277588,-0.04870789870619774,0.2174537628889084
23.9060001373291,-19.753999710083008,0.5851578712463379,1.3536173105239868,0.07568911463022232,0.8567524552345276,0.28343120217323303,0.17526045441627502
23.9060001373291,-19.753999710083008,0.6001515984535217,5.672731399536133,0.01629374735057354,0.10699828714132309,-0.027950700372457504,0.6072857975959778
23.9060001373291,-18.753999710083008,0.5953086614608765,5.694344520568848,0.026450734585523605,0.6627539992332458,-0.01724928431212902,0.6719956994056702
23.9060001373291,-18.753999710083008,0.674769401550293,1.8427011966705322,0.07338772714138031,0.6166439652442932,-0.12658904492855072,0.14380036294460297
23.9060001373291,-18.753999710083008,0.7905253171920776,5.540428638458252,0.06483826041221619,0.34228581190109253,-0.1041729673743248,0.18420393764972687
23.9060001373291,-17.753999710083008,0.7223246693611145,4.8046088218688965,0.031902626156806946,1.4781055450439453,-0.025985345244407654,0.5750810503959656
23.9060001373291,-17.753999710083008,1.018723964691162,2.6177477836608887,0.1329481303691864,0.31326982378959656,0.3285762667655945,0.2930341362953186
23.9060001373291,-17.753999710083008,0.9089905023574829,5.69739294052124,0.06976016610860825,0.08197000622749329,-0.1987891048192978,0.1318848431110382
23.9060001373291,-16.753999710083008,0.7877114415168762,3.2987120151519775,0.11923130601644516,2.151196241378784,0.0023247499484568834,0.16015079617500305
23.9060001373291,-16.753999710083008,1.093887209892273,2.648782730102539,0.0744076520204544,0.021698782220482826,0.10087893158197403,0.45977237820625305
23.9060001373291,-16.753999710083008,0.9968506097793579,5.900723457336426,0.052644357085227966,0.03327454254031181,-0.08658995479345322,0.38007688522338867
23.9060001373291,-15.753999710083008,0.9138543605804443,3.2524075508117676,0.30033040046691895,2.192430019378662,0.026356950402259827,0.07302358001470566
23.9060001373291,-15.753999710083008,1.0697267055511475,2.6263113021850586,0.06310750544071198,0.02522336319088936,0.03528931364417076,0.4328713119029999
23.9060001373291,-15.753999710083008,1.0383343696594238,5.923458576202393,0.05467166379094124,0.035136878490448,-0.0672912746667862,0.49410510063171387
23.9060001373291,-14.753999710083008,0.7520073056221008,4.248551368713379,0.08097748458385468,1.9931389093399048,0.011768876574933529,0.13418520987033844
23.9060001373291,-14.753999710083008,1.0362911224365234,2.613980531692505,0.0769948661327362,0.026080649346113205,0.11674223095178604,0.2988077700138092
23.9060001373291,-14.753999710083008,1.182320475578308,5.902735233306885,0.08523251116275787,0.025847647339105606,-0.012794922105967999,0.5670070052146912
23.9060001373291,-13.753999710083008,0.7815093398094177,5.434190273284912,0.20236703753471375,1.2609074115753174,0.03010922111570835,0.0533856526017189
23.9060001373291,-13.753999710083008,0.5197952389717102,3.1227691173553467,0.05635618045926094,0.6804653406143188,-0.07466832548379898,0.14305102825164795
23.9060001373291,-13.753999710083008,0.5501126646995544,3.927494764328003,0.015635360032320023,0.08127670735120773,0.237249493598938,0.8035632967948914
23.9060001373291,-12.753999710083008,1.102341651916504,1.32789146900177,0.3401423990726471,0.6388165950775146,0.07314779609441757,0.541084885597229
23.9060001373291,-12.753999710083008,0.7203381061553955,1.7670199871063232,0.07786299288272858,1.3173511028289795,0.05120602995157242,0.36566412448883057
23.9060001373291,-12.753999710083008,0.792496919631958,5.710055351257324,0.16835759580135345,1.9066112041473389,-0.008780481293797493,0.09325101226568222
24.9060001373291,-19.753999710083008,0.7531846761703491,4.872005939483643,0.05083940550684929,2.4633638858795166,0.053880345076322556,0.059811342507600784
24.9060001373291,-19.753999710083008,0.7007265090942383,1.7303125858306885,0.22263683378696442,0.7210253477096558,0.2284773290157318,0.05967312306165695
24.9060001373291,-19.753999710083008,0.75453120470047,5.31413459777832,0.04345361515879631,0.07857350260019302,-0.007523174863308668,0.8805155158042908
24.9060001373291,-18.753999710083008,0.5381430387496948,6.269589424133301,0.011883324943482876,1.3067108392715454,0.024928458034992218,0.5927067995071411
24.9060001373291,-18.753999710083008,0.7744338512420654,2.327793836593628,0.1781434863805771,0.9982587695121765,-0.16391220688819885,0.1711197793483734
24.9060001373291,-18.753999710083008,0.9352241158485413,5.590662002563477,0.12768062949180603,0.21721278131008148,-0.15297208726406097,0.23617346584796906
24.9060001373291,-17.753999710083008,0.7051398158073425,4.446852684020996,0.043193016201257706,1.8522322177886963,-0.07337124645709991,0.5018396377563477
24.9060001373291,-17.753999710083008,1.0699210166931152,2.831028938293457,0.12005024403333664,0.070428267121315,0.17125950753688812,0.2590866982936859
24.9060001373291,-17.753999710083008,1.027884602546692,5.991083145141602,0.07796824723482132,0.047789566218853,-0.1750207245349884,0.2390737235546112
24.9060001373291,-16.753999710083008,0.8621296882629395,3.1767969131469727,0.1875159591436386,1.9314298629760742,-0.017319824546575546,0.13380499184131622
24.9060001373291,-16.753999710083008,1.2232352495193481,2.663278341293335,0.08767405897378922,0.01772915944457054,0.029003003612160683,0.4806799292564392
24.9060001373291,-16.753999710083008,1.0140122175216675,5.916045665740967,0.05151008442044258,0.03467688709497452,-0.0452849455177784,0.385515034198761
24.9060001373291,-15.753999710083008,0.8984495997428894,3.7073984146118164,0.24189119040966034,2.1701242923736572,0.003267947118729353,0.10931704938411713
24.9060001373291,-15.753999710083008,1.150730848312378,2.6315701007843018,0.08212428539991379,0.021153662353754044,0.04617667943239212,0.37004902958869934
24.9060001373291,-15.753999710083008,0.9870179891586304,5.913669109344482,0.04688025265932083,0.033235978335142136,-0.05711093917489052,0.5206339359283447
24.9060001373291,-14.753999710083008,0.7065624594688416,4.829927444458008,0.058311767876148224,2.592630624771118,0.006770740263164043,0.1309095323085785
24.9060001373291,-14.753999710083008,1.0614820718765259,2.6611034870147705,0.08165808022022247,0.02095334231853485,0.0657423883676529,0.3168697953224182
24.9060001373291,-14.753999710083008,1.0593043565750122,5.934128284454346,0.06453471630811691,0.02618422545492649,0.005728494375944138,0.5522206425666809
24.9060001373291,-13.753999710083008,0.9712271094322205,0.3803602159023285,0.3295501470565796,1.3277292251586914,0.03787617385387421,0.15059150755405426
24.9060001373291,-13.753999710083008,0.7131911516189575,1.4502978324890137,0.07179843634366989,0.6927780508995056,0.17368340492248535,0.30506300926208496
24.9060001373291,-13.753999710083008,0.6176003813743591,0.0013431087136268616,0.023104103282094002,0.1680663675069809,-0.0032772370614111423,0.544345498085022
24.9060001373291,-12.753999710083008,1.021728277206421,0.7779931426048279,0.21727192401885986,0.359250009059906,0.09874477237462997,0.29485899209976196
24.9060001373291,-12.753999710083008,0.7372117638587952,1.4953422546386719,0.0638536810874939,0.2779625654220581,0.16246111690998077,0.6703475713729858
24.9060001373291,-12.753999710083008,0.84955233335495,0.25060489773750305,0.27515655755996704,0.9514116048812866,0.02841823734343052,0.03479347750544548
25.9060001373291,-19.753999710083008,0.6523512601852417,4.10536003112793,0.04706035926938057,1.8041927814483643,0.1372612863779068,0.08912616968154907
25.9060001373291,-19.753999710083008,0.6836932897567749,2.0528411865234375,0.18709054589271545,0.5094660520553589,0.1460365653038025,0.03242850303649902
25.9060001373291,-19.753999710083008,0.7291281223297119,4.991466522216797,0.028123807162046432,0.08062175661325455,0.15695156157016754,0.8784453272819519
25.9060001373291,-18.753999710083008,0.5507270097732544,5.484003067016602,0.019027922302484512,1.6295686960220337,0.052087996155023575,0.4414956569671631
25.9060001373291,-18.753999710083008,0.6596329212188721,2.8336660861968994,0.11079348623752594,1.1993499994277954,-0.08618383854627609,0.21100793778896332
25.9060001373291,-18.753999710083008,0.8056102991104126,5.5154290199279785,0.058581866323947906,0.12130121141672134,-0.07950156927108765,0.34749636054039
25.9060001373291,-17.753999710083008,0.724085807800293,3.969313383102417,0.06637674570083618,2.2540860176086426,-0.04867818206548691,0.23453493416309357
25.9060001373291,-17.753999710083008,1.1015639305114746,2.7918648719787598,0.10001873970031738,0.042019620537757874,0.1469162404537201,0.3848428726196289
25.9060001373291,-17.753999710083008,1.0714995861053467,5.963824272155762,0.06770133972167969,0.04165071249008179,-0.14225980639457703,0.38062214851379395
25.9060001373291,-16.753999710083008,0.892623782157898,4.112119674682617,0.16436998546123505,2.1106579303741455,-0.05337037891149521,0.1354789435863495
25.9060001373291,-16.753999710083008,1.183754563331604,2.686462640762329,0.07540173828601837,0.02299235574901104,0.008183354511857033,0.4263876974582672
25.9060001373291,-16.753999710083008,1.1222695112228394,5.909770965576172,0.06391623616218567,0.03307533264160156,-0.07998527586460114,0.4381333589553833
25.9060001373291,-15.753999710083008,0.9023844003677368,4.13422155380249,0.1831848919391632,2.04136323928833,0.011876814067363739,0.12238525599241257
25.9060001373291,-15.753999710083008,1.225092887878418,2.676328420639038,0.09227211773395538,0.021385325118899345,0.04735376313328743,0.3366973400115967
25.9060001373291,-15.753999710083008,1.1023942232131958,5.930505275726318,0.05687711015343666,0.03189752995967865,-0.002339697675779462,0.5409173965454102
25.9060001373291,-14.753999710083008,0.6479452848434448,5.228670120239258,0.03439159318804741,2.774533987045288,-0.020592087879776955,0.1961238831281662
25.9060001373291,-14.753999710083008,1.0771880149841309,2.62859845161438,0.09763620793819427,0.02400057017803192,0.09756074845790863,0.3106844127178192
25.9060001373291,-14.753999710083008,0.9339013695716858,5.975363254547119,0.0471794530749321,0.030369944870471954,0.04263141751289368,0.49319177865982056
25.9060001373291,-13.753999710083008,0.9187256097793579,1.131911039352417,0.1655736118555069,0.7043246626853943,-0.13145895302295685,0.1476742923259735
25.9060001373291,-13.753999710083008,0.7857481837272644,1.091552495956421,0.03758438676595688,0.34527143836021423,0.5577856302261353,0.5113104581832886
25.9060001373291,-13.753999710083008,0.7002069354057312,1.2032192945480347,0.048004597425460815,0.15122412145137787,0.15831127762794495,0.3410153388977051
25.9060001373291,-12.753999710083008,1.0572060346603394,0.8357426524162292,0.1779029816389084,0.6277183294296265,0.07137957960367203,0.052202384918928146
25.9060001373291,-12.753999710083008,0.9503099322319031,1.2852728366851807,0.09418485313653946,0.07371097803115845,-0.0019315924728289247,0.9441182613372803
25.9060001373291,-12.753999710083008,0.8508466482162476,6.062815189361572,0.19952714443206787,0.7202950716018677,0.037815868854522705,0.0036793481558561325
26.9060001373291,-19.753999710083008,0.9589740633964539,4.367163181304932,0.3282109200954437,1.2440497875213623,0.026995712891221046,0.00019697083916980773
26.9060001373291,-19.753999710083008,0.5708845257759094,1.0869672298431396,0.12081602960824966,4.603875637054443,0.05853975936770439,3.414321326999925e-05
26.9060001373291,-19.753999710083008,0.8677259087562561,5.439822196960449,0.006607125513255596,0.028414197266101837,0.026996755972504616,0.9997689127922058
26.9060001373291,-18.753999710083008,0.5866639614105225,3.581615447998047,0.018459051847457886,1.0298373699188232,0.16621597111225128,0.6836346983909607
26.9060001373291,-18.753999710083008,0.6550259590148926,3.010228157043457,0.09837403893470764,1.9027612209320068,-0.0619422122836113,0.12942831218242645
26.9060001373291,-18.753999710083008,0.6916612982749939,5.415731430053711,0.030444661155343056,0.13361699879169464,-0.008514896966516972,0.18693694472312927
26.9060001373291,-17.753999710083008,0.9112958908081055,3.8657267093658447,0.25220397114753723,2.1005465984344482,0.009869994595646858,0.09822288155555725
26.9060001373291,-17.753999710083008,1.1014606952667236,2.8183040618896484,0.09681989252567291,0.06132926419377327,0.028498366475105286,0.47278887033462524
26.9060001373291,-17.753999710083008,1.0946135520935059,5.954775810241699,0.07417839020490646,0.05304036661982536,-0.11572550237178802,0.4289882481098175
26.9060001373291,-16.753999710083008,0.9626004695892334,4.411133289337158,0.23440006375312805,2.024791717529297,-0.005828647408634424,0.08831062912940979
26.9060001373291,-16.753999710083008,1.0780781507492065,2.715996503829956,0.06619875878095627,0.033250559121370316,0.035326212644577026,0.4117901623249054
26.9060001373291,-16.753999710083008,1.207778811454773,5.907551288604736,0.0815221518278122,0.028874484822154045,-0.08014481514692307,0.499899297952652
26.9060001373291,-15.753999710083008,0.861456036567688,2.540318012237549,0.149451345205307,1.926697015762329,0.0581374429166317,0.0883132666349411
26.9060001373291,-15.753999710083008,1.1337460279464722,2.6850481033325195,0.06758227199316025,0.022421516478061676,-0.04421786591410637,0.35070595145225525
26.9060001373291,-15.753999710083008,1.2296016216278076,5.938192367553711,0.07762329280376434,0.023788442835211754,-0.015643054619431496,0.5609807968139648
26.9060001373291,-14.753999710083008,0.5762864351272583,1.2336440086364746,0.016912400722503662,1.532659888267517,-0.13847589492797852,0.7179597020149231
26.9060001373291,-14.753999710083008,0.9981001615524292,2.147676467895508,0.15426896512508392,0.07616916298866272,0.12282627075910568,0.09990888088941574
26.9060001373291,-14.753999710083008,0.9546694755554199,5.895470142364502,0.08225320279598236,0.06731720268726349,0.07424543797969818,0.18213139474391937
26.9060001373291,-13.753999710083008,0.8897075653076172,0.977135181427002,0.11054738610982895,0.49107325077056885,-0.18816325068473816,0.21973641216754913
26.9060001373291,-13.753999710083008,0.8549503684043884,0.8439614176750183,0.0293077751994133,0.392513245344162,0.6566658020019531,0.3825959265232086
26.9060001373291,-13.753999710083008,0.7660059332847595,1.5423798561096191,0.056333426386117935,0.18224318325519562,0.23872987926006317,0.39766764640808105
27.9060001373291,-19.753999710083008,0.6879976987838745,3.7287232875823975,0.03197011351585388,0.22315873205661774,-0.1790558248758316,0.002649299567565322
27.9060001373291,-19.753999710083008,0.32247447967529297,1.989173173904419,0.2254275232553482,37.94716262817383,0.0006188378902152181,4.6746907855776954e-07
27.9060001373291,-19.753999710083008,0.4732893705368042,4.524116039276123,0.0026692908722907305,0.05434418469667435,-0.15967996418476105,0.9973502159118652
27.9060001373291,-18.753999710083008,0.5561482906341553,4.794804573059082,0.019138729199767113,1.6421265602111816,0.022260701283812523,0.6785748600959778
27.9060001373291,-18.753999710083008,0.6787705421447754,2.7732911109924316,0.07958824932575226,0.6525435447692871,0.10947467386722565,0.1686326116323471
27.9060001373291,-18.753999710083008,0.8328770995140076,5.990911483764648,0.044398922473192215,0.10377117246389389,-0.05812876299023628,0.15279251337051392
27.9060001373291,-17.753999710083008,0.7620357871055603,5.640517234802246,0.06772645562887192,2.0279672145843506,-0.04880492389202118,0.16219526529312134
27.9060001373291,-17.753999710083008,1.1002315282821655,2.753389358520508,0.07949462532997131,0.038636449724435806,0.07540779560804367,0.4307502508163452
27.9060001373291,-17.753999710083008,1.0401867628097534,5.992752552032471,0.05786098912358284,0.03671471029520035,-0.0737665444612503,0.40705445408821106
27.9060001373291,-16.753999710083008,0.8923339247703552,4.1060590744018555,0.18787463009357452,2.092924118041992,0.027038464322686195,0.08783385902643204
27.9060001373291,-16.753999710083008,1.0246365070343018,2.7252681255340576,0.06805101782083511,0.038368020206689835,0.015619541518390179,0.3771025836467743
27.9060001373291,-16.753999710083008,1.0943779945373535,5.979715347290039,0.06579110771417618,0.03551217541098595,-0.081257164478302,0.5350635051727295
27.9060001373291,-15.753999710083008,0.6802476644515991,3.085669994354248,0.044965509325265884,1.8871960639953613,0.07020432502031326,0.10539163649082184
27.9060001373291,-15.753999710083008,1.0593607425689697,2.750173330307007,0.07554697245359421,0.03317590430378914,-0.032062701880931854,0.2633536159992218
27.9060001373291,-15.753999710083008,1.193238377571106,5.972633361816406,0.07647160440683365,0.021326139569282532,0.01624983549118042,0.6312547326087952
27.9060001373291,-14.753999710083008,0.6973735094070435,2.305042028427124,0.18183892965316772,1.4515271186828613,-0.0733872801065445,0.10638507455587387
27.9060001373291,-14.753999710083008,0.6588106155395508,1.5238028764724731,0.05087835341691971,0.4718613624572754,-0.1851140558719635,0.8919016718864441
27.9060001373291,-14.753999710083008,0.7365578413009644,5.2475738525390625,0.12739333510398865,3.831655263900757,0.09574209153652191,0.0017133200308308005
28.9060001373291,-20.753999710083008,1.329093098640442,4.479801177978516,3.4651994705200195,0.6151267886161804,-0.05290796607732773,0.3050669729709625
28.9060001373291,-20.753999710083008,0.2576472759246826,2.185910224914551,0.0050226240418851376,0.4350152015686035,0.037577345967292786,0.45279306173324585
28.9060001373291,-20.753999710083008,0.32872700691223145,2.3827764987945557,0.01020174939185381,5.3632636070251465,0.5074846744537354,0.2421400099992752
28.9060001373291,-19.753999710083008,0.7200131416320801,4.797696113586426,0.06597432494163513,0.305946946144104,-0.08622570335865021,0.6914077401161194
28.9060001373291,-19.753999710083008,0.38416650891304016,2.8464205265045166,0.05679274722933769,1.4159578084945679,0.27962997555732727,0.01166476309299469
28.9060001373291,-19.753999710083008,0.4107394218444824,4.11729621887207,0.016422010958194733,0.1488170027732849,0.10632692277431488,0.2969275116920471
28.9060001373291,-18.753999710083008,0.5904600024223328,5.363117694854736,0.033245548605918884,1.6827669143676758,0.00040056140278466046,0.40091070532798767
28.9060001373291,-18.753999710083008,0.967293381690979,2.735309600830078,0.1813313215970993,0.14003077149391174,0.0958295613527298,0.3110627830028534
28.9060001373291,-18.753999710083008,1.0541386604309082,6.031354904174805,0.13020235300064087,0.06615220010280609,-0.1640530228614807,0.2880265712738037
28.9060001373291,-17.753999710083008,0.6893747448921204,4.823476791381836,0.02990473434329033,1.8248090744018555,-0.04947786033153534,0.23797017335891724
28.9060001373291,-17.753999710083008,1.2244064807891846,2.742363214492798,0.11246982961893082,0.04280247911810875,0.05105096101760864,0.4346266984939575
28.9060001373291,-17.753999710083008,1.0480597019195557,5.96290922164917,0.07131028920412064,0.04420659691095352,-0.10349865257740021,0.32740315794944763
28.9060001373291,-16.753999710083008,0.7350003123283386,4.2881855964660645,0.0923704206943512,2.189547300338745,0.062421590089797974,0.1062462255358696
28.9060001373291,-16.753999710083008,1.038910984992981,2.7606492042541504,0.08094895631074905,0.044590167701244354,-0.018883278593420982,0.3131810128688812
28.9060001373291,-16.753999710083008,1.0600972175598145,6.00505256652832,0.06369487941265106,0.029812360182404518,-0.05504745617508888,0.5805727243423462
28.9060001373291,-15.753999710083008,0.6056146621704102,5.665674686431885,0.024857226759195328,2.0643208026885986,0.035280417650938034,0.3612765967845917
28.9060001373291,-15.753999710083008,0.9323748350143433,2.7155144214630127,0.061957698315382004,0.04300398752093315,0.1090722605586052,0.3298759162425995
28.9060001373291,-15.753999710083008,1.1202579736709595,6.014898300170898,0.07095512747764587,0.025833748281002045,-0.013618704862892628,0.3088475167751312
28.9060001373291,-14.753999710083008,0.9893079996109009,6.15760612487793,0.4484081268310547,1.0212266445159912,0.015703251585364342,0.14162181317806244
28.9060001373291,-14.753999710083008,0.7060540914535522,1.5445709228515625,0.03787575289607048,0.27081984281539917,-0.3877580165863037,0.853399395942688
28.9060001373291,-14.753999710083008,0.8490303754806519,5.321328163146973,0.09954270720481873,2.550234317779541,0.1516132354736328,0.004978771787136793
29.9060001373291,-21.753999710083008,0.9492703080177307,4.9362711906433105,0.06868188083171844,0.13538029789924622,-0.2955174744129181,0.8794870376586914
29.9060001373291,-21.753999710083008,0.5729560256004333,3.039241313934326,0.09673532843589783,1.3368009328842163,0.38014233112335205,0.0006161496858112514
29.9060001373291,-21.753999710083008,0.5516000390052795,3.6566617488861084,0.006329567637294531,0.238237664103508,0.13954593241214752,0.1198967695236206
29.9060001373291,-20.753999710083008,1.096686601638794,3.4448623657226562,0.26645874977111816,0.956361711025238,-0.003206575056537986,0.3510339558124542
29.9060001373291,-20.753999710083008,0.5030312538146973,3.905043363571167,0.008981144987046719,0.23355306684970856,-0.04860227555036545,0.26838329434394836
29.9060001373291,-20.753999710083008,0.5178953409194946,3.3350136280059814,0.008216625079512596,0.9232347011566162,0.3147405982017517,0.3805827796459198
29.9060001373291,-19.753999710083008,0.6417449712753296,6.14543342590332,0.053109776228666306,0.9305603504180908,-0.00020365710952319205,0.6467339396476746
29.9060001373291,-19.753999710083008,0.643125057220459,1.8250263929367065,0.1186402440071106,1.3603379726409912,0.06909061223268509,0.06679368764162064
29.9060001373291,-19.753999710083008,0.6423801779747009,5.506433486938477,0.03932185471057892,0.29366806149482727,-0.06345702707767487,0.2864723801612854
29.9060001373291,-18.753999710083008,0.7595311403274536,4.782622814178467,0.06229312717914581,1.5541057586669922,-0.09574098885059357,0.26301464438438416
29.9060001373291,-18.753999710083008,1.3018229007720947,2.678623914718628,0.194180428981781,0.032132212072610855,0.22122181951999664,0.36624276638031006
29.9060001373291,-18.753999710083008,1.0930516719818115,5.939657211303711,0.0795731320977211,0.041659750044345856,-0.0323348194360733,0.3707426190376282
29.9060001373291,-17.753999710083008,0.9265519380569458,4.109023094177246,0.17986559867858887,1.7287911176681519,-0.03209901601076126,0.07415703684091568
29.9060001373291,-17.753999710083008,1.2349565029144287,2.6897854804992676,0.10965125262737274,0.023268839344382286,0.05023428052663803,0.4192192852497101
29.9060001373291,-17.753999710083008,1.0316892862319946,6.030308723449707,0.0539558045566082,0.038272202014923096,-0.09238755702972412,0.5066236853599548
29.9060001373291,-16.753999710083008,0.8831217885017395,2.698258876800537,0.18839693069458008,2.458061456680298,0.0707368478178978,0.07259416580200195
29.9060001373291,-16.753999710083008,1.2031351327896118,2.7012100219726562,0.10640929639339447,0.025387201458215714,0.0032877111807465553,0.25442081689834595
29.9060001373291,-16.753999710083008,1.0228402614593506,6.005084991455078,0.04675690829753876,0.031728267669677734,-0.06471765041351318,0.6729850769042969
29.9060001373291,-15.753999710083008,0.5807192325592041,5.478155136108398,0.020450618118047714,2.045098304748535,0.06814953684806824,0.5313045978546143
29.9060001373291,-15.753999710083008,0.6849936246871948,2.683969736099243,0.06600701808929443,0.271793007850647,0.11225467175245285,0.3448057174682617
29.9060001373291,-15.753999710083008,0.8880333304405212,5.89976167678833,0.07343631237745285,0.06664279103279114,-0.10645774006843567,0.12388959527015686
29.9060001373291,-14.753999710083008,0.8279745578765869,1.0341906547546387,0.6685781478881836,1.762073278427124,-0.04421474412083626,0.010377200320363045
29.9060001373291,-14.753999710083008,0.5606476664543152,1.3281264305114746,0.033813055604696274,0.13332653045654297,-0.21311423182487488,0.9887561202049255
29.9060001373291,-14.753999710083008,0.6614206433296204,4.569911956787109,0.15160588920116425,6.550518035888672,0.3441256582736969,0.0008666895446367562
30.9060001373291,-21.753999710083008,0.9642335772514343,4.011415481567383,0.12347989529371262,0.23876123130321503,-0.2305804193019867,0.7227040529251099
30.9060001373291,-21.753999710083008,0.697595477104187,2.906085252761841,0.14009831845760345,1.3657047748565674,0.33885249495506287,0.0019105167593806982
30.9060001373291,-21.753999710083008,0.6054851412773132,4.436528205871582,0.011976761743426323,0.20434390008449554,0.1933594048023224,0.27538543939590454
30.9060001373291,-20.753999710083008,0.8974530100822449,4.733241081237793,0.19013619422912598,2.860948324203491,0.2646857798099518,0.3269388973712921
30.9060001373291,-20.753999710083008,0.6271248459815979,3.4354965686798096,0.031620368361473083,0.2665729522705078,-0.010638796724379063,0.556033730506897
30.9060001373291,-20.753999710083008,0.6614871621131897,5.877777576446533,0.02540237456560135,0.4605390131473541,-0.12910784780979156,0.11702747642993927
30.9060001373291,-19.753999710083008,0.6754289865493774,5.138458728790283,0.01785222440958023,1.275964379310608,-0.045731835067272186,0.6817531585693359
30.9060001373291,-19.753999710083008,1.1441240310668945,2.926640272140503,0.3447217047214508,0.30075007677078247,0.04173421114683151,0.17662391066551208
30.9060001373291,-19.753999710083008,1.2451435327529907,5.829813480377197,0.21726426482200623,0.06413612514734268,-0.08804359287023544,0.14162293076515198
30.9060001373291,-18.753999710083008,0.949406087398529,3.124084234237671,0.1748988777399063,1.3678706884384155,-0.055553585290908813,0.24907256662845612
30.9060001373291,-18.753999710083008,1.3502452373504639,2.7211477756500244,0.18534664809703827,0.02858913503587246,0.09454774856567383,0.3911669850349426
30.9060001373291,-18.753999710083008,1.2325900793075562,5.8883185386657715,0.09242110699415207,0.028576774522662163,-0.04930887371301651,0.35976046323776245
30.9060001373291,-17.753999710083008,1.0456187725067139,3.685708522796631,0.3250671625137329,2.0001349449157715,0.0075476584024727345,0.1898880898952484
30.9060001373291,-17.753999710083008,1.3003087043762207,2.725017547607422,0.15471488237380981,0.03161356970667839,0.04621582850813866,0.34255272150039673
30.9060001373291,-17.753999710083008,1.1720824241638184,5.925995349884033,0.07014738768339157,0.029296595603227615,-0.02510240487754345,0.46755915880203247
30.9060001373291,-16.753999710083008,0.7600626349449158,2.8970136642456055,0.07835590094327927,2.0698604583740234,0.03677261248230934,0.1322592943906784
30.9060001373291,-16.753999710083008,1.2873600721359253,2.697904586791992,0.1583154946565628,0.02369196154177189,0.11455713212490082,0.18656452000141144
30.9060001373291,-16.753999710083008,1.053523063659668,6.031771183013916,0.05492449551820755,0.02836325764656067,-0.0023957923986017704,0.6811761856079102
30.9060001373291,-15.753999710083008,0.7402346134185791,5.2659454345703125,0.16665148735046387,1.4281489849090576,-0.024068467319011688,0.16463236510753632
30.9060001373291,-15.753999710083008,0.631523847579956,1.6486696004867554,0.04762818291783333,1.0747756958007812,0.13606581091880798,0.24877476692199707
30.9060001373291,-15.753999710083008,0.6070662140846252,5.180533409118652,0.023556489497423172,0.25786495208740234,0.08489730209112167,0.5865928530693054
30.9060001373291,-14.753999710083008,0.8295313119888306,2.315156936645508,0.41321665048599243,1.024444341659546,0.019413787871599197,0.013813873752951622
30.9060001373291,-14.753999710083008,0.5912871956825256,0.9967607259750366,0.029873009771108627,0.17548918724060059,-0.1590745747089386,0.9842324256896973
30.9060001373291,-14.753999710083008,0.7083927392959595,5.489737033843994,0.18924802541732788,6.885488510131836,0.332466721534729,0.001953702885657549
31.9060001373291,-23.753999710083008,0.7691080570220947,1.446624517440796,0.0762670710682869,1.0395032167434692,0.04091349616646767,0.047298647463321686
31.9060001373291,-23.753999710083008,0.7494811415672302,0.5944486260414124,0.20639227330684662,0.9704321622848511,0.2664560377597809,0.0460645966231823
31.9060001373291,-23.753999710083008,0.6941176652908325,4.936435222625732,0.028349628672003746,0.22060586512088776,0.11956817656755447,0.9066367745399475
31.9060001373291,-22.753999710083008,1.0504577159881592,3.093193292617798,0.14009039103984833,0.2535293698310852,0.1601628065109253,0.08920390903949738
31.9060001373291,-22.753999710083008,0.6571144461631775,1.1517930030822754,0.035185180604457855,1.2577629089355469,-0.17054829001426697,0.003391512203961611
31.9060001373291,-22.753999710083008,0.60671466588974,3.879835605621338,0.021739523857831955,0.3441968858242035,0.06481979787349701,0.9074046015739441
31.9060001373291,-21.753999710083008,0.862397313117981,4.414276123046875,0.06483792513608932,0.4034244120121002,-0.17069880664348602,0.40025386214256287
31.9060001373291,-21.753999710083008,0.667576789855957,2.435866594314575,0.07911895960569382,1.785768985748291,0.21497394144535065,0.011034849099814892
31.9060001373291,-21.753999710083008,0.6015756130218506,4.401902198791504,0.011059029959142208,0.22373001277446747,0.2160448580980301,0.5887112617492676
31.9060001373291,-20.753999710083008,0.9350229501724243,4.010498046875,0.3846356272697449,2.7389256954193115,0.2657131552696228,0.21735471487045288
31.9060001373291,-20.753999710083008,0.5136373043060303,2.8201563358306885,0.039643291383981705,2.1188931465148926,-0.08807504922151566,0.5180778503417969
31.9060001373291,-20.753999710083008,0.6579315662384033,5.433166027069092,0.028834041208028793,0.9106405377388,-0.02243819274008274,0.26456740498542786
31.9060001373291,-19.753999710083008,0.8127816319465637,5.142545700073242,0.052083853632211685,1.9899146556854248,-0.09006798267364502,0.14768485724925995
31.9060001373291,-19.753999710083008,1.1559059619903564,2.7967562675476074,0.12601280212402344,0.05385645851492882,0.03471218794584274,0.49835705757141113
31.9060001373291,-19.753999710083008,1.376452922821045,5.875917434692383,0.16837404668331146,0.025044932961463928,-0.10770034044981003,0.3539581000804901
31.9060001373291,-18.753999710083008,0.9748855829238892,2.7011568546295166,0.25915512442588806,1.4339097738265991,-0.01869218982756138,0.12699024379253387
31.9060001373291,-18.753999710083008,1.264750361442566,2.721097707748413,0.15522484481334686,0.036961860954761505,0.033421941101551056,0.37776297330856323
31.9060001373291,-18.753999710083008,1.224360466003418,5.919797897338867,0.1104104146361351,0.0381879061460495,-0.06838973611593246,0.4952467978000641
31.9060001373291,-17.753999710083008,1.0132992267608643,3.9620754718780518,0.3266235291957855,1.7761516571044922,0.014026142656803131,0.13012178242206573
31.9060001373291,-17.753999710083008,1.2370902299880981,2.8180487155914307,0.1516178846359253,0.05835094302892685,0.011369660496711731,0.3303458094596863
31.9060001373291,-17.753999710083008,1.2232707738876343,5.9523749351501465,0.09339844435453415,0.04064866527915001,-0.0627904161810875,0.5395323634147644
31.9060001373291,-16.753999710083008,0.6436397433280945,3.4816250801086426,0.047721073031425476,1.6458944082260132,0.030511610209941864,0.14697271585464478
31.9060001373291,-16.753999710083008,1.146096110343933,2.7668893337249756,0.13211315870285034,0.042746592313051224,0.04407288134098053,0.1848939061164856
31.9060001373291,-16.753999710083008,1.1022989749908447,6.025711536407471,0.07542692869901657,0.0371582955121994,-0.05006267875432968,0.6681333780288696
31.9060001373291,-15.753999710083008,1.030374526977539,0.21519573032855988,0.3487044870853424,1.4537750482559204,-0.05018512159585953,0.40311601758003235
31.9060001373291,-15.753999710083008,0.7594690918922424,1.5577563047409058,0.15765587985515594,0.9952174425125122,0.3575085997581482,0.0795515850186348
31.9060001373291,-15.753999710083008,0.6570751667022705,5.925221920013428,0.03082987293601036,0.1479128748178482,0.035803716629743576,0.5173324942588806
31.9060001373291,-14.753999710083008,1.1034547090530396,0.02071242965757847,0.2258237898349762,1.09335458278656,-0.07380728423595428,0.26856860518455505
31.9060001373291,-14.753999710083008,0.8937036395072937,0.890762209892273,0.11838614195585251,0.5222238898277283,0.24375204741954803,0.07824095338582993
31.9060001373291,-14.753999710083008,0.946312665939331,0.3279302716255188,0.07685873657464981,0.06895827502012253,0.04802267998456955,0.6531904935836792
32.90599822998047,-22.753999710083008,0.6304827332496643,5.617671012878418,0.053856201469898224,1.062415361404419,0.027619263157248497,0.6485985517501831
32.90599822998047,-22.753999710083008,0.5854414105415344,2.878998279571533,0.24058471620082855,1.441366195678711,0.2221241444349289,0.026928726583719254
32.90599822998047,-22.753999710083008,0.7914032340049744,5.015591621398926,0.11174850165843964,0.12027215957641602,0.1982170045375824,0.32447269558906555
32.90599822998047,-21.753999710083008,0.6507644653320312,5.662361145019531,0.04513269662857056,0.5691133737564087,-0.24111872911453247,0.07826513051986694
32.90599822998047,-21.753999710083008,0.6055554747581482,2.6573188304901123,0.02413986250758171,0.3341608941555023,-0.11014445126056671,0.03401624783873558
32.90599822998047,-21.753999710083008,0.5874947905540466,3.994546413421631,0.005894693545997143,0.32162269949913025,0.04547708109021187,0.8877186179161072
32.90599822998047,-20.753999710083008,0.6079055070877075,3.490220785140991,0.05817767605185509,1.4270375967025757,0.0809277817606926,0.4357324540615082
32.90599822998047,-20.753999710083008,0.5113005638122559,2.592440128326416,0.05829882621765137,1.3661985397338867,0.036045633256435394,0.20495262742042542
32.90599822998047,-20.753999710083008,0.6663872003555298,4.599498748779297,0.02465168759226799,0.3855651319026947,0.06587798148393631,0.359314888715744
32.90599822998047,-19.753999710083008,0.7770845890045166,4.215405464172363,0.0787038505077362,2.0013763904571533,-0.03816293552517891,0.17558637261390686
32.90599822998047,-19.753999710083008,1.0153204202651978,2.691345453262329,0.07264245301485062,0.04128706455230713,0.06866289675235748,0.4599897265434265
32.90599822998047,-19.753999710083008,1.258185863494873,5.949256896972656,0.11940130591392517,0.02307870239019394,-0.07346320152282715,0.364423930644989
32.90599822998047,-18.753999710083008,0.9226884245872498,3.593829393386841,0.20769093930721283,2.1548733711242676,0.0339507982134819,0.08548536896705627
32.90599822998047,-18.753999710083008,1.0877726078033447,2.815028667449951,0.07648996263742447,0.04599544405937195,0.06935752183198929,0.41979581117630005
32.90599822998047,-18.753999710083008,1.2536555528640747,5.98268985748291,0.1016378253698349,0.03018292970955372,-0.12985683977603912,0.49471890926361084
32.90599822998047,-17.753999710083008,0.8698987364768982,5.087385177612305,0.15634840726852417,1.9301247596740723,0.006726364139467478,0.09864240884780884
32.90599822998047,-17.753999710083008,1.0578765869140625,2.9290924072265625,0.0949835255742073,0.0949660912156105,0.0005266664666123688,0.3563823103904724
32.90599822998047,-17.753999710083008,1.289198875427246,6.012765407562256,0.11067800223827362,0.03218574449419975,-0.13371986150741577,0.5449752807617188
32.90599822998047,-16.753999710083008,0.5143525004386902,6.12965202331543,0.04543660953640938,1.5873826742172241,-0.00030577517463825643,0.4102405309677124
32.90599822998047,-16.753999710083008,0.5575699210166931,3.1274707317352295,0.03387747332453728,0.5933336615562439,-0.012038510292768478,0.4924705922603607
32.90599822998047,-16.753999710083008,0.7269490361213684,0.18293875455856323,0.02929883822798729,0.3564107120037079,-0.22390428185462952,0.09728886932134628
32.90599822998047,-15.753999710083008,1.122457504272461,0.5126606225967407,0.34037306904792786,0.9719266891479492,0.06184764951467514,0.28308144211769104
32.90599822998047,-15.753999710083008,0.7771956324577332,1.5590029954910278,0.4376881718635559,1.4892657995224,0.24737165868282318,0.007829437032341957
32.90599822998047,-15.753999710083008,0.6486077308654785,0.19161857664585114,0.04469628632068634,0.061311133205890656,-0.26211225986480713,0.7090891003608704
33.90599822998047,-22.753999710083008,0.7415062785148621,5.49271297454834,0.11058676987886429,0.6616412401199341,0.04126700013875961,0.5653852820396423
33.90599822998047,-22.753999710083008,0.6467958092689514,3.5561139583587646,0.19237495958805084,1.5000048875808716,0.10473974049091339,0.03298814594745636
33.90599822998047,-22.753999710083008,0.8724097013473511,4.980924606323242,0.09843363612890244,0.12743355333805084,0.1186220794916153,0.4016266465187073
33.90599822998047,-21.753999710083008,0.5183694958686829,5.034971237182617,0.029232699424028397,0.7014797329902649,-0.1416439414024353,0.1174674853682518
33.90599822998047,-21.753999710083008,0.5324319005012512,2.4041342735290527,0.030892495065927505,1.2443195581436157,-0.11818291991949081,0.2156461477279663
33.90599822998047,-21.753999710083008,0.606529176235199,4.378746032714844,0.014636944979429245,0.6787436008453369,0.04989354684948921,0.6668863296508789
33.90599822998047,-20.753999710083008,0.5924189686775208,5.515489101409912,0.030594730749726295,2.406604290008545,0.03574675694108009,0.4329850375652313
33.90599822998047,-20.753999710083008,0.9925800561904907,2.5566630363464355,0.1383071392774582,0.10195418447256088,0.13669419288635254,0.3791050314903259
33.90599822998047,-20.753999710083008,1.0067224502563477,5.738215923309326,0.10046793520450592,0.0805974006652832,0.034575119614601135,0.18790997564792633
33.90599822998047,-19.753999710083008,0.8244565725326538,4.223759651184082,0.1613004505634308,2.3930275440216064,-0.0016175718046724796,0.09713494032621384
33.90599822998047,-19.753999710083008,1.0956690311431885,2.7353150844573975,0.09170881658792496,0.0387657955288887,0.009489066898822784,0.4786578416824341
33.90599822998047,-19.753999710083008,1.0716882944107056,5.9677863121032715,0.08043350279331207,0.03109404630959034,-0.018000666052103043,0.4242072105407715
33.90599822998047,-18.753999710083008,0.8563956022262573,4.202374458312988,0.11881495267152786,1.5579452514648438,0.030606776475906372,0.2039981335401535
33.90599822998047,-18.753999710083008,1.023877501487732,2.8423523902893066,0.0768505111336708,0.08503905683755875,0.09500811994075775,0.3156439960002899
33.90599822998047,-18.753999710083008,1.102504849433899,6.084163665771484,0.07479137927293777,0.043900348246097565,-0.023397238925099373,0.4803578853607178
33.90599822998047,-17.753999710083008,0.7698974609375,5.838242530822754,0.09740584343671799,1.7706608772277832,0.008022405207157135,0.11831551045179367
33.90599822998047,-17.753999710083008,1.0037860870361328,2.9683854579925537,0.09949883818626404,0.08893318474292755,-0.014954502694308758,0.2627240717411041
33.90599822998047,-17.753999710083008,1.1485192775726318,6.1205291748046875,0.07851298153400421,0.02604352869093418,-0.04904117062687874,0.618960440158844
33.90599822998047,-16.753999710083008,0.6217929720878601,0.40900760889053345,0.06893734633922577,1.3408886194229126,0.03973684087395668,0.31542280316352844
33.90599822998047,-16.753999710083008,0.5206977725028992,3.4435131549835205,0.03249693289399147,1.618312120437622,-0.12684087455272675,0.36175665259361267
33.90599822998047,-16.753999710083008,0.6218892335891724,0.034875791519880295,0.016085607931017876,0.45661845803260803,-0.12816362082958221,0.3228204846382141
33.90599822998047,-15.753999710083008,1.040960669517517,1.1845762729644775,0.3706434369087219,1.1204293966293335,0.06700029969215393,0.45278480648994446
33.90599822998047,-15.753999710083008,0.7003327012062073,1.8530296087265015,0.22993244230747223,2.4911153316497803,0.07868826389312744,0.04994777962565422
33.90599822998047,-15.753999710083008,0.6043933629989624,6.2719221115112305,0.035692356526851654,0.1230197548866272,-0.19283996522426605,0.497267484664917
34.90599822998047,-22.753999710083008,0.8632324934005737,4.098621368408203,0.37753409147262573,0.7286364436149597,0.16533800959587097,0.08963622897863388
34.90599822998047,-22.753999710083008,0.5791286826133728,4.206705093383789,0.1845010221004486,2.151127338409424,-0.04023970663547516,0.01812349446117878
34.90599822998047,-22.753999710083008,0.6820580959320068,4.656291961669922,0.05969581380486488,0.1889757215976715,0.04632562771439552,0.8922403454780579
34.90599822998047,-21.753999710083008,0.6634132862091064,4.235090255737305,0.06505527347326279,2.0609190464019775,0.014016173779964447,0.23449721932411194
34.90599822998047,-21.753999710083008,0.5801393389701843,1.7138806581497192,0.016090555116534233,0.37177255749702454,-0.044742733240127563,0.6752465963363647
34.90599822998047,-21.753999710083008,0.6663118004798889,5.810927867889404,0.023454774171113968,0.5737018585205078,0.05659632012248039,0.09025616198778152
34.90599822998047,-20.753999710083008,0.7165608406066895,5.4459943771362305,0.04485592618584633,2.193204641342163,-0.04018862918019295,0.19741220772266388
34.90599822998047,-20.753999710083008,1.1865851879119873,2.7545971870422363,0.14034993946552277,0.04425203800201416,0.13484720885753632,0.37983107566833496
34.90599822998047,-20.753999710083008,1.1782655715942383,5.94462251663208,0.09826640039682388,0.031034529209136963,-0.08305279910564423,0.42275670170783997
34.90599822998047,-19.753999710083008,0.8856184482574463,3.8757314682006836,0.13480210304260254,2.214599609375,0.023947615176439285,0.050812024623155594
34.90599822998047,-19.753999710083008,1.195071816444397,2.771202325820923,0.10111888498067856,0.039530325680971146,0.08291678875684738,0.48780307173728943
34.90599822998047,-19.753999710083008,1.0761727094650269,5.986851215362549,0.0558650977909565,0.03306738659739494,-0.038232479244470596,0.46138492226600647
34.90599822998047,-18.753999710083008,0.9415834546089172,4.904149055480957,0.22200869023799896,1.6851578950881958,0.04599275067448616,0.0744575560092926
34.90599822998047,-18.753999710083008,1.068827748298645,2.806633949279785,0.07220738381147385,0.06219642609357834,0.11450610309839249,0.3855701982975006
34.90599822998047,-18.753999710083008,1.0879520177841187,6.047826290130615,0.059180594980716705,0.03586079180240631,0.050432801246643066,0.5399722456932068
34.90599822998047,-17.753999710083008,0.777450442314148,6.07677698135376,0.09213753789663315,1.82722806930542,0.03790714219212532,0.11524742841720581
34.90599822998047,-17.753999710083008,1.1022990942001343,2.9339418411254883,0.12178204208612442,0.07270771265029907,0.041445158421993256,0.289481520652771
34.90599822998047,-17.753999710083008,1.027371883392334,6.151388645172119,0.050619497895240784,0.026818398386240005,0.029811374843120575,0.5952710509300232
34.90599822998047,-16.753999710083008,0.6895941495895386,1.4473820924758911,0.1033114641904831,1.4715635776519775,-0.019739555194973946,0.2923058271408081
34.90599822998047,-16.753999710083008,0.5535749793052673,2.4422173500061035,0.039738938212394714,1.4778132438659668,0.02060995064675808,0.5050758719444275
34.90599822998047,-16.753999710083008,0.5880907773971558,0.4223231077194214,0.023598525673151016,0.5264121890068054,0.003185453824698925,0.20261822640895844
34.90599822998047,-15.753999710083008,0.829990565776825,6.023637771606445,0.4192618131637573,0.7188063859939575,0.12614931166172028,0.03630176559090614
34.90599822998047,-15.753999710083008,0.6232563257217407,0.6660409569740295,0.029970673844218254,0.34454524517059326,-0.09439142048358917,0.9605610966682434
34.90599822998047,-15.753999710083008,0.6035029888153076,0.5751745700836182,0.09444349259138107,2.6210317611694336,0.13025327026844025,0.00313713401556015
35.90599822998047,-23.753999710083008,0.7010097503662109,4.474161624908447,0.08187191933393478,0.7015010714530945,-0.0781058818101883,0.5501955151557922
35.90599822998047,-23.753999710083008,0.6525994539260864,3.1984915733337402,0.2754257321357727,1.1935927867889404,-0.0675303190946579,0.02695666253566742
35.90599822998047,-23.753999710083008,0.7274087071418762,4.668288707733154,0.06385587155818939,0.09859254956245422,-0.02702498622238636,0.42284783720970154
35.90599822998047,-22.753999710083008,1.030885934829712,4.430125713348389,0.44782739877700806,1.544419765472412,0.14531676471233368,0.19657617807388306
35.90599822998047,-22.753999710083008,0.6039609909057617,4.498118877410889,0.1070408746600151,4.4072651863098145,-0.24629324674606323,0.07619936019182205
35.90599822998047,-22.753999710083008,0.6782276034355164,4.899059295654297,0.027737215161323547,0.5368903279304504,-0.1260724812746048,0.7272244095802307
35.90599822998047,-21.753999710083008,0.6569547653198242,5.672456741333008,0.05784178897738457,1.6187494993209839,0.05338864028453827,0.4142487943172455
35.90599822998047,-21.753999710083008,0.6024335622787476,2.211148262023926,0.044448573142290115,0.5845810174942017,0.24895155429840088,0.4596937298774719
35.90599822998047,-21.753999710083008,0.7669355273246765,0.2917078137397766,0.04302515462040901,0.22234973311424255,-0.0921396017074585,0.1260574460029602
35.90599822998047,-20.753999710083008,0.8177698850631714,5.168224334716797,0.10562114417552948,2.3082900047302246,-0.02808304689824581,0.07411535829305649
35.90599822998047,-20.753999710083008,1.083390474319458,2.733882188796997,0.09030140191316605,0.051471855491399765,0.0076429592445492744,0.4536123275756836
35.90599822998047,-20.753999710083008,1.1970477104187012,5.969395160675049,0.08273003995418549,0.028072183951735497,-0.15711894631385803,0.4722723364830017
35.90599822998047,-19.753999710083008,0.8549148440361023,3.3719913959503174,0.07324694097042084,1.8232524394989014,0.05813049152493477,0.04736059531569481
35.90599822998047,-19.753999710083008,1.1463922262191772,2.7747552394866943,0.08826904743909836,0.03749570623040199,0.04447779059410095,0.43922656774520874
35.90599822998047,-19.753999710083008,1.1508800983428955,6.0002570152282715,0.060100387781858444,0.03089466132223606,-0.0398438461124897,0.5134127736091614
35.90599822998047,-18.753999710083008,0.9906157851219177,4.155026435852051,0.3118858337402344,1.4644395112991333,0.08513985574245453,0.030820731073617935
35.90599822998047,-18.753999710083008,1.1598172187805176,2.8453400135040283,0.09687328338623047,0.06685113906860352,0.11992549151182175,0.3572891354560852
35.90599822998047,-18.753999710083008,1.081221580505371,6.04822301864624,0.054664768278598785,0.038728419691324234,0.049807850271463394,0.6118901371955872
35.90599822998047,-17.753999710083008,0.8631168603897095,5.282997131347656,0.17052686214447021,1.8476061820983887,0.0858033150434494,0.05784856900572777
35.90599822998047,-17.753999710083008,1.1849337816238403,2.965174436569214,0.1353691667318344,0.08051487803459167,0.0669989362359047,0.29613518714904785
35.90599822998047,-17.753999710083008,1.0224635601043701,6.147150993347168,0.043986573815345764,0.030223356559872627,0.04888222739100456,0.6460161805152893
35.90599822998047,-16.753999710083008,0.5935124158859253,6.083609580993652,0.05495715141296387,1.1961828470230103,-0.013334764167666435,0.40037861466407776
35.90599822998047,-16.753999710083008,0.5609671473503113,1.6266705989837646,0.04660745710134506,1.2243596315383911,-0.12927184998989105,0.3466559648513794
35.90599822998047,-16.753999710083008,0.6328544020652771,0.16612495481967926,0.030326083302497864,0.9156343340873718,0.005788058042526245,0.25296545028686523
35.90599822998047,-15.753999710083008,0.7133300304412842,2.895498275756836,0.3515644073486328,0.5740708708763123,0.2512243390083313,0.02518700249493122
35.90599822998047,-15.753999710083008,0.505195677280426,5.948367118835449,0.013799031265079975,0.3273915648460388,-0.30163589119911194,0.9692739844322205
35.90599822998047,-15.753999710083008,0.5706444978713989,6.262223720550537,0.047520361840724945,11.80112075805664,0.13064488768577576,0.0055389548651874065
36.90599822998047,-24.753999710083008,1.0930416584014893,4.865784645080566,0.13451530039310455,0.5151847004890442,-0.06161347031593323,0.01552300713956356
36.90599822998047,-24.753999710083008,0.9593282341957092,3.515739917755127,0.0781632512807846,0.13559630513191223,0.5858747363090515,0.006748255342245102
36.90599822998047,-24.753999710083008,0.9436890482902527,4.849960803985596,0.032862067222595215,0.015142210759222507,0.023549925535917282,0.9777287840843201
36.90599822998047,-23.753999710083008,0.45575445890426636,5.982725143432617,0.03658674657344818,1.2496461868286133,-0.11884834617376328,0.05310450494289398
36.90599822998047,-23.753999710083008,0.5505356788635254,3.016989231109619,0.09405864775180817,0.1121554896235466,0.09511993080377579,0.09264403581619263
36.90599822998047,-23.753999710083008,0.7731213569641113,4.6302385330200195,0.06588822603225708,0.03583163395524025,-0.05307212844491005,0.854251503944397
36.90599822998047,-22.753999710083008,0.761640727519989,4.459539413452148,0.058221470564603806,0.6899583339691162,0.08245136588811874,0.6120308637619019
36.90599822998047,-22.753999710083008,0.6503562331199646,2.971590042114258,0.09201837331056595,4.502443313598633,-0.03866377845406532,0.12823812663555145
36.90599822998047,-22.753999710083008,0.6951425671577454,5.818223476409912,0.04105978459119797,0.6276999115943909,-0.015392203815281391,0.2597309947013855
36.90599822998047,-21.753999710083008,0.733083963394165,6.179483890533447,0.03833722323179245,1.6962567567825317,-0.09095557034015656,0.47968974709510803
36.90599822998047,-21.753999710083008,1.010137915611267,2.670628070831299,0.11584575474262238,0.056080203503370285,0.2427208572626114,0.3099275529384613
36.90599822998047,-21.753999710083008,1.0040758848190308,5.986822605133057,0.1029091328382492,0.06438963115215302,-0.04656694829463959,0.21038265526294708
36.90599822998047,-20.753999710083008,0.8784382343292236,4.493779182434082,0.15842945873737335,2.2195518016815186,0.001180226681753993,0.10280387848615646
36.90599822998047,-20.753999710083008,1.0530465841293335,2.714853286743164,0.06605652719736099,0.030820811167359352,-0.007338005118072033,0.4613267183303833
36.90599822998047,-20.753999710083008,1.1590309143066406,5.954498291015625,0.08577321469783783,0.030421296134591103,-0.05518428608775139,0.435869425535202
36.90599822998047,-19.753999710083008,0.9297481775283813,2.928518295288086,0.1477312594652176,1.6911892890930176,0.08347723633050919,0.039121635258197784
36.90599822998047,-19.753999710083008,1.0928837060928345,2.743389368057251,0.07532237470149994,0.033530816435813904,0.013495152816176414,0.45468568801879883
36.90599822998047,-19.753999710083008,1.140568494796753,6.006884574890137,0.06959779560565948,0.04095831513404846,-0.037001367658376694,0.506192684173584
36.90599822998047,-18.753999710083008,0.9696417450904846,3.212759017944336,0.3289079964160919,1.6485484838485718,0.15806013345718384,0.019996289163827896
36.90599822998047,-18.753999710083008,1.1461586952209473,2.853301525115967,0.09990072250366211,0.08359046280384064,0.05616983771324158,0.21686191856861115
36.90599822998047,-18.753999710083008,1.1093755960464478,6.053712368011475,0.06116176396608353,0.048101842403411865,0.026953617110848427,0.7631418108940125
36.90599822998047,-17.753999710083008,0.8419589400291443,3.9766387939453125,0.1558399200439453,1.966366171836853,0.10240737348794937,0.07483863830566406
36.90599822998047,-17.753999710083008,1.274107575416565,3.051598072052002,0.16989652812480927,0.09428451955318451,0.09666237235069275,0.2729000449180603
36.90599822998047,-17.753999710083008,1.0760871171951294,6.17688512802124,0.053112685680389404,0.03476058691740036,0.05608198791742325,0.6522613763809204
36.90599822998047,-16.753999710083008,0.8152369856834412,2.558408498764038,0.2043164223432541,0.8146892786026001,0.26765602827072144,0.18063730001449585
36.90599822998047,-16.753999710083008,0.5712336897850037,1.497317910194397,0.02225666493177414,0.3759426772594452,-0.17587590217590332,0.6590189933776855
36.90599822998047,-16.753999710083008,0.6211875677108765,4.745537281036377,0.04065815359354019,2.3970208168029785,0.13528132438659668,0.1603437215089798
37.90599822998047,-23.753999710083008,0.5447114706039429,1.4017088413238525,0.04010089114308357,1.6444209814071655,-0.10061497241258621,0.021791813895106316
37.90599822998047,-23.753999710083008,0.6966707110404968,2.4060165882110596,0.06699259579181671,0.05652322992682457,0.13408909738063812,0.2292582243680954
37.90599822998047,-23.753999710083008,0.8037808537483215,5.096748352050781,0.0643199160695076,0.053906865417957306,-0.03906446695327759,0.7489499449729919
37.90599822998047,-22.753999710083008,0.6337207555770874,4.127500534057617,0.04015571251511574,0.646820068359375,0.123243048787117,0.4080682694911957
37.90599822998047,-22.753999710083008,0.7483070492744446,2.3209588527679443,0.1666267067193985,0.8601382374763489,0.125002920627594,0.324457585811615
37.90599822998047,-22.753999710083008,0.7765880227088928,5.894739151000977,0.08604360371828079,0.15229548513889313,0.11726021766662598,0.26747411489486694
37.90599822998047,-21.753999710083008,0.7996799945831299,4.139153480529785,0.061503101140260696,1.7150129079818726,-0.10408579558134079,0.3288944661617279
37.90599822998047,-21.753999710083008,1.0830761194229126,2.5991971492767334,0.09759049862623215,0.040173549205064774,0.24959850311279297,0.3639856278896332
37.90599822998047,-21.753999710083008,0.9735952615737915,5.943043231964111,0.05927787721157074,0.04899250343441963,-0.121894471347332,0.3071199357509613
37.90599822998047,-20.753999710083008,0.8995127081871033,3.99809193611145,0.1241917610168457,1.9869978427886963,0.010248552076518536,0.07974093407392502
37.90599822998047,-20.753999710083008,1.0443366765975952,2.7164790630340576,0.061870474368333817,0.04287644475698471,0.033435896039009094,0.5052875280380249
37.90599822998047,-20.753999710083008,1.0932825803756714,5.954999923706055,0.06932143867015839,0.027725374326109886,-0.11430652439594269,0.4149715304374695
37.90599822998047,-19.753999710083008,0.8837551474571228,2.5646183490753174,0.1289343237876892,1.6766408681869507,0.07720252126455307,0.042996615171432495
37.90599822998047,-19.753999710083008,1.1142489910125732,2.738001823425293,0.07806932926177979,0.02751898020505905,-0.0007825054926797748,0.44680267572402954
37.90599822998047,-19.753999710083008,1.1280996799468994,6.003448486328125,0.07272886484861374,0.04315749183297157,-0.045399878174066544,0.5102007389068604
37.90599822998047,-18.753999710083008,0.773869514465332,3.628959894180298,0.07085775583982468,1.9862066507339478,0.12256769090890884,0.07185707241296768
37.90599822998047,-18.753999710083008,1.1309456825256348,2.8365705013275146,0.11105953902006149,0.0861353725194931,0.07320459187030792,0.2360079288482666
37.90599822998047,-18.753999710083008,1.1384061574935913,6.048250198364258,0.07274818420410156,0.051673926413059235,0.03080863505601883,0.6921349763870239
37.90599822998047,-17.753999710083008,0.7567335963249207,3.9235215187072754,0.09134833514690399,2.050750970840454,0.04141798987984657,0.12434179335832596
37.90599822998047,-17.753999710083008,1.2316186428070068,2.9429736137390137,0.14599141478538513,0.05930858105421066,0.07506688684225082,0.28152740001678467
37.90599822998047,-17.753999710083008,1.0983550548553467,6.181224346160889,0.06199435889720917,0.02823699079453945,0.02457244321703911,0.59413081407547
37.90599822998047,-16.753999710083008,0.8934199213981628,1.829719066619873,0.36917153000831604,1.4985712766647339,0.3621377944946289,0.07026085257530212
37.90599822998047,-16.753999710083008,0.6113519072532654,1.353765606880188,0.024133244529366493,0.24675488471984863,0.010685717687010765,0.9116448760032654
37.90599822998047,-16.753999710083008,0.6518025994300842,4.464577674865723,0.10825052112340927,2.75831937789917,0.2285798043012619,0.018094245344400406
38.90599822998047,-25.753999710083008,0.5717723965644836,5.958847522735596,0.067364901304245,1.636578917503357,-0.012167149223387241,0.1310436874628067
38.90599822998047,-25.753999710083008,0.5872342586517334,3.451960563659668,0.018264854326844215,0.021357819437980652,0.33610472083091736,0.5586550831794739
38.90599822998047,-25.753999710083008,0.689417839050293,4.7336106300354,0.022322624921798706,0.38635608553886414,0.3589387834072113,0.3103012442588806
38.90599822998047,-24.753999710083008,0.8816231489181519,6.229253768920898,0.06296214461326599,1.2526086568832397,0.13005296885967255,0.8464189171791077
38.90599822998047,-24.753999710083008,0.716012179851532,3.268707275390625,0.07552831619977951,0.2374609410762787,0.3579234182834625,0.12941230833530426
38.90599822998047,-24.753999710083008,0.75950026512146,5.799948215484619,0.12631621956825256,0.2484598159790039,-0.1032462865114212,0.02416885271668434
38.90599822998047,-23.753999710083008,0.6172244548797607,0.05239531397819519,0.06910847872495651,1.624622106552124,-0.19760876893997192,0.09842517971992493
38.90599822998047,-23.753999710083008,0.6588800549507141,2.5978240966796875,0.05190940573811531,0.10234497487545013,0.11024726182222366,0.05989181622862816
38.90599822998047,-23.753999710083008,0.6321417689323425,4.413604736328125,0.019916744902729988,0.23027600347995758,0.09220004826784134,0.8416829705238342
38.90599822998047,-22.753999710083008,0.5670161247253418,4.535374164581299,0.027568383142352104,1.1362688541412354,0.02327015995979309,0.5071296095848083
38.90599822998047,-22.753999710083008,0.6743517518043518,1.925971269607544,0.05273374915122986,0.2843223512172699,0.25884464383125305,0.3832419514656067
38.90599822998047,-22.753999710083008,0.7432371377944946,5.831975936889648,0.04937588423490524,0.13450998067855835,0.005091899540275335,0.10962840914726257
38.90599822998047,-21.753999710083008,0.8764358162879944,3.137594223022461,0.13498705625534058,1.8899915218353271,-0.041961148381233215,0.22881412506103516
38.90599822998047,-21.753999710083008,1.1354259252548218,2.5819625854492188,0.10822372883558273,0.028650710359215736,0.18719224631786346,0.43024423718452454
38.90599822998047,-21.753999710083008,1.024883508682251,5.942522048950195,0.05786443501710892,0.03958732262253761,-0.11957870423793793,0.34094157814979553
38.90599822998047,-20.753999710083008,0.8841867446899414,4.339559555053711,0.15097583830356598,2.0196518898010254,-0.004620708525180817,0.11882952600717545
38.90599822998047,-20.753999710083008,1.0859893560409546,2.638174057006836,0.08142941445112228,0.026298630982637405,0.031687792390584946,0.4892790913581848
38.90599822998047,-20.753999710083008,1.0527160167694092,5.965707778930664,0.06340748071670532,0.03224238008260727,-0.04486919566988945,0.39189139008522034
38.90599822998047,-19.753999710083008,0.7746499180793762,6.00649356842041,0.08405102044343948,2.3606557846069336,0.003807190340012312,0.14692485332489014
38.90599822998047,-19.753999710083008,1.1561840772628784,2.6066014766693115,0.08927614986896515,0.026302367448806763,0.10876229405403137,0.3103630542755127
38.90599822998047,-19.753999710083008,1.1680625677108765,5.9057207107543945,0.07132984697818756,0.027012541890144348,0.010598450899124146,0.5427120923995972
38.90599822998047,-18.753999710083008,0.8623018264770508,4.675147533416748,0.12937358021736145,1.7657312154769897,0.10430034250020981,0.06487678736448288
38.90599822998047,-18.753999710083008,1.045556902885437,3.011289119720459,0.10025648027658463,0.1669558435678482,0.07302103191614151,0.2929079830646515
38.90599822998047,-18.753999710083008,1.1168018579483032,6.1230645179748535,0.07587738335132599,0.048471275717020035,0.013497553765773773,0.6422151923179626
38.90599822998047,-17.753999710083008,0.7862474322319031,4.465179443359375,0.1390242874622345,1.4873069524765015,0.03729620575904846,0.04988241195678711
38.90599822998047,-17.753999710083008,1.0544421672821045,3.012986898422241,0.07869835197925568,0.06128169968724251,0.022227488458156586,0.3762900233268738
38.90599822998047,-17.753999710083008,1.1591566801071167,6.203437328338623,0.06990072131156921,0.02256329171359539,-0.1326625496149063,0.5738276243209839
38.90599822998047,-16.753999710083008,0.7554932236671448,3.3892126083374023,0.19744308292865753,1.3883858919143677,0.2647349536418915,0.19159863889217377
38.90599822998047,-16.753999710083008,0.5558542013168335,3.828988790512085,0.030935848131775856,0.47153162956237793,-0.151861310005188,0.3317286968231201
38.90599822998047,-16.753999710083008,0.5765174627304077,4.200639724731445,0.01994357258081436,0.1256268471479416,0.14292915165424347,0.4766726791858673
38.90599822998047,-15.753999710083008,0.7838795185089111,3.8042030334472656,0.051476042717695236,1.0291908979415894,0.19586700201034546,0.6427764296531677
38.90599822998047,-15.753999710083008,0.597527801990509,1.5390048027038574,0.06830328702926636,0.9863249659538269,-0.18915171921253204,0.18322187662124634
38.90599822998047,-15.753999710083008,0.8685550689697266,0.5953185558319092,0.2251238226890564,0.8187233805656433,-0.08703149855136871,0.1740017533302307
39.90599822998047,-26.753999710083008,0.7092678546905518,4.443019390106201,0.021282920613884926,0.9865757822990417,0.021630091592669487,0.0597083680331707
39.90599822998047,-26.753999710083008,0.6434793472290039,2.9737915992736816,0.023712225258350372,0.08398261666297913,0.39322715997695923,0.7521639466285706
39.90599822998047,-26.753999710083008,0.8581113815307617,3.9052517414093018,0.043132372200489044,0.05211641266942024,0.12643501162528992,0.18812765181064606
39.90599822998047,-25.753999710083008,0.6606322526931763,4.1782660484313965,0.045435160398483276,1.8370455503463745,-0.0027881895657628775,0.7591157555580139
39.90599822998047,-25.753999710083008,0.6233466267585754,2.8701159954071045,0.028635401278734207,0.09719923138618469,0.19355648756027222,0.18540433049201965
39.90599822998047,-25.753999710083008,0.7583222985267639,4.846395969390869,0.026620864868164062,0.2017829418182373,-0.015095947310328484,0.05547994375228882
39.90599822998047,-24.753999710083008,0.7539339661598206,3.9032440185546875,0.09067270904779434,1.5336500406265259,0.1737082451581955,0.13966113328933716
39.90599822998047,-24.753999710083008,0.6076286435127258,4.336466312408447,0.015583532862365246,0.2660347521305084,0.0848424881696701,0.8257668018341064
39.90599822998047,-24.753999710083008,0.8021349310874939,0.45630595088005066,0.06274238973855972,0.5299770832061768,-0.0013881948543712497,0.03457214683294296
39.90599822998047,-23.753999710083008,0.5755624771118164,5.566924095153809,0.0297656562179327,1.1454206705093384,-0.06779932230710983,0.8267078399658203
39.90599822998047,-23.753999710083008,0.758865237236023,2.05902361869812,0.07838770002126694,0.2479126751422882,0.1456969827413559,0.10636992007493973
39.90599822998047,-23.753999710083008,0.6781201362609863,5.315264701843262,0.017063498497009277,0.2101837545633316,0.12611354887485504,0.06692221760749817
39.90599822998047,-22.753999710083008,0.6324581503868103,6.207188129425049,0.02475103922188282,1.5787535905838013,-0.11270411312580109,0.7473723888397217
39.90599822998047,-22.753999710083008,1.1107105016708374,2.626800298690796,0.14136523008346558,0.048186302185058594,0.21090181171894073,0.08631695061922073
39.90599822998047,-22.753999710083008,1.1206055879592896,5.800238609313965,0.0800127387046814,0.035189323127269745,-0.015448535792529583,0.16631068289279938
39.90599822998047,-21.753999710083008,0.8548497557640076,4.802268028259277,0.08607126027345657,1.7284445762634277,-0.03235429525375366,0.255891889333725
39.90599822998047,-21.753999710083008,1.162001609802246,2.62324857711792,0.10905324667692184,0.038956623524427414,0.19487996399402618,0.37446531653404236
39.90599822998047,-21.753999710083008,1.1045809984207153,5.940158367156982,0.05672327056527138,0.03094915673136711,-0.07529406994581223,0.36964279413223267
39.90599822998047,-20.753999710083008,0.8431564569473267,3.8063199520111084,0.10000493377447128,1.2042235136032104,0.022075099870562553,0.10828668624162674
39.90599822998047,-20.753999710083008,1.206934928894043,2.6709210872650146,0.11273754388093948,0.050847090780735016,0.1155468001961708,0.37512531876564026
39.90599822998047,-20.753999710083008,1.0336836576461792,5.891617774963379,0.06498649716377258,0.04611564800143242,0.010434064082801342,0.5165879130363464
39.90599822998047,-19.753999710083008,0.7842787504196167,6.044394493103027,0.07027669996023178,1.681121587753296,0.03252898529171944,0.061294421553611755
39.90599822998047,-19.753999710083008,1.0798243284225464,2.6218419075012207,0.11410685628652573,0.03484916314482689,0.3874177634716034,0.22017277777194977
39.90599822998047,-19.753999710083008,1.0311895608901978,5.856836318969727,0.06482088565826416,0.038598593324422836,0.01891014538705349,0.7185328602790833
39.90599822998047,-18.753999710083008,0.8991854190826416,0.5593127012252808,0.1590309888124466,1.8669259548187256,0.10032927244901657,0.15650613605976105
39.90599822998047,-18.753999710083008,1.0040512084960938,3.284256935119629,0.08009053021669388,0.09705635160207748,0.0956006869673729,0.27669835090637207
39.90599822998047,-18.753999710083008,1.067160725593567,0.024789389222860336,0.05598730221390724,0.03712724894285202,0.009071540087461472,0.5667955279350281
39.90599822998047,-17.753999710083008,0.5901139974594116,4.691717147827148,0.020873963832855225,0.5147049427032471,0.04617462679743767,0.5685738325119019
39.90599822998047,-17.753999710083008,1.007347822189331,2.9473395347595215,0.06667245179414749,0.053074534982442856,0.020567607134580612,0.15024952590465546
39.90599822998047,-17.753999710083008,1.0350896120071411,6.238649368286133,0.060291439294815063,0.02346939593553543,-0.1833360344171524,0.28117668628692627
39.90599822998047,-16.753999710083008,0.7704598307609558,5.239205360412598,0.1514570116996765,2.6862196922302246,0.32028383016586304,0.050051454454660416
39.90599822998047,-16.753999710083008,0.7042553424835205,3.3802237510681152,0.03896953538060188,0.18831981718540192,-0.11168819665908813,0.8065686225891113
39.90599822998047,-16.753999710083008,0.7507265210151672,6.1722917556762695,0.061474308371543884,0.17396734654903412,0.017378250136971474,0.14338000118732452
39.90599822998047,-15.753999710083008,0.8385664224624634,1.8913463354110718,0.09069886803627014,1.2879087924957275,0.019301511347293854,0.026519084349274635
39.90599822998047,-15.753999710083008,0.8151082992553711,2.5468900203704834,0.19117307662963867,0.166987344622612,0.2762802243232727,0.002610890194773674
39.90599822998047,-15.753999710083008,0.9085084199905396,0.11338695883750916,0.052397873252630234,0.08068443834781647,0.14433105289936066,0.9708700180053711
40.90599822998047,-27.753999710083008,1.231283187866211,4.685772895812988,0.1741747111082077,0.8885738253593445,0.019098084419965744,0.9358555674552917
40.90599822998047,-27.753999710083008,0.568330705165863,3.5949814319610596,0.08847713470458984,4.214005947113037,0.19298802316188812,0.0078129218891263
40.90599822998047,-27.753999710083008,0.6592212319374084,4.600105285644531,0.013761071488261223,0.37259820103645325,-0.001829511602409184,0.056331440806388855
40.90599822998047,-26.753999710083008,0.7894992232322693,5.034869194030762,0.04352837800979614,0.3904241919517517,-0.20668567717075348,0.09748899191617966
40.90599822998047,-26.753999710083008,0.5777607560157776,2.258892297744751,0.09212857484817505,4.987231731414795,0.18823570013046265,0.08454294502735138
40.90599822998047,-26.753999710083008,0.649279773235321,4.136298179626465,0.020155631005764008,0.24055679142475128,0.12248185276985168,0.8179680705070496
40.90599822998047,-25.753999710083008,0.5785307288169861,4.592304229736328,0.08864909410476685,1.3125563859939575,-0.09243663400411606,0.05324726551771164
40.90599822998047,-25.753999710083008,0.5137590169906616,2.5577847957611084,0.034727778285741806,0.6038611531257629,-0.02506074495613575,0.1328628808259964
40.90599822998047,-25.753999710083008,0.583184003829956,4.697084426879883,0.012656069360673428,0.27447250485420227,0.007385058328509331,0.8138898611068726
40.90599822998047,-24.753999710083008,0.7551486492156982,5.026361465454102,0.10628648102283478,1.13985013961792,0.08240961283445358,0.34878209233283997
40.90599822998047,-24.753999710083008,0.5585106611251831,2.9096760749816895,0.023334885016083717,1.0948162078857422,0.022252414375543594,0.38430991768836975
40.90599822998047,-24.753999710083008,0.6059249043464661,5.3633198738098145,0.015502185560762882,1.4573779106140137,0.061389949172735214,0.2669079303741455
40.90599822998047,-23.753999710083008,0.7537668943405151,5.189828395843506,0.05234382301568985,2.0826101303100586,0.018849100917577744,0.5884567499160767
40.90599822998047,-23.753999710083008,1.032030701637268,2.5145137310028076,0.14390990138053894,0.06644512712955475,0.24677987396717072,0.2705833911895752
40.90599822998047,-23.753999710083008,1.1331709623336792,5.912567138671875,0.09252515435218811,0.039558686316013336,-0.03237008675932884,0.14095987379550934
40.90599822998047,-22.753999710083008,0.8177481293678284,4.475133895874023,0.08502396941184998,2.078319787979126,-0.08886223286390305,0.3136224150657654
40.90599822998047,-22.753999710083008,1.1325336694717407,2.6784322261810303,0.09976956993341446,0.03241121768951416,0.1377520114183426,0.33189132809638977
40.90599822998047,-22.753999710083008,1.1909244060516357,5.875288009643555,0.07423193007707596,0.024059191346168518,-0.13417579233646393,0.35448625683784485
40.90599822998047,-21.753999710083008,0.8432650566101074,3.0750226974487305,0.12499815225601196,2.342938184738159,0.03184523805975914,0.2725496292114258
40.90599822998047,-21.753999710083008,1.1208274364471436,2.661961078643799,0.07512935996055603,0.033849216997623444,0.08908993005752563,0.27681976556777954
40.90599822998047,-21.753999710083008,1.1481729745864868,5.876138210296631,0.0810060203075409,0.04696568101644516,-0.14395956695079803,0.4506305158138275
40.90599822998047,-20.753999710083008,0.807546854019165,5.189727783203125,0.08289480209350586,1.4222204685211182,0.07316137105226517,0.09166214615106583
40.90599822998047,-20.753999710083008,1.171802282333374,2.9142491817474365,0.0950610488653183,0.10826164484024048,0.005029989872127771,0.36919406056404114
40.90599822998047,-20.753999710083008,1.2185393571853638,5.881570816040039,0.08629529178142548,0.035639438778162,0.035437703132629395,0.5391438007354736
40.90599822998047,-19.753999710083008,0.8624997138977051,5.687277317047119,0.0929400697350502,1.4457389116287231,-0.0014345349045470357,0.2763059437274933
40.90599822998047,-19.753999710083008,0.9278479814529419,2.5074472427368164,0.08508823812007904,0.051737427711486816,0.21790629625320435,0.20627720654010773
40.90599822998047,-19.753999710083008,0.9749647974967957,5.853169918060303,0.083511583507061,0.06587234884500504,-0.04683549329638481,0.5174168944358826
40.90599822998047,-18.753999710083008,0.8677237033843994,0.5652711987495422,0.15550686419010162,1.77351975440979,0.1315654218196869,0.08122251182794571
40.90599822998047,-18.753999710083008,0.8981242179870605,3.4347057342529297,0.07937727868556976,0.12766626477241516,0.13984917104244232,0.20479394495487213
40.90599822998047,-18.753999710083008,0.957050621509552,0.26297202706336975,0.047808464616537094,0.04530747979879379,-0.05961333215236664,0.7139835357666016
40.90599822998047,-17.753999710083008,0.7014946937561035,4.521422863006592,0.08772716671228409,1.5452266931533813,0.09673553705215454,0.0662701427936554
40.90599822998047,-17.753999710083008,0.861884593963623,2.916877031326294,0.06526832282543182,0.08067586272954941,0.022485321387648582,0.2986314296722412
40.90599822998047,-17.753999710083008,0.9667930006980896,6.231802940368652,0.052223943173885345,0.032902490347623825,-0.18121038377285004,0.635098397731781
40.90599822998047,-16.753999710083008,0.8446338772773743,6.235105037689209,0.18923792243003845,0.9680591225624084,0.13345175981521606,0.313571572303772
40.90599822998047,-16.753999710083008,0.6826155185699463,2.9919843673706055,0.06456868350505829,0.32553791999816895,0.033426638692617416,0.07441161572933197
40.90599822998047,-16.753999710083008,0.704150378704071,0.014466661959886551,0.027563532814383507,0.08220920711755753,-0.05375746265053749,0.6120167970657349
40.90599822998047,-15.753999710083008,0.6868306398391724,1.2181352376937866,0.042301423847675323,1.58083975315094,-0.017289381474256516,0.18795713782310486
40.90599822998047,-15.753999710083008,0.7762435078620911,2.6212384700775146,0.1489756554365158,0.18954414129257202,0.18859069049358368,0.024402858689427376
40.90599822998047,-15.753999710083008,0.8233789801597595,0.07116638123989105,0.05119045078754425,0.0959189385175705,-0.00965059082955122,0.7876400351524353
41.90599822998047,-27.753999710083008,0.5962134599685669,4.326066493988037,0.04649234563112259,1.1860768795013428,-0.02462293766438961,0.31867653131484985
41.90599822998047,-27.753999710083008,0.5160265564918518,2.404045581817627,0.08215414732694626,0.38663870096206665,-0.0410039983689785,0.006659981794655323
41.90599822998047,-27.753999710083008,0.6328665614128113,4.582024574279785,0.016558576375246048,0.11894267052412033,0.007643265184015036,0.6746634840965271
41.90599822998047,-26.753999710083008,0.692003607749939,4.841573715209961,0.03677170351147652,0.46295472979545593,-0.1090163141489029,0.6712700724601746
41.90599822998047,-26.753999710083008,0.5623689293861389,2.089323043823242,0.09569615125656128,2.4572668075561523,0.07595430314540863,0.09440084546804428
41.90599822998047,-26.753999710083008,0.5842180252075195,4.105826377868652,0.01947934180498123,1.0855371952056885,0.1354142427444458,0.23432908952236176
41.90599822998047,-25.753999710083008,0.5781738758087158,5.791727542877197,0.04354841262102127,1.3859819173812866,-0.15295448899269104,0.5492721796035767
41.90599822998047,-25.753999710083008,0.5412074327468872,1.2659810781478882,0.0411335825920105,2.5531253814697266,-0.11445293575525284,0.23722493648529053
41.90599822998047,-25.753999710083008,0.6008411049842834,5.248507976531982,0.013218214735388756,0.7241078615188599,-0.11194363236427307,0.213502898812294
41.90599822998047,-24.753999710083008,0.8198621273040771,4.018294334411621,0.07008539885282516,1.1795486211776733,0.08637895435094833,0.24775424599647522
41.90599822998047,-24.753999710083008,0.6720043420791626,1.8717011213302612,0.10532639920711517,1.539341926574707,0.0016720143612474203,0.39780575037002563
41.90599822998047,-24.753999710083008,0.6645888090133667,5.124353885650635,0.034330692142248154,1.2488417625427246,0.05669291317462921,0.35443997383117676
41.90599822998047,-23.753999710083008,0.7298597693443298,5.6865153312683105,0.04948815330862999,2.272730588912964,-0.03502137213945389,0.42571550607681274
41.90599822998047,-23.753999710083008,1.0127431154251099,2.59181809425354,0.17811058461666107,0.2720143795013428,0.1915229856967926,0.3004744350910187
41.90599822998047,-23.753999710083008,1.180909514427185,6.009280681610107,0.10415201634168625,0.06303595751523972,-0.14102284610271454,0.2738100588321686
41.90599822998047,-22.753999710083008,0.7897213697433472,4.130573272705078,0.05619707703590393,2.118813991546631,-0.13381066918373108,0.422941654920578
41.90599822998047,-22.753999710083008,1.2110013961791992,2.713679552078247,0.11806224286556244,0.030106430873274803,0.19075147807598114,0.2872122824192047
41.90599822998047,-22.753999710083008,1.1420141458511353,5.914984226226807,0.08831536024808884,0.04609071835875511,-0.17868061363697052,0.2898460924625397
41.90599822998047,-21.753999710083008,0.8319045305252075,3.7444958686828613,0.12128015607595444,2.099600315093994,0.06608841568231583,0.2722785770893097
41.90599822998047,-21.753999710083008,1.0703225135803223,2.7088074684143066,0.0799340307712555,0.05092558637261391,0.0467706024646759,0.2857479155063629
41.90599822998047,-21.753999710083008,1.1223758459091187,5.901864051818848,0.08358753472566605,0.052676547318696976,-0.04206262528896332,0.4419735372066498
41.90599822998047,-20.753999710083008,0.9559991359710693,0.08769775182008743,0.2725357115268707,1.440659523010254,0.11969444155693054,0.051844220608472824
41.90599822998047,-20.753999710083008,1.012082815170288,2.94496488571167,0.07270131260156631,0.19943539798259735,-0.04536062479019165,0.3138161301612854
41.90599822998047,-20.753999710083008,1.1191645860671997,5.999838352203369,0.07106690108776093,0.051165997982025146,-0.01357092522084713,0.6343396902084351
41.90599822998047,-19.753999710083008,0.6083177328109741,0.6697816252708435,0.03400946408510208,1.988900065422058,0.0687636211514473,0.5929129123687744
41.90599822998047,-19.753999710083008,0.6356428265571594,2.7427468299865723,0.07480912655591965,0.3436557948589325,0.12063295394182205,0.3375576138496399
41.90599822998047,-19.753999710083008,0.7070180177688599,6.070196628570557,0.04813123494386673,0.25517234206199646,0.021200234070420265,0.06952949613332748
41.90599822998047,-18.753999710083008,0.5731208324432373,4.3790998458862305,0.025905566290020943,1.2268152236938477,0.10806296765804291,0.4204224646091461
41.90599822998047,-18.753999710083008,0.8008760809898376,3.3698461055755615,0.08623334020376205,0.29351550340652466,0.043949756771326065,0.261084645986557
41.90599822998047,-18.753999710083008,0.9201358556747437,0.035199057310819626,0.05994351953268051,0.09165241569280624,-0.02837143838405609,0.3184928297996521
41.90599822998047,-17.753999710083008,0.5425364971160889,5.984609603881836,0.026363680139183998,1.6120691299438477,0.07989124953746796,0.4135770797729492
41.90599822998047,-17.753999710083008,0.6307014226913452,2.8280513286590576,0.07191917300224304,0.31545594334602356,0.07439639419317245,0.2130626142024994
41.90599822998047,-17.753999710083008,0.8701345920562744,6.262408256530762,0.06414976716041565,0.0695790946483612,-0.2138957977294922,0.373360276222229
41.90599822998047,-16.753999710083008,0.7862086892127991,0.46017906069755554,0.19426250457763672,0.5952969193458557,0.1082080826163292,0.058616939932107925
41.90599822998047,-16.753999710083008,0.7011166214942932,1.686483383178711,0.040560878813266754,0.31550899147987366,0.035683050751686096,0.015030366368591785
41.90599822998047,-16.753999710083008,0.6434471011161804,0.8783146142959595,0.02685139887034893,0.3793320059776306,-0.015617295168340206,0.9263526797294617
41.90599822998047,-15.753999710083008,0.759523868560791,5.406675815582275,0.06192407384514809,2.2274839878082275,0.02258574776351452,0.20230305194854736
41.90599822998047,-15.753999710083008,0.8120259642601013,2.7831764221191406,0.09597267210483551,0.694809079170227,0.18801823258399963,0.19285798072814941
41.90599822998047,-15.753999710083008,0.8053714632987976,6.079893112182617,0.050816211849451065,0.19896769523620605,-0.050859879702329636,0.6048389673233032
42.90599822998047,-27.753999710083008,0.6612073183059692,4.057248592376709,0.1481676697731018,0.8631368279457092,0.056289128959178925,0.15320263803005219
42.90599822998047,-27.753999710083008,0.5080692172050476,2.08170747756958,0.13643725216388702,0.9171724319458008,-0.0607658214867115,0.06484430283308029
42.90599822998047,-27.753999710083008,0.5603328943252563,4.024017333984375,0.04441779851913452,0.674994170665741,0.08749186992645264,0.7819530963897705
42.90599822998047,-26.753999710083008,0.6509459018707275,5.08487606048584,0.053403500467538834,0.9631866812705994,0.04087444022297859,0.3914385437965393
42.90599822998047,-26.753999710083008,0.619503378868103,1.2571947574615479,0.09279914200305939,1.3130104541778564,-0.03928313031792641,0.23597775399684906
42.90599822998047,-26.753999710083008,0.6177592277526855,4.4346466064453125,0.02802988886833191,0.880651593208313,0.09132101386785507,0.37258362770080566
42.90599822998047,-25.753999710083008,0.7170090675354004,4.14305305480957,0.0883064940571785,1.3698208332061768,-0.13618063926696777,0.20059189200401306
42.90599822998047,-25.753999710083008,0.5344897508621216,2.00923490524292,0.032774072140455246,2.665635347366333,-0.14119559526443481,0.11286924034357071
42.90599822998047,-25.753999710083008,0.591742992401123,4.505561828613281,0.008232253603637218,0.6934810280799866,0.011671451851725578,0.686538815498352
42.90599822998047,-24.753999710083008,0.75589919090271,4.717111110687256,0.05641769990324974,1.0004560947418213,0.0781186893582344,0.27168819308280945
42.90599822998047,-24.753999710083008,0.7793547511100769,2.32742977142334,0.18687370419502258,1.0691996812820435,0.17520546913146973,0.5206395983695984
42.90599822998047,-24.753999710083008,0.8441409468650818,5.920832633972168,0.12510795891284943,0.30430781841278076,0.16416792571544647,0.2076721340417862
42.90599822998047,-23.753999710083008,0.7685432434082031,5.292015075683594,0.05786915495991707,1.716652512550354,0.013524344190955162,0.3790356516838074
42.90599822998047,-23.753999710083008,1.2129086256027222,2.805666446685791,0.2731122374534607,0.4329282343387604,0.15588657557964325,0.21417395770549774
42.90599822998047,-23.753999710083008,1.1344126462936401,6.035974979400635,0.0749724879860878,0.04797397926449776,-0.14315898716449738,0.4067903757095337
42.90599822998047,-22.753999710083008,0.9477522969245911,3.5727477073669434,0.17735247313976288,2.159749746322632,-0.05904611200094223,0.1502404510974884
42.90599822998047,-22.753999710083008,1.249750018119812,2.7196907997131348,0.1022849902510643,0.03318175673484802,0.09631615877151489,0.38228514790534973
42.90599822998047,-22.753999710083008,1.17007315158844,5.926353931427002,0.08389294147491455,0.05142466723918915,-0.17186011373996735,0.4674743711948395
42.90599822998047,-21.753999710083008,0.8076329827308655,5.878937721252441,0.07070703059434891,1.9972364902496338,0.10330717265605927,0.2611292004585266
42.90599822998047,-21.753999710083008,1.0300389528274536,3.0685031414031982,0.09045068174600601,0.1961197704076767,-0.10307136923074722,0.316986083984375
42.90599822998047,-21.753999710083008,1.1101356744766235,5.853898048400879,0.07305258512496948,0.04367632791399956,0.10104738920927048,0.421884685754776
42.90599822998047,-20.753999710083008,0.8909786939620972,0.7639850378036499,0.10939230024814606,1.4104225635528564,0.1070462018251419,0.15630553662776947
42.90599822998047,-20.753999710083008,0.9661704301834106,3.326514720916748,0.06432801485061646,0.16814999282360077,-0.0161319300532341,0.4589114785194397
42.90599822998047,-20.753999710083008,1.0623358488082886,6.257469654083252,0.06554248929023743,0.06074151396751404,0.012969056144356728,0.384782999753952
42.90599822998047,-19.753999710083008,0.5917121171951294,1.46250319480896,0.02773645520210266,1.5617671012878418,0.059783611446619034,0.5428183674812317
42.90599822998047,-19.753999710083008,0.6743338704109192,3.226931095123291,0.08434201776981354,1.0537031888961792,0.09065578877925873,0.3746141195297241
42.90599822998047,-19.753999710083008,0.749222993850708,0.1773727685213089,0.04715607687830925,0.3119376599788666,-0.04642852023243904,0.0825674906373024
42.90599822998047,-18.753999710083008,0.6306267380714417,4.596652030944824,0.03244723007082939,1.5148351192474365,0.03999292850494385,0.2690228223800659
42.90599822998047,-18.753999710083008,0.893519401550293,2.7036821842193604,0.16083143651485443,0.24715521931648254,0.07352524250745773,0.20203250646591187
42.90599822998047,-18.753999710083008,0.9367139935493469,6.036276340484619,0.05782944709062576,0.03845568373799324,-0.031699493527412415,0.5289446115493774
42.90599822998047,-17.753999710083008,0.5072796940803528,0.4070616662502289,0.01965102180838585,1.5285555124282837,0.1735755354166031,0.4815465211868286
42.90599822998047,-17.753999710083008,0.7089526057243347,2.2706305980682373,0.1088004782795906,0.7805903553962708,0.04540477320551872,0.29813915491104126
42.90599822998047,-17.753999710083008,0.8713393807411194,0.18525391817092896,0.07457111030817032,0.07892076671123505,-0.1332731395959854,0.22031423449516296
42.90599822998047,-16.753999710083008,0.7249209880828857,1.4968403577804565,0.08330516517162323,0.6888230443000793,0.22316843271255493,0.2867487967014313
42.90599822998047,-16.753999710083008,0.9335722327232361,1.815536379814148,0.06949611753225327,0.10866839438676834,0.004532013088464737,0.4292292892932892
42.90599822998047,-16.753999710083008,0.9129018783569336,0.7653765082359314,0.16385720670223236,0.31978994607925415,-0.04448108375072479,0.28402188420295715
43.90599822998047,-27.753999710083008,0.8111757040023804,4.509695053100586,0.136763796210289,0.28591102361679077,0.16694508492946625,0.035895708948373795
43.90599822998047,-27.753999710083008,0.4433315396308899,0.482144296169281,0.11447799205780029,8.82370662689209,-0.2023177444934845,8.972483919933438e-05
43.90599822998047,-27.753999710083008,0.5196207165718079,4.949462890625,0.004845047369599342,0.0509192980825901,-0.009296129457652569,0.9640145897865295
43.90599822998047,-26.753999710083008,0.5905760526657104,4.096310138702393,0.0895962119102478,1.0317633152008057,-0.016277968883514404,0.19735319912433624
43.90599822998047,-26.753999710083008,0.5106657147407532,0.7164040207862854,0.036477696150541306,1.0700509548187256,-0.061646878719329834,0.222897008061409
43.90599822998047,-26.753999710083008,0.6238459348678589,4.339098930358887,0.02269437164068222,0.6476430296897888,0.148263618350029,0.5797498226165771
43.90599822998047,-25.753999710083008,0.7079857587814331,5.209420204162598,0.11210768669843674,1.0300511121749878,-0.10516247898340225,0.14295056462287903
43.90599822998047,-25.753999710083008,0.5521543025970459,2.275583505630493,0.02971002832055092,1.011605978012085,-0.0015222289366647601,0.19774183630943298
43.90599822998047,-25.753999710083008,0.6384944319725037,5.39533805847168,0.013600011356174946,0.9832918643951416,0.10209580510854721,0.659307599067688
43.90599822998047,-24.753999710083008,0.7208818197250366,4.53364896774292,0.04173005372285843,1.1103148460388184,-0.028432801365852356,0.5286819338798523
43.90599822998047,-24.753999710083008,0.8468083143234253,2.4442825317382812,0.17568755149841309,1.5590252876281738,-0.006293764803558588,0.26573383808135986
43.90599822998047,-24.753999710083008,1.141778826713562,6.172277450561523,0.21311527490615845,0.2101183980703354,0.04643421247601509,0.20558424293994904
43.90599822998047,-23.753999710083008,0.7579143643379211,4.155540466308594,0.07746385782957077,1.2478846311569214,0.08844642341136932,0.216505765914917
43.90599822998047,-23.753999710083008,1.1194686889648438,2.9340274333953857,0.19859111309051514,0.6134669184684753,0.05983831360936165,0.2655216157436371
43.90599822998047,-23.753999710083008,1.1773852109909058,6.001800060272217,0.0949312299489975,0.043988291174173355,-0.21416901051998138,0.5179727077484131
43.90599822998047,-22.753999710083008,0.9501420855522156,2.970313787460327,0.17382395267486572,1.8943198919296265,0.014054186642169952,0.1272398829460144
43.90599822998047,-22.753999710083008,1.1396595239639282,2.663193464279175,0.0791550725698471,0.05248739942908287,0.08513295650482178,0.2749623954296112
43.90599822998047,-22.753999710083008,1.214043140411377,6.001882076263428,0.0636863112449646,0.04662659391760826,-0.2031809687614441,0.5977977514266968
43.90599822998047,-21.753999710083008,0.7583581209182739,5.523148059844971,0.04162903130054474,1.5615606307983398,0.03787313401699066,0.2603585720062256
43.90599822998047,-21.753999710083008,1.0574625730514526,2.754011869430542,0.1267116814851761,0.2981334924697876,0.15948447585105896,0.21106213331222534
43.90599822998047,-21.753999710083008,1.1244169473648071,5.991922855377197,0.06835044920444489,0.044938284903764725,-0.01681779883801937,0.5285792946815491
43.90599822998047,-20.753999710083008,0.9027966260910034,1.18904709815979,0.05768975615501404,2.0038959980010986,0.11550407856702805,0.4494447708129883
43.90599822998047,-20.753999710083008,1.0924216508865356,3.558948040008545,0.08121909946203232,0.05317487195134163,0.059686362743377686,0.33709338307380676
43.90599822998047,-20.753999710083008,1.043828010559082,0.1819869875907898,0.056441325694322586,0.039126377552747726,0.051225584000349045,0.21346178650856018
43.90599822998047,-19.753999710083008,0.9011201858520508,0.21091517806053162,0.07847639173269272,1.4163200855255127,0.06134065240621567,0.47793346643447876
43.90599822998047,-19.753999710083008,0.8282274007797241,3.0798466205596924,0.12232542037963867,1.8575183153152466,-0.034574516117572784,0.4001952111721039
43.90599822998047,-19.753999710083008,1.029658317565918,0.2680649757385254,0.07205460220575333,0.08273570239543915,-0.23651647567749023,0.12187126278877258
43.90599822998047,-18.753999710083008,0.6054391860961914,4.693875789642334,0.030899617820978165,1.3528577089309692,-0.03886415809392929,0.29133644700050354
43.90599822998047,-18.753999710083008,0.8556232452392578,2.4256975650787354,0.15696300566196442,0.39853590726852417,0.10579884797334671,0.21291521191596985
43.90599822998047,-18.753999710083008,0.9434293508529663,5.942880153656006,0.07254466414451599,0.05186464637517929,-0.014873749576508999,0.4957483410835266
43.90599822998047,-17.753999710083008,0.5963905453681946,1.3018567562103271,0.02206071838736534,1.2233121395111084,-0.02452755905687809,0.5406241416931152
43.90599822998047,-17.753999710083008,0.7032176852226257,2.5020387172698975,0.1549493670463562,0.9842319488525391,0.08949512243270874,0.062172070145606995
43.90599822998047,-17.753999710083008,0.8742786049842834,0.19718262553215027,0.07621654123067856,0.07733265310525894,-0.026518981903791428,0.39720383286476135
43.90599822998047,-16.753999710083008,0.9160685539245605,1.0489475727081299,0.22115641832351685,2.2891480922698975,0.20010831952095032,0.016193311661481857
43.90599822998047,-16.753999710083008,0.9854890704154968,2.11531925201416,0.024355366826057434,0.08565209805965424,0.2594811022281647,0.969887912273407
43.90599822998047,-16.753999710083008,1.0035796165466309,0.1906139999628067,0.10430608689785004,0.2625698745250702,0.023305485025048256,0.013918789103627205
44.90599822998047,-27.753999710083008,0.7940280437469482,0.9284898042678833,0.144941508769989,1.5587233304977417,0.07001421600580215,0.009661125019192696
44.90599822998047,-27.753999710083008,0.5767398476600647,0.3166777193546295,0.11480811983346939,0.47725096344947815,0.2585105895996094,0.004238075576722622
44.90599822998047,-27.753999710083008,0.6710894107818604,5.55308723449707,0.01932397484779358,0.03693956881761551,0.05593942105770111,0.9861008524894714
44.90599822998047,-26.753999710083008,0.6410984992980957,5.403417110443115,0.11469600349664688,0.9232662916183472,-0.0034525052178651094,0.07514604181051254
44.90599822998047,-26.753999710083008,0.5206440687179565,1.3363431692123413,0.06434503942728043,1.693899393081665,-0.0028476144652813673,0.015668945387005806
44.90599822998047,-26.753999710083008,0.5818364024162292,4.772794723510742,0.011649209074676037,0.15592032670974731,0.10677564889192581,0.909184992313385
44.90599822998047,-25.753999710083008,0.7973823547363281,4.733802795410156,0.1469237357378006,1.3844472169876099,0.09659341722726822,0.324908971786499
44.90599822998047,-25.753999710083008,0.5466412305831909,1.6537362337112427,0.014116589911282063,1.3836748600006104,-0.10132233798503876,0.561396598815918
44.90599822998047,-25.753999710083008,0.7051926255226135,5.917564868927002,0.022930854931473732,1.89329195022583,0.03574568033218384,0.11369448155164719
44.90599822998047,-24.753999710083008,0.6769359707832336,4.956937789916992,0.02941661700606346,1.458491325378418,-0.0710916593670845,0.6089879274368286
44.90599822998047,-24.753999710083008,0.8636506199836731,2.7394046783447266,0.22749729454517365,2.326552629470825,0.11769527941942215,0.13967368006706238
44.90599822998047,-24.753999710083008,1.1329902410507202,6.109774589538574,0.10819723457098007,0.07323416322469711,-0.10747604072093964,0.25133833289146423
44.90599822998047,-23.753999710083008,0.7276544570922852,4.866410255432129,0.07542765140533447,1.4791046380996704,0.05616221949458122,0.2627822160720825
44.90599822998047,-23.753999710083008,0.9846407175064087,2.8343420028686523,0.12952029705047607,0.35917049646377563,0.022773507982492447,0.29957181215286255
44.90599822998047,-23.753999710083008,1.1229063272476196,6.00435733795166,0.08667915314435959,0.04840908199548721,-0.14758235216140747,0.43764591217041016
44.90599822998047,-22.753999710083008,0.9269943237304688,4.032118797302246,0.14040951430797577,1.9325950145721436,0.007348452694714069,0.1869046688079834
44.90599822998047,-22.753999710083008,1.0389354228973389,2.5858490467071533,0.07313723117113113,0.06851349025964737,0.06565898656845093,0.209137424826622
44.90599822998047,-22.753999710083008,1.1248674392700195,6.008032321929932,0.059043001383543015,0.053041618317365646,-0.15352752804756165,0.6039578914642334
44.90599822998047,-21.753999710083008,0.837664008140564,4.948217391967773,0.05641024932265282,1.7642028331756592,0.07941373437643051,0.2380244880914688
44.90599822998047,-21.753999710083008,0.949888288974762,2.5918984413146973,0.10168598592281342,0.6047049760818481,0.1955377161502838,0.30800047516822815
44.90599822998047,-21.753999710083008,1.0987908840179443,6.060059547424316,0.07072100788354874,0.06803622096776962,-0.07059788703918457,0.4539750814437866
44.90599822998047,-20.753999710083008,0.9468777775764465,0.9150086641311646,0.044058963656425476,2.077909231185913,0.1604134738445282,0.6765788793563843
44.90599822998047,-20.753999710083008,1.003835678100586,3.50776743888855,0.079048290848732,0.14739277958869934,0.25421398878097534,0.229203999042511
44.90599822998047,-20.753999710083008,1.0540544986724854,0.28069087862968445,0.060369085520505905,0.03716377168893814,0.004316757898777723,0.09421710669994354
44.90599822998047,-19.753999710083008,1.0602514743804932,5.332923412322998,0.23814760148525238,0.8411768674850464,-0.00865609385073185,0.1148848757147789
44.90599822998047,-19.753999710083008,0.8350029587745667,2.31024169921875,0.08137943595647812,2.454129219055176,-0.09740249067544937,0.4505084455013275
44.90599822998047,-19.753999710083008,1.1038522720336914,0.2568570375442505,0.09515005350112915,0.13962185382843018,-0.09389036148786545,0.43460673093795776
44.90599822998047,-18.753999710083008,0.6071587800979614,4.841526031494141,0.04937557876110077,0.7740653157234192,-0.012038369663059711,0.18331634998321533
44.90599822998047,-18.753999710083008,0.7926172018051147,1.9774919748306274,0.11887015402317047,0.7972804307937622,-0.11869027465581894,0.2918137013912201
44.90599822998047,-18.753999710083008,1.0472266674041748,6.033900737762451,0.16671574115753174,0.17353029549121857,0.09388336539268494,0.5248700380325317
44.90599822998047,-17.753999710083008,0.7337446808815002,1.3062076568603516,0.07643915712833405,1.0854461193084717,-0.04955723509192467,0.28091609477996826
44.90599822998047,-17.753999710083008,0.6056408286094666,2.0959768295288086,0.08120279759168625,1.0070374011993408,0.08069060742855072,0.08549022674560547
44.90599822998047,-17.753999710083008,0.9174362421035767,0.21613436937332153,0.09112843126058578,0.1127319261431694,-0.08194693922996521,0.6335936784744263
44.90599822998047,-16.753999710083008,1.086729645729065,6.0743231773376465,0.43854257464408875,2.4023513793945312,0.15605008602142334,0.01107623241841793
44.90599822998047,-16.753999710083008,1.0055806636810303,2.3999035358428955,0.021246593445539474,0.11789511144161224,0.14893397688865662,0.9536488652229309
44.90599822998047,-16.753999710083008,1.161212682723999,6.002779006958008,0.10567938536405563,0.20308798551559448,0.15149100124835968,0.03527488932013512
45.90599822998047,-26.753999710083008,0.8231296539306641,5.37648868560791,0.194926917552948,1.6015112400054932,0.15215136110782623,0.007764770183712244
45.90599822998047,-26.753999710083008,0.6750788688659668,1.672163724899292,0.1752617359161377,1.0230435132980347,0.09507700800895691,0.006916793994605541
45.90599822998047,-26.753999710083008,0.6121306419372559,5.9745612144470215,0.02633330225944519,0.08307118713855743,-0.06450416892766953,0.9853184223175049
45.90599822998047,-25.753999710083008,0.9044429659843445,6.102360725402832,0.20392701029777527,0.6870283484458923,0.05712032690644264,0.11870793253183365
45.90599822998047,-25.753999710083008,0.6563449501991272,1.3392019271850586,0.12412382662296295,5.324748992919922,-0.3397759199142456,0.009197295643389225
45.90599822998047,-25.753999710083008,0.6558676362037659,5.5597333908081055,0.03016652725636959,1.2960742712020874,-0.1749383807182312,0.8720947504043579
45.90599822998047,-24.753999710083008,0.7879683375358582,5.934203147888184,0.05667998269200325,1.024582028388977,0.0011072073830291629,0.31276875734329224
45.90599822998047,-24.753999710083008,0.8519648909568787,3.031244993209839,0.1376110464334488,1.0554261207580566,0.20514929294586182,0.10828709602355957
45.90599822998047,-24.753999710083008,0.9527439475059509,6.141280651092529,0.04261777922511101,0.06270397454500198,0.009206252172589302,0.5789441466331482
45.90599822998047,-23.753999710083008,0.9801607728004456,0.08813736587762833,0.17674018442630768,2.0989391803741455,0.024101359769701958,0.1634175181388855
45.90599822998047,-23.753999710083008,1.0106743574142456,2.6180977821350098,0.05515246465802193,0.05631077289581299,-0.06710103154182434,0.234316885471344
45.90599822998047,-23.753999710083008,1.0363367795944214,6.007093906402588,0.04841767996549606,0.054879702627658844,-0.004529516212642193,0.6022656559944153
45.90599822998047,-22.753999710083008,0.8632051944732666,4.9028000831604,0.11918389797210693,1.7000089883804321,0.02950545772910118,0.20456469058990479
45.90599822998047,-22.753999710083008,0.9816614389419556,2.4922592639923096,0.07550955563783646,0.05643083155155182,-0.07523446530103683,0.26564255356788635
45.90599822998047,-22.753999710083008,1.008867859840393,5.921962261199951,0.05385782942175865,0.04656682536005974,-0.05974118411540985,0.5297927260398865
45.90599822998047,-21.753999710083008,0.7899201512336731,5.189709663391113,0.04787827283143997,1.560499906539917,0.08062733709812164,0.46580371260643005
45.90599822998047,-21.753999710083008,0.8493270874023438,2.0508880615234375,0.07095929235219955,0.305892676115036,-0.11253754794597626,0.29804110527038574
45.90599822998047,-21.753999710083008,0.9737472534179688,5.959002494812012,0.08927538990974426,0.2527482211589813,-0.15830878913402557,0.23615510761737823
45.90599822998047,-20.753999710083008,0.8656572103500366,4.130726337432861,0.07943801581859589,1.1849168539047241,0.32654181122779846,0.39361414313316345
45.90599822998047,-20.753999710083008,0.7320674657821655,2.5598948001861572,0.043259941041469574,0.5283002853393555,-0.13727565109729767,0.37750959396362305
45.90599822998047,-20.753999710083008,0.9599353671073914,0.10556721687316895,0.14590661227703094,0.5614479780197144,-0.002163218567147851,0.22887620329856873
45.90599822998047,-19.753999710083008,0.941832959651947,4.833341598510742,0.19196419417858124,0.9735950231552124,0.06357068568468094,0.10196731984615326
45.90599822998047,-19.753999710083008,0.8907657861709595,1.749316692352295,0.082463838160038,0.7032449245452881,-0.013255917467176914,0.3120169937610626
45.90599822998047,-19.753999710083008,1.034395456314087,0.2973909378051758,0.10474654287099838,0.13792355358600616,0.10154829174280167,0.5860157012939453
45.90599822998047,-18.753999710083008,0.8864585161209106,1.1778000593185425,0.1762465089559555,0.4588669240474701,0.050462380051612854,0.2788228392601013
45.90599822998047,-18.753999710083008,0.7001380920410156,1.5920323133468628,0.07705116271972656,0.6482595205307007,-0.05613207444548607,0.24525408446788788
45.90599822998047,-18.753999710083008,0.9547691345214844,0.10526964068412781,0.14768941700458527,0.3408155143260956,0.05707578361034393,0.475923091173172
45.90599822998047,-17.753999710083008,0.98786461353302,0.9009180665016174,0.3929145932197571,0.9151175618171692,0.0560501329600811,0.06077750027179718
45.90599822998047,-17.753999710083008,0.7046461701393127,1.2763479948043823,0.05745485797524452,0.27182817459106445,0.19481386244297028,0.6091054081916809
45.90599822998047,-17.753999710083008,1.0518327951431274,0.5535830855369568,0.21278592944145203,0.059543024748563766,-0.02111872099339962,0.33011701703071594
46.90599822998047,-25.753999710083008,0.9626047611236572,0.6315650939941406,0.2930881679058075,0.4209344685077667,0.07866912335157394,0.10810132324695587
46.90599822998047,-25.753999710083008,0.5956228971481323,1.6491674184799194,0.1811208575963974,16.037084579467773,-0.20198039710521698,0.009626390412449837
46.90599822998047,-25.753999710083008,0.6752642393112183,5.730688095092773,0.04081844165921211,0.5890636444091797,-0.2585516571998596,0.8822723031044006
46.90599822998047,-24.753999710083008,1.1315584182739258,5.495396614074707,0.5023844242095947,1.026357889175415,0.10077448934316635,0.08317474275827408
46.90599822998047,-24.753999710083008,0.7644608020782471,3.5378315448760986,0.11542356014251709,1.0260353088378906,0.2767392098903656,0.046598296612501144
46.90599822998047,-24.753999710083008,0.8984963297843933,5.83618688583374,0.043456848710775375,0.2250324934720993,-0.04675920307636261,0.8702269196510315
46.90599822998047,-23.753999710083008,0.8864654302597046,5.641506671905518,0.0927378311753273,1.029774785041809,-0.0067788646556437016,0.1947624683380127
46.90599822998047,-23.753999710083008,0.8062248229980469,2.1447906494140625,0.0827287808060646,0.22362534701824188,-0.0172275397926569,0.05717942863702774
46.90599822998047,-23.753999710083008,0.9370754957199097,5.801799774169922,0.05457745119929314,0.13408784568309784,-0.012638029642403126,0.7480580806732178
46.90599822998047,-22.753999710083008,0.8857825994491577,4.708743095397949,0.1528376340866089,0.5309969186782837,0.05307525768876076,0.3115980327129364
46.90599822998047,-22.753999710083008,0.9753105044364929,1.845105528831482,0.07950916141271591,0.04268815368413925,-0.13874052464962006,0.3956897258758545
46.90599822998047,-22.753999710083008,0.9318118095397949,5.495667457580566,0.06163622811436653,0.17584006488323212,-0.10750855505466461,0.2927122712135315
46.90599822998047,-21.753999710083008,0.73309326171875,5.128620624542236,0.04597797989845276,1.0305805206298828,0.06114805489778519,0.256075382232666
46.90599822998047,-21.753999710083008,1.074481725692749,1.5056486129760742,0.09141578525304794,0.041497305035591125,-0.09342894703149796,0.6535663604736328
46.90599822998047,-21.753999710083008,0.9077531695365906,5.150563716888428,0.1327342391014099,0.26509806513786316,0.0074836490675807,0.09035830944776535
46.90599822998047,-20.753999710083008,0.7983202934265137,5.8659987449646,0.049576062709093094,0.9732736945152283,0.05730392783880234,0.3367062211036682
46.90599822998047,-20.753999710083008,1.0719174146652222,1.3706892728805542,0.10530588775873184,0.08938509225845337,-0.10916481167078018,0.6451049447059631
46.90599822998047,-20.753999710083008,1.0068548917770386,6.256419658660889,0.23345531523227692,0.37919121980667114,0.03813628852367401,0.01818884164094925
46.90599822998047,-19.753999710083008,0.8063458800315857,0.32447606325149536,0.1416459083557129,1.0154304504394531,0.16220395267009735,0.27778130769729614
46.90599822998047,-19.753999710083008,0.9443191885948181,1.4693641662597656,0.10642802715301514,0.1440775990486145,-0.07115389406681061,0.5933407545089722
46.90599822998047,-19.753999710083008,0.9361616373062134,0.19943293929100037,0.12056273221969604,0.10386664420366287,0.02773919701576233,0.12887784838676453
46.90599822998047,-18.753999710083008,1.1826900243759155,1.447361707687378,1.0475530624389648,0.4969753623008728,0.15246008336544037,0.05219867452979088
46.90599822998047,-18.753999710083008,0.9243999719619751,0.9720350503921509,0.08778282254934311,0.1562831848859787,0.1668977290391922,0.8501816391944885
46.90599822998047,-18.753999710083008,1.0088225603103638,0.03992375731468201,0.25059571862220764,0.25243937969207764,0.15185384452342987,0.0976196676492691
46.90599822998047,-17.753999710083008,1.1423180103302002,6.229887008666992,0.8529370427131653,0.525669515132904,0.15767230093479156,0.017381703481078148
46.90599822998047,-17.753999710083008,1.2948722839355469,0.6403546333312988,0.0938209742307663,0.07144403457641602,0.2913736402988434,0.7419495582580566
46.90599822998047,-17.753999710083008,1.245362639427185,0.2674749195575714,0.17331884801387787,0.04420739784836769,0.2245599776506424,0.24066875874996185
47.90599822998047,-25.753999710083008,0.7681032419204712,5.738988876342773,0.0469001866877079,0.6404917240142822,0.0102467630058527,0.9408451318740845
47.90599822998047,-25.753999710083008,0.8859441876411438,2.3079516887664795,0.0518447682261467,0.0877290889620781,0.12797287106513977,0.0463375523686409
47.90599822998047,-25.753999710083008,1.0893300771713257,5.6885576248168945,0.07810567319393158,0.04079413041472435,0.04812844842672348,0.012817335315048695
47.90599822998047,-24.753999710083008,0.8589521050453186,5.893740177154541,0.18135730922222137,0.7832394242286682,0.030855806544423103,0.03758568689227104
47.90599822998047,-24.753999710083008,0.7538716793060303,2.694561004638672,0.16758856177330017,0.8976323008537292,0.008823396638035774,0.007854406721889973
47.90599822998047,-24.753999710083008,0.8915411233901978,5.915274143218994,0.047833818942308426,0.0650334283709526,-0.15902405977249146,0.9545599818229675
47.90599822998047,-23.753999710083008,0.8916343450546265,0.3199845254421234,0.036897726356983185,0.3266693353652954,-0.15546824038028717,0.3562704026699066
47.90599822998047,-23.753999710083008,0.9068811535835266,1.5269598960876465,0.32079294323921204,2.025702476501465,0.23671233654022217,0.003319275565445423
47.90599822998047,-23.753999710083008,0.8233205676078796,6.143599033355713,0.06092539057135582,0.14558474719524384,-0.2570286691188812,0.640410304069519
47.90599822998047,-22.753999710083008,0.8266005516052246,5.011833667755127,0.13761219382286072,0.7095738053321838,0.040610309690237045,0.19788599014282227
47.90599822998047,-22.753999710083008,0.8617907762527466,1.2484900951385498,0.16692762076854706,0.2826312184333801,0.06131289154291153,0.01330127939581871
47.90599822998047,-22.753999710083008,0.8295860886573792,5.747457504272461,0.05089288577437401,0.07744657248258591,-0.15868113934993744,0.7888127565383911
47.90599822998047,-21.753999710083008,0.593001127243042,5.738302230834961,0.020475685596466064,0.12474191188812256,0.060589756816625595,0.36385560035705566
47.90599822998047,-21.753999710083008,1.1263781785964966,0.542517364025116,0.33063551783561707,0.1558455526828766,0.1087905764579773,0.5812197327613831
47.90599822998047,-21.753999710083008,0.7323424220085144,5.635061740875244,0.29177042841911316,0.628858745098114,-0.09798838943243027,0.05492475628852844
47.90599822998047,-20.753999710083008,0.6372382044792175,0.1409919261932373,0.06752590090036392,0.43231210112571716,0.18521885573863983,0.09266586601734161
47.90599822998047,-20.753999710083008,0.7909696102142334,0.8398619294166565,0.05201149731874466,0.09039553254842758,0.27008184790611267,0.9060913324356079
47.90599822998047,-20.753999710083008,0.5229284167289734,0.25355446338653564,0.24061672389507294,0.9121478796005249,0.050504717975854874,0.0012428666232153773
47.90599822998047,-19.753999710083008,0.9594782590866089,4.397321701049805,0.16949987411499023,0.7801831960678101,0.14401258528232574,0.009152564220130444
47.90599822998047,-19.753999710083008,0.9473727941513062,0.5112944841384888,0.038661643862724304,0.1373898983001709,0.5609236359596252,0.9887461066246033
47.90599822998047,-19.753999710083008,0.8145709037780762,2.4729905128479004,0.24701054394245148,0.12281077355146408,-0.061228521168231964,0.002101342659443617
47.90599822998047,-18.753999710083008,1.4060715436935425,4.397276878356934,0.37143674492836,0.42240381240844727,0.17050844430923462,0.006045331247150898
47.90599822998047,-18.753999710083008,1.3703025579452515,0.18020057678222656,0.07843881845474243,0.4714977443218231,0.6112388372421265,0.9899759888648987
47.90599822998047,-18.753999710083008,1.444960594177246,1.0806721448898315,0.29331013560295105,0.12580065429210663,0.04913950711488724,0.003978738095611334
