x,y,mean_speed,mean_motion_angle,var_speed,var_motion_angle,coef,weight
-41.09400177001953,-2.753999948501587,1.5601688623428345,2.9993903636932373,5.591495037078857,3.906432867050171,0.011629796586930752,0.017787406221032143
-41.09400177001953,-2.753999948501587,1.5378732681274414,3.1114096641540527,0.2645614743232727,0.06387117505073547,-0.32029470801353455,0.9817220568656921
-41.09400177001953,-2.753999948501587,1.3179115056991577,0.3274935185909271,0.7064105868339539,0.5521755218505859,0.20763340592384338,0.0004904952947981656
-41.09400177001953,-1.753999948501587,0.7197519540786743,0.36468952894210815,0.22534579038619995,3.884884834289551,0.07121387869119644,0.011373034678399563
-41.09400177001953,-1.753999948501587,1.1612727642059326,2.6461758613586426,0.09041993319988251,0.024134349077939987,-0.11624518036842346,0.9884819984436035
-41.09400177001953,-1.753999948501587,0.9698530435562134,5.5176191329956055,0.2464452087879181,0.7066631317138672,0.13604037463665009,0.00014499732060357928
-40.09400177001953,-3.753999948501587,0.3040662109851837,5.907287120819092,0.005031275097280741,5.357505798339844,0.0899195745587349,0.44612208008766174
-40.09400177001953,-3.753999948501587,0.9498224258422852,3.78433895111084,0.08480137586593628,0.07058000564575195,-0.4531760811805725,0.5538690090179443
-40.09400177001953,-3.753999948501587,0.8262404799461365,4.222354888916016,0.26268142461776733,0.13755135238170624,0.5099769234657288,8.836811502987985e-06
-40.09400177001953,-2.753999948501587,1.2493374347686768,4.886896133422852,4.861323833465576,4.3122029304504395,0.15103676915168762,0.011891116388142109
-40.09400177001953,-2.753999948501587,1.1174479722976685,2.9945859909057617,0.0985352098941803,0.07100850343704224,-0.08658665418624878,0.9871997237205505
-40.09400177001953,-2.753999948501587,0.935935914516449,6.005715847015381,0.18701809644699097,0.6464791297912598,-0.09168649464845657,0.0009092033142223954
-40.09400177001953,-1.753999948501587,0.9185317158699036,3.4193532466888428,0.2273409515619278,2.4033350944519043,0.048635661602020264,0.22957955300807953
-40.09400177001953,-1.753999948501587,1.22903311252594,2.3501718044281006,0.21845121681690216,0.03190694749355316,0.11223003268241882,0.7566003799438477
-40.09400177001953,-1.753999948501587,0.9536458253860474,5.413083553314209,0.12864820659160614,0.06918754428625107,0.0621672049164772,0.013820051215589046
-39.09400177001953,-3.753999948501587,0.5284074544906616,5.208494186401367,0.029243838042020798,5.542649745941162,0.10863666236400604,0.0093787657096982
-39.09400177001953,-3.753999948501587,0.8576048016548157,3.5040674209594727,0.03720162436366081,0.039053283631801605,-0.3381991684436798,0.9906173348426819
-39.09400177001953,-3.753999948501587,0.9324885606765747,4.924734115600586,0.3935545086860657,0.4624550938606262,0.36865168809890747,3.897079750458943e-06
-39.09400177001953,-2.753999948501587,1.4280117750167847,6.049881458282471,12.548888206481934,4.400935173034668,0.15301194787025452,0.008373080752789974
-39.09400177001953,-2.753999948501587,1.1671539545059204,2.9898929595947266,0.10864023864269257,0.07951511442661285,0.014011246152222157,0.9863802790641785
-39.09400177001953,-2.753999948501587,1.0236740112304688,5.965717315673828,0.15860635042190552,0.2569821774959564,-0.09625526517629623,0.005246725399047136
-39.09400177001953,-1.753999948501587,1.1197395324707031,6.243506908416748,0.3098233640193939,1.1584266424179077,0.28697115182876587,0.1572795957326889
-39.09400177001953,-1.753999948501587,1.0581316947937012,1.961416482925415,0.2713066339492798,0.16828492283821106,0.02840849757194519,0.8332204818725586
-39.09400177001953,-1.753999948501587,0.8547207713127136,5.557039260864258,0.1836996227502823,0.6423914432525635,0.24615558981895447,0.009499844163656235
-38.09400177001953,-4.754000186920166,0.43061190843582153,4.665940284729004,0.0316256619989872,0.7110275030136108,-0.031751956790685654,0.05559636652469635
-38.09400177001953,-4.754000186920166,0.7346007823944092,3.372051954269409,0.23914219439029694,0.06949186325073242,0.3689905107021332,0.9444034695625305
-38.09400177001953,-4.754000186920166,0.6296651363372803,5.817015171051025,0.9698064923286438,11.423458099365234,0.45621129870414734,1.973889283135577e-07
-38.09400177001953,-3.753999948501587,0.8085731267929077,6.06923246383667,0.11328691244125366,2.0333328247070312,0.09504157304763794,0.039322055876255035
-38.09400177001953,-3.753999948501587,0.876253068447113,2.9771032333374023,0.05994156002998352,0.09568465501070023,0.008123081177473068,0.9590418934822083
-38.09400177001953,-3.753999948501587,0.9249666929244995,6.1384758949279785,0.18356266617774963,0.7026691436767578,-0.0007719318964518607,0.001635985099710524
-38.09400177001953,-2.753999948501587,1.3460819721221924,1.7855943441390991,3.706406831741333,3.515465259552002,0.16411979496479034,0.030372386798262596
-38.09400177001953,-2.753999948501587,1.1317667961120605,3.080171823501587,0.09313909709453583,0.07523848861455917,0.16892549395561218,0.9590096473693848
-38.09400177001953,-2.753999948501587,1.1501550674438477,5.8865227699279785,0.18229633569717407,0.11504107713699341,-0.008980659767985344,0.010618006810545921
-38.09400177001953,-1.753999948501587,1.416961431503296,0.7643581032752991,0.5911356806755066,0.9007009267807007,0.2667069435119629,0.2644122838973999
-38.09400177001953,-1.753999948501587,1.007264494895935,1.3077950477600098,0.3630821704864502,2.587040901184082,-0.39644208550453186,0.7297535538673401
-38.09400177001953,-1.753999948501587,0.8582147359848022,5.270153999328613,0.11237499862909317,6.0154805183410645,0.43776196241378784,0.005834176670759916
-37.09400177001953,-4.754000186920166,0.751049816608429,4.662268161773682,0.10943687707185745,0.7980692982673645,-0.11613115668296814,0.03927113115787506
-37.09400177001953,-4.754000186920166,0.682223379611969,3.56358003616333,0.12715579569339752,0.09332314133644104,0.05394701659679413,0.9607182145118713
-37.09400177001953,-4.754000186920166,0.6041668653488159,4.2373151779174805,0.29486918449401855,2.9127776622772217,0.5064408183097839,1.063833315129159e-05
-37.09400177001953,-3.753999948501587,1.1090667247772217,1.4820270538330078,0.4921378195285797,3.281471014022827,0.09036853164434433,0.016349947080016136
-37.09400177001953,-3.753999948501587,1.0695850849151611,3.241474151611328,0.06655411422252655,0.06450596451759338,0.13466212153434753,0.9563024044036865
-37.09400177001953,-3.753999948501587,1.0945048332214355,6.26624870300293,0.10741174221038818,0.12698929011821747,0.032373033463954926,0.02734777331352234
-37.09400177001953,-2.753999948501587,1.3401806354522705,1.5339049100875854,2.216829299926758,3.786431312561035,0.16587117314338684,0.05062713101506233
-37.09400177001953,-2.753999948501587,1.1255286931991577,3.332298517227173,0.07540754973888397,0.08675536513328552,0.06688469648361206,0.7942666411399841
-37.09400177001953,-2.753999948501587,1.1650605201721191,0.023989781737327576,0.11364345997571945,0.05823801830410957,-0.08167234063148499,0.15510621666908264
-37.09400177001953,-1.753999948501587,1.351118803024292,2.274644613265991,1.0173228979110718,1.7391111850738525,0.15296876430511475,0.23849326372146606
-37.09400177001953,-1.753999948501587,1.0141500234603882,2.9144983291625977,0.21070873737335205,0.34079012274742126,-0.07385104894638062,0.754291832447052
-37.09400177001953,-1.753999948501587,0.984797477722168,0.19192776083946228,0.17850083112716675,0.6724504232406616,0.39185667037963867,0.007214875426143408
-37.09400177001953,0.2460000067949295,0.9158778190612793,4.37407112121582,0.11427720636129379,1.3447859287261963,0.16899517178535461,0.822996973991394
-37.09400177001953,0.2460000067949295,0.750572144985199,2.7219810485839844,0.06025351583957672,0.28373032808303833,-0.015207385644316673,0.17464111745357513
-37.09400177001953,0.2460000067949295,0.9902282953262329,0.5911746621131897,0.5784121751785278,0.8840169310569763,-0.02353113517165184,0.00236194534227252
-37.09400177001953,1.246000051498413,0.9161090850830078,5.6101837158203125,0.29802727699279785,3.7821664810180664,0.172861248254776,0.00019568415882531554
-37.09400177001953,1.246000051498413,0.6650428771972656,2.739591121673584,0.01830187998712063,0.109682597219944,0.11151868849992752,0.9996591806411743
-37.09400177001953,1.246000051498413,0.66560959815979,6.107782363891602,0.2686460316181183,4.934835433959961,0.19358237087726593,0.0001451372227165848
-36.09400177001953,-4.754000186920166,0.9315696954727173,3.332631826400757,0.3771136999130249,1.3251872062683105,0.2627350986003876,0.008450278080999851
-36.09400177001953,-4.754000186920166,0.6708283424377441,3.490656614303589,0.09883642196655273,0.6064776182174683,-0.2860117554664612,0.45530229806900024
-36.09400177001953,-4.754000186920166,0.5965616106987,4.215044021606445,0.0233498215675354,0.107735775411129,0.23420411348342896,0.5362474322319031
-36.09400177001953,-3.753999948501587,0.8861129879951477,1.209697961807251,0.09162501990795135,2.9691102504730225,0.036704275757074356,0.24436965584754944
-36.09400177001953,-3.753999948501587,1.0197621583938599,3.3231821060180664,0.08468330651521683,0.08163577318191528,0.15522025525569916,0.5161919593811035
-36.09400177001953,-3.753999948501587,1.1087098121643066,0.04065963625907898,0.07869851589202881,0.05958456173539162,0.0874486044049263,0.23943836987018585
-36.09400177001953,-2.753999948501587,1.2747911214828491,1.5283228158950806,1.368089199066162,3.5448498725891113,0.14963525533676147,0.02273784950375557
-36.09400177001953,-2.753999948501587,1.0948518514633179,3.4065470695495605,0.06434698402881622,0.09194716811180115,-0.07266613095998764,0.6550371050834656
-36.09400177001953,-2.753999948501587,1.102678894996643,0.21575811505317688,0.08441886305809021,0.06841958314180374,-0.10018303990364075,0.32222509384155273
-36.09400177001953,-1.753999948501587,0.9322951436042786,1.1023588180541992,0.20784276723861694,2.869450569152832,0.06546464562416077,0.13230659067630768
-36.09400177001953,-1.753999948501587,1.192625641822815,3.849821090698242,0.09767455607652664,0.03412673622369766,-0.06631823629140854,0.5182915329933167
-36.09400177001953,-1.753999948501587,1.338294267654419,0.4896737039089203,0.12535957992076874,0.043406419456005096,0.03813187777996063,0.3494018018245697
-36.09400177001953,-0.7540000081062317,1.250992774963379,1.4762458801269531,0.281484991312027,1.6309510469436646,0.17392323911190033,0.8585799932479858
-36.09400177001953,-0.7540000081062317,1.1744678020477295,3.3288416862487793,0.22395668923854828,0.9154379367828369,-0.25340181589126587,0.13018997013568878
-36.09400177001953,-0.7540000081062317,1.2989873886108398,0.8169485926628113,0.23014962673187256,0.19685813784599304,0.027331482619047165,0.011230012401938438
-36.09400177001953,0.2460000067949295,0.7933869361877441,6.071433067321777,0.09516860544681549,0.7258830070495605,-0.11559415608644485,0.21680451929569244
-36.09400177001953,0.2460000067949295,0.6722316145896912,1.575011134147644,0.051200054585933685,0.3834986388683319,0.09837544709444046,0.782526969909668
-36.09400177001953,0.2460000067949295,0.9878032803535461,1.620324969291687,1.8551067113876343,3.293992757797241,0.20234256982803345,0.0006685049738734961
-36.09400177001953,1.246000051498413,1.0585017204284668,0.6496009826660156,0.27534541487693787,3.562803030014038,0.09667210280895233,0.01698189415037632
-36.09400177001953,1.246000051498413,0.8589164614677429,3.107177734375,0.08445587009191513,0.242008775472641,0.2429107427597046,0.21060025691986084
-36.09400177001953,1.246000051498413,0.7786996960639954,0.8600173592567444,0.07234134525060654,0.0368226058781147,0.028673546388745308,0.7724179029464722
-35.09400177001953,-4.754000186920166,0.8503188490867615,5.176170349121094,0.06620363146066666,0.5352912545204163,0.05866379290819168,0.16616255044937134
-35.09400177001953,-4.754000186920166,0.7483285665512085,3.035921812057495,0.17146675288677216,1.0982953310012817,0.0812101662158966,0.008993717841804028
-35.09400177001953,-4.754000186920166,0.8850921392440796,5.9586405754089355,0.033826570957899094,0.049721162766218185,0.1806049793958664,0.8248437643051147
-35.09400177001953,-3.753999948501587,0.8669937252998352,0.2473810762166977,0.0882478803396225,3.2809765338897705,0.06225471943616867,0.22411373257637024
-35.09400177001953,-3.753999948501587,1.0902396440505981,3.4943065643310547,0.10505491495132446,0.07155437767505646,0.20260000228881836,0.5343446731567383
-35.09400177001953,-3.753999948501587,1.190935492515564,0.10932938754558563,0.09629175812005997,0.07261846959590912,0.07728277146816254,0.2415415495634079
-35.09400177001953,-2.753999948501587,1.2128504514694214,2.4611966609954834,0.7917662858963013,2.68804931640625,0.1001041978597641,0.044209178537130356
-35.09400177001953,-2.753999948501587,1.1208360195159912,3.56929874420166,0.0576193630695343,0.049136314541101456,-0.09916936606168747,0.6228421926498413
-35.09400177001953,-2.753999948501587,1.1780476570129395,0.2801719009876251,0.08737613260746002,0.05642133206129074,-0.07039263844490051,0.3329486846923828
-35.09400177001953,-1.753999948501587,0.935831606388092,0.6633330583572388,0.19963057339191437,3.054870367050171,0.05491529777646065,0.12228389829397202
-35.09400177001953,-1.753999948501587,1.1244298219680786,3.8105201721191406,0.07154042273759842,0.035574715584516525,-0.061206474900245667,0.41719189286231995
-35.09400177001953,-1.753999948501587,1.26289963722229,0.4709963798522949,0.0949796512722969,0.038826651871204376,-0.07997141033411026,0.46052423119544983
-35.09400177001953,-0.7540000081062317,0.897760272026062,2.343303918838501,0.10684278607368469,2.5735998153686523,0.08077608048915863,0.3472764790058136
-35.09400177001953,-0.7540000081062317,0.9958894848823547,3.845557689666748,0.09109502285718918,0.06113092973828316,-0.2137574404478073,0.44038209319114685
-35.09400177001953,-0.7540000081062317,1.2258193492889404,0.8162469863891602,0.14748817682266235,0.0598638541996479,0.14164525270462036,0.21234142780303955
-35.09400177001953,0.2460000067949295,1.0035327672958374,1.2139365673065186,0.31680944561958313,1.1587505340576172,-0.1840098649263382,0.10478569567203522
-35.09400177001953,0.2460000067949295,0.6835981607437134,1.6807186603546143,0.03317033499479294,0.5235115885734558,0.23882855474948883,0.8922755122184753
-35.09400177001953,0.2460000067949295,0.8988276124000549,1.9484336376190186,0.835492730140686,1.829369068145752,0.23301418125629425,0.002938746940344572
-34.09400177001953,-4.754000186920166,0.8547161817550659,4.663913726806641,0.07981222867965698,0.96412593126297,0.0932052806019783,0.866001546382904
-34.09400177001953,-4.754000186920166,0.7800238132476807,2.4140353202819824,0.15020856261253357,0.2578398585319519,0.1365099400281906,0.06102249398827553
-34.09400177001953,-4.754000186920166,0.6898335814476013,5.371657371520996,0.035986173897981644,0.18176841735839844,0.254447877407074,0.0729760006070137
-34.09400177001953,-3.753999948501587,0.9246065616607666,3.79016375541687,0.09634988009929657,2.5258121490478516,0.11887861788272858,0.5525237321853638
-34.09400177001953,-3.753999948501587,0.9864034056663513,3.4914090633392334,0.10573117434978485,0.15843893587589264,0.18013544380664825,0.36173030734062195
-34.09400177001953,-3.753999948501587,1.2135051488876343,0.16411909461021423,0.1899103820323944,0.15416377782821655,-0.0068255821242928505,0.08574594557285309
-34.09400177001953,-2.753999948501587,0.9693467617034912,3.7209842205047607,0.1922614723443985,2.6491475105285645,0.05849204957485199,0.1467607468366623
-34.09400177001953,-2.753999948501587,1.160328984260559,3.7196478843688965,0.06290353834629059,0.03489094600081444,-0.06993282586336136,0.6354886293411255
-34.09400177001953,-2.753999948501587,1.159579873085022,0.35549017786979675,0.09833618998527527,0.057877253741025925,0.12118474394083023,0.2177506685256958
-34.09400177001953,-1.753999948501587,1.17475163936615,0.34334251284599304,0.7839019894599915,3.9630508422851562,0.12783817946910858,0.08366119116544724
-34.09400177001953,-1.753999948501587,1.1653425693511963,3.7096402645111084,0.07707767933607101,0.03845740482211113,-0.10769136995077133,0.4710437059402466
-34.09400177001953,-1.753999948501587,1.1972588300704956,0.40891772508621216,0.07683167606592178,0.03554263710975647,-0.07006693631410599,0.4452950954437256
-34.09400177001953,-0.7540000081062317,0.8919187784194946,1.3081177473068237,0.13278311491012573,3.405449151992798,0.12462543696165085,0.0994047150015831
-34.09400177001953,-0.7540000081062317,1.0860427618026733,3.8836755752563477,0.07848309725522995,0.022236308082938194,-0.18731854856014252,0.3794436752796173
-34.09400177001953,-0.7540000081062317,1.2279911041259766,0.6244685649871826,0.10766089707612991,0.03524630516767502,0.029973279684782028,0.5211516618728638
-34.09400177001953,0.2460000067949295,0.7368119359016418,1.4575625658035278,0.08862914144992828,2.1828196048736572,0.03969544544816017,0.42288872599601746
-34.09400177001953,0.2460000067949295,0.5417576432228088,3.280872344970703,0.01771840825676918,0.3982888460159302,0.07515163719654083,0.5496135950088501
-34.09400177001953,0.2460000067949295,0.6882619261741638,1.0574125051498413,0.06709830462932587,0.6162683367729187,0.10631457716226578,0.027497606351971626
-34.09400177001953,1.246000051498413,0.8775700926780701,1.9510393142700195,0.3427424430847168,2.2614545822143555,0.04475751146674156,0.02074803225696087
-34.09400177001953,1.246000051498413,0.6881483197212219,2.755542755126953,0.023943759500980377,0.2725343108177185,0.29544809460639954,0.8140760660171509
-34.09400177001953,1.246000051498413,0.6908702254295349,2.2302355766296387,0.047408577054739,0.16919393837451935,-0.019205570220947266,0.16517584025859833
-33.09400177001953,-5.754000186920166,0.8341445326805115,5.638543128967285,0.04441145807504654,4.619510173797607,-0.029213454574346542,0.004970905836671591
-33.09400177001953,-5.754000186920166,0.6336600184440613,3.305015802383423,0.032397642731666565,0.3178529143333435,0.41266724467277527,0.15824483335018158
-33.09400177001953,-5.754000186920166,0.7187879681587219,4.184961318969727,0.08275750279426575,0.14219069480895996,0.03064614161849022,0.8367842435836792
-33.09400177001953,-4.754000186920166,0.8771239519119263,2.3294851779937744,0.2249324768781662,1.3576769828796387,0.28622937202453613,0.3447812795639038
-33.09400177001953,-4.754000186920166,0.6619749069213867,2.226701498031616,0.035191185772418976,0.21561844646930695,-0.03863314539194107,0.2595120668411255
-33.09400177001953,-4.754000186920166,0.630807638168335,4.388214588165283,0.017829077318310738,0.4416995048522949,0.31792107224464417,0.3957065939903259
-33.09400177001953,-3.753999948501587,1.0851116180419922,3.668086528778076,0.2101220041513443,1.9297664165496826,0.12419989705085754,0.6062245965003967
-33.09400177001953,-3.753999948501587,0.9468870759010315,3.5662519931793213,0.06652943044900894,0.19446255266666412,0.16440050303936005,0.3393504321575165
-33.09400177001953,-3.753999948501587,1.1936391592025757,0.1294029951095581,0.20015285909175873,0.38950520753860474,-0.12642376124858856,0.054424967616796494
-33.09400177001953,-2.753999948501587,0.8975175023078918,3.2836241722106934,0.135466530919075,2.930980920791626,0.08383593708276749,0.19792965054512024
-33.09400177001953,-2.753999948501587,1.13540518283844,3.6108219623565674,0.07242631912231445,0.0319642499089241,0.03062594123184681,0.5564303398132324
-33.09400177001953,-2.753999948501587,1.0382096767425537,0.25355836749076843,0.09201469272375107,0.07746976613998413,0.303414523601532,0.24564005434513092
-33.09400177001953,-1.753999948501587,1.3628803491592407,0.8656580448150635,1.6571124792099,3.8476245403289795,0.14268597960472107,0.07825837284326553
-33.09400177001953,-1.753999948501587,1.2179486751556396,3.637460708618164,0.06132631003856659,0.024109849706292152,-0.009622376412153244,0.6114401817321777
-33.09400177001953,-1.753999948501587,1.2284117937088013,0.37340253591537476,0.07126825302839279,0.030224336311221123,-0.05724697560071945,0.3103015124797821
-33.09400177001953,-0.7540000081062317,0.8630363941192627,0.6983211636543274,0.06233573704957962,2.596487045288086,0.1345377266407013,0.42024433612823486
-33.09400177001953,-0.7540000081062317,1.0358623266220093,3.7693228721618652,0.07553774863481522,0.0681925117969513,-0.027964280918240547,0.27756252884864807
-33.09400177001953,-0.7540000081062317,1.1581621170043945,0.6120361089706421,0.0855797529220581,0.060034312307834625,-0.06391443312168121,0.3021931052207947
-33.09400177001953,0.2460000067949295,0.7719600796699524,3.849614143371582,0.04543159529566765,2.3673975467681885,-0.0401984304189682,0.7980970144271851
-33.09400177001953,0.2460000067949295,1.1947952508926392,3.708246946334839,0.22521661221981049,0.028902214020490646,-0.05495080724358559,0.09569551795721054
-33.09400177001953,0.2460000067949295,1.134146809577942,0.6408520936965942,0.13342440128326416,0.03872452303767204,0.011805390007793903,0.106207475066185
-33.09400177001953,1.246000051498413,0.5545048117637634,1.785184383392334,0.04022767394781113,1.388033151626587,0.08038748055696487,0.347616046667099
-33.09400177001953,1.246000051498413,0.5733591318130493,2.8582191467285156,0.04117073118686676,0.48103219270706177,-0.04000583291053772,0.03334806486964226
-33.09400177001953,1.246000051498413,0.7851358652114868,0.7975579500198364,0.022488415241241455,0.08248678594827652,0.07293149083852768,0.6190359592437744
-33.09400177001953,2.246000051498413,0.8477717638015747,1.4258334636688232,0.09438316524028778,2.707108497619629,0.2974429726600647,0.43499016761779785
-33.09400177001953,2.246000051498413,0.6904380321502686,3.523237943649292,0.07524383068084717,2.389331340789795,0.09077604860067368,0.22013315558433533
-33.09400177001953,2.246000051498413,0.914318323135376,0.3029320538043976,0.07628005743026733,0.1432618349790573,0.21550600230693817,0.3448767066001892
-32.09400177001953,-6.754000186920166,0.9610438942909241,4.268532752990723,0.061569973826408386,0.47393137216567993,-0.17805327475070953,0.047803983092308044
-32.09400177001953,-6.754000186920166,0.8263151049613953,1.7911838293075562,0.06426448374986649,0.7482420802116394,0.06950446963310242,0.0009671759326010942
-32.09400177001953,-6.754000186920166,0.740624189376831,4.514273166656494,0.008099489845335484,0.057305194437503815,-0.12123393267393112,0.9512287974357605
-32.09400177001953,-5.754000186920166,0.7212368249893188,4.205821990966797,0.05771803855895996,1.3994429111480713,0.025164980441331863,0.12226521968841553
-32.09400177001953,-5.754000186920166,0.7808526754379272,3.389209032058716,0.11197001487016678,0.3218877911567688,0.11150199919939041,0.21831001341342926
-32.09400177001953,-5.754000186920166,1.0161921977996826,4.968110084533691,0.13499446213245392,0.10074072331190109,-0.04183359444141388,0.6594247817993164
-32.09400177001953,-4.754000186920166,0.9437134861946106,4.889622688293457,0.23094800114631653,2.133455991744995,0.3149234354496002,0.28870195150375366
-32.09400177001953,-4.754000186920166,0.7708083987236023,2.4655072689056396,0.0838293582201004,0.2501161992549896,0.004986818879842758,0.16355650126934052
-32.09400177001953,-4.754000186920166,0.8592527508735657,5.442683219909668,0.06764547526836395,0.1262969970703125,0.1242513656616211,0.5477415919303894
-32.09400177001953,-3.753999948501587,1.125016689300537,5.938114166259766,0.40599021315574646,2.282548189163208,0.10475081205368042,0.3755244016647339
-32.09400177001953,-3.753999948501587,0.9919768571853638,3.9537293910980225,0.06461166590452194,0.07825590670108795,0.027006307616829872,0.6166313290596008
-32.09400177001953,-3.753999948501587,1.0129412412643433,0.1731598973274231,0.13628453016281128,0.08460944145917892,0.03513028845191002,0.007844310253858566
-32.09400177001953,-2.753999948501587,0.9320343136787415,3.586160898208618,0.09507399052381516,2.8389463424682617,0.0377308689057827,0.5373762845993042
-32.09400177001953,-2.753999948501587,1.2076420783996582,3.6514837741851807,0.08094001561403275,0.01845543459057808,0.009535834193229675,0.39238303899765015
-32.09400177001953,-2.753999948501587,1.1496474742889404,0.3617539703845978,0.11500756442546844,0.05500129982829094,0.22755594551563263,0.07024063915014267
-32.09400177001953,-1.753999948501587,1.202917456626892,0.7200820446014404,0.8709941506385803,2.966717004776001,0.10037504881620407,0.10472326725721359
-32.09400177001953,-1.753999948501587,1.216395616531372,3.6391704082489014,0.08474922925233841,0.02384091727435589,-0.055614154785871506,0.553745448589325
-32.09400177001953,-1.753999948501587,1.1293034553527832,0.3742417097091675,0.07831425219774246,0.03403763100504875,0.03916260227560997,0.341531366109848
-32.09400177001953,-0.7540000081062317,1.0186783075332642,1.0302774906158447,0.30508852005004883,2.9351613521575928,0.07359375059604645,0.15792393684387207
-32.09400177001953,-0.7540000081062317,1.1609516143798828,3.5033621788024902,0.10085547715425491,0.032759808003902435,-0.07269922643899918,0.3952937424182892
-32.09400177001953,-0.7540000081062317,1.175410270690918,0.2946772575378418,0.07995240390300751,0.02556331641972065,-0.042889755219221115,0.44678232073783875
-32.09400177001953,0.2460000067949295,0.8417943716049194,2.124589681625366,0.09010210633277893,4.022985458374023,-0.05029155686497688,0.5695772767066956
-32.09400177001953,0.2460000067949295,1.2350155115127563,3.838557720184326,0.23553091287612915,0.01781371235847473,-0.007122613023966551,0.24429896473884583
-32.09400177001953,0.2460000067949295,1.0949795246124268,0.6954296231269836,0.10099537670612335,0.06692028045654297,-0.16483257710933685,0.18612368404865265
-32.09400177001953,1.246000051498413,0.797100305557251,1.2927911281585693,0.0773157849907875,2.274888038635254,-0.025059878826141357,0.6041776537895203
-32.09400177001953,1.246000051498413,1.0796102285385132,3.852651596069336,0.13029317557811737,0.057499516755342484,0.03386339172720909,0.19750988483428955
-32.09400177001953,1.246000051498413,1.2763166427612305,0.585907518863678,0.13308367133140564,0.023565273731946945,-0.05757443234324455,0.19831249117851257
-32.09400177001953,2.246000051498413,0.7745093107223511,2.5214810371398926,0.03153955191373825,1.5455743074417114,0.10640827566385269,0.9663847088813782
-32.09400177001953,2.246000051498413,0.8099172115325928,3.930724620819092,0.17820820212364197,0.7582391500473022,0.12681378424167633,0.01229280699044466
-32.09400177001953,2.246000051498413,1.1198726892471313,0.354995995759964,0.15457195043563843,0.06394773721694946,0.22155100107192993,0.021322455257177353
-32.09400177001953,3.246000051498413,1.164642333984375,2.54647159576416,1.964959740638733,4.048305034637451,0.16145893931388855,0.0006810796912759542
-32.09400177001953,3.246000051498413,0.7632817029953003,1.8184584379196167,0.028805779293179512,0.10360205918550491,0.5698474049568176,0.9974148273468018
-32.09400177001953,3.246000051498413,0.9357010126113892,1.6429630517959595,0.5045369863510132,0.30127978324890137,0.01099928468465805,0.0019040423212572932
-32.09400177001953,4.245999813079834,1.303980827331543,3.3588616847991943,2.889538049697876,2.0682194232940674,0.27895060181617737,0.005543930921703577
-32.09400177001953,4.245999813079834,0.9048591256141663,1.1777665615081787,0.11098150908946991,0.20117449760437012,-0.03850265219807625,0.9930146932601929
-32.09400177001953,4.245999813079834,0.9380028247833252,0.7688292860984802,0.7606781721115112,1.3946607112884521,0.1331629753112793,0.0014413383323699236
-31.0939998626709,-6.754000186920166,0.7255244255065918,6.140440464019775,0.003824795363470912,0.7006942629814148,-0.03073916956782341,0.9886379837989807
-31.0939998626709,-6.754000186920166,0.846047580242157,2.273503541946411,0.12884774804115295,3.839310884475708,0.006457248702645302,0.003680904395878315
-31.0939998626709,-6.754000186920166,0.7692578434944153,5.540635108947754,0.04558054730296135,0.37936028838157654,-0.11863470077514648,0.007681088987737894
-31.0939998626709,-5.754000186920166,0.9052441716194153,0.3202078640460968,0.04429423809051514,0.3402729332447052,0.07721256464719772,0.43541085720062256
-31.0939998626709,-5.754000186920166,1.0210776329040527,3.22906494140625,0.23203007876873016,1.3238472938537598,0.15021592378616333,0.006223751697689295
-31.0939998626709,-5.754000186920166,1.1276075839996338,5.934223175048828,0.10520525276660919,0.07629740983247757,0.04543667286634445,0.5583654046058655
-31.0939998626709,-4.754000186920166,0.8971549272537231,0.46981000900268555,0.1048128679394722,3.738443374633789,0.20838703215122223,0.362295925617218
-31.0939998626709,-4.754000186920166,0.8232768774032593,3.6922264099121094,0.14362406730651855,0.6267627477645874,-0.13984178006649017,0.30641716718673706
-31.0939998626709,-4.754000186920166,0.9916096329689026,5.096701622009277,0.10458159446716309,0.09870925545692444,0.032276950776576996,0.33128687739372253
-31.0939998626709,-3.753999948501587,1.0089192390441895,0.46455514430999756,0.08382738381624222,1.8541268110275269,0.11340214312076569,0.6030298471450806
-31.0939998626709,-3.753999948501587,0.937191903591156,4.407373428344727,0.04860907047986984,0.2691192626953125,-0.10812953859567642,0.3952237367630005
-31.0939998626709,-3.753999948501587,1.06882905960083,6.158423900604248,0.09385661035776138,0.04301906004548073,0.0840737521648407,0.0017463270341977477
-31.0939998626709,-2.753999948501587,1.0308806896209717,3.2537314891815186,0.15184222161769867,3.341263771057129,0.05564870685338974,0.6565320491790771
-31.0939998626709,-2.753999948501587,1.266143798828125,3.7682127952575684,0.12706702947616577,0.01525831688195467,0.01024309266358614,0.30706658959388733
-31.0939998626709,-2.753999948501587,1.0810205936431885,0.5661267042160034,0.10008149594068527,0.0691782534122467,0.1486319899559021,0.03640135005116463
-31.0939998626709,-1.753999948501587,1.275377631187439,1.2520967721939087,1.060545563697815,3.477842092514038,0.061786118894815445,0.13229131698608398
-31.0939998626709,-1.753999948501587,1.3098686933517456,3.575899362564087,0.07349036633968353,0.023775627836585045,0.019243214279413223,0.6269453763961792
-31.0939998626709,-1.753999948501587,1.1084089279174805,0.24936902523040771,0.055837322026491165,0.040928296744823456,-0.08935966342687607,0.24076338112354279
-31.0939998626709,-0.7540000081062317,1.423204779624939,1.3595463037490845,3.4492080211639404,5.09576416015625,0.11018063127994537,0.0126340975984931
-31.0939998626709,-0.7540000081062317,1.3712012767791748,3.578237771987915,0.09359612315893173,0.020693227648735046,-0.1701938956975937,0.5027088522911072
-31.0939998626709,-0.7540000081062317,1.2285569906234741,0.3236559331417084,0.0708017572760582,0.028204815462231636,-0.03514675423502922,0.48465707898139954
-31.0939998626709,0.2460000067949295,0.8259721994400024,1.8823132514953613,0.07457203418016434,3.9979300498962402,-0.035990744829177856,0.6798104643821716
-31.0939998626709,0.2460000067949295,1.1256312131881714,3.6743404865264893,0.24069243669509888,0.03071111999452114,0.16927331686019897,0.14367413520812988
-31.0939998626709,0.2460000067949295,1.153945803642273,0.5504628419876099,0.09969399869441986,0.06656540930271149,-0.12126772850751877,0.17651548981666565
-31.0939998626709,1.246000051498413,0.8482642769813538,0.6199579834938049,0.07250195741653442,2.655519962310791,-0.07556784898042679,0.29302409291267395
-31.0939998626709,1.246000051498413,1.0897821187973022,3.871253252029419,0.08281338214874268,0.03159629926085472,0.09193255007266998,0.445420503616333
-31.0939998626709,1.246000051498413,1.4948914051055908,0.6795297861099243,0.2101825773715973,0.04191194102168083,-0.09311112761497498,0.26155537366867065
-31.0939998626709,2.246000051498413,0.8491187691688538,3.7495920658111572,0.07550015300512314,2.536278486251831,0.03503305837512016,0.5343272089958191
-31.0939998626709,2.246000051498413,0.9796427488327026,3.876089334487915,0.07711297273635864,0.031747594475746155,0.034325890243053436,0.18383748829364777
-31.0939998626709,2.246000051498413,1.098146677017212,0.5996589064598083,0.09146527945995331,0.026925930753350258,0.22851704061031342,0.28183531761169434
-31.0939998626709,3.246000051498413,0.9144914150238037,0.587072491645813,0.13057053089141846,1.8328238725662231,0.1346224695444107,0.3492155373096466
-31.0939998626709,3.246000051498413,0.8423699140548706,3.1849286556243896,0.08123552054166794,0.3451983332633972,0.016294607892632484,0.6293832659721375
-31.0939998626709,3.246000051498413,0.9910836815834045,5.872250080108643,0.15492656826972961,0.3151315152645111,0.1137784942984581,0.021401170641183853
-31.0939998626709,4.245999813079834,0.8548057675361633,1.5066007375717163,0.21298690140247345,1.6501749753952026,-0.10135214775800705,0.1326758712530136
-31.0939998626709,4.245999813079834,0.5455570220947266,3.6721749305725098,0.017825812101364136,0.28802037239074707,0.01166610885411501,0.5466592311859131
-31.0939998626709,4.245999813079834,0.57345050573349,4.241116523742676,0.03218832239508629,0.5731393694877625,0.2904292345046997,0.3206649124622345
-31.0939998626709,5.245999813079834,1.3466122150421143,6.0517659187316895,3.219351291656494,0.9218298196792603,0.16506022214889526,0.1596197634935379
-31.0939998626709,5.245999813079834,1.278990387916565,1.8958740234375,0.08862703293561935,0.011433107778429985,-0.4408170282840729,0.40551647543907166
-31.0939998626709,5.245999813079834,1.0489450693130493,5.844514846801758,0.08236712217330933,0.06397420912981033,0.026517441496253014,0.43486374616622925
-30.0939998626709,-5.754000186920166,0.9922609329223633,4.896381855010986,0.4088791608810425,1.3782464265823364,0.10670111328363419,0.021165285259485245
-30.0939998626709,-5.754000186920166,0.9911605715751648,3.1047158241271973,0.15336747467517853,0.19438427686691284,0.0777478739619255,0.02720286324620247
-30.0939998626709,-5.754000186920166,0.8998714089393616,5.84441614151001,0.05230969935655594,0.08455237746238708,-0.08010046929121017,0.9516318440437317
-30.0939998626709,-4.754000186920166,1.203312873840332,5.486725807189941,0.5401235222816467,0.5825034379959106,0.0724712684750557,0.030680855736136436
-30.0939998626709,-4.754000186920166,0.7624278664588928,2.5432214736938477,0.10475857555866241,0.6010282039642334,0.3295094668865204,0.014261162839829922
-30.0939998626709,-4.754000186920166,0.8240140080451965,4.694117546081543,0.046634167432785034,0.05776229873299599,0.20211800932884216,0.9550580382347107
-30.0939998626709,-3.753999948501587,1.369378685951233,1.792860507965088,5.911890029907227,2.4727680683135986,0.14272131025791168,0.000692310684826225
-30.0939998626709,-3.753999948501587,0.8219356536865234,4.51133394241333,0.007183754350990057,0.059199098497629166,0.12708155810832977,0.999237060546875
-30.0939998626709,-3.753999948501587,0.6535265445709229,0.6619650721549988,0.07628729194402695,1.9860347509384155,0.4538210332393646,7.06489518051967e-05
-30.0939998626709,-2.753999948501587,1.1049319505691528,1.884546160697937,0.2897298038005829,2.0994222164154053,0.17873835563659668,0.20687854290008545
-30.0939998626709,-2.753999948501587,0.9432320594787598,4.335626125335693,0.07448861002922058,0.09768687188625336,0.017496395856142044,0.20060135424137115
-30.0939998626709,-2.753999948501587,0.9513481855392456,0.9569523930549622,0.040848251432180405,0.059446271508932114,-0.1757000982761383,0.5925201177597046
-30.0939998626709,-1.753999948501587,1.0568779706954956,3.2884891033172607,0.2823661267757416,2.4484379291534424,-0.0008545881137251854,0.11449001729488373
-30.0939998626709,-1.753999948501587,1.1379517316818237,3.8798611164093018,0.07084957510232925,0.02829079143702984,0.16184546053409576,0.6978350281715393
-30.0939998626709,-1.753999948501587,1.1928470134735107,0.7338455319404602,0.1098407655954361,0.08919577300548553,-0.08848182111978531,0.1876748651266098
-30.0939998626709,-0.7540000081062317,1.2510896921157837,1.8293259143829346,1.2691065073013306,3.645728588104248,0.0676649883389473,0.05604279786348343
-30.0939998626709,-0.7540000081062317,1.2264392375946045,3.721637487411499,0.07114880532026291,0.03124263882637024,-0.06403744965791702,0.6044847965240479
-30.0939998626709,-0.7540000081062317,1.287583827972412,0.38830268383026123,0.09660656005144119,0.03040379285812378,-0.038840845227241516,0.33947238326072693
-30.0939998626709,0.2460000067949295,0.9247896671295166,1.9668149948120117,0.16604886949062347,3.5643630027770996,0.008771203458309174,0.13693983852863312
-30.0939998626709,0.2460000067949295,1.1214457750320435,3.8784983158111572,0.09199856966733932,0.047842077910900116,0.08590949326753616,0.5336806774139404
-30.0939998626709,0.2460000067949295,1.3655551671981812,0.48900753259658813,0.1540290117263794,0.05444192886352539,-0.09353692829608917,0.32937943935394287
-30.0939998626709,1.246000051498413,0.7756461501121521,0.5736388564109802,0.06571576744318008,3.049121856689453,0.01731853559613228,0.4980548322200775
-30.0939998626709,1.246000051498413,1.0515068769454956,3.9381179809570312,0.08231472223997116,0.031041515991091728,0.05595811828970909,0.372596800327301
-30.0939998626709,1.246000051498413,1.2889093160629272,0.6192415952682495,0.14148765802383423,0.057280249893665314,-0.056593555957078934,0.12934839725494385
-30.0939998626709,2.246000051498413,1.032572865486145,3.5270838737487793,0.23650409281253815,3.2304916381835938,0.03282063454389572,0.17292693257331848
-30.0939998626709,2.246000051498413,1.228901982307434,3.740694522857666,0.11434116959571838,0.015413573011755943,0.016955723986029625,0.31373822689056396
-30.0939998626709,2.246000051498413,1.1643022298812866,0.5238820314407349,0.06450115144252777,0.018302368000149727,0.1120370551943779,0.5133348703384399
-30.0939998626709,3.246000051498413,0.840957760810852,5.803273677825928,0.09502531588077545,1.9364935159683228,0.1850227564573288,0.5571603178977966
-30.0939998626709,3.246000051498413,0.7945694327354431,3.6085705757141113,0.07446423172950745,0.2891000211238861,0.10017984360456467,0.18894098699092865
-30.0939998626709,3.246000051498413,0.9488161206245422,0.675119936466217,0.09483524411916733,0.09267444163560867,-0.009270950220525265,0.2538986802101135
-30.0939998626709,4.245999813079834,0.803351879119873,3.0502514839172363,0.3128286302089691,1.537172555923462,0.15367788076400757,0.041259415447711945
-30.0939998626709,4.245999813079834,0.5476968288421631,1.8309580087661743,0.019637681543827057,0.25921276211738586,-0.09879755973815918,0.44922780990600586
-30.0939998626709,4.245999813079834,0.5984112620353699,6.036351680755615,0.031383708119392395,0.12176424264907837,0.08355030417442322,0.5095127820968628
-30.0939998626709,5.245999813079834,0.9535742998123169,6.042177200317383,0.24444444477558136,0.9831044673919678,0.14378619194030762,0.42610421776771545
-30.0939998626709,5.245999813079834,0.878153383731842,1.791995882987976,0.104398712515831,0.03432843089103699,-0.11277803778648376,0.5282227396965027
-30.0939998626709,5.245999813079834,0.9402233362197876,0.039898648858070374,0.2545398771762848,0.17182117700576782,0.02633826434612274,0.045673079788684845
-29.0939998626709,-1.753999948501587,0.96173095703125,3.9492297172546387,0.4917519986629486,1.6419707536697388,0.058101262897253036,0.014945516362786293
-29.0939998626709,-1.753999948501587,0.9163919687271118,4.179081439971924,0.0627862811088562,0.12008301913738251,0.14663049578666687,0.4327849745750427
-29.0939998626709,-1.753999948501587,1.0610606670379639,1.0309022665023804,0.12074430286884308,0.11111341416835785,-0.0819738432765007,0.5522695183753967
-29.0939998626709,-0.7540000081062317,1.4083917140960693,2.2585129737854004,3.046222686767578,3.4516751766204834,0.09595683217048645,0.019543645903468132
-29.0939998626709,-0.7540000081062317,1.2748479843139648,3.937074661254883,0.09319207072257996,0.03452208265662193,0.001452930853702128,0.7400534749031067
-29.0939998626709,-0.7540000081062317,1.2882636785507202,0.5696501731872559,0.10101435333490372,0.0345342643558979,-0.07017099112272263,0.2404029220342636
-29.0939998626709,0.2460000067949295,1.4003894329071045,3.7884998321533203,3.0997040271759033,5.3312482833862305,0.09840976446866989,0.01439098734408617
-29.0939998626709,0.2460000067949295,1.2939233779907227,3.899226188659668,0.09140491485595703,0.03313615545630455,-0.07092829048633575,0.4687800407409668
-29.0939998626709,0.2460000067949295,1.3057477474212646,0.5163114666938782,0.08616979420185089,0.03238120302557945,-0.06898399442434311,0.5168290138244629
-29.0939998626709,1.246000051498413,1.0052003860473633,2.050203800201416,0.38671955466270447,3.1397511959075928,0.07561803609132767,0.15969759225845337
-29.0939998626709,1.246000051498413,1.0395814180374146,3.924254894256592,0.08043462038040161,0.04595327749848366,0.12214282155036926,0.5493184328079224
-29.0939998626709,1.246000051498413,1.1250176429748535,0.7781552076339722,0.1111479327082634,0.06044498458504677,0.0069829137064516544,0.29098397493362427
-29.0939998626709,2.246000051498413,0.9978205561637878,1.8685147762298584,0.17640849947929382,2.665386438369751,0.05231103301048279,0.4809333086013794
-29.0939998626709,2.246000051498413,1.213555932044983,3.600468158721924,0.11240343004465103,0.01908361352980137,0.07433877885341644,0.283785879611969
-29.0939998626709,2.246000051498413,1.2345683574676514,0.29158392548561096,0.0756654366850853,0.023562116548419,0.023578116670250893,0.23528079688549042
-29.0939998626709,3.246000051498413,0.9354854822158813,0.43288254737854004,0.10556910932064056,2.6161255836486816,0.1106463074684143,0.43133285641670227
-29.0939998626709,3.246000051498413,0.9707170128822327,3.6213431358337402,0.09104343503713608,0.07009544223546982,0.10955298691987991,0.25349992513656616
-29.0939998626709,3.246000051498413,1.2579652070999146,0.538678765296936,0.15398572385311127,0.03657757118344307,-0.013288192451000214,0.31516727805137634
-29.0939998626709,4.245999813079834,0.8919515609741211,3.9723448753356934,0.26850709319114685,1.8577889204025269,0.16895745694637299,0.05630671605467796
-29.0939998626709,4.245999813079834,0.5150439143180847,2.2422428131103516,0.015674550086259842,1.7730032205581665,0.22170312702655792,0.7016147375106812
-29.0939998626709,4.245999813079834,0.8783984780311584,0.850929319858551,0.07830372452735901,0.08561989665031433,0.05250988155603409,0.24207864701747894
-29.0939998626709,5.245999813079834,0.6564058065414429,2.982978582382202,0.20124173164367676,1.3606692552566528,0.09984701871871948,0.015415297821164131
-29.0939998626709,5.245999813079834,0.49436116218566895,2.163339614868164,0.023279361426830292,0.376591295003891,-0.12957905232906342,0.911802351474762
-29.0939998626709,5.245999813079834,0.5747792720794678,4.853728771209717,0.04143412411212921,0.6215052604675293,0.14349424839019775,0.07278241217136383
-29.0939998626709,6.245999813079834,1.0851234197616577,2.519822120666504,0.8025881052017212,4.077940940856934,0.28646665811538696,0.04001588746905327
-29.0939998626709,6.245999813079834,0.7326531410217285,3.2571070194244385,0.05593113601207733,0.2578444182872772,0.09998959302902222,0.7324953079223633
-29.0939998626709,6.245999813079834,0.7617505192756653,0.9545313715934753,0.0780610665678978,0.10244301706552505,-0.22719521820545197,0.22748881578445435
-28.0939998626709,-0.7540000081062317,1.3393275737762451,1.997920036315918,2.793767213821411,4.08839750289917,0.1784091591835022,0.06507854163646698
-28.0939998626709,-0.7540000081062317,1.0974799394607544,3.931478261947632,0.0808647945523262,0.08442502468824387,-0.05160354822874069,0.6788013577461243
-28.0939998626709,-0.7540000081062317,1.0547425746917725,0.39757975935935974,0.08944932371377945,0.06528718024492264,-0.12608137726783752,0.25612011551856995
-28.0939998626709,0.2460000067949295,1.3065050840377808,3.8566524982452393,1.4774469137191772,3.8360724449157715,0.0958610251545906,0.06086702272295952
-28.0939998626709,0.2460000067949295,1.2394784688949585,3.946458339691162,0.11691083759069443,0.04799026995897293,-0.0241941437125206,0.5408771634101868
-28.0939998626709,0.2460000067949295,1.2005091905593872,0.5383831262588501,0.0978289544582367,0.05690070986747742,-0.020323986187577248,0.3982557952404022
-28.0939998626709,1.246000051498413,1.1456711292266846,2.7724392414093018,0.5318475365638733,3.529127597808838,0.04155069589614868,0.07396702468395233
-28.0939998626709,1.246000051498413,1.1585893630981445,3.7734313011169434,0.08742263913154602,0.03504805639386177,-0.003475584788247943,0.36805617809295654
-28.0939998626709,1.246000051498413,1.1794551610946655,0.6658339500427246,0.09313245117664337,0.03616701439023018,0.041875142604112625,0.5579768419265747
-28.0939998626709,2.246000051498413,0.9863778352737427,2.0926408767700195,0.11354465782642365,2.263953447341919,0.023255154490470886,0.5344861149787903
-28.0939998626709,2.246000051498413,1.145578384399414,3.7775237560272217,0.07751502841711044,0.041204020380973816,0.09228305518627167,0.28035786747932434
-28.0939998626709,2.246000051498413,1.316535234451294,0.5446481108665466,0.0939878597855568,0.03234464302659035,-0.03854263201355934,0.185155987739563
-28.0939998626709,3.246000051498413,1.096631407737732,2.0502753257751465,0.2833724915981293,3.064971446990967,0.05764947086572647,0.3463546335697174
-28.0939998626709,3.246000051498413,1.1546262502670288,3.6940529346466064,0.1028367355465889,0.037648044526576996,0.13303574919700623,0.3493348956108093
-28.0939998626709,3.246000051498413,1.266221523284912,0.4604412913322449,0.12217432260513306,0.031644489616155624,0.03304866701364517,0.30431053042411804
-28.0939998626709,4.245999813079834,0.7295096516609192,5.913215160369873,0.058195434510707855,2.0022919178009033,0.09823370724916458,0.35387369990348816
-28.0939998626709,4.245999813079834,0.8006417751312256,3.1808414459228516,0.08397803455591202,0.21396543085575104,0.20610639452934265,0.14973992109298706
-28.0939998626709,4.245999813079834,1.1526288986206055,0.5769065022468567,0.17023618519306183,0.021509509533643723,-0.0932045578956604,0.4963863790035248
-28.0939998626709,5.245999813079834,0.683150053024292,4.948955059051514,0.04786902666091919,1.54569673538208,0.09880749881267548,0.6486775279045105
-28.0939998626709,5.245999813079834,0.7437355518341064,2.611210584640503,0.07095126807689667,0.44333916902542114,-0.09079339355230331,0.14989057183265686
-28.0939998626709,5.245999813079834,0.9327371716499329,0.5026224851608276,0.08278706669807434,0.1065739244222641,0.005085552576929331,0.20143194496631622
-28.0939998626709,6.245999813079834,1.019838571548462,3.5039212703704834,0.4074084758758545,2.3475840091705322,0.13973668217658997,0.020626571029424667
-28.0939998626709,6.245999813079834,0.8089175224304199,3.151507616043091,0.08516702055931091,0.2981477975845337,-0.006521225906908512,0.06053648144006729
-28.0939998626709,6.245999813079834,0.8157124519348145,0.9767634272575378,0.036091625690460205,0.024382127448916435,-0.18570545315742493,0.9188368916511536
-27.0939998626709,-0.7540000081062317,1.2852215766906738,2.411686420440674,2.0599677562713623,3.7323641777038574,0.2816464304924011,0.0029951685573905706
-27.0939998626709,-0.7540000081062317,0.799595832824707,4.706169605255127,0.06521577388048172,0.3925458490848541,0.10841662436723709,0.9874419569969177
-27.0939998626709,-0.7540000081062317,0.6828737854957581,6.2574591636657715,0.11208289116621017,0.6200751662254333,-0.04388762265443802,0.009562868624925613
-27.0939998626709,0.2460000067949295,0.8180282115936279,2.5460634231567383,0.07138644903898239,2.0176568031311035,0.14292047917842865,0.7785095572471619
-27.0939998626709,0.2460000067949295,0.9629524946212769,4.183438777923584,0.1542554497718811,0.16655400395393372,-0.07123181223869324,0.1775478571653366
-27.0939998626709,0.2460000067949295,1.0303335189819336,0.08848483860492706,0.14051216840744019,0.08315708488225937,0.21437236666679382,0.043942615389823914
-27.0939998626709,1.246000051498413,1.1174235343933105,2.7903928756713867,0.36267778277397156,2.890749454498291,-0.023787183687090874,0.1586332619190216
-27.0939998626709,1.246000051498413,1.235687017440796,3.667299270629883,0.10914842039346695,0.04613170400261879,-0.01943824626505375,0.578628659248352
-27.0939998626709,1.246000051498413,1.2541791200637817,0.39785414934158325,0.1193234771490097,0.03879234194755554,0.1621132344007492,0.26273810863494873
-27.0939998626709,2.246000051498413,1.2562178373336792,2.3167314529418945,0.5623809099197388,2.951493740081787,0.08440189063549042,0.1928299367427826
-27.0939998626709,2.246000051498413,1.1430166959762573,3.843529224395752,0.05879722535610199,0.03455772250890732,0.0513555146753788,0.40657660365104675
-27.0939998626709,2.246000051498413,1.2843800783157349,0.6359601616859436,0.0785144791007042,0.024994980543851852,-0.04012664780020714,0.40059348940849304
-27.0939998626709,3.246000051498413,0.9750528931617737,1.9458633661270142,0.11536567658185959,2.423570156097412,0.0928611308336258,0.4947943091392517
-27.0939998626709,3.246000051498413,1.0872468948364258,3.659271240234375,0.09884285181760788,0.0906001627445221,0.13379636406898499,0.3163890242576599
-27.0939998626709,3.246000051498413,1.1346824169158936,0.35610926151275635,0.11234234273433685,0.06097258999943733,0.17853164672851562,0.1888166218996048
-27.0939998626709,4.245999813079834,0.9014288187026978,1.4895260334014893,0.11137848347425461,3.0731866359710693,0.09724290668964386,0.39565855264663696
-27.0939998626709,4.245999813079834,1.1576924324035645,3.730529308319092,0.11517870426177979,0.03841865807771683,0.10271521657705307,0.29059603810310364
-27.0939998626709,4.245999813079834,1.2194135189056396,0.4319755434989929,0.12097499519586563,0.039274558424949646,0.061316244304180145,0.3137453496456146
-27.0939998626709,5.245999813079834,0.9288076758384705,1.288580060005188,0.12904056906700134,2.046553611755371,0.08999433368444443,0.06693887710571289
-27.0939998626709,5.245999813079834,1.1080331802368164,3.5132358074188232,0.1273859590291977,0.07532621920108795,0.10500819236040115,0.3477475643157959
-27.0939998626709,5.245999813079834,1.209122896194458,0.49742549657821655,0.11995651572942734,0.066404789686203,0.13033683598041534,0.5853134989738464
-27.0939998626709,6.245999813079834,0.8280875086784363,1.1199220418930054,0.16200250387191772,1.270034670829773,0.018341047689318657,0.07434205710887909
-27.0939998626709,6.245999813079834,0.9594107866287231,3.2136247158050537,0.18072128295898438,0.2293051928281784,-0.03934235870838165,0.018948867917060852
-27.0939998626709,6.245999813079834,1.101365566253662,0.44872981309890747,0.06600943952798843,0.027576858177781105,-0.020157858729362488,0.9067091345787048
-27.0939998626709,7.245999813079834,1.212916612625122,1.5518646240234375,0.926211416721344,1.1756223440170288,0.07464159280061722,0.010466712526977062
-27.0939998626709,7.245999813079834,0.8553192615509033,2.987036943435669,0.20179857313632965,5.728833198547363,-0.34727606177330017,0.0022295904345810413
-27.0939998626709,7.245999813079834,0.7784063816070557,0.5655012726783752,0.013861794956028461,0.04672880098223686,-0.16158351302146912,0.9873036742210388
-26.0939998626709,-0.7540000081062317,1.1787649393081665,5.2543230056762695,0.7501828074455261,3.5770723819732666,0.3274095952510834,0.037132084369659424
-26.0939998626709,-0.7540000081062317,0.8442288041114807,3.870938777923584,0.111480712890625,0.505152702331543,-0.01868574321269989,0.16981199383735657
-26.0939998626709,-0.7540000081062317,0.7012854814529419,0.0953337699174881,0.054209306836128235,0.09385694563388824,-0.0278011504560709,0.7930559515953064
-26.0939998626709,0.2460000067949295,0.8137134909629822,5.410017490386963,0.09248730540275574,1.7146490812301636,0.11598225682973862,0.4654470980167389
-26.0939998626709,0.2460000067949295,0.632690966129303,4.345829010009766,0.04170038551092148,0.2608243525028229,-0.10502056777477264,0.353935569524765
-26.0939998626709,0.2460000067949295,0.7462148666381836,4.758007049560547,0.05649189278483391,0.16264641284942627,0.29821282625198364,0.1806173324584961
-26.0939998626709,1.246000051498413,1.0381853580474854,2.4560751914978027,0.23477454483509064,2.6191182136535645,-0.0425596721470356,0.31611016392707825
-26.0939998626709,1.246000051498413,1.237596035003662,3.5419228076934814,0.17049457132816315,0.06645306944847107,-0.034216396510601044,0.49952301383018494
-26.0939998626709,1.246000051498413,1.2345408201217651,0.31890928745269775,0.14964957535266876,0.05737929046154022,0.2042478621006012,0.18436682224273682
-26.0939998626709,2.246000051498413,1.2840155363082886,1.9817808866500854,1.0858360528945923,2.925588369369507,0.07953375577926636,0.21064360439777374
-26.0939998626709,2.246000051498413,1.1952979564666748,3.821014881134033,0.07784231752157211,0.04686138033866882,0.028868410736322403,0.4745230972766876
-26.0939998626709,2.246000051498413,1.2644598484039307,0.45933401584625244,0.09314333647489548,0.03328993543982506,0.0676209107041359,0.31483325362205505
-26.0939998626709,3.246000051498413,1.1888298988342285,1.9046602249145508,0.5039385557174683,3.031113624572754,0.0830201506614685,0.13587430119514465
-26.0939998626709,3.246000051498413,1.1715178489685059,3.7275795936584473,0.10081160813570023,0.10385867208242416,0.06581109762191772,0.44044584035873413
-26.0939998626709,3.246000051498413,1.1868641376495361,0.43105968832969666,0.10154387354850769,0.06527803093194962,0.10769564658403397,0.423679918050766
-26.0939998626709,4.245999813079834,0.9880121946334839,1.888429045677185,0.16795067489147186,2.649282693862915,0.13441143929958344,0.19030949473381042
-26.0939998626709,4.245999813079834,1.187940239906311,3.7019286155700684,0.09847447276115417,0.03748060390353203,0.19386067986488342,0.4070289134979248
-26.0939998626709,4.245999813079834,1.195528268814087,0.37142670154571533,0.10905033349990845,0.078258216381073,0.1652955710887909,0.4026615619659424
-26.0939998626709,5.245999813079834,0.99589604139328,1.3252044916152954,0.2062317430973053,2.0882081985473633,0.13208337128162384,0.023058142513036728
-26.0939998626709,5.245999813079834,1.2275112867355347,3.6504416465759277,0.1183495968580246,0.03505360707640648,0.12563177943229675,0.4425421357154846
-26.0939998626709,5.245999813079834,1.2984257936477661,0.42763465642929077,0.13473577797412872,0.0603131502866745,0.25457024574279785,0.5343998074531555
-26.0939998626709,6.245999813079834,0.7947590351104736,5.573352813720703,0.0876394510269165,1.6655116081237793,0.04413691908121109,0.17443838715553284
-26.0939998626709,6.245999813079834,1.0323630571365356,3.365997076034546,0.13793420791625977,0.1338626742362976,-0.05862245708703995,0.11614418774843216
-26.0939998626709,6.245999813079834,1.3395955562591553,0.507781445980072,0.1426675170660019,0.041260670870542526,0.029158463701605797,0.709417462348938
-26.0939998626709,7.245999813079834,1.0917726755142212,0.24537576735019684,0.4915357828140259,1.1951429843902588,0.09325198084115982,0.017993615940213203
-26.0939998626709,7.245999813079834,0.945899248123169,3.010258197784424,0.17078503966331482,1.8690845966339111,-0.2980763018131256,0.004907103721052408
-26.0939998626709,7.245999813079834,1.0202430486679077,0.3381974697113037,0.03276682272553444,0.04534753039479256,-0.11735585331916809,0.9770992398262024
-25.0939998626709,0.2460000067949295,1.009655475616455,4.795868873596191,0.3360694646835327,1.4942139387130737,0.15863943099975586,0.20332768559455872
-25.0939998626709,0.2460000067949295,0.5634479522705078,4.2056660652160645,0.04152623564004898,0.8852908611297607,-0.0906871035695076,0.6836196780204773
-25.0939998626709,0.2460000067949295,0.569208562374115,4.198274612426758,0.03413698449730873,0.5423309803009033,0.22039012610912323,0.1130526214838028
-25.0939998626709,1.246000051498413,0.7970144748687744,2.346142292022705,0.052751921117305756,2.0202982425689697,0.10166973620653152,0.6898573040962219
-25.0939998626709,1.246000051498413,0.8628063797950745,3.527583122253418,0.12092262506484985,0.37228190898895264,-0.052235908806324005,0.21187160909175873
-25.0939998626709,1.246000051498413,0.8818354606628418,5.795488357543945,0.15070803463459015,0.19724899530410767,0.2387678474187851,0.09827117621898651
-25.0939998626709,2.246000051498413,1.1569775342941284,1.5187013149261475,0.5454496145248413,2.641918659210205,0.034532107412815094,0.2505340874195099
-25.0939998626709,2.246000051498413,1.3254975080490112,3.783611297607422,0.14679260551929474,0.050869110971689224,0.03983963280916214,0.5364431738853455
-25.0939998626709,2.246000051498413,1.2874913215637207,0.39454445242881775,0.1163083165884018,0.03587943688035011,0.2584151327610016,0.21302276849746704
-25.0939998626709,3.246000051498413,1.282531499862671,1.2622246742248535,1.151869773864746,2.7552011013031006,0.07619168609380722,0.07021591067314148
-25.0939998626709,3.246000051498413,1.266518473625183,3.7669832706451416,0.12741927802562714,0.06886560469865799,0.03798395395278931,0.5804251432418823
-25.0939998626709,3.246000051498413,1.2143746614456177,0.38222992420196533,0.08393233269453049,0.04547221213579178,0.11390787363052368,0.34935903549194336
-25.0939998626709,4.245999813079834,1.0980949401855469,2.38242506980896,0.41726887226104736,2.4394328594207764,0.1838332861661911,0.05423516035079956
-25.0939998626709,4.245999813079834,1.1624876260757446,3.6128957271575928,0.10008357465267181,0.09639760106801987,0.0910504013299942,0.28736448287963867
-25.0939998626709,4.245999813079834,1.1537644863128662,0.3710271120071411,0.08308102935552597,0.0896177887916565,0.0061171408742666245,0.6584003567695618
-25.0939998626709,5.245999813079834,1.0476897954940796,1.8927198648452759,0.24774478375911713,2.656829595565796,0.10946450382471085,0.12279583513736725
-25.0939998626709,5.245999813079834,1.2392845153808594,3.6680750846862793,0.11948967725038528,0.029219932854175568,-0.06420496106147766,0.4827920198440552
-25.0939998626709,5.245999813079834,1.3104010820388794,0.4040071666240692,0.15841349959373474,0.05736203119158745,0.15235985815525055,0.39441218972206116
-25.0939998626709,6.245999813079834,1.0017492771148682,1.5041104555130005,0.19688625633716583,2.6868019104003906,0.053505923599004745,0.15444514155387878
-25.0939998626709,6.245999813079834,1.2769479751586914,3.66252064704895,0.17688432335853577,0.022579070180654526,-0.060832779854536057,0.30433565378189087
-25.0939998626709,6.245999813079834,1.3285495042800903,0.36819079518318176,0.16074874997138977,0.03873255476355553,0.14892685413360596,0.541219174861908
-25.0939998626709,7.245999813079834,0.8770197629928589,2.5989866256713867,0.13650591671466827,1.5003166198730469,0.06382905691862106,0.5871208906173706
-25.0939998626709,7.245999813079834,0.8365328907966614,3.5092899799346924,0.12289293855428696,0.11208964884281158,0.02006715163588524,0.06986600160598755
-25.0939998626709,7.245999813079834,1.024641990661621,0.46978995203971863,0.1558821201324463,0.22243933379650116,0.11835090816020966,0.34301310777664185
-25.0939998626709,8.246000289916992,0.727658212184906,2.2156543731689453,0.02420007437467575,2.323032855987549,-0.039022304117679596,0.7106432914733887
-25.0939998626709,8.246000289916992,0.7505581974983215,4.026943206787109,0.03816511482000351,2.9337260723114014,-0.19298475980758667,0.10795770585536957
-25.0939998626709,8.246000289916992,0.9101892709732056,1.6449700593948364,0.01670072227716446,0.18519431352615356,-0.12610763311386108,0.18139903247356415
-24.0939998626709,-0.7540000081062317,1.4178386926651,4.904518127441406,1.842934489250183,1.4011805057525635,0.05052914097905159,0.26463162899017334
-24.0939998626709,-0.7540000081062317,1.3159503936767578,3.068504571914673,0.1268661916255951,0.04179162532091141,-0.17170566320419312,0.46431848406791687
-24.0939998626709,-0.7540000081062317,1.3459676504135132,6.136999130249023,0.11511433124542236,0.03101482428610325,-0.11007660627365112,0.2710498571395874
-24.0939998626709,0.2460000067949295,0.989093542098999,5.714038848876953,0.350503146648407,0.9387234449386597,0.17358821630477905,0.23896634578704834
-24.0939998626709,0.2460000067949295,0.5768028497695923,3.7081139087677,0.11372289806604385,1.475677728652954,0.09373410046100616,0.40572041273117065
-24.0939998626709,0.2460000067949295,0.5746569633483887,4.6535258293151855,0.05015149340033531,0.4489840865135193,0.17529375851154327,0.3553132712841034
-24.0939998626709,1.246000051498413,0.9977232813835144,2.717228889465332,0.5301823616027832,2.5441243648529053,0.10456550866365433,0.11288893967866898
-24.0939998626709,1.246000051498413,0.5673234462738037,2.852203607559204,0.02790203131735325,0.5366115570068359,-0.013380993157625198,0.6589028239250183
-24.0939998626709,1.246000051498413,0.5983911156654358,5.503995895385742,0.045251064002513885,0.5588987469673157,0.23765569925308228,0.2282082587480545
-24.0939998626709,2.246000051498413,1.0229482650756836,1.0073097944259644,0.2466844916343689,2.240220069885254,0.020577767863869667,0.5268799066543579
-24.0939998626709,2.246000051498413,1.3087947368621826,3.7997899055480957,0.2059502899646759,0.06454422324895859,-0.019756723195314407,0.34814125299453735
-24.0939998626709,2.246000051498413,1.2744537591934204,0.29523518681526184,0.14835765957832336,0.046505969017744064,0.2665007412433624,0.12497889250516891
-24.0939998626709,3.246000051498413,1.0761829614639282,1.8535940647125244,0.2982788383960724,2.443296432495117,-0.015595552511513233,0.19413048028945923
-24.0939998626709,3.246000051498413,1.247933268547058,3.6654551029205322,0.12340522557497025,0.05772039294242859,0.05735580623149872,0.437955379486084
-24.0939998626709,3.246000051498413,1.3275365829467773,0.3312232494354248,0.09190905094146729,0.03203265368938446,0.10341981798410416,0.3679141700267792
-24.0939998626709,4.245999813079834,1.153635025024414,2.1122548580169678,0.4997433125972748,2.440783739089966,0.12480776011943817,0.06086800619959831
-24.0939998626709,4.245999813079834,1.1919599771499634,3.569058418273926,0.10322342067956924,0.09638252854347229,0.05577473342418671,0.6405520439147949
-24.0939998626709,4.245999813079834,1.337859869003296,0.208360493183136,0.12089017033576965,0.06857103109359741,0.01588224433362484,0.2985799312591553
-24.0939998626709,5.245999813079834,1.0717713832855225,0.7487466931343079,0.28144219517707825,2.8265092372894287,0.13771700859069824,0.09566742181777954
-24.0939998626709,5.245999813079834,1.23944091796875,3.5956456661224365,0.1083393394947052,0.04701414704322815,-0.08471529185771942,0.36990147829055786
-24.0939998626709,5.245999813079834,1.326952576637268,0.26346975564956665,0.14220337569713593,0.05515841022133827,0.05566957965493202,0.5344310402870178
-24.0939998626709,6.245999813079834,0.9622093439102173,2.177288770675659,0.1271025836467743,2.492342233657837,0.01040449645370245,0.27364033460617065
-24.0939998626709,6.245999813079834,1.2592300176620483,3.610285758972168,0.18307839334011078,0.025734135881066322,-0.050640977919101715,0.26615098118782043
-24.0939998626709,6.245999813079834,1.270041823387146,0.34699222445487976,0.1639615297317505,0.03770790994167328,0.16131816804409027,0.4602087140083313
-24.0939998626709,7.245999813079834,1.074894666671753,4.259052276611328,0.4113852381706238,2.016571521759033,0.04799404367804527,0.17829133570194244
-24.0939998626709,7.245999813079834,1.1525566577911377,3.5490689277648926,0.18437069654464722,0.042238686233758926,0.08037982881069183,0.1259118914604187
-24.0939998626709,7.245999813079834,1.0483016967773438,0.2810780704021454,0.10928504914045334,0.06379976123571396,0.3260994553565979,0.6957967877388
-24.0939998626709,8.246000289916992,0.634013295173645,1.9592552185058594,0.010484238155186176,0.755189061164856,0.07367993146181107,0.9113277792930603
-24.0939998626709,8.246000289916992,0.9165283441543579,4.127352237701416,0.2648957371711731,0.5044866800308228,-0.12464287877082825,0.013869298622012138
-24.0939998626709,8.246000289916992,1.2133868932724,0.5661944150924683,0.13399538397789001,0.0653221532702446,0.15267391502857208,0.07480302453041077
-24.0939998626709,15.246000289916992,0.9972573518753052,3.098067283630371,0.16030438244342804,2.5734148025512695,-0.0046530854888260365,0.3104584217071533
-24.0939998626709,15.246000289916992,0.9100515842437744,2.6735358238220215,0.05251370742917061,0.02327570877969265,0.022268161177635193,0.6093708872795105
-24.0939998626709,15.246000289916992,1.0450764894485474,0.331228643655777,0.12724775075912476,0.051895543932914734,-0.15012747049331665,0.08017069101333618
-24.0939998626709,16.246000289916992,1.3086566925048828,1.0392093658447266,3.356177806854248,2.217869281768799,0.16551433503627777,0.00017735907749738544
-24.0939998626709,16.246000289916992,0.8913265466690063,2.958592414855957,0.03985239565372467,0.06975697726011276,0.13060912489891052,0.9678944945335388
-24.0939998626709,16.246000289916992,0.9386339783668518,2.354078531265259,0.2781073749065399,0.42813247442245483,-0.020093174651265144,0.03192812204360962
-23.0939998626709,-0.7540000081062317,1.1703563928604126,4.41049861907959,0.9126706123352051,2.392777442932129,0.06319547444581985,0.055289026349782944
-23.0939998626709,-0.7540000081062317,1.3627328872680664,2.959376335144043,0.09022326022386551,0.01509902998805046,0.05682576820254326,0.21659068763256073
-23.0939998626709,-0.7540000081062317,1.3100107908248901,5.909569263458252,0.0851406529545784,0.02687317319214344,-0.039817534387111664,0.7281202673912048
-23.0939998626709,0.2460000067949295,1.0737104415893555,0.32213467359542847,1.2705696821212769,1.2784990072250366,0.2238255739212036,0.0990697517991066
-23.0939998626709,0.2460000067949295,0.6409974098205566,3.5916748046875,0.13815811276435852,1.370134949684143,0.10754698514938354,0.33675089478492737
-23.0939998626709,0.2460000067949295,0.6415676474571228,4.9913201332092285,0.062493935227394104,0.37490400671958923,0.1000664159655571,0.5641794204711914
-23.0939998626709,1.246000051498413,0.6887029409408569,3.4522523880004883,0.11174546182155609,1.4045783281326294,0.1014331504702568,0.23330675065517426
-23.0939998626709,1.246000051498413,0.5412899255752563,2.2671892642974854,0.022138550877571106,0.43765097856521606,-0.03047194331884384,0.6948202252388
-23.0939998626709,1.246000051498413,0.6302727460861206,4.568875312805176,0.024468688294291496,0.8237124085426331,0.06940287351608276,0.07187308371067047
-23.0939998626709,2.246000051498413,0.8418593406677246,6.116260528564453,0.05849337950348854,1.5796416997909546,0.04250090569257736,0.7427657246589661
-23.0939998626709,2.246000051498413,1.0284998416900635,3.4842705726623535,0.17899194359779358,0.2547459304332733,0.16338719427585602,0.18512259423732758
-23.0939998626709,2.246000051498413,1.0641149282455444,0.13442832231521606,0.15007321536540985,0.04986461624503136,0.07256877422332764,0.07211165130138397
-23.0939998626709,3.246000051498413,0.8913951516151428,1.2768895626068115,0.15462709963321686,2.946737051010132,0.010143200866878033,0.5122091770172119
-23.0939998626709,3.246000051498413,1.242153525352478,3.501002073287964,0.15366603434085846,0.06515146791934967,-0.15367557108402252,0.30319640040397644
-23.0939998626709,3.246000051498413,1.3751041889190674,0.2596755921840668,0.18145157396793365,0.042078349739313126,0.1582246720790863,0.18459442257881165
-23.0939998626709,4.245999813079834,1.0996102094650269,0.3521345853805542,0.41540154814720154,1.9868413209915161,0.08583255857229233,0.019118525087833405
-23.0939998626709,4.245999813079834,1.2671343088150024,3.433319091796875,0.11693944036960602,0.08555637300014496,-0.004693066235631704,0.4734240472316742
-23.0939998626709,4.245999813079834,1.4158732891082764,0.12445460259914398,0.13944870233535767,0.057660412043333054,0.041438207030296326,0.5074574947357178
-23.0939998626709,5.245999813079834,1.018070936203003,5.60186243057251,0.19320236146450043,3.3579635620117188,0.13273589313030243,0.07557248324155807
-23.0939998626709,5.245999813079834,1.2079850435256958,3.6189048290252686,0.09773805737495422,0.06455183029174805,-0.04272162914276123,0.5506417751312256
-23.0939998626709,5.245999813079834,1.3856679201126099,0.08792977035045624,0.14756649732589722,0.06810597330331802,0.03826393559575081,0.37378570437431335
-23.0939998626709,6.245999813079834,0.885712206363678,1.2123414278030396,0.10201942175626755,3.0286669731140137,0.04619733244180679,0.2905314266681671
-23.0939998626709,6.245999813079834,1.2720035314559937,3.718358278274536,0.11830157786607742,0.028025265783071518,-0.026857536286115646,0.4019429087638855
-23.0939998626709,6.245999813079834,1.364533543586731,0.31077003479003906,0.15934543311595917,0.03494947776198387,0.10217464715242386,0.307525634765625
-23.0939998626709,7.245999813079834,1.3064290285110474,2.3194427490234375,1.395409345626831,2.4962382316589355,0.08449918776750565,0.044044315814971924
-23.0939998626709,7.245999813079834,1.3377472162246704,3.721713066101074,0.11052896082401276,0.026685070246458054,0.006130170077085495,0.3393480181694031
-23.0939998626709,7.245999813079834,1.372789740562439,0.2981984317302704,0.13977524638175964,0.039397671818733215,0.1690969169139862,0.616607666015625
-23.0939998626709,8.246000289916992,1.067180871963501,2.2423715591430664,0.09543304145336151,0.946165144443512,0.11079094558954239,0.8984999656677246
-23.0939998626709,8.246000289916992,1.0987465381622314,3.43784761428833,0.19683119654655457,0.28571173548698425,0.3405233323574066,0.01790790632367134
-23.0939998626709,8.246000289916992,1.463943600654602,0.5551223158836365,0.2115706205368042,0.05757591128349304,0.21351496875286102,0.08359218388795853
-23.0939998626709,14.246000289916992,0.9048222899436951,0.12326784431934357,0.272501140832901,2.605916976928711,0.06091303378343582,0.015279551036655903
-23.0939998626709,14.246000289916992,1.1011112928390503,2.456465005874634,0.09694534540176392,0.024316968396306038,0.11557990312576294,0.9791193604469299
-23.0939998626709,14.246000289916992,1.1108194589614868,5.486371040344238,0.2513033449649811,0.4222978949546814,0.16060319542884827,0.005601009353995323
-23.0939998626709,15.246000289916992,0.898637056350708,2.7121593952178955,0.16240496933460236,2.370975971221924,0.01638658531010151,0.09115651994943619
-23.0939998626709,15.246000289916992,0.9424136281013489,2.2928977012634277,0.06442971527576447,0.04934057965874672,0.07655509561300278,0.9071594476699829
-23.0939998626709,15.246000289916992,1.0715640783309937,0.5585041046142578,0.32537686824798584,0.20648422837257385,-0.046421200037002563,0.0016839822055771947
-23.0939998626709,16.246000289916992,1.0432517528533936,0.8788611888885498,0.3745843172073364,2.247135877609253,0.027121927589178085,0.027941206470131874
-23.0939998626709,16.246000289916992,0.8253106474876404,2.203697681427002,0.06047689914703369,0.15839476883411407,0.23594863712787628,0.933002233505249
-23.0939998626709,16.246000289916992,0.9764284491539001,0.7993444800376892,0.2362849861383438,0.1545303612947464,-0.04540058970451355,0.03905656933784485
-23.0939998626709,17.246000289916992,1.191902995109558,4.404502868652344,0.5977585315704346,1.5067460536956787,0.20748473703861237,0.07709550857543945
-23.0939998626709,17.246000289916992,0.8732026219367981,2.2133517265319824,0.07740437239408493,0.08464588224887848,-0.082561194896698,0.9224328398704529
-23.0939998626709,17.246000289916992,0.9463111162185669,5.0919718742370605,0.23554742336273193,3.0415637493133545,0.15230926871299744,0.0004716594412457198
-23.0939998626709,18.246000289916992,1.0750356912612915,2.280555009841919,0.7714149355888367,3.226548433303833,0.11762124300003052,0.033239442855119705
-23.0939998626709,18.246000289916992,0.9721478819847107,1.9154540300369263,0.0722154751420021,0.046109043061733246,0.03730863332748413,0.9438641667366028
-23.0939998626709,18.246000289916992,1.0787146091461182,0.3723580539226532,0.2354927957057953,0.09026370942592621,0.12681227922439575,0.02289641462266445
-22.0939998626709,-10.753999710083008,1.191763997077942,1.2394483089447021,1.590113878250122,1.2676043510437012,0.008633103221654892,0.001865966827608645
-22.0939998626709,-10.753999710083008,0.5829395651817322,3.683485507965088,0.004431338515132666,0.10417342185974121,0.3140896260738373,0.9883860349655151
-22.0939998626709,-10.753999710083008,0.5863651633262634,4.7017669677734375,0.015569628216326237,2.2504477500915527,0.33648794889450073,0.009748036041855812
-22.0939998626709,-9.753999710083008,0.6977990865707397,6.044984817504883,0.10639950633049011,4.011303424835205,0.04464242607355118,0.011476379819214344
-22.0939998626709,-9.753999710083008,0.9395750164985657,2.8828275203704834,0.07028304040431976,0.022938521578907967,0.12230518460273743,0.9883592128753662
-22.0939998626709,-9.753999710083008,0.9527251124382019,5.994782447814941,0.2625826597213745,0.8461793065071106,-0.05812834948301315,0.0001643888681428507
-22.0939998626709,-7.754000186920166,0.8614609837532043,1.120373010635376,0.22520050406455994,2.674649953842163,0.13347934186458588,0.05457824841141701
-22.0939998626709,-7.754000186920166,0.7373284697532654,3.0832769870758057,0.019912956282496452,0.02783980779349804,-0.01897130161523819,0.9430275559425354
-22.0939998626709,-7.754000186920166,0.8482803106307983,5.557107925415039,0.09563156217336655,0.7080826759338379,0.027889437973499298,0.002394306706264615
-22.0939998626709,-6.754000186920166,0.8359412550926208,1.7140196561813354,0.27170664072036743,5.46474027633667,0.3130837082862854,0.004358382895588875
-22.0939998626709,-6.754000186920166,0.7627605199813843,3.5867111682891846,0.06266462057828903,0.10537087917327881,-0.15434357523918152,0.9955956339836121
-22.0939998626709,-6.754000186920166,0.8358904123306274,5.645490646362305,0.4348311722278595,1.5413869619369507,0.1921195387840271,4.596513099386357e-05
-22.0939998626709,-5.754000186920166,0.6965248584747314,2.923063278198242,0.051728375256061554,2.096670389175415,0.1436668336391449,0.8264185786247253
-22.0939998626709,-5.754000186920166,0.7305680513381958,3.4138848781585693,0.10016712546348572,0.3791974186897278,0.2774549722671509,0.16858796775341034
-22.0939998626709,-5.754000186920166,0.8601081371307373,0.5418052673339844,0.1585444211959839,0.3786797523498535,0.13275860249996185,0.004993406590074301
-22.0939998626709,-0.7540000081062317,0.858016312122345,4.153772354125977,0.2259906828403473,1.734072208404541,0.07117347419261932,0.11761446297168732
-22.0939998626709,-0.7540000081062317,1.1627399921417236,2.6171395778656006,0.12469489872455597,0.02809504233300686,0.24423138797283173,0.1154780462384224
-22.0939998626709,-0.7540000081062317,1.2216541767120361,5.659835338592529,0.10280734300613403,0.030031057074666023,0.03216855227947235,0.7669075131416321
-22.0939998626709,0.2460000067949295,1.149291753768921,1.7192970514297485,0.42833009362220764,1.2478798627853394,0.08330108225345612,0.2464161217212677
-22.0939998626709,0.2460000067949295,0.7057152986526489,3.1266138553619385,0.16312101483345032,2.037299394607544,0.31020820140838623,0.08641429990530014
-22.0939998626709,0.2460000067949295,0.7241246700286865,5.479323387145996,0.05876841023564339,0.1792362481355667,0.1623905897140503,0.6671695113182068
-22.0939998626709,1.246000051498413,0.8442462682723999,5.788907527923584,0.10987591743469238,0.7473804354667664,0.0045351553708314896,0.1524648815393448
-22.0939998626709,1.246000051498413,0.554552435874939,1.8843377828598022,0.13714754581451416,4.487679481506348,0.1932554841041565,0.0013129118597134948
-22.0939998626709,1.246000051498413,0.6716029047966003,5.702840805053711,0.016401303932070732,0.12812013924121857,0.017720205709338188,0.8462221622467041
-22.0939998626709,2.246000051498413,0.5475252866744995,3.055046796798706,0.14558811485767365,1.3210760354995728,-0.013316486030817032,0.11197488754987717
-22.0939998626709,2.246000051498413,0.5130676627159119,2.0861990451812744,0.022173509001731873,0.46456044912338257,-0.033687978982925415,0.8526390790939331
-22.0939998626709,2.246000051498413,0.5805086493492126,6.233460903167725,0.06585289537906647,1.9760160446166992,0.0014098435640335083,0.03538607433438301
-22.0939998626709,3.246000051498413,0.9469140768051147,1.1332744359970093,0.1822085976600647,3.6468734741210938,0.07462576776742935,0.3657301068305969
-22.0939998626709,3.246000051498413,1.2145284414291382,3.455819606781006,0.16707682609558105,0.10049627721309662,-0.06728615611791611,0.3588458299636841
-22.0939998626709,3.246000051498413,1.3437620401382446,0.19258293509483337,0.17923861742019653,0.047451503574848175,0.21027399599552155,0.2754240930080414
-22.0939998626709,4.245999813079834,1.0903582572937012,6.171727180480957,0.3500381112098694,1.8013744354248047,0.06364184617996216,0.02489706128835678
-22.0939998626709,4.245999813079834,1.310539722442627,3.3988513946533203,0.14856091141700745,0.09721024334430695,-0.0015416869428008795,0.43267929553985596
-22.0939998626709,4.245999813079834,1.3618788719177246,0.10433226823806763,0.11573124676942825,0.05732175335288048,0.046111732721328735,0.542423665523529
-22.0939998626709,5.245999813079834,0.9697431921958923,5.819808006286621,0.1432093232870102,3.082273006439209,0.14860831201076508,0.06426655501127243
-22.0939998626709,5.245999813079834,1.160343885421753,3.6955654621124268,0.08620912581682205,0.1523597240447998,-0.06845289468765259,0.5795986652374268
-22.0939998626709,5.245999813079834,1.3321049213409424,0.20993876457214355,0.12380285561084747,0.08104696124792099,0.029290586709976196,0.3561348021030426
-22.0939998626709,6.245999813079834,0.9027720093727112,0.4441896378993988,0.1499721258878708,3.39267897605896,0.08336513489484787,0.09112861752510071
-22.0939998626709,6.245999813079834,1.225886344909668,3.7698116302490234,0.08596690744161606,0.04558993875980377,0.004711941350251436,0.6369213461875916
-22.0939998626709,6.245999813079834,1.368172287940979,0.3091444969177246,0.14556998014450073,0.049861978739500046,-0.04412368685007095,0.27195000648498535
-22.0939998626709,7.245999813079834,1.0538201332092285,1.7974995374679565,0.1898161768913269,1.8368462324142456,0.09012777358293533,0.0872853621840477
-22.0939998626709,7.245999813079834,1.3125102519989014,3.8474390506744385,0.07551175355911255,0.023941099643707275,-0.058669086545705795,0.39855846762657166
-22.0939998626709,7.245999813079834,1.5752753019332886,0.38504889607429504,0.26314231753349304,0.03284843638539314,0.12444053590297699,0.5141561627388
-22.0939998626709,8.246000289916992,1.3308749198913574,0.7180384993553162,0.4491661489009857,1.2771711349487305,0.13763217628002167,0.1594829261302948
-22.0939998626709,8.246000289916992,1.2645012140274048,3.2691874504089355,0.09756865352392197,0.056329961866140366,0.419208824634552,0.16190315783023834
-22.0939998626709,8.246000289916992,1.3940855264663696,0.447397381067276,0.11805892735719681,0.09922363609075546,0.1476660966873169,0.6786139011383057
-22.0939998626709,9.246000289916992,0.8313992619514465,1.1709949970245361,0.013198583386838436,0.46067872643470764,-0.07708030194044113,0.9875372052192688
-22.0939998626709,9.246000289916992,0.9619177579879761,2.4577319622039795,0.27671897411346436,0.16086412966251373,0.27697429060935974,0.0006573464488610625
-22.0939998626709,9.246000289916992,0.8464497923851013,5.829362869262695,0.07051632553339005,0.07251087576150894,0.16130751371383667,0.011805438436567783
-22.0939998626709,13.246000289916992,1.0693042278289795,1.7639055252075195,0.47889605164527893,2.6363065242767334,0.053505416959524155,0.030834292992949486
-22.0939998626709,13.246000289916992,1.0590890645980835,2.4973690509796143,0.07626400142908096,0.04301241412758827,0.09678217768669128,0.9558062553405762
-22.0939998626709,13.246000289916992,1.066877841949463,5.735371112823486,0.16681580245494843,0.22019347548484802,0.04863579198718071,0.01335946749895811
-22.0939998626709,14.246000289916992,1.1843026876449585,4.410055160522461,0.9422469139099121,3.975397825241089,0.110770083963871,0.004346379078924656
-22.0939998626709,14.246000289916992,1.1134296655654907,2.3822927474975586,0.04196126386523247,0.02331576496362686,0.0905691459774971,0.9952310919761658
-22.0939998626709,14.246000289916992,1.0251425504684448,5.236638069152832,0.16327440738677979,1.203981876373291,0.09360677748918533,0.0004225262673571706
-22.0939998626709,15.246000289916992,1.0473604202270508,1.6269586086273193,0.43193188309669495,2.0734493732452393,0.000643005536403507,0.010769360698759556
-22.0939998626709,15.246000289916992,1.1247190237045288,2.377239465713501,0.05522224307060242,0.06775940209627151,0.027182262390851974,0.9876170754432678
-22.0939998626709,15.246000289916992,1.2884920835494995,0.585851788520813,0.4080532193183899,0.20109869539737701,0.05632174760103226,0.0016135217156261206
-22.0939998626709,16.246000289916992,1.0553890466690063,0.6094995141029358,0.677507221698761,2.7207202911376953,0.038478318601846695,0.012776280753314495
-22.0939998626709,16.246000289916992,1.143635630607605,2.1340396404266357,0.08250023424625397,0.023127151653170586,-0.12058845907449722,0.9806444048881531
-22.0939998626709,16.246000289916992,1.21639084815979,5.621983051300049,0.4019859731197357,0.47826558351516724,0.06849296391010284,0.006579222157597542
-22.0939998626709,17.246000289916992,0.96085524559021,0.051097217947244644,0.18086570501327515,2.387338399887085,0.17194150388240814,0.018469858914613724
-22.0939998626709,17.246000289916992,1.0617823600769043,2.008277416229248,0.07384807616472244,0.025154637172818184,0.07829777151346207,0.9815129041671753
-22.0939998626709,17.246000289916992,0.9040380120277405,5.904109001159668,0.3521943986415863,4.931735038757324,0.06988302618265152,1.714835161692463e-05
-22.0939998626709,18.246000289916992,1.1645317077636719,3.007279872894287,1.1771421432495117,2.905489206314087,0.1565864384174347,0.015864763408899307
-22.0939998626709,18.246000289916992,0.9046247005462646,1.8014519214630127,0.052210733294487,0.08456279337406158,0.3662160038948059,0.8924824595451355
-22.0939998626709,18.246000289916992,1.0112226009368896,1.1271607875823975,0.24035364389419556,0.06314323097467422,0.04166962951421738,0.09165269136428833
-21.0939998626709,-10.753999710083008,1.0248219966888428,5.855658054351807,1.267740249633789,1.8926366567611694,0.055238913744688034,0.002292387653142214
-21.0939998626709,-10.753999710083008,0.5989734530448914,3.989975690841675,0.006745189428329468,0.11412201076745987,-0.19586122035980225,0.9931261539459229
-21.0939998626709,-10.753999710083008,0.62944096326828,3.9482343196868896,0.01293997373431921,2.136371612548828,0.2920735776424408,0.004581501241773367
-21.0939998626709,-9.753999710083008,1.007390022277832,1.9241784811019897,0.18459616601467133,2.1105825901031494,0.025442304089665413,0.07080787420272827
-21.0939998626709,-9.753999710083008,1.072155475616455,3.191680908203125,0.11288655549287796,0.09853382408618927,0.14161866903305054,0.9289349913597107
-21.0939998626709,-9.753999710083008,0.9536349773406982,6.085549831390381,0.2042018473148346,0.33985772728919983,-0.14917927980422974,0.00025716019445098937
-21.0939998626709,-6.754000186920166,1.0112382173538208,0.3319942355155945,1.2060588598251343,3.0500292778015137,0.26945745944976807,0.02246820367872715
-21.0939998626709,-6.754000186920166,0.9264953136444092,3.662252187728882,0.07119378447532654,0.04298163205385208,-0.2895125150680542,0.976858913898468
-21.0939998626709,-6.754000186920166,0.9065038561820984,5.395549774169922,0.300889790058136,0.7342544794082642,0.3071690797805786,0.0006728046573698521
-21.0939998626709,-5.754000186920166,0.7829577922821045,3.9376323223114014,0.15115025639533997,1.989591121673584,0.014847012236714363,0.1445271521806717
-21.0939998626709,-5.754000186920166,0.9902588725090027,3.546015739440918,0.08254765719175339,0.04144695773720741,0.1619165539741516,0.8408865928649902
-21.0939998626709,-5.754000186920166,0.9714045524597168,0.20793142914772034,0.13085247576236725,0.3602144718170166,-0.022637316957116127,0.014586241915822029
-21.0939998626709,-4.754000186920166,0.9946351647377014,3.3984763622283936,0.35525548458099365,3.3075878620147705,0.01767723262310028,0.029620883986353874
-21.0939998626709,-4.754000186920166,0.9098358154296875,3.687077522277832,0.030689600855112076,0.013202574104070663,0.3463163375854492,0.9656832218170166
-21.0939998626709,-4.754000186920166,1.0914407968521118,1.1319783926010132,0.30349403619766235,0.13409273326396942,0.10938218981027603,0.00469593983143568
-21.0939998626709,-1.753999948501587,1.0191705226898193,2.9766547679901123,0.2302761673927307,1.7804419994354248,-0.01838153600692749,0.07868493348360062
-21.0939998626709,-1.753999948501587,0.7004526853561401,1.3334665298461914,0.08528823405504227,0.42463260889053345,0.3935566246509552,0.8429628014564514
-21.0939998626709,-1.753999948501587,0.8056238293647766,4.125000953674316,0.16719838976860046,0.2427009791135788,0.3666899502277374,0.07835228741168976
-21.0939998626709,-0.7540000081062317,1.1329940557479858,0.10101601481437683,0.6785477995872498,2.3906514644622803,0.10642024129629135,0.048352982848882675
-21.0939998626709,-0.7540000081062317,1.0600734949111938,3.0550899505615234,0.061267122626304626,0.06028982996940613,0.010769226588308811,0.616773247718811
-21.0939998626709,-0.7540000081062317,1.2572813034057617,6.125544548034668,0.10752706974744797,0.028397632762789726,-0.07855451852083206,0.33487385511398315
-21.0939998626709,1.246000051498413,0.8112477660179138,5.818177223205566,0.17645959556102753,1.1064667701721191,0.029610056430101395,0.49264803528785706
-21.0939998626709,1.246000051498413,0.5709031224250793,2.673799753189087,0.11410786211490631,0.4415101110935211,0.10352496057748795,0.030440272763371468
-21.0939998626709,1.246000051498413,0.7144663333892822,5.640483379364014,0.04590297490358353,0.21501971781253815,-0.058454323559999466,0.47691163420677185
-21.0939998626709,2.246000051498413,0.6247093677520752,5.520609378814697,0.12260188907384872,2.0388240814208984,-0.07057780772447586,0.20945808291435242
-21.0939998626709,2.246000051498413,0.5293278098106384,3.500356674194336,0.022950632497668266,0.4208831191062927,0.12861572206020355,0.2679104208946228
-21.0939998626709,2.246000051498413,0.6453378796577454,6.103215217590332,0.023349232971668243,0.12423872947692871,0.038061194121837616,0.5226314663887024
-21.0939998626709,3.246000051498413,0.8929196000099182,2.5495376586914062,0.10248244553804398,2.7334907054901123,0.017011111602187157,0.4518097937107086
-21.0939998626709,3.246000051498413,1.1277062892913818,3.2713544368743896,0.1317461133003235,0.10639795660972595,0.02516998164355755,0.30804717540740967
-21.0939998626709,3.246000051498413,1.2568775415420532,0.191081702709198,0.13315878808498383,0.06693799793720245,0.14981001615524292,0.24014295637607574
-21.0939998626709,4.245999813079834,0.9449102878570557,2.637080669403076,0.09176167845726013,1.760586142539978,0.06806730479001999,0.4019513428211212
-21.0939998626709,4.245999813079834,1.1098908185958862,3.3754091262817383,0.0940764769911766,0.11228961497545242,0.10397424548864365,0.2132377177476883
-21.0939998626709,4.245999813079834,1.2192332744598389,0.12104359269142151,0.10712770372629166,0.04209382086992264,0.24119868874549866,0.3848108649253845
-21.0939998626709,5.245999813079834,1.0457100868225098,1.9764786958694458,0.1803557276725769,2.0361030101776123,0.058448370546102524,0.10630028694868088
-21.0939998626709,5.245999813079834,1.0937882661819458,3.371936798095703,0.09079267829656601,0.1600165069103241,0.1706613153219223,0.5041665434837341
-21.0939998626709,5.245999813079834,1.2343417406082153,0.14431342482566833,0.11797386407852173,0.0800197571516037,0.05119926109910011,0.38953322172164917
-21.0939998626709,6.245999813079834,0.9821726679801941,1.4131759405136108,0.20479516685009003,2.872279405593872,0.08675934374332428,0.11830189824104309
-21.0939998626709,6.245999813079834,1.1458653211593628,3.754880905151367,0.09891121834516525,0.07283440232276917,0.07623827457427979,0.5887245535850525
-21.0939998626709,6.245999813079834,1.2690925598144531,0.38572245836257935,0.1356920599937439,0.07596883177757263,-0.05243387073278427,0.2929736077785492
-21.0939998626709,7.245999813079834,1.0329583883285522,3.0884625911712646,0.21103236079216003,2.655266761779785,0.08820541948080063,0.1440161019563675
-21.0939998626709,7.245999813079834,1.212195873260498,3.8912534713745117,0.0841454416513443,0.030977874994277954,-0.010734896175563335,0.5857076644897461
-21.0939998626709,7.245999813079834,1.354526400566101,0.48586222529411316,0.15314090251922607,0.05613245442509651,0.1186869665980339,0.27027618885040283
-21.0939998626709,8.246000289916992,1.2508089542388916,2.226921319961548,0.6566319465637207,2.584406614303589,0.1686265468597412,0.16722892224788666
-21.0939998626709,8.246000289916992,1.2158825397491455,3.7045724391937256,0.09321140497922897,0.019039113074541092,0.26050350069999695,0.40314042568206787
-21.0939998626709,8.246000289916992,1.3114756345748901,0.45982256531715393,0.12558318674564362,0.057711973786354065,0.1170649304986,0.4296306371688843
-21.0939998626709,9.246000289916992,1.197641134262085,0.7145675420761108,0.2676340937614441,1.5731958150863647,0.11819331347942352,0.40590065717697144
-21.0939998626709,9.246000289916992,1.1520575284957886,3.4357597827911377,0.12263606488704681,0.05455893650650978,0.09322994947433472,0.09304502606391907
-21.0939998626709,9.246000289916992,1.0913455486297607,0.36148273944854736,0.05743151903152466,0.025651710107922554,0.0014071734622120857,0.5010542869567871
-21.0939998626709,12.246000289916992,0.9302710890769958,6.182468891143799,0.09208882600069046,1.4430664777755737,0.0006450155051425099,0.3761838972568512
-21.0939998626709,12.246000289916992,1.0240306854248047,2.51167368888855,0.10109304636716843,0.05124559625983238,0.24666514992713928,0.4744836986064911
-21.0939998626709,12.246000289916992,1.1888630390167236,5.699872970581055,0.1127486452460289,0.06534620374441147,0.01872510090470314,0.14933238923549652
-21.0939998626709,13.246000289916992,1.136163353919983,0.5160183906555176,0.617797315120697,2.6149938106536865,0.24100664258003235,0.002804517513141036
-21.0939998626709,13.246000289916992,1.2503567934036255,2.3856699466705322,0.09786021709442139,0.04202541336417198,0.17485681176185608,0.9961225390434265
-21.0939998626709,13.246000289916992,1.0454683303833008,5.96733283996582,0.15565678477287292,0.24462220072746277,-0.05580119788646698,0.001072914688847959
-21.0939998626709,14.246000289916992,1.3230876922607422,5.902085304260254,2.226693630218506,2.6103451251983643,0.18179717659950256,0.005081407725811005
-21.0939998626709,14.246000289916992,1.0752681493759155,2.4683921337127686,0.049975041300058365,0.030804164707660675,0.21266667544841766,0.9922439455986023
-21.0939998626709,14.246000289916992,0.884138822555542,4.219805717468262,0.12759706377983093,1.38291335105896,0.22728802263736725,0.0026746101211756468
-21.0939998626709,15.246000289916992,1.2479002475738525,0.9379472136497498,4.680685997009277,3.0490410327911377,0.10600371658802032,0.013609758578240871
-21.0939998626709,15.246000289916992,1.1023850440979004,2.18998122215271,0.07769380509853363,0.039477601647377014,-0.09198150038719177,0.9597740769386292
-21.0939998626709,15.246000289916992,1.1114132404327393,6.039498329162598,0.2068665325641632,0.18538589775562286,0.0609443224966526,0.02661609649658203
-21.0939998626709,16.246000289916992,0.8688568472862244,5.491243839263916,0.3315524160861969,3.7221908569335938,0.0701388269662857,0.0682588517665863
-21.0939998626709,16.246000289916992,0.9321219325065613,2.237659215927124,0.07968337088823318,0.03781937062740326,-0.03606846556067467,0.7734534740447998
-21.0939998626709,16.246000289916992,0.9801767468452454,5.677572727203369,0.13457776606082916,0.10430071502923965,0.04524706304073334,0.1582876592874527
-21.0939998626709,17.246000289916992,0.8254880309104919,0.08431951701641083,0.07368356734514236,2.519287347793579,0.036089032888412476,0.007447623647749424
-21.0939998626709,17.246000289916992,1.0266002416610718,2.3352103233337402,0.06600012630224228,0.07966753095388412,0.2208799570798874,0.9925351142883301
-21.0939998626709,17.246000289916992,1.039900541305542,4.166697978973389,0.3411915600299835,1.3961644172668457,0.17453616857528687,1.731334486976266e-05
-20.0939998626709,-10.753999710083008,0.6880078315734863,3.2645914554595947,0.36207619309425354,0.9519677758216858,0.15958087146282196,0.004965100437402725
-20.0939998626709,-10.753999710083008,0.4322728216648102,3.0704543590545654,0.09422669559717178,2.3881683349609375,-0.3476101756095886,0.004046399611979723
-20.0939998626709,-10.753999710083008,0.6039567589759827,4.315746307373047,0.011001610197126865,0.1582169383764267,0.10167086869478226,0.990988552570343
-20.0939998626709,-9.753999710083008,1.0753282308578491,2.5453121662139893,0.08122161775827408,1.1174912452697754,-0.027031097561120987,0.18880261480808258
-20.0939998626709,-9.753999710083008,0.9273207187652588,3.487644672393799,0.06534963101148605,0.2895130217075348,0.16164079308509827,0.8104636669158936
-20.0939998626709,-9.753999710083008,0.8463882207870483,4.3259477615356445,0.10758417844772339,0.17194825410842896,0.08814599364995956,0.0007337386487051845
-20.0939998626709,-8.753999710083008,0.8124646544456482,2.2452099323272705,0.059703730046749115,1.0724467039108276,-0.17225868999958038,0.096581369638443
-20.0939998626709,-8.753999710083008,0.6062368154525757,2.166498899459839,0.026571644470095634,0.20534802973270416,-0.13854768872261047,0.8883835673332214
-20.0939998626709,-8.753999710083008,0.8066260814666748,3.442089319229126,0.07547254860401154,0.4991535544395447,0.16244345903396606,0.015034997835755348
-20.0939998626709,-6.754000186920166,1.2707868814468384,5.185516834259033,3.512925624847412,2.724745035171509,0.13247808814048767,0.2067301720380783
-20.0939998626709,-6.754000186920166,1.0433515310287476,3.7356350421905518,0.08445312827825546,0.19184596836566925,-0.2628018856048584,0.1882212609052658
-20.0939998626709,-6.754000186920166,1.0682491064071655,5.615808010101318,0.07385050505399704,0.15477298200130463,0.2205892950296402,0.6050485372543335
-20.0939998626709,-5.754000186920166,0.8979719281196594,2.3072280883789062,0.4901738166809082,1.759195327758789,0.03988736867904663,0.03515004366636276
-20.0939998626709,-5.754000186920166,1.137168288230896,3.3293495178222656,0.09966522455215454,0.03735535219311714,0.07871099561452866,0.9577182531356812
-20.0939998626709,-5.754000186920166,1.0193368196487427,6.2228569984436035,0.17525064945220947,0.5745651125907898,-0.04050355777144432,0.007131724152714014
-20.0939998626709,-4.754000186920166,0.9911499619483948,2.372537612915039,0.2300080507993698,5.390008449554443,0.22935272753238678,0.09295777976512909
-20.0939998626709,-4.754000186920166,0.929621160030365,3.61881685256958,0.08626550436019897,0.04585985094308853,-0.0554763488471508,0.868165910243988
-20.0939998626709,-4.754000186920166,0.8001632690429688,0.5435237884521484,0.09455221891403198,0.1514008492231369,0.08387674391269684,0.038876283913850784
-20.0939998626709,-3.753999948501587,1.230569839477539,2.222852945327759,0.9544160962104797,4.751157283782959,0.29320794343948364,0.004618142731487751
-20.0939998626709,-3.753999948501587,0.8985546827316284,4.022475242614746,0.025898749008774757,0.009987152181565762,-0.1296234130859375,0.5346457362174988
-20.0939998626709,-3.753999948501587,0.8576615452766418,0.5548434853553772,0.05829232186079025,0.16599178314208984,-0.03918220102787018,0.46073609590530396
-20.0939998626709,-2.753999948501587,1.0264344215393066,0.48151952028274536,0.2676309049129486,4.357059955596924,0.13062001764774323,0.0319395549595356
-20.0939998626709,-2.753999948501587,1.1577807664871216,3.849290609359741,0.059940461069345474,0.02457599714398384,-0.015940142795443535,0.5441224575042725
-20.0939998626709,-2.753999948501587,0.9852361679077148,0.9313368201255798,0.054191626608371735,0.03960130363702774,-0.19414010643959045,0.42393797636032104
-20.0939998626709,-1.753999948501587,1.5918124914169312,3.5428714752197266,1.5499651432037354,1.3330546617507935,-0.0628010705113411,0.004111519083380699
-20.0939998626709,-1.753999948501587,1.0459108352661133,1.607607126235962,0.0030837024096399546,0.021824464201927185,-0.3965897560119629,0.9958393573760986
-20.0939998626709,-1.753999948501587,0.7894425392150879,1.6376419067382812,0.04440094158053398,22.79443359375,0.6621744632720947,4.9099053285317495e-05
-20.0939998626709,-0.7540000081062317,1.1660592555999756,4.859475135803223,0.4471830427646637,0.9720149636268616,0.1334988921880722,0.08479110151529312
-20.0939998626709,-0.7540000081062317,1.1917965412139893,2.9353244304656982,0.08765069395303726,0.07456602901220322,-0.0806441530585289,0.3166443109512329
-20.0939998626709,-0.7540000081062317,1.1221832036972046,6.250082015991211,0.0845998004078865,0.05250972881913185,-0.18437857925891876,0.5985645651817322
-20.0939998626709,0.2460000067949295,0.7425011396408081,5.888550758361816,0.21639496088027954,1.915217399597168,-0.08207961171865463,0.009701608680188656
-20.0939998626709,0.2460000067949295,0.6369008421897888,3.8487837314605713,0.01968938298523426,0.27312082052230835,-0.25758445262908936,0.9850572943687439
-20.0939998626709,0.2460000067949295,0.6141153573989868,4.387479305267334,0.01407888438552618,6.159728050231934,0.07684740424156189,0.005241052713245153
-20.0939998626709,1.246000051498413,0.9542009830474854,4.47016716003418,0.6571741104125977,1.827887773513794,-0.0645543709397316,0.07715116441249847
-20.0939998626709,1.246000051498413,0.5537838339805603,2.983100414276123,0.04405178874731064,0.16222776472568512,0.26867079734802246,0.5571107268333435
-20.0939998626709,1.246000051498413,0.6798710823059082,5.49553108215332,0.028198910877108574,0.5413229465484619,0.06547103822231293,0.3657381236553192
-20.0939998626709,2.246000051498413,0.85328608751297,5.565494060516357,0.38104626536369324,4.527900695800781,0.1230202466249466,0.3871862590312958
-20.0939998626709,2.246000051498413,0.650515615940094,3.045919895172119,0.026796821504831314,0.20435994863510132,-0.18721450865268707,0.5816813111305237
-20.0939998626709,2.246000051498413,0.7102726101875305,5.962942600250244,0.032723307609558105,0.2868017256259918,0.12233471870422363,0.031132439151406288
-20.0939998626709,3.246000051498413,0.8674772381782532,1.942413568496704,0.09907088428735733,3.2930045127868652,0.0041947560384869576,0.2423444539308548
-20.0939998626709,3.246000051498413,1.120868444442749,3.1212410926818848,0.11316613107919693,0.09722894430160522,0.06971713900566101,0.322192907333374
-20.0939998626709,3.246000051498413,1.2362467050552368,6.2055182456970215,0.12116342782974243,0.030309025198221207,0.22588321566581726,0.4354626536369324
-20.0939998626709,4.245999813079834,0.8623700737953186,1.7077009677886963,0.06085765361785889,3.160979747772217,0.04930805414915085,0.362945556640625
-20.0939998626709,4.245999813079834,1.0325899124145508,3.2496440410614014,0.08689722418785095,0.11301013082265854,0.15673020482063293,0.3523196876049042
-20.0939998626709,4.245999813079834,1.2588433027267456,0.05947256088256836,0.15312235057353973,0.06432580202817917,0.34647899866104126,0.2847347557544708
-20.0939998626709,5.245999813079834,0.996045708656311,0.49325060844421387,0.15960031747817993,1.811672329902649,0.031539883464574814,0.18432874977588654
-20.0939998626709,5.245999813079834,1.0715670585632324,3.219864845275879,0.0916920006275177,0.10006395727396011,0.28129878640174866,0.5037065744400024
-20.0939998626709,5.245999813079834,1.2121078968048096,0.014952227473258972,0.12205943465232849,0.07183251529932022,0.023844022303819656,0.3119647800922394
-20.0939998626709,6.245999813079834,1.0912034511566162,1.5849910974502563,0.3912259340286255,2.284613847732544,0.11848564445972443,0.15401580929756165
-20.0939998626709,6.245999813079834,1.0879921913146973,3.593266725540161,0.10680323839187622,0.07957956194877625,0.255141943693161,0.5970855951309204
-20.0939998626709,6.245999813079834,1.1337169408798218,0.27621990442276,0.1294689178466797,0.15384168922901154,0.017466513440012932,0.24889856576919556
-20.0939998626709,7.245999813079834,1.0676627159118652,2.8273589611053467,0.25096169114112854,2.4843955039978027,0.13895435631275177,0.10576119273900986
-20.0939998626709,7.245999813079834,1.2302124500274658,3.900662660598755,0.09595198929309845,0.07980779558420181,0.11735700815916061,0.5974594354629517
-20.0939998626709,7.245999813079834,1.2485675811767578,0.49911922216415405,0.10868611931800842,0.09213890135288239,0.18094676733016968,0.29677945375442505
-20.0939998626709,8.246000289916992,1.385240912437439,0.002342136111110449,2.248014450073242,4.774030685424805,0.30659180879592896,0.09336157143115997
-20.0939998626709,8.246000289916992,1.2266366481781006,3.9741647243499756,0.0975295826792717,0.0664762631058693,-0.09674160182476044,0.6142545938491821
-20.0939998626709,8.246000289916992,1.178605079650879,0.5894215106964111,0.09408051520586014,0.07265181094408035,0.07148545980453491,0.2923838198184967
-20.0939998626709,9.246000289916992,1.3364611864089966,0.0806891918182373,1.309372067451477,2.8948800563812256,0.20623137056827545,0.12202634662389755
-20.0939998626709,9.246000289916992,1.1502281427383423,4.2216572761535645,0.0971120223402977,0.10126475244760513,-0.10878080129623413,0.3532373011112213
-20.0939998626709,9.246000289916992,1.3705178499221802,0.7496961355209351,0.12893250584602356,0.027764376252889633,-0.06125570461153984,0.5247363448143005
-20.0939998626709,10.246000289916992,1.3223378658294678,4.146369457244873,0.5799745321273804,0.6398364305496216,0.2540034353733063,0.2945871949195862
-20.0939998626709,10.246000289916992,1.0646034479141235,2.7052900791168213,0.16721630096435547,0.6047046780586243,-0.21020455658435822,0.06421162933111191
-20.0939998626709,10.246000289916992,1.1199017763137817,6.23412561416626,0.15288618206977844,0.25732946395874023,0.10790818184614182,0.6412011981010437
-20.0939998626709,11.246000289916992,1.3582799434661865,5.853769302368164,5.186142444610596,2.194319248199463,0.3579418361186981,0.010499830357730389
-20.0939998626709,11.246000289916992,1.1054259538650513,2.195711135864258,0.08863522857427597,0.1124739870429039,-0.22994835674762726,0.9890013933181763
-20.0939998626709,11.246000289916992,1.061646580696106,4.323819160461426,0.5685036182403564,7.684205055236816,0.48685771226882935,0.0004988548462279141
-20.0939998626709,12.246000289916992,1.233420491218567,5.9874653816223145,0.9929351210594177,2.1713168621063232,-0.0011454006889835,0.004088652320206165
-20.0939998626709,12.246000289916992,1.2730237245559692,2.170214891433716,0.07362203299999237,0.06285811215639114,-0.13179510831832886,0.995635449886322
-20.0939998626709,12.246000289916992,1.5121221542358398,0.4375269412994385,1.124044418334961,0.7731911540031433,0.14995701611042023,0.000275971251539886
-20.0939998626709,13.246000289916992,1.0812180042266846,5.117889404296875,0.6289792656898499,2.47861385345459,0.392398864030838,0.00030506643815897405
-20.0939998626709,13.246000289916992,1.1755120754241943,2.2156553268432617,0.11170345544815063,0.09936477988958359,0.1803908348083496,0.9991003274917603
-20.0939998626709,13.246000289916992,0.9639909863471985,5.282783031463623,0.10320016741752625,0.3333863317966461,0.002967371139675379,0.0005946317687630653
-20.0939998626709,14.246000289916992,1.445320725440979,1.5644186735153198,2.8648226261138916,1.466822862625122,0.3442741632461548,0.03144877403974533
-20.0939998626709,14.246000289916992,1.173971176147461,2.2863929271698,0.10182016342878342,0.08057528734207153,0.08349922299385071,0.9610211849212646
-20.0939998626709,14.246000289916992,0.9626978039741516,4.7439093589782715,0.13950078189373016,0.8469057679176331,0.2173493504524231,0.007529923692345619
-20.0939998626709,15.246000289916992,1.235593557357788,1.1160646677017212,2.9564731121063232,3.3340861797332764,0.13337408006191254,0.0016444743378087878
-20.0939998626709,15.246000289916992,0.9699351787567139,2.441164970397949,0.04643598943948746,0.020790204405784607,0.12607286870479584,0.9932481050491333
-20.0939998626709,15.246000289916992,1.046769618988037,5.693140506744385,0.1723221093416214,0.16175627708435059,0.009111378341913223,0.005107378587126732
-20.0939998626709,16.246000289916992,0.9726478457450867,5.968324661254883,0.9131855964660645,6.430446147918701,0.11615563929080963,0.003844877239316702
-20.0939998626709,16.246000289916992,1.0151053667068481,2.398554801940918,0.06454488635063171,0.023083236068487167,-0.046309877187013626,0.9027422666549683
-20.0939998626709,16.246000289916992,0.8886832594871521,5.580081462860107,0.08696485310792923,0.13810749351978302,0.03613373637199402,0.0934128612279892
-20.0939998626709,19.246000289916992,1.275985836982727,4.405540466308594,1.3517311811447144,1.8291821479797363,0.14425837993621826,0.2917911410331726
-20.0939998626709,19.246000289916992,1.1759527921676636,2.597337245941162,0.11585879325866699,0.06194848194718361,-0.07038433849811554,0.24435900151729584
-20.0939998626709,19.246000289916992,1.1342853307724,5.911356449127197,0.10779982805252075,0.13898341357707977,-0.05977083370089531,0.463849812746048
-20.0939998626709,20.246000289916992,1.448451042175293,2.977313756942749,1.8809581995010376,1.3117705583572388,0.08789574354887009,0.0178852379322052
-20.0939998626709,20.246000289916992,1.0281405448913574,2.363576889038086,0.06237681210041046,0.05078410357236862,0.04750913009047508,0.9252734780311584
-20.0939998626709,20.246000289916992,1.3502572774887085,5.50019645690918,0.13627684116363525,0.10086993128061295,0.09595967829227448,0.05684131383895874
-19.0939998626709,-11.753999710083008,0.7190687656402588,3.9958226680755615,0.18434815108776093,1.3170599937438965,0.25567230582237244,0.0418364480137825
-19.0939998626709,-11.753999710083008,0.38098204135894775,2.9883711338043213,0.1526285856962204,2.1740283966064453,-0.02039300836622715,0.002170200925320387
-19.0939998626709,-11.753999710083008,0.6627918481826782,4.305744171142578,0.0363822765648365,0.07064978778362274,0.11605204641819,0.9559932947158813
-19.0939998626709,-10.753999710083008,0.7370437383651733,5.049068927764893,0.15891586244106293,1.0369035005569458,0.051718570291996,0.04010721296072006
-19.0939998626709,-10.753999710083008,0.541921854019165,2.689854621887207,0.053605757653713226,1.1400753259658813,-0.29108667373657227,0.013902856037020683
-19.0939998626709,-10.753999710083008,0.6435231566429138,4.26680326461792,0.014765199273824692,0.16841134428977966,0.13037171959877014,0.9459899067878723
-19.0939998626709,-9.753999710083008,0.9453091621398926,1.371567964553833,0.12503981590270996,1.6108280420303345,-0.029578765854239464,0.506019651889801
-19.0939998626709,-9.753999710083008,0.6461504101753235,2.628000259399414,0.048589546233415604,1.467627763748169,-0.12083610892295837,0.45675987005233765
-19.0939998626709,-9.753999710083008,0.6947927474975586,4.303081512451172,0.03223520144820213,0.29664862155914307,0.009514028206467628,0.037220388650894165
-19.0939998626709,-8.753999710083008,1.3235106468200684,6.143577575683594,0.6537649035453796,1.7228177785873413,-0.1306721270084381,0.10420654714107513
-19.0939998626709,-8.753999710083008,0.7525843381881714,1.043885588645935,0.021189693361520767,0.25015413761138916,-0.12417685240507126,0.7134941220283508
-19.0939998626709,-8.753999710083008,0.828096330165863,3.8713855743408203,0.030939912423491478,0.3423841595649719,0.06888788193464279,0.18229933083057404
-19.0939998626709,-7.754000186920166,1.0173912048339844,3.2825067043304443,0.05627935007214546,0.29207944869995117,-0.17364975810050964,0.5714542269706726
-19.0939998626709,-7.754000186920166,0.8326065540313721,6.270106792449951,0.050818875432014465,0.5238325595855713,0.3850262463092804,0.12640166282653809
-19.0939998626709,-7.754000186920166,0.8326622247695923,4.299019813537598,0.044075679033994675,0.0865570604801178,0.37719571590423584,0.3021441400051117
-19.0939998626709,-6.754000186920166,1.1047970056533813,4.520541191101074,0.743465006351471,2.117844343185425,0.03590716794133186,0.4449823498725891
-19.0939998626709,-6.754000186920166,1.0131826400756836,3.087113857269287,0.08913837373256683,0.18457604944705963,-0.007037969771772623,0.2519521415233612
-19.0939998626709,-6.754000186920166,1.0701916217803955,6.1370015144348145,0.07578770816326141,0.10842399299144745,-0.10279560089111328,0.30306553840637207
-19.0939998626709,-5.754000186920166,1.1379581689834595,2.903557777404785,0.5243958830833435,1.6573845148086548,-0.03695446252822876,0.13122215867042542
-19.0939998626709,-5.754000186920166,1.0713412761688232,3.4234907627105713,0.08777773380279541,0.20501132309436798,0.03582564368844032,0.4894062280654907
-19.0939998626709,-5.754000186920166,1.1713193655014038,0.2763293385505676,0.09679625928401947,0.04030191898345947,-0.059537481516599655,0.3793715536594391
-19.0939998626709,-4.754000186920166,1.0947859287261963,2.326918840408325,0.22644834220409393,3.2129969596862793,0.16176161170005798,0.09502273797988892
-19.0939998626709,-4.754000186920166,0.9582310318946838,3.6574532985687256,0.053100164979696274,0.06874475628137589,0.027186589315533638,0.3224111497402191
-19.0939998626709,-4.754000186920166,0.9244284629821777,0.5345138907432556,0.04869043827056885,0.03647858649492264,0.02394791692495346,0.5825662016868591
-19.0939998626709,-3.753999948501587,1.0934877395629883,2.335900068283081,0.406879186630249,2.8972091674804688,0.2381649613380432,0.015788543969392776
-19.0939998626709,-3.753999948501587,0.8718879818916321,3.83581280708313,0.0392444021999836,0.03158824145793915,0.0882703885436058,0.48750045895576477
-19.0939998626709,-3.753999948501587,0.8881916999816895,0.8325316309928894,0.06473177671432495,0.11480294167995453,-0.037891339510679245,0.49671098589897156
-19.0939998626709,-2.753999948501587,0.8836838006973267,0.3612617254257202,0.08912681043148041,3.7613584995269775,0.06963194161653519,0.08986631780862808
-19.0939998626709,-2.753999948501587,1.045609712600708,4.0585408210754395,0.06714840978384018,0.09024402499198914,0.05217919871211052,0.6186230778694153
-19.0939998626709,-2.753999948501587,1.0405203104019165,1.177505612373352,0.0758904442191124,0.05128397420048714,-0.2437405288219452,0.29151061177253723
-19.0939998626709,-1.753999948501587,1.2850459814071655,4.13310432434082,0.33019527792930603,0.7588768005371094,-0.08143627643585205,0.3528619706630707
-19.0939998626709,-1.753999948501587,0.8993226885795593,1.5002983808517456,0.04617103189229965,0.3066748380661011,-0.11094549298286438,0.503963053226471
-19.0939998626709,-1.753999948501587,0.8775334358215332,5.167003154754639,0.0875680148601532,1.277942180633545,0.15693236887454987,0.143174946308136
-19.0939998626709,-0.7540000081062317,1.153214931488037,0.6828845143318176,0.15853601694107056,1.7709038257598877,0.0196868684142828,0.42895182967185974
-19.0939998626709,-0.7540000081062317,1.0723687410354614,2.9030284881591797,0.09939935058355331,0.25147545337677,-0.1152360811829567,0.2071133404970169
-19.0939998626709,-0.7540000081062317,1.2501593828201294,0.17945370078086853,0.11302351951599121,0.0610482282936573,-0.13990013301372528,0.36393478512763977
-19.0939998626709,0.2460000067949295,1.0325164794921875,5.258403301239014,0.2152748852968216,2.1058332920074463,-0.09926008433103561,0.12468225508928299
-19.0939998626709,0.2460000067949295,0.8993027210235596,2.2947046756744385,0.05863429233431816,0.24856649339199066,-0.3748584985733032,0.8635109066963196
-19.0939998626709,0.2460000067949295,0.8410921096801758,5.011206150054932,0.04505547881126404,1.9168789386749268,0.046294502913951874,0.01180687453597784
-19.0939998626709,1.246000051498413,0.9742220640182495,1.189949631690979,0.6514729857444763,1.7487409114837646,-0.010007369332015514,0.1559266746044159
-19.0939998626709,1.246000051498413,0.5610958337783813,2.954542398452759,0.02357727847993374,0.2630188465118408,0.06142644211649895,0.6585336327552795
-19.0939998626709,1.246000051498413,0.7140055894851685,5.546216011047363,0.03290746361017227,0.33471161127090454,0.10757821798324585,0.18553970754146576
-19.0939998626709,2.246000051498413,0.9532668590545654,0.2865936756134033,0.3319539427757263,2.6611480712890625,0.062284260988235474,0.23320066928863525
-19.0939998626709,2.246000051498413,0.8437739014625549,2.5257086753845215,0.0604122057557106,0.06772555410861969,0.193517804145813,0.3974130153656006
-19.0939998626709,2.246000051498413,0.9499025940895081,5.793315410614014,0.08423211425542831,0.07788638770580292,0.10903722792863846,0.3693862855434418
-19.0939998626709,3.246000051498413,0.9805718660354614,1.1726775169372559,0.18414582312107086,2.9636383056640625,0.024166010320186615,0.13319464027881622
-19.0939998626709,3.246000051498413,1.0828996896743774,3.0352821350097656,0.09777212888002396,0.0952896699309349,-0.005717736668884754,0.3957456350326538
-19.0939998626709,3.246000051498413,1.262000560760498,6.157727241516113,0.12331884354352951,0.025150295346975327,0.19899822771549225,0.4710597097873688
-19.0939998626709,4.245999813079834,0.8904625177383423,0.3221069574356079,0.07716209441423416,2.781447172164917,0.021061768755316734,0.15705353021621704
-19.0939998626709,4.245999813079834,1.0793097019195557,3.0826594829559326,0.07560610771179199,0.10903065651655197,0.13839322328567505,0.3988426923751831
-19.0939998626709,4.245999813079834,1.3121525049209595,6.2680792808532715,0.13984236121177673,0.041107937693595886,0.20749442279338837,0.44410377740859985
-19.0939998626709,5.245999813079834,1.1155407428741455,0.6027109622955322,0.20061342418193817,1.9589403867721558,0.09211649000644684,0.1798088550567627
-19.0939998626709,5.245999813079834,1.08772611618042,3.158010721206665,0.07025588303804398,0.14234453439712524,0.2598401606082916,0.39799249172210693
-19.0939998626709,5.245999813079834,1.305483102798462,0.005869671702384949,0.1029873639345169,0.03528746962547302,0.03658103570342064,0.42219868302345276
-19.0939998626709,6.245999813079834,1.0100953578948975,0.15434017777442932,0.27632972598075867,2.303727149963379,0.18432274460792542,0.18776924908161163
-19.0939998626709,6.245999813079834,0.9956896901130676,3.44225811958313,0.0997663363814354,0.23737388849258423,0.17393501102924347,0.39389854669570923
-19.0939998626709,6.245999813079834,1.2093106508255005,0.10941267013549805,0.1401231735944748,0.08021118491888046,-0.021023141220211983,0.41833218932151794
-19.0939998626709,7.245999813079834,1.0128720998764038,1.4165107011795044,0.17542904615402222,2.5438833236694336,0.1554465889930725,0.2721126973628998
-19.0939998626709,7.245999813079834,1.0707988739013672,3.740696907043457,0.10316796600818634,0.1719059944152832,0.1874990463256836,0.5333045721054077
-19.0939998626709,7.245999813079834,1.2260704040527344,0.47046202421188354,0.12649598717689514,0.10559055209159851,0.0026988880708813667,0.19458268582820892
-19.0939998626709,8.246000289916992,1.1902832984924316,6.240441799163818,0.5701367259025574,3.7831711769104004,0.2367321401834488,0.3339674174785614
-19.0939998626709,8.246000289916992,1.1647446155548096,3.9924910068511963,0.09245941787958145,0.06850558519363403,-0.008751352317631245,0.4903959333896637
-19.0939998626709,8.246000289916992,1.1979680061340332,0.7024433016777039,0.09391655772924423,0.06455133855342865,0.028083739802241325,0.17563660442829132
-19.0939998626709,9.246000289916992,1.2465286254882812,0.26993632316589355,0.6410320401191711,2.9833908081054688,0.15998174250125885,0.27134498953819275
-19.0939998626709,9.246000289916992,1.1618750095367432,4.061673641204834,0.08234968781471252,0.06571891903877258,0.02231396548449993,0.37618711590766907
-19.0939998626709,9.246000289916992,1.3239165544509888,0.6718941330909729,0.10836682468652725,0.03563748300075531,-0.10787232220172882,0.3524678945541382
-19.0939998626709,10.246000289916992,1.1486194133758545,5.095906734466553,0.23847466707229614,0.9864242076873779,0.1871717870235443,0.544562041759491
-19.0939998626709,10.246000289916992,1.0288102626800537,2.5222954750061035,0.11142432689666748,0.4791394770145416,-0.020513666793704033,0.10330051928758621
-19.0939998626709,10.246000289916992,1.1865746974945068,1.2890114784240723,0.1480174958705902,0.08031149953603745,-0.05829267576336861,0.35213741660118103
-19.0939998626709,11.246000289916992,1.3509877920150757,5.667587757110596,2.246971845626831,1.9519318342208862,0.2825869023799896,0.035175569355487823
-19.0939998626709,11.246000289916992,1.2136203050613403,2.0833237171173096,0.0932689756155014,0.08476879447698593,-0.07456698268651962,0.9507566690444946
-19.0939998626709,11.246000289916992,1.190773844718933,5.156077861785889,0.26666924357414246,0.8661710023880005,0.26879236102104187,0.014067723415791988
-19.0939998626709,12.246000289916992,0.9980480670928955,5.726529121398926,0.2299136072397232,1.6730504035949707,0.07995622605085373,0.06430511921644211
-19.0939998626709,12.246000289916992,1.178105115890503,2.229708433151245,0.09824983775615692,0.06617524474859238,-0.09454943984746933,0.9352934956550598
-19.0939998626709,12.246000289916992,1.262629747390747,6.266501426696777,0.940399169921875,1.2133437395095825,0.10359105467796326,0.0004014129808638245
-19.0939998626709,13.246000289916992,1.0223329067230225,0.46301034092903137,0.19106735289096832,1.284075379371643,0.18550962209701538,0.01704362966120243
-19.0939998626709,13.246000289916992,1.1011545658111572,2.2641754150390625,0.10128054022789001,0.06173018738627434,0.09639553725719452,0.9815272688865662
-19.0939998626709,13.246000289916992,1.120370626449585,5.537867546081543,0.22448883950710297,0.2776145040988922,0.07027363777160645,0.0014291115803644061
-19.0939998626709,14.246000289916992,1.143905758857727,2.804940938949585,0.6912662982940674,1.139019250869751,0.18259777128696442,0.11561088263988495
-19.0939998626709,14.246000289916992,0.8526328802108765,2.149853467941284,0.06492764502763748,0.10181824862957001,0.30994492769241333,0.8793262243270874
-19.0939998626709,14.246000289916992,0.8495201468467712,6.038989543914795,0.3395405113697052,0.42051470279693604,0.3783893883228302,0.005062885582447052
-19.0939998626709,15.246000289916992,0.9793683886528015,0.8353941440582275,1.0566543340682983,3.3831498622894287,0.13753464818000793,0.05609942972660065
-19.0939998626709,15.246000289916992,0.8202753663063049,2.647535562515259,0.07958386838436127,0.08120771497488022,0.01383418869227171,0.9057065844535828
-19.0939998626709,15.246000289916992,0.93287193775177,5.580740928649902,0.13890066742897034,0.13282249867916107,0.033464785665273666,0.03819401562213898
-19.0939998626709,16.246000289916992,0.8578155636787415,4.941897392272949,0.7010321617126465,3.6452696323394775,0.13438034057617188,0.0028395892586559057
-19.0939998626709,16.246000289916992,1.0808916091918945,3.09973406791687,0.09962747246026993,0.0279473178088665,-0.13221174478530884,0.9802120923995972
-19.0939998626709,16.246000289916992,0.9036818742752075,5.589110374450684,0.15050436556339264,0.25159430503845215,-0.005890637170523405,0.016948388889431953
-19.0939998626709,17.246000289916992,1.2151738405227661,4.6330952644348145,0.2580767869949341,1.9417818784713745,0.10954933613538742,0.006689899601042271
-19.0939998626709,17.246000289916992,1.162100911140442,2.2285327911376953,0.08104097098112106,0.09097331017255783,0.27235832810401917,0.990605890750885
-19.0939998626709,17.246000289916992,1.1048521995544434,5.092141151428223,0.11939410865306854,0.15958060324192047,0.18670342862606049,0.0027041975408792496
-19.0939998626709,18.246000289916992,1.2823708057403564,0.8786606192588806,1.0273966789245605,2.3763253688812256,0.0903930515050888,0.0010442046914249659
-19.0939998626709,18.246000289916992,1.0631957054138184,3.139526128768921,0.006936832331120968,0.0021008127368986607,-0.09271076321601868,0.9987908005714417
-19.0939998626709,18.246000289916992,1.061371088027954,5.053769111633301,0.22451038658618927,0.6181442737579346,0.26603764295578003,0.00016503890219610184
-19.0939998626709,19.246000289916992,1.1335437297821045,2.9258694648742676,0.6287100315093994,1.7256301641464233,0.17662367224693298,0.1166522353887558
-19.0939998626709,19.246000289916992,1.1401898860931396,2.2234511375427246,0.079561747610569,0.0394350066781044,0.08013036847114563,0.8466820120811462
-19.0939998626709,19.246000289916992,1.1786434650421143,6.113710880279541,0.20273666083812714,0.2297094613313675,0.049045827239751816,0.03666568174958229
-19.0939998626709,20.246000289916992,1.397566318511963,2.0539755821228027,1.2707525491714478,1.4442369937896729,0.1513393521308899,0.062223657965660095
-19.0939998626709,20.246000289916992,0.9372075796127319,2.4410207271575928,0.0787319466471672,0.08314630389213562,0.10408713668584824,0.9352001547813416
-19.0939998626709,20.246000289916992,1.1301004886627197,5.582041263580322,0.1803560107946396,0.3393700420856476,0.12982238829135895,0.0025761695578694344
-19.0939998626709,21.246000289916992,1.1294646263122559,3.2966461181640625,0.08490028232336044,0.6849623322486877,0.023894047364592552,0.33893251419067383
-19.0939998626709,21.246000289916992,1.0175429582595825,2.3449864387512207,0.10930032283067703,0.10010275989770889,0.26682594418525696,0.6600387692451477
-19.0939998626709,21.246000289916992,1.1145437955856323,5.4585652351379395,0.15395469963550568,0.4425554871559143,0.21278074383735657,0.001028705039061606
-18.0939998626709,-11.753999710083008,0.7631160616874695,4.333836555480957,0.053489577025175095,0.5182995796203613,0.10686362534761429,0.6154133081436157
-18.0939998626709,-11.753999710083008,0.5542569756507874,1.8049730062484741,0.04966343939304352,0.8546773195266724,-0.03877919912338257,0.02236545830965042
-18.0939998626709,-11.753999710083008,0.7191066145896912,5.214385032653809,0.022412750869989395,0.12025804817676544,-0.002010822296142578,0.36222121119499207
-18.0939998626709,-10.753999710083008,0.9736117720603943,4.722944259643555,0.573997974395752,1.3295114040374756,0.08725539594888687,0.026168281212449074
-18.0939998626709,-10.753999710083008,0.5454885363578796,2.0826029777526855,0.05273720622062683,1.6387995481491089,-0.06831628084182739,0.021860208362340927
-18.0939998626709,-10.753999710083008,0.6465975046157837,4.501972675323486,0.020723968744277954,0.41376858949661255,-0.015403987839818,0.9519714713096619
-18.0939998626709,-9.753999710083008,0.9079194664955139,4.611004829406738,0.15803202986717224,2.134230852127075,0.10665275901556015,0.5145739912986755
-18.0939998626709,-9.753999710083008,0.6015002131462097,1.4552836418151855,0.03862378001213074,0.9139999151229858,0.10703302174806595,0.2815691828727722
-18.0939998626709,-9.753999710083008,0.7568055987358093,4.627254486083984,0.04492786154150963,0.2836073935031891,0.19315141439437866,0.20385673642158508
-18.0939998626709,-8.753999710083008,1.1768499612808228,0.2478858083486557,0.265080064535141,1.459900140762329,0.05275798216462135,0.17566628754138947
-18.0939998626709,-8.753999710083008,0.8608167767524719,1.0759774446487427,0.06099816784262657,0.34775567054748535,-0.03245099261403084,0.43598076701164246
-18.0939998626709,-8.753999710083008,0.8691815733909607,4.374358654022217,0.03994082659482956,0.21386021375656128,0.24822920560836792,0.3883529305458069
-18.0939998626709,-7.754000186920166,1.1063294410705566,5.8803253173828125,0.13854803144931793,0.9070819616317749,-0.0626620277762413,0.15932774543762207
-18.0939998626709,-7.754000186920166,0.8843546509742737,0.9677075743675232,0.04643310233950615,0.23385228216648102,-0.050025079399347305,0.09923228621482849
-18.0939998626709,-7.754000186920166,0.899493396282196,4.267795562744141,0.02844751998782158,0.08614765107631683,0.21533174812793732,0.7414400577545166
-18.0939998626709,-6.754000186920166,1.0176260471343994,4.9268364906311035,0.07675755769014359,1.4087285995483398,0.00610713567584753,0.49814000725746155
-18.0939998626709,-6.754000186920166,0.8630286455154419,2.2927122116088867,0.06568367034196854,0.3058873116970062,0.2403288334608078,0.2890357971191406
-18.0939998626709,-6.754000186920166,1.2525254487991333,5.964133262634277,0.14605917036533356,0.03725280240178108,-0.06961140036582947,0.2128242403268814
-18.0939998626709,-5.754000186920166,1.0457059144973755,5.725986957550049,0.11815125495195389,0.9512832164764404,-0.022605428472161293,0.1857967972755432
-18.0939998626709,-5.754000186920166,1.0046457052230835,3.296623706817627,0.09093394875526428,0.39229825139045715,-0.0750558003783226,0.3623301386833191
-18.0939998626709,-5.754000186920166,1.265196681022644,0.2888179123401642,0.10113812237977982,0.0198310948908329,-0.10093206912279129,0.4518730938434601
-18.0939998626709,-4.754000186920166,1.1297235488891602,0.3554477095603943,0.22515304386615753,2.5361368656158447,0.17530551552772522,0.43442612886428833
-18.0939998626709,-4.754000186920166,0.8944106101989746,3.6546404361724854,0.04840932413935661,0.12899695336818695,0.29068413376808167,0.20150694251060486
-18.0939998626709,-4.754000186920166,1.0710514783859253,0.39493370056152344,0.05902411416172981,0.03902435302734375,-0.11672643572092056,0.3640669286251068
-18.0939998626709,-3.753999948501587,1.0280367136001587,1.8052120208740234,0.08678581565618515,2.1689605712890625,0.05346861109137535,0.4797324240207672
-18.0939998626709,-3.753999948501587,1.0580915212631226,3.774153470993042,0.14583668112754822,0.5304371118545532,-0.016967883333563805,0.2962227165699005
-18.0939998626709,-3.753999948501587,1.0898445844650269,0.7453814744949341,0.1056794822216034,0.1564675271511078,-0.003992902114987373,0.22404485940933228
-18.0939998626709,-2.753999948501587,0.8896649479866028,5.988121032714844,0.03303980454802513,1.9484508037567139,0.09633094072341919,0.8697301149368286
-18.0939998626709,-2.753999948501587,0.9402164220809937,4.198609352111816,0.12032174319028854,0.9551489949226379,0.2793591320514679,0.05811450630426407
-18.0939998626709,-2.753999948501587,1.1473082304000854,1.6100633144378662,0.13144594430923462,0.07808314263820648,-0.07715731859207153,0.07215545326471329
-18.0939998626709,-1.753999948501587,1.083034873008728,4.916858196258545,0.12532171607017517,1.0150797367095947,0.17361527681350708,0.4546666443347931
-18.0939998626709,-1.753999948501587,0.8611084222793579,2.3888986110687256,0.07889645546674728,0.4745859205722809,-0.048785243183374405,0.33891740441322327
-18.0939998626709,-1.753999948501587,1.059070110321045,0.5575445890426636,0.16696524620056152,0.3603278398513794,0.11282636970281601,0.20641590654850006
-18.0939998626709,-0.7540000081062317,1.2287708520889282,5.898742198944092,0.22268323600292206,1.533958911895752,0.23107485473155975,0.4721437990665436
-18.0939998626709,-0.7540000081062317,1.0343244075775146,1.8965709209442139,0.19421184062957764,2.589979648590088,-0.35004258155822754,0.29603520035743713
-18.0939998626709,-0.7540000081062317,0.8652721643447876,4.766592979431152,0.06597770750522614,1.6038801670074463,0.11018752306699753,0.2318209856748581
-18.0939998626709,0.2460000067949295,1.2212042808532715,5.791599750518799,0.45654743909835815,2.2850492000579834,0.2653571665287018,0.2655752897262573
-18.0939998626709,0.2460000067949295,0.9134150743484497,2.13730525970459,0.08352541923522949,0.4024816155433655,-0.367815226316452,0.4736710488796234
-18.0939998626709,0.2460000067949295,0.9999442100524902,5.056307792663574,0.09247791022062302,0.265839546918869,0.08017488569021225,0.2607536315917969
-18.0939998626709,1.246000051498413,1.0419987440109253,3.907829523086548,0.2715272307395935,1.440415620803833,0.16426855325698853,0.13553838431835175
-18.0939998626709,1.246000051498413,0.959622323513031,2.397278308868408,0.12626996636390686,0.2539896070957184,-0.08862825483083725,0.3444553017616272
-18.0939998626709,1.246000051498413,0.9429699182510376,5.296342849731445,0.09056182950735092,0.17645980417728424,0.04142974317073822,0.5200062990188599
-18.0939998626709,2.246000051498413,0.9626628160476685,5.825192451477051,0.25156474113464355,2.775264263153076,0.09448754787445068,0.5411433577537537
-18.0939998626709,2.246000051498413,0.9373785853385925,2.618689775466919,0.113052599132061,0.14583230018615723,0.11886990070343018,0.2867875397205353
-18.0939998626709,2.246000051498413,1.066611409187317,5.823177337646484,0.10093820840120316,0.04053214564919472,0.1353156417608261,0.17206916213035583
-18.0939998626709,3.246000051498413,0.9929061532020569,0.9093238711357117,0.16713158786296844,2.4430322647094727,0.04448171705007553,0.23272737860679626
-18.0939998626709,3.246000051498413,1.0628243684768677,2.8988661766052246,0.12613986432552338,0.13339686393737793,0.05910959094762802,0.3751068711280823
-18.0939998626709,3.246000051498413,1.288261890411377,6.130298614501953,0.1289825588464737,0.021880920976400375,0.197377547621727,0.39216575026512146
-18.0939998626709,4.245999813079834,0.9734043478965759,0.09672455489635468,0.1231149360537529,2.4206459522247314,0.03399018570780754,0.11109522730112076
-18.0939998626709,4.245999813079834,1.1058788299560547,3.048218011856079,0.07567142695188522,0.09803570806980133,0.05214740335941315,0.3302414119243622
-18.0939998626709,4.245999813079834,1.257582426071167,6.206307411193848,0.10097996890544891,0.036593638360500336,0.021910440176725388,0.5586633682250977
-18.0939998626709,5.245999813079834,1.2584258317947388,0.5736637711524963,0.35812506079673767,2.2449374198913574,0.12908312678337097,0.3026697337627411
-18.0939998626709,5.245999813079834,1.118635654449463,3.134856939315796,0.07305234670639038,0.14136581122875214,0.22030195593833923,0.34892919659614563
-18.0939998626709,5.245999813079834,1.2747459411621094,6.260708808898926,0.07925999164581299,0.027251925319433212,-0.009328648447990417,0.34840112924575806
-18.0939998626709,6.245999813079834,1.025010585784912,0.13664157688617706,0.1543085277080536,1.99038565158844,0.10824308544397354,0.33106696605682373
-18.0939998626709,6.245999813079834,1.0922309160232544,3.4674015045166016,0.10298367589712143,0.2687380015850067,0.18619868159294128,0.4466114938259125
-18.0939998626709,6.245999813079834,1.3452523946762085,6.158594131469727,0.11806385219097137,0.030901452526450157,-0.09683133661746979,0.22232158482074738
-18.0939998626709,7.245999813079834,0.8747653961181641,0.6286686062812805,0.07701227068901062,1.8952972888946533,0.0655418112874031,0.579468309879303
-18.0939998626709,7.245999813079834,1.0289994478225708,3.493664503097534,0.17304448783397675,0.5437785983085632,0.13376817107200623,0.28044450283050537
-18.0939998626709,7.245999813079834,1.1022498607635498,0.2525756061077118,0.1158563643693924,0.09168507158756256,-0.11614403128623962,0.14008717238903046
-18.0939998626709,8.246000289916992,0.9812812209129333,0.617130696773529,0.10784514993429184,2.507166862487793,0.09924936294555664,0.5618284344673157
-18.0939998626709,8.246000289916992,1.0433963537216187,3.9048569202423096,0.06029382720589638,0.07269276678562164,0.048610538244247437,0.3119752109050751
-18.0939998626709,8.246000289916992,1.1655700206756592,0.5125024914741516,0.08109516650438309,0.052081793546676636,-0.0579032227396965,0.12619636952877045
-18.0939998626709,9.246000289916992,1.155226230621338,1.0895174741744995,0.2500194311141968,2.53613018989563,0.10687913745641708,0.48805105686187744
-18.0939998626709,9.246000289916992,1.1662578582763672,4.078102111816406,0.05780164524912834,0.03281189873814583,-0.016088783740997314,0.3465701937675476
-18.0939998626709,9.246000289916992,1.248790979385376,0.6527832746505737,0.07101942598819733,0.023858509957790375,-0.143964484333992,0.16537873446941376
-18.0939998626709,10.246000289916992,1.2750614881515503,2.0078470706939697,0.34741243720054626,3.775634527206421,0.15067552030086517,0.36395278573036194
-18.0939998626709,10.246000289916992,1.231979250907898,4.135046005249023,0.07619495689868927,0.05029072239995003,0.043612755835056305,0.37957820296287537
-18.0939998626709,10.246000289916992,1.2652851343154907,0.7948020696640015,0.07114718854427338,0.02306368574500084,-0.11319751292467117,0.25646892189979553
-18.0939998626709,11.246000289916992,1.3546617031097412,5.018230438232422,0.6527952551841736,1.7600618600845337,0.16232998669147491,0.18558694422245026
-18.0939998626709,11.246000289916992,1.048011064529419,2.56072998046875,0.09294184297323227,0.4308376908302307,0.2169233113527298,0.63700932264328
-18.0939998626709,11.246000289916992,1.1774736642837524,0.43190234899520874,0.16636937856674194,0.0565696582198143,0.007176724728196859,0.17740371823310852
-18.0939998626709,12.246000289916992,0.8359818458557129,5.580297470092773,0.0939376950263977,2.005502700805664,0.18743844330310822,0.0916866883635521
-18.0939998626709,12.246000289916992,1.117455005645752,2.4587721824645996,0.09095872938632965,0.0746689960360527,-0.02398102730512619,0.9078913927078247
-18.0939998626709,12.246000289916992,1.0800074338912964,5.518399238586426,0.3569263815879822,1.0995187759399414,0.1270982325077057,0.00042184381163679063
-18.0939998626709,13.246000289916992,0.994481086730957,1.8289166688919067,0.10914631187915802,1.1605439186096191,0.07850993424654007,0.5761176347732544
-18.0939998626709,13.246000289916992,0.9518611431121826,2.1660268306732178,0.0872640609741211,0.060135290026664734,-0.29024583101272583,0.3898230493068695
-18.0939998626709,13.246000289916992,1.0990070104599,5.903726577758789,0.27745771408081055,0.344584196805954,0.16655920445919037,0.03405938297510147
-18.0939998626709,14.246000289916992,0.8370581865310669,2.8139827251434326,0.08616223186254501,1.1801382303237915,0.1405755877494812,0.11066070199012756
-18.0939998626709,14.246000289916992,0.8140271306037903,2.0107216835021973,0.06129081919789314,0.05323248729109764,0.1989823281764984,0.8888242840766907
-18.0939998626709,14.246000289916992,0.941456139087677,1.0642305612564087,0.9421914219856262,0.38252943754196167,0.4988571107387543,0.0005150096258148551
-18.0939998626709,15.246000289916992,0.701287031173706,3.463113307952881,0.11449840664863586,2.325793743133545,-0.13970717787742615,0.0035847139079123735
-18.0939998626709,15.246000289916992,0.7257609367370605,1.998578429222107,0.054717015475034714,0.14330986142158508,0.5506169199943542,0.9956732392311096
-18.0939998626709,15.246000289916992,0.7715041637420654,0.875185489654541,0.29685917496681213,0.2922426462173462,-0.16708438098430634,0.0007420615875162184
-18.0939998626709,16.246000289916992,1.1646270751953125,1.8991080522537231,0.8664630651473999,1.1456738710403442,0.10824977606534958,0.004207728896290064
-18.0939998626709,16.246000289916992,1.1170387268066406,2.333587169647217,0.07231637090444565,0.08952724188566208,-0.1349722445011139,0.9295057058334351
-18.0939998626709,16.246000289916992,1.2481627464294434,1.0485355854034424,0.2326657474040985,0.26617398858070374,-0.030694445595145226,0.06628651171922684
-18.0939998626709,17.246000289916992,0.9918640851974487,0.2232954502105713,0.15823954343795776,1.3657883405685425,-0.05963652953505516,0.021306753158569336
-18.0939998626709,17.246000289916992,1.1546305418014526,1.946094274520874,0.10688070207834244,0.0690094530582428,0.39824408292770386,0.9721419215202332
-18.0939998626709,17.246000289916992,1.0844236612319946,5.562403678894043,0.19788645207881927,0.1715957671403885,0.19190216064453125,0.0065512871369719505
-18.0939998626709,18.246000289916992,1.2943313121795654,2.363401412963867,1.4568842649459839,1.9373633861541748,-0.09624727815389633,0.010809337720274925
-18.0939998626709,18.246000289916992,1.1465387344360352,2.1787264347076416,0.09135866165161133,0.06616374105215073,0.1430688202381134,0.9803943634033203
-18.0939998626709,18.246000289916992,1.3010833263397217,0.5390220284461975,0.698570728302002,0.09718433022499084,0.24157364666461945,0.008796281181275845
-18.0939998626709,19.246000289916992,0.9256386756896973,5.22177791595459,0.09901626408100128,1.3508849143981934,-0.0050962804816663265,0.03495185077190399
-18.0939998626709,19.246000289916992,1.0478806495666504,1.9582747220993042,0.10137688368558884,0.07096970826387405,0.43020713329315186,0.9610593914985657
-18.0939998626709,19.246000289916992,1.172143816947937,6.233820915222168,0.25074303150177,0.13770656287670135,0.05342147499322891,0.003988735843449831
-18.0939998626709,20.246000289916992,1.2337921857833862,0.946273148059845,0.44549041986465454,2.033249855041504,0.0904216468334198,0.016246767714619637
-18.0939998626709,20.246000289916992,1.0571284294128418,2.324740171432495,0.11914654076099396,0.10803334414958954,0.2868252992630005,0.9827163219451904
-18.0939998626709,20.246000289916992,1.1035149097442627,5.455012321472168,0.21296977996826172,0.5625799894332886,0.15015675127506256,0.001036910922266543
-18.0939998626709,21.246000289916992,1.3261204957962036,1.4838087558746338,0.35328808426856995,1.4747843742370605,0.011916017159819603,0.014830099418759346
-18.0939998626709,21.246000289916992,1.009539008140564,2.223856210708618,0.1275724470615387,0.15102170407772064,0.22691841423511505,0.9840283989906311
-18.0939998626709,21.246000289916992,1.0071333646774292,5.449556350708008,0.17184153199195862,0.7868667244911194,0.0941649079322815,0.0011414879700168967
-18.0939998626709,22.246000289916992,1.2520591020584106,2.412950038909912,0.1368485540151596,0.835608959197998,-0.12164997309446335,0.013930399902164936
-18.0939998626709,22.246000289916992,1.0177611112594604,2.068864583969116,0.15719042718410492,0.18267348408699036,0.18912799656391144,0.9839988350868225
-18.0939998626709,22.246000289916992,0.9462985396385193,5.433847904205322,0.15188682079315186,0.8170771598815918,0.041414130479097366,0.002070751041173935
-17.0939998626709,-12.753999710083008,0.8019095659255981,4.621845245361328,0.3036947250366211,1.8985687494277954,0.11052803695201874,0.013896779157221317
-17.0939998626709,-12.753999710083008,0.6568720936775208,2.8140695095062256,0.069560706615448,0.37378019094467163,0.14213994145393372,0.022157393395900726
-17.0939998626709,-12.753999710083008,0.7444021105766296,4.659524440765381,0.037356793880462646,0.0981447845697403,0.0631503313779831,0.9639458060264587
-17.0939998626709,-11.753999710083008,0.8207506537437439,4.4242329597473145,0.08672823011875153,0.6462640762329102,0.10817954689264297,0.1854218691587448
-17.0939998626709,-11.753999710083008,0.5839213132858276,1.5017250776290894,0.05929776653647423,0.7660760283470154,-0.03346461057662964,0.00768011249601841
-17.0939998626709,-11.753999710083008,0.7603984475135803,5.173904895782471,0.02155129425227642,0.09559039026498795,-0.009102679789066315,0.8068979382514954
-17.0939998626709,-10.753999710083008,1.123560905456543,5.284276008605957,0.7303006649017334,0.9293420314788818,0.1494722217321396,0.07863865792751312
-17.0939998626709,-10.753999710083008,0.6212505102157593,1.7573370933532715,0.06973166763782501,1.5228670835494995,0.12277283519506454,0.08626411110162735
-17.0939998626709,-10.753999710083008,0.6722955107688904,4.884693145751953,0.030859965831041336,0.4086166322231293,-0.02625809796154499,0.8350971937179565
-17.0939998626709,-9.753999710083008,0.9483147263526917,3.8795459270477295,0.19840893149375916,1.6093194484710693,0.15920281410217285,0.5136536955833435
-17.0939998626709,-9.753999710083008,0.6030821800231934,1.38955819606781,0.025303713977336884,0.9054096937179565,-0.03992840275168419,0.32875367999076843
-17.0939998626709,-9.753999710083008,0.8076533675193787,4.606526851654053,0.050536688417196274,0.6568540930747986,0.2465791255235672,0.15759268403053284
-17.0939998626709,-8.753999710083008,1.1828770637512207,6.175839900970459,0.266914039850235,1.5333919525146484,0.08381551504135132,0.32581984996795654
-17.0939998626709,-8.753999710083008,0.7986208200454712,0.9365822672843933,0.0458143875002861,0.4140625596046448,-0.15403839945793152,0.338005006313324
-17.0939998626709,-8.753999710083008,0.9063403606414795,4.517324924468994,0.05560397356748581,0.4278031587600708,0.260554701089859,0.33617520332336426
-17.0939998626709,-7.754000186920166,1.0963112115859985,6.027461051940918,0.18988732993602753,1.2720977067947388,-0.035976655781269073,0.24840420484542847
-17.0939998626709,-7.754000186920166,0.8374800086021423,1.1803197860717773,0.06210852414369583,0.43055981397628784,-0.052322160452604294,0.1305864453315735
-17.0939998626709,-7.754000186920166,0.860886812210083,4.554391860961914,0.02841450273990631,0.1068200170993805,0.142007976770401,0.621009349822998
-17.0939998626709,-6.754000186920166,1.1204125881195068,4.783533096313477,0.1956048607826233,1.3520119190216064,0.07743582874536514,0.2777705490589142
-17.0939998626709,-6.754000186920166,0.8115804195404053,1.8380099534988403,0.07651137560606003,1.0780353546142578,0.10358740389347076,0.4457608759403229
-17.0939998626709,-6.754000186920166,1.0060796737670898,5.071057319641113,0.041828468441963196,0.29513251781463623,0.1244354322552681,0.2764686048030853
-17.0939998626709,-5.754000186920166,1.000118613243103,5.298482894897461,0.10144475847482681,1.034701943397522,0.0919698104262352,0.5412229895591736
-17.0939998626709,-5.754000186920166,0.858339786529541,3.1557061672210693,0.08028004318475723,0.9010003805160522,-0.12626557052135468,0.2613343894481659
-17.0939998626709,-5.754000186920166,1.0937309265136719,0.18709537386894226,0.08464715629816055,0.04666578769683838,-0.07441819459199905,0.1974426507949829
-17.0939998626709,-4.754000186920166,1.154000997543335,0.7661647796630859,0.21721376478672028,2.3584766387939453,0.13777576386928558,0.46482032537460327
-17.0939998626709,-4.754000186920166,1.0018253326416016,3.551536798477173,0.07329802215099335,0.2288784235715866,0.27752912044525146,0.20614628493785858
-17.0939998626709,-4.754000186920166,1.2763879299163818,0.28543585538864136,0.08704546838998795,0.020575610920786858,-0.02521725744009018,0.32903340458869934
-17.0939998626709,-3.753999948501587,1.1095870733261108,0.5501460433006287,0.10579994320869446,1.4629426002502441,0.13482464849948883,0.6252220273017883
-17.0939998626709,-3.753999948501587,1.0088711977005005,3.119541883468628,0.1084548830986023,0.8406167030334473,-0.06492796540260315,0.1542016565799713
-17.0939998626709,-3.753999948501587,1.125901222229004,0.701813817024231,0.0945710688829422,0.15465067327022552,0.05224384367465973,0.22057627141475677
-17.0939998626709,-2.753999948501587,1.0043915510177612,0.008073629811406136,0.07410768419504166,1.7730214595794678,0.09791021049022675,0.7918227314949036
-17.0939998626709,-2.753999948501587,0.8803920745849609,3.397244930267334,0.08357870578765869,1.6636852025985718,0.4259484112262726,0.097015380859375
-17.0939998626709,-2.753999948501587,1.0734288692474365,1.7493748664855957,0.08782403916120529,0.0747295692563057,-0.06443364173173904,0.11116184294223785
-17.0939998626709,-1.753999948501587,1.16328763961792,5.067157745361328,0.14077575504779816,1.5546014308929443,0.08325368911027908,0.449447900056839
-17.0939998626709,-1.753999948501587,0.8995935320854187,1.8441953659057617,0.05437514930963516,0.4641342759132385,0.10685324668884277,0.21241939067840576
-17.0939998626709,-1.753999948501587,1.058841586112976,1.558233618736267,0.06143050268292427,0.0788288414478302,-0.09553223103284836,0.33813273906707764
-17.0939998626709,-0.7540000081062317,1.1908994913101196,5.070459365844727,0.4440932273864746,1.275258183479309,0.29407981038093567,0.3014266788959503
-17.0939998626709,-0.7540000081062317,0.794084370136261,2.1669445037841797,0.07031615823507309,1.5915623903274536,-0.4669875502586365,0.35558080673217773
-17.0939998626709,-0.7540000081062317,0.694683313369751,4.154358863830566,0.025782940909266472,0.9396277666091919,0.26452872157096863,0.34299251437187195
-17.0939998626709,0.2460000067949295,1.0166308879852295,5.214477062225342,0.1116819903254509,1.6526708602905273,0.18170388042926788,0.37346798181533813
-17.0939998626709,0.2460000067949295,0.8887545466423035,2.1832549571990967,0.08670590072870255,0.2717970609664917,-0.31242650747299194,0.3061712682247162
-17.0939998626709,0.2460000067949295,1.0327244997024536,5.2949090003967285,0.1253243088722229,0.2119767665863037,-0.02387847565114498,0.3203606903553009
-17.0939998626709,1.246000051498413,1.1061768531799316,4.18955135345459,0.3582126796245575,1.7901324033737183,0.13020363450050354,0.05652415379881859
-17.0939998626709,1.246000051498413,0.9811395406723022,2.2574222087860107,0.09117520600557327,0.17194968461990356,-0.05118715763092041,0.31456929445266724
-17.0939998626709,1.246000051498413,0.8982595801353455,5.91528844833374,0.070996955037117,0.20524320006370544,-0.08769320696592331,0.6289065480232239
-17.0939998626709,2.246000051498413,1.068671464920044,6.120308876037598,0.46013006567955017,2.582460403442383,0.04849885776638985,0.33777758479118347
-17.0939998626709,2.246000051498413,0.8836492896080017,2.6127820014953613,0.09002222865819931,0.13683980703353882,0.0298025943338871,0.41193515062332153
-17.0939998626709,2.246000051498413,1.1095775365829468,5.925468444824219,0.11026979982852936,0.03367919847369194,0.08353754878044128,0.250287264585495
-17.0939998626709,3.246000051498413,1.0497642755508423,0.15094611048698425,0.2553996443748474,2.6290273666381836,0.04537872597575188,0.24200676381587982
-17.0939998626709,3.246000051498413,1.085877776145935,3.053309440612793,0.09282609075307846,0.127645343542099,-0.012907827273011208,0.40901362895965576
-17.0939998626709,3.246000051498413,1.2766056060791016,6.154812335968018,0.10735485702753067,0.023689543828368187,0.024528302252292633,0.3489795923233032
-17.0939998626709,4.245999813079834,1.067354440689087,6.212574005126953,0.18008095026016235,2.248133420944214,0.05768302455544472,0.19247590005397797
-17.0939998626709,4.245999813079834,1.1353960037231445,3.1086461544036865,0.07548237591981888,0.0756072998046875,0.03600631281733513,0.30419567227363586
-17.0939998626709,4.245999813079834,1.2584826946258545,6.250104904174805,0.0901467353105545,0.02643522061407566,-0.012977080419659615,0.5033283829689026
-17.0939998626709,5.245999813079834,1.1390713453292847,0.2291107177734375,0.2033095508813858,1.9379280805587769,0.07059880346059799,0.42989498376846313
-17.0939998626709,5.245999813079834,1.054742693901062,3.119922637939453,0.0845397338271141,0.14626936614513397,0.2256721556186676,0.29343053698539734
-17.0939998626709,5.245999813079834,1.2059634923934937,0.12831661105155945,0.09253421425819397,0.026950232684612274,0.008711063303053379,0.27667444944381714
-17.0939998626709,6.245999813079834,1.0189599990844727,0.19542677700519562,0.10563751310110092,1.809937834739685,0.07423026114702225,0.5162561535835266
-17.0939998626709,6.245999813079834,1.0563308000564575,3.296025037765503,0.0882633626461029,0.29351913928985596,0.21070390939712524,0.30540430545806885
-17.0939998626709,6.245999813079834,1.3656854629516602,0.026361748576164246,0.12364304065704346,0.034027859568595886,-0.04923573508858681,0.17833946645259857
-17.0939998626709,7.245999813079834,0.921809732913971,6.182218074798584,0.07052384316921234,1.4241169691085815,0.04213052615523338,0.6181396245956421
-17.0939998626709,7.245999813079834,0.9855597615242004,3.0477044582366943,0.1402083933353424,0.6747105717658997,0.17879429459571838,0.1769881546497345
-17.0939998626709,7.245999813079834,1.0879980325698853,0.2942271828651428,0.14330801367759705,0.14744244515895844,-0.07891026139259338,0.20487220585346222
-17.0939998626709,8.246000289916992,1.1444859504699707,1.1317890882492065,0.14868463575839996,2.3034284114837646,0.10960301011800766,0.7106003761291504
-17.0939998626709,8.246000289916992,1.037009596824646,3.7155354022979736,0.09480606019496918,0.573584258556366,0.06359042227268219,0.23464152216911316
-17.0939998626709,8.246000289916992,1.0854685306549072,0.6175515651702881,0.0890885517001152,0.1368853747844696,-0.021772990003228188,0.05475806072354317
-17.0939998626709,9.246000289916992,1.1448196172714233,0.6582111120223999,0.18238653242588043,2.178823471069336,0.08278139680624008,0.3733679950237274
-17.0939998626709,9.246000289916992,1.1085946559906006,3.5804309844970703,0.08664514124393463,0.452991247177124,0.09333761781454086,0.4711713194847107
-17.0939998626709,9.246000289916992,1.229381799697876,0.7032930254936218,0.09461437165737152,0.060508888214826584,-0.08739303797483444,0.1554606407880783
-17.0939998626709,10.246000289916992,1.2580434083938599,1.1119955778121948,0.263252854347229,3.4358181953430176,0.20274145901203156,0.3818818926811218
-17.0939998626709,10.246000289916992,1.2355672121047974,4.106611728668213,0.06792069226503372,0.08560136705636978,0.04325861111283302,0.4082317054271698
-17.0939998626709,10.246000289916992,1.2640935182571411,0.7807656526565552,0.0628913938999176,0.03460847958922386,-0.12832549214363098,0.20988643169403076
-17.0939998626709,11.246000289916992,1.3236849308013916,4.2742204666137695,0.32423150539398193,1.4438257217407227,0.09318023175001144,0.2709873914718628
-17.0939998626709,11.246000289916992,1.018965244293213,1.6423991918563843,0.1259492188692093,1.1239029169082642,0.05721521005034447,0.14608430862426758
-17.0939998626709,11.246000289916992,1.149552822113037,0.7730989456176758,0.0979098305106163,0.11151904612779617,-0.08991975337266922,0.5829282999038696
-17.0939998626709,12.246000289916992,1.1068021059036255,3.824047565460205,0.2450055629014969,0.9888980388641357,0.225128635764122,0.272760272026062
-17.0939998626709,12.246000289916992,0.9688671231269836,1.6147840023040771,0.10927577316761017,0.23502348363399506,-0.21988824009895325,0.5733910799026489
-17.0939998626709,12.246000289916992,1.0474332571029663,5.233643531799316,0.18833208084106445,0.6944474577903748,0.10882099717855453,0.1538485884666443
-17.0939998626709,13.246000289916992,1.0177030563354492,2.2528488636016846,0.15982423722743988,1.206883430480957,0.07971049845218658,0.2374105304479599
-17.0939998626709,13.246000289916992,1.0966479778289795,1.8357151746749878,0.09735109657049179,0.04630547761917114,-0.1436065137386322,0.7422192692756653
-17.0939998626709,13.246000289916992,1.2519241571426392,5.731266021728516,0.3539777398109436,0.30016621947288513,0.24075019359588623,0.020370252430438995
-17.0939998626709,14.246000289916992,1.0351202487945557,3.2014319896698,0.2984294891357422,1.426439642906189,0.07117215543985367,0.05570106953382492
-17.0939998626709,14.246000289916992,0.9455251097679138,1.9622611999511719,0.05331014096736908,0.03081202320754528,0.09143028408288956,0.940890371799469
-17.0939998626709,14.246000289916992,1.1143993139266968,1.085115671157837,0.7433526515960693,0.16149096190929413,0.3849688172340393,0.0034085141960531473
-17.0939998626709,15.246000289916992,0.734468936920166,2.959153890609741,0.17726868391036987,3.16420841217041,0.030252790078520775,0.002998193260282278
-17.0939998626709,15.246000289916992,0.7367669939994812,1.38364839553833,0.03362130746245384,0.09610386937856674,0.24722044169902802,0.9946948885917664
-17.0939998626709,15.246000289916992,0.6651623249053955,1.1059008836746216,0.13321232795715332,0.6188346743583679,-0.16674938797950745,0.0023068897426128387
-17.0939998626709,16.246000289916992,1.2723166942596436,2.1869938373565674,1.2005308866500854,0.9666894674301147,0.05034208670258522,0.0089378971606493
-17.0939998626709,16.246000289916992,1.1770603656768799,1.9085475206375122,0.08337466418743134,0.0762748196721077,0.16322751343250275,0.8703770041465759
-17.0939998626709,16.246000289916992,1.4650126695632935,1.3912807703018188,0.36957821249961853,0.12532059848308563,0.01393748540431261,0.12068503350019455
-17.0939998626709,17.246000289916992,1.0355024337768555,4.600886344909668,0.19778676331043243,1.62325119972229,-0.04056239128112793,0.010413236916065216
-17.0939998626709,17.246000289916992,1.1264210939407349,1.9651124477386475,0.0873020589351654,0.08430369943380356,0.4757079780101776,0.987694501876831
-17.0939998626709,17.246000289916992,1.0018833875656128,0.16799506545066833,0.1937931478023529,0.20421501994132996,0.0068403854966163635,0.0018922921735793352
-17.0939998626709,18.246000289916992,1.2334357500076294,1.5846738815307617,1.2818834781646729,1.9072927236557007,-0.02417043223977089,0.015816813334822655
-17.0939998626709,18.246000289916992,1.2223893404006958,2.099107027053833,0.12012531608343124,0.06490247696638107,0.00786274578422308,0.9764912724494934
-17.0939998626709,18.246000289916992,1.2873209714889526,0.608360767364502,0.44956329464912415,0.1380261927843094,0.07922105491161346,0.007691873237490654
-17.0939998626709,19.246000289916992,1.040834903717041,5.693166255950928,0.18825343251228333,1.6260466575622559,-0.003771512769162655,0.0725516751408577
-17.0939998626709,19.246000289916992,1.0150821208953857,2.058967351913452,0.11643294245004654,0.08767150342464447,0.2750663161277771,0.8901119232177734
-17.0939998626709,19.246000289916992,1.1083910465240479,6.107019424438477,0.15394525229930878,0.10330087691545486,0.018667832016944885,0.03733641281723976
-17.0939998626709,20.246000289916992,1.292960286140442,1.4863673448562622,0.950924277305603,1.9549062252044678,0.11250036954879761,0.010967964306473732
-17.0939998626709,20.246000289916992,0.988642692565918,2.2873988151550293,0.08421526849269867,0.09497865289449692,0.06211987882852554,0.9872933626174927
-17.0939998626709,20.246000289916992,1.0454963445663452,5.292217254638672,0.17717234790325165,0.3692548871040344,0.15075930953025818,0.0017386821564286947
-17.0939998626709,21.246000289916992,1.1277329921722412,0.8344990611076355,0.586934506893158,2.4213974475860596,0.06350327283143997,0.0009821648709475994
-17.0939998626709,21.246000289916992,0.9870989322662354,2.1201436519622803,0.09222114086151123,0.058871205896139145,0.07647419720888138,0.9956867098808289
-17.0939998626709,21.246000289916992,0.8959346413612366,5.09401798248291,0.17078109085559845,0.4759989082813263,0.2038838118314743,0.003331009764224291
-17.0939998626709,22.246000289916992,0.9551653861999512,6.006745338439941,0.2987004220485687,1.9826314449310303,0.0760294497013092,0.0008957330719567835
-17.0939998626709,22.246000289916992,0.9847100973129272,2.018002510070801,0.09567251801490784,0.05030430853366852,0.07217773050069809,0.990912914276123
-17.0939998626709,22.246000289916992,0.853828489780426,5.083436012268066,0.1489536166191101,0.2644198536872864,0.1892225295305252,0.00819137692451477
-17.0939998626709,23.246000289916992,0.8565911054611206,5.0536088943481445,0.20710815489292145,1.596977949142456,0.09110432863235474,0.0009221728541888297
-17.0939998626709,23.246000289916992,0.9738152623176575,1.8836467266082764,0.08831937611103058,0.051517970860004425,0.06384174525737762,0.9675489664077759
-17.0939998626709,23.246000289916992,0.8133295178413391,5.007660388946533,0.1178947165608406,0.1429375261068344,0.2042231410741806,0.031528912484645844
-16.0939998626709,-12.753999710083008,0.9170348048210144,5.253348350524902,0.36072874069213867,1.1803990602493286,0.046544089913368225,0.006931622512638569
-16.0939998626709,-12.753999710083008,0.5700392723083496,2.217355966567993,0.1105276420712471,0.8326990008354187,0.21787405014038086,0.0004541561647783965
-16.0939998626709,-12.753999710083008,0.6514899134635925,4.831576347351074,0.019759198650717735,0.08122777193784714,0.05503031611442566,0.9926142692565918
-16.0939998626709,-11.753999710083008,0.916269838809967,4.667864799499512,0.23122957348823547,0.7592007517814636,0.11371059715747833,0.07968392223119736
-16.0939998626709,-11.753999710083008,0.6585288047790527,1.8251606225967407,0.06125212088227272,0.2551131546497345,-0.0471615195274353,0.008725089952349663
-16.0939998626709,-11.753999710083008,0.7953599691390991,4.646341800689697,0.030597254633903503,0.07811892777681351,0.06951508671045303,0.9115909934043884
-16.0939998626709,-10.753999710083008,1.1046628952026367,4.558460235595703,0.3315272629261017,0.7447865009307861,0.2080542892217636,0.054802924394607544
-16.0939998626709,-10.753999710083008,0.6494112014770508,1.8250242471694946,0.07028692215681076,0.8490851521492004,0.19124336540699005,0.022685758769512177
-16.0939998626709,-10.753999710083008,0.7325714230537415,4.902914047241211,0.028482280671596527,0.10308361053466797,0.023057986050844193,0.9225113391876221
-16.0939998626709,-9.753999710083008,0.9503366351127625,5.443265438079834,0.1252165585756302,1.2744603157043457,0.006353648845106363,0.21030841767787933
-16.0939998626709,-9.753999710083008,0.6776526570320129,1.8841191530227661,0.04877568781375885,0.6230785846710205,-0.1862613707780838,0.07631000876426697
-16.0939998626709,-9.753999710083008,0.8246617317199707,4.258501052856445,0.03604916110634804,0.34037768840789795,0.1494675874710083,0.7133815288543701
-16.0939998626709,-8.753999710083008,1.1696114540100098,5.395217418670654,0.2708517014980316,1.7474474906921387,0.015287129208445549,0.3409031629562378
-16.0939998626709,-8.753999710083008,0.8249269723892212,1.4158552885055542,0.046250101178884506,0.2123853862285614,-0.22538286447525024,0.28457000851631165
-16.0939998626709,-8.753999710083008,0.8895719647407532,4.435671806335449,0.054806556552648544,0.45261430740356445,0.057869985699653625,0.3745267689228058
-16.0939998626709,-7.754000186920166,0.9729296565055847,0.08141809701919556,0.1652761995792389,1.3939286470413208,-0.09868819266557693,0.6075641512870789
-16.0939998626709,-7.754000186920166,0.7218169569969177,1.6676386594772339,0.06995288282632828,0.5656341314315796,-0.023752450942993164,0.2238023579120636
-16.0939998626709,-7.754000186920166,0.8675992488861084,4.485238075256348,0.0513787716627121,0.1556423306465149,0.1478574275970459,0.16863349080085754
-16.0939998626709,-6.754000186920166,1.2882399559020996,5.260695457458496,0.6497975587844849,1.297174334526062,0.05104696378111839,0.06539364159107208
-16.0939998626709,-6.754000186920166,0.896361231803894,1.5905858278274536,0.04661256819963455,0.5714725852012634,0.022881487384438515,0.49832814931869507
-16.0939998626709,-6.754000186920166,0.9724822640419006,4.800316333770752,0.017895469442009926,0.5731416940689087,0.13973881304264069,0.43627819418907166
-16.0939998626709,-5.754000186920166,1.226542592048645,4.7957682609558105,0.2311391681432724,1.591478705406189,0.1836644858121872,0.5305324792861938
-16.0939998626709,-5.754000186920166,0.9362198710441589,2.999379873275757,0.09535689651966095,0.8985044956207275,-0.17682848870754242,0.4004799425601959
-16.0939998626709,-5.754000186920166,0.9726980924606323,6.2503838539123535,0.06151318922638893,0.3675343692302704,-0.15097443759441376,0.06898758560419083
-16.0939998626709,-4.754000186920166,1.0695555210113525,0.12331684678792953,0.10878597944974899,2.192301034927368,0.08677602559328079,0.5303748250007629
-16.0939998626709,-4.754000186920166,0.977322518825531,3.2816436290740967,0.08666927367448807,0.5292349457740784,0.16491608321666718,0.2547767460346222
-16.0939998626709,-4.754000186920166,1.3187401294708252,0.09505828469991684,0.12494552880525589,0.02399020455777645,0.00684547470882535,0.21484845876693726
-16.0939998626709,-3.753999948501587,1.0976848602294922,5.080774784088135,0.2207510769367218,1.4783122539520264,0.2970460057258606,0.5476400256156921
-16.0939998626709,-3.753999948501587,0.8810476064682007,2.1360952854156494,0.05774115025997162,0.16695229709148407,-0.18984919786453247,0.3887791931629181
-16.0939998626709,-3.753999948501587,1.0244638919830322,0.5099323987960815,0.1472630351781845,0.1878012716770172,-0.025756990537047386,0.06358078122138977
-16.0939998626709,-2.753999948501587,1.1725757122039795,5.288269519805908,0.21882739663124084,1.599960446357727,0.26193276047706604,0.3335990309715271
-16.0939998626709,-2.753999948501587,0.8923588395118713,1.9522310495376587,0.04787071421742439,0.42811471223831177,-0.17760872840881348,0.4933888912200928
-16.0939998626709,-2.753999948501587,0.8954284191131592,0.720929741859436,0.053032465279102325,0.21385708451271057,-0.028718046844005585,0.17301200330257416
-16.0939998626709,-1.753999948501587,1.146178960800171,5.152614593505859,0.14948350191116333,1.7342983484268188,0.010726569220423698,0.430010586977005
-16.0939998626709,-1.753999948501587,0.904451310634613,1.8840341567993164,0.043142687529325485,0.2639889717102051,-0.05076845362782478,0.36774012446403503
-16.0939998626709,-1.753999948501587,0.8613691926002502,1.4720944166183472,0.03650590404868126,0.11030969023704529,-0.1715715527534485,0.20224925875663757
-16.0939998626709,-0.7540000081062317,1.1186087131500244,6.076024532318115,0.18827146291732788,1.1118736267089844,0.20284686982631683,0.5889886021614075
-16.0939998626709,-0.7540000081062317,0.8756204843521118,1.7123535871505737,0.11455143243074417,0.536987841129303,0.11016754806041718,0.20633257925510406
-16.0939998626709,-0.7540000081062317,0.9414007663726807,5.649837970733643,0.10660548508167267,0.17914879322052002,0.13420924544334412,0.20467880368232727
-16.0939998626709,0.2460000067949295,1.0627542734146118,5.801710605621338,0.17843687534332275,1.437556505203247,-0.022736888378858566,0.24116894602775574
-16.0939998626709,0.2460000067949295,0.916230320930481,2.0899384021759033,0.05433787778019905,0.1343909651041031,-0.2804839611053467,0.2739630937576294
-16.0939998626709,0.2460000067949295,0.9440712928771973,4.94740629196167,0.06208181753754616,0.3363300561904907,-0.04382418841123581,0.4848678708076477
-16.0939998626709,1.246000051498413,1.2142434120178223,4.233517169952393,0.660485029220581,2.7481813430786133,0.1403859704732895,0.08252403885126114
-16.0939998626709,1.246000051498413,1.0185372829437256,2.562077283859253,0.10197647660970688,0.1216803714632988,0.11797334998846054,0.41228026151657104
-16.0939998626709,1.246000051498413,0.800346314907074,5.59740686416626,0.05103805661201477,0.1822536140680313,-0.07989101856946945,0.505195677280426
-16.0939998626709,2.246000051498413,1.0086636543273926,5.967532634735107,0.19860176742076874,2.4673984050750732,0.07573819160461426,0.4500553011894226
-16.0939998626709,2.246000051498413,0.9984815120697021,2.858175039291382,0.09872885793447495,0.11663935333490372,0.010943429544568062,0.21897652745246887
-16.0939998626709,2.246000051498413,1.2481298446655273,6.126669406890869,0.10728692263364792,0.020386461168527603,0.02561597339808941,0.33096808195114136
-16.0939998626709,3.246000051498413,1.075552225112915,0.11409536004066467,0.2520207464694977,2.920762062072754,-0.014868340454995632,0.20523867011070251
-16.0939998626709,3.246000051498413,1.1844401359558105,3.01495099067688,0.08934231102466583,0.07095800340175629,-0.07688545435667038,0.3584355413913727
-16.0939998626709,3.246000051498413,1.267507553100586,6.203024864196777,0.08648927509784698,0.013730050064623356,-0.020068468526005745,0.4363257586956024
-16.0939998626709,4.245999813079834,1.1315714120864868,0.37005582451820374,0.24166804552078247,1.9729540348052979,0.04403472691774368,0.1588858664035797
-16.0939998626709,4.245999813079834,1.1376633644104004,3.0613324642181396,0.07167553156614304,0.08167317509651184,0.015845900401473045,0.3536483645439148
-16.0939998626709,4.245999813079834,1.2561020851135254,6.277230739593506,0.07404350489377975,0.0190708227455616,-0.03260592371225357,0.4874657392501831
-16.0939998626709,5.245999813079834,1.124157428741455,6.094590187072754,0.12365414947271347,1.6555732488632202,0.05382697656750679,0.47294315695762634
-16.0939998626709,5.245999813079834,1.0342564582824707,3.039029598236084,0.09797678142786026,0.22829748690128326,0.2051965892314911,0.3250996470451355
-16.0939998626709,5.245999813079834,1.2549830675125122,0.11479988694190979,0.10803839564323425,0.03183148056268692,-0.06249319016933441,0.20195718109607697
-16.0939998626709,6.245999813079834,1.0511565208435059,5.851009368896484,0.08831235021352768,1.541782021522522,0.1008802279829979,0.5308877229690552
-16.0939998626709,6.245999813079834,1.0720418691635132,3.1372408866882324,0.09783703088760376,0.3709642291069031,0.2476821094751358,0.29116156697273254
-16.0939998626709,6.245999813079834,1.326098084449768,0.1520143747329712,0.11504809558391571,0.03453218936920166,0.037821874022483826,0.1779506802558899
-16.0939998626709,7.245999813079834,1.1612164974212646,5.219066143035889,0.2383141815662384,1.7415765523910522,0.06557203829288483,0.3695979714393616
-16.0939998626709,7.245999813079834,0.9226511716842651,2.4020187854766846,0.07520657777786255,0.5432232618331909,0.2825365960597992,0.3380599915981293
-16.0939998626709,7.245999813079834,1.0100996494293213,0.5797544121742249,0.09655744582414627,0.13165973126888275,-0.03301859647035599,0.2923419773578644
-16.0939998626709,8.246000289916992,1.1900932788848877,6.158499240875244,0.46704190969467163,2.0194506645202637,0.29980674386024475,0.19582581520080566
-16.0939998626709,8.246000289916992,0.8024033904075623,2.657487392425537,0.06412333995103836,1.4871479272842407,0.14166465401649475,0.706613302230835
-16.0939998626709,8.246000289916992,0.8672577142715454,5.497209072113037,0.05663365125656128,0.6483441591262817,0.25625374913215637,0.09756086766719818
-16.0939998626709,9.246000289916992,1.1260344982147217,5.7851409912109375,0.12453457713127136,1.8180378675460815,0.17890727519989014,0.3281186819076538
-16.0939998626709,9.246000289916992,1.008692979812622,2.5280606746673584,0.08377110213041306,1.180324912071228,0.21472503244876862,0.6254521608352661
-16.0939998626709,9.246000289916992,1.128606915473938,5.7791218757629395,0.0847180187702179,0.36983832716941833,0.073548324406147,0.046429239213466644
-16.0939998626709,10.246000289916992,1.05318021774292,1.3076874017715454,0.1368701457977295,2.4206180572509766,0.10385077446699142,0.4138144850730896
-16.0939998626709,10.246000289916992,1.1116544008255005,3.9559133052825928,0.0927230641245842,0.3216158449649811,0.14508803188800812,0.454719603061676
-16.0939998626709,10.246000289916992,1.2097735404968262,0.8157286643981934,0.08679572492837906,0.08505938947200775,-0.20910894870758057,0.13146591186523438
-16.0939998626709,11.246000289916992,1.3138020038604736,3.778294563293457,0.27651748061180115,0.7258912324905396,0.1918056756258011,0.2344149351119995
-16.0939998626709,11.246000289916992,1.0483980178833008,1.1928191184997559,0.07942210882902145,0.5009981989860535,0.03094329871237278,0.3382163345813751
-16.0939998626709,11.246000289916992,1.1907068490982056,0.6661423444747925,0.1484414041042328,0.2826237678527832,0.07410698384046555,0.42736873030662537
-16.0939998626709,12.246000289916992,1.268665075302124,4.10658073425293,0.40855592489242554,0.6300959587097168,0.1550494134426117,0.16410762071609497
-16.0939998626709,12.246000289916992,0.9893206357955933,1.0558381080627441,0.11294704675674438,0.09249252825975418,-0.3378693759441376,0.7435399293899536
-16.0939998626709,12.246000289916992,1.0675965547561646,4.7930097579956055,0.22091040015220642,2.663909673690796,0.1736758053302765,0.09235244989395142
-16.0939998626709,13.246000289916992,1.1701421737670898,2.1774797439575195,0.5288394689559937,1.8275816440582275,0.3035494387149811,0.04408253729343414
-16.0939998626709,13.246000289916992,1.0868580341339111,1.2895809412002563,0.08444424718618393,0.11025284975767136,-0.09076697379350662,0.9486492276191711
-16.0939998626709,13.246000289916992,1.0469963550567627,5.526137351989746,0.25135260820388794,0.7476779818534851,0.26601797342300415,0.007268255110830069
-16.0939998626709,14.246000289916992,1.2413667440414429,2.1352386474609375,2.1534013748168945,1.8743067979812622,0.12625667452812195,0.02204814925789833
-16.0939998626709,14.246000289916992,1.0442211627960205,1.6181750297546387,0.05057787522673607,0.08768250048160553,-0.2355857789516449,0.789973795413971
-16.0939998626709,14.246000289916992,1.2427337169647217,0.9721969962120056,0.24591995775699615,0.09431390464305878,0.023509761318564415,0.18797798454761505
-16.0939998626709,15.246000289916992,1.0877292156219482,0.8502485752105713,0.6564151644706726,1.7621206045150757,0.16457125544548035,0.008985617198050022
-16.0939998626709,15.246000289916992,0.8779531717300415,1.396729588508606,0.02620725892484188,0.13301803171634674,-0.1082676351070404,0.8501288890838623
-16.0939998626709,15.246000289916992,1.0303699970245361,1.5248774290084839,0.1965259313583374,0.28742289543151855,0.026095179840922356,0.14088544249534607
-16.0939998626709,16.246000289916992,1.3506368398666382,0.9686840176582336,1.118368148803711,1.0358257293701172,0.06780314445495605,0.016425026580691338
-16.0939998626709,16.246000289916992,1.0832092761993408,1.845348834991455,0.07813608646392822,0.2058301419019699,0.24093158543109894,0.9567139148712158
-16.0939998626709,16.246000289916992,1.2473217248916626,0.9488822817802429,0.36168810725212097,0.09698908776044846,0.15499579906463623,0.026861069723963737
-16.0939998626709,17.246000289916992,1.4853681325912476,4.757565975189209,1.7645330429077148,3.155402421951294,0.14372722804546356,0.0021428174804896116
-16.0939998626709,17.246000289916992,1.1991424560546875,1.9765044450759888,0.07860071212053299,0.09290938824415207,0.21215474605560303,0.9907863140106201
-16.0939998626709,17.246000289916992,1.1299039125442505,0.9293832182884216,0.1653997302055359,0.19554845988750458,-0.12136568129062653,0.0070709846913814545
-16.0939998626709,18.246000289916992,1.0675482749938965,5.263627529144287,0.27532336115837097,2.061864137649536,0.23839789628982544,0.023058518767356873
-16.0939998626709,18.246000289916992,1.1275434494018555,1.9711192846298218,0.09182783961296082,0.13102108240127563,0.032767295837402344,0.9748262763023376
-16.0939998626709,18.246000289916992,1.1416553258895874,6.248627662658691,0.23729194700717926,0.34172242879867554,0.11244472116231918,0.00211525522172451
-16.0939998626709,19.246000289916992,1.2398500442504883,0.42262837290763855,0.5746181011199951,1.5923086404800415,0.16003693640232086,0.07201999425888062
-16.0939998626709,19.246000289916992,1.0304898023605347,1.9736645221710205,0.11038161814212799,0.10441242903470993,0.08336857706308365,0.8919719457626343
-16.0939998626709,19.246000289916992,1.0187164545059204,6.149989128112793,0.10915474593639374,0.16441361606121063,0.06459474563598633,0.03600805625319481
-16.0939998626709,20.246000289916992,1.0589014291763306,1.8451067209243774,0.2740509510040283,1.3972177505493164,0.07566534727811813,0.04328501224517822
-16.0939998626709,20.246000289916992,1.035183072090149,1.8119937181472778,0.0918005183339119,0.06785827875137329,0.07533089816570282,0.953294575214386
-16.0939998626709,20.246000289916992,1.0407730340957642,4.890624523162842,0.1991559863090515,0.4646802246570587,0.10427768528461456,0.0034203948453068733
-16.0939998626709,21.246000289916992,1.05265474319458,0.9989439249038696,0.45790809392929077,2.302847146987915,0.08082260936498642,0.005762440152466297
-16.0939998626709,21.246000289916992,0.9781813621520996,1.7782137393951416,0.0905827134847641,0.06361892819404602,0.1585831344127655,0.993305504322052
-16.0939998626709,21.246000289916992,0.9777125120162964,4.566341400146484,0.41309356689453125,1.2436238527297974,0.1614169329404831,0.0009320417302660644
-16.0939998626709,22.246000289916992,0.944139301776886,1.4161970615386963,0.431143194437027,2.7280433177948,0.047123633325099945,0.001082499627955258
-16.0939998626709,22.246000289916992,0.9543144106864929,1.6808050870895386,0.08083348721265793,0.04749542102217674,0.14924904704093933,0.9987521171569824
-16.0939998626709,22.246000289916992,0.9476228356361389,4.44771146774292,0.6081586480140686,1.3906114101409912,0.19596514105796814,0.00016533560119569302
-16.0939998626709,23.246000289916992,0.9048570394515991,1.0379619598388672,0.6162123084068298,3.3300249576568604,0.057868920266628265,0.00021620900952257216
-16.0939998626709,23.246000289916992,0.932819664478302,1.5988328456878662,0.07152190059423447,0.0400967039167881,0.1450187712907791,0.9997380375862122
-16.0939998626709,23.246000289916992,0.9128432273864746,4.299891948699951,0.6997819542884827,1.6052920818328857,0.22518876194953918,4.5746463001705706e-05
-16.0939998626709,24.246000289916992,0.8755654096603394,0.6724308133125305,0.8288255333900452,3.96695613861084,0.06839130818843842,7.467928662663326e-05
-16.0939998626709,24.246000289916992,0.900051474571228,1.5248997211456299,0.0655321329832077,0.03685346618294716,0.13867272436618805,0.9999009370803833
-16.0939998626709,24.246000289916992,0.8857676386833191,4.188237190246582,0.7759813070297241,1.5461316108703613,0.24180512130260468,2.4312563255080022e-05
-15.093999862670898,-12.753999710083008,0.875029981136322,5.257091045379639,0.24308179318904877,1.423157811164856,0.09179305285215378,0.08914223313331604
-15.093999862670898,-12.753999710083008,0.6135760545730591,2.422100067138672,0.10853484272956848,0.2859824299812317,0.21530787646770477,0.007904919795691967
-15.093999862670898,-12.753999710083008,0.719801664352417,4.924530029296875,0.03899414464831352,0.07082116603851318,0.0886155366897583,0.9029528498649597
-15.093999862670898,-11.753999710083008,0.9930555820465088,4.963396072387695,0.34644615650177,0.7649715542793274,0.11029572784900665,0.07020843774080276
-15.093999862670898,-11.753999710083008,0.652614176273346,1.4227447509765625,0.05780899152159691,0.18308793008327484,-0.07608066499233246,0.005530883092433214
-15.093999862670898,-11.753999710083008,0.7016586661338806,4.621672630310059,0.02293575368821621,0.09412644058465958,0.06376808136701584,0.9242606163024902
-15.093999862670898,-10.753999710083008,1.1499004364013672,5.605251789093018,0.49205681681632996,0.7868741154670715,0.21999187767505646,0.015583235770463943
-15.093999862670898,-10.753999710083008,0.6265472173690796,1.6026943922042847,0.07799174636602402,1.2459570169448853,0.15729321539402008,0.0066567519679665565
-15.093999862670898,-10.753999710083008,0.6870274543762207,4.849129676818848,0.018413936719298363,0.09941138327121735,0.09279636293649673,0.9777600169181824
-15.093999862670898,-9.753999710083008,0.9199046492576599,5.096381187438965,0.09167737513780594,1.019176959991455,-0.018236299976706505,0.17537564039230347
-15.093999862670898,-9.753999710083008,0.5887539386749268,1.7429839372634888,0.04636010527610779,0.5952123403549194,-0.05728018656373024,0.07571670413017273
-15.093999862670898,-9.753999710083008,0.7398049831390381,4.375222682952881,0.027685053646564484,0.3038333058357239,0.1737879365682602,0.7489076256752014
-15.093999862670898,-8.753999710083008,1.059796690940857,5.171783447265625,0.10990675538778305,1.8180166482925415,0.02924950420856476,0.5489019751548767
-15.093999862670898,-8.753999710083008,0.8595436215400696,1.8265550136566162,0.07717487961053848,0.3140314817428589,-0.21278080344200134,0.17509889602661133
-15.093999862670898,-8.753999710083008,0.8829286694526672,4.464550971984863,0.05850978195667267,0.3491148054599762,0.03244493529200554,0.2759990692138672
-15.093999862670898,-7.754000186920166,0.9764598608016968,5.718326568603516,0.09438923746347427,1.3334519863128662,-0.0517672598361969,0.7713839411735535
-15.093999862670898,-7.754000186920166,0.7792452573776245,1.5603764057159424,0.07295998930931091,0.55205899477005,-0.0661679282784462,0.12390146404504776
-15.093999862670898,-7.754000186920166,0.9075391888618469,4.507857322692871,0.053731728345155716,0.1719091534614563,0.13274793326854706,0.10471461713314056
-15.093999862670898,-6.754000186920166,1.3212097883224487,6.083984851837158,0.6060091853141785,1.4113974571228027,0.11786394566297531,0.07215239852666855
-15.093999862670898,-6.754000186920166,0.9377565383911133,1.6529150009155273,0.05075741186738014,0.6000329256057739,0.02604416012763977,0.6027984023094177
-15.093999862670898,-6.754000186920166,1.0341416597366333,5.013610363006592,0.031410735100507736,0.8567540049552917,0.1460520327091217,0.32504913210868835
-15.093999862670898,-5.754000186920166,1.146711826324463,4.205461502075195,0.2402021437883377,1.2351713180541992,0.23986026644706726,0.2477795034646988
-15.093999862670898,-5.754000186920166,0.8341066837310791,1.858947992324829,0.05072315037250519,0.8769076466560364,-0.20863762497901917,0.7329970002174377
-15.093999862670898,-5.754000186920166,0.9390376210212708,0.03391671180725098,0.08493185043334961,1.212476134300232,0.03162389621138573,0.019223535433411598
-15.093999862670898,-4.754000186920166,1.1513426303863525,5.186985492706299,0.10937080532312393,1.2344611883163452,0.21604368090629578,0.4643023908138275
-15.093999862670898,-4.754000186920166,1.044630765914917,2.6946234703063965,0.1155281811952591,0.9056889414787292,0.2567247152328491,0.24901849031448364
-15.093999862670898,-4.754000186920166,1.334472894668579,0.08720381557941437,0.0961063876748085,0.017444193363189697,0.019964132457971573,0.28667908906936646
-15.093999862670898,-3.753999948501587,1.1849802732467651,4.856665134429932,0.24989059567451477,0.8331501483917236,0.25423863530158997,0.6224429607391357
-15.093999862670898,-3.753999948501587,0.9228246212005615,1.6748040914535522,0.06116176396608353,0.2253722995519638,-0.18981994688510895,0.3021773397922516
-15.093999862670898,-3.753999948501587,1.069288730621338,0.22917112708091736,0.1152796670794487,0.18589818477630615,0.0014176180120557547,0.07537976652383804
-15.093999862670898,-2.753999948501587,1.1139640808105469,5.318539619445801,0.1567820906639099,1.7403879165649414,0.2642728388309479,0.417183518409729
-15.093999862670898,-2.753999948501587,0.9766392707824707,2.2793776988983154,0.06854739040136337,0.19862934947013855,-0.2772572934627533,0.47244417667388916
-15.093999862670898,-2.753999948501587,0.9099934101104736,0.43271327018737793,0.05739642307162285,0.16796262562274933,-0.0168429147452116,0.11037241667509079
-15.093999862670898,-1.753999948501587,1.1195731163024902,5.098602294921875,0.13884378969669342,1.5144109725952148,0.09054873138666153,0.8730250597000122
-15.093999862670898,-1.753999948501587,0.9402906894683838,2.0622942447662354,0.055863380432128906,0.19102942943572998,-0.1213567778468132,0.09093651175498962
-15.093999862670898,-1.753999948501587,0.925767183303833,1.0427601337432861,0.06153976917266846,0.18681630492210388,-0.017587685957551003,0.03603840246796608
-15.093999862670898,-0.7540000081062317,1.2234324216842651,5.115074157714844,0.22971060872077942,1.0078929662704468,0.16101601719856262,0.6067323684692383
-15.093999862670898,-0.7540000081062317,0.9572834372520447,1.589169979095459,0.10515934228897095,0.6663070321083069,0.2560393810272217,0.28187084197998047
-15.093999862670898,-0.7540000081062317,1.0089945793151855,5.715809345245361,0.14458435773849487,0.3022560477256775,0.11997917294502258,0.11139681190252304
-15.093999862670898,0.2460000067949295,1.3005037307739258,5.61881160736084,0.4138749837875366,1.3653205633163452,0.0025277973618358374,0.4437654912471771
-15.093999862670898,0.2460000067949295,0.9344509840011597,1.8074737787246704,0.056753844022750854,0.3670758605003357,-0.2310948520898819,0.33808112144470215
-15.093999862670898,0.2460000067949295,0.9144050478935242,4.8302001953125,0.045760735869407654,0.5334635972976685,0.005757215898483992,0.2181534767150879
-15.093999862670898,1.246000051498413,1.1763854026794434,5.019852638244629,0.4289367198944092,1.769741177558899,0.028798488900065422,0.2512228190898895
-15.093999862670898,1.246000051498413,0.930504322052002,2.1785881519317627,0.07474200427532196,0.2603667378425598,0.26074203848838806,0.46429386734962463
-15.093999862670898,1.246000051498413,0.8466405272483826,6.178903579711914,0.04451803117990494,0.21632957458496094,-0.0957314595580101,0.2844833433628082
-15.093999862670898,2.246000051498413,0.9757642149925232,0.22119900584220886,0.15373151004314423,2.4453299045562744,0.04817339405417442,0.4349862039089203
-15.093999862670898,2.246000051498413,1.0739103555679321,2.988939046859741,0.09641975909471512,0.09211886674165726,0.0380961112678051,0.22157004475593567
-15.093999862670898,2.246000051498413,1.227353572845459,6.161279678344727,0.08987203240394592,0.022056488320231438,-0.03061572276055813,0.34344375133514404
-15.093999862670898,3.246000051498413,1.1337103843688965,5.928121089935303,0.2773435711860657,2.6380016803741455,0.017918922007083893,0.19455450773239136
-15.093999862670898,3.246000051498413,1.2555972337722778,3.0390703678131104,0.08748001605272293,0.04934370890259743,-0.07686032354831696,0.3869558572769165
-15.093999862670898,3.246000051498413,1.3317532539367676,6.24647855758667,0.08353646844625473,0.01243146974593401,-0.023897308856248856,0.41848963499069214
-15.093999862670898,4.245999813079834,1.1249010562896729,0.06557460129261017,0.22278983891010284,2.086143970489502,0.05451957508921623,0.16646316647529602
-15.093999862670898,4.245999813079834,1.1210709810256958,3.0075039863586426,0.07239231467247009,0.07064204663038254,0.030235959216952324,0.3028651177883148
-15.093999862670898,4.245999813079834,1.2315592765808105,6.2448649406433105,0.07221260666847229,0.019163722172379494,-0.03207113966345787,0.5306717157363892
-15.093999862670898,5.245999813079834,1.1287074089050293,6.013113021850586,0.12838582694530487,1.847556233406067,0.07584496587514877,0.45580658316612244
-15.093999862670898,5.245999813079834,1.031347393989563,3.0303688049316406,0.09791510552167892,0.2528316378593445,0.13133539259433746,0.3007654845714569
-15.093999862670898,5.245999813079834,1.2381634712219238,0.07374748587608337,0.09597726911306381,0.03540173918008804,-0.072310671210289,0.24342787265777588
-15.093999862670898,6.245999813079834,1.0855395793914795,5.823643207550049,0.10142608731985092,1.4354861974716187,0.08639433234930038,0.3608000874519348
-15.093999862670898,6.245999813079834,1.0880317687988281,3.0231499671936035,0.09849687665700912,0.38340437412261963,0.2554556429386139,0.36071234941482544
-15.093999862670898,6.245999813079834,1.3292995691299438,0.04614219069480896,0.10526491701602936,0.037910569459199905,0.026826584711670876,0.27848750352859497
-15.093999862670898,7.245999813079834,1.1599807739257812,5.456947326660156,0.2216053009033203,1.8052124977111816,0.030072081834077835,0.3794274628162384
-15.093999862670898,7.245999813079834,0.9872494339942932,2.6812140941619873,0.07322267442941666,0.30365970730781555,0.3013041019439697,0.3583785593509674
-15.093999862670898,7.245999813079834,0.985745906829834,0.22275462746620178,0.07438799738883972,0.11305136233568192,0.017688563093543053,0.2621939480304718
-15.093999862670898,8.246000289916992,1.2714511156082153,0.4857783019542694,1.0043336153030396,2.2037222385406494,0.19645237922668457,0.0797625184059143
-15.093999862670898,8.246000289916992,1.0236963033676147,2.178861379623413,0.09079724550247192,0.37250927090644836,0.18741388618946075,0.5270112156867981
-15.093999862670898,8.246000289916992,1.0554940700531006,5.176968097686768,0.06042102351784706,0.3479977548122406,0.28964242339134216,0.39322629570961
-15.093999862670898,9.246000289916992,1.2272089719772339,5.636999607086182,0.23984579741954803,2.0750484466552734,0.10837515443563461,0.25444257259368896
-15.093999862670898,9.246000289916992,1.0274966955184937,1.815527081489563,0.061947714537382126,0.4652352035045624,0.18939165771007538,0.36947810649871826
-15.093999862670898,9.246000289916992,1.0090726613998413,4.8036088943481445,0.030127326026558876,0.2999710440635681,0.2188217043876648,0.3760792911052704
-15.093999862670898,10.246000289916992,1.0105897188186646,0.544103741645813,0.16497626900672913,2.2057580947875977,0.0615452341735363,0.1453574299812317
-15.093999862670898,10.246000289916992,1.0619245767593384,3.7342894077301025,0.08912745118141174,0.4243272840976715,0.23363995552062988,0.6440908908843994
-15.093999862670898,10.246000289916992,1.223567247390747,0.7445887923240662,0.11408092826604843,0.10915979743003845,-0.21978838741779327,0.21055172383785248
-15.093999862670898,11.246000289916992,1.282387375831604,3.4564626216888428,0.3253471255302429,0.5493552088737488,0.25540417432785034,0.3555518090724945
-15.093999862670898,11.246000289916992,0.9935302138328552,0.9922704696655273,0.0897686630487442,0.3335586190223694,-0.1658901572227478,0.31721004843711853
-15.093999862670898,11.246000289916992,1.0956882238388062,6.255897521972656,0.1391071081161499,0.7330732345581055,0.14004823565483093,0.32723814249038696
-15.093999862670898,12.246000289916992,1.3837034702301025,3.4599430561065674,0.5794353485107422,0.5491213798522949,0.12303775548934937,0.1303948611021042
-15.093999862670898,12.246000289916992,1.0256832838058472,0.8885550498962402,0.09737400710582733,0.07098595798015594,-0.36989542841911316,0.6114084124565125
-15.093999862670898,12.246000289916992,1.0448309183120728,4.351839542388916,0.14661866426467896,2.70307993888855,0.20594890415668488,0.2581966817378998
-15.093999862670898,13.246000289916992,1.365251064300537,5.513444423675537,1.4957784414291382,2.647942066192627,0.32478705048561096,0.0097447969019413
-15.093999862670898,13.246000289916992,1.059240698814392,1.469232201576233,0.09153404086828232,0.33725547790527344,-0.03803979977965355,0.9564096927642822
-15.093999862670898,13.246000289916992,1.0119010210037231,5.08843994140625,0.1236608475446701,0.5102732181549072,0.17746920883655548,0.03384547680616379
-15.093999862670898,14.246000289916992,1.1856133937835693,2.6110424995422363,1.2150883674621582,1.7343814373016357,0.15668199956417084,0.0637737363576889
-15.093999862670898,14.246000289916992,1.010619878768921,1.7892531156539917,0.05945432186126709,0.28910818696022034,-0.2642628252506256,0.8918939828872681
-15.093999862670898,14.246000289916992,1.2732889652252197,1.0197384357452393,0.25945886969566345,0.13424736261367798,-0.014890644699335098,0.04433228448033333
-15.093999862670898,15.246000289916992,1.2941553592681885,1.55961275100708,2.2729265689849854,1.7170137166976929,0.2572964131832123,0.007892382331192493
-15.093999862670898,15.246000289916992,0.8517413139343262,1.8957087993621826,0.019890807569026947,0.13934263586997986,-0.03316163271665573,0.6838774681091309
-15.093999862670898,15.246000289916992,1.0353807210922241,1.4190514087677002,0.1029055267572403,0.13383418321609497,0.05240590497851372,0.3082301616668701
-15.093999862670898,16.246000289916992,1.1875755786895752,1.2720885276794434,1.1058423519134521,1.771175503730774,0.030484270304441452,0.004645112901926041
-15.093999862670898,16.246000289916992,1.0521483421325684,1.9649001359939575,0.057628922164440155,0.13391532003879547,0.2023976892232895,0.9906041026115417
-15.093999862670898,16.246000289916992,1.2662605047225952,0.6438479423522949,0.3885979950428009,0.09953431040048599,0.131272554397583,0.0047507812269032
-15.093999862670898,17.246000289916992,1.4504942893981934,5.3560075759887695,1.1671125888824463,2.391921281814575,0.24546514451503754,0.011822648346424103
-15.093999862670898,17.246000289916992,1.1137323379516602,2.0791823863983154,0.08417993783950806,0.12229243665933609,0.11658302694559097,0.9769907593727112
-15.093999862670898,17.246000289916992,1.130772352218628,0.6209744215011597,0.1674029380083084,0.2580605447292328,0.03924001753330231,0.01118660718202591
-15.093999862670898,18.246000289916992,1.0702935457229614,6.268028259277344,0.25570032000541687,2.1078879833221436,0.23041900992393494,0.0156196728348732
-15.093999862670898,18.246000289916992,1.115332841873169,1.8594062328338623,0.09349682927131653,0.12988318502902985,0.08783868700265884,0.9833610653877258
-15.093999862670898,18.246000289916992,1.070290207862854,6.1010942459106445,0.2275397926568985,0.4530133605003357,0.12024232745170593,0.0010192671325057745
-15.093999862670898,19.246000289916992,1.2099571228027344,0.3279707431793213,0.418233722448349,1.4671937227249146,0.21813207864761353,0.04766592010855675
-15.093999862670898,19.246000289916992,1.0440441370010376,1.5986053943634033,0.0975189134478569,0.09623011201620102,-0.01761847548186779,0.9222694635391235
-15.093999862670898,19.246000289916992,1.1089812517166138,0.12440592050552368,0.16015076637268066,0.30453166365623474,0.045809902250766754,0.030064648017287254
-15.093999862670898,20.246000289916992,1.1038641929626465,1.1698004007339478,0.45100492238998413,1.8682862520217896,0.192463219165802,0.06595786660909653
-15.093999862670898,20.246000289916992,1.0160659551620483,1.5937525033950806,0.08930893987417221,0.06913907825946808,0.004519355949014425,0.922931432723999
-15.093999862670898,20.246000289916992,1.046492576599121,5.319357872009277,0.22755922377109528,0.5999554395675659,0.10619833320379257,0.011110648512840271
-15.093999862670898,21.246000289916992,1.0931017398834229,0.36754104495048523,0.6702496409416199,2.155032157897949,0.13811343908309937,0.0210402961820364
-15.093999862670898,21.246000289916992,0.9794697761535645,1.6303688287734985,0.09948500990867615,0.06131398305296898,0.02605723775923252,0.9758281111717224
-15.093999862670898,21.246000289916992,1.012914776802063,4.534346103668213,0.37450936436653137,1.1049402952194214,0.20384517312049866,0.003131523262709379
-15.093999862670898,22.246000289916992,0.997925341129303,2.7641310691833496,0.782139778137207,2.5879180431365967,0.00897593516856432,0.0030407514423131943
-15.093999862670898,22.246000289916992,1.0365492105484009,1.695413589477539,0.08706483244895935,0.02494247443974018,0.06401543319225311,0.9964889287948608
-15.093999862670898,22.246000289916992,1.0485042333602905,4.307788372039795,0.41668030619621277,0.4317876696586609,0.27073347568511963,0.00047028824337758124
-15.093999862670898,23.246000289916992,1.0383071899414062,4.076568603515625,1.9510670900344849,3.2063944339752197,-0.019406065344810486,0.0007175778737291694
-15.093999862670898,23.246000289916992,1.0381865501403809,1.5686076879501343,0.07918398827314377,0.01752597466111183,0.058517709374427795,0.999153733253479
-15.093999862670898,23.246000289916992,1.0907503366470337,4.046563148498535,0.5372096300125122,0.3004419207572937,0.3293730318546295,0.00012868353223893791
-14.093999862670898,-12.753999710083008,0.9274592399597168,4.899514675140381,0.3028523325920105,2.039724826812744,0.21411707997322083,0.008316884748637676
-14.093999862670898,-12.753999710083008,0.7103654146194458,3.1312997341156006,0.10780895501375198,0.20391671359539032,-0.08192247152328491,0.001130874501541257
-14.093999862670898,-12.753999710083008,0.6987705826759338,4.831687927246094,0.025252733379602432,0.023968787863850594,0.0702938437461853,0.9905523061752319
-14.093999862670898,-11.753999710083008,0.9933930039405823,4.992033958435059,0.1400357186794281,0.5385381579399109,0.02563980035483837,0.3640080690383911
-14.093999862670898,-11.753999710083008,0.707481861114502,2.5621182918548584,0.12258452922105789,0.5437858700752258,0.15378166735172272,0.010956370271742344
-14.093999862670898,-11.753999710083008,0.7567479014396667,4.684595584869385,0.024987341836094856,0.09957674890756607,0.057597316801548004,0.6250356435775757
-14.093999862670898,-10.753999710083008,0.9602455496788025,4.715312480926514,0.19689510762691498,0.6292224526405334,0.06192262843251228,0.08401621878147125
-14.093999862670898,-10.753999710083008,0.5983996987342834,1.9943004846572876,0.09609438478946686,1.2050060033798218,0.16464763879776,0.008963504806160927
-14.093999862670898,-10.753999710083008,0.646342933177948,4.653629779815674,0.01666840724647045,0.15501587092876434,0.05958329886198044,0.9070202708244324
-14.093999862670898,-9.753999710083008,0.9523037075996399,4.725549697875977,0.17578229308128357,1.3654446601867676,0.16160152852535248,0.36128923296928406
-14.093999862670898,-9.753999710083008,0.607634425163269,1.1450679302215576,0.03601139783859253,0.6925132870674133,0.08910727500915527,0.3730195462703705
-14.093999862670898,-9.753999710083008,0.6956432461738586,4.84273624420166,0.024322453886270523,0.27385035157203674,0.1227586567401886,0.26569122076034546
-14.093999862670898,-8.753999710083008,1.108312726020813,5.034604549407959,0.13698647916316986,2.2124273777008057,-0.03713715821504593,0.27302393317222595
-14.093999862670898,-8.753999710083008,0.8378041386604309,1.6507666110992432,0.07521534711122513,0.630240797996521,0.016180753707885742,0.47622817754745483
-14.093999862670898,-8.753999710083008,0.7627789378166199,4.417627334594727,0.03694785758852959,0.4477025270462036,-0.015329957008361816,0.2507478594779968
-14.093999862670898,-7.754000186920166,1.0714917182922363,5.013174057006836,0.09958021342754364,1.4071650505065918,0.14883174002170563,0.5842766761779785
-14.093999862670898,-7.754000186920166,0.9369915127754211,1.6739075183868408,0.08833538740873337,0.46832406520843506,-0.09443347156047821,0.19361406564712524
-14.093999862670898,-7.754000186920166,0.9586582779884338,4.375622272491455,0.0553252287209034,0.20152132213115692,0.22349508106708527,0.22210928797721863
-14.093999862670898,-6.754000186920166,1.1260145902633667,5.295597076416016,0.10546784847974777,0.9292169213294983,0.12138089537620544,0.45450738072395325
-14.093999862670898,-6.754000186920166,0.8616212606430054,1.6713582277297974,0.03440091013908386,1.141257882118225,-0.2296990305185318,0.4112350046634674
-14.093999862670898,-6.754000186920166,1.164099931716919,5.836404323577881,0.09026210010051727,1.5680862665176392,0.13391856849193573,0.13425767421722412
-14.093999862670898,-5.754000186920166,1.0917201042175293,5.122565269470215,0.29679200053215027,1.250159502029419,0.2721351981163025,0.31253165006637573
-14.093999862670898,-5.754000186920166,0.8375218510627747,2.0373432636260986,0.06452970206737518,0.5504062175750732,-0.2170354276895523,0.4715856909751892
-14.093999862670898,-5.754000186920166,1.0097012519836426,6.023533821105957,0.11514303833246231,0.670255720615387,-0.01616915687918663,0.21588271856307983
-14.093999862670898,-4.754000186920166,1.1029706001281738,5.777601718902588,0.12434748560190201,0.9814483523368835,0.08298785984516144,0.5043074488639832
-14.093999862670898,-4.754000186920166,1.0595759153366089,2.434253692626953,0.13855978846549988,0.3503408432006836,0.3487456738948822,0.13790573179721832
-14.093999862670898,-4.754000186920166,1.3421086072921753,0.031025856733322144,0.09772743284702301,0.01836768537759781,-0.03259759396314621,0.35778680443763733
-14.093999862670898,-3.753999948501587,1.2809052467346191,5.618216514587402,0.22609065473079681,0.8054531216621399,0.18916869163513184,0.5591793060302734
-14.093999862670898,-3.753999948501587,1.0182344913482666,1.4933043718338013,0.04065203666687012,0.31869661808013916,-0.11353684961795807,0.29903388023376465
-14.093999862670898,-3.753999948501587,1.3073031902313232,0.23509350419044495,0.10599052906036377,0.11338437348604202,-0.0657753050327301,0.14178672432899475
-14.093999862670898,-2.753999948501587,1.2175331115722656,4.999654769897461,0.20712991058826447,1.8198301792144775,0.20725275576114655,0.6532801389694214
-14.093999862670898,-2.753999948501587,0.9676924347877502,3.0299205780029297,0.07481446117162704,1.4127850532531738,0.2607962191104889,0.1953669935464859
-14.093999862670898,-2.753999948501587,1.1107780933380127,1.2154197692871094,0.05148739367723465,0.027144968509674072,-0.2075931876897812,0.15135294198989868
-14.093999862670898,-1.753999948501587,1.195141077041626,5.254097938537598,0.10563194751739502,1.7620598077774048,0.23584948480129242,0.9548083543777466
-14.093999862670898,-1.753999948501587,1.00902259349823,2.6015329360961914,0.11960037797689438,0.9910188317298889,0.11303600668907166,0.035114940255880356
-14.093999862670898,-1.753999948501587,1.2185273170471191,0.7637397050857544,0.19166535139083862,0.1397811621427536,0.05415908992290497,0.010076810605823994
-14.093999862670898,-0.7540000081062317,1.2931206226348877,5.595620155334473,0.2052098661661148,0.7509325742721558,0.08171753585338593,0.23574474453926086
-14.093999862670898,-0.7540000081062317,1.0344786643981934,1.3208000659942627,0.08161745965480804,1.233528971672058,-0.013673849403858185,0.36971670389175415
-14.093999862670898,-0.7540000081062317,0.9932209253311157,4.848625659942627,0.04442628473043442,0.39681124687194824,0.10004042088985443,0.3945385813713074
-14.093999862670898,0.2460000067949295,1.2695266008377075,4.619884490966797,0.20533208549022675,0.7470738887786865,0.1977202594280243,0.381899893283844
-14.093999862670898,0.2460000067949295,0.9709951281547546,2.1447620391845703,0.10783625394105911,0.6910825371742249,0.2166455090045929,0.39938077330589294
-14.093999862670898,0.2460000067949295,1.0104504823684692,4.213045120239258,0.058453578501939774,0.24447813630104065,0.307309091091156,0.21871930360794067
-14.093999862670898,1.246000051498413,1.1677055358886719,5.1180620193481445,0.20471394062042236,1.0195069313049316,-0.058220651000738144,0.5470526814460754
-14.093999862670898,1.246000051498413,0.8979413509368896,1.5854216814041138,0.06806977093219757,0.9893524646759033,0.38215628266334534,0.3262806534767151
-14.093999862670898,1.246000051498413,0.9016009569168091,6.044672966003418,0.033395204693078995,0.2915802299976349,-0.022523269057273865,0.12666663527488708
-14.093999862670898,2.246000051498413,1.1307533979415894,6.253848075866699,0.16294753551483154,2.0068464279174805,0.08423438668251038,0.45945900678634644
-14.093999862670898,2.246000051498413,1.105456829071045,2.9983928203582764,0.07546087354421616,0.08602830022573471,0.15353144705295563,0.20354197919368744
-14.093999862670898,2.246000051498413,1.3236751556396484,6.189118385314941,0.09580285102128983,0.015689998865127563,0.0449206568300724,0.3369990587234497
-14.093999862670898,3.246000051498413,1.1288363933563232,5.722029685974121,0.18516559898853302,1.8586053848266602,0.1232982650399208,0.20804154872894287
-14.093999862670898,3.246000051498413,1.1472440958023071,3.049971580505371,0.0776023268699646,0.07445061206817627,0.10416636615991592,0.32562577724456787
-14.093999862670898,3.246000051498413,1.251574993133545,6.231276512145996,0.07421768456697464,0.019496431574225426,0.09961029887199402,0.4663327634334564
-14.093999862670898,4.245999813079834,1.1215401887893677,6.0003814697265625,0.2077009677886963,2.4511475563049316,0.12015260756015778,0.1588590294122696
-14.093999862670898,4.245999813079834,1.1019713878631592,2.9824178218841553,0.07336876541376114,0.07360789179801941,0.12377947568893433,0.25775256752967834
-14.093999862670898,4.245999813079834,1.1982203722000122,6.175421714782715,0.06615354120731354,0.02042931690812111,-0.004503922071307898,0.5833884477615356
-14.093999862670898,5.245999813079834,1.036397933959961,5.8320136070251465,0.09920894354581833,2.1537506580352783,0.06286729127168655,0.31098735332489014
-14.093999862670898,5.245999813079834,1.06438148021698,3.1617279052734375,0.06797188520431519,0.1459721326828003,0.09565476328134537,0.3310539722442627
-14.093999862670898,5.245999813079834,1.2683950662612915,0.0020947903394699097,0.09426790475845337,0.03015441820025444,-0.03372902050614357,0.35795867443084717
-14.093999862670898,6.245999813079834,1.1198660135269165,4.994645595550537,0.15366652607917786,1.3542348146438599,0.08003266900777817,0.34355229139328003
-14.093999862670898,6.245999813079834,1.1076208353042603,2.858921766281128,0.08754397183656693,0.20422257483005524,0.18511763215065002,0.30952024459838867
-14.093999862670898,6.245999813079834,1.2870702743530273,0.03065454214811325,0.11034423112869263,0.08517522364854813,0.014736670069396496,0.3469275236129761
-14.093999862670898,7.245999813079834,1.2871782779693604,6.173908710479736,0.4653704762458801,2.4992074966430664,0.17482274770736694,0.12604433298110962
-14.093999862670898,7.245999813079834,1.0179544687271118,2.9064910411834717,0.07612660527229309,0.30024993419647217,0.12503883242607117,0.4885532557964325
-14.093999862670898,7.245999813079834,1.0569440126419067,6.232163906097412,0.08511091768741608,0.2244376540184021,-0.013881109654903412,0.3854023516178131
-14.093999862670898,8.246000289916992,1.1893996000289917,0.17548725008964539,0.630745530128479,2.0701539516448975,0.12042558193206787,0.18459340929985046
-14.093999862670898,8.246000289916992,1.0415455102920532,2.583564043045044,0.07255242019891739,0.10774234682321548,0.09588132798671722,0.483847975730896
-14.093999862670898,8.246000289916992,1.0686426162719727,5.6298041343688965,0.07844741642475128,0.2472081482410431,0.21132276952266693,0.33155855536460876
-14.093999862670898,9.246000289916992,1.131016731262207,5.890084266662598,0.7379945516586304,2.516383647918701,0.17102332413196564,0.16461893916130066
-14.093999862670898,9.246000289916992,0.9449525475502014,2.2292494773864746,0.07290405035018921,0.2437109500169754,0.055112943053245544,0.31089693307876587
-14.093999862670898,9.246000289916992,0.9513372182846069,4.43671989440918,0.03715921938419342,0.11622451990842819,0.17091263830661774,0.5244841575622559
-14.093999862670898,10.246000289916992,0.9194760322570801,6.112229347229004,0.11976014077663422,2.460481882095337,0.07118801772594452,0.16850952804088593
-14.093999862670898,10.246000289916992,0.9344476461410522,3.2851645946502686,0.1034150943160057,0.24709753692150116,0.22634145617485046,0.41136977076530457
-14.093999862670898,10.246000289916992,1.0452163219451904,0.386613667011261,0.12481434643268585,0.13728319108486176,-0.11431366950273514,0.4201206564903259
-14.093999862670898,11.246000289916992,1.2511208057403564,3.340655565261841,0.3829908072948456,0.9394974708557129,0.2096787840127945,0.5066922903060913
-14.093999862670898,11.246000289916992,0.9582955837249756,0.9442969560623169,0.14979217946529388,0.4435568153858185,-0.2166576087474823,0.24176590144634247
-14.093999862670898,11.246000289916992,0.9605770707130432,6.0709052085876465,0.09604832530021667,0.5731647610664368,-0.012524920515716076,0.2515418231487274
-14.093999862670898,12.246000289916992,1.3471171855926514,2.6128475666046143,0.3110419511795044,0.4630642533302307,0.27347224950790405,0.11121315509080887
-14.093999862670898,12.246000289916992,1.0867961645126343,1.0993558168411255,0.07679013907909393,0.35604363679885864,-0.15614594519138336,0.5391783118247986
-14.093999862670898,12.246000289916992,1.1343930959701538,4.6324462890625,0.11072812974452972,0.658265233039856,0.17215894162654877,0.34960851073265076
-14.093999862670898,13.246000289916992,1.191116452217102,4.967069625854492,0.37753012776374817,1.2749778032302856,0.22068747878074646,0.10114350914955139
-14.093999862670898,13.246000289916992,1.0177658796310425,1.5666847229003906,0.14330744743347168,0.5657512545585632,-0.19906429946422577,0.7157272100448608
-14.093999862670898,13.246000289916992,1.030869960784912,4.205484390258789,0.07640182226896286,0.19782838225364685,0.24577338993549347,0.183129221200943
-14.093999862670898,14.246000289916992,1.3017914295196533,1.6992666721343994,2.5252416133880615,1.8812600374221802,0.1402926743030548,0.018381213769316673
-14.093999862670898,14.246000289916992,1.0442601442337036,1.6024175882339478,0.06853461265563965,0.32043585181236267,0.0870758593082428,0.980837881565094
-14.093999862670898,14.246000289916992,1.3190619945526123,1.4500164985656738,0.8927919864654541,0.5535604357719421,0.1015460267663002,0.0007809248636476696
-14.093999862670898,15.246000289916992,1.2979066371917725,0.07909640669822693,1.0938255786895752,2.364990472793579,0.3970026671886444,0.052018120884895325
-14.093999862670898,15.246000289916992,0.919788658618927,2.146049737930298,0.027963461354374886,0.11380989104509354,0.14359115064144135,0.741298496723175
-14.093999862670898,15.246000289916992,1.00888991355896,0.8425908088684082,0.053218502551317215,0.020309073850512505,-0.052871569991111755,0.20668336749076843
-14.093999862670898,16.246000289916992,1.0399260520935059,5.611692905426025,0.3825821280479431,2.1064844131469727,0.13333281874656677,0.025378581136465073
-14.093999862670898,16.246000289916992,0.9053826332092285,2.000497341156006,0.05974200367927551,0.1323908269405365,0.05934271961450577,0.970241367816925
-14.093999862670898,16.246000289916992,1.0101944208145142,0.46118801832199097,0.3040608763694763,0.4539676308631897,0.0927124097943306,0.004379998426884413
-14.093999862670898,17.246000289916992,1.1776472330093384,2.186951160430908,0.4816451370716095,2.093712568283081,0.17999275028705597,0.009271644987165928
-14.093999862670898,17.246000289916992,1.0851752758026123,2.2091381549835205,0.07357274740934372,0.061495330184698105,0.0932045578956604,0.9907129406929016
-14.093999862670898,17.246000289916992,1.1378381252288818,6.1723551750183105,0.5649232864379883,1.4226089715957642,0.3094637095928192,1.5447909390786663e-05
-14.093999862670898,18.246000289916992,0.980549693107605,2.0480170249938965,0.24564948678016663,2.5958337783813477,0.14429916441440582,0.006106110755354166
-14.093999862670898,18.246000289916992,1.150160312652588,1.7147572040557861,0.09301865845918655,0.062090758234262466,-0.02150924690067768,0.9930450320243835
-14.093999862670898,18.246000289916992,1.1707886457443237,0.3322267234325409,0.3540806174278259,0.2741868793964386,0.08022002875804901,0.0008487894665449858
-14.093999862670898,19.246000289916992,1.1631669998168945,1.5281970500946045,0.3502442240715027,1.6224983930587769,0.12564465403556824,0.053625766187906265
-14.093999862670898,19.246000289916992,1.0546462535858154,1.1972568035125732,0.0734676942229271,0.09210028499364853,-0.13767389953136444,0.9246656894683838
-14.093999862670898,19.246000289916992,1.2361791133880615,0.4643093943595886,0.42046886682510376,0.35384002327919006,0.1796116679906845,0.021708589047193527
-14.093999862670898,20.246000289916992,1.1314408779144287,5.8979716300964355,0.5797715783119202,1.8155101537704468,0.14123570919036865,0.023530324921011925
-14.093999862670898,20.246000289916992,1.0801448822021484,1.0766704082489014,0.06064988300204277,0.06218833103775978,0.08144871890544891,0.8964366912841797
-14.093999862670898,20.246000289916992,1.2778546810150146,0.7256608009338379,0.32348954677581787,0.14520446956157684,0.07052896916866302,0.08003301173448563
-14.093999862670898,21.246000289916992,1.133399486541748,5.664667129516602,1.0051387548446655,2.053595781326294,0.3585888743400574,0.021921487525105476
-14.093999862670898,21.246000289916992,0.937580406665802,0.944418728351593,0.04425624758005142,0.08396169543266296,-0.015348219312727451,0.9288150668144226
-14.093999862670898,21.246000289916992,0.9805829524993896,0.10267822444438934,0.17850010097026825,0.5172302722930908,0.22485187649726868,0.049263469874858856
-14.093999862670898,22.246000289916992,1.0728304386138916,6.026956558227539,0.9875406622886658,1.6309958696365356,0.4286361634731293,0.040737349539995193
-14.093999862670898,22.246000289916992,0.9136021733283997,0.6160717010498047,0.05767490342259407,0.09199464321136475,-0.20411869883537292,0.9487152695655823
-14.093999862670898,22.246000289916992,0.9406123757362366,5.800081729888916,0.21075816452503204,1.49659264087677,0.32453200221061707,0.010547288693487644
-14.093999862670898,23.246000289916992,1.0264338254928589,0.7568037509918213,1.5796008110046387,1.7038825750350952,0.460783988237381,0.006150375120341778
-14.093999862670898,23.246000289916992,0.8450618386268616,0.12023525685071945,0.04982740804553032,0.09229104220867157,-0.16865885257720947,0.9909154772758484
-14.093999862670898,23.246000289916992,0.8804614543914795,5.699914455413818,0.24097856879234314,3.0426676273345947,0.42164814472198486,0.0029341112822294235
-13.093999862670898,-12.753999710083008,1.027021050453186,5.602625846862793,0.6056633591651917,2.5168893337249756,0.2641364336013794,0.0009793159551918507
-13.093999862670898,-12.753999710083008,0.7255440950393677,3.453125238418579,0.1289532631635666,0.4290982484817505,-0.14256486296653748,0.0003630634746514261
-13.093999862670898,-12.753999710083008,0.7500771284103394,4.589025020599365,0.024688247591257095,0.01803760603070259,0.1312226802110672,0.9986575841903687
-13.093999862670898,-11.753999710083008,1.1274936199188232,4.732109069824219,0.256737619638443,0.8651227355003357,0.047558121383190155,0.13837122917175293
-13.093999862670898,-11.753999710083008,0.7957746386528015,3.8450591564178467,0.06694846600294113,0.15693512558937073,0.23040640354156494,0.028386499732732773
-13.093999862670898,-11.753999710083008,0.8201225399971008,4.49114990234375,0.019321689382195473,0.04285810887813568,0.1157219260931015,0.8332422375679016
-13.093999862670898,-10.753999710083008,0.916241466999054,4.981680393218994,0.15761348605155945,0.517746090888977,-0.028945138677954674,0.15221677720546722
-13.093999862670898,-10.753999710083008,0.6241477131843567,2.238255023956299,0.08355583250522614,0.9252833127975464,0.15446513891220093,0.01373632438480854
-13.093999862670898,-10.753999710083008,0.6373282074928284,4.7793779373168945,0.012294315733015537,0.1026173084974289,0.07830436527729034,0.8340469598770142
-13.093999862670898,-9.753999710083008,0.7770445942878723,4.526844024658203,0.09317824989557266,1.3725205659866333,0.06329919397830963,0.7421410083770752
-13.093999862670898,-9.753999710083008,0.589971661567688,1.1464898586273193,0.042244408279657364,0.5581154823303223,0.10134953260421753,0.1525416076183319
-13.093999862670898,-9.753999710083008,0.7162734270095825,4.922825336456299,0.024197565391659737,0.2995431125164032,0.09619840234518051,0.10531747341156006
-13.093999862670898,-8.753999710083008,0.9513416886329651,5.198389053344727,0.10739898681640625,2.0368213653564453,-0.14890336990356445,0.4465484917163849
-13.093999862670898,-8.753999710083008,0.7048255801200867,1.5569761991500854,0.059037625789642334,0.30111876130104065,-0.010755907744169235,0.44598516821861267
-13.093999862670898,-8.753999710083008,0.7269633412361145,4.54025936126709,0.03475256636738777,0.5055801272392273,0.038019657135009766,0.10746639221906662
-13.093999862670898,-7.754000186920166,1.0799064636230469,4.8204755783081055,0.08953194320201874,1.0574530363082886,0.20405815541744232,0.5984675884246826
-13.093999862670898,-7.754000186920166,1.0083637237548828,1.521694302558899,0.08090970665216446,0.5741719007492065,-0.1903708130121231,0.21776163578033447
-13.093999862670898,-7.754000186920166,1.0046319961547852,4.567390441894531,0.07131674885749817,0.5687644481658936,0.18097437918186188,0.18377074599266052
-13.093999862670898,-6.754000186920166,1.196073293685913,5.295437812805176,0.15528739988803864,0.7958959937095642,0.17821748554706573,0.42007654905319214
-13.093999862670898,-6.754000186920166,0.92079097032547,1.8498066663742065,0.0462062694132328,1.239209532737732,-0.36551904678344727,0.5595000386238098
-13.093999862670898,-6.754000186920166,1.3435330390930176,0.33673426508903503,0.5395309925079346,2.465998649597168,0.08036887645721436,0.020423399284482002
-13.093999862670898,-5.754000186920166,1.2131747007369995,5.196228504180908,0.3169498145580292,1.0575551986694336,0.23800484836101532,0.39473778009414673
-13.093999862670898,-5.754000186920166,0.9688993692398071,1.8007981777191162,0.07700082659721375,0.6249879598617554,-0.07905928045511246,0.40543654561042786
-13.093999862670898,-5.754000186920166,1.0914257764816284,6.150393486022949,0.11892428994178772,0.7405996322631836,-0.003235363634303212,0.1998257040977478
-13.093999862670898,-4.754000186920166,1.181499719619751,4.9892377853393555,0.1498500406742096,0.6017442941665649,0.08311610668897629,0.693698525428772
-13.093999862670898,-4.754000186920166,1.0185482501983643,1.7601205110549927,0.09848396480083466,0.3019138276576996,0.17612512409687042,0.12295382469892502
-13.093999862670898,-4.754000186920166,1.156126856803894,0.192491814494133,0.09779724478721619,0.06910467147827148,0.11787641048431396,0.18334753811359406
-13.093999862670898,-3.753999948501587,1.082676649093628,5.595686912536621,0.0996338352560997,0.9014793634414673,0.12818551063537598,0.7291516661643982
-13.093999862670898,-3.753999948501587,0.9179667234420776,1.5272626876831055,0.03882976993918419,0.3060791492462158,-0.006007363088428974,0.14383810758590698
-13.093999862670898,-3.753999948501587,1.3646734952926636,0.3487734794616699,0.13053421676158905,0.06149814650416374,-0.08687351644039154,0.12701021134853363
-13.093999862670898,-2.753999948501587,1.1912322044372559,0.0822664201259613,0.08619243651628494,1.9323798418045044,0.2069864720106125,0.8017390966415405
-13.093999862670898,-2.753999948501587,1.0479655265808105,4.183094024658203,0.07497435808181763,0.6551815271377563,0.2380293905735016,0.16326315701007843
-13.093999862670898,-2.753999948501587,1.2342257499694824,1.3216768503189087,0.06112536042928696,0.058037806302309036,-0.290739506483078,0.03499772399663925
-13.093999862670898,-1.753999948501587,1.135838508605957,5.521127700805664,0.09305399656295776,1.2609220743179321,0.17876584827899933,0.9046688675880432
-13.093999862670898,-1.753999948501587,0.9758277535438538,1.8066362142562866,0.09415984153747559,2.036055088043213,0.2019650638103485,0.07491248846054077
-13.093999862670898,-1.753999948501587,1.2763755321502686,0.5547521114349365,0.17672249674797058,0.17900002002716064,0.07750149071216583,0.020418576896190643
-13.093999862670898,-0.7540000081062317,1.1676170825958252,5.337010860443115,0.07621864974498749,0.6288039684295654,0.13059915602207184,0.3279854357242584
-13.093999862670898,-0.7540000081062317,1.0208202600479126,1.7210716009140015,0.08599395304918289,1.0045619010925293,-0.14702650904655457,0.18704479932785034
-13.093999862670898,-0.7540000081062317,1.0130176544189453,4.5343403816223145,0.023970045149326324,0.2151695042848587,0.032535530626773834,0.4849697947502136
-13.093999862670898,0.2460000067949295,1.1326006650924683,4.855436325073242,0.1191934198141098,0.8700220584869385,0.12101253122091293,0.26032838225364685
-13.093999862670898,0.2460000067949295,0.981299877166748,2.3254151344299316,0.13786938786506653,0.5844513773918152,0.2350110113620758,0.4383099377155304
-13.093999862670898,0.2460000067949295,1.140041470527649,4.8343987464904785,0.06971946358680725,0.1360088437795639,0.22132021188735962,0.30136170983314514
-13.093999862670898,1.246000051498413,1.208930492401123,5.672711372375488,0.3255167305469513,1.6789013147354126,0.1252816617488861,0.4736868143081665
-13.093999862670898,1.246000051498413,0.8348978161811829,1.5579055547714233,0.06160179153084755,1.3131561279296875,0.18928305804729462,0.42787572741508484
-13.093999862670898,1.246000051498413,0.9710059762001038,5.629240036010742,0.03000647947192192,0.4034569263458252,0.024802450090646744,0.09843748062849045
-13.093999862670898,2.246000051498413,1.212456464767456,5.6896491050720215,0.15956182777881622,1.7266058921813965,0.055308371782302856,0.5153675079345703
-13.093999862670898,2.246000051498413,1.2318551540374756,3.049522638320923,0.091680608689785,0.056617531925439835,0.11451798677444458,0.16973352432250977
-13.093999862670898,2.246000051498413,1.3536487817764282,6.178952217102051,0.09663835167884827,0.017532462254166603,0.03225070610642433,0.31489890813827515
-13.093999862670898,3.246000051498413,1.1139428615570068,5.426290035247803,0.17671281099319458,1.828392505645752,0.1348784863948822,0.19454807043075562
-13.093999862670898,3.246000051498413,1.1522471904754639,3.0128278732299805,0.08849919587373734,0.06941361725330353,0.17122693359851837,0.2990626096725464
-13.093999862670898,3.246000051498413,1.2274526357650757,6.202724933624268,0.07447736710309982,0.019400911405682564,0.14600889384746552,0.5063893795013428
-13.093999862670898,4.245999813079834,1.1417670249938965,5.323970317840576,0.28366756439208984,2.571139335632324,0.16078341007232666,0.15018020570278168
-13.093999862670898,4.245999813079834,1.0599387884140015,3.0162367820739746,0.0653415322303772,0.08419864624738693,0.1408870965242386,0.28050410747528076
-13.093999862670898,4.245999813079834,1.2080806493759155,6.169796466827393,0.06935945898294449,0.019835663959383965,-0.004474300425499678,0.5693157315254211
-13.093999862670898,5.245999813079834,1.0830854177474976,0.0259636789560318,0.09877423197031021,2.2448880672454834,-0.02235005609691143,0.38386768102645874
-13.093999862670898,5.245999813079834,1.0915995836257935,3.0316646099090576,0.08181104063987732,0.12082749605178833,0.09206315129995346,0.2613978385925293
-13.093999862670898,5.245999813079834,1.2320398092269897,6.252542972564697,0.08728349953889847,0.028956137597560883,-0.09674300998449326,0.3547345697879791
-13.093999862670898,6.245999813079834,1.2086584568023682,4.7282891273498535,0.32711052894592285,1.6994439363479614,0.04863186925649643,0.1895657777786255
-13.093999862670898,6.245999813079834,1.1529946327209473,2.7347583770751953,0.10340594500303268,0.16988204419612885,0.23231381177902222,0.2850189208984375
-13.093999862670898,6.245999813079834,1.1777338981628418,6.1619181632995605,0.0909138098359108,0.12099207192659378,-0.002424105303362012,0.5254153609275818
-13.093999862670898,7.245999813079834,1.144632339477539,0.34078046679496765,0.2736485004425049,2.524412155151367,0.17955279350280762,0.14814768731594086
-13.093999862670898,7.245999813079834,0.9810751080513,3.042438268661499,0.11192277073860168,0.39251020550727844,0.1422635316848755,0.4707246422767639
-13.093999862670898,7.245999813079834,1.0445606708526611,6.2702836990356445,0.10151305794715881,0.23792895674705505,0.08789533376693726,0.3811276853084564
-13.093999862670898,8.246000289916992,1.0272564888000488,5.3812994956970215,0.7103268504142761,1.8543436527252197,0.17585480213165283,0.09295274317264557
-13.093999862670898,8.246000289916992,0.7241954207420349,3.362349510192871,0.09274210035800934,0.4545825123786926,0.022877374663949013,0.1609242707490921
-13.093999862670898,8.246000289916992,0.6928926110267639,4.561161994934082,0.027793291956186295,0.27143239974975586,0.3399939239025116,0.7461229562759399
-13.093999862670898,9.246000289916992,0.8465268015861511,4.879637241363525,0.5157151818275452,1.8897461891174316,0.13343198597431183,0.06803390383720398
-13.093999862670898,9.246000289916992,0.7557563781738281,1.9499460458755493,0.07125326991081238,0.05739959701895714,0.27931347489356995,0.8855333924293518
-13.093999862670898,9.246000289916992,0.7839559316635132,5.142195224761963,0.18011222779750824,0.22256654500961304,0.1107015609741211,0.04643281549215317
-13.093999862670898,10.246000289916992,1.059891939163208,4.939963340759277,0.8942697048187256,2.0019826889038086,0.13472911715507507,0.0988379716873169
-13.093999862670898,10.246000289916992,0.7193040251731873,2.8896164894104004,0.0654071792960167,0.40168753266334534,-0.029661837965250015,0.13252000510692596
-13.093999862670898,10.246000289916992,0.7436063289642334,5.322141170501709,0.047316208481788635,0.2929742932319641,0.07003121078014374,0.7686419486999512
-13.093999862670898,11.246000289916992,1.115761637687683,3.6237711906433105,0.25250524282455444,1.4665457010269165,0.18202370405197144,0.4221370220184326
-13.093999862670898,11.246000289916992,0.9038100242614746,2.2165205478668213,0.1209050714969635,0.22213059663772583,-0.06968479603528976,0.4816889464855194
-13.093999862670898,11.246000289916992,0.8757811784744263,5.555795669555664,0.07372932881116867,0.24227246642112732,-0.038333263248205185,0.09617400914430618
-13.093999862670898,12.246000289916992,1.201319694519043,3.788921594619751,0.2678270637989044,1.404561996459961,0.3195895850658417,0.3822747468948364
-13.093999862670898,12.246000289916992,0.9451743960380554,1.9661414623260498,0.08430104702711105,0.4912622272968292,0.10713093727827072,0.4386088252067566
-13.093999862670898,12.246000289916992,1.0685982704162598,4.764148235321045,0.0680120587348938,0.12036044895648956,0.13203780353069305,0.17911645770072937
-13.093999862670898,13.246000289916992,0.9825790524482727,4.189968585968018,0.11708001047372818,0.9206153154373169,0.23724733293056488,0.2991022765636444
-13.093999862670898,13.246000289916992,0.9828450083732605,1.678274154663086,0.13667596876621246,1.0124683380126953,-0.23906394839286804,0.5295619964599609
-13.093999862670898,13.246000289916992,1.0064446926116943,4.399360656738281,0.06175927817821503,0.183023601770401,0.26974937319755554,0.17133575677871704
-13.093999862670898,14.246000289916992,1.5024625062942505,1.8759901523590088,4.388670444488525,3.0716607570648193,0.19719290733337402,0.008722844533622265
-13.093999862670898,14.246000289916992,1.095946192741394,1.6026860475540161,0.0907275453209877,0.26527875661849976,0.16120965778827667,0.9911643862724304
-13.093999862670898,14.246000289916992,1.2723581790924072,1.335553526878357,1.3108853101730347,2.0489888191223145,0.05031304061412811,0.0001127760115195997
-13.093999862670898,15.246000289916992,1.2489534616470337,6.091223239898682,0.7718453407287598,2.8660073280334473,0.3182096481323242,0.0884418860077858
-13.093999862670898,15.246000289916992,0.8955017924308777,2.0469510555267334,0.036209069192409515,0.14168108999729156,0.17031213641166687,0.5093310475349426
-13.093999862670898,15.246000289916992,1.0225441455841064,0.8125879168510437,0.03872993215918541,0.01071060448884964,-0.08825045078992844,0.4022270441055298
-13.093999862670898,16.246000289916992,1.165022373199463,3.590083122253418,0.5335744619369507,0.8696865439414978,0.17637811601161957,0.07720419019460678
-13.093999862670898,16.246000289916992,0.9863146543502808,1.5886331796646118,0.08361247181892395,0.27826815843582153,-0.36048004031181335,0.8973923325538635
-13.093999862670898,16.246000289916992,0.9715468883514404,0.03973749279975891,0.25009286403656006,3.1126205921173096,0.22794577479362488,0.02540350705385208
-13.093999862670898,17.246000289916992,1.2366191148757935,4.0689473152160645,0.5483542084693909,1.7881237268447876,0.1503007560968399,0.025029905140399933
-13.093999862670898,17.246000289916992,1.0449680089950562,1.413299322128296,0.07936609536409378,0.13037268817424774,0.05770392343401909,0.9745372533798218
-13.093999862670898,17.246000289916992,1.1850074529647827,0.8877457976341248,0.390011727809906,0.5385007858276367,0.15442971885204315,0.0004328977956902236
-13.093999862670898,20.246000289916992,1.3321701288223267,2.0627689361572266,1.8552846908569336,1.1567035913467407,0.02241104282438755,0.008682719431817532
-13.093999862670898,20.246000289916992,1.0798567533493042,1.2479389905929565,0.06619661301374435,0.19055244326591492,0.038289833813905716,0.954883873462677
-13.093999862670898,20.246000289916992,1.33829665184021,1.0237705707550049,0.5642620325088501,0.212818443775177,0.2824113667011261,0.0364333912730217
-13.093999862670898,21.246000289916992,1.396016001701355,2.139554262161255,3.1261141300201416,1.0171409845352173,0.2328779250383377,0.054881490767002106
-13.093999862670898,21.246000289916992,1.0093107223510742,1.3597228527069092,0.06370078772306442,0.3125675618648529,-0.4084469676017761,0.37759679555892944
-13.093999862670898,21.246000289916992,1.2476742267608643,1.004977822303772,0.18793396651744843,0.3011992573738098,0.2527334690093994,0.5675217509269714
-13.093999862670898,22.246000289916992,1.3104311227798462,4.023345470428467,3.369810104370117,0.8161689639091492,0.32791727781295776,0.038536205887794495
-13.093999862670898,22.246000289916992,0.8747775554656982,1.0807323455810547,0.0714581161737442,1.6309949159622192,-0.49928486347198486,0.08330384641885757
-13.093999862670898,22.246000289916992,1.1138075590133667,1.4557265043258667,0.11020703613758087,0.35483717918395996,0.27490147948265076,0.8781599402427673
-13.093999862670898,23.246000289916992,1.316781759262085,5.719615936279297,4.2661662101745605,0.6559155583381653,0.39810311794281006,0.007222448009997606
-13.093999862670898,23.246000289916992,0.7872312664985657,0.886944055557251,0.09462490677833557,9.734838485717773,-0.5070899128913879,0.008328825235366821
-13.093999862670898,23.246000289916992,1.0625039339065552,2.087860584259033,0.08422347903251648,0.413286030292511,0.23222672939300537,0.9844487905502319
-12.093999862670898,-12.753999710083008,0.989059567451477,2.439378023147583,0.8334946632385254,3.609809160232544,0.2727394700050354,0.012049902230501175
-12.093999862670898,-12.753999710083008,0.6346617937088013,4.373266696929932,0.026023568585515022,0.07904361933469772,-0.19019731879234314,0.9866940975189209
-12.093999862670898,-12.753999710083008,0.7849612236022949,5.490427494049072,0.19160684943199158,2.1320927143096924,0.26587775349617004,0.0012560345930978656
-12.093999862670898,-11.753999710083008,1.0848722457885742,4.8697710037231445,0.5600282549858093,3.3176088333129883,0.34237533807754517,0.026668261736631393
-12.093999862670898,-11.753999710083008,0.7924774885177612,4.3127055168151855,0.020437229424715042,0.04930838197469711,0.009593435563147068,0.863158106803894
-12.093999862670898,-11.753999710083008,0.7884802222251892,4.953575134277344,0.05364248901605606,0.46051299571990967,0.18528743088245392,0.11017359793186188
-12.093999862670898,-10.753999710083008,0.9223476052284241,5.240035057067871,0.13370950520038605,0.8928866386413574,-0.03578361123800278,0.12603004276752472
-12.093999862670898,-10.753999710083008,0.5825242400169373,3.1393373012542725,0.05458385497331619,1.0430421829223633,0.12877772748470306,0.03154897689819336
-12.093999862670898,-10.753999710083008,0.6610835790634155,4.41826868057251,0.012301018461585045,0.12533235549926758,0.1564813107252121,0.8424210548400879
-12.093999862670898,-9.753999710083008,0.9421387910842896,4.295975685119629,0.161789208650589,2.3263018131256104,-0.06594789028167725,0.5482078790664673
-12.093999862670898,-9.753999710083008,0.6678752303123474,1.6316304206848145,0.0355738066136837,0.26272886991500854,-0.12758325040340424,0.24743081629276276
-12.093999862670898,-9.753999710083008,0.727749764919281,4.388808727264404,0.026454342529177666,0.42573198676109314,0.06311263144016266,0.20436133444309235
-12.093999862670898,-8.753999710083008,1.0615936517715454,4.961861610412598,0.10610731691122055,1.7943381071090698,0.09530563652515411,0.452495276927948
-12.093999862670898,-8.753999710083008,0.8097848892211914,1.608281135559082,0.05981500446796417,0.3933190703392029,-0.09934337437152863,0.3625575304031372
-12.093999862670898,-8.753999710083008,0.8311963677406311,4.904450416564941,0.0597350113093853,0.651494562625885,-0.023554688319563866,0.18494725227355957
-12.093999862670898,-7.754000186920166,1.0796678066253662,4.767601013183594,0.16176757216453552,1.3222355842590332,0.3393239676952362,0.4683169722557068
-12.093999862670898,-7.754000186920166,0.9449169635772705,1.7937448024749756,0.06173023208975792,1.1544244289398193,-0.23673900961875916,0.44452372193336487
-12.093999862670898,-7.754000186920166,1.1230605840682983,0.3466474413871765,0.12287471443414688,0.5679367780685425,0.024284061044454575,0.08715925365686417
-12.093999862670898,-6.754000186920166,1.1977131366729736,6.137536525726318,0.3433149755001068,3.190178394317627,0.2687566876411438,0.4259152412414551
-12.093999862670898,-6.754000186920166,0.88612300157547,3.3070383071899414,0.0857653021812439,2.395106554031372,-0.09237582981586456,0.5235744118690491
-12.093999862670898,-6.754000186920166,1.0465257167816162,1.2175487279891968,0.12938877940177917,0.8852717280387878,-0.14583925902843475,0.05051027610898018
-12.093999862670898,-5.754000186920166,1.123049020767212,5.722859859466553,0.1532393991947174,1.4578231573104858,0.09631001204252243,0.22483709454536438
-12.093999862670898,-5.754000186920166,0.9638931155204773,2.359771490097046,0.07137924432754517,0.7279859185218811,-0.14890369772911072,0.5353798866271973
-12.093999862670898,-5.754000186920166,1.0967767238616943,0.6548321843147278,0.1666651964187622,0.630268394947052,-0.14653849601745605,0.23978294432163239
-12.093999862670898,-4.754000186920166,1.1043472290039062,5.302964210510254,0.16129210591316223,1.0027663707733154,0.13715562224388123,0.7064073085784912
-12.093999862670898,-4.754000186920166,0.9498876929283142,1.7719190120697021,0.0816396102309227,0.16952475905418396,0.2607173025608063,0.14859193563461304
-12.093999862670898,-4.754000186920166,1.0456045866012573,0.17245644330978394,0.06573090702295303,0.03802794590592384,0.1809021234512329,0.14500075578689575
-12.093999862670898,-3.753999948501587,1.216806411743164,5.631322383880615,0.11280462890863419,2.225332260131836,0.08189906924962997,0.7671026587486267
-12.093999862670898,-3.753999948501587,1.0094066858291626,2.658001184463501,0.09596434235572815,0.7724034190177917,0.2270200103521347,0.08116713166236877
-12.093999862670898,-3.753999948501587,1.2198878526687622,0.14471247792243958,0.08911406248807907,0.04854140430688858,-0.14920255541801453,0.1517302244901657
-12.093999862670898,-2.753999948501587,1.1791375875473022,0.2606775164604187,0.11265537887811661,1.748177170753479,0.12020216137170792,0.8104740381240845
-12.093999862670898,-2.753999948501587,0.8599842190742493,3.0366854667663574,0.04485125467181206,1.2545921802520752,0.4153928756713867,0.0571415014564991
-12.093999862670898,-2.753999948501587,1.02178955078125,1.8212649822235107,0.031778205186128616,0.06770672649145126,-0.3036790192127228,0.13238441944122314
-12.093999862670898,-1.753999948501587,1.260240912437439,5.289992809295654,0.2649119794368744,1.4095579385757446,-0.03234792500734329,0.42691048979759216
-12.093999862670898,-1.753999948501587,0.9935154318809509,1.6279799938201904,0.04681745916604996,0.5074997544288635,0.10325446724891663,0.4585724472999573
-12.093999862670898,-1.753999948501587,1.1134108304977417,6.011620044708252,0.05008850619196892,0.16170479357242584,-0.024562234058976173,0.11451701074838638
-12.093999862670898,-0.7540000081062317,1.2831517457962036,5.695791244506836,0.5028226971626282,1.4205783605575562,0.3153092563152313,0.5447599291801453
-12.093999862670898,-0.7540000081062317,0.9515184760093689,2.199791669845581,0.08091499656438828,0.7482767701148987,0.0462552085518837,0.36560437083244324
-12.093999862670898,-0.7540000081062317,0.8431491851806641,5.863825798034668,0.034999191761016846,0.2359025627374649,0.006959388963878155,0.08963567763566971
-12.093999862670898,0.2460000067949295,0.9389175176620483,3.271596908569336,0.10377802699804306,0.7224535942077637,0.24394984543323517,0.7007865905761719
-12.093999862670898,0.2460000067949295,0.8635345697402954,2.4519920349121094,0.14034877717494965,0.7759057879447937,0.1280544400215149,0.25012683868408203
-12.093999862670898,0.2460000067949295,1.0229637622833252,5.836189270019531,0.12071681022644043,0.12890487909317017,0.1270211786031723,0.049086567014455795
-12.093999862670898,1.246000051498413,1.1522008180618286,4.8690900802612305,0.38932377099990845,1.5283364057540894,0.2658483684062958,0.3439667522907257
-12.093999862670898,1.246000051498413,0.8030998706817627,2.0098042488098145,0.059302885085344315,0.29446297883987427,-0.20584581792354584,0.5829460620880127
-12.093999862670898,1.246000051498413,0.9713014364242554,6.255023956298828,0.09582448750734329,0.277479350566864,-0.05310387164354324,0.0730871930718422
-12.093999862670898,2.246000051498413,1.187089443206787,5.994054317474365,0.21405284106731415,1.901095986366272,0.07593532651662827,0.4898781478404999
-12.093999862670898,2.246000051498413,1.1834555864334106,3.0343515872955322,0.09565518796443939,0.06270454078912735,0.12483672052621841,0.2219398468732834
-12.093999862670898,2.246000051498413,1.2976796627044678,6.179556369781494,0.09049005061388016,0.020860867574810982,0.10624764859676361,0.28818196058273315
-12.093999862670898,3.246000051498413,1.1628692150115967,6.166215896606445,0.39925846457481384,2.478762149810791,0.12817788124084473,0.18373936414718628
-12.093999862670898,3.246000051498413,1.1428887844085693,2.9947855472564697,0.0829695463180542,0.05342227220535278,0.09276769310235977,0.2736299932003021
-12.093999862670898,3.246000051498413,1.212032437324524,6.170024394989014,0.06705769896507263,0.015486618503928185,0.08784196525812149,0.542630672454834
-12.093999862670898,4.245999813079834,1.1153761148452759,5.553906440734863,0.25329622626304626,2.445197820663452,0.13709551095962524,0.2693561017513275
-12.093999862670898,4.245999813079834,1.0638293027877808,2.9194176197052,0.06817539781332016,0.06918776035308838,0.1511891484260559,0.2259354591369629
-12.093999862670898,4.245999813079834,1.2044521570205688,6.137208461761475,0.0692865401506424,0.01798996888101101,0.00043139338959008455,0.5047084093093872
-12.093999862670898,5.245999813079834,1.1383030414581299,6.113948345184326,0.14385290443897247,1.975079894065857,0.04437527060508728,0.5361642837524414
-12.093999862670898,5.245999813079834,1.0863951444625854,3.0502898693084717,0.08096709847450256,0.1620016247034073,0.060630712658166885,0.17626000940799713
-12.093999862670898,5.245999813079834,1.1581388711929321,0.009020224213600159,0.07223334908485413,0.037111796438694,-0.0664406418800354,0.28757569193840027
-12.093999862670898,6.245999813079834,1.1906261444091797,5.309996128082275,0.33174586296081543,1.860508680343628,0.1042265072464943,0.3751320242881775
-12.093999862670898,6.245999813079834,1.1547043323516846,2.918987274169922,0.12963229417800903,0.19516342878341675,0.16907766461372375,0.35952839255332947
-12.093999862670898,6.245999813079834,1.1630908250808716,6.179437160491943,0.08919791877269745,0.07565638422966003,0.004000639542937279,0.26533958315849304
-12.093999862670898,7.245999813079834,1.1662087440490723,5.696774005889893,0.17863644659519196,2.255819082260132,0.23677374422550201,0.5985316038131714
-12.093999862670898,7.245999813079834,1.0630401372909546,3.1437103748321533,0.14492052793502808,0.4548770785331726,0.13603781163692474,0.2665236294269562
-12.093999862670898,7.245999813079834,1.0479960441589355,6.210336208343506,0.07640364021062851,0.1341678500175476,0.09687845408916473,0.13494478166103363
-12.093999862670898,8.246000289916992,1.215984582901001,5.718465328216553,0.40732669830322266,1.833486795425415,0.11006292700767517,0.37031614780426025
-12.093999862670898,8.246000289916992,0.8770940899848938,2.4341208934783936,0.10720478743314743,1.2549679279327393,0.07238048315048218,0.46375569701194763
-12.093999862670898,8.246000289916992,0.8305889964103699,5.882885456085205,0.06049547344446182,0.4152246415615082,0.1311618536710739,0.16592811048030853
-12.093999862670898,9.246000289916992,1.16860032081604,5.4520792961120605,0.7372338771820068,1.551267147064209,0.1875162422657013,0.14600645005702972
-12.093999862670898,9.246000289916992,0.7703984379768372,1.4126266241073608,0.04351799190044403,0.1885167807340622,-0.028831318020820618,0.3447754681110382
-12.093999862670898,9.246000289916992,0.7906304597854614,5.005708694458008,0.04143526777625084,0.2356962412595749,0.1074177622795105,0.5092180967330933
-12.093999862670898,10.246000289916992,1.288629174232483,5.745353698730469,1.070244312286377,2.6492207050323486,0.10569370537996292,0.10558869689702988
-12.093999862670898,10.246000289916992,1.0511448383331299,2.1411798000335693,0.08209873735904694,0.1524692326784134,0.21773947775363922,0.40267106890678406
-12.093999862670898,10.246000289916992,1.0541212558746338,5.350269317626953,0.08482756465673447,0.23491007089614868,0.07328199595212936,0.4917401969432831
-12.093999862670898,11.246000289916992,1.136336088180542,5.365825653076172,0.4139433801174164,1.94875168800354,0.11865491420030594,0.10982096940279007
-12.093999862670898,11.246000289916992,1.0303542613983154,2.2082772254943848,0.08072476834058762,0.08028877526521683,0.1182946190237999,0.43610987067222595
-12.093999862670898,11.246000289916992,1.0947438478469849,5.281132698059082,0.07486527413129807,0.12457152456045151,0.10336864739656448,0.4540691673755646
-12.093999862670898,12.246000289916992,1.1134319305419922,5.154653549194336,0.39737921953201294,2.2880568504333496,0.16904722154140472,0.3422369658946991
-12.093999862670898,12.246000289916992,1.0701003074645996,2.179896116256714,0.08350472897291183,0.05990501493215561,0.055741582065820694,0.49938568472862244
-12.093999862670898,12.246000289916992,1.1493886709213257,5.307101249694824,0.09782562404870987,0.10901407152414322,0.22443023324012756,0.15837740898132324
-12.093999862670898,13.246000289916992,1.1028803586959839,0.16247475147247314,0.27299806475639343,1.4325872659683228,0.22227345407009125,0.12976865470409393
-12.093999862670898,13.246000289916992,0.9996187090873718,2.0514912605285645,0.13245131075382233,0.254987508058548,0.14924553036689758,0.7917199730873108
-12.093999862670898,13.246000289916992,0.8907377123832703,4.859862327575684,0.11763659864664078,0.2635036110877991,0.18673311173915863,0.07851138710975647
-12.093999862670898,14.246000289916992,1.3764196634292603,0.06934100389480591,1.5097415447235107,1.9215171337127686,0.237324520945549,0.0071541485376656055
-12.093999862670898,14.246000289916992,0.9655474424362183,1.5326725244522095,0.049555711448192596,0.2640811502933502,0.09530499577522278,0.9917308688163757
-12.093999862670898,14.246000289916992,1.1317079067230225,1.3445733785629272,0.4647919237613678,0.8421428799629211,-0.0027552591636776924,0.001114920130930841
-12.093999862670898,15.246000289916992,1.3842302560806274,4.754563331604004,1.509299874305725,1.746962547302246,0.32431766390800476,0.028401263058185577
-12.093999862670898,15.246000289916992,0.9241969585418701,1.7148202657699585,0.04571228474378586,0.17820945382118225,-0.08007755875587463,0.21464188396930695
-12.093999862670898,15.246000289916992,1.0087223052978516,0.6692308187484741,0.051053524017333984,0.06484883278608322,-0.13179035484790802,0.7569568753242493
-12.093999862670898,16.246000289916992,1.2039480209350586,4.765759468078613,0.695181131362915,1.0874924659729004,0.26006880402565,0.018488993868231773
-12.093999862670898,16.246000289916992,1.064702033996582,1.129543423652649,0.057243745774030685,0.21100586652755737,0.002102827187627554,0.9797329902648926
-12.093999862670898,16.246000289916992,1.1963646411895752,0.39992237091064453,0.6906792521476746,1.292859673500061,0.3095968961715698,0.0017780857160687447
-12.093999862670898,17.246000289916992,1.357361078262329,3.7278878688812256,1.6974176168441772,1.5359488725662231,0.18133099377155304,0.0062672775238752365
-12.093999862670898,17.246000289916992,1.0901340246200562,0.9774219989776611,0.07036635279655457,0.12201745063066483,0.03929160162806511,0.9923166036605835
-12.093999862670898,17.246000289916992,1.1971690654754639,1.3857841491699219,0.4548608064651489,0.30768847465515137,0.1536475270986557,0.0014160664286464453
-12.093999862670898,18.246000289916992,1.1997400522232056,2.7346229553222656,0.3763118088245392,1.6937235593795776,0.08367905765771866,0.006643044296652079
-12.093999862670898,18.246000289916992,1.2400084733963013,1.438891887664795,0.08975596725940704,0.07104406505823135,0.023586995899677277,0.9931528568267822
-12.093999862670898,18.246000289916992,1.370365023612976,0.6499305367469788,0.7701711058616638,0.18234501779079437,0.07418949902057648,0.0002040535764535889
-12.093999862670898,19.246000289916992,1.0691642761230469,3.4068403244018555,0.34329095482826233,1.3972564935684204,0.08668242394924164,0.08968112617731094
-12.093999862670898,19.246000289916992,1.0095274448394775,1.7537384033203125,0.16937686502933502,0.13502131402492523,-0.1714450567960739,0.9075290560722351
-12.093999862670898,19.246000289916992,1.146573543548584,5.840156078338623,0.6549929976463318,0.904484212398529,0.38919851183891296,0.0027898158878087997
-12.093999862670898,20.246000289916992,1.0907542705535889,2.421032667160034,0.47923773527145386,1.5719808340072632,-0.004592942073941231,0.027822718024253845
-12.093999862670898,20.246000289916992,1.0620715618133545,1.833095908164978,0.10797595232725143,0.08586209267377853,0.015693658962845802,0.9560205340385437
-12.093999862670898,20.246000289916992,1.227433204650879,6.241427898406982,0.5008964538574219,0.16883234679698944,0.34649333357810974,0.016156673431396484
-12.093999862670898,21.246000289916992,0.9683884382247925,1.2811996936798096,0.4381241202354431,1.748660922050476,-0.04363277927041054,0.031849417835474014
-12.093999862670898,21.246000289916992,0.9655143022537231,1.8919754028320312,0.05905256047844887,0.06981254369020462,0.2123284786939621,0.8804517388343811
-12.093999862670898,21.246000289916992,1.2220654487609863,0.8125053644180298,0.37024256587028503,0.04131794720888138,0.2356390655040741,0.08769886195659637
-12.093999862670898,22.246000289916992,0.8819394111633301,1.2697012424468994,0.37179502844810486,1.334209680557251,0.009487343020737171,0.08331495523452759
-12.093999862670898,22.246000289916992,0.9312132596969604,2.0657098293304443,0.06149320304393768,0.051513671875,-0.017364803701639175,0.4092753529548645
-12.093999862670898,22.246000289916992,1.1877344846725464,0.8599401712417603,0.24218930304050446,0.05617857724428177,0.1575445979833603,0.5074096322059631
-12.093999862670898,23.246000289916992,0.9024389386177063,1.8471918106079102,0.4497666358947754,1.0564754009246826,0.11107711493968964,0.057292234152555466
-12.093999862670898,23.246000289916992,0.9203829765319824,2.2463061809539795,0.06171756237745285,0.04741807281970978,-0.22130008041858673,0.09740505367517471
-12.093999862670898,23.246000289916992,1.1492624282836914,0.7704524397850037,0.13410964608192444,0.11392548680305481,0.12038571387529373,0.8453027009963989
-11.093999862670898,-12.753999710083008,0.7993902564048767,4.55922794342041,0.2719590961933136,2.3288843631744385,0.2010304480791092,0.1897842288017273
-11.093999862670898,-12.753999710083008,0.5048351287841797,4.244724273681641,0.009940349496901035,0.050224363803863525,-0.2453644722700119,0.8088703751564026
-11.093999862670898,-12.753999710083008,0.8046433925628662,0.5576924085617065,0.14913643896579742,1.6280674934387207,0.1940426230430603,0.0013454019790515304
-11.093999862670898,-11.753999710083008,0.9967697262763977,1.6544687747955322,0.5409262180328369,3.499755859375,0.2952534854412079,0.021390041336417198
-11.093999862670898,-11.753999710083008,0.7514863014221191,4.615954875946045,0.02238539792597294,0.04530484601855278,-0.02141571044921875,0.7741897106170654
-11.093999862670898,-11.753999710083008,0.7726251482963562,5.700307846069336,0.0643586590886116,0.49839842319488525,0.33434098958969116,0.2044202834367752
-11.093999862670898,-10.753999710083008,1.0155096054077148,5.286182880401611,0.15549294650554657,1.145914912223816,-0.05878357216715813,0.2355625182390213
-11.093999862670898,-10.753999710083008,0.7157359719276428,3.330951690673828,0.10744193941354752,0.938457727432251,0.1347467452287674,0.01678164303302765
-11.093999862670898,-10.753999710083008,0.7180773615837097,4.814521312713623,0.017327433452010155,0.21822582185268402,0.03964310511946678,0.7476558089256287
-11.093999862670898,-9.753999710083008,0.8196786642074585,4.5187458992004395,0.1309663951396942,2.6617095470428467,-0.07898826152086258,0.20981323719024658
-11.093999862670898,-9.753999710083008,0.6508415937423706,2.0970516204833984,0.014474824070930481,0.15023861825466156,-0.2639034688472748,0.09136732667684555
-11.093999862670898,-9.753999710083008,0.6817670464515686,4.307690620422363,0.010730715468525887,0.3662753701210022,0.11374940723180771,0.6988193988800049
-11.093999862670898,-8.753999710083008,0.9271741509437561,4.696702480316162,0.0961243137717247,1.9248379468917847,0.24042822420597076,0.3116512894630432
-11.093999862670898,-8.753999710083008,0.7267308831214905,2.1892287731170654,0.078630231320858,0.945652961730957,-0.35646870732307434,0.40200042724609375
-11.093999862670898,-8.753999710083008,0.914111316204071,5.456136226654053,0.11953848600387573,1.84322190284729,-0.06742143630981445,0.28634828329086304
-11.093999862670898,-7.754000186920166,1.1394948959350586,4.712641716003418,0.31990817189216614,1.3173233270645142,0.37448495626449585,0.2192874699831009
-11.093999862670898,-7.754000186920166,0.9287735223770142,2.810091018676758,0.05750628933310509,1.313553810119629,-0.3006937503814697,0.41563716530799866
-11.093999862670898,-7.754000186920166,1.0841776132583618,0.9853220582008362,0.14296624064445496,0.5691277384757996,0.04022842273116112,0.36507534980773926
-11.093999862670898,-6.754000186920166,1.0039212703704834,0.3884209990501404,0.2373741865158081,3.8926961421966553,0.11237460374832153,0.26770561933517456
-11.093999862670898,-6.754000186920166,1.0421189069747925,4.0839457511901855,0.12902186810970306,0.20301659405231476,0.1565697342157364,0.5334054827690125
-11.093999862670898,-6.754000186920166,1.1272706985473633,1.0935076475143433,0.11616769433021545,0.1683100312948227,-0.2704354226589203,0.1988888531923294
-11.093999862670898,-5.754000186920166,1.0758061408996582,5.534371852874756,0.1403583139181137,1.017347812652588,0.03918479382991791,0.15827950835227966
-11.093999862670898,-5.754000186920166,0.8226063847541809,2.4853200912475586,0.044154901057481766,2.638821601867676,-0.17132192850112915,0.5198694467544556
-11.093999862670898,-5.754000186920166,1.0361400842666626,1.4747962951660156,0.21430961787700653,1.5149255990982056,-0.1657768189907074,0.32185110449790955
-11.093999862670898,-4.754000186920166,1.128509759902954,4.900012016296387,0.14865228533744812,1.1080344915390015,0.20536446571350098,0.26204612851142883
-11.093999862670898,-4.754000186920166,0.9401856660842896,1.4645564556121826,0.16828154027462006,0.518214225769043,0.16419824957847595,0.6736409664154053
-11.093999862670898,-4.754000186920166,0.9175863265991211,5.514995574951172,0.07046286761760712,0.2741663455963135,0.1915690302848816,0.0643128752708435
-11.093999862670898,-3.753999948501587,1.2023146152496338,5.855831623077393,0.05706681311130524,1.8714593648910522,5.9724079619627446e-05,0.727424144744873
-11.093999862670898,-3.753999948501587,1.2757325172424316,3.2468249797821045,0.33788353204727173,1.0927128791809082,0.16660098731517792,0.09459993988275528
-11.093999862670898,-3.753999948501587,1.2469913959503174,0.34520766139030457,0.1261366754770279,0.030305642634630203,0.01893424056470394,0.17797593772411346
-11.093999862670898,-2.753999948501587,1.1796505451202393,0.5378300547599792,0.13055214285850525,1.5060701370239258,0.12178561836481094,0.9025910496711731
-11.093999862670898,-2.753999948501587,0.8906177282333374,3.176135301589966,0.09384933859109879,0.49938955903053284,0.3482339084148407,0.04613272473216057
-11.093999862670898,-2.753999948501587,0.9531034231185913,0.48212334513664246,0.07486013323068619,0.05612972378730774,-0.16397534310817719,0.05127622187137604
-11.093999862670898,-1.753999948501587,1.2445831298828125,5.416918754577637,0.15924611687660217,1.630120038986206,-0.15428200364112854,0.3683725893497467
-11.093999862670898,-1.753999948501587,1.0159592628479004,1.5608456134796143,0.05223661661148071,0.1876562386751175,-0.13306593894958496,0.4598659574985504
-11.093999862670898,-1.753999948501587,1.0644159317016602,5.3746747970581055,0.042716942727565765,0.3503432273864746,-0.059640154242515564,0.17176146805286407
-11.093999862670898,-0.7540000081062317,1.3083003759384155,5.484588146209717,0.6014779806137085,2.47969126701355,0.1983231008052826,0.3880535960197449
-11.093999862670898,-0.7540000081062317,1.0290776491165161,2.7192764282226562,0.17691698670387268,0.47483837604522705,0.01939426362514496,0.2943766117095947
-11.093999862670898,-0.7540000081062317,0.97992342710495,0.04779462516307831,0.08050537109375,0.12016154825687408,0.09549810737371445,0.317569762468338
-11.093999862670898,0.2460000067949295,1.0871517658233643,3.001094102859497,0.4068118631839752,1.8503391742706299,0.3115837872028351,0.3864768445491791
-11.093999862670898,0.2460000067949295,0.8520063757896423,3.0820579528808594,0.07854694873094559,0.3045082092285156,-0.24717314541339874,0.5827931761741638
-11.093999862670898,0.2460000067949295,0.9338815212249756,5.5606465339660645,0.07109052687883377,0.32781827449798584,0.18082034587860107,0.030729990452528
-11.093999862670898,1.246000051498413,1.1487735509872437,0.21484321355819702,0.7448476552963257,2.549330234527588,0.1939825713634491,0.0988980159163475
-11.093999862670898,1.246000051498413,0.6065595149993896,3.1048972606658936,0.027041461318731308,0.3249129056930542,-0.27322497963905334,0.8525845408439636
-11.093999862670898,1.246000051498413,0.768265426158905,5.4953131675720215,0.04607069119811058,0.36380061507225037,0.22225336730480194,0.04851746931672096
-11.093999862670898,2.246000051498413,1.1791969537734985,0.15789486467838287,0.32764557003974915,2.19449520111084,0.09493961185216904,0.4015384018421173
-11.093999862670898,2.246000051498413,1.1005496978759766,3.0377488136291504,0.09074649959802628,0.07977882027626038,0.06552887707948685,0.3184473514556885
-11.093999862670898,2.246000051498413,1.2111811637878418,6.16092586517334,0.07875142991542816,0.026190293952822685,0.09848389774560928,0.2800142168998718
-11.093999862670898,3.246000051498413,1.2937920093536377,6.189784049987793,1.0271953344345093,2.5815558433532715,0.09274423122406006,0.15802231431007385
-11.093999862670898,3.246000051498413,1.2061022520065308,3.101310968399048,0.09074139595031738,0.0545753575861454,-0.021132607012987137,0.3397562801837921
-11.093999862670898,3.246000051498413,1.1601738929748535,6.193085670471191,0.05514686554670334,0.02472914382815361,-0.035047706216573715,0.5022214651107788
-11.093999862670898,4.245999813079834,1.1315555572509766,5.446656227111816,0.21900281310081482,2.690126657485962,0.10811639577150345,0.18359969556331635
-11.093999862670898,4.245999813079834,1.1093980073928833,2.9230220317840576,0.061699818819761276,0.07381628453731537,0.15621250867843628,0.29732438921928406
-11.093999862670898,4.245999813079834,1.3040223121643066,6.159694194793701,0.07517759501934052,0.02062969096004963,-0.06001237779855728,0.5190759301185608
-11.093999862670898,5.245999813079834,1.2002395391464233,5.666717052459717,0.24337130784988403,2.0479891300201416,0.11654768884181976,0.3479723334312439
-11.093999862670898,5.245999813079834,1.1050008535385132,3.0374107360839844,0.0784599706530571,0.1462220847606659,0.21018311381340027,0.25082358717918396
-11.093999862670898,5.245999813079834,1.144932508468628,6.145179748535156,0.07099495828151703,0.044265471398830414,0.040739841759204865,0.40120404958724976
-11.093999862670898,6.245999813079834,1.0970768928527832,5.036195278167725,0.1943618804216385,1.7375391721725464,0.18079827725887299,0.6242070198059082
-11.093999862670898,6.245999813079834,1.0981873273849487,3.005303382873535,0.12496192008256912,0.20261356234550476,0.14055243134498596,0.24214953184127808
-11.093999862670898,6.245999813079834,1.2788281440734863,6.106671333312988,0.12235692143440247,0.05688058212399483,0.13432343304157257,0.13364340364933014
-11.093999862670898,7.245999813079834,1.129098892211914,4.8795084953308105,0.14631697535514832,1.601415991783142,0.2508266270160675,0.42884087562561035
-11.093999862670898,7.245999813079834,0.9234039187431335,2.718540906906128,0.12072720378637314,1.0330499410629272,0.2349715530872345,0.3594176173210144
-11.093999862670898,7.245999813079834,0.9940406084060669,0.043710410594940186,0.07794754207134247,0.12353931367397308,0.1924268901348114,0.21174144744873047
-11.093999862670898,8.246000289916992,1.2133158445358276,5.024240493774414,0.2614977955818176,2.0323452949523926,0.21171405911445618,0.19145114719867706
-11.093999862670898,8.246000289916992,0.9187831282615662,2.417367458343506,0.11201716959476471,3.1929523944854736,0.03529137372970581,0.6178256869316101
-11.093999862670898,8.246000289916992,0.9279584884643555,5.657980918884277,0.08412221074104309,1.1890745162963867,0.10507898777723312,0.19072313606739044
-11.093999862670898,9.246000289916992,1.4215168952941895,5.952081203460693,0.5123502016067505,1.4338557720184326,0.1564859300851822,0.30550363659858704
-11.093999862670898,9.246000289916992,1.069994330406189,1.7549375295639038,0.11346236616373062,0.506980299949646,0.08164379745721817,0.47299766540527344
-11.093999862670898,9.246000289916992,0.9669592976570129,4.777034759521484,0.06531593948602676,0.544885516166687,0.15169884264469147,0.22149866819381714
-11.093999862670898,10.246000289916992,1.3171603679656982,0.9677309393882751,0.5815606713294983,1.6578021049499512,-0.006103288847953081,0.2486495077610016
-11.093999862670898,10.246000289916992,1.1255381107330322,2.330418825149536,0.07764250785112381,0.0672387033700943,0.3536614179611206,0.2917003631591797
-11.093999862670898,10.246000289916992,1.0863432884216309,5.121969699859619,0.09720857441425323,0.3255464732646942,0.08997919410467148,0.4596501588821411
-11.093999862670898,11.246000289916992,1.176688551902771,0.5314467549324036,0.41634076833724976,1.5964672565460205,0.09083886444568634,0.09962011128664017
-11.093999862670898,11.246000289916992,1.096445083618164,2.1061437129974365,0.09003204107284546,0.09464151412248611,0.18664200603961945,0.38366934657096863
-11.093999862670898,11.246000289916992,1.1584678888320923,5.096719264984131,0.08055219799280167,0.15717551112174988,0.1864214390516281,0.5167105197906494
-11.093999862670898,12.246000289916992,1.3318825960159302,5.099579811096191,1.1679694652557373,2.630811929702759,0.14830201864242554,0.08718273788690567
-11.093999862670898,12.246000289916992,1.0976027250289917,2.0323688983917236,0.09268813580274582,0.0761084258556366,0.11322564631700516,0.41250157356262207
-11.093999862670898,12.246000289916992,0.966401994228363,4.756583213806152,0.0517493300139904,0.21561720967292786,0.20677651464939117,0.5003156065940857
-11.093999862670898,13.246000289916992,1.175126075744629,0.9152422547340393,0.25921788811683655,1.18704092502594,0.055551301687955856,0.03890596702694893
-11.093999862670898,13.246000289916992,1.0869238376617432,1.7292907238006592,0.1055302768945694,0.18435069918632507,0.4652647376060486,0.9504597187042236
-11.093999862670898,13.246000289916992,0.9259780645370483,5.018410682678223,0.1812618374824524,0.6539854407310486,0.09471049159765244,0.010634314268827438
-11.093999862670898,14.246000289916992,1.1825122833251953,4.9819560050964355,0.8543006181716919,1.4561303853988647,0.45738133788108826,0.006173664703965187
-11.093999862670898,14.246000289916992,0.8734648823738098,1.8207093477249146,0.028390442952513695,0.1908866912126541,-0.19674146175384521,0.7495865225791931
-11.093999862670898,14.246000289916992,0.9288198351860046,0.4215097725391388,0.08623582869768143,0.3806357979774475,0.02604532800614834,0.24423983693122864
-11.093999862670898,15.246000289916992,1.3717197179794312,4.774471282958984,2.6067826747894287,1.122533917427063,0.3824871778488159,0.03306295722723007
-11.093999862670898,15.246000289916992,0.8957796692848206,1.2538398504257202,0.03686060383915901,0.2580402195453644,-0.3173433840274811,0.8868837952613831
-11.093999862670898,15.246000289916992,1.098497748374939,1.240825891494751,0.2318962961435318,0.4965182840824127,0.029269643127918243,0.08005323261022568
-11.093999862670898,16.246000289916992,1.3182868957519531,0.36766231060028076,2.0986173152923584,1.1603206396102905,0.2414718121290207,0.08403017371892929
-11.093999862670898,16.246000289916992,1.0031580924987793,1.1402918100357056,0.05062311887741089,0.08744405210018158,-0.27790001034736633,0.915105938911438
-11.093999862670898,16.246000289916992,1.2897754907608032,0.7328150868415833,1.0478538274765015,1.5849462747573853,0.2579994201660156,0.0008638525032438338
-11.093999862670898,17.246000289916992,1.7304916381835938,5.059140682220459,17.07275390625,1.093124508857727,0.31599292159080505,0.001591142499819398
-11.093999862670898,17.246000289916992,1.1743603944778442,1.0750985145568848,0.03570204973220825,0.16964390873908997,-0.2641910910606384,0.842842161655426
-11.093999862670898,17.246000289916992,1.4586195945739746,1.2658500671386719,0.34458673000335693,0.10843562334775925,-0.1589544415473938,0.15556678175926208
-11.093999862670898,18.246000289916992,1.313650369644165,1.2661385536193848,0.6109403371810913,2.1298420429229736,-0.0200144462287426,0.012290523387491703
-11.093999862670898,18.246000289916992,1.096799373626709,1.5044561624526978,0.09637264907360077,0.15706917643547058,0.19457603991031647,0.9856237173080444
-11.093999862670898,18.246000289916992,1.3816132545471191,0.7267524003982544,0.4190487563610077,0.0874980017542839,-0.02197646163403988,0.0020857774652540684
-11.093999862670898,19.246000289916992,1.1492431163787842,2.394268035888672,0.6296857595443726,2.355229377746582,0.26492175459861755,0.0040818629786372185
-11.093999862670898,19.246000289916992,1.1705076694488525,1.4092963933944702,0.12139399349689484,0.06922803819179535,-0.01319796685129404,0.9959059953689575
-11.093999862670898,19.246000289916992,1.151127576828003,0.0019948333501815796,0.4659710228443146,0.8163922429084778,0.1403050273656845,1.2110052011848893e-05
-11.093999862670898,20.246000289916992,0.9841636419296265,2.860470771789551,0.3117155432701111,2.1826586723327637,0.15824231505393982,0.0051822355017066
-11.093999862670898,20.246000289916992,1.102789044380188,1.5531538724899292,0.10257797688245773,0.05643341317772865,-0.1263507753610611,0.9947975873947144
-11.093999862670898,20.246000289916992,1.1648836135864258,5.733484745025635,0.7981618046760559,1.1866098642349243,0.17986685037612915,2.0101009795325808e-05
-11.093999862670898,21.246000289916992,0.9320124983787537,1.6713368892669678,0.21724644303321838,2.1827552318573,-0.026961807161569595,0.0344616174697876
-11.093999862670898,21.246000289916992,1.0026651620864868,1.5652210712432861,0.103586345911026,0.07219822704792023,-0.08625312894582748,0.9606507420539856
-11.093999862670898,21.246000289916992,1.1035059690475464,5.763808727264404,0.5550599098205566,0.397855669260025,0.08379385620355606,0.004887616261839867
-11.093999862670898,22.246000289916992,0.9005135893821716,0.3045261800289154,0.25869354605674744,2.036808729171753,-0.2565743625164032,0.017041029408574104
-11.093999862670898,22.246000289916992,0.9800094366073608,1.2935465574264526,0.08643817156553268,0.07087236642837524,0.048172470182180405,0.9714919924736023
-11.093999862670898,22.246000289916992,1.1157455444335938,6.10772705078125,0.6270127296447754,0.38485103845596313,-0.07071151584386826,0.01146699022501707
-11.093999862670898,23.246000289916992,0.9772718548774719,5.914057731628418,0.47425761818885803,2.1422231197357178,-0.34624528884887695,0.0044243838638067245
-11.093999862670898,23.246000289916992,1.0705498456954956,1.1940830945968628,0.09359730780124664,0.08346830308437347,0.12108276784420013,0.9837132692337036
-11.093999862670898,23.246000289916992,1.1136894226074219,6.037553310394287,0.5790794491767883,0.3729466199874878,-0.21375633776187897,0.01186235062777996
-10.093999862670898,-11.753999710083008,1.0290833711624146,0.6143300533294678,0.25516679883003235,2.243185520172119,0.2617435157299042,0.26794934272766113
-10.093999862670898,-11.753999710083008,0.7594876885414124,4.437870979309082,0.029358701780438423,0.21565178036689758,0.039824675768613815,0.6097830533981323
-10.093999862670898,-11.753999710083008,0.901623547077179,6.220553874969482,0.08340800553560257,0.554865300655365,0.08817978203296661,0.12226763367652893
-10.093999862670898,-10.753999710083008,0.7527234554290771,5.554033279418945,0.19313128292560577,2.1500096321105957,0.004695902578532696,0.29360368847846985
-10.093999862670898,-10.753999710083008,0.5821483135223389,2.1579573154449463,0.03855519741773605,0.2236013561487198,0.06187421828508377,0.37602752447128296
-10.093999862670898,-10.753999710083008,0.6737000942230225,4.263182163238525,0.029871998354792595,0.6456201076507568,0.1478322446346283,0.3303687870502472
-10.093999862670898,-9.753999710083008,0.7922470569610596,3.9644389152526855,0.13678260147571564,1.3249326944351196,-0.015156141482293606,0.37569689750671387
-10.093999862670898,-9.753999710083008,0.5742908120155334,1.6760227680206299,0.02902737259864807,0.31927913427352905,-0.17544466257095337,0.18613602221012115
-10.093999862670898,-9.753999710083008,0.6551764607429504,4.859273910522461,0.021190965548157692,0.9819257259368896,0.04012623801827431,0.4381670355796814
-10.093999862670898,-8.753999710083008,0.9915889501571655,4.574732780456543,0.11033857613801956,1.8418997526168823,0.19648206233978271,0.6151824593544006
-10.093999862670898,-8.753999710083008,0.7748955488204956,1.7430176734924316,0.04848353564739227,0.42218783497810364,0.04842487350106239,0.335154265165329
-10.093999862670898,-8.753999710083008,0.8536573648452759,4.954501152038574,0.061114344745874405,0.6636084318161011,0.12606605887413025,0.049663327634334564
-10.093999862670898,-7.754000186920166,0.945345938205719,5.2807769775390625,0.15390430390834808,2.702742576599121,0.24054093658924103,0.36536845564842224
-10.093999862670898,-7.754000186920166,0.8590263724327087,3.709901809692383,0.0791683942079544,1.1196070909500122,-0.07001958787441254,0.36934956908226013
-10.093999862670898,-7.754000186920166,0.9968228936195374,0.8973599076271057,0.07116716355085373,0.11633411049842834,-0.2092248797416687,0.26528194546699524
-10.093999862670898,-6.754000186920166,1.019855260848999,0.35767751932144165,0.17209599912166595,3.2306418418884277,0.2114569991827011,0.3643597364425659
-10.093999862670898,-6.754000186920166,0.8742727041244507,4.026829242706299,0.09397304803133011,0.34035059809684753,0.19926851987838745,0.43704402446746826
-10.093999862670898,-6.754000186920166,0.9371961355209351,1.0993398427963257,0.07179524004459381,0.1758926510810852,-0.15962421894073486,0.19859623908996582
-10.093999862670898,-5.754000186920166,1.0817782878875732,5.910614967346191,0.12943562865257263,2.3712782859802246,0.11248239129781723,0.1508733034133911
-10.093999862670898,-5.754000186920166,0.9694357514381409,3.436350107192993,0.07368867844343185,0.7627227306365967,0.07575413584709167,0.6853658556938171
-10.093999862670898,-5.754000186920166,1.0442522764205933,1.2061392068862915,0.16870588064193726,0.496417760848999,-0.23541289567947388,0.16376084089279175
-10.093999862670898,-4.754000186920166,1.1004643440246582,4.961158275604248,0.09381385892629623,2.139092206954956,0.18039806187152863,0.4785294532775879
-10.093999862670898,-4.754000186920166,0.9860045313835144,2.657363176345825,0.07500765472650528,0.45031338930130005,0.09854898601770401,0.3172573447227478
-10.093999862670898,-4.754000186920166,1.0141879320144653,0.2712550163269043,0.04308148846030235,0.09889370203018188,-0.07920628041028976,0.2042131870985031
-10.093999862670898,-3.753999948501587,1.2986314296722412,5.887660980224609,0.338657408952713,2.441584825515747,0.13305342197418213,0.42634788155555725
-10.093999862670898,-3.753999948501587,0.9858673810958862,3.3817687034606934,0.12400476634502411,0.990304708480835,0.12738268077373505,0.23771382868289948
-10.093999862670898,-3.753999948501587,1.2036845684051514,0.3516046702861786,0.1032719686627388,0.027944399043917656,-0.05729352682828903,0.3359382450580597
-10.093999862670898,-2.753999948501587,1.1053316593170166,6.230947017669678,0.12108932435512543,2.078974723815918,0.2054700404405594,0.7607243657112122
-10.093999862670898,-2.753999948501587,0.949571967124939,3.5632784366607666,0.09395075589418411,0.6129992008209229,0.1213320717215538,0.0852612555027008
-10.093999862670898,-2.753999948501587,1.2032732963562012,0.23230323195457458,0.09929952770471573,0.016942566260695457,-0.0062243700958788395,0.15401434898376465
-10.093999862670898,-1.753999948501587,1.1719881296157837,5.307411193847656,0.12636633217334747,0.978306770324707,0.01156272366642952,0.4662363827228546
-10.093999862670898,-1.753999948501587,0.984480619430542,2.307590961456299,0.11222939938306808,0.6356733441352844,0.18066449463367462,0.37524765729904175
-10.093999862670898,-1.753999948501587,1.04604971408844,6.0153303146362305,0.072553351521492,0.13612036406993866,-0.02041335590183735,0.15851595997810364
-10.093999862670898,-0.7540000081062317,1.2143723964691162,5.468758583068848,0.18235597014427185,1.9192882776260376,0.13325141370296478,0.7426766157150269
-10.093999862670898,-0.7540000081062317,1.2135100364685059,2.6913585662841797,0.1881536990404129,0.42265042662620544,0.25776243209838867,0.18902543187141418
-10.093999862670898,-0.7540000081062317,1.0207375288009644,6.052757740020752,0.06346095353364944,0.08657064288854599,-0.008559961803257465,0.06829790025949478
-10.093999862670898,0.2460000067949295,1.1083099842071533,4.5492777824401855,0.3142859935760498,1.7582560777664185,-0.014408815652132034,0.215995192527771
-10.093999862670898,0.2460000067949295,0.7225276231765747,1.3696843385696411,0.07003844529390335,1.8796615600585938,0.1064729392528534,0.09139708429574966
-10.093999862670898,0.2460000067949295,0.7114890217781067,0.07896670699119568,0.015170223079621792,0.23168820142745972,-0.007053270470350981,0.6926077008247375
-10.093999862670898,1.246000051498413,1.247039794921875,0.3860912024974823,1.044532299041748,1.749496340751648,0.03716812655329704,0.21602362394332886
-10.093999862670898,1.246000051498413,0.7318029999732971,2.8383307456970215,0.05091040953993797,0.9122399687767029,0.0710233747959137,0.3038511872291565
-10.093999862670898,1.246000051498413,0.6615254282951355,6.17726469039917,0.018932096660137177,0.1624605655670166,0.08013579994440079,0.48012518882751465
-10.093999862670898,2.246000051498413,1.167027473449707,5.403894424438477,0.30839312076568604,3.197026491165161,0.1756245195865631,0.26703357696533203
-10.093999862670898,2.246000051498413,1.1532423496246338,3.138808488845825,0.10002236068248749,0.06510484963655472,-0.018077826127409935,0.3654402792453766
-10.093999862670898,2.246000051498413,1.2640810012817383,6.238377094268799,0.08412391692399979,0.019514568150043488,0.08770371973514557,0.367526113986969
-10.093999862670898,3.246000051498413,1.1256568431854248,4.784831523895264,0.45459088683128357,2.7252109050750732,0.08712458610534668,0.10044939815998077
-10.093999862670898,3.246000051498413,1.223256230354309,2.973676919937134,0.10035903006792068,0.04949544370174408,-0.002933869604021311,0.3363897502422333
-10.093999862670898,3.246000051498413,1.2262381315231323,6.1554131507873535,0.07136420160531998,0.021801279857754707,-0.01918618008494377,0.5631608963012695
-10.093999862670898,4.245999813079834,1.120189905166626,5.031947135925293,0.25941383838653564,2.2145795822143555,0.09460241347551346,0.3742583096027374
-10.093999862670898,4.245999813079834,1.1198967695236206,2.9696409702301025,0.07809673249721527,0.07701154798269272,0.11375144124031067,0.27963533997535706
-10.093999862670898,4.245999813079834,1.1916512250900269,6.161411285400391,0.07338779419660568,0.028029849752783775,-0.01934930682182312,0.3461063802242279
-10.093999862670898,5.245999813079834,1.2002382278442383,5.979085922241211,0.3740510642528534,2.044698715209961,0.12012987583875656,0.37112343311309814
-10.093999862670898,5.245999813079834,1.0687789916992188,3.042720317840576,0.09261095523834229,0.18113172054290771,0.171136274933815,0.23927144706249237
-10.093999862670898,5.245999813079834,1.0669764280319214,6.113944053649902,0.06713101267814636,0.045493487268686295,0.0475655235350132,0.3896051049232483
-10.093999862670898,6.245999813079834,1.1973028182983398,5.480868816375732,0.30598291754722595,1.922843098640442,0.14083930850028992,0.4065573215484619
-10.093999862670898,6.245999813079834,1.1550524234771729,2.9968395233154297,0.13197919726371765,0.19946029782295227,0.13049255311489105,0.3644159734249115
-10.093999862670898,6.245999813079834,1.0609517097473145,6.149966239929199,0.07623567432165146,0.11865665018558502,0.024739354848861694,0.22902673482894897
-10.093999862670898,7.245999813079834,1.1352070569992065,4.574754238128662,0.1988927721977234,1.0437859296798706,0.3354579210281372,0.30304306745529175
-10.093999862670898,7.245999813079834,0.9302351474761963,2.4173574447631836,0.08157501369714737,1.4211772680282593,0.04242556169629097,0.30450913310050964
-10.093999862670898,7.245999813079834,0.8842646479606628,6.100614547729492,0.05342580005526543,0.16214671730995178,0.13709034025669098,0.3924477696418762
-10.093999862670898,8.246000289916992,1.1627998352050781,5.156192302703857,0.2168016880750656,2.197246789932251,0.1500369906425476,0.26646456122398376
-10.093999862670898,8.246000289916992,0.9523967504501343,2.4000988006591797,0.11238536983728409,0.3662594258785248,0.05719660595059395,0.22232897579669952
-10.093999862670898,8.246000289916992,0.8956263661384583,5.360808372497559,0.05002961680293083,0.21867617964744568,0.06705231219530106,0.5112064480781555
-10.093999862670898,9.246000289916992,1.1875461339950562,5.9835333824157715,0.2977946400642395,2.1138086318969727,-0.0010682247811928391,0.3607683479785919
-10.093999862670898,9.246000289916992,1.1280750036239624,2.4202466011047363,0.07927747815847397,0.035397738218307495,0.13578419387340546,0.39066073298454285
-10.093999862670898,9.246000289916992,1.1155444383621216,5.424077033996582,0.07520609349012375,0.0797652006149292,0.0975419208407402,0.24857096374034882
-10.093999862670898,10.246000289916992,1.1632928848266602,0.92592853307724,0.30539610981941223,2.3932862281799316,-0.02025887556374073,0.32026928663253784
-10.093999862670898,10.246000289916992,1.1373461484909058,2.2892749309539795,0.06673288345336914,0.04335973039269447,0.2538478970527649,0.3039276897907257
-10.093999862670898,10.246000289916992,1.17287278175354,5.126809120178223,0.08019673079252243,0.0784541517496109,0.17928728461265564,0.37580305337905884
-10.093999862670898,11.246000289916992,1.2058764696121216,5.110165119171143,0.36327680945396423,1.9235506057739258,0.09002909809350967,0.09403546154499054
-10.093999862670898,11.246000289916992,1.1800155639648438,2.130420446395874,0.09735126048326492,0.05755447596311569,0.2367917001247406,0.28464779257774353
-10.093999862670898,11.246000289916992,1.158936619758606,4.892632484436035,0.07036785781383514,0.08127705752849579,0.1802699714899063,0.6213167309761047
-10.093999862670898,12.246000289916992,1.2412455081939697,5.580830097198486,0.49786657094955444,1.7151143550872803,0.14034403860569,0.05312003195285797
-10.093999862670898,12.246000289916992,1.1141654253005981,1.807746410369873,0.10941837728023529,0.048440590500831604,0.14974476397037506,0.3380848467350006
-10.093999862670898,12.246000289916992,1.0015175342559814,4.58913516998291,0.04498407989740372,0.09937828034162521,0.20922718942165375,0.6087951064109802
-10.093999862670898,13.246000289916992,0.9872618317604065,0.22334934771060944,0.31218916177749634,1.4193027019500732,-0.07695511728525162,0.11695046722888947
-10.093999862670898,13.246000289916992,1.067633867263794,1.5571290254592896,0.06833231449127197,0.03456660732626915,0.2902378439903259,0.8368269801139832
-10.093999862670898,13.246000289916992,1.2231265306472778,0.022818803787231445,0.3741789758205414,0.15877345204353333,0.10238028317689896,0.04622259363532066
-10.093999862670898,14.246000289916992,1.2497014999389648,0.7670660614967346,0.8961116075515747,1.2035801410675049,0.31139230728149414,0.07367715984582901
-10.093999862670898,14.246000289916992,0.8601450324058533,1.5510740280151367,0.031555842608213425,0.06955955922603607,0.07735872268676758,0.8497360348701477
-10.093999862670898,14.246000289916992,1.0028334856033325,1.4428966045379639,0.1367943435907364,0.13590356707572937,0.02633962780237198,0.07658681273460388
-10.093999862670898,15.246000289916992,1.169851541519165,0.43573862314224243,0.8705167174339294,1.2387977838516235,0.10080822557210922,0.0482836551964283
-10.093999862670898,15.246000289916992,0.9258832931518555,1.3990980386734009,0.033740684390068054,0.03856900706887245,-0.11355836689472198,0.7148706316947937
-10.093999862670898,15.246000289916992,1.1176090240478516,1.1562682390213013,0.21226346492767334,0.14507639408111572,-0.05131705477833748,0.2368456870317459
-10.093999862670898,16.246000289916992,1.305082082748413,6.209191799163818,0.7333515286445618,1.335390567779541,0.2714023292064667,0.06603050231933594
-10.093999862670898,16.246000289916992,1.102233648300171,1.2636659145355225,0.0584990568459034,0.058830179274082184,-0.16887739300727844,0.9326215386390686
-10.093999862670898,16.246000289916992,1.2381864786148071,0.5664825439453125,0.5726362466812134,0.7635377049446106,0.2104162573814392,0.0013479373883455992
-10.093999862670898,17.246000289916992,1.1612317562103271,0.06293289363384247,0.8001415133476257,1.0124609470367432,0.36760327219963074,0.03765767067670822
-10.093999862670898,17.246000289916992,1.1021089553833008,0.984717071056366,0.07653199136257172,0.12182406336069107,-0.22205820679664612,0.9467350244522095
-10.093999862670898,17.246000289916992,1.11942720413208,0.1430661827325821,0.3414306342601776,0.3100965619087219,0.14421266317367554,0.015607339330017567
-10.093999862670898,18.246000289916992,1.1763752698898315,2.650031328201294,0.5269464254379272,1.2247874736785889,0.22961729764938354,0.011524331755936146
-10.093999862670898,18.246000289916992,1.1120094060897827,1.1825611591339111,0.12616948783397675,0.14499765634536743,-0.27772724628448486,0.9883395433425903
-10.093999862670898,18.246000289916992,1.1128777265548706,6.193524360656738,0.8084381222724915,1.1970298290252686,0.2627220153808594,0.00013613120245281607
-10.093999862670898,19.246000289916992,0.9357672333717346,1.135054588317871,0.31554701924324036,1.5714672803878784,0.11514811217784882,0.01122358813881874
-10.093999862670898,19.246000289916992,0.9806875586509705,1.2643688917160034,0.08478892594575882,0.11038622260093689,0.06874342262744904,0.9875636696815491
-10.093999862670898,19.246000289916992,1.1955817937850952,0.3434334397315979,0.7087361812591553,0.33397337794303894,0.24264952540397644,0.001212752191349864
-10.093999862670898,20.246000289916992,0.929035484790802,5.1595587730407715,0.31531664729118347,1.077078938484192,-0.07341103255748749,0.04681834578514099
-10.093999862670898,20.246000289916992,0.9922506213188171,1.4582451581954956,0.11642695218324661,0.08078424632549286,0.04386020451784134,0.8880816698074341
-10.093999862670898,20.246000289916992,1.1796786785125732,0.11419028043746948,0.894422709941864,0.27151671051979065,0.30678802728652954,0.06510002911090851
-10.093999862670898,21.246000289916992,1.181901454925537,2.5364043712615967,3.1702795028686523,1.4867489337921143,-0.08534357696771622,0.0006003968883305788
-10.093999862670898,21.246000289916992,0.9972004294395447,1.40286386013031,0.08030391484498978,0.0683131217956543,0.07828012108802795,0.9276697635650635
-10.093999862670898,21.246000289916992,1.086241364479065,6.2774529457092285,0.6262012124061584,0.3382950723171234,0.12479526549577713,0.07172982394695282
-10.093999862670898,22.246000289916992,1.4102460145950317,1.5418939590454102,19.824167251586914,3.405421495437622,-0.06558450311422348,3.3352789614582434e-05
-10.093999862670898,22.246000289916992,0.9375357031822205,1.6425317525863647,0.06625483930110931,0.09571705758571625,0.10078778117895126,0.9677401781082153
-10.093999862670898,22.246000289916992,0.9829745888710022,5.885682582855225,0.22016990184783936,0.19761206209659576,-0.1678096055984497,0.032226428389549255
-10.093999862670898,23.246000289916992,1.5122696161270142,5.601541996002197,57.09708786010742,4.905157566070557,-0.05221322923898697,5.82201209908817e-06
-10.093999862670898,23.246000289916992,0.9297966957092285,1.7906914949417114,0.05671375244855881,0.1165856122970581,0.05412892624735832,0.9778881072998047
-10.093999862670898,23.246000289916992,0.9808693528175354,5.57405948638916,0.14983579516410828,0.15832729637622833,-0.32734546065330505,0.02210603654384613
-9.093999862670898,-11.753999710083008,0.9795770049095154,2.987499713897705,0.14951612055301666,1.1671392917633057,0.04874401539564133,0.09426148235797882
-9.093999862670898,-11.753999710083008,0.7919674515724182,3.7580015659332275,0.05623970180749893,1.7151676416397095,0.030823245644569397,0.3776766359806061
-9.093999862670898,-11.753999710083008,1.006886601448059,0.6019213795661926,0.09328290075063705,0.24601921439170837,-0.08921697735786438,0.5280618667602539
-9.093999862670898,-10.753999710083008,0.7379857897758484,4.469349384307861,0.2077827751636505,1.3966275453567505,0.08201669901609421,0.07353450357913971
-9.093999862670898,-10.753999710083008,0.532511293888092,1.856972575187683,0.03334290161728859,0.9355995059013367,-0.04298579692840576,0.056770969182252884
-9.093999862670898,-10.753999710083008,0.639438807964325,4.224417686462402,0.015493539161980152,0.5344575047492981,0.1505494862794876,0.8696945309638977
-9.093999862670898,-9.753999710083008,0.8139541745185852,4.4885149002075195,0.2320551872253418,1.4341278076171875,0.18540169298648834,0.2002231925725937
-9.093999862670898,-9.753999710083008,0.5706741809844971,1.4843511581420898,0.032030973583459854,0.6607608199119568,0.04033041000366211,0.0965038314461708
-9.093999862670898,-9.753999710083008,0.643233060836792,5.150411605834961,0.018041985109448433,0.6640771627426147,-0.00890152808278799,0.7032729983329773
-9.093999862670898,-8.753999710083008,1.0759491920471191,4.561275005340576,0.3649681508541107,1.344909906387329,0.09619660675525665,0.16802580654621124
-9.093999862670898,-8.753999710083008,0.7597067356109619,1.2809300422668457,0.04153641313314438,0.5058432817459106,0.16924110054969788,0.39246970415115356
-9.093999862670898,-8.753999710083008,0.7928332686424255,4.831387042999268,0.024719757959246635,0.32323822379112244,0.1765819936990738,0.4395045042037964
-9.093999862670898,-7.754000186920166,1.1597822904586792,1.9850939512252808,1.1480803489685059,3.2923498153686523,0.20853210985660553,0.03248089551925659
-9.093999862670898,-7.754000186920166,0.7445510029792786,4.204152584075928,0.05014564469456673,0.7523010969161987,-0.021535690873861313,0.7554064393043518
-9.093999862670898,-7.754000186920166,0.8797138929367065,1.1949611902236938,0.07327674329280853,0.4847688376903534,-0.24954922497272491,0.21211260557174683
-9.093999862670898,-6.754000186920166,1.0497586727142334,3.266146421432495,0.1351975053548813,2.437293529510498,0.15550164878368378,0.3233984410762787
-9.093999862670898,-6.754000186920166,0.8952615261077881,4.050753116607666,0.08688419312238693,0.35832342505455017,0.03386719897389412,0.27852192521095276
-9.093999862670898,-6.754000186920166,0.910711944103241,1.0880870819091797,0.05539599061012268,0.4396953880786896,-0.11548758298158646,0.39807963371276855
-9.093999862670898,-5.754000186920166,0.9769001007080078,0.014149846509099007,0.06589101254940033,2.089996099472046,0.18589657545089722,0.3035512864589691
-9.093999862670898,-5.754000186920166,1.025865912437439,4.0288615226745605,0.1040225476026535,0.9042809009552002,0.017939262092113495,0.3010444641113281
-9.093999862670898,-5.754000186920166,1.0937089920043945,0.854938805103302,0.08722138404846191,0.20130953192710876,-0.207565039396286,0.39540421962738037
-9.093999862670898,-4.754000186920166,1.1550718545913696,0.8031330704689026,0.10885117948055267,2.162524938583374,0.1893972009420395,0.4527566730976105
-9.093999862670898,-4.754000186920166,1.0594632625579834,3.822237491607666,0.06657756865024567,0.35762861371040344,0.07609537243843079,0.39761850237846375
-9.093999862670898,-4.754000186920166,1.1123541593551636,0.5731058120727539,0.0678236186504364,0.05173662677407265,-0.08521900326013565,0.1496247947216034
-9.093999862670898,-3.753999948501587,1.3342304229736328,4.986482620239258,0.4815622866153717,1.9382169246673584,0.22064176201820374,0.21306179463863373
-9.093999862670898,-3.753999948501587,0.782660186290741,3.0261363983154297,0.07739190012216568,2.1672866344451904,0.3696017563343048,0.3534207344055176
-9.093999862670898,-3.753999948501587,0.9790049195289612,0.4638851583003998,0.09222584217786789,0.1791200339794159,-0.02278638258576393,0.4335175156593323
-9.093999862670898,-2.753999948501587,1.1590189933776855,0.8594304919242859,0.23584790527820587,2.432128429412842,0.18881641328334808,0.7087782621383667
-9.093999862670898,-2.753999948501587,0.9329638481140137,3.464721202850342,0.07425054907798767,0.5333951711654663,0.1721305400133133,0.1800767481327057
-9.093999862670898,-2.753999948501587,1.314013957977295,0.08702827244997025,0.12546302378177643,0.015430722385644913,0.10907735675573349,0.11114497482776642
-9.093999862670898,-1.753999948501587,1.1418697834014893,5.747910976409912,0.19807398319244385,1.9255496263504028,0.23110979795455933,0.43251585960388184
-9.093999862670898,-1.753999948501587,1.1685045957565308,2.777829885482788,0.2204405665397644,0.7662574052810669,0.09694250673055649,0.24380551278591156
-9.093999862670898,-1.753999948501587,1.1822212934494019,6.056924343109131,0.0636684000492096,0.03853670880198479,0.017297446727752686,0.3236786127090454
-9.093999862670898,-0.7540000081062317,1.174661636352539,5.7545599937438965,0.14799563586711884,1.3226585388183594,0.21634501218795776,0.5311697125434875
-9.093999862670898,-0.7540000081062317,1.1740219593048096,2.6689863204956055,0.15343748033046722,0.36411669850349426,0.36501792073249817,0.28444281220436096
-9.093999862670898,-0.7540000081062317,1.046569585800171,5.730650424957275,0.0695352703332901,0.06241032853722572,0.06340859085321426,0.18438753485679626
-9.093999862670898,0.2460000067949295,1.285555124282837,5.127655506134033,0.3613038957118988,1.441946029663086,-0.06127672642469406,0.3366605341434479
-9.093999862670898,0.2460000067949295,0.9671434164047241,1.2591958045959473,0.08221738040447235,0.4897291660308838,0.17284426093101501,0.266031950712204
-9.093999862670898,0.2460000067949295,0.911237359046936,5.466862201690674,0.051687996834516525,0.6568191647529602,0.14598330855369568,0.39730748534202576
-9.093999862670898,1.246000051498413,1.0390257835388184,5.196511745452881,0.22825707495212555,3.444504976272583,0.22539685666561127,0.21925923228263855
-9.093999862670898,1.246000051498413,0.7905412316322327,2.9057674407958984,0.11133831739425659,1.0193836688995361,0.3441811800003052,0.5330911874771118
-9.093999862670898,1.246000051498413,0.8529861569404602,0.5624650120735168,0.12662473320960999,0.08726891130208969,0.09171310812234879,0.2476496398448944
-9.093999862670898,2.246000051498413,1.0478794574737549,0.1884475201368332,0.13943158090114594,3.2641453742980957,0.15559573471546173,0.32387495040893555
-9.093999862670898,2.246000051498413,1.2441326379776,3.200247049331665,0.10746845602989197,0.07443259656429291,-0.030132347717881203,0.367096871137619
-9.093999862670898,2.246000051498413,1.294803261756897,6.200387001037598,0.0847683697938919,0.02297782152891159,0.1536710113286972,0.30902811884880066
-9.093999862670898,3.246000051498413,1.0944092273712158,5.564609527587891,0.3092421293258667,2.1937999725341797,0.07585448026657104,0.09912851452827454
-9.093999862670898,3.246000051498413,1.23831307888031,3.015254259109497,0.19446443021297455,0.07322033494710922,-0.015899790450930595,0.2513589859008789
-9.093999862670898,3.246000051498413,1.1961897611618042,6.2122602462768555,0.07507173717021942,0.018636954948306084,-0.07047637552022934,0.6495124697685242
-9.093999862670898,4.245999813079834,1.140740156173706,6.183109760284424,0.31147313117980957,2.120417594909668,0.04757651314139366,0.3486042618751526
-9.093999862670898,4.245999813079834,1.1065471172332764,3.087101936340332,0.08025156706571579,0.14369380474090576,0.04944576695561409,0.32295912504196167
-9.093999862670898,4.245999813079834,1.22905695438385,6.177394866943359,0.0853286013007164,0.03344573825597763,-0.0640135407447815,0.32843658328056335
-9.093999862670898,5.245999813079834,1.1959086656570435,5.613858699798584,0.5914949178695679,2.4402151107788086,0.16686153411865234,0.19662469625473022
-9.093999862670898,5.245999813079834,1.0816277265548706,3.016469955444336,0.10680168122053146,0.20213289558887482,0.0447203628718853,0.2519223690032959
-9.093999862670898,5.245999813079834,1.0196423530578613,6.102634429931641,0.06060085445642471,0.04555800184607506,0.09195083379745483,0.5514529943466187
-9.093999862670898,6.245999813079834,1.192725658416748,4.491333484649658,0.36737120151519775,2.1576406955718994,0.12486035376787186,0.28087806701660156
-9.093999862670898,6.245999813079834,1.227579116821289,2.9311063289642334,0.14469130337238312,0.18728472292423248,0.12245768308639526,0.36574646830558777
-9.093999862670898,6.245999813079834,1.0019220113754272,6.1299309730529785,0.07997442036867142,0.21495243906974792,-0.017443383112549782,0.35337546467781067
-9.093999862670898,7.245999813079834,1.1218444108963013,0.050158847123384476,0.18252743780612946,1.322962999343872,0.1936875879764557,0.17459909617900848
-9.093999862670898,7.245999813079834,0.9363870620727539,2.3524439334869385,0.05887530371546745,0.2894341051578522,0.2657850384712219,0.4503578245639801
-9.093999862670898,7.245999813079834,0.9834614396095276,5.386717319488525,0.05756538361310959,0.18592242896556854,0.1929672211408615,0.3750430941581726
-9.093999862670898,8.246000289916992,1.074481725692749,5.3846116065979,0.20693041384220123,1.7784602642059326,0.10702894628047943,0.21531763672828674
-9.093999862670898,8.246000289916992,1.089964747428894,2.432873249053955,0.0971207469701767,0.05857573449611664,0.044414639472961426,0.264379620552063
-9.093999862670898,8.246000289916992,1.0650975704193115,5.567060947418213,0.06680665165185928,0.04869285225868225,0.11122646927833557,0.5203026533126831
-9.093999862670898,9.246000289916992,1.1330087184906006,3.709444046020508,0.3406035304069519,1.6744242906570435,0.0694933608174324,0.2801283895969391
-9.093999862670898,9.246000289916992,1.1050118207931519,2.377227544784546,0.06555688381195068,0.03237969055771828,0.04718476161360741,0.3772754371166229
-9.093999862670898,9.246000289916992,1.1777485609054565,5.5095086097717285,0.07768437266349792,0.039068322628736496,0.026814844459295273,0.342596173286438
-9.093999862670898,10.246000289916992,1.0739508867263794,5.763034820556641,0.14159706234931946,1.8028002977371216,0.09382705390453339,0.43238842487335205
-9.093999862670898,10.246000289916992,1.064705491065979,2.341374397277832,0.07345475256443024,0.15496595203876495,0.12433332949876785,0.30949968099594116
-9.093999862670898,10.246000289916992,1.3366683721542358,5.5214385986328125,0.11513562500476837,0.0468374639749527,0.07671572268009186,0.2581118643283844
-9.093999862670898,11.246000289916992,1.205826759338379,0.561352550983429,0.21439529955387115,0.7836873531341553,0.08419198542833328,0.12222863733768463
-9.093999862670898,11.246000289916992,0.9813465476036072,0.9506389498710632,0.08883240073919296,0.6087214946746826,0.2860628664493561,0.3229627311229706
-9.093999862670898,11.246000289916992,0.9642824530601501,0.2655663788318634,0.06486674398183823,0.09435854852199554,0.16204619407653809,0.5548085570335388
-9.093999862670898,12.246000289916992,1.0136041641235352,2.9452102184295654,0.21796956658363342,0.5857810378074646,0.17751167714595795,0.021695448085665703
-9.093999862670898,12.246000289916992,0.6950549483299255,0.9828463196754456,0.04572179168462753,0.1379835456609726,0.12554463744163513,0.9767730236053467
-9.093999862670898,12.246000289916992,0.944821834564209,4.820300102233887,0.4382769465446472,0.892072319984436,0.22465436160564423,0.0015315068885684013
-9.093999862670898,13.246000289916992,0.7712857127189636,5.5280537605285645,0.15206420421600342,0.9172796607017517,-0.06829540431499481,0.1846563071012497
-9.093999862670898,13.246000289916992,0.7355550527572632,0.6882832050323486,0.04348305985331535,0.12524467706680298,0.38218599557876587,0.43060609698295593
-9.093999862670898,13.246000289916992,0.9038237929344177,0.8960891962051392,0.29944902658462524,0.08140299469232559,-0.007116591092199087,0.3847375810146332
-9.093999862670898,14.246000289916992,1.1923727989196777,6.123673915863037,0.5665099024772644,0.9981289505958557,0.12040258944034576,0.09774588793516159
-9.093999862670898,14.246000289916992,0.9151370525360107,1.2267870903015137,0.05255671963095665,0.07570138573646545,0.00822971761226654,0.47891271114349365
-9.093999862670898,14.246000289916992,1.018943428993225,0.8601231575012207,0.10618402808904648,0.24455219507217407,0.014132230542600155,0.42334139347076416
-9.093999862670898,15.246000289916992,1.2132923603057861,1.101369023323059,0.4925098419189453,0.8497746586799622,-0.05517766624689102,0.22436174750328064
-9.093999862670898,15.246000289916992,0.9870325326919556,1.1443171501159668,0.0597572885453701,0.08162984251976013,-0.09240613132715225,0.4451655149459839
-9.093999862670898,15.246000289916992,1.1428024768829346,0.8291391134262085,0.2579513490200043,0.38255980610847473,0.01597508415579796,0.33047276735305786
-9.093999862670898,16.246000289916992,1.448565125465393,6.104635238647461,1.744907259941101,2.1812973022460938,0.27630147337913513,0.052608221769332886
-9.093999862670898,16.246000289916992,1.0590285062789917,1.2840909957885742,0.050738777965307236,0.10101857036352158,-0.053129564970731735,0.9242814183235168
-9.093999862670898,16.246000289916992,1.2166030406951904,1.1149228811264038,0.2835599184036255,0.13279390335083008,0.10906904935836792,0.02311030775308609
-9.093999862670898,17.246000289916992,1.1135101318359375,0.7276231050491333,0.9590238332748413,1.2368701696395874,0.04922746494412422,0.005166385788470507
-9.093999862670898,17.246000289916992,1.1813331842422485,0.9549073576927185,0.06737219542264938,0.04852515831589699,-0.0033136007841676474,0.9938763976097107
-9.093999862670898,17.246000289916992,1.2098060846328735,5.861017227172852,0.6570095419883728,0.5456203818321228,0.3988688886165619,0.000957167474552989
-9.093999862670898,18.246000289916992,0.9367045760154724,2.7984886169433594,0.12888699769973755,1.0160291194915771,-0.11640030145645142,0.0481371209025383
-9.093999862670898,18.246000289916992,1.181699275970459,1.0086827278137207,0.17330460250377655,0.08283770829439163,-0.21911713480949402,0.951643705368042
-9.093999862670898,18.246000289916992,1.2544848918914795,0.4358271658420563,1.3404861688613892,1.4620164632797241,0.2533164620399475,0.0002192138199461624
-9.093999862670898,19.246000289916992,0.8483332395553589,1.0292655229568481,0.10574992746114731,1.170329213142395,-0.12799403071403503,0.08928146958351135
-9.093999862670898,19.246000289916992,1.0586097240447998,0.998567521572113,0.09298025816679001,0.11260103434324265,-0.15289932489395142,0.7052310109138489
-9.093999862670898,19.246000289916992,1.2792834043502808,0.6850286722183228,0.8431184887886047,0.41876041889190674,0.021305404603481293,0.20548754930496216
-9.093999862670898,20.246000289916992,0.8681076765060425,2.701286554336548,0.17614632844924927,0.5400007367134094,-0.0018242488149553537,0.15463131666183472
-9.093999862670898,20.246000289916992,0.9962145090103149,1.21828293800354,0.12784183025360107,0.11656485497951508,-0.0902804359793663,0.7555881142616272
-9.093999862670898,20.246000289916992,1.1388953924179077,6.191985130310059,1.1855567693710327,1.49994695186615,0.3351302742958069,0.08978058397769928
-9.093999862670898,21.246000289916992,1.2186610698699951,1.9467759132385254,1.4473620653152466,1.0642985105514526,0.006712824106216431,0.0008941638516262174
-9.093999862670898,21.246000289916992,0.9893336296081543,1.4237233400344849,0.08494661003351212,0.12786124646663666,0.28978729248046875,0.9888977408409119
-9.093999862670898,21.246000289916992,0.9274634122848511,6.059708595275879,0.3326212167739868,0.7771201729774475,0.22439424693584442,0.010208084248006344
-9.093999862670898,22.246000289916992,1.180605173110962,0.3762187957763672,0.7819801568984985,1.1029865741729736,0.05611424893140793,0.0005202596075832844
-9.093999862670898,22.246000289916992,0.9328693747520447,1.7291043996810913,0.09926895052194595,0.11274964362382889,0.14999951422214508,0.9969379901885986
-9.093999862670898,22.246000289916992,0.7906675338745117,5.444660186767578,0.14537234604358673,0.9814807772636414,0.10481627285480499,0.00254172389395535
-9.093999862670898,23.246000289916992,1.2150936126708984,0.7998290061950684,0.7114111185073853,1.5404112339019775,-0.006797267124056816,4.062435982632451e-05
-9.093999862670898,23.246000289916992,0.9151186943054199,1.8497782945632935,0.10005470365285873,0.1426682472229004,0.1365085393190384,0.999687671661377
-9.093999862670898,23.246000289916992,0.7808857560157776,5.120478630065918,0.10663258284330368,0.8765193819999695,0.013081713579595089,0.0002716696762945503
-8.093999862670898,-11.753999710083008,0.8594105243682861,2.2978103160858154,0.22909338772296906,1.5954766273498535,0.0356675386428833,0.25503936409950256
-8.093999862670898,-11.753999710083008,0.5747689604759216,2.460298776626587,0.037840358912944794,0.4490727186203003,-0.06033271923661232,0.3372833728790283
-8.093999862670898,-11.753999710083008,0.7882110476493835,6.203432083129883,0.07823117077350616,0.4152432084083557,0.05293906852602959,0.4076772630214691
-8.093999862670898,-10.753999710083008,0.6600637435913086,4.23914098739624,0.11121910810470581,2.8477346897125244,0.11216682940721512,0.13632093369960785
-8.093999862670898,-10.753999710083008,0.5332373380661011,1.8303319215774536,0.01421327143907547,0.2958233058452606,-0.03923606127500534,0.2865423560142517
-8.093999862670898,-10.753999710083008,0.6303082704544067,4.502251625061035,0.010183406993746758,0.33040091395378113,0.11727289855480194,0.577136754989624
-8.093999862670898,-9.753999710083008,0.8899945020675659,5.197812557220459,0.2663072347640991,1.7831648588180542,0.10341561585664749,0.1678454726934433
-8.093999862670898,-9.753999710083008,0.5711342692375183,2.0246334075927734,0.02323075942695141,0.4716549217700958,-0.04842944070696831,0.2830614447593689
-8.093999862670898,-9.753999710083008,0.7158908247947693,5.282192230224609,0.02801329456269741,0.5895630121231079,0.03143998607993126,0.5490930080413818
-8.093999862670898,-8.753999710083008,0.8197629451751709,0.20101162791252136,0.11080135405063629,1.0871585607528687,-0.06548095494508743,0.7921684980392456
-8.093999862670898,-8.753999710083008,0.649481475353241,2.4080264568328857,0.08013132959604263,0.46334877610206604,0.16047149896621704,0.08757233619689941
-8.093999862670898,-8.753999710083008,0.7166929244995117,4.591230392456055,0.03726232424378395,0.3754863440990448,0.19582226872444153,0.12025916576385498
-8.093999862670898,-7.754000186920166,0.9454279541969299,1.7432032823562622,0.5008814930915833,2.7981841564178467,-0.004665443208068609,0.07350075989961624
-8.093999862670898,-7.754000186920166,0.6414225697517395,3.905344009399414,0.023870185017585754,0.7045083045959473,0.01079493761062622,0.5254560708999634
-8.093999862670898,-7.754000186920166,0.7483606338500977,1.5604641437530518,0.023967713117599487,0.28224918246269226,-0.25879648327827454,0.4010431170463562
-8.093999862670898,-6.754000186920166,0.9771472811698914,2.1590077877044678,0.19408392906188965,2.3871166706085205,0.15965676307678223,0.24223728477954865
-8.093999862670898,-6.754000186920166,0.7273120284080505,3.625082492828369,0.07506545633077621,0.7068875432014465,-0.06991627812385559,0.17930659651756287
-8.093999862670898,-6.754000186920166,0.7535226941108704,0.09926696121692657,0.03982188552618027,0.6323676705360413,0.03325838968157768,0.5784560441970825
-8.093999862670898,-5.754000186920166,0.8677325248718262,0.14783573150634766,0.0532623715698719,2.3608338832855225,0.12004376202821732,0.4536706507205963
-8.093999862670898,-5.754000186920166,1.0681754350662231,3.849902629852295,0.10991094261407852,0.2777850925922394,0.07897351682186127,0.4526098668575287
-8.093999862670898,-5.754000186920166,1.186671495437622,0.4630786180496216,0.12476035207509995,0.09323645383119583,0.016108660027384758,0.09371944516897202
-8.093999862670898,-4.754000186920166,1.0731828212738037,0.9669578075408936,0.16389645636081696,2.6715610027313232,0.20033639669418335,0.5505363941192627
-8.093999862670898,-4.754000186920166,0.9782110452651978,3.928377151489258,0.08453725278377533,0.1507755070924759,-0.015437707304954529,0.35371795296669006
-8.093999862670898,-4.754000186920166,1.0262320041656494,0.6020544767379761,0.09126602858304977,0.09963259845972061,-0.1269834041595459,0.09574568271636963
-8.093999862670898,-3.753999948501587,1.0491098165512085,0.5623783469200134,0.13890203833580017,2.457057237625122,0.11071429401636124,0.5051802396774292
-8.093999862670898,-3.753999948501587,0.8357616066932678,3.4937868118286133,0.07408071309328079,0.39748165011405945,0.2728395462036133,0.3163943588733673
-8.093999862670898,-3.753999948501587,1.1352843046188354,0.561436653137207,0.10843608528375626,0.08704808354377747,-0.11789848655462265,0.17842543125152588
-8.093999862670898,-2.753999948501587,1.1463847160339355,0.1983741819858551,0.2979263663291931,2.467597723007202,0.16713795065879822,0.6242459416389465
-8.093999862670898,-2.753999948501587,0.9504688382148743,3.4414641857147217,0.07341080904006958,0.38462725281715393,0.11101923137903214,0.23656406998634338
-8.093999862670898,-2.753999948501587,1.3193926811218262,0.08805646002292633,0.12543132901191711,0.021138345822691917,0.0874243676662445,0.13919000327587128
-8.093999862670898,-1.753999948501587,0.9328123927116394,6.204509735107422,0.10494266450405121,2.146470308303833,0.17393967509269714,0.6182563304901123
-8.093999862670898,-1.753999948501587,1.0843809843063354,2.886929988861084,0.17662212252616882,0.3342529833316803,0.054392892867326736,0.25015348196029663
-8.093999862670898,-1.753999948501587,1.1869887113571167,5.944493293762207,0.09497969597578049,0.07067786157131195,0.14369690418243408,0.13159015774726868
-8.093999862670898,-0.7540000081062317,1.1759095191955566,5.359601020812988,0.43250569701194763,1.166696310043335,0.20025382936000824,0.20927798748016357
-8.093999862670898,-0.7540000081062317,0.88581782579422,2.432399034500122,0.1037243977189064,0.2675139009952545,0.07638531923294067,0.29961785674095154
-8.093999862670898,-0.7540000081062317,0.8961051106452942,5.550077438354492,0.04050944373011589,0.1380864530801773,0.1352272778749466,0.4911041557788849
-8.093999862670898,0.2460000067949295,1.2094663381576538,5.336658000946045,0.5427690148353577,2.8386383056640625,0.05826042219996452,0.32895323634147644
-8.093999862670898,0.2460000067949295,0.7955673933029175,1.7458285093307495,0.07325217872858047,0.553410530090332,0.05472329258918762,0.47664403915405273
-8.093999862670898,0.2460000067949295,0.7910214066505432,5.693814277648926,0.035141367465257645,0.3782723546028137,0.012668111361563206,0.1944027692079544
-8.093999862670898,1.246000051498413,0.8166611790657043,5.646401405334473,0.07814918458461761,2.1112351417541504,0.15692202746868134,0.34371504187583923
-8.093999862670898,1.246000051498413,0.6561790108680725,2.96689510345459,0.03867502138018608,0.3816511332988739,0.30714598298072815,0.591934859752655
-8.093999862670898,1.246000051498413,0.8181778788566589,0.5018468499183655,0.13325515389442444,0.589972734451294,0.14459598064422607,0.06435013562440872
-8.093999862670898,2.246000051498413,0.9768821597099304,0.9159119129180908,0.13256479799747467,3.2134182453155518,0.1369519978761673,0.2716576159000397
-8.093999862670898,2.246000051498413,1.1283105611801147,3.2319414615631104,0.10915833711624146,0.10820143669843674,-0.027888955548405647,0.46376359462738037
-8.093999862670898,2.246000051498413,1.2338167428970337,6.230193138122559,0.09937335550785065,0.032206807285547256,0.12045992165803909,0.2645787000656128
-8.093999862670898,3.246000051498413,1.009014368057251,0.9815626740455627,0.19426573812961578,2.184215545654297,0.043062202632427216,0.23778016865253448
-8.093999862670898,3.246000051498413,1.1546865701675415,2.9840383529663086,0.14087435603141785,0.09601235389709473,0.048117879778146744,0.224567711353302
-8.093999862670898,3.246000051498413,1.2515819072723389,6.151584148406982,0.09208875894546509,0.01683022268116474,0.032551784068346024,0.5376520752906799
-8.093999862670898,4.245999813079834,1.1036062240600586,0.4510374665260315,0.23442134261131287,1.7459073066711426,0.021807275712490082,0.22332972288131714
-8.093999862670898,4.245999813079834,1.0350701808929443,3.0207746028900146,0.06515201181173325,0.10909001529216766,0.061616186052560806,0.3735964000225067
-8.093999862670898,4.245999813079834,1.239275574684143,6.097089767456055,0.0981573760509491,0.028843866661190987,-0.0036972882226109505,0.40307387709617615
-8.093999862670898,5.245999813079834,1.110213041305542,5.753686428070068,0.2614929974079132,2.11230206489563,0.14614799618721008,0.32368791103363037
-8.093999862670898,5.245999813079834,1.0279967784881592,3.0686137676239014,0.1019739955663681,0.2642899453639984,0.0698179230093956,0.32045385241508484
-8.093999862670898,5.245999813079834,1.088671088218689,6.1655354499816895,0.07606689631938934,0.04513426497578621,0.08422815054655075,0.35585817694664
-8.093999862670898,6.245999813079834,1.067747950553894,5.587266445159912,0.1276179850101471,1.673913836479187,0.024998987093567848,0.4185028374195099
-8.093999862670898,6.245999813079834,1.1827954053878784,2.8114097118377686,0.1875988245010376,0.11879750341176987,0.1178278923034668,0.2898223400115967
-8.093999862670898,6.245999813079834,1.041611909866333,6.012174606323242,0.08682236075401306,0.11892866343259811,-0.014317928813397884,0.2916748821735382
-8.093999862670898,7.245999813079834,1.090174674987793,5.964330196380615,0.25611743330955505,1.669884443283081,0.08746201545000076,0.2547869086265564
-8.093999862670898,7.245999813079834,1.1122236251831055,2.528000593185425,0.1343318521976471,0.13505402207374573,0.12621110677719116,0.2971193790435791
-8.093999862670898,7.245999813079834,0.9421163201332092,5.460648059844971,0.05298661068081856,0.12175663560628891,0.12630465626716614,0.4480937123298645
-8.093999862670898,8.246000289916992,1.1253538131713867,5.380878925323486,0.5509030818939209,2.33621883392334,0.015552571974694729,0.17953255772590637
-8.093999862670898,8.246000289916992,1.2658169269561768,2.4754927158355713,0.16975224018096924,0.04368941858410835,0.055226389318704605,0.3928171396255493
-8.093999862670898,8.246000289916992,1.078571081161499,5.525589466094971,0.06721408665180206,0.06755024194717407,-0.020290646702051163,0.4276503026485443
-8.093999862670898,9.246000289916992,1.1164627075195312,4.251363754272461,0.15785247087478638,1.4522020816802979,0.029789885506033897,0.5313451886177063
-8.093999862670898,9.246000289916992,1.2312536239624023,2.3302249908447266,0.10117258876562119,0.03418317064642906,0.10491999983787537,0.26385703682899475
-8.093999862670898,9.246000289916992,1.2174620628356934,5.469274044036865,0.09150388091802597,0.03813084587454796,0.03641799837350845,0.20479783415794373
-8.093999862670898,10.246000289916992,0.991064727306366,3.70870304107666,0.06308604776859283,0.14762786030769348,0.09799365699291229,0.9925569295883179
-8.093999862670898,10.246000289916992,0.8803650736808777,0.19605472683906555,0.06913767755031586,3.7668988704681396,0.0843869000673294,0.004504347685724497
-8.093999862670898,10.246000289916992,0.973084032535553,0.024440262466669083,0.13931535184383392,1.0711283683776855,0.13887833058834076,0.00293867033906281
-8.093999862670898,11.246000289916992,0.9250431656837463,6.221647262573242,0.2737269103527069,1.0149202346801758,0.12738151848316193,0.05359139293432236
-8.093999862670898,11.246000289916992,0.9784306883811951,0.8462469577789307,0.06957469880580902,0.08985263854265213,0.0910385400056839,0.9353090524673462
-8.093999862670898,11.246000289916992,0.9381499290466309,6.086352825164795,0.2653976082801819,0.6484920978546143,0.1800404191017151,0.011099572293460369
-8.093999862670898,12.246000289916992,0.9951524138450623,1.3254793882369995,0.2926426827907562,0.9662206768989563,0.08309618383646011,0.011366082355380058
-8.093999862670898,12.246000289916992,0.8786336779594421,0.9227316379547119,0.0585298053920269,0.04649181291460991,-0.007353199180215597,0.9866580367088318
-8.093999862670898,12.246000289916992,1.0064098834991455,5.680614948272705,0.2996433675289154,0.5554582476615906,0.04367714747786522,0.0019758723210543394
-8.093999862670898,13.246000289916992,0.9217156171798706,5.666625022888184,0.7801145315170288,0.8930174708366394,0.095964714884758,0.040401700884103775
-8.093999862670898,13.246000289916992,0.6170384287834167,0.625013530254364,0.0244167298078537,0.08269813656806946,0.23991012573242188,0.30709022283554077
-8.093999862670898,13.246000289916992,0.8129410147666931,1.0272409915924072,0.15913549065589905,0.08190327137708664,-0.019823623821139336,0.6525080800056458
-8.093999862670898,14.246000289916992,1.1809639930725098,5.913568019866943,0.7550801038742065,1.2746617794036865,0.1464635282754898,0.04620026797056198
-8.093999862670898,14.246000289916992,0.9933187961578369,0.9860202670097351,0.05137762054800987,0.07125145196914673,0.13669262826442719,0.5969187617301941
-8.093999862670898,14.246000289916992,1.1085301637649536,0.9366110563278198,0.09799116849899292,0.11229468137025833,0.04303955286741257,0.35688093304634094
-8.093999862670898,15.246000289916992,1.3951836824417114,0.19637061655521393,1.580475091934204,0.7019976377487183,0.05915185436606407,0.04973834007978439
-8.093999862670898,15.246000289916992,1.0602284669876099,0.82541823387146,0.040872275829315186,0.0533522292971611,-0.06416504830121994,0.42387834191322327
-8.093999862670898,15.246000289916992,1.1975016593933105,1.042824149131775,0.2157326489686966,0.0802198126912117,0.01520488876849413,0.5263833403587341
-8.093999862670898,16.246000289916992,1.3420727252960205,0.866273820400238,1.1607595682144165,1.4812403917312622,0.2106054574251175,0.023390397429466248
-8.093999862670898,16.246000289916992,1.0157016515731812,0.9314838647842407,0.04694053530693054,0.09634572267532349,-0.06266102194786072,0.9715887904167175
-8.093999862670898,16.246000289916992,1.222562551498413,1.0914808511734009,0.42206957936286926,0.26151958107948303,0.09668058902025223,0.005020779091864824
-8.093999862670898,17.246000289916992,1.0280683040618896,0.3614456057548523,0.2906492352485657,1.5290461778640747,0.1045655608177185,0.15792347490787506
-8.093999862670898,17.246000289916992,1.2042008638381958,1.2462910413742065,0.10125584155321121,0.0883527621626854,-0.047454141080379486,0.6864953637123108
-8.093999862670898,17.246000289916992,1.2232064008712769,5.736639499664307,0.21614070236682892,0.13678742945194244,0.29844364523887634,0.15558119118213654
-8.093999862670898,18.246000289916992,1.038059949874878,0.5916752815246582,0.3623403012752533,1.7393907308578491,-0.22515098750591278,0.003773283213376999
-8.093999862670898,18.246000289916992,1.2026101350784302,1.0288394689559937,0.11887664347887039,0.04526368901133537,0.11560820043087006,0.9961496591567993
-8.093999862670898,18.246000289916992,1.227002739906311,0.7395445704460144,1.5232985019683838,0.902000904083252,0.1952953189611435,7.70761544117704e-05
-8.093999862670898,19.246000289916992,0.8946275115013123,0.3262731432914734,0.15432536602020264,0.901691734790802,-0.0802343487739563,0.12538433074951172
-8.093999862670898,19.246000289916992,1.1657296419143677,0.8956959247589111,0.14640507102012634,0.07542626559734344,-0.17988868057727814,0.6848132014274597
-8.093999862670898,19.246000289916992,1.2457921504974365,0.5378065705299377,0.9456333518028259,0.2594117522239685,0.22762303054332733,0.18980251252651215
-8.093999862670898,20.246000289916992,1.002641201019287,0.5540972948074341,0.6669507622718811,1.4297634363174438,0.12523514032363892,0.05279228836297989
-8.093999862670898,20.246000289916992,0.8659308552742004,0.787333607673645,0.06428433209657669,0.10232418775558472,0.06244337931275368,0.9101321697235107
-8.093999862670898,20.246000289916992,1.0452219247817993,0.1527007520198822,0.6631937026977539,0.562824010848999,0.2677742838859558,0.03707553446292877
-8.093999862670898,21.246000289916992,1.2673728466033936,5.436740398406982,2.9559431076049805,0.8595570921897888,0.23405592143535614,0.05000213906168938
-8.093999862670898,21.246000289916992,0.8945024609565735,1.377379298210144,0.0602613165974617,0.04770687595009804,-0.09347359091043472,0.9231545925140381
-8.093999862670898,21.246000289916992,0.8275158405303955,5.507765293121338,0.3172259032726288,1.2429771423339844,0.48723649978637695,0.026843266561627388
-7.093999862670898,-11.753999710083008,0.9899599552154541,3.9858458042144775,0.5885018706321716,0.7320007681846619,0.17668983340263367,0.4685026705265045
-7.093999862670898,-11.753999710083008,0.6139342784881592,2.3041799068450928,0.03472262620925903,0.1401970535516739,-0.13122037053108215,0.17310181260108948
-7.093999862670898,-11.753999710083008,0.54046231508255,5.420712947845459,0.08280561864376068,1.7304645776748657,0.4403316378593445,0.35839542746543884
-7.093999862670898,-10.753999710083008,1.0366153717041016,5.398946285247803,0.5842307209968567,0.8215372562408447,0.2338382750749588,0.20984426140785217
-7.093999862670898,-10.753999710083008,0.5494747757911682,1.7002596855163574,0.025593210011720657,0.6162133812904358,-0.0691877007484436,0.032929714769124985
-7.093999862670898,-10.753999710083008,0.6522428393363953,5.7403364181518555,0.013422959484159946,0.15854965150356293,0.11031831800937653,0.7572259902954102
-7.093999862670898,-9.753999710083008,0.9629782438278198,5.847428798675537,0.32302504777908325,2.6824207305908203,0.1116810292005539,0.22282257676124573
-7.093999862670898,-9.753999710083008,0.6207634806632996,1.5702250003814697,0.04039951041340828,0.5598431825637817,0.41844847798347473,0.6294623017311096
-7.093999862670898,-9.753999710083008,0.776035487651825,0.10829968750476837,0.04659412428736687,0.427543044090271,0.028195710852742195,0.14771512150764465
-7.093999862670898,-8.753999710083008,0.9216406345367432,4.278077125549316,0.16072678565979004,1.1625038385391235,0.00864556897431612,0.39593037962913513
-7.093999862670898,-8.753999710083008,0.5623258352279663,4.733617782592773,0.029091890901327133,0.19959796965122223,0.10417303442955017,0.5455353856086731
-7.093999862670898,-8.753999710083008,0.7653471827507019,4.128957271575928,0.029741531237959862,0.16232465207576752,0.1629132181406021,0.05853429436683655
-7.093999862670898,-7.754000186920166,0.960162878036499,0.5464720129966736,0.42168423533439636,1.2317390441894531,0.08155572414398193,0.13032570481300354
-7.093999862670898,-7.754000186920166,0.7107678055763245,3.6111960411071777,0.050819773226976395,0.41607195138931274,0.0671878233551979,0.03133820369839668
-7.093999862670898,-7.754000186920166,0.6599341630935669,0.4543263912200928,0.025005768984556198,0.17425714433193207,0.03367859870195389,0.8383361101150513
-7.093999862670898,-6.754000186920166,0.9867758750915527,5.695754051208496,0.4392847716808319,2.6506826877593994,0.06591391563415527,0.17589357495307922
-7.093999862670898,-6.754000186920166,0.5582778453826904,2.581939935684204,0.02505839616060257,0.5475566983222961,-0.10911484062671661,0.528658390045166
-7.093999862670898,-6.754000186920166,0.6400302052497864,5.803868770599365,0.044173430651426315,1.5257046222686768,0.18785180151462555,0.29544797539711
-7.093999862670898,-5.754000186920166,0.9590386748313904,6.049802303314209,0.11512970179319382,1.6988404989242554,0.05170643702149391,0.24421139061450958
-7.093999862670898,-5.754000186920166,0.9086162447929382,3.349992036819458,0.07618365436792374,0.537678062915802,0.3487529158592224,0.46361762285232544
-7.093999862670898,-5.754000186920166,1.1267058849334717,0.6771339178085327,0.12254610657691956,0.05703578516840935,0.0009529258823022246,0.29217100143432617
-7.093999862670898,-4.754000186920166,1.1288816928863525,5.928823471069336,0.2321166694164276,3.1400768756866455,0.15369313955307007,0.522444486618042
-7.093999862670898,-4.754000186920166,1.0262542963027954,3.942007541656494,0.078094981610775,0.05594692379236221,0.08326259255409241,0.23059329390525818
-7.093999862670898,-4.754000186920166,1.0978232622146606,0.5382838249206543,0.07082561403512955,0.09224453568458557,-0.24084344506263733,0.24696215987205505
-7.093999862670898,-3.753999948501587,0.9294337034225464,6.240367412567139,0.20130674540996552,2.5654101371765137,0.14017945528030396,0.6547651886940002
-7.093999862670898,-3.753999948501587,0.9967010617256165,3.867921829223633,0.06499600410461426,0.06510388851165771,-0.006416689604520798,0.16142569482326508
-7.093999862670898,-3.753999948501587,1.197189450263977,0.5414332151412964,0.06459222733974457,0.04870674014091492,-0.1324743628501892,0.18380916118621826
-7.093999862670898,-2.753999948501587,0.9966365694999695,0.14461547136306763,0.19329263269901276,1.859950065612793,0.07420779764652252,0.49060559272766113
-7.093999862670898,-2.753999948501587,0.9020604491233826,3.554046392440796,0.07603330165147781,0.370647132396698,-0.0512678399682045,0.20537319779396057
-7.093999862670898,-2.753999948501587,1.0992529392242432,0.2922934889793396,0.08782833069562912,0.10701864957809448,-0.07694154232740402,0.3040212392807007
-7.093999862670898,-1.753999948501587,0.8077337145805359,1.2119570970535278,0.0936988964676857,1.7675175666809082,0.12930963933467865,0.6241673827171326
-7.093999862670898,-1.753999948501587,0.9330143928527832,3.1816673278808594,0.13005879521369934,0.27534759044647217,0.09987065941095352,0.2197728455066681
-7.093999862670898,-1.753999948501587,1.0874545574188232,6.250423908233643,0.10858031362295151,0.10208913683891296,0.24471528828144073,0.15605977177619934
-7.093999862670898,-0.7540000081062317,1.0245691537857056,5.392961502075195,0.2825164496898651,1.3495309352874756,0.13085927069187164,0.07087203860282898
-7.093999862670898,-0.7540000081062317,0.8735948204994202,2.491924285888672,0.07145345211029053,0.13386954367160797,0.27026456594467163,0.7579532265663147
-7.093999862670898,-0.7540000081062317,0.7393856644630432,6.192469596862793,0.03175271302461624,0.21929942071437836,0.30097177624702454,0.17117466032505035
-7.093999862670898,0.2460000067949295,0.9191890358924866,2.5913803577423096,0.3597373068332672,1.7065058946609497,0.24165019392967224,0.0016203175764530897
-7.093999862670898,0.2460000067949295,0.542464017868042,2.481065273284912,0.016099995002150536,1.365600347518921,-0.5027177333831787,0.0010933807352557778
-7.093999862670898,0.2460000067949295,0.4967989921569824,5.697039604187012,0.0011551340576261282,0.09603048861026764,0.12273303419351578,0.997286319732666
-7.093999862670898,1.246000051498413,0.890346884727478,5.550612449645996,0.07149110734462738,2.20571231842041,0.21897631883621216,0.30476412177085876
-7.093999862670898,1.246000051498413,1.1726795434951782,3.342196464538574,0.2177579551935196,0.12308012694120407,0.13222582638263702,0.18650081753730774
-7.093999862670898,1.246000051498413,1.0736031532287598,0.2577528655529022,0.10868722945451736,0.16222062706947327,0.0898972749710083,0.5087350010871887
-7.093999862670898,2.246000051498413,0.8689402937889099,6.211906909942627,0.08563573658466339,2.015972375869751,0.12214326858520508,0.2733350992202759
-7.093999862670898,2.246000051498413,1.0288296937942505,3.154956579208374,0.12284612655639648,0.12258166819810867,0.04559033736586571,0.38016077876091003
-7.093999862670898,2.246000051498413,1.159507393836975,6.238012790679932,0.1133434846997261,0.04413387179374695,0.04670824483036995,0.3465040922164917
-7.093999862670898,3.246000051498413,1.0235637426376343,5.899069786071777,0.17829500138759613,2.6820931434631348,0.08570072799921036,0.14904159307479858
-7.093999862670898,3.246000051498413,1.147025227546692,3.0978503227233887,0.08332665264606476,0.06832771748304367,0.010031118988990784,0.2555457651615143
-7.093999862670898,3.246000051498413,1.2866677045822144,6.171192169189453,0.09673848748207092,0.01903262361884117,0.06213114783167839,0.5954126715660095
-7.093999862670898,4.245999813079834,1.1466991901397705,6.003107070922852,0.2074594795703888,1.417657732963562,0.05719076842069626,0.21068985760211945
-7.093999862670898,4.245999813079834,1.0856640338897705,2.9090330600738525,0.07267609983682632,0.08982965350151062,0.1503865271806717,0.3716930150985718
-7.093999862670898,4.245999813079834,1.3166447877883911,6.009607315063477,0.10817631334066391,0.027200425043702126,0.03805064037442207,0.4176171123981476
-7.093999862670898,5.245999813079834,1.1436631679534912,5.526845455169678,0.42610546946525574,2.6580650806427,0.09121985733509064,0.1495617926120758
-7.093999862670898,5.245999813079834,1.0766905546188354,2.8604249954223633,0.10371732711791992,0.12653297185897827,0.04580700024962425,0.41111233830451965
-7.093999862670898,5.245999813079834,1.1397452354431152,6.023281097412109,0.09130576997995377,0.06027994304895401,-0.022905487567186356,0.43932589888572693
-7.093999862670898,6.245999813079834,1.2455817461013794,4.759063243865967,0.42513424158096313,2.4371211528778076,0.07203081995248795,0.1131829097867012
-7.093999862670898,6.245999813079834,1.155294418334961,2.723053455352783,0.12223859876394272,0.11282302439212799,0.15653233230113983,0.44116491079330444
-7.093999862670898,6.245999813079834,0.9955539703369141,5.9242634773254395,0.05827365815639496,0.12702247500419617,-0.03828839212656021,0.44565218687057495
-7.093999862670898,7.245999813079834,1.180422306060791,5.532779693603516,0.3936540484428406,2.444121837615967,0.027124322950839996,0.19685186445713043
-7.093999862670898,7.245999813079834,1.144232988357544,2.6134886741638184,0.16313804686069489,0.08334584534168243,0.2004355639219284,0.3176810145378113
-7.093999862670898,7.245999813079834,1.0997509956359863,5.703119277954102,0.08226967602968216,0.06266389042139053,-0.0342484787106514,0.4854671359062195
-7.093999862670898,8.246000289916992,0.8190215229988098,0.5213589668273926,0.10541146248579025,0.9179008603096008,-0.07416906207799911,0.5202170610427856
-7.093999862670898,8.246000289916992,1.1145931482315063,2.0949015617370605,0.38095343112945557,0.1317928284406662,0.10479088127613068,0.04704708978533745
-7.093999862670898,8.246000289916992,0.8606992959976196,6.042123317718506,0.07158064842224121,0.07479369640350342,-0.15389138460159302,0.4327358603477478
-7.093999862670898,9.246000289916992,1.0520310401916504,5.229720592498779,0.049433670938014984,0.3929499089717865,0.020063407719135284,0.9184148907661438
-7.093999862670898,9.246000289916992,1.0064353942871094,6.237940311431885,0.40906980633735657,1.5913788080215454,0.23076596856117249,0.006847905460745096
-7.093999862670898,9.246000289916992,0.7764222025871277,0.32637277245521545,0.07512647658586502,0.1736195981502533,-0.08628104627132416,0.07473723590373993
-7.093999862670898,10.246000289916992,0.985676109790802,4.421092510223389,0.034716758877038956,0.15627649426460266,-0.02295565791428089,0.9794106483459473
-7.093999862670898,10.246000289916992,0.7481066584587097,0.6467919945716858,0.06857385486364365,3.904203414916992,-0.10407307744026184,0.01418319996446371
-7.093999862670898,10.246000289916992,0.8630098104476929,6.01663064956665,0.16922862827777863,2.315019369125366,0.12442997097969055,0.006406247150152922
-7.093999862670898,11.246000289916992,0.9350252747535706,4.611167907714844,0.6692672371864319,2.143693447113037,0.2074664980173111,0.021119989454746246
-7.093999862670898,11.246000289916992,0.6270745992660522,1.6202412843704224,0.04201845824718475,0.09814820438623428,-0.21187767386436462,0.9214641451835632
-7.093999862670898,11.246000289916992,0.9724886417388916,5.119511604309082,0.23713254928588867,0.8704041242599487,0.06807423382997513,0.05741582810878754
-7.093999862670898,12.246000289916992,1.0669362545013428,5.563922882080078,3.2538328170776367,0.9854328632354736,0.374618262052536,0.009013821370899677
-7.093999862670898,12.246000289916992,0.7342595458030701,0.7824655175209045,0.029055651277303696,0.053982142359018326,-0.2559722363948822,0.9403575658798218
-7.093999862670898,12.246000289916992,0.7957724332809448,0.05712909996509552,0.10212083160877228,0.7454301714897156,0.13336625695228577,0.0506286546587944
-7.093999862670898,13.246000289916992,1.0115114450454712,0.8356829285621643,1.3200902938842773,1.6983462572097778,0.21433205902576447,0.03558016195893288
-7.093999862670898,13.246000289916992,0.6163551807403564,1.0285707712173462,0.026796603575348854,0.08376666903495789,-0.0882648229598999,0.3780743479728699
-7.093999862670898,13.246000289916992,0.884566068649292,0.8499946594238281,0.09201745688915253,0.055851634591817856,-0.07427757978439331,0.5863454937934875
-7.093999862670898,14.246000289916992,1.1730767488479614,5.993239402770996,1.9530422687530518,1.544237494468689,0.21488891541957855,0.016590353101491928
-7.093999862670898,14.246000289916992,0.880814790725708,0.6410551071166992,0.021234307438135147,0.16785834729671478,0.33515986800193787,0.19719721376895905
-7.093999862670898,14.246000289916992,0.9089918732643127,1.2692210674285889,0.02577728033065796,0.034097589552402496,-0.0025354058016091585,0.7862123847007751
-7.093999862670898,15.246000289916992,1.3970474004745483,1.5769810676574707,1.14462149143219,1.0038756132125854,0.14328253269195557,0.10804487019777298
-7.093999862670898,15.246000289916992,1.2260457277297974,1.1050511598587036,0.06984830647706985,0.018788054585456848,-0.411095529794693,0.6515911817550659
-7.093999862670898,15.246000289916992,1.1807094812393188,0.6454638242721558,0.2193373739719391,0.35348275303840637,0.08164073526859283,0.24036386609077454
-7.093999862670898,16.246000289916992,0.9528598785400391,1.435284972190857,0.13752706348896027,1.2191908359527588,0.22006657719612122,0.009919583797454834
-7.093999862670898,16.246000289916992,1.0068997144699097,0.7246289849281311,0.07121235877275467,0.05050694942474365,0.1299848109483719,0.9900210499763489
-7.093999862670898,16.246000289916992,1.0146836042404175,0.2756235897541046,0.6112741231918335,0.9570896625518799,0.0980050265789032,5.933951251790859e-05
-7.093999862670898,17.246000289916992,1.3199480772018433,4.23986291885376,3.2663094997406006,1.4987202882766724,0.3844546973705292,0.01938633993268013
-7.093999862670898,17.246000289916992,1.0332375764846802,0.36738860607147217,0.09511151164770126,0.08104794472455978,-0.47106385231018066,0.2864166796207428
-7.093999862670898,17.246000289916992,0.9556934833526611,5.670949935913086,0.11733011156320572,0.42812544107437134,0.33282366394996643,0.6941969394683838
-7.093999862670898,18.246000289916992,1.1120238304138184,4.726140975952148,1.553202748298645,1.3215336799621582,-0.06417636573314667,0.016691382974386215
-7.093999862670898,18.246000289916992,1.1110844612121582,1.1413204669952393,0.12479741871356964,0.066932313144207,0.1398402452468872,0.9830214977264404
-7.093999862670898,18.246000289916992,1.1366617679595947,0.44582486152648926,1.3091272115707397,1.2775987386703491,0.2717655897140503,0.00028714959626086056
-7.093999862670898,19.246000289916992,0.9228606820106506,5.537712097167969,0.23202355206012726,0.49704769253730774,0.069029301404953,0.021974947303533554
-7.093999862670898,19.246000289916992,1.0824016332626343,0.7747201323509216,0.09622772783041,0.041466549038887024,0.13498228788375854,0.9583138823509216
-7.093999862670898,19.246000289916992,1.1044960021972656,0.8310189843177795,0.5381581783294678,0.044839225709438324,0.3610403537750244,0.019711218774318695
-7.093999862670898,20.246000289916992,1.292731761932373,2.019641637802124,1.6188405752182007,1.624473214149475,0.10290995985269547,0.12199658900499344
-7.093999862670898,20.246000289916992,1.0069448947906494,0.791985273361206,0.08853781968355179,0.10333548486232758,-0.06754788756370544,0.7998891472816467
-7.093999862670898,20.246000289916992,1.061766505241394,0.1988321840763092,0.2591821253299713,0.40065479278564453,0.1553206741809845,0.07811424881219864
-6.093999862670898,-11.753999710083008,0.9536696076393127,2.607212543487549,0.4375489354133606,0.5630313158035278,0.21813851594924927,0.4483658969402313
-6.093999862670898,-11.753999710083008,0.5803973078727722,1.7636698484420776,0.04277360811829567,0.3196435570716858,0.08995872735977173,0.02855103462934494
-6.093999862670898,-11.753999710083008,0.5113455057144165,5.331998348236084,0.04275130853056908,0.39523619413375854,0.3229680061340332,0.5230830907821655
-6.093999862670898,-10.753999710083008,0.9743309020996094,4.6587371826171875,0.3095709979534149,0.5763693451881409,0.24071039259433746,0.5036996006965637
-6.093999862670898,-10.753999710083008,0.5696906447410583,1.9903146028518677,0.035345401614904404,0.8849805593490601,-0.08228551596403122,0.01630784384906292
-6.093999862670898,-10.753999710083008,0.629206657409668,5.637391090393066,0.01716243103146553,0.19424934685230255,0.16173654794692993,0.4799925684928894
-6.093999862670898,-9.753999710083008,1.0435235500335693,4.261265754699707,0.3232584297657013,2.4267797470092773,0.1546497642993927,0.22046653926372528
-6.093999862670898,-9.753999710083008,0.5599050521850586,1.757874608039856,0.02429410256445408,0.6160143613815308,0.27859944105148315,0.4755858778953552
-6.093999862670898,-9.753999710083008,0.7229181528091431,5.333294868469238,0.028895875439047813,0.3281630575656891,0.16019153594970703,0.3039475381374359
-6.093999862670898,-8.753999710083008,0.9885497689247131,4.1567158699035645,0.186812162399292,1.4015518426895142,-0.03535688295960426,0.32775697112083435
-6.093999862670898,-8.753999710083008,0.641468346118927,4.216801166534424,0.02532939240336418,0.2045908123254776,0.020633216947317123,0.6345237493515015
-6.093999862670898,-8.753999710083008,0.745426595211029,4.201228141784668,0.02657545916736126,0.19333311915397644,0.18109892308712006,0.03771934285759926
-6.093999862670898,-7.754000186920166,1.01515531539917,0.19297347962856293,0.5343483090400696,1.0052194595336914,0.07521122694015503,0.13937664031982422
-6.093999862670898,-7.754000186920166,0.626905083656311,3.2991278171539307,0.05473810434341431,0.469027042388916,0.029964210465550423,0.07675256580114365
-6.093999862670898,-7.754000186920166,0.6024122834205627,5.0113654136657715,0.019732439890503883,0.2141759693622589,0.09549249708652496,0.7838708758354187
-6.093999862670898,-6.754000186920166,1.0145097970962524,5.2544331550598145,0.4282151162624359,2.3309085369110107,0.010125515051186085,0.1027984544634819
-6.093999862670898,-6.754000186920166,0.6496126651763916,2.342376232147217,0.041596729308366776,1.0650088787078857,-0.10680443048477173,0.10652963817119598
-6.093999862670898,-6.754000186920166,0.6339212656021118,6.134914875030518,0.01963447965681553,0.6605778932571411,0.048116229474544525,0.7906718850135803
-6.093999862670898,-5.754000186920166,0.9428504109382629,6.181882858276367,0.13803043961524963,1.2114226818084717,0.07255756109952927,0.33089786767959595
-6.093999862670898,-5.754000186920166,0.7920741438865662,2.291670560836792,0.08094007521867752,1.0266261100769043,0.2842530310153961,0.4954628348350525
-6.093999862670898,-5.754000186920166,1.0607856512069702,0.43686801195144653,0.20714765787124634,0.2493240088224411,0.016355285421013832,0.1736392378807068
-6.093999862670898,-4.754000186920166,1.139607548713684,0.25882381200790405,0.254550963640213,2.847864866256714,0.12909556925296783,0.4843159019947052
-6.093999862670898,-4.754000186920166,0.9885921478271484,3.922313690185547,0.07834412902593613,0.07818332314491272,0.20539453625679016,0.28963297605514526
-6.093999862670898,-4.754000186920166,1.1168416738510132,0.7352191805839539,0.0916634127497673,0.12293923646211624,-0.1928797960281372,0.2260511964559555
-6.093999862670898,-3.753999948501587,1.0350923538208008,5.922102928161621,0.3931591510772705,3.199657440185547,0.16760337352752686,0.4490441083908081
-6.093999862670898,-3.753999948501587,0.9611366987228394,3.8387556076049805,0.055711474269628525,0.07647500932216644,-0.05074970796704292,0.29788827896118164
-6.093999862670898,-3.753999948501587,1.118706464767456,0.6465808153152466,0.05769791081547737,0.05552271381020546,-0.14294877648353577,0.25306764245033264
-6.093999862670898,-2.753999948501587,0.8708027005195618,6.2438063621521,0.09142529219388962,0.9330006241798401,0.10469818860292435,0.6044955253601074
-6.093999862670898,-2.753999948501587,0.7970391511917114,3.6104800701141357,0.05994994938373566,0.4868816137313843,-0.018849531188607216,0.1754176765680313
-6.093999862670898,-2.753999948501587,1.0309399366378784,6.2606024742126465,0.11839796602725983,0.22996999323368073,0.008008502423763275,0.22008679807186127
-6.093999862670898,-1.753999948501587,0.8504923582077026,0.8299812078475952,0.16446572542190552,2.2628092765808105,0.17476512491703033,0.25097358226776123
-6.093999862670898,-1.753999948501587,0.8527030944824219,3.1500329971313477,0.11162170022726059,0.24468187987804413,0.08700001984834671,0.2351183146238327
-6.093999862670898,-1.753999948501587,0.9879148602485657,0.021745115518569946,0.09877201914787292,0.12751586735248566,0.21865761280059814,0.5139080286026001
-6.093999862670898,-0.7540000081062317,0.8909040093421936,0.8038327097892761,0.1654224395751953,1.110839605331421,-0.00577155826613307,0.2659936547279358
-6.093999862670898,-0.7540000081062317,0.8653101921081543,2.680750846862793,0.10549940913915634,0.11679257452487946,0.30021706223487854,0.49198487401008606
-6.093999862670898,-0.7540000081062317,0.7884625792503357,0.3242698311805725,0.057212840765714645,0.2056395560503006,0.26466771960258484,0.24202141165733337
-6.093999862670898,1.246000051498413,0.8188004493713379,5.2393317222595215,0.0703267827630043,1.9274567365646362,0.2171444296836853,0.2669433057308197
-6.093999862670898,1.246000051498413,1.2179969549179077,3.312173843383789,0.3150809109210968,0.08735077828168869,0.1517234742641449,0.08543448150157928
-6.093999862670898,1.246000051498413,1.110478401184082,0.05405118316411972,0.09938124567270279,0.08398301899433136,0.1477876603603363,0.6476222276687622
-6.093999862670898,2.246000051498413,0.94952392578125,4.682737350463867,0.1521013230085373,1.9657338857650757,0.1206909567117691,0.14204323291778564
-6.093999862670898,2.246000051498413,1.2029765844345093,3.0853779315948486,0.1475982367992401,0.08289037644863129,0.022700663655996323,0.329024076461792
-6.093999862670898,2.246000051498413,1.2263014316558838,6.175037384033203,0.09841340780258179,0.02448849566280842,-0.0851878821849823,0.5289326906204224
-6.093999862670898,3.246000051498413,1.0825746059417725,0.00205466290935874,0.3358359634876251,2.301504611968994,0.05035565420985222,0.22007544338703156
-6.093999862670898,3.246000051498413,1.187628984451294,3.0326085090637207,0.09534682333469391,0.05262288451194763,-0.0011663191253319383,0.2634055018424988
-6.093999862670898,3.246000051498413,1.265491008758545,6.140052795410156,0.09740135818719864,0.022728029638528824,0.052846863865852356,0.5165191292762756
-6.093999862670898,4.245999813079834,1.1059560775756836,6.182585716247559,0.19617441296577454,1.6579447984695435,0.0592825785279274,0.4020217955112457
-6.093999862670898,4.245999813079834,1.0602691173553467,2.902078151702881,0.0883907675743103,0.09822779893875122,0.168821319937706,0.29473423957824707
-6.093999862670898,4.245999813079834,1.2254846096038818,6.090100288391113,0.10768625885248184,0.030242932960391045,0.06025128439068794,0.3032439649105072
-6.093999862670898,5.245999813079834,1.2098510265350342,4.900909423828125,0.7148500084877014,2.50268816947937,0.07859167456626892,0.10737119615077972
-6.093999862670898,5.245999813079834,1.1432452201843262,2.7321982383728027,0.10086170583963394,0.046826813369989395,0.09628596901893616,0.3244797885417938
-6.093999862670898,5.245999813079834,1.142998218536377,5.932796478271484,0.08960022777318954,0.057626642286777496,-0.050718165934085846,0.5681489706039429
-6.093999862670898,6.245999813079834,1.2330079078674316,4.236767292022705,0.5451235771179199,2.6425271034240723,0.03996898606419563,0.08780773729085922
-6.093999862670898,6.245999813079834,1.1692091226577759,2.692056894302368,0.11246543377637863,0.057490892708301544,0.14868928492069244,0.34844309091567993
-6.093999862670898,6.245999813079834,1.0639160871505737,5.947732925415039,0.06902685016393661,0.08211081475019455,-0.11042064428329468,0.5637491941452026
-6.093999862670898,7.245999813079834,1.2845427989959717,4.406959533691406,0.5999587774276733,2.39713978767395,0.11835666745901108,0.0833180770277977
-6.093999862670898,7.245999813079834,1.0495225191116333,2.612379312515259,0.08131157606840134,0.10278400778770447,0.19342562556266785,0.4907437562942505
-6.093999862670898,7.245999813079834,1.2597956657409668,5.8747968673706055,0.10650031268596649,0.05020900070667267,-0.0013111296575516462,0.42593812942504883
-6.093999862670898,8.246000289916992,1.0424582958221436,1.1342061758041382,0.3908669352531433,0.6862801313400269,0.025464702397584915,0.18774014711380005
-6.093999862670898,8.246000289916992,0.7107573747634888,0.2526895999908447,0.17736418545246124,1.260730504989624,-0.009657771326601505,0.0034296021331101656
-6.093999862670898,8.246000289916992,0.6577548980712891,0.9867255687713623,0.02874816209077835,0.1634703129529953,-0.34035396575927734,0.808830201625824
-6.093999862670898,9.246000289916992,0.8858710527420044,5.28448486328125,0.05484313145279884,0.5841460824012756,-0.007306278683245182,0.8645246624946594
-6.093999862670898,9.246000289916992,0.8625951409339905,0.33468735218048096,0.1735910028219223,0.7359916567802429,0.24637848138809204,0.05165484920144081
-6.093999862670898,9.246000289916992,0.6882142424583435,6.262214183807373,0.07094839215278625,0.2514612078666687,0.06326081603765488,0.08382057398557663
-6.093999862670898,12.246000289916992,0.7267988324165344,2.0904312133789062,3.7643990516662598,2.088606119155884,0.57996666431427,8.946087291406002e-06
-6.093999862670898,12.246000289916992,0.3368098735809326,0.786467969417572,0.003468121634796262,0.2698274254798889,-0.4596908986568451,0.9998893737792969
-6.093999862670898,12.246000289916992,0.43369510769844055,5.987710475921631,0.029028162360191345,8.079313278198242,0.18010737001895905,0.00010162582475459203
-6.093999862670898,13.246000289916992,0.924430787563324,5.629812240600586,1.1758935451507568,1.3770935535430908,0.2736072540283203,0.015780244022607803
-6.093999862670898,13.246000289916992,0.676980197429657,0.27050405740737915,0.025152213871479034,0.035276804119348526,-0.1968212127685547,0.9593107104301453
-6.093999862670898,13.246000289916992,0.769845724105835,1.0135763883590698,0.13575272262096405,0.20954495668411255,-0.13177743554115295,0.024909062311053276
-6.093999862670898,14.246000289916992,1.0392510890960693,5.902883052825928,0.42007580399513245,1.515075445175171,0.16321806609630585,0.06604506820440292
-6.093999862670898,14.246000289916992,1.2677863836288452,2.086719036102295,0.10719244927167892,0.028829015791416168,0.2054866999387741,0.06408875435590744
-6.093999862670898,14.246000289916992,1.4223339557647705,6.09182596206665,0.0830836221575737,0.007739038206636906,0.07198874652385712,0.869866132736206
-6.093999862670898,15.246000289916992,1.2961394786834717,2.944328546524048,2.794497489929199,1.6781325340270996,0.3520427644252777,0.003727054689079523
-6.093999862670898,15.246000289916992,1.3085469007492065,0.6985576748847961,0.04347328469157219,0.006289903540164232,-0.4196914732456207,0.994807779788971
-6.093999862670898,15.246000289916992,1.1516501903533936,0.28458449244499207,0.38092687726020813,1.147843599319458,0.25683459639549255,0.00146519357804209
-6.093999862670898,16.246000289916992,0.8141894340515137,4.18294620513916,0.0768933817744255,0.7630243897438049,0.13308173418045044,0.03617041930556297
-6.093999862670898,16.246000289916992,0.9996408820152283,0.6044713854789734,0.1285381019115448,0.03700749948620796,0.0020209974609315395,0.9636724591255188
-6.093999862670898,16.246000289916992,0.9217300415039062,0.044603750109672546,0.8405817151069641,1.4541738033294678,0.26179617643356323,0.00015719138900749385
-6.093999862670898,17.246000289916992,1.2219327688217163,4.914223670959473,2.6139872074127197,2.0934972763061523,0.43793195486068726,0.020370250567793846
-6.093999862670898,17.246000289916992,0.9637054204940796,0.45627617835998535,0.07365409284830093,0.06408235430717468,-0.3952665627002716,0.5381309390068054
-6.093999862670898,17.246000289916992,0.9319131970405579,6.248013496398926,0.11336472630500793,0.24479560554027557,0.21205128729343414,0.4414987564086914
-6.093999862670898,19.246000289916992,0.9417716860771179,0.6305869221687317,0.3886209726333618,0.43648841977119446,0.2218409776687622,7.208329043351114e-05
-6.093999862670898,19.246000289916992,0.9981188774108887,6.076322555541992,0.02422117255628109,0.0794113352894783,0.23319412767887115,0.9999275207519531
-6.093999862670898,19.246000289916992,1.1226491928100586,1.3558249473571777,2.861499309539795,1.270419716835022,0.5261152386665344,3.056964033021359e-07
-6.093999862670898,20.246000289916992,1.8881577253341675,6.267844200134277,86.64990234375,2.99375319480896,0.40377286076545715,5.540237779655399e-08
-6.093999862670898,20.246000289916992,1.3537342548370361,0.9721349477767944,0.017038384452462196,0.04706914722919464,0.3090839385986328,0.9999977350234985
-6.093999862670898,20.246000289916992,1.3777071237564087,1.5691231489181519,0.6027421951293945,2.5222225189208984,-0.01974012330174446,2.2213162083062343e-06
-5.093999862670898,-11.753999710083008,0.8339874148368835,0.3037998676300049,1.0776267051696777,1.5835694074630737,0.19312596321105957,0.21777305006980896
-5.093999862670898,-11.753999710083008,0.41493862867355347,2.59417986869812,0.025408977642655373,0.8053463101387024,-0.19387973845005035,0.04564826935529709
-5.093999862670898,-11.753999710083008,0.5867157578468323,5.002436637878418,0.012462564744055271,0.07181394845247269,0.19430309534072876,0.7365787029266357
-5.093999862670898,-10.753999710083008,0.6883652210235596,4.706268787384033,0.1869482845067978,1.0538592338562012,0.039528075605630875,0.44948384165763855
-5.093999862670898,-10.753999710083008,0.5582690834999084,2.061725616455078,0.036040592938661575,0.8143937587738037,-0.06407064944505692,0.23228764533996582
-5.093999862670898,-10.753999710083008,0.6007057428359985,4.884498596191406,0.024937540292739868,0.7595411539077759,0.1496795266866684,0.318228542804718
-5.093999862670898,-9.753999710083008,0.8496385216712952,3.949815273284912,0.13190855085849762,1.830130696296692,0.054312050342559814,0.44663482904434204
-5.093999862670898,-9.753999710083008,0.5181785821914673,2.1459858417510986,0.026556912809610367,0.8501768708229065,0.16388754546642303,0.15384623408317566
-5.093999862670898,-9.753999710083008,0.6683065891265869,4.431686878204346,0.027103528380393982,0.34814557433128357,0.24195149540901184,0.3995189368724823
-5.093999862670898,-8.753999710083008,0.8917602300643921,5.258028984069824,0.21520285308361053,2.0869016647338867,0.025165975093841553,0.11344631761312485
-5.093999862670898,-8.753999710083008,0.5994531512260437,2.1553289890289307,0.02593880333006382,0.9327953457832336,-0.06744760274887085,0.3311169445514679
-5.093999862670898,-8.753999710083008,0.671154260635376,5.314447402954102,0.01266220211982727,0.28006842732429504,-0.1049649640917778,0.5554367303848267
-5.093999862670898,-7.754000186920166,1.037161111831665,5.78637170791626,0.3423018753528595,1.874070644378662,0.05533042177557945,0.07838237285614014
-5.093999862670898,-7.754000186920166,0.620198667049408,1.6716790199279785,0.027575910091400146,0.3378474712371826,0.22073516249656677,0.6244582533836365
-5.093999862670898,-7.754000186920166,0.7909548282623291,5.010100364685059,0.05583159625530243,0.2370731085538864,0.16208671033382416,0.2971594035625458
-5.093999862670898,-6.754000186920166,1.214112401008606,4.960964202880859,0.2998078763484955,0.8226038813591003,0.27110204100608826,0.43468883633613586
-5.093999862670898,-6.754000186920166,0.8302821516990662,2.217677593231201,0.09708363562822342,0.32518354058265686,-0.015168765559792519,0.2691425383090973
-5.093999862670898,-6.754000186920166,0.7814878821372986,5.795525074005127,0.05235288292169571,0.9811937212944031,0.26056134700775146,0.29616862535476685
-5.093999862670898,-5.754000186920166,1.1403512954711914,5.52934455871582,0.3208010792732239,1.9392027854919434,0.2159692943096161,0.5326365232467651
-5.093999862670898,-5.754000186920166,0.7320674657821655,1.4193867444992065,0.06678970903158188,0.7861899733543396,0.025877496227622032,0.4086073338985443
-5.093999862670898,-5.754000186920166,0.841508150100708,5.555700778961182,0.1265077143907547,1.9377708435058594,0.016470719128847122,0.05875615030527115
-5.093999862670898,-4.754000186920166,1.028278112411499,0.38675379753112793,0.32518482208251953,2.37152361869812,0.0462518110871315,0.5674599409103394
-5.093999862670898,-4.754000186920166,0.787028431892395,3.328782796859741,0.044985752552747726,0.8457816243171692,-0.007474293000996113,0.23352251946926117
-5.093999862670898,-4.754000186920166,0.7951127290725708,0.7058888673782349,0.017197025939822197,0.9150193333625793,-0.1333402693271637,0.1990174949169159
-5.093999862670898,-3.753999948501587,1.0407352447509766,6.255867004394531,0.3485828936100006,2.65047287940979,0.18394018709659576,0.45158806443214417
-5.093999862670898,-3.753999948501587,0.7774722576141357,3.9150550365448,0.05661074444651604,0.13818413019180298,0.13079868257045746,0.2810732424259186
-5.093999862670898,-3.753999948501587,0.9166578650474548,0.888273298740387,0.05181097239255905,0.07541673630475998,-0.242092102766037,0.26733869314193726
-5.093999862670898,-2.753999948501587,0.7547422051429749,1.5245400667190552,0.0629052147269249,1.7438700199127197,0.037648264318704605,0.2784033417701721
-5.093999862670898,-2.753999948501587,0.9097419381141663,3.635037422180176,0.12999702990055084,0.427656352519989,0.037711553275585175,0.3419720530509949
-5.093999862670898,-2.753999948501587,1.0410590171813965,0.4750062823295593,0.12999814748764038,0.22590163350105286,-0.09689030796289444,0.3796246349811554
-5.093999862670898,-1.753999948501587,1.139588475227356,1.198866367340088,0.5439910292625427,2.398038148880005,0.039083316922187805,0.037937231361866
-5.093999862670898,-1.753999948501587,1.1355291604995728,3.3550240993499756,0.14300209283828735,0.14516425132751465,0.1450394093990326,0.4222760796546936
-5.093999862670898,-1.753999948501587,1.0961847305297852,0.3200632631778717,0.12653377652168274,0.1986735314130783,-0.2313319444656372,0.5397866368293762
-5.093999862670898,-0.7540000081062317,0.8884104490280151,2.5352625846862793,0.17770370841026306,1.8655732870101929,0.05657951533794403,0.4630877673625946
-5.093999862670898,-0.7540000081062317,0.8428879976272583,3.390010118484497,0.10035084933042526,0.156572163105011,0.20078174769878387,0.3195081353187561
-5.093999862670898,-0.7540000081062317,0.8959786891937256,0.3527737855911255,0.10369628667831421,0.2406274378299713,0.06973357498645782,0.2174040675163269
-5.093999862670898,0.2460000067949295,0.6091291308403015,5.4235310554504395,0.05544091388583183,2.065946578979492,0.05294426530599594,0.3806461691856384
-5.093999862670898,0.2460000067949295,0.48200875520706177,3.391907215118408,0.023942286148667336,1.3406610488891602,0.2156766653060913,0.5780891180038452
-5.093999862670898,0.2460000067949295,0.7272586226463318,0.6654047966003418,0.05519866570830345,0.5038001537322998,0.010932697914540768,0.04126480594277382
-5.093999862670898,1.246000051498413,0.7478395104408264,5.387645721435547,0.051555052399635315,1.5253969430923462,0.0333847813308239,0.8365268707275391
-5.093999862670898,1.246000051498413,0.9647508859634399,3.0519602298736572,0.08457837998867035,0.05665947496891022,0.081740602850914,0.09616892039775848
-5.093999862670898,1.246000051498413,0.9804036617279053,5.809859275817871,0.06645528227090836,0.12092190980911255,0.2800271213054657,0.06730417907238007
-5.093999862670898,2.246000051498413,1.0683674812316895,5.639599323272705,0.32609012722969055,2.2364814281463623,0.03628147393465042,0.08698360621929169
-5.093999862670898,2.246000051498413,1.284566044807434,3.0626943111419678,0.1346711665391922,0.07651079446077347,0.020776959136128426,0.3855884075164795
-5.093999862670898,2.246000051498413,1.3811310529708862,6.210916042327881,0.12866602838039398,0.020785534754395485,-0.057261545211076736,0.5274280309677124
-5.093999862670898,3.246000051498413,1.20843505859375,6.020496845245361,0.8243337273597717,2.7720484733581543,0.0622950978577137,0.08919592946767807
-5.093999862670898,3.246000051498413,1.210007905960083,2.93727970123291,0.09026631712913513,0.06150682643055916,0.042058251798152924,0.3671185374259949
-5.093999862670898,3.246000051498413,1.291975975036621,6.130033016204834,0.08861920982599258,0.03110329993069172,-0.05151570588350296,0.5436854958534241
-5.093999862670898,4.245999813079834,1.0721231698989868,5.323815822601318,0.2708456516265869,2.345426559448242,0.05717194825410843,0.18539786338806152
-5.093999862670898,4.245999813079834,1.1206872463226318,2.75252366065979,0.094047911465168,0.0703401193022728,0.10802862048149109,0.32139307260513306
-5.093999862670898,4.245999813079834,1.2567423582077026,6.054680824279785,0.10320582985877991,0.04743976145982742,-0.04660607874393463,0.49320903420448303
-5.093999862670898,5.245999813079834,1.3106250762939453,5.475892066955566,1.1596378087997437,2.2377190589904785,0.06677762418985367,0.12451247870922089
-5.093999862670898,5.245999813079834,1.154790997505188,2.6696038246154785,0.07685259729623795,0.03401485085487366,0.07803168892860413,0.4006957709789276
-5.093999862670898,5.245999813079834,1.2272135019302368,5.816606521606445,0.11980000138282776,0.06731439381837845,0.006016973406076431,0.4747917354106903
-5.093999862670898,6.245999813079834,1.1749309301376343,4.5781779289245605,0.635269284248352,2.368497610092163,0.008302365429699421,0.11520122736692429
-5.093999862670898,6.245999813079834,1.0634702444076538,2.56093168258667,0.05912391468882561,0.03472520038485527,0.011011501774191856,0.39469146728515625
-5.093999862670898,6.245999813079834,1.2790669202804565,5.856019496917725,0.15330985188484192,0.0516425222158432,-0.05210823565721512,0.49010729789733887
-5.093999862670898,7.245999813079834,1.006557822227478,0.6413533091545105,0.25296729803085327,2.2744171619415283,0.07106783986091614,0.3650013208389282
-5.093999862670898,7.245999813079834,0.9744001030921936,3.3307549953460693,0.09554699063301086,0.16281601786613464,0.08834300190210342,0.41090747714042664
-5.093999862670898,7.245999813079834,1.2918345928192139,6.261108875274658,0.168805792927742,0.05232834815979004,0.03854645788669586,0.22409118711948395
-5.093999862670898,8.246000289916992,1.2746789455413818,5.766049861907959,2.135719060897827,1.9666407108306885,0.08867499232292175,0.3550766706466675
-5.093999862670898,8.246000289916992,0.7881379723548889,2.501783609390259,0.0622614249587059,0.40287038683891296,0.17191074788570404,0.5072463154792786
-5.093999862670898,8.246000289916992,0.8786924481391907,0.6895911693572998,0.13389290869235992,0.6249393224716187,-0.17997589707374573,0.13767699897289276
-5.093999862670898,9.246000289916992,0.9356274604797363,4.918547630310059,0.29031479358673096,1.7962661981582642,-0.17459143698215485,0.2784354090690613
-5.093999862670898,9.246000289916992,0.7174882888793945,1.794849157333374,0.027948930859565735,0.07628485560417175,0.1356290876865387,0.2996922731399536
-5.093999862670898,9.246000289916992,0.6515639424324036,4.705634117126465,0.024627435952425003,0.08755557239055634,0.1425379365682602,0.4218722879886627
-5.093999862670898,16.246000289916992,1.0598454475402832,3.3558743000030518,0.28505852818489075,0.5639111995697021,0.13222569227218628,0.11595442146062851
-5.093999862670898,16.246000289916992,1.0299460887908936,0.455382764339447,0.131131112575531,0.06717691570520401,-0.11322832107543945,0.8707761168479919
-5.093999862670898,16.246000289916992,1.1128830909729004,0.25061339139938354,1.0750261545181274,0.9539006352424622,0.40437525510787964,0.013269426301121712
-5.093999862670898,17.246000289916992,0.8620905876159668,4.897157669067383,0.29544350504875183,2.491974353790283,0.3645274341106415,0.0010525500401854515
-5.093999862670898,17.246000289916992,0.8754420280456543,0.8414101600646973,0.050009749829769135,0.06357996165752411,0.06668197363615036,0.9989126920700073
-5.093999862670898,17.246000289916992,0.9302665591239929,5.762765407562256,0.5828156471252441,2.720921039581299,0.06313668191432953,3.4806787880370393e-05
-5.093999862670898,18.246000289916992,0.845779538154602,4.511621475219727,0.14260172843933105,1.1340476274490356,0.17132635414600372,0.0014491130132228136
-5.093999862670898,18.246000289916992,1.1096709966659546,1.3423980474472046,0.08318264782428741,0.06331170350313187,0.03564752638339996,0.9985496401786804
-5.093999862670898,18.246000289916992,1.1529362201690674,5.660355567932129,2.7689027786254883,5.242436408996582,0.293839693069458,1.1756130788853625e-06
-4.093999862670898,-11.753999710083008,0.7626094222068787,6.039766311645508,1.4438097476959229,2.3578438758850098,0.17685231566429138,0.013757225126028061
-4.093999862670898,-11.753999710083008,0.39775803685188293,2.789933681488037,0.024943415075540543,1.242967128753662,-0.24917849898338318,0.02748819626867771
-4.093999862670898,-11.753999710083008,0.5727983713150024,4.281631946563721,0.01079094409942627,0.15590371191501617,0.17457950115203857,0.9587545990943909
-4.093999862670898,-10.753999710083008,0.5779462456703186,5.8424882888793945,0.2631334662437439,1.9100388288497925,-0.013900667428970337,0.04998769238591194
-4.093999862670898,-10.753999710083008,0.5731428265571594,1.925551176071167,0.018054498359560966,0.16448895633220673,-0.1655089408159256,0.5755655765533447
-4.093999862670898,-10.753999710083008,0.630499005317688,4.555209159851074,0.015676530078053474,0.2902891933917999,0.19026301801204681,0.37444671988487244
-4.093999862670898,-9.753999710083008,0.8782256245613098,4.2536115646362305,0.1535610556602478,1.457054615020752,0.0723877027630806,0.40738487243652344
-4.093999862670898,-9.753999710083008,0.5763322114944458,0.8784258961677551,0.02632550522685051,0.6085609197616577,0.06114853546023369,0.12819808721542358
-4.093999862670898,-9.753999710083008,0.6550054550170898,4.86070442199707,0.02042892761528492,0.3715922236442566,0.144197478890419,0.464417040348053
-4.093999862670898,-8.753999710083008,0.8211014866828918,5.2729692459106445,0.11030180007219315,1.7203508615493774,0.09356115758419037,0.4669417142868042
-4.093999862670898,-8.753999710083008,0.6347625255584717,1.8043791055679321,0.08375302702188492,1.3455185890197754,0.01403606217354536,0.04377557337284088
-4.093999862670898,-8.753999710083008,0.6496645212173462,5.318778038024902,0.018951570615172386,0.23944085836410522,-0.02064734883606434,0.4892827570438385
-4.093999862670898,-7.754000186920166,0.944599449634552,5.992367744445801,0.4157772660255432,1.9564448595046997,0.20075497031211853,0.0536673441529274
-4.093999862670898,-7.754000186920166,0.7031152248382568,1.4196643829345703,0.058244459331035614,0.34937092661857605,0.08393079042434692,0.5853530764579773
-4.093999862670898,-7.754000186920166,0.7497376203536987,4.840112686157227,0.07875481247901917,0.433264821767807,0.1343759149312973,0.36097952723503113
-4.093999862670898,-6.754000186920166,1.3477193117141724,4.252266883850098,0.4392286241054535,0.734158992767334,0.22226963937282562,0.34899502992630005
-4.093999862670898,-6.754000186920166,0.9389718174934387,1.7111380100250244,0.09508936107158661,0.16211943328380585,0.23619164526462555,0.455898255109787
-4.093999862670898,-6.754000186920166,0.8156305551528931,5.454894542694092,0.05419382452964783,1.3093239068984985,0.19736993312835693,0.19510674476623535
-4.093999862670898,-5.754000186920166,1.0010565519332886,4.619274139404297,0.3335447609424591,1.5952402353286743,0.14762546122074127,0.18716347217559814
-4.093999862670898,-5.754000186920166,0.7094609141349792,1.350679636001587,0.05156223103404045,0.4639141261577606,-0.11920907348394394,0.3269261419773102
-4.093999862670898,-5.754000186920166,0.6335065960884094,4.4637017250061035,0.048799917101860046,2.278794765472412,-0.05221113935112953,0.48591041564941406
-4.093999862670898,-4.754000186920166,0.8692046403884888,3.6408255100250244,0.18685001134872437,1.2221013307571411,-0.08531985431909561,0.4232177734375
-4.093999862670898,-4.754000186920166,0.6366099715232849,1.8106400966644287,0.025498125702142715,1.1579504013061523,-0.15955185890197754,0.4074150323867798
-4.093999862670898,-4.754000186920166,0.6940115094184875,0.1438831239938736,0.02546013332903385,1.393381953239441,-0.03534841164946556,0.1693672090768814
-4.093999862670898,-3.753999948501587,1.2369780540466309,1.1334103345870972,0.8222974538803101,2.7804839611053467,0.26610612869262695,0.2353258728981018
-4.093999862670898,-3.753999948501587,0.8013284206390381,4.202938556671143,0.05751103535294533,0.28112247586250305,0.08539547026157379,0.5233784914016724
-4.093999862670898,-3.753999948501587,0.8275672197341919,1.0517984628677368,0.051330361515283585,0.2037402242422104,-0.27192115783691406,0.24129562079906464
-4.093999862670898,-2.753999948501587,0.7528975605964661,1.2570075988769531,0.05538785457611084,1.3827646970748901,-0.06395800411701202,0.2063818871974945
-4.093999862670898,-2.753999948501587,1.0366499423980713,3.8565025329589844,0.19477376341819763,0.24269220232963562,0.15944136679172516,0.3612329661846161
-4.093999862670898,-2.753999948501587,1.0516680479049683,0.6027559638023376,0.13759364187717438,0.2313746213912964,-0.05733044818043709,0.43238508701324463
-4.093999862670898,-1.753999948501587,1.3609955310821533,1.5434213876724243,1.2983895540237427,2.2818524837493896,0.03619123622775078,0.05728223919868469
-4.093999862670898,-1.753999948501587,1.1691677570343018,3.5406994819641113,0.16504424810409546,0.1417539119720459,0.1306135207414627,0.4521760046482086
-4.093999862670898,-1.753999948501587,1.0117675065994263,0.44941288232803345,0.10004919022321701,0.1813839226961136,-0.39127668738365173,0.4905416667461395
-4.093999862670898,-0.7540000081062317,0.9920563697814941,2.2315683364868164,0.15616726875305176,2.4493408203125,0.15645940601825714,0.39651286602020264
-4.093999862670898,-0.7540000081062317,0.8631815910339355,4.000088691711426,0.04505308344960213,0.24925081431865692,0.23841792345046997,0.43670937418937683
-4.093999862670898,-0.7540000081062317,0.9489496350288391,1.0156348943710327,0.07105229794979095,0.25679871439933777,-0.05711473524570465,0.16677777469158173
-4.093999862670898,0.2460000067949295,0.8302222490310669,4.839645862579346,0.09801037609577179,2.117542266845703,0.05872540548443794,0.28389784693717957
-4.093999862670898,0.2460000067949295,0.7420329451560974,3.520415782928467,0.0861009955406189,0.38276398181915283,0.2354521006345749,0.5561707019805908
-4.093999862670898,0.2460000067949295,1.0703684091567993,1.0986127853393555,0.2565445005893707,0.11993400752544403,-0.22309015691280365,0.1599315106868744
-4.093999862670898,1.246000051498413,1.0951693058013916,4.436863422393799,0.2717719078063965,2.2188477516174316,0.11978479474782944,0.32618531584739685
-4.093999862670898,1.246000051498413,1.04133939743042,2.9420156478881836,0.08112552762031555,0.06615450233221054,0.09549365192651749,0.4760540723800659
-4.093999862670898,1.246000051498413,1.1449873447418213,5.506080627441406,0.08816434442996979,0.08841395378112793,0.21096748113632202,0.1977606564760208
-4.093999862670898,2.246000051498413,1.1855738162994385,5.279056072235107,0.6234381198883057,2.048319101333618,0.08119827508926392,0.0835055559873581
-4.093999862670898,2.246000051498413,1.1988823413848877,3.0255956649780273,0.10967528074979782,0.11483081430196762,-0.0164081621915102,0.32361602783203125
-4.093999862670898,2.246000051498413,1.4005433320999146,6.226139068603516,0.16633915901184082,0.02903396263718605,0.03569071367383003,0.5928784012794495
-4.093999862670898,3.246000051498413,1.158604621887207,5.812320232391357,0.49382805824279785,2.8578662872314453,0.06355681270360947,0.09044545143842697
-4.093999862670898,3.246000051498413,1.1417821645736694,2.902008056640625,0.09903290867805481,0.09146857261657715,0.12517504394054413,0.3152541518211365
-4.093999862670898,3.246000051498413,1.2649242877960205,6.1905364990234375,0.10330341011285782,0.03445331007242203,-0.052491702139377594,0.594300389289856
-4.093999862670898,4.245999813079834,1.0437633991241455,4.744311809539795,0.2573966383934021,2.4167873859405518,0.052029822021722794,0.16932447254657745
-4.093999862670898,4.245999813079834,1.0933399200439453,2.7738564014434814,0.09661390632390976,0.08290745317935944,0.18106907606124878,0.3402206003665924
-4.093999862670898,4.245999813079834,1.285112977027893,5.991382598876953,0.11815765500068665,0.05421535670757294,-0.0364580899477005,0.49045494198799133
-4.093999862670898,5.245999813079834,1.2632156610488892,4.758491516113281,0.9640570878982544,2.3788836002349854,0.07562901824712753,0.1313721090555191
-4.093999862670898,5.245999813079834,1.143730640411377,2.5655736923217773,0.0755525529384613,0.03952135518193245,0.11208000779151917,0.3771965205669403
-4.093999862670898,5.245999813079834,1.2939443588256836,5.787699222564697,0.12090780586004257,0.05211831256747246,-0.011492622084915638,0.4914313852787018
-4.093999862670898,6.245999813079834,1.1618324518203735,4.705680847167969,0.6613783836364746,1.927437424659729,-0.01328783854842186,0.15521150827407837
-4.093999862670898,6.245999813079834,1.0199980735778809,2.688403606414795,0.0647481381893158,0.046415235847234726,0.05272049456834793,0.30859461426734924
-4.093999862670898,6.245999813079834,1.2900996208190918,5.900607109069824,0.18422506749629974,0.03621291741728783,-0.02593398466706276,0.53619384765625
-4.093999862670898,7.245999813079834,0.82948899269104,1.3489997386932373,0.08098675310611725,2.0253164768218994,0.045065831393003464,0.6153160333633423
-4.093999862670898,7.245999813079834,0.9286079406738281,3.6390364170074463,0.11679474264383316,0.24459508061408997,0.03137762099504471,0.3047357201576233
-4.093999862670898,7.245999813079834,1.3523558378219604,0.17673516273498535,0.24693022668361664,0.05644380301237106,-0.008645296096801758,0.079948291182518
-4.093999862670898,8.246000289916992,1.182587742805481,5.422965049743652,0.9687150716781616,3.119778633117676,0.11711020022630692,0.17010730504989624
-4.093999862670898,8.246000289916992,0.7971336245536804,3.4677085876464844,0.03682548552751541,0.7073060274124146,0.10141562670469284,0.773940920829773
-4.093999862670898,8.246000289916992,1.02927565574646,0.7994073033332825,0.11496101319789886,0.5163729190826416,-0.0851936787366867,0.055951789021492004
-4.093999862670898,9.246000289916992,0.799526035785675,3.961155652999878,0.2709048390388489,2.462989330291748,-0.24822065234184265,0.10837483406066895
-4.093999862670898,9.246000289916992,0.598560631275177,2.082289695739746,0.01509159430861473,0.11096888780593872,0.062087204307317734,0.3443380892276764
-4.093999862670898,9.246000289916992,0.6193839907646179,4.437638282775879,0.013750806450843811,0.18272468447685242,0.14324861764907837,0.547287106513977
-4.093999862670898,10.246000289916992,0.8594772219657898,2.4403915405273438,0.22917358577251434,1.2365741729736328,0.18863700330257416,0.09103652834892273
-4.093999862670898,10.246000289916992,0.5332252979278564,2.698122024536133,0.01891510561108589,0.3445208966732025,-0.13923408091068268,0.9012395739555359
-4.093999862670898,10.246000289916992,0.7206361889839172,4.8898491859436035,0.11477196216583252,3.366318941116333,0.4469640552997589,0.007723905611783266
-4.093999862670898,17.246000289916992,0.7254658341407776,5.228250980377197,0.6003237366676331,2.767639636993408,0.3421248495578766,9.556722034176346e-06
-4.093999862670898,17.246000289916992,0.6786807775497437,0.07170552015304565,0.016027143225073814,0.025294028222560883,0.00967574492096901,0.9999903440475464
-4.093999862670898,17.246000289916992,0.9268646836280823,6.241763114929199,2.6713783740997314,17.294862747192383,0.048955243080854416,9.566687708684185e-08
-4.093999862670898,18.246000289916992,0.9914472103118896,4.699343204498291,0.3027917444705963,1.1021569967269897,0.2759098708629608,0.0010442138882353902
-4.093999862670898,18.246000289916992,1.1934709548950195,0.8678359389305115,0.07210361957550049,0.027658507227897644,-0.018668992444872856,0.9989492297172546
-4.093999862670898,18.246000289916992,1.2058402299880981,6.176336765289307,1.546047568321228,2.6843390464782715,0.12787984311580658,6.500977178802714e-06
-3.0940001010894775,-11.753999710083008,0.9925099015235901,5.818301677703857,2.1075363159179688,0.5039708614349365,0.00174748245626688,5.764894694948453e-07
-3.0940001010894775,-11.753999710083008,0.27080774307250977,0.05389730632305145,0.10333629697561264,58.00004959106445,-0.15949572622776031,9.810853240921347e-10
-3.0940001010894775,-11.753999710083008,0.2872341275215149,6.274580001831055,0.00034219518420286477,0.018062453716993332,-0.314832478761673,0.9999994039535522
-3.0940001010894775,-10.753999710083008,0.7199382185935974,5.272393703460693,0.3909642696380615,0.7640467882156372,-0.0014875503256917,0.00775601901113987
-3.0940001010894775,-10.753999710083008,0.4833667278289795,4.993870735168457,0.014700147323310375,0.740612804889679,-0.03334669768810272,0.007860079407691956
-3.0940001010894775,-10.753999710083008,0.6012840270996094,1.0128202438354492,0.007983997464179993,0.21106292307376862,-0.22330422699451447,0.9843839406967163
-3.0940001010894775,-9.753999710083008,0.7009793519973755,5.9669599533081055,0.1716620773077011,1.8437297344207764,0.021897507831454277,0.3323233127593994
-3.0940001010894775,-9.753999710083008,0.5706892013549805,0.8239519000053406,0.06679798662662506,1.1008785963058472,-0.17516395449638367,0.08165186643600464
-3.0940001010894775,-9.753999710083008,0.6051121950149536,4.6186089515686035,0.015418828465044498,0.3554149270057678,0.018651491031050682,0.586024820804596
-3.0940001010894775,-8.753999710083008,0.713472843170166,5.124706745147705,0.0862448588013649,2.235335350036621,0.08157721906900406,0.6505191326141357
-3.0940001010894775,-8.753999710083008,0.46598440408706665,1.8552943468093872,0.023327654227614403,0.6017431020736694,-0.09653177112340927,0.12060605734586716
-3.0940001010894775,-8.753999710083008,0.7082371711730957,5.117437362670898,0.018824703991413116,0.15806891024112701,0.1444825381040573,0.2288748323917389
-3.0940001010894775,-7.754000186920166,0.8531877398490906,6.1861724853515625,0.48868438601493835,1.880590558052063,0.008251529186964035,0.05798821896314621
-3.0940001010894775,-7.754000186920166,0.6067098379135132,1.6899001598358154,0.023767942562699318,0.1754632443189621,-0.08382827043533325,0.705545961856842
-3.0940001010894775,-7.754000186920166,0.673064649105072,4.721103668212891,0.03364846110343933,0.2858292758464813,0.2181011587381363,0.23646584153175354
-3.0940001010894775,-6.754000186920166,1.007601261138916,4.418269634246826,0.11482974141836166,2.090656280517578,0.0387733094394207,0.2836892306804657
-3.0940001010894775,-6.754000186920166,0.7793025970458984,1.4386816024780273,0.09352897852659225,0.27980124950408936,0.15198414027690887,0.47936272621154785
-3.0940001010894775,-6.754000186920166,0.7625786066055298,4.537358283996582,0.04701223969459534,0.3013250529766083,0.21997995674610138,0.23694798350334167
-3.0940001010894775,-5.754000186920166,1.0302910804748535,3.749570846557617,0.16449382901191711,1.0965654850006104,0.3428344428539276,0.31368470191955566
-3.0940001010894775,-5.754000186920166,0.7587438225746155,1.4980521202087402,0.07067485898733139,0.18408924341201782,0.02313830889761448,0.6301866173744202
-3.0940001010894775,-5.754000186920166,0.8605661392211914,5.88620662689209,0.11966429650783539,0.6906479597091675,0.1327340304851532,0.05612868070602417
-3.0940001010894775,-4.754000186920166,1.05344557762146,3.9823687076568604,0.1293865293264389,0.4258355498313904,0.0886523574590683,0.5905044674873352
-3.0940001010894775,-4.754000186920166,1.006422996520996,1.779625654220581,0.14377503097057343,0.22513903677463531,0.19326332211494446,0.3811386823654175
-3.0940001010894775,-4.754000186920166,1.0530261993408203,0.4231564998626709,0.22940295934677124,0.12059766054153442,0.25544172525405884,0.02835686504840851
-3.0940001010894775,-3.753999948501587,1.1463680267333984,2.520005702972412,1.0274567604064941,2.7873775959014893,0.199820876121521,0.06259502470493317
-3.0940001010894775,-3.753999948501587,0.8886201977729797,4.173116207122803,0.05966179445385933,0.1370518058538437,-0.06260953843593597,0.3993222117424011
-3.0940001010894775,-3.753999948501587,1.0292553901672363,0.9432031512260437,0.0865679606795311,0.16067726910114288,-0.19131483137607574,0.5380827784538269
-3.0940001010894775,-2.753999948501587,0.9820528626441956,0.11784878373146057,0.11443724483251572,1.5977116823196411,0.06900736689567566,0.32110172510147095
-3.0940001010894775,-2.753999948501587,1.090214729309082,3.7825441360473633,0.21217136085033417,0.1586928814649582,0.058100879192352295,0.2859336733818054
-3.0940001010894775,-2.753999948501587,1.0766006708145142,0.5741527080535889,0.1145506426692009,0.18687698245048523,0.03901221230626106,0.39296460151672363
-3.0940001010894775,-1.753999948501587,1.2339102029800415,5.65722131729126,0.5532988905906677,2.3325328826904297,0.1832948923110962,0.5607883930206299
-3.0940001010894775,-1.753999948501587,1.0386523008346558,3.9765172004699707,0.11660520732402802,0.16389340162277222,0.03753487765789032,0.2197771519422531
-3.0940001010894775,-1.753999948501587,0.947800874710083,0.26455140113830566,0.05881493166089058,0.08335313946008682,-0.1380511075258255,0.21943439543247223
-3.0940001010894775,-0.7540000081062317,1.161318302154541,1.816884994506836,0.492506206035614,2.666006088256836,0.17228497564792633,0.31805339455604553
-3.0940001010894775,-0.7540000081062317,0.9172196984291077,3.933859348297119,0.086385078728199,0.2117588371038437,0.13783109188079834,0.4629005491733551
-3.0940001010894775,-0.7540000081062317,0.8680471777915955,0.5875840783119202,0.08264724165201187,0.3530157506465912,-0.014869273640215397,0.21904602646827698
-3.0940001010894775,0.2460000067949295,0.928817629814148,5.58791446685791,0.13738776743412018,2.1153690814971924,0.007273171097040176,0.3432542383670807
-3.0940001010894775,0.2460000067949295,0.9191272854804993,3.7218270301818848,0.12632928788661957,0.2658980190753937,0.1878736913204193,0.538725733757019
-3.0940001010894775,0.2460000067949295,0.938830554485321,0.9358829259872437,0.14323799312114716,0.17572073638439178,-0.09750211983919144,0.11801999807357788
-3.0940001010894775,1.246000051498413,1.171886920928955,5.291673183441162,0.3191430866718292,2.610291004180908,0.19597716629505157,0.2533411979675293
-3.0940001010894775,1.246000051498413,1.166985034942627,3.1451282501220703,0.1197141781449318,0.14968392252922058,-0.047636453062295914,0.35817956924438477
-3.0940001010894775,1.246000051498413,1.2221747636795044,5.812593460083008,0.09962113201618195,0.04951879009604454,-0.0515492781996727,0.3884792625904083
-3.0940001010894775,2.246000051498413,1.259100317955017,5.258886814117432,1.1293962001800537,2.866858720779419,0.16353929042816162,0.13281777501106262
-3.0940001010894775,2.246000051498413,1.1339623928070068,3.0398828983306885,0.09689351171255112,0.10337989032268524,-0.0525628998875618,0.3225349187850952
-3.0940001010894775,2.246000051498413,1.1818954944610596,6.15640926361084,0.08415551483631134,0.03528094291687012,0.06093519181013107,0.5446472764015198
-3.0940001010894775,3.246000051498413,1.127817153930664,6.139766693115234,0.34865790605545044,2.204371929168701,0.08128499239683151,0.10716237127780914
-3.0940001010894775,3.246000051498413,1.1006581783294678,2.8941187858581543,0.08936601877212524,0.06876692175865173,0.05268334969878197,0.28042158484458923
-3.0940001010894775,3.246000051498413,1.1811859607696533,6.15518856048584,0.08609753102064133,0.03560251370072365,0.05523253604769707,0.6124160289764404
-3.0940001010894775,4.245999813079834,1.1071661710739136,5.433126926422119,0.5161800980567932,2.8831074237823486,0.10832010954618454,0.116559699177742
-3.0940001010894775,4.245999813079834,1.0378516912460327,2.822216033935547,0.07616554945707321,0.07231234014034271,0.0822642371058464,0.4557507634162903
-3.0940001010894775,4.245999813079834,1.0852819681167603,5.849444389343262,0.07900427281856537,0.05799199640750885,0.09730704873800278,0.4276895523071289
-3.0940001010894775,5.245999813079834,1.125772476196289,4.885103225708008,0.4210173189640045,2.499131679534912,0.07960111647844315,0.12179628759622574
-3.0940001010894775,5.245999813079834,1.1271369457244873,2.6772453784942627,0.08272132277488708,0.03894752264022827,0.15163950622081757,0.35290420055389404
-3.0940001010894775,5.245999813079834,1.2608486413955688,5.842690467834473,0.09917474538087845,0.03330744802951813,0.024925418198108673,0.5252995491027832
-3.0940001010894775,6.245999813079834,1.0696337223052979,6.163167476654053,0.16092830896377563,1.7119370698928833,0.102831169962883,0.2794607877731323
-3.0940001010894775,6.245999813079834,1.01077139377594,2.8327796459198,0.1185482069849968,0.3302845358848572,0.27069541811943054,0.3073199391365051
-3.0940001010894775,6.245999813079834,1.1706962585449219,5.930165767669678,0.08764438331127167,0.0217749010771513,-0.026080593466758728,0.41321930289268494
-3.0940001010894775,7.245999813079834,1.10225510597229,5.0224409103393555,0.19007444381713867,1.2595971822738647,0.0698288232088089,0.23504604399204254
-3.0940001010894775,7.245999813079834,0.8575900793075562,2.615941286087036,0.05958223342895508,1.9193319082260132,0.20143777132034302,0.6608256697654724
-3.0940001010894775,7.245999813079834,1.21647047996521,0.5245513916015625,0.22874480485916138,0.141963928937912,-0.1438310444355011,0.10412829369306564
-3.0940001010894775,8.246000289916992,0.9924622178077698,3.8960306644439697,0.30373167991638184,1.2600884437561035,0.1493372768163681,0.2385479211807251
-3.0940001010894775,8.246000289916992,0.8088002800941467,1.6536809206008911,0.04820689186453819,1.300016164779663,-0.20044508576393127,0.5384003520011902
-3.0940001010894775,8.246000289916992,0.9869094491004944,0.6371510028839111,0.10286924988031387,1.7008310556411743,-0.09872705489397049,0.22305171191692352
-3.0940001010894775,9.246000289916992,0.9430637955665588,2.0247020721435547,0.3494991958141327,1.9999067783355713,0.0724494531750679,0.16619324684143066
-3.0940001010894775,9.246000289916992,0.6407649517059326,2.102576494216919,0.03215089440345764,0.18065284192562103,-0.2743415832519531,0.38143759965896606
-3.0940001010894775,9.246000289916992,0.6169285774230957,5.236088752746582,0.025883378461003304,1.015037178993225,0.10979542881250381,0.45236915349960327
-3.0940001010894775,10.246000289916992,0.8229466080665588,2.3434338569641113,0.3049490451812744,1.0792334079742432,0.018396593630313873,0.1425858587026596
-3.0940001010894775,10.246000289916992,0.4968565106391907,1.3565046787261963,0.020394084975123405,0.5219782590866089,-0.07276110351085663,0.4152602553367615
-3.0940001010894775,10.246000289916992,0.5912913680076599,5.2404093742370605,0.02505342662334442,0.9941979050636292,0.1385655552148819,0.4421538710594177
-3.0940001010894775,11.246000289916992,1.1270866394042969,0.10240573436021805,0.5673484802246094,3.2063629627227783,0.2570565640926361,0.004441079683601856
-3.0940001010894775,11.246000289916992,0.631107747554779,4.2984700202941895,0.005813577212393284,2.298867702484131,-0.24556931853294373,0.9920825958251953
-3.0940001010894775,11.246000289916992,0.7003348469734192,0.6346182823181152,0.04973940923810005,4.383113384246826,0.10935869067907333,0.003476256038993597
-2.0940001010894775,-10.753999710083008,0.8335168361663818,3.886486053466797,0.8023080229759216,0.6107905507087708,0.06328915804624557,0.0005707574309781194
-2.0940001010894775,-10.753999710083008,0.3574051856994629,3.524077892303467,0.013825963251292706,5.900997161865234,-0.0843159630894661,7.92837017797865e-05
-2.0940001010894775,-10.753999710083008,0.6050603985786438,2.518662929534912,0.004449980799108744,0.16225363314151764,-0.40642285346984863,0.9993500113487244
-2.0940001010894775,-9.753999710083008,0.7478249073028564,6.215794563293457,0.31834322214126587,1.3111590147018433,0.03547417372465134,0.03800018131732941
-2.0940001010894775,-9.753999710083008,0.5551343560218811,1.1782736778259277,0.09637338668107986,0.902620255947113,-0.014864918775856495,0.00411935243755579
-2.0940001010894775,-9.753999710083008,0.6550108194351196,5.081876754760742,0.014705230481922626,0.12153488397598267,0.010061795823276043,0.9578804969787598
-2.0940001010894775,-8.753999710083008,0.7546839118003845,0.3349892795085907,0.040445536375045776,1.4648367166519165,-0.011559723876416683,0.9189833998680115
-2.0940001010894775,-8.753999710083008,0.5963707566261292,2.3110642433166504,0.09231315553188324,0.29712724685668945,0.28673744201660156,0.02453543059527874
-2.0940001010894775,-8.753999710083008,0.875771701335907,5.673688888549805,0.09840463101863861,0.07591020315885544,0.1186176985502243,0.05648120865225792
-2.0940001010894775,-7.754000186920166,0.9134826064109802,0.797024667263031,0.29270845651626587,2.1376030445098877,0.024319948628544807,0.0876174047589302
-2.0940001010894775,-7.754000186920166,0.744659423828125,1.7066470384597778,0.09118381142616272,0.09102051705121994,0.053644534200429916,0.17384091019630432
-2.0940001010894775,-7.754000186920166,0.837020754814148,5.031975746154785,0.0971234142780304,0.07462446391582489,0.028937052935361862,0.7385417222976685
-2.0940001010894775,-6.754000186920166,0.8575075268745422,4.092698097229004,0.19365578889846802,1.450014352798462,0.18596184253692627,0.25683826208114624
-2.0940001010894775,-6.754000186920166,0.9118955135345459,1.8780241012573242,0.13742469251155853,0.221368670463562,0.16601979732513428,0.45473310351371765
-2.0940001010894775,-6.754000186920166,0.7039080858230591,4.7878217697143555,0.054190877825021744,0.11158162355422974,0.13003414869308472,0.2884286046028137
-2.0940001010894775,-5.754000186920166,1.1214174032211304,4.950735092163086,0.4553345739841461,1.0988811254501343,0.46894514560699463,0.02097988873720169
-2.0940001010894775,-5.754000186920166,0.7831863164901733,1.477625846862793,0.051750171929597855,0.21993185579776764,0.12003308534622192,0.9425317645072937
-2.0940001010894775,-5.754000186920166,0.8486042022705078,0.28684136271476746,0.1141081303358078,0.4537077844142914,0.22878238558769226,0.03648833930492401
-2.0940001010894775,-4.754000186920166,1.091728687286377,4.014672756195068,0.1006181612610817,0.36581453680992126,0.143890842795372,0.9508075714111328
-2.0940001010894775,-4.754000186920166,1.0696946382522583,2.376857042312622,0.48274463415145874,0.3257795572280884,0.24167369306087494,0.04057561978697777
-2.0940001010894775,-4.754000186920166,0.8685920834541321,6.099796772003174,0.13274890184402466,0.09752623736858368,0.1902080476284027,0.008616885170340538
-2.0940001010894775,-3.753999948501587,1.2049312591552734,0.8302901387214661,1.4712876081466675,3.2585079669952393,0.2775581181049347,0.049358438700437546
-2.0940001010894775,-3.753999948501587,0.6751611828804016,3.3017916679382324,0.0204708781093359,0.6155285239219666,0.0748709961771965,0.8842141628265381
-2.0940001010894775,-3.753999948501587,0.8299882411956787,6.210695266723633,0.055440131574869156,0.3548063039779663,-0.10660161823034286,0.06642740219831467
-2.0940001010894775,-2.753999948501587,1.0208134651184082,4.498862266540527,0.20469017326831818,1.566793441772461,0.2145252227783203,0.08683141320943832
-2.0940001010894775,-2.753999948501587,1.0551764965057373,3.973550796508789,0.15725384652614594,0.19188205897808075,-8.597553096478805e-05,0.36041542887687683
-2.0940001010894775,-2.753999948501587,1.110780119895935,0.5914161801338196,0.11202333867549896,0.17736612260341644,-0.009984495118260384,0.5527531504631042
-2.0940001010894775,-1.753999948501587,1.342342495918274,5.811147212982178,0.8597429394721985,2.8810906410217285,0.3155786395072937,0.17317669093608856
-2.0940001010894775,-1.753999948501587,0.947382926940918,4.004960536956787,0.08022155612707138,0.8028936982154846,-0.035848695784807205,0.4927634000778198
-2.0940001010894775,-1.753999948501587,0.9419214725494385,0.3019769489765167,0.0683220848441124,0.17734713852405548,-0.042783480137586594,0.3340599238872528
-2.0940001010894775,-0.7540000081062317,1.314387321472168,0.43021249771118164,0.936791181564331,3.1978697776794434,0.24384310841560364,0.2508848011493683
-2.0940001010894775,-0.7540000081062317,0.8699771165847778,3.8265304565429688,0.08388446271419525,0.3486946225166321,0.1711793690919876,0.6545493006706238
-2.0940001010894775,-0.7540000081062317,0.7953839302062988,0.3253413736820221,0.09770998358726501,0.48558521270751953,0.01634575054049492,0.09456588327884674
-2.0940001010894775,0.2460000067949295,0.9844774007797241,6.144083499908447,0.22549189627170563,1.8535263538360596,0.08883783966302872,0.46517032384872437
-2.0940001010894775,0.2460000067949295,0.8804658651351929,3.325371026992798,0.08840706199407578,0.2981953024864197,0.10194405168294907,0.30732330679893494
-2.0940001010894775,0.2460000067949295,0.8797365427017212,0.8955410122871399,0.08165323734283447,0.12249282002449036,-0.10625440627336502,0.22750630974769592
-2.0940001010894775,1.246000051498413,1.055060863494873,0.4361073076725006,0.20773182809352875,2.2574784755706787,0.1905069798231125,0.20274494588375092
-2.0940001010894775,1.246000051498413,1.026356816291809,3.1956064701080322,0.10538894683122635,0.3231263756752014,-0.04632328823208809,0.2908940613269806
-2.0940001010894775,1.246000051498413,1.1393423080444336,6.042307376861572,0.10503695905208588,0.06645841896533966,-0.09929593652486801,0.5063610076904297
-2.0940001010894775,2.246000051498413,1.2295467853546143,6.046016216278076,0.49899688363075256,2.4352240562438965,0.21191692352294922,0.10546305775642395
-2.0940001010894775,2.246000051498413,1.0863523483276367,2.953977346420288,0.09207940846681595,0.1437285840511322,-0.035565897822380066,0.3046058118343353
-2.0940001010894775,2.246000051498413,1.1178507804870605,6.059246063232422,0.07102641463279724,0.05972696468234062,0.1542585790157318,0.5899311304092407
-2.0940001010894775,3.246000051498413,1.0640933513641357,5.917964935302734,0.27462083101272583,1.7106013298034668,0.07484409958124161,0.1383076161146164
-2.0940001010894775,3.246000051498413,1.034525990486145,2.6665847301483154,0.06742096692323685,0.04753806069493294,0.08952656388282776,0.27398261427879333
-2.0940001010894775,3.246000051498413,1.1819294691085815,5.999035358428955,0.11094047874212265,0.045554786920547485,0.10895759612321854,0.5877097249031067
-2.0940001010894775,4.245999813079834,1.0977460145950317,5.661223888397217,0.3334633708000183,2.2446532249450684,0.05734129250049591,0.11419662088155746
-2.0940001010894775,4.245999813079834,1.0284359455108643,2.6555404663085938,0.07400164008140564,0.040045760571956635,0.11296087503433228,0.38826730847358704
-2.0940001010894775,4.245999813079834,1.0976999998092651,5.90253210067749,0.08153083920478821,0.054811980575323105,0.05451390519738197,0.49753597378730774
-2.0940001010894775,5.245999813079834,1.1168479919433594,5.715564727783203,0.27739986777305603,2.944777011871338,0.1680648922920227,0.16832883656024933
-2.0940001010894775,5.245999813079834,1.0032274723052979,2.693894386291504,0.07108639180660248,0.09153357893228531,0.1210545226931572,0.2701379060745239
-2.0940001010894775,5.245999813079834,1.0862971544265747,5.854757308959961,0.06366108357906342,0.03894100338220596,0.0919017344713211,0.5615332126617432
-2.0940001010894775,6.245999813079834,1.0776987075805664,4.552420616149902,0.06976307928562164,0.829979658126831,0.30970391631126404,0.20865869522094727
-2.0940001010894775,6.245999813079834,0.9493727087974548,2.7529776096343994,0.12813693284988403,1.4414864778518677,0.2043485939502716,0.610774040222168
-2.0940001010894775,6.245999813079834,1.0268347263336182,5.935702323913574,0.1032172217965126,0.09586697071790695,0.09681949019432068,0.18056727945804596
-2.0940001010894775,7.245999813079834,0.9839326739311218,5.102750778198242,0.0834968090057373,0.8254655599594116,0.015838362276554108,0.17411747574806213
-2.0940001010894775,7.245999813079834,0.8694067001342773,1.8954981565475464,0.06746862828731537,1.5852636098861694,0.19070681929588318,0.7503578066825867
-2.0940001010894775,7.245999813079834,1.180320382118225,0.047317661345005035,0.30285269021987915,0.34821298718452454,-0.08142968267202377,0.07552475482225418
-2.0940001010894775,8.246000289916992,0.8985987305641174,4.957999229431152,0.11167919635772705,1.7725104093551636,0.037408165633678436,0.37417012453079224
-2.0940001010894775,8.246000289916992,1.025169849395752,1.7939670085906982,0.11710575222969055,0.23154664039611816,-0.21901831030845642,0.4361252188682556
-2.0940001010894775,8.246000289916992,0.9100738167762756,5.750481605529785,0.15068577229976654,0.90291827917099,0.11977124214172363,0.18970464169979095
-2.0940001010894775,9.246000289916992,1.1108577251434326,3.1191508769989014,0.2704322338104248,1.3809645175933838,0.1940961331129074,0.1431550681591034
-2.0940001010894775,9.246000289916992,0.8761018514633179,1.3487493991851807,0.12619087100028992,0.34886130690574646,-0.20851737260818481,0.43284866213798523
-2.0940001010894775,9.246000289916992,0.6600911617279053,5.491311073303223,0.03575728461146355,1.2202225923538208,0.18477851152420044,0.423996239900589
-2.0940001010894775,10.246000289916992,0.9060189723968506,3.303140163421631,0.2303248941898346,1.0807373523712158,0.2126942127943039,0.2250339537858963
-2.0940001010894775,10.246000289916992,0.6645298600196838,0.7557661533355713,0.07079419493675232,0.7076730728149414,-0.06596450507640839,0.7065540552139282
-2.0940001010894775,10.246000289916992,0.6913966536521912,5.2310686111450195,0.08310475945472717,2.2920987606048584,0.09814087301492691,0.06841204315423965
-2.0940001010894775,11.246000289916992,1.1007938385009766,4.346523284912109,0.5537937879562378,2.7030158042907715,0.12302590161561966,0.027992261573672295
-2.0940001010894775,11.246000289916992,0.7016868591308594,0.5482121109962463,0.035781990736722946,0.3167072832584381,-0.11159680038690567,0.195076584815979
-2.0940001010894775,11.246000289916992,0.6444849967956543,4.14628791809082,0.023671317845582962,0.7877933979034424,0.1657029390335083,0.7769311666488647
-2.0940001010894775,12.246000289916992,0.9385504722595215,2.6690621376037598,2.3750123977661133,2.227262020111084,0.37730664014816284,0.0009164353832602501
-2.0940001010894775,12.246000289916992,0.544765055179596,1.2745215892791748,0.014280914328992367,0.0366801992058754,0.047197528183460236,0.9985028505325317
-2.0940001010894775,12.246000289916992,0.6157897710800171,5.1375908851623535,0.03201312944293022,0.24927262961864471,-0.034831881523132324,0.0005807756097055972
-1.093999981880188,-7.754000186920166,1.0782824754714966,6.06099796295166,2.672706365585327,3.142460823059082,0.08561021089553833,0.0008780097705312073
-1.093999981880188,-7.754000186920166,1.095240831375122,2.1437137126922607,0.06023681163787842,0.00655857240781188,0.12274942547082901,0.03201103210449219
-1.093999981880188,-7.754000186920166,0.9251447916030884,5.171139717102051,0.04395688325166702,0.014065725728869438,0.019784124568104744,0.9671109318733215
-1.093999981880188,-3.753999948501587,0.9117320775985718,4.421357154846191,0.33493855595588684,2.0604629516601562,0.19506539404392242,0.02881101705133915
-1.093999981880188,-3.753999948501587,0.473289430141449,2.6137795448303223,0.029824333265423775,0.7534842491149902,0.04756923392415047,0.007062109652906656
-1.093999981880188,-3.753999948501587,0.5942361354827881,5.20286750793457,0.01688428781926632,0.1210378035902977,-0.018809562548995018,0.9641269445419312
-1.093999981880188,-2.753999948501587,0.7699738144874573,4.768178939819336,0.2912970781326294,2.1620278358459473,0.24420668184757233,0.26710429787635803
-1.093999981880188,-2.753999948501587,0.5316987037658691,2.269151449203491,0.0356016643345356,2.148772716522217,-0.01605253852903843,0.3508830964565277
-1.093999981880188,-2.753999948501587,0.6780781149864197,5.706732273101807,0.023083830252289772,0.7850254774093628,-0.14226414263248444,0.38201257586479187
-1.093999981880188,-1.753999948501587,1.1141639947891235,4.009814739227295,0.4679428040981293,1.7766523361206055,0.3173917829990387,0.1935073435306549
-1.093999981880188,-1.753999948501587,0.6183805465698242,2.798403739929199,0.05502258613705635,1.0772497653961182,0.04401359334588051,0.16445006430149078
-1.093999981880188,-1.753999948501587,0.8277694582939148,0.4731343388557434,0.09061502665281296,0.1169666275382042,-0.2097814977169037,0.6420425772666931
-1.093999981880188,-0.7540000081062317,1.433258295059204,0.41078710556030273,2.1737663745880127,3.123011350631714,0.17303062975406647,0.1534111350774765
-1.093999981880188,-0.7540000081062317,1.0690596103668213,3.7112491130828857,0.12299344688653946,0.4375912547111511,0.16680002212524414,0.4146460294723511
-1.093999981880188,-0.7540000081062317,0.9616062641143799,0.7393506169319153,0.07701509445905685,0.16037432849407196,-0.390471875667572,0.43194282054901123
-1.093999981880188,0.2460000067949295,1.0438380241394043,5.430747032165527,0.2328299731016159,1.8639923334121704,0.07886990159749985,0.6326248645782471
-1.093999981880188,0.2460000067949295,1.1204313039779663,3.199599027633667,0.12202323973178864,0.21025264263153076,-0.07589229941368103,0.24119706451892853
-1.093999981880188,0.2460000067949295,1.2609761953353882,0.5698421001434326,0.17609164118766785,0.12013900279998779,-0.09201620519161224,0.12617811560630798
-1.093999981880188,1.246000051498413,0.9678493738174438,0.4608984887599945,0.21955181658267975,2.816685438156128,0.07672854512929916,0.19263677299022675
-1.093999981880188,1.246000051498413,1.0941311120986938,3.4966464042663574,0.13478821516036987,0.20608313381671906,-0.11715415120124817,0.2820511758327484
-1.093999981880188,1.246000051498413,1.322490930557251,5.9982099533081055,0.1296737790107727,0.04499351978302002,-0.10874881595373154,0.5253121256828308
-1.093999981880188,2.246000051498413,1.1933977603912354,4.697277545928955,0.7097669243812561,2.4594852924346924,0.15095342695713043,0.09564747661352158
-1.093999981880188,2.246000051498413,1.1385753154754639,2.98828387260437,0.08438730984926224,0.08287330716848373,-0.01145708467811346,0.33809617161750793
-1.093999981880188,2.246000051498413,1.1514300107955933,6.048017501831055,0.06900980323553085,0.04276188090443611,0.0013316425029188395,0.5662562847137451
-1.093999981880188,3.246000051498413,1.0445741415023804,5.2777862548828125,0.3911553621292114,2.8734676837921143,0.0757947638630867,0.11112082749605179
-1.093999981880188,3.246000051498413,1.0893231630325317,2.714150905609131,0.09699100255966187,0.08598804473876953,0.04383910074830055,0.3335135281085968
-1.093999981880188,3.246000051498413,1.1389281749725342,5.9631853103637695,0.09949800372123718,0.05797828361392021,0.05399050936102867,0.5553656220436096
-1.093999981880188,4.245999813079834,1.077391505241394,5.617561340332031,0.5104342699050903,2.836216449737549,0.062158484011888504,0.10864245891571045
-1.093999981880188,4.245999813079834,1.1442863941192627,2.6570403575897217,0.11398449540138245,0.04125165194272995,-0.0073555223643779755,0.3153795301914215
-1.093999981880188,4.245999813079834,1.0610874891281128,5.893559455871582,0.07743128389120102,0.033492304384708405,0.07205270975828171,0.5759781002998352
-1.093999981880188,5.245999813079834,1.2234097719192505,6.048020839691162,0.48344913125038147,2.255988597869873,0.13729818165302277,0.1524934023618698
-1.093999981880188,5.245999813079834,1.0595238208770752,2.580624580383301,0.08387498557567596,0.09149351716041565,-0.021388130262494087,0.2736395597457886
-1.093999981880188,5.245999813079834,1.1074799299240112,5.905610084533691,0.055239755660295486,0.03495704382658005,-0.014232354238629341,0.5738670229911804
-1.093999981880188,6.245999813079834,1.1454511880874634,4.824275970458984,0.18058906495571136,1.4036005735397339,0.25371071696281433,0.11739746481180191
-1.093999981880188,6.245999813079834,0.9863039255142212,2.279008388519287,0.09465204924345016,1.133211612701416,0.13192595541477203,0.7904275059700012
-1.093999981880188,6.245999813079834,1.037615180015564,5.627349853515625,0.10197912901639938,0.3282928764820099,0.09086772054433823,0.09217502176761627
-1.093999981880188,7.245999813079834,1.0560519695281982,4.8146209716796875,0.22636902332305908,1.420487880706787,0.15912695229053497,0.11344239860773087
-1.093999981880188,7.245999813079834,0.9436911344528198,2.2651097774505615,0.11994130164384842,0.8534206748008728,0.12764595448970795,0.8396087884902954
-1.093999981880188,7.245999813079834,1.049613118171692,5.2257080078125,0.16380463540554047,0.6217860579490662,0.060849644243717194,0.04694883152842522
-1.093999981880188,8.246000289916992,0.930837094783783,4.587658405303955,0.14224214851856232,1.5680938959121704,0.17580747604370117,0.44276896119117737
-1.093999981880188,8.246000289916992,1.04392671585083,1.6617697477340698,0.09779258072376251,0.14080274105072021,-0.07954766601324081,0.5299726128578186
-1.093999981880188,8.246000289916992,0.9539650678634644,4.959417343139648,0.14631551504135132,1.1357632875442505,0.20272502303123474,0.027258375659585
-1.093999981880188,9.246000289916992,1.003402829170227,4.072574615478516,0.14829561114311218,1.0199437141418457,0.17590372264385223,0.23459556698799133
-1.093999981880188,9.246000289916992,0.9848236441612244,1.1000646352767944,0.10522231459617615,0.20380833745002747,0.12663902342319489,0.739023745059967
-1.093999981880188,9.246000289916992,0.7942512631416321,5.952637195587158,0.1904497742652893,1.7214771509170532,0.2129223644733429,0.0263807512819767
-1.093999981880188,10.246000289916992,0.8780854940414429,3.423858880996704,0.18969234824180603,1.1510984897613525,0.19033940136432648,0.0708603784441948
-1.093999981880188,10.246000289916992,0.7327336668968201,0.48713624477386475,0.02655830606818199,0.33123522996902466,0.17844243347644806,0.8530133962631226
-1.093999981880188,10.246000289916992,0.8067774176597595,0.3657885193824768,0.12317711859941483,0.6901051998138428,0.10530178248882294,0.07612625509500504
-1.093999981880188,11.246000289916992,1.1478546857833862,5.356407642364502,1.1396855115890503,2.7805230617523193,0.13790547847747803,0.00925461482256651
-1.093999981880188,11.246000289916992,0.7664221525192261,0.9653218388557434,0.037342846393585205,0.4079488515853882,0.040263962000608444,0.9835256338119507
-1.093999981880188,11.246000289916992,0.6342715620994568,5.967632293701172,0.08674447983503342,2.1971304416656494,-0.010306581854820251,0.007219795137643814
-1.093999981880188,12.246000289916992,1.1747485399246216,4.1713666915893555,0.4239208400249481,1.269046664237976,0.28556787967681885,0.06335603445768356
-1.093999981880188,12.246000289916992,0.9276052117347717,1.5821788311004639,0.13917869329452515,0.14379028975963593,0.3896714746952057,0.9249391555786133
-1.093999981880188,12.246000289916992,0.757641613483429,5.412416934967041,0.06477086246013641,0.07602442055940628,0.16115373373031616,0.011704809963703156
-0.09399999678134918,-3.753999948501587,1.0896015167236328,0.049261681735515594,0.33527275919914246,0.7310073971748352,0.09444081783294678,0.0016647442243993282
-0.09399999678134918,-3.753999948501587,0.5086418986320496,1.836716890335083,0.40194812417030334,8.277872085571289,0.2759975790977478,1.6130914445966482e-05
-0.09399999678134918,-3.753999948501587,0.5934011340141296,5.0085883140563965,0.015619807876646519,0.12089134752750397,-0.010271615348756313,0.9983190894126892
-0.09399999678134918,-2.753999948501587,0.7853383421897888,5.961950778961182,0.13233591616153717,2.836561918258667,0.18397004902362823,0.3065035939216614
-0.09399999678134918,-2.753999948501587,0.5728634595870972,1.7238969802856445,0.03942663222551346,0.9277526140213013,0.22579510509967804,0.5672483444213867
-0.09399999678134918,-2.753999948501587,0.6868100166320801,5.734917640686035,0.04439796879887581,0.9141691327095032,-0.05108107998967171,0.1262480914592743
-0.09399999678134918,-1.753999948501587,0.7839701175689697,2.807957172393799,0.13691751658916473,1.0081192255020142,0.23328067362308502,0.4640173017978668
-0.09399999678134918,-1.753999948501587,0.5568585991859436,1.5799314975738525,0.025839032605290413,0.9538522958755493,-0.05062458664178848,0.3454191982746124
-0.09399999678134918,-1.753999948501587,0.7304000854492188,5.729494094848633,0.047268062829971313,1.3437622785568237,0.17241936922073364,0.19056349992752075
-0.09399999678134918,-0.7540000081062317,1.3286648988723755,5.698019981384277,0.9570295810699463,2.98390793800354,0.12665261328220367,0.1045331135392189
-0.09399999678134918,-0.7540000081062317,0.9495099782943726,3.222449541091919,0.12074536830186844,0.7983909249305725,0.0992826446890831,0.395397812128067
-0.09399999678134918,-0.7540000081062317,1.0860369205474854,0.2661014199256897,0.15970291197299957,0.10254266858100891,-0.38344383239746094,0.5000690221786499
-0.09399999678134918,0.2460000067949295,1.1395044326782227,5.366799831390381,0.1821921169757843,2.4197356700897217,0.030001383274793625,0.30491966009140015
-0.09399999678134918,0.2460000067949295,1.120572805404663,3.1505837440490723,0.08555937558412552,0.5323278903961182,-0.08431562036275864,0.474899023771286
-0.09399999678134918,0.2460000067949295,1.4450870752334595,0.40999433398246765,0.21209050714969635,0.10556440055370331,-0.1615573763847351,0.22018128633499146
-0.09399999678134918,1.246000051498413,1.0253167152404785,0.38151878118515015,0.2539398968219757,3.01906681060791,0.09172407537698746,0.13938504457473755
-0.09399999678134918,1.246000051498413,1.1817457675933838,3.553128719329834,0.08755899965763092,0.08972751349210739,-0.03845047950744629,0.3513834774494171
-0.09399999678134918,1.246000051498413,1.2849916219711304,0.07492208480834961,0.0894775241613388,0.0429183766245842,-0.09612666815519333,0.5092315077781677
-0.09399999678134918,2.246000051498413,1.049501895904541,3.906641721725464,0.3224528133869171,2.653003692626953,0.1432381421327591,0.08484508097171783
-0.09399999678134918,2.246000051498413,1.1138253211975098,2.9864864349365234,0.08275077491998672,0.06888023763895035,0.08683869242668152,0.29861629009246826
-0.09399999678134918,2.246000051498413,1.2355142831802368,6.0422892570495605,0.09240823984146118,0.03707794100046158,0.03191516548395157,0.6165386438369751
-0.09399999678134918,3.246000051498413,1.0096805095672607,5.033729553222656,0.24283450841903687,3.0917224884033203,0.0295603945851326,0.1923995018005371
-0.09399999678134918,3.246000051498413,1.0589594841003418,2.7150204181671143,0.09228496998548508,0.07388623803853989,0.07063066959381104,0.45916879177093506
-0.09399999678134918,3.246000051498413,1.2603404521942139,5.910467624664307,0.12027473747730255,0.054603587836027145,-0.06173819303512573,0.34843167662620544
-0.09399999678134918,4.245999813079834,0.9876574873924255,5.307652950286865,0.15185290575027466,2.646470308303833,-0.022397754713892937,0.2780533730983734
-0.09399999678134918,4.245999813079834,1.17624032497406,2.573385238647461,0.12150414288043976,0.08932998031377792,-0.032208237797021866,0.2859286665916443
-0.09399999678134918,4.245999813079834,1.2452703714370728,5.93074893951416,0.10911045968532562,0.038202788680791855,-0.051171768456697464,0.4360180199146271
-0.09399999678134918,5.245999813079834,1.0793509483337402,5.287141799926758,0.23837123811244965,2.4574453830718994,0.16087749600410461,0.21387431025505066
-0.09399999678134918,5.245999813079834,1.0170551538467407,2.508706569671631,0.08695069700479507,0.15880273282527924,-0.022085320204496384,0.5559142231941223
-0.09399999678134918,5.245999813079834,1.0689855813980103,5.796840667724609,0.08201277256011963,0.07694239914417267,0.020827168598771095,0.23021146655082703
-0.09399999678134918,6.245999813079834,1.1070811748504639,4.740756511688232,0.3066041171550751,1.9132490158081055,0.19187390804290771,0.3005618155002594
-0.09399999678134918,6.245999813079834,0.8453736901283264,2.2416317462921143,0.08553126454353333,0.5069249868392944,-0.008181230165064335,0.5238904356956482
-0.09399999678134918,6.245999813079834,0.9807366728782654,5.0387725830078125,0.07388678938150406,0.45724594593048096,-0.010805930010974407,0.1755477488040924
-0.09399999678134918,7.245999813079834,1.2103513479232788,5.670579433441162,0.4212762415409088,2.1763832569122314,0.19673459231853485,0.15063028037548065
-0.09399999678134918,7.245999813079834,0.9083654284477234,1.8975516557693481,0.07240517437458038,0.6030200719833374,0.17069831490516663,0.509155809879303
-0.09399999678134918,7.245999813079834,0.979919970035553,4.749309062957764,0.07212522625923157,0.3821465075016022,0.17640629410743713,0.34021392464637756
-0.09399999678134918,8.246000289916992,0.9442647099494934,4.7316741943359375,0.16622768342494965,1.8619637489318848,0.1672501564025879,0.4008297026157379
-0.09399999678134918,8.246000289916992,0.8627658486366272,1.592234492301941,0.07638324797153473,0.27313342690467834,0.1538822054862976,0.4065140187740326
-0.09399999678134918,8.246000289916992,0.8894704580307007,4.645363807678223,0.07083754986524582,0.37161022424697876,0.24145300686359406,0.19265620410442352
-0.09399999678134918,9.246000289916992,1.010197639465332,4.263774871826172,0.27008259296417236,0.6064178347587585,0.18118955194950104,0.2560586929321289
-0.09399999678134918,9.246000289916992,0.9853003621101379,1.141068935394287,0.07155193388462067,0.2611141502857208,0.33116623759269714,0.6269959807395935
-0.09399999678134918,9.246000289916992,0.8767583966255188,5.491013050079346,0.12611030042171478,0.40559905767440796,0.24214030802249908,0.11694533377885818
-0.09399999678134918,10.246000289916992,0.7519661784172058,4.797577857971191,0.08090779930353165,1.266899824142456,0.176046684384346,0.08557669073343277
-0.09399999678134918,10.246000289916992,0.8964304327964783,1.0899195671081543,0.05122252181172371,0.368744820356369,0.2874943017959595,0.8942697644233704
-0.09399999678134918,10.246000289916992,1.0847347974777222,0.8196868300437927,0.5426163077354431,0.32481837272644043,0.1615360826253891,0.020153554156422615
-0.09399999678134918,11.246000289916992,0.8559165000915527,1.1983401775360107,0.31489497423171997,0.8500942587852478,0.09799516946077347,0.014986550435423851
-0.09399999678134918,11.246000289916992,0.7268604040145874,1.6496764421463013,0.05660008266568184,0.5018510222434998,0.5864405035972595,0.9833389520645142
-0.09399999678134918,11.246000289916992,0.6132884621620178,0.1950863003730774,0.1883554309606552,0.7407551407814026,0.2375139743089676,0.0016745728207752109
-0.09399999678134918,12.246000289916992,1.2567890882492065,4.524517059326172,0.08351369202136993,0.5522471070289612,-0.010734375566244125,0.7986590266227722
-0.09399999678134918,12.246000289916992,1.130475640296936,2.3123743534088135,0.24206304550170898,0.3206477165222168,0.5909225940704346,0.18363086879253387
-0.09399999678134918,12.246000289916992,1.0418950319290161,5.895537376403809,0.13719813525676727,0.0572294145822525,0.21468326449394226,0.01771017536520958
0.906000018119812,-3.753999948501587,0.7242832183837891,5.885881423950195,0.4388497769832611,0.7232522964477539,-0.004842855967581272,5.461770797410281e-06
0.906000018119812,-3.753999948501587,0.35073214769363403,3.303800582885742,0.11213581264019012,2.3130364418029785,0.37947142124176025,2.900503204728011e-06
0.906000018119812,-3.753999948501587,0.4779784679412842,4.667044639587402,0.008447181433439255,0.03557909280061722,0.12682242691516876,0.9999916553497314
0.906000018119812,-2.753999948501587,0.5467162728309631,6.100287437438965,0.02326727658510208,1.819968819618225,0.06360257416963577,0.5007478594779968
0.906000018119812,-2.753999948501587,0.666506290435791,3.0451982021331787,0.1253209412097931,0.3420409858226776,-0.18803416192531586,0.05488677695393562
0.906000018119812,-2.753999948501587,0.980231761932373,6.122370719909668,0.11322483420372009,0.06228840351104736,-0.1880447417497635,0.44436538219451904
0.906000018119812,-1.753999948501587,0.7676281929016113,4.5081048011779785,0.19791893661022186,1.457368016242981,-0.041056811809539795,0.20109295845031738
0.906000018119812,-1.753999948501587,0.5211372375488281,2.308580160140991,0.04922463372349739,0.9937626123428345,-0.003607961582019925,0.07239951193332672
0.906000018119812,-1.753999948501587,0.6133424043655396,5.028397560119629,0.018914736807346344,1.0104387998580933,0.13206186890602112,0.7265075445175171
0.906000018119812,-0.7540000081062317,1.2140436172485352,5.316067695617676,0.5356112718582153,3.694209098815918,0.22712983191013336,0.11508116871118546
0.906000018119812,-0.7540000081062317,0.7739607095718384,2.6242611408233643,0.056186895817518234,0.5972493886947632,0.029226724058389664,0.5894759297370911
0.906000018119812,-0.7540000081062317,1.0970077514648438,0.19445329904556274,0.15341369807720184,0.1791994720697403,-0.22661875188350677,0.29544296860694885
0.906000018119812,0.2460000067949295,1.0604217052459717,5.788449287414551,0.11755134165287018,2.3982348442077637,0.05107676237821579,0.7148721814155579
0.906000018119812,0.2460000067949295,0.9829171299934387,2.9684107303619385,0.10289525240659714,0.5251898765563965,0.08347823470830917,0.24126103520393372
0.906000018119812,0.2460000067949295,1.3452727794647217,0.2374681830406189,0.21172356605529785,0.1188545674085617,-0.13555891811847687,0.043866802006959915
0.906000018119812,1.246000051498413,0.9169225692749023,5.469113826751709,0.12298435717821121,2.58074688911438,0.07514925301074982,0.2760261297225952
0.906000018119812,1.246000051498413,1.1280134916305542,3.469486713409424,0.11151043325662613,0.11186013370752335,-0.034861255437135696,0.2592727243900299
0.906000018119812,1.246000051498413,1.166384220123291,0.06628749519586563,0.08283091336488724,0.04638350009918213,-0.1039762794971466,0.46470123529434204
0.906000018119812,2.246000051498413,0.9311817288398743,3.7793047428131104,0.1690819263458252,1.476931095123291,-0.0783970057964325,0.24629057943820953
0.906000018119812,2.246000051498413,1.0924071073532104,2.715121269226074,0.0907297134399414,0.03657136112451553,0.09117912501096725,0.42272016406059265
0.906000018119812,2.246000051498413,1.2394843101501465,6.07736873626709,0.13782183825969696,0.0506456196308136,-0.11535266041755676,0.3309892416000366
0.906000018119812,3.246000051498413,1.0758569240570068,5.7912797927856445,0.41706326603889465,2.50189208984375,-0.013876906596124172,0.11704246699810028
0.906000018119812,3.246000051498413,1.0445915460586548,2.551314353942871,0.0692824050784111,0.05912797525525093,0.1250809282064438,0.47815272212028503
0.906000018119812,3.246000051498413,1.2740478515625,5.894601345062256,0.1132979616522789,0.044917549937963486,-0.02506587840616703,0.4048047959804535
0.906000018119812,4.245999813079834,1.0504953861236572,5.656846523284912,0.23930305242538452,2.442552328109741,0.03714269399642944,0.20123568177223206
0.906000018119812,4.245999813079834,1.1122660636901855,2.4702343940734863,0.09202506393194199,0.13364140689373016,0.03714355081319809,0.285966694355011
0.906000018119812,4.245999813079834,1.2113863229751587,5.823197364807129,0.09663613885641098,0.048397865146398544,0.0711149275302887,0.5127975940704346
0.906000018119812,5.245999813079834,1.0063059329986572,5.54036808013916,0.2298775464296341,2.540498733520508,0.15930737555027008,0.1557614803314209
0.906000018119812,5.245999813079834,1.0261229276657104,2.434037923812866,0.10929922759532928,0.1537874937057495,0.155987948179245,0.41278085112571716
0.906000018119812,5.245999813079834,1.0791147947311401,5.311870098114014,0.08319627493619919,0.06943056732416153,0.16553764045238495,0.43145763874053955
0.906000018119812,6.245999813079834,1.0281935930252075,5.043061256408691,0.15282246470451355,1.4587733745574951,0.12234428524971008,0.16563914716243744
0.906000018119812,6.245999813079834,1.0038059949874878,2.1828551292419434,0.07097673416137695,0.12254306674003601,0.1485137939453125,0.4648061692714691
0.906000018119812,6.245999813079834,1.0317184925079346,4.962841033935547,0.050609782338142395,0.0680103674530983,0.1675269901752472,0.36955466866493225
0.906000018119812,7.245999813079834,1.1368658542633057,5.704139709472656,0.7745530009269714,2.29223895072937,0.15288159251213074,0.11415339261293411
0.906000018119812,7.245999813079834,0.9563448429107666,2.052980661392212,0.07958515733480453,0.13390707969665527,0.08058218657970428,0.4858371615409851
0.906000018119812,7.245999813079834,1.0291776657104492,4.898313999176025,0.08092276751995087,0.09261917322874069,0.1499464064836502,0.4000094532966614
0.906000018119812,8.246000289916992,1.0859882831573486,5.151458740234375,0.8755318522453308,2.0432024002075195,0.11667557805776596,0.11131592839956284
0.906000018119812,8.246000289916992,0.9784553050994873,1.7430005073547363,0.05679767578840256,0.09818106144666672,0.1680399626493454,0.409803569316864
0.906000018119812,8.246000289916992,0.8553696274757385,4.5744524002075195,0.04394910857081413,0.18320024013519287,0.2666919529438019,0.47888049483299255
0.906000018119812,9.246000289916992,1.00189208984375,5.353214263916016,0.39352425932884216,1.2795218229293823,0.20168812572956085,0.06879115104675293
0.906000018119812,9.246000289916992,0.9442968368530273,1.45436429977417,0.0699828639626503,0.11290299892425537,0.27669382095336914,0.8943158984184265
0.906000018119812,9.246000289916992,0.8743693232536316,5.650552749633789,0.12042675912380219,0.2855739891529083,0.22592033445835114,0.03689295053482056
0.906000018119812,10.246000289916992,1.0012977123260498,0.21213534474372864,0.2933592200279236,1.0148648023605347,0.014905214309692383,0.05461841821670532
0.906000018119812,10.246000289916992,1.1569039821624756,1.5709701776504517,0.07177004963159561,0.1253276914358139,0.301596999168396,0.9199796319007874
0.906000018119812,10.246000289916992,1.2789056301116943,0.657341718673706,0.6114499568939209,0.14318270981311798,0.23277445137500763,0.02540191076695919
0.906000018119812,11.246000289916992,1.0471465587615967,1.2559587955474854,0.49775001406669617,1.3572016954421997,-0.04274561628699303,0.03951314836740494
0.906000018119812,11.246000289916992,0.8791660666465759,1.618481993675232,0.048027537763118744,0.157790407538414,0.2281321883201599,0.8770361542701721
0.906000018119812,11.246000289916992,1.0507224798202515,0.7082844376564026,0.39082956314086914,0.28494277596473694,0.21102985739707947,0.08345066756010056
1.906000018119812,-2.753999948501587,0.666583776473999,2.234020233154297,0.07529836893081665,4.235342025756836,0.20224492251873016,0.0014782344223931432
1.906000018119812,-2.753999948501587,0.7804739475250244,3.147861957550049,0.04658474773168564,0.11677717417478561,-0.4702836871147156,0.10046593844890594
1.906000018119812,-2.753999948501587,1.1103211641311646,0.08672143518924713,0.08626356720924377,0.048643920570611954,-0.17131169140338898,0.8980557918548584
1.906000018119812,-1.753999948501587,0.7179220914840698,5.357952117919922,0.14658507704734802,1.2446544170379639,0.054688259959220886,0.08136016130447388
1.906000018119812,-1.753999948501587,0.5199365019798279,2.738069772720337,0.08393511921167374,0.9711222052574158,0.01895000785589218,0.016835911199450493
1.906000018119812,-1.753999948501587,0.6396569013595581,4.921873569488525,0.021764779463410378,0.3038867712020874,0.23157139122486115,0.9018039107322693
1.906000018119812,-0.7540000081062317,0.9565973877906799,6.185856819152832,0.22047443687915802,2.181713581085205,0.17932571470737457,0.2730100452899933
1.906000018119812,-0.7540000081062317,1.0593187808990479,2.8481321334838867,0.2038215845823288,0.18667957186698914,0.2112959325313568,0.4107455909252167
1.906000018119812,-0.7540000081062317,0.9633105993270874,6.243824005126953,0.10139327496290207,0.09362714737653732,-0.04699069634079933,0.31624436378479004
1.906000018119812,0.2460000067949295,0.8477993011474609,0.4198331832885742,0.07173463702201843,1.9800597429275513,0.04133079573512077,0.7532138228416443
1.906000018119812,0.2460000067949295,0.8438504338264465,2.5703346729278564,0.20835496485233307,1.434051752090454,0.2963281273841858,0.22668440639972687
1.906000018119812,0.2460000067949295,1.0193754434585571,6.104516506195068,0.1590813547372818,0.20633834600448608,-0.0836271420121193,0.020101716741919518
1.906000018119812,1.246000051498413,1.0640404224395752,4.761968612670898,0.43487274646759033,3.000804901123047,0.04009852930903435,0.16756609082221985
1.906000018119812,1.246000051498413,1.1908766031265259,3.0190589427948,0.13191989064216614,0.055937670171260834,-0.038871217519044876,0.33114898204803467
1.906000018119812,1.246000051498413,1.1154942512512207,0.012113764882087708,0.07906466722488403,0.04775016009807587,-0.13999825716018677,0.5012848973274231
1.906000018119812,2.246000051498413,1.0031187534332275,5.564688682556152,0.3956265151500702,2.1323249340057373,-0.06690412759780884,0.1571018099784851
1.906000018119812,2.246000051498413,1.1895297765731812,2.632807731628418,0.10101065039634705,0.033208683133125305,0.08054839074611664,0.36337029933929443
1.906000018119812,2.246000051498413,1.146094799041748,5.965433120727539,0.08917410671710968,0.06165067479014397,-0.04610035568475723,0.47952786087989807
1.906000018119812,3.246000051498413,1.0859324932098389,4.910093307495117,0.5565447211265564,2.048682689666748,0.03166591376066208,0.12053146958351135
1.906000018119812,3.246000051498413,1.0167524814605713,2.496199131011963,0.05704387649893761,0.05454161390662193,0.1261514276266098,0.3867255747318268
1.906000018119812,3.246000051498413,1.1154705286026,5.879396438598633,0.07482335716485977,0.06118715554475784,-0.007254995871335268,0.49274295568466187
1.906000018119812,4.245999813079834,1.0395747423171997,5.6297607421875,0.2037852704524994,1.9879719018936157,0.042124632745981216,0.22666358947753906
1.906000018119812,4.245999813079834,1.0659539699554443,2.2812347412109375,0.06667235493659973,0.0779770240187645,0.11101377755403519,0.3790993392467499
1.906000018119812,4.245999813079834,1.1258026361465454,5.498147010803223,0.08512070029973984,0.07162462919950485,0.1256503462791443,0.39423707127571106
1.906000018119812,5.245999813079834,0.9886651635169983,0.24044103920459747,0.19922980666160583,2.2663345336914062,0.053934890776872635,0.290088951587677
1.906000018119812,5.245999813079834,1.129922866821289,2.092550277709961,0.09746087342500687,0.07406824082136154,0.0402270145714283,0.3271264433860779
1.906000018119812,5.245999813079834,1.209322452545166,5.255308628082275,0.13218246400356293,0.07432984560728073,0.1698540896177292,0.38278454542160034
1.906000018119812,6.245999813079834,0.9156739711761475,5.388273239135742,0.14095446467399597,1.7864514589309692,0.18638473749160767,0.16755515336990356
1.906000018119812,6.245999813079834,1.1436179876327515,2.0956664085388184,0.13671991229057312,0.09234122186899185,0.253907173871994,0.41669562458992004
1.906000018119812,6.245999813079834,0.9980214834213257,4.9930100440979,0.06131196767091751,0.038777388632297516,0.22406135499477386,0.41574928164482117
1.906000018119812,7.245999813079834,1.0435923337936401,0.12194743752479553,0.5351868867874146,2.2624974250793457,0.03883320465683937,0.1270979344844818
1.906000018119812,7.245999813079834,1.0488364696502686,1.988360047340393,0.080631785094738,0.04539180546998978,-0.047535501420497894,0.3028680086135864
1.906000018119812,7.245999813079834,1.1192755699157715,5.1417670249938965,0.10005737841129303,0.04790179431438446,0.12660099565982819,0.5700340270996094
1.906000018119812,8.246000289916992,1.060150384902954,5.444880485534668,0.6037030220031738,1.8654016256332397,0.09054326266050339,0.0673409253358841
1.906000018119812,8.246000289916992,0.9182315468788147,1.6148711442947388,0.08003374189138412,0.08737660944461823,0.057380445301532745,0.2654174566268921
1.906000018119812,8.246000289916992,0.7734335064888,5.007603645324707,0.05081052705645561,0.13638925552368164,0.193365678191185,0.6672415733337402
1.906000018119812,9.246000289916992,0.6922469139099121,5.838515758514404,0.09208733588457108,1.209646463394165,0.167448028922081,0.01765759289264679
1.906000018119812,9.246000289916992,1.0524717569351196,0.990763783454895,0.10137751698493958,0.11487295478582382,0.1371830403804779,0.9821180105209351
1.906000018119812,9.246000289916992,1.1009061336517334,6.276301383972168,0.6269997358322144,2.0108416080474854,0.1837131530046463,0.00022434169659391046
1.906000018119812,10.246000289916992,0.9677231907844543,1.625661015510559,0.5970128774642944,1.0908623933792114,0.04582592099905014,0.06527750939130783
1.906000018119812,10.246000289916992,0.9558202624320984,1.2044026851654053,0.06361347436904907,0.09651442617177963,0.04323732852935791,0.5885493755340576
1.906000018119812,10.246000289916992,1.1040332317352295,0.6826260089874268,0.3079560399055481,0.14206014573574066,0.18841692805290222,0.3461731970310211
1.906000018119812,11.246000289916992,1.1306982040405273,5.209147930145264,1.0736249685287476,0.8474962711334229,0.10406471788883209,0.017046380788087845
1.906000018119812,11.246000289916992,0.9553050398826599,1.399746298789978,0.03432129696011543,0.04642019420862198,0.0786525160074234,0.6232664585113525
1.906000018119812,11.246000289916992,1.1915298700332642,0.8269186019897461,0.3903104066848755,0.11081855744123459,0.29708948731422424,0.35968711972236633
2.9059998989105225,-1.753999948501587,0.6393199563026428,3.6968350410461426,0.08258301019668579,1.3587666749954224,0.1946977972984314,0.2332308143377304
2.9059998989105225,-1.753999948501587,0.5699940323829651,2.722332000732422,0.0916018933057785,0.6419134140014648,0.03189258277416229,0.006746016908437014
2.9059998989105225,-1.753999948501587,0.6241605877876282,5.8639912605285645,0.03147440031170845,0.1450875997543335,0.0016068249242380261,0.7600232362747192
2.9059998989105225,-0.7540000081062317,0.8773797750473022,5.908297538757324,0.17163300514221191,2.091413974761963,0.06922895461320877,0.14763803780078888
2.9059998989105225,-0.7540000081062317,1.1775587797164917,2.8031623363494873,0.17050693929195404,0.11756111681461334,0.2887226939201355,0.46155089139938354
2.9059998989105225,-0.7540000081062317,1.160852313041687,0.07968977093696594,0.10846711695194244,0.03341508284211159,-0.028531033545732498,0.39081111550331116
2.9059998989105225,0.2460000067949295,0.8323125839233398,5.421730041503906,0.06506354361772537,2.1292378902435303,0.10842742025852203,0.477819561958313
2.9059998989105225,0.2460000067949295,0.9118081331253052,2.2918689250946045,0.17024439573287964,0.7856318354606628,0.23162928223609924,0.4746721684932709
2.9059998989105225,0.2460000067949295,0.9885875582695007,5.595425128936768,0.13236430287361145,0.11456514149904251,-0.058789484202861786,0.047508250921964645
2.9059998989105225,1.246000051498413,1.0509192943572998,4.510445594787598,0.49650007486343384,2.811572313308716,-0.04030730575323105,0.08523913472890854
2.9059998989105225,1.246000051498413,1.2411197423934937,2.6086063385009766,0.1144128069281578,0.024010391905903816,-0.039108507335186005,0.33285757899284363
2.9059998989105225,1.246000051498413,1.2621012926101685,5.884894847869873,0.12171231955289841,0.05512865632772446,-0.169467031955719,0.5819032788276672
2.9059998989105225,2.246000051498413,1.140045166015625,5.9050164222717285,0.9805701971054077,2.4778530597686768,-0.017239084467291832,0.04732343554496765
2.9059998989105225,2.246000051498413,1.2159185409545898,2.527316093444824,0.09131987392902374,0.040220655500888824,0.05789628252387047,0.4610307514667511
2.9059998989105225,2.246000051498413,1.1025453805923462,5.77155876159668,0.0714230164885521,0.0823143720626831,0.008825435303151608,0.49164578318595886
2.9059998989105225,3.246000051498413,1.0859148502349854,4.884710788726807,0.5975703597068787,2.06347393989563,0.038725703954696655,0.11429035663604736
2.9059998989105225,3.246000051498413,1.0399636030197144,2.3888680934906006,0.07078737020492554,0.05978931114077568,0.10285279154777527,0.414883553981781
2.9059998989105225,3.246000051498413,1.04373300075531,5.697607040405273,0.0687628835439682,0.07905134558677673,0.011205560527741909,0.47082605957984924
2.9059998989105225,4.245999813079834,1.0603598356246948,5.569839000701904,0.28183045983314514,1.9886173009872437,0.032870855182409286,0.12167008221149445
2.9059998989105225,4.245999813079834,1.0644029378890991,2.198850631713867,0.0587863065302372,0.06066880002617836,0.04584633186459541,0.4224741756916046
2.9059998989105225,4.245999813079834,1.1306322813034058,5.387124538421631,0.08262553066015244,0.06521478295326233,0.05515672266483307,0.45585572719573975
2.9059998989105225,5.245999813079834,0.8932871222496033,0.3026895523071289,0.1801874190568924,2.7238922119140625,-0.03624143823981285,0.23074498772621155
2.9059998989105225,5.245999813079834,1.1354740858078003,2.0375330448150635,0.1032864972949028,0.06318064033985138,0.0281180739402771,0.3714435398578644
2.9059998989105225,5.245999813079834,1.2381380796432495,5.497333526611328,0.18667098879814148,0.047654081135988235,0.1794341504573822,0.3978114128112793
2.9059998989105225,6.245999813079834,0.764494776725769,1.4487098455429077,0.06844890117645264,1.314422369003296,-0.008512547239661217,0.4443429410457611
2.9059998989105225,6.245999813079834,1.103112816810608,1.8035837411880493,0.18814317882061005,0.0926026999950409,0.19190852344036102,0.3798972964286804
2.9059998989105225,6.245999813079834,1.1068809032440186,5.709460258483887,0.257219523191452,0.06296838819980621,0.30575260519981384,0.17575974762439728
2.9059998989105225,7.245999813079834,0.815753161907196,0.6564132571220398,0.05968628078699112,1.3017523288726807,0.10505497455596924,0.644008457660675
2.9059998989105225,7.245999813079834,1.1126586198806763,1.7939881086349487,0.18170517683029175,0.05570516362786293,0.10043610632419586,0.3040277659893036
2.9059998989105225,7.245999813079834,0.9594138860702515,5.161946773529053,0.131964311003685,0.14505138993263245,0.13084983825683594,0.051963742822408676
2.9059998989105225,8.246000289916992,0.8967370986938477,0.16964103281497955,0.22273877263069153,2.5178093910217285,0.08238709717988968,0.22836467623710632
2.9059998989105225,8.246000289916992,0.8548511862754822,2.1861653327941895,0.10174178332090378,0.05317581072449684,0.1407102644443512,0.40763700008392334
2.9059998989105225,8.246000289916992,0.8651440143585205,5.483288764953613,0.10608000308275223,0.07645729184150696,0.07365596294403076,0.36399832367897034
2.9059998989105225,9.246000289916992,0.9020171165466309,0.9651336669921875,0.32800909876823425,1.3562405109405518,0.10236751288175583,0.01427573710680008
2.9059998989105225,9.246000289916992,0.8970776200294495,0.8754956722259521,0.08235152810811996,0.12877517938613892,0.08210164308547974,0.9849991202354431
2.9059998989105225,9.246000289916992,0.9670061469078064,6.197138786315918,0.3613027334213257,2.656764030456543,0.1055019423365593,0.0007252354989759624
2.9059998989105225,10.246000289916992,0.9162436723709106,6.031739711761475,0.2256101667881012,1.0060842037200928,0.2350168377161026,0.03214788809418678
2.9059998989105225,10.246000289916992,0.9839549660682678,0.9407781362533569,0.07835765928030014,0.07569827884435654,0.14331381022930145,0.9660494327545166
2.9059998989105225,10.246000289916992,1.006123661994934,1.0310943126678467,0.42345839738845825,0.09414736181497574,0.18445056676864624,0.0018027801997959614
2.9059998989105225,11.246000289916992,1.260085940361023,6.058139801025391,1.0506696701049805,0.6726568937301636,0.04084930568933487,0.045708924531936646
2.9059998989105225,11.246000289916992,1.1388955116271973,1.2341853380203247,0.07984180748462677,0.044500403106212616,0.07906201481819153,0.2782573699951172
2.9059998989105225,11.246000289916992,1.2278841733932495,0.3900175094604492,0.2004699409008026,0.02177237905561924,0.352568119764328,0.6760337352752686
3.9059998989105225,-2.753999948501587,1.0722110271453857,6.033162593841553,0.30988943576812744,1.0961583852767944,0.20574773848056793,0.048667583614587784
3.9059998989105225,-2.753999948501587,0.8553816676139832,2.9342527389526367,0.23271775245666504,1.1180801391601562,0.03258476033806801,0.011320534162223339
3.9059998989105225,-2.753999948501587,0.844290018081665,5.656011581420898,0.07898999750614166,0.2176741659641266,0.05037594586610794,0.9400119185447693
3.9059998989105225,-1.753999948501587,0.7420258522033691,4.4836015701293945,0.04910217598080635,1.3310953378677368,0.23460884392261505,0.7003832459449768
3.9059998989105225,-1.753999948501587,0.7140910029411316,2.845470905303955,0.21240851283073425,0.4992437958717346,0.046842560172080994,0.00471982266753912
3.9059998989105225,-1.753999948501587,0.7650209665298462,5.48879337310791,0.07480566203594208,0.11030222475528717,0.10552894324064255,0.2948969602584839
3.9059998989105225,-0.7540000081062317,0.8265886306762695,5.57110595703125,0.1484197974205017,2.454746961593628,0.0025499663315713406,0.19107168912887573
3.9059998989105225,-0.7540000081062317,0.8861375451087952,2.6430296897888184,0.1125817596912384,0.19515027105808258,0.2919396460056305,0.38083750009536743
3.9059998989105225,-0.7540000081062317,1.0590747594833374,0.056287527084350586,0.11716976016759872,0.02911498211324215,0.018271394073963165,0.42809081077575684
3.9059998989105225,0.2460000067949295,0.914798378944397,5.633626461029053,0.15425541996955872,2.791757822036743,0.04233120381832123,0.1207103580236435
3.9059998989105225,0.2460000067949295,1.1077181100845337,2.446566581726074,0.10572368651628494,0.04889387637376785,0.2084035575389862,0.38875675201416016
3.9059998989105225,0.2460000067949295,1.1946086883544922,5.517470836639404,0.1027313843369484,0.02783704735338688,-0.005991457030177116,0.49053290486335754
3.9059998989105225,1.246000051498413,1.191348910331726,5.3397650718688965,1.2837164402008057,2.2712247371673584,-0.0004911875003017485,0.08583018183708191
3.9059998989105225,1.246000051498413,1.1684410572052002,2.513077974319458,0.07497716695070267,0.03378729149699211,0.06466738134622574,0.42339569330215454
3.9059998989105225,1.246000051498413,1.1903469562530518,5.694483757019043,0.09343884885311127,0.05857768654823303,-0.047874338924884796,0.49077412486076355
3.9059998989105225,2.246000051498413,1.2052607536315918,4.776114463806152,1.6557382345199585,2.5541722774505615,0.05221479758620262,0.042242541909217834
3.9059998989105225,2.246000051498413,1.2073073387145996,2.4070985317230225,0.09359688311815262,0.045930277556180954,0.032810408622026443,0.4124693274497986
3.9059998989105225,2.246000051498413,1.0834956169128418,5.640430450439453,0.07083885371685028,0.0980958491563797,-0.02075466886162758,0.5452881455421448
3.9059998989105225,3.246000051498413,1.0767252445220947,5.435939788818359,0.44875121116638184,1.9471145868301392,0.042579784989356995,0.07881302386522293
3.9059998989105225,3.246000051498413,1.1511025428771973,2.279446840286255,0.10608687996864319,0.06746377050876617,0.09552256762981415,0.45458903908729553
3.9059998989105225,3.246000051498413,1.0572686195373535,5.467950820922852,0.07594018429517746,0.09404578059911728,0.03638552501797676,0.46659794449806213
3.9059998989105225,4.245999813079834,0.9472787976264954,4.942742824554443,0.1889168620109558,1.794905424118042,0.11106656491756439,0.20439662039279938
3.9059998989105225,4.245999813079834,1.1654893159866333,2.0310938358306885,0.1199180856347084,0.07334546744823456,0.03037514165043831,0.3725847899913788
3.9059998989105225,4.245999813079834,1.1937350034713745,5.22827672958374,0.11946118623018265,0.05801558867096901,0.1275084763765335,0.42301860451698303
3.9059998989105225,5.245999813079834,0.8096023201942444,1.3918516635894775,0.10440530627965927,1.997633934020996,-0.08632484078407288,0.20332486927509308
3.9059998989105225,5.245999813079834,0.9126313924789429,1.7818315029144287,0.11265014111995697,0.1282019019126892,0.17198233306407928,0.6476463079452515
3.9059998989105225,5.245999813079834,1.1263878345489502,5.749562740325928,0.26318269968032837,0.0869101732969284,0.06973173469305038,0.1490287333726883
3.9059998989105225,6.245999813079834,0.9683302044868469,2.693768262863159,0.4612131714820862,1.1894340515136719,0.010453462600708008,0.0136996079236269
3.9059998989105225,6.245999813079834,0.9188249111175537,1.6860504150390625,0.11558493226766586,0.12533827126026154,0.0739268958568573,0.977901816368103
3.9059998989105225,6.245999813079834,1.2207190990447998,0.4344950318336487,0.6676260828971863,0.10799718648195267,0.25005823373794556,0.008398528210818768
3.9059998989105225,7.245999813079834,0.7163456678390503,4.334593772888184,0.06246018037199974,0.7468453049659729,0.11217539012432098,0.006701383739709854
3.9059998989105225,7.245999813079834,1.0378316640853882,1.3443564176559448,0.12876081466674805,0.07428012043237686,0.2104252576828003,0.9932739734649658
3.9059998989105225,7.245999813079834,0.8279685974121094,6.000743389129639,0.4877551794052124,1.5896846055984497,0.13052354753017426,2.4616501832497306e-05
4.906000137329102,-4.754000186920166,0.7668220400810242,3.4563591480255127,0.6585862040519714,0.5573064088821411,0.11270201951265335,0.002673070877790451
4.906000137329102,-4.754000186920166,0.5244945287704468,3.3606631755828857,0.19804233312606812,1.981201171875,0.1928095519542694,0.00046361429849639535
4.906000137329102,-4.754000186920166,0.5659557580947876,4.482617378234863,0.03072456642985344,0.13264961540699005,0.10216578096151352,0.9968633651733398
4.906000137329102,-3.753999948501587,0.7239592671394348,5.455082416534424,0.13786564767360687,1.1074786186218262,-0.04417626932263374,0.002731526270508766
4.906000137329102,-3.753999948501587,0.6145724654197693,2.908585786819458,0.10836142301559448,0.5550715923309326,-0.07207398861646652,0.0009412704384885728
4.906000137329102,-3.753999948501587,0.7204722166061401,4.794883728027344,0.022634176537394524,0.08100896328687668,-0.07930971682071686,0.9963272213935852
4.906000137329102,-2.753999948501587,1.3338005542755127,5.981921672821045,0.8561672568321228,0.6728013157844543,0.1082247942686081,0.1047900840640068
4.906000137329102,-2.753999948501587,0.899657666683197,2.5564804077148438,0.13042551279067993,0.9017820954322815,0.07497832924127579,0.01580972597002983
4.906000137329102,-2.753999948501587,0.8323846459388733,4.650051116943359,0.034683071076869965,0.19474272429943085,0.17998550832271576,0.8794001936912537
4.906000137329102,-1.753999948501587,0.8548260927200317,6.152050018310547,0.12222746759653091,1.8987398147583008,0.11058775335550308,0.4259769022464752
4.906000137329102,-1.753999948501587,0.8616478443145752,2.5610663890838623,0.15701954066753387,0.1391678899526596,0.12550488114356995,0.06121593713760376
4.906000137329102,-1.753999948501587,0.9938517808914185,5.159960746765137,0.10986572504043579,0.08693170547485352,0.24343882501125336,0.5128071904182434
4.906000137329102,-0.7540000081062317,1.0221781730651855,6.010767936706543,0.28319746255874634,2.9359116554260254,-0.009585514664649963,0.1935311257839203
4.906000137329102,-0.7540000081062317,1.0397756099700928,2.4473772048950195,0.09097400307655334,0.06754237413406372,0.14342668652534485,0.2314562350511551
4.906000137329102,-0.7540000081062317,1.1704529523849487,5.704939365386963,0.08987659215927124,0.024668866768479347,0.0111398845911026,0.5750126838684082
4.906000137329102,0.2460000067949295,1.108922004699707,4.79317569732666,1.4201619625091553,2.342742681503296,0.03767920657992363,0.04291180148720741
4.906000137329102,0.2460000067949295,1.1002131700515747,2.455256462097168,0.06539570540189743,0.028546294197440147,0.11805408447980881,0.4372585713863373
4.906000137329102,0.2460000067949295,1.1546218395233154,5.7002153396606445,0.08505067229270935,0.037142638117074966,0.022319495677947998,0.5198296308517456
4.906000137329102,1.246000051498413,1.1929302215576172,5.146333694458008,1.7017822265625,2.4021918773651123,0.027699435129761696,0.06925437599420547
4.906000137329102,1.246000051498413,1.1322972774505615,2.3941967487335205,0.07044707238674164,0.044641248881816864,0.0628397986292839,0.47498536109924316
4.906000137329102,1.246000051498413,1.1442540884017944,5.600179672241211,0.08681203424930573,0.0564882829785347,0.00637572119012475,0.45576030015945435
4.906000137329102,2.246000051498413,1.2807188034057617,4.229192733764648,2.4625020027160645,2.5972580909729004,0.1209012046456337,0.06922578066587448
4.906000137329102,2.246000051498413,1.1205418109893799,2.3296306133270264,0.07578503340482712,0.061501048505306244,0.04459283500909805,0.3909280300140381
4.906000137329102,2.246000051498413,1.1139552593231201,5.524936676025391,0.08263315260410309,0.10898394882678986,0.013962548226118088,0.5398462414741516
4.906000137329102,3.246000051498413,1.112413763999939,5.190302848815918,0.6424546837806702,1.7806626558303833,0.04496487230062485,0.0552508644759655
4.906000137329102,3.246000051498413,1.1274216175079346,2.1944353580474854,0.09312159568071365,0.07069599628448486,0.08007247745990753,0.4554380178451538
4.906000137329102,3.246000051498413,1.0993752479553223,5.353778839111328,0.08970338106155396,0.095247283577919,0.04460211843252182,0.48931118845939636
4.906000137329102,4.245999813079834,0.8472266793251038,4.4231767654418945,0.16184265911579132,2.0037152767181396,0.04739830270409584,0.2002275139093399
4.906000137329102,4.245999813079834,1.0813981294631958,1.894710659980774,0.12551377713680267,0.061590056866407394,0.13672100007534027,0.7370420694351196
4.906000137329102,4.245999813079834,1.0821235179901123,5.422506332397461,0.20084720849990845,0.145554319024086,0.07478764653205872,0.06273037195205688
4.906000137329102,5.245999813079834,0.7602197527885437,1.4030159711837769,0.10399849712848663,1.5026917457580566,-0.0323142483830452,0.08498181402683258
4.906000137329102,5.245999813079834,0.8234686851501465,1.8125823736190796,0.1322946399450302,0.0964404046535492,0.05980953574180603,0.9027296304702759
4.906000137329102,5.245999813079834,0.9691027402877808,5.677636623382568,0.29652220010757446,0.2778845429420471,-0.011424461379647255,0.012288483791053295
4.906000137329102,6.245999813079834,0.9909730553627014,1.7152512073516846,0.5359854698181152,1.4785689115524292,0.058054119348526,0.006389203947037458
4.906000137329102,6.245999813079834,0.984555721282959,1.8722432851791382,0.12297602742910385,0.08450239151716232,-0.05541973188519478,0.9920810461044312
4.906000137329102,6.245999813079834,1.2358906269073486,6.266915321350098,0.645038902759552,0.28268155455589294,0.24977177381515503,0.001529794535599649
4.906000137329102,7.245999813079834,0.7042407989501953,4.3524298667907715,0.06138444319367409,1.125451683998108,0.04534714296460152,0.00240917201153934
4.906000137329102,7.245999813079834,1.043884038925171,1.6741729974746704,0.13667334616184235,0.04259795323014259,0.28719547390937805,0.9975789189338684
4.906000137329102,7.245999813079834,0.8893796801567078,5.85386848449707,0.5448446273803711,1.6276801824569702,0.15699735283851624,1.1835931218229234e-05
5.906000137329102,-5.754000186920166,1.1085469722747803,2.4169504642486572,0.757850706577301,3.33347487449646,0.09220010042190552,0.07603006809949875
5.906000137329102,-5.754000186920166,1.1299223899841309,3.5211892127990723,0.07082728296518326,0.014472885057330132,0.25214749574661255,0.9233803153038025
5.906000137329102,-5.754000186920166,1.1538211107254028,6.261077404022217,0.24962769448757172,0.2374652773141861,0.04883407801389694,0.0005896704387851059
5.906000137329102,-4.754000186920166,1.2093441486358643,0.07896360009908676,1.0483427047729492,0.9325758814811707,-0.0004054406890645623,0.07895756512880325
5.906000137329102,-4.754000186920166,0.9464514255523682,2.266347885131836,0.07296012341976166,0.07035398483276367,0.172847181558609,0.1485612839460373
5.906000137329102,-4.754000186920166,0.7836991548538208,5.110335826873779,0.03615846484899521,0.05832850933074951,0.060997821390628815,0.7724812030792236
5.906000137329102,-3.753999948501587,0.9230776429176331,4.996872425079346,0.20716936886310577,1.5285648107528687,0.014835955575108528,0.11600605398416519
5.906000137329102,-3.753999948501587,0.6882984638214111,2.1819159984588623,0.06491144001483917,0.7564491629600525,0.07064778357744217,0.04789179936051369
5.906000137329102,-3.753999948501587,0.7931520938873291,4.990689754486084,0.031417038291692734,0.1113472580909729,-0.03861711919307709,0.8361021876335144
5.906000137329102,-2.753999948501587,0.979503870010376,4.734103679656982,0.43452560901641846,0.9683477878570557,0.09869087487459183,0.14230909943580627
5.906000137329102,-2.753999948501587,0.6281319260597229,2.404050588607788,0.0758463591337204,0.9389297366142273,-0.12741944193840027,0.0883839949965477
5.906000137329102,-2.753999948501587,0.6791490316390991,4.5228424072265625,0.043510954827070236,0.36646556854248047,-0.0033718745689839125,0.7693068981170654
5.906000137329102,-1.753999948501587,0.9302910566329956,5.846805572509766,0.20559896528720856,2.1193525791168213,0.05117717385292053,0.13594383001327515
5.906000137329102,-1.753999948501587,1.1133270263671875,2.4676620960235596,0.09257389605045319,0.024482447654008865,0.08524331450462341,0.23558467626571655
5.906000137329102,-1.753999948501587,1.1485599279403687,5.591631889343262,0.09850805252790451,0.04155944660305977,0.07266753911972046,0.6284714937210083
5.906000137329102,-0.7540000081062317,1.143465518951416,1.064611554145813,0.8445217609405518,3.3010027408599854,0.0076995170675218105,0.05774027109146118
5.906000137329102,-0.7540000081062317,1.1377477645874023,2.4186999797821045,0.06845918297767639,0.024292051792144775,0.01443022396415472,0.42220181226730347
5.906000137329102,-0.7540000081062317,1.1906907558441162,5.598198413848877,0.08560316264629364,0.03515386953949928,0.06245190650224686,0.5200578570365906
5.906000137329102,0.2460000067949295,1.1558880805969238,5.103828430175781,1.1115872859954834,2.646641254425049,-0.0014148851623758674,0.054622456431388855
5.906000137329102,0.2460000067949295,1.1828973293304443,2.4094059467315674,0.06829012930393219,0.023977212607860565,0.02639169991016388,0.42308104038238525
5.906000137329102,0.2460000067949295,1.2143886089324951,5.607104301452637,0.07971677929162979,0.03605002164840698,-0.0490458719432354,0.5222964882850647
5.906000137329102,1.246000051498413,1.029233694076538,5.584077835083008,0.586167573928833,2.5914089679718018,0.01271318644285202,0.14215974509716034
5.906000137329102,1.246000051498413,1.0834909677505493,2.2685062885284424,0.07524526864290237,0.05912335216999054,0.04515012353658676,0.3857588469982147
5.906000137329102,1.246000051498413,1.1093838214874268,5.440902233123779,0.09048415720462799,0.06368275731801987,0.024191850796341896,0.47208139300346375
5.906000137329102,2.246000051498413,0.9869498014450073,5.208420753479004,0.3536543846130371,2.138078451156616,-0.00614985590800643,0.1317635178565979
5.906000137329102,2.246000051498413,1.2121131420135498,2.200839042663574,0.10375415533781052,0.05210494622588158,0.06383250653743744,0.3735556900501251
5.906000137329102,2.246000051498413,1.1200379133224487,5.421473503112793,0.09649641066789627,0.09457449615001678,0.01301593892276287,0.494680792093277
5.906000137329102,3.246000051498413,0.9452895522117615,4.899781227111816,0.2931923568248749,1.664332628250122,-0.004845769610255957,0.12466398626565933
5.906000137329102,3.246000051498413,1.1420155763626099,2.0410103797912598,0.09697946906089783,0.0364399217069149,-0.0042819250375032425,0.6728678345680237
5.906000137329102,3.246000051498413,1.1074045896530151,5.106837272644043,0.13494953513145447,0.14336234331130981,0.11802089214324951,0.20246826112270355
5.906000137329102,4.245999813079834,0.7753716707229614,5.467376708984375,0.1272270679473877,1.7860280275344849,0.005522856488823891,0.17988398671150208
5.906000137329102,4.245999813079834,1.0838273763656616,1.980306625366211,0.15052089095115662,0.05025460943579674,0.08450135588645935,0.6997460126876831
5.906000137329102,4.245999813079834,1.0093165636062622,5.022913932800293,0.13022774457931519,0.14354762434959412,0.15574871003627777,0.12036997079849243
5.906000137329102,5.245999813079834,0.7425985336303711,1.0934762954711914,0.1350715011358261,2.216294765472412,-0.04201240837574005,0.05455757677555084
5.906000137329102,5.245999813079834,0.9620747566223145,1.9314464330673218,0.13033325970172882,0.03897903114557266,0.1364620327949524,0.9405099153518677
5.906000137329102,5.245999813079834,1.0079785585403442,5.678708076477051,0.2673330008983612,0.2095586508512497,0.0761023610830307,0.0049324678257107735
5.906000137329102,6.245999813079834,0.8108952045440674,1.0733612775802612,0.24667112529277802,2.202653408050537,0.02767510525882244,0.042527977377176285
5.906000137329102,6.245999813079834,0.9953458309173584,2.2084569931030273,0.12941935658454895,0.029215671122074127,0.05007516220211983,0.9550291299819946
5.906000137329102,6.245999813079834,1.0126161575317383,5.373377323150635,0.24770641326904297,0.35419243574142456,0.05227799341082573,0.002442985074594617
5.906000137329102,7.245999813079834,0.7936443090438843,5.485899925231934,0.1613626480102539,1.6991913318634033,0.04187675938010216,0.005183157045394182
5.906000137329102,7.245999813079834,1.1474592685699463,2.060523271560669,0.15367379784584045,0.02416219189763069,0.2070116102695465,0.9938350915908813
5.906000137329102,7.245999813079834,1.1147890090942383,5.119463920593262,0.2521900534629822,0.4288141429424286,0.13222680985927582,0.0009817966492846608
5.906000137329102,8.246000289916992,0.7329577207565308,5.830655574798584,0.19635026156902313,3.026838541030884,0.14560629427433014,0.003094952553510666
5.906000137329102,8.246000289916992,1.159440517425537,1.8744078874588013,0.08849603682756424,0.010200641117990017,0.032410189509391785,0.9960320591926575
5.906000137329102,8.246000289916992,1.2900665998458862,5.580802917480469,0.32828450202941895,0.16456308960914612,-0.02928420528769493,0.0008729506516829133
6.906000137329102,-6.754000186920166,1.54996919631958,1.2122702598571777,12.111002922058105,1.9157590866088867,0.00938049890100956,0.006803767755627632
6.906000137329102,-6.754000186920166,1.467522382736206,3.5355353355407715,0.24271951615810394,0.024675125256180763,0.2969484329223633,0.29352304339408875
6.906000137329102,-6.754000186920166,1.2873417139053345,5.36485481262207,0.0561956986784935,0.032750703394412994,-0.11698468029499054,0.6996731162071228
6.906000137329102,-5.754000186920166,1.3250463008880615,5.559255123138428,2.7565526962280273,2.8314452171325684,0.26108458638191223,0.07571721822023392
6.906000137329102,-5.754000186920166,0.6461374759674072,4.3495259284973145,0.09345923364162445,0.5347835421562195,0.47007331252098083,0.9176415205001831
6.906000137329102,-5.754000186920166,0.8000698089599609,5.553980350494385,0.20318913459777832,2.3302698135375977,0.15472212433815002,0.006641267333179712
6.906000137329102,-4.754000186920166,0.9269985556602478,4.4197773933410645,0.15708011388778687,1.311651349067688,0.02290336787700653,0.4298515021800995
6.906000137329102,-4.754000186920166,0.6007857322692871,2.117596387863159,0.04672298580408096,0.34179940819740295,0.2971346974372864,0.4479236304759979
6.906000137329102,-4.754000186920166,0.7306625247001648,4.678461074829102,0.04525356739759445,0.5173857808113098,0.0874190405011177,0.12222485989332199
6.906000137329102,-3.753999948501587,0.9604836106300354,3.835339069366455,0.4869426190853119,1.9127343893051147,0.06139873340725899,0.35029053688049316
6.906000137329102,-3.753999948501587,0.831486701965332,2.2188682556152344,0.13928338885307312,0.23133739829063416,-0.001872893888503313,0.24309752881526947
6.906000137329102,-3.753999948501587,0.8877977728843689,5.046185493469238,0.07296289503574371,0.09651511907577515,-0.052652645856142044,0.40661191940307617
6.906000137329102,-2.753999948501587,0.9791709780693054,5.8159894943237305,0.2922232747077942,2.873232841491699,0.03979520499706268,0.1408112347126007
6.906000137329102,-2.753999948501587,1.118335247039795,2.342158317565918,0.11184248328208923,0.03838879242539406,0.16239234805107117,0.24571341276168823
6.906000137329102,-2.753999948501587,1.1270617246627808,5.545877933502197,0.08619026094675064,0.04137493297457695,0.09063922613859177,0.6134753823280334
6.906000137329102,-1.753999948501587,1.0910226106643677,6.139222145080566,0.38766932487487793,1.7174217700958252,0.007711227983236313,0.06344642490148544
6.906000137329102,-1.753999948501587,1.23928964138031,2.4035260677337646,0.09444441646337509,0.024230830371379852,0.14507237076759338,0.46953871846199036
6.906000137329102,-1.753999948501587,1.2347118854522705,5.509979248046875,0.08489753305912018,0.039900921285152435,0.07141613215208054,0.46701478958129883
6.906000137329102,-0.7540000081062317,1.1386491060256958,0.4239802062511444,0.8053178787231445,2.7807252407073975,0.02797717973589897,0.06733372062444687
6.906000137329102,-0.7540000081062317,1.1340163946151733,2.357750654220581,0.07984146475791931,0.028614966198801994,0.0383545346558094,0.45650914311408997
6.906000137329102,-0.7540000081062317,1.1831159591674805,5.526334762573242,0.08067355304956436,0.041272155940532684,0.045838408172130585,0.47615718841552734
6.906000137329102,0.2460000067949295,1.0634562969207764,5.925886154174805,0.4976787567138672,2.344588041305542,0.0012220232747495174,0.11280231177806854
6.906000137329102,0.2460000067949295,1.2045836448669434,2.318697452545166,0.09530409425497055,0.03641197457909584,0.055092547088861465,0.36507534980773926
6.906000137329102,0.2460000067949295,1.1533139944076538,5.477746963500977,0.08011646568775177,0.056630734354257584,0.0020906163845211267,0.5221223831176758
6.906000137329102,1.246000051498413,0.9758336544036865,5.7462568283081055,0.31974443793296814,2.5538418292999268,0.02728947252035141,0.20782656967639923
6.906000137329102,1.246000051498413,1.212346076965332,2.194669246673584,0.11352614313364029,0.06329058855772018,0.18417420983314514,0.3711123764514923
6.906000137329102,1.246000051498413,1.1427923440933228,5.279328346252441,0.0900450274348259,0.03818785399198532,0.017931688576936722,0.4210610091686249
6.906000137329102,2.246000051498413,0.7903304100036621,3.587911605834961,0.10616832971572876,1.6393077373504639,0.006853250786662102,0.33057501912117004
6.906000137329102,2.246000051498413,1.2069212198257446,2.056075096130371,0.10180225223302841,0.051116786897182465,-0.05818234384059906,0.30117329955101013
6.906000137329102,2.246000051498413,1.2571804523468018,5.235214710235596,0.14798910915851593,0.06454887241125107,0.025683201849460602,0.36825162172317505
6.906000137329102,3.246000051498413,1.0072400569915771,4.776362895965576,0.44392842054367065,2.20930552482605,0.05891372635960579,0.03968280181288719
6.906000137329102,3.246000051498413,1.147826910018921,2.131530523300171,0.13114580512046814,0.04751571640372276,-0.01627470552921295,0.10638858377933502
6.906000137329102,3.246000051498413,1.1309971809387207,4.595523834228516,0.08060549199581146,0.04674985259771347,0.1611040234565735,0.8539286255836487
6.906000137329102,4.245999813079834,1.0278698205947876,0.34140944480895996,0.5557609796524048,2.5277745723724365,-0.04159446060657501,0.030333299189805984
6.906000137329102,4.245999813079834,1.2044163942337036,1.984108567237854,0.1302165687084198,0.030223125591874123,0.07308236509561539,0.5870530605316162
6.906000137329102,4.245999813079834,1.051620602607727,4.887587547302246,0.06898561865091324,0.04855844005942345,0.1151711493730545,0.3826136291027069
6.906000137329102,5.245999813079834,0.7930697798728943,0.09550851583480835,0.2160387486219406,2.28153395652771,0.025499502196907997,0.022749800235033035
6.906000137329102,5.245999813079834,1.0699272155761719,1.7469054460525513,0.0902676060795784,0.029724624007940292,0.15910014510154724,0.9709513783454895
6.906000137329102,5.245999813079834,1.0614694356918335,5.878495693206787,0.19027607142925262,0.10278871655464172,0.07051509618759155,0.006298761814832687
6.906000137329102,6.245999813079834,0.7306681871414185,0.00535327335819602,0.15219996869564056,1.9768149852752686,0.041250795125961304,0.021943192929029465
6.906000137329102,6.245999813079834,1.0311509370803833,1.518757939338684,0.0697426050901413,0.026868445798754692,0.15112972259521484,0.9773130416870117
6.906000137329102,6.245999813079834,1.0043752193450928,6.094703197479248,0.21473261713981628,0.34592774510383606,-0.005014057736843824,0.0007437313324771821
6.906000137329102,7.245999813079834,0.8149113655090332,6.079580307006836,0.14892271161079407,1.4107584953308105,0.07943383604288101,0.00872002262622118
6.906000137329102,7.245999813079834,1.1233693361282349,1.7708491086959839,0.11783485859632492,0.039258118718862534,0.11373959481716156,0.9872075915336609
6.906000137329102,7.245999813079834,1.1860438585281372,4.997325420379639,0.28783777356147766,0.6123080849647522,0.23132820427417755,0.004072343930602074
6.906000137329102,8.246000289916992,0.7962380051612854,5.690271377563477,0.20266658067703247,1.401924967765808,0.09718573093414307,0.1072927787899971
6.906000137329102,8.246000289916992,1.0796679258346558,1.8176721334457397,0.12301195412874222,0.021021313965320587,-0.11598885804414749,0.7801170945167542
6.906000137329102,8.246000289916992,1.2629457712173462,5.10251522064209,0.2737691402435303,0.0962500050663948,0.17554855346679688,0.11259013414382935
7.906000137329102,-6.754000186920166,1.1149299144744873,5.0384087562561035,1.7581102848052979,1.3959764242172241,0.10787513852119446,0.0784684494137764
7.906000137329102,-6.754000186920166,0.8074229955673218,3.581885576248169,0.10568857938051224,0.19178082048892975,0.1149744912981987,0.12698933482170105
7.906000137329102,-6.754000186920166,0.8800787329673767,4.677684783935547,0.04701481759548187,0.03819267824292183,0.16639797389507294,0.7945421934127808
7.906000137329102,-5.754000186920166,1.246242642402649,3.1805596351623535,0.5617530345916748,1.6993120908737183,0.19015339016914368,0.42242661118507385
7.906000137329102,-5.754000186920166,0.6521680951118469,3.858159065246582,0.02335185930132866,0.7670927047729492,0.364105224609375,0.4280208647251129
7.906000137329102,-5.754000186920166,0.7432764172554016,5.015701770782471,0.02644038200378418,0.30318671464920044,0.12068604677915573,0.14955252408981323
7.906000137329102,-4.754000186920166,0.8790095448493958,4.2684783935546875,0.1119493842124939,1.1551027297973633,0.13434426486492157,0.6750588417053223
7.906000137329102,-4.754000186920166,0.9008116126060486,2.2217938899993896,0.08629041165113449,0.07263483852148056,0.10029144585132599,0.08098296076059341
7.906000137329102,-4.754000186920166,0.9563659429550171,5.154577255249023,0.07646345347166061,0.09441661089658737,0.09411738067865372,0.24395819008350372
7.906000137329102,-3.753999948501587,0.9300128221511841,5.52870512008667,0.2649199068546295,3.001936197280884,0.04762590676546097,0.08003169298171997
7.906000137329102,-3.753999948501587,1.0933687686920166,2.4115712642669678,0.09366905689239502,0.033918336033821106,0.08328280597925186,0.23740537464618683
7.906000137329102,-3.753999948501587,1.1156129837036133,5.401736736297607,0.07963378727436066,0.020558662712574005,0.03489791601896286,0.6825628876686096
7.906000137329102,-2.753999948501587,1.0304428339004517,5.918649673461914,0.4755564332008362,2.407804250717163,-0.009607268497347832,0.08075472712516785
7.906000137329102,-2.753999948501587,1.1502032279968262,2.388216972351074,0.07608269900083542,0.034191906452178955,0.1267429143190384,0.4016112685203552
7.906000137329102,-2.753999948501587,1.2225154638290405,5.539721488952637,0.09549861401319504,0.041788794100284576,0.003359619528055191,0.5176340341567993
7.906000137329102,-1.753999948501587,1.0914082527160645,4.710041046142578,0.48780715465545654,1.8546403646469116,0.03626721724867821,0.06154605373740196
7.906000137329102,-1.753999948501587,1.2106328010559082,2.3335423469543457,0.07747277617454529,0.03306519240140915,0.15326079726219177,0.46320676803588867
7.906000137329102,-1.753999948501587,1.2813626527786255,5.506465435028076,0.1043105348944664,0.050251349806785583,0.05941208824515343,0.47524717450141907
7.906000137329102,-0.7540000081062317,1.0421037673950195,5.654036045074463,0.2984299063682556,2.4358556270599365,0.07515840232372284,0.055274274200201035
7.906000137329102,-0.7540000081062317,1.143635869026184,2.2280538082122803,0.0880354642868042,0.042862728238105774,0.08715298771858215,0.4103308916091919
7.906000137329102,-0.7540000081062317,1.2426072359085083,5.365573406219482,0.0933859720826149,0.06422591954469681,0.07308810204267502,0.5343948602676392
7.906000137329102,0.2460000067949295,0.9667565226554871,4.542908668518066,0.25264668464660645,2.3952062129974365,0.1175123080611229,0.09355974197387695
7.906000137329102,0.2460000067949295,1.1467006206512451,2.087834596633911,0.11529935151338577,0.07536185532808304,0.0905478447675705,0.3599199950695038
7.906000137329102,0.2460000067949295,1.162269949913025,5.027853012084961,0.082438163459301,0.10177028924226761,0.1253517121076584,0.5465202927589417
7.906000137329102,1.246000051498413,0.8515836000442505,5.931438446044922,0.17553171515464783,2.7750611305236816,0.10293008387088776,0.0687553733587265
7.906000137329102,1.246000051498413,1.0927692651748657,1.839985966682434,0.09447533637285233,0.06953612715005875,0.08710764348506927,0.39687252044677734
7.906000137329102,1.246000051498413,1.2091045379638672,4.910745620727539,0.09056919813156128,0.062494874000549316,0.17419758439064026,0.5343721508979797
7.906000137329102,2.246000051498413,0.9057132601737976,5.376917362213135,0.2532099187374115,2.727301836013794,0.11806666851043701,0.03689179942011833
7.906000137329102,2.246000051498413,1.2485896348953247,1.8318637609481812,0.11488719284534454,0.04149091616272926,0.03744613006711006,0.4437238574028015
7.906000137329102,2.246000051498413,1.205199956893921,5.041229724884033,0.09547136723995209,0.05494707450270653,0.20101013779640198,0.5193843841552734
7.906000137329102,3.246000051498413,0.7963348627090454,0.43319055438041687,0.19891738891601562,1.4476759433746338,0.06348703056573868,0.20893412828445435
7.906000137329102,3.246000051498413,0.9999586939811707,1.733036756515503,0.08768332004547119,0.053661175072193146,-0.0800854042172432,0.7568877339363098
7.906000137329102,3.246000051498413,1.124733805656433,5.685680866241455,0.215742290019989,0.10078055411577225,0.23739616572856903,0.034178152680397034
7.906000137329102,4.245999813079834,1.0139925479888916,1.2687931060791016,0.5072493553161621,1.348452091217041,0.1432647556066513,0.04082506150007248
7.906000137329102,4.245999813079834,1.0572845935821533,1.5785943269729614,0.10806085914373398,0.042053576558828354,-0.29112693667411804,0.9578246474266052
7.906000137329102,4.245999813079834,1.1428897380828857,5.307995319366455,0.45746782422065735,0.776275098323822,0.17048770189285278,0.0013503627851605415
7.906000137329102,5.245999813079834,0.6972368359565735,3.392746925354004,0.05246879160404205,0.8774964809417725,0.02215147204697132,0.7335629463195801
7.906000137329102,5.245999813079834,0.9010857939720154,2.0478150844573975,0.12499147653579712,0.06759057193994522,0.2884364128112793,0.2564576268196106
7.906000137329102,5.245999813079834,0.971399188041687,0.9312134385108948,0.6811295747756958,0.3333874046802521,0.2049865424633026,0.009979376569390297
8.906000137329102,-8.753999710083008,1.3911335468292236,0.030217237770557404,8.132732391357422,2.254897117614746,0.22464248538017273,0.003450787393376231
8.906000137329102,-8.753999710083008,1.1381250619888306,3.722907781600952,0.2072259783744812,0.5381047129631042,0.32057812809944153,0.9957807064056396
8.906000137329102,-8.753999710083008,0.8730823993682861,5.313962459564209,0.21880477666854858,0.9520245790481567,0.16354234516620636,0.0007685170858167112
8.906000137329102,-7.754000186920166,0.8056638240814209,5.343024730682373,0.09840411692857742,3.7879862785339355,0.3288169503211975,0.199030801653862
8.906000137329102,-7.754000186920166,0.6974202990531921,3.1984035968780518,0.04474281519651413,0.23504680395126343,-0.19899721443653107,0.7495717406272888
8.906000137329102,-7.754000186920166,0.9044685959815979,5.103158950805664,0.11224130541086197,0.13420656323432922,0.30931100249290466,0.0513974204659462
8.906000137329102,-6.754000186920166,1.0093698501586914,4.860489845275879,0.5305057168006897,0.7454763054847717,0.22758708894252777,0.20561684668064117
8.906000137329102,-6.754000186920166,0.6338810324668884,3.6177895069122314,0.08705351501703262,2.0212759971618652,0.19365499913692474,0.16596616804599762
8.906000137329102,-6.754000186920166,0.6807858347892761,4.201885223388672,0.04791134223341942,0.25023823976516724,-0.006649818737059832,0.6284169554710388
8.906000137329102,-5.754000186920166,1.126307487487793,4.619540691375732,0.5198445916175842,0.967500627040863,0.178008034825325,0.23474347591400146
8.906000137329102,-5.754000186920166,0.5677201747894287,2.8163812160491943,0.04239141196012497,1.0740911960601807,0.19653114676475525,0.4582211971282959
8.906000137329102,-5.754000186920166,0.7077968120574951,4.808440685272217,0.0564785860478878,0.3794664144515991,0.21434277296066284,0.307035356760025
8.906000137329102,-4.754000186920166,0.9166942834854126,4.470503807067871,0.16878877580165863,2.0962862968444824,0.07548148930072784,0.4663975238800049
8.906000137329102,-4.754000186920166,0.9918509125709534,2.5151970386505127,0.07266102731227875,0.03026110865175724,0.08358551561832428,0.18600910902023315
8.906000137329102,-4.754000186920166,1.1871519088745117,5.49887752532959,0.10070749372243881,0.030896944925189018,-0.005531994625926018,0.34759336709976196
8.906000137329102,-3.753999948501587,0.8372384309768677,5.613153457641602,0.11703507602214813,2.8056955337524414,0.008661053143441677,0.1991412490606308
8.906000137329102,-3.753999948501587,1.155335545539856,2.4776811599731445,0.08048727363348007,0.026573240756988525,-0.028377698734402657,0.3865821659564972
8.906000137329102,-3.753999948501587,1.292142391204834,5.50775671005249,0.12808702886104584,0.0236712284386158,0.12780293822288513,0.4142765998840332
8.906000137329102,-2.753999948501587,1.012113332748413,0.543788492679596,0.5393286943435669,2.0001559257507324,0.012333284132182598,0.14383535087108612
8.906000137329102,-2.753999948501587,1.0706455707550049,2.355401039123535,0.07023817300796509,0.036836881190538406,0.1296105980873108,0.416236937046051
8.906000137329102,-2.753999948501587,1.182039499282837,5.512794494628906,0.09191733598709106,0.04181046038866043,0.08455923199653625,0.43992769718170166
8.906000137329102,-1.753999948501587,1.2129631042480469,4.328005790710449,1.3182893991470337,2.575493335723877,0.11056672036647797,0.043035659939050674
8.906000137329102,-1.753999948501587,1.1781432628631592,2.2800488471984863,0.0851217582821846,0.0577266700565815,0.18311741948127747,0.2714535892009735
8.906000137329102,-1.753999948501587,1.125425100326538,5.367417812347412,0.08719699084758759,0.09068905562162399,0.10150697827339172,0.6855107545852661
8.906000137329102,-0.7540000081062317,1.0451626777648926,4.686290264129639,0.38745012879371643,2.127365827560425,0.05899139121174812,0.060066889971494675
8.906000137329102,-0.7540000081062317,1.2280192375183105,2.150181531906128,0.14293977618217468,0.03945671394467354,0.01722949557006359,0.3358492851257324
8.906000137329102,-0.7540000081062317,1.2470895051956177,5.182826995849609,0.09800303727388382,0.05564515292644501,0.032834332436323166,0.6040838360786438
8.906000137329102,0.2460000067949295,0.8970650434494019,5.240984916687012,0.14123965799808502,2.29864501953125,0.07616469264030457,0.22027763724327087
8.906000137329102,0.2460000067949295,1.0444157123565674,2.067695379257202,0.15972451865673065,0.07211733609437943,0.05293554812669754,0.27996253967285156
8.906000137329102,0.2460000067949295,1.2328602075576782,5.056756973266602,0.1227525845170021,0.03782027214765549,0.1469755917787552,0.4997597932815552
8.906000137329102,1.246000051498413,1.0413838624954224,0.13144801557064056,0.41341856122016907,1.3428630828857422,0.09718803316354752,0.026995982974767685
8.906000137329102,1.246000051498413,1.0172199010849,1.4007576704025269,0.10434463620185852,0.08463235944509506,-0.20295317471027374,0.14470955729484558
8.906000137329102,1.246000051498413,1.1697561740875244,5.217947959899902,0.14449231326580048,0.1476982980966568,0.2692706286907196,0.8282943964004517
8.906000137329102,2.246000051498413,1.074113368988037,1.0466898679733276,0.3791496157646179,1.181243658065796,0.12600037455558777,0.20050416886806488
8.906000137329102,2.246000051498413,1.0461220741271973,1.3951340913772583,0.17828650772571564,0.1442447453737259,-0.18967702984809875,0.2468198537826538
8.906000137329102,2.246000051498413,0.8881852626800537,5.155602931976318,0.08122719079256058,0.2652672827243805,0.25773918628692627,0.5526760220527649
8.906000137329102,3.246000051498413,0.8032577633857727,0.7210484147071838,0.20620110630989075,0.5029429197311401,0.05538400635123253,0.3051418662071228
8.906000137329102,3.246000051498413,1.0249313116073608,1.6592819690704346,0.07557868212461472,0.08508482575416565,-0.19048573076725006,0.630872368812561
8.906000137329102,3.246000051498413,1.2778559923171997,0.33244988322257996,0.5467872023582458,0.15493521094322205,0.31705442070961,0.06398570537567139
8.906000137329102,4.245999813079834,1.007462501525879,2.9992902278900146,0.3036596179008484,0.24055977165699005,0.08992229402065277,0.24951191246509552
8.906000137329102,4.245999813079834,1.1437915563583374,0.6359522938728333,0.1898556500673294,0.0832192450761795,-0.47845152020454407,0.7498196959495544
8.906000137329102,4.245999813079834,1.2141164541244507,5.702929496765137,2.127856969833374,17.13334846496582,0.33855918049812317,0.0006684127147309482
9.906000137329102,-8.753999710083008,1.0875954627990723,4.281454086303711,1.6323049068450928,2.3406589031219482,0.09580381214618683,0.007598841097205877
9.906000137329102,-8.753999710083008,0.6576515436172485,4.252330303192139,0.05557500198483467,0.18367816507816315,0.15324650704860687,0.015960287302732468
9.906000137329102,-8.753999710083008,0.6278528571128845,4.975122451782227,0.01389368437230587,0.06264597922563553,0.01761944591999054,0.9764408469200134
9.906000137329102,-7.754000186920166,0.7287722229957581,5.083890438079834,0.3497733473777771,1.4499562978744507,0.1133485957980156,0.06617970019578934
9.906000137329102,-7.754000186920166,0.549554705619812,1.624678611755371,0.021497473120689392,0.1318611204624176,0.05282888188958168,0.39390552043914795
9.906000137329102,-7.754000186920166,0.6358582377433777,0.5474180579185486,0.0321788564324379,0.1810562014579773,0.059305060654878616,0.5399147272109985
9.906000137329102,-6.754000186920166,0.7791141867637634,3.2286829948425293,0.05941467359662056,1.0109797716140747,0.14826732873916626,0.6498288512229919
9.906000137329102,-6.754000186920166,0.5396233201026917,2.506119966506958,0.032692208886146545,0.5990626215934753,-0.01955455169081688,0.30591240525245667
9.906000137329102,-6.754000186920166,0.7487432956695557,4.8274431228637695,0.11369386315345764,1.1982192993164062,-0.1345777064561844,0.0442587174475193
9.906000137329102,-5.754000186920166,0.8604328036308289,6.17683744430542,0.10542958229780197,2.4541232585906982,0.004243758507072926,0.35146206617355347
9.906000137329102,-5.754000186920166,0.8788875341415405,2.568495750427246,0.08453144878149033,0.05053123086690903,0.17320099472999573,0.2641153037548065
9.906000137329102,-5.754000186920166,0.9816628098487854,5.6138176918029785,0.08384699374437332,0.03428061679005623,0.01495596393942833,0.3844226002693176
9.906000137329102,-4.754000186920166,1.0570660829544067,4.888525485992432,0.5554403066635132,2.538661003112793,0.05795171484351158,0.05337555706501007
9.906000137329102,-4.754000186920166,1.056086778640747,2.4148318767547607,0.059227362275123596,0.02245350554585457,-0.03105878084897995,0.4239632189273834
9.906000137329102,-4.754000186920166,1.1675341129302979,5.517268657684326,0.0816463828086853,0.030912138521671295,-0.018422042950987816,0.5226612687110901
9.906000137329102,-3.753999948501587,0.9884793758392334,5.365818500518799,0.5871382355690002,2.519179582595825,0.03149295225739479,0.07606391608715057
9.906000137329102,-3.753999948501587,1.1616462469100952,2.320168972015381,0.06996237486600876,0.027342310175299644,-0.054452959448099136,0.4436638653278351
9.906000137329102,-3.753999948501587,1.1076908111572266,5.4785943031311035,0.087915800511837,0.045000042766332626,0.07096406072378159,0.4802722632884979
9.906000137329102,-2.753999948501587,1.146066427230835,5.533646106719971,1.328852891921997,2.5375967025756836,0.053495682775974274,0.08844805508852005
9.906000137329102,-2.753999948501587,1.0725055932998657,2.3231265544891357,0.06644438207149506,0.03779737651348114,0.03582564741373062,0.35335132479667664
9.906000137329102,-2.753999948501587,1.188964605331421,5.409918308258057,0.09780724346637726,0.052358511835336685,0.0410325713455677,0.5582005977630615
9.906000137329102,-1.753999948501587,1.0254812240600586,4.860307216644287,0.5110792517662048,2.1804535388946533,0.03685157373547554,0.04936224967241287
9.906000137329102,-1.753999948501587,1.1565502882003784,2.278639793395996,0.07902748882770538,0.02703816071152687,0.06288538873195648,0.24998147785663605
9.906000137329102,-1.753999948501587,1.2701120376586914,5.338230133056641,0.13556116819381714,0.04210343584418297,0.09466399997472763,0.7006562948226929
9.906000137329102,-0.7540000081062317,0.9049854874610901,5.365263938903809,0.19889605045318604,1.5150750875473022,0.0675058588385582,0.5399198532104492
9.906000137329102,-0.7540000081062317,0.7349036931991577,2.293368339538574,0.08347093313932419,0.1565016657114029,0.09636629372835159,0.046718403697013855
9.906000137329102,-0.7540000081062317,0.666890561580658,4.794300556182861,0.03433633968234062,0.22655826807022095,0.23284921050071716,0.4133617579936981
9.906000137329102,0.2460000067949295,1.017464280128479,3.0972771644592285,0.5691053867340088,2.666306734085083,0.17763660848140717,0.06828690320253372
9.906000137329102,0.2460000067949295,0.5983254909515381,1.041884183883667,0.0263518039137125,0.3907969295978546,0.17536203563213348,0.8972832560539246
9.906000137329102,0.2460000067949295,0.7236135005950928,6.141669750213623,0.06360996514558792,0.5094684362411499,-0.05753474682569504,0.0344298854470253
9.906000137329102,1.246000051498413,0.757565438747406,6.049742221832275,0.1440008133649826,1.0626353025436401,0.19218389689922333,0.009775769896805286
9.906000137329102,1.246000051498413,0.955930233001709,0.9737411737442017,0.12350554019212723,0.07142020761966705,0.40100887417793274,0.9899497032165527
9.906000137329102,1.246000051498413,1.121354341506958,0.988483190536499,2.2803595066070557,0.3498220145702362,0.31852784752845764,0.0002744763914961368
10.906000137329102,-13.753999710083008,1.182565450668335,1.3864686489105225,1.3973968029022217,1.456607699394226,0.14244797825813293,0.06801119446754456
10.906000137329102,-13.753999710083008,1.1058757305145264,4.230175495147705,0.3480440378189087,0.12970669567584991,0.1443873643875122,0.8990743160247803
10.906000137329102,-13.753999710083008,0.8987550139427185,5.340457916259766,0.18381664156913757,0.22480280697345734,0.1451224982738495,0.03291446715593338
10.906000137329102,-12.753999710083008,1.0331361293792725,3.3896443843841553,0.7348652482032776,2.444244384765625,0.10180971026420593,0.02189348265528679
10.906000137329102,-12.753999710083008,0.6388506293296814,2.397722005844116,0.033218707889318466,0.29614704847335815,0.33168378472328186,0.9224640727043152
10.906000137329102,-12.753999710083008,0.8193950653076172,4.222794532775879,0.08091124892234802,1.032940149307251,0.1350247710943222,0.05564236268401146
10.906000137329102,-11.753999710083008,0.9980244636535645,3.078282594680786,0.20481179654598236,0.657698392868042,0.1898600459098816,0.44867780804634094
10.906000137329102,-11.753999710083008,0.6237985491752625,2.611205816268921,0.045853205025196075,0.38810014724731445,0.04607618972659111,0.3044353425502777
10.906000137329102,-11.753999710083008,0.7272857427597046,4.2787394523620605,0.0543753020465374,0.3796590566635132,0.06253420561552048,0.24688675999641418
10.906000137329102,-8.753999710083008,1.0943306684494019,4.876897811889648,0.5314021706581116,1.1747112274169922,0.11020275950431824,0.21367932856082916
10.906000137329102,-8.753999710083008,0.5432075262069702,2.9710114002227783,0.2508115768432617,3.2195913791656494,-0.08340518176555634,0.0022893832065165043
10.906000137329102,-8.753999710083008,0.5741414427757263,4.014651298522949,0.03840728476643562,0.4035317897796631,0.3433743119239807,0.7840312719345093
10.906000137329102,-7.754000186920166,1.0346349477767944,4.8833537101745605,0.30745020508766174,1.535547137260437,-0.04914190620183945,0.30829697847366333
10.906000137329102,-7.754000186920166,0.6389182209968567,2.6952576637268066,0.03310006484389305,0.37850701808929443,-0.09680398553609848,0.15301792323589325
10.906000137329102,-7.754000186920166,0.6482178568840027,4.096898078918457,0.019568847492337227,0.3549831509590149,0.200283482670784,0.538685142993927
10.906000137329102,-6.754000186920166,0.7210773229598999,0.06497213244438171,0.07098273932933807,2.6165130138397217,0.0546497106552124,0.6353052854537964
10.906000137329102,-6.754000186920166,0.6646305918693542,2.480332136154175,0.10609965771436691,0.2272406667470932,0.04417384788393974,0.1931372433900833
10.906000137329102,-6.754000186920166,0.9010632634162903,5.640887260437012,0.12171066552400589,0.11311843991279602,-0.16657480597496033,0.1715574413537979
10.906000137329102,-5.754000186920166,1.050062894821167,4.826022624969482,0.649975597858429,3.0512752532958984,0.027973275631666183,0.03682854399085045
10.906000137329102,-5.754000186920166,1.3304691314697266,2.428239583969116,0.08771400898694992,0.015835566446185112,-0.016625769436359406,0.44158461689949036
10.906000137329102,-5.754000186920166,1.2105128765106201,5.5968804359436035,0.07349539548158646,0.02965761534869671,-0.038602571934461594,0.5215868353843689
10.906000137329102,-4.754000186920166,1.245370864868164,5.234119415283203,1.6886390447616577,3.08697247505188,0.09616434574127197,0.020785560831427574
10.906000137329102,-4.754000186920166,1.192213773727417,2.3788857460021973,0.09182567149400711,0.03136787936091423,-0.02433020994067192,0.3511277437210083
10.906000137329102,-4.754000186920166,1.1229228973388672,5.548256874084473,0.06404933333396912,0.03786870837211609,0.010900129564106464,0.6280866861343384
10.906000137329102,-3.753999948501587,1.158127784729004,4.706486225128174,2.455240249633789,2.8962345123291016,0.07455696165561676,0.06446279585361481
10.906000137329102,-3.753999948501587,1.1654998064041138,2.283158302307129,0.07429848611354828,0.03896366432309151,-0.02230917476117611,0.3504734933376312
10.906000137329102,-3.753999948501587,1.092426061630249,5.450496673583984,0.06671113520860672,0.04643498361110687,0.012133404612541199,0.5850636959075928
10.906000137329102,-2.753999948501587,0.9395992159843445,6.03473424911499,0.3874518871307373,2.9011497497558594,-0.006368319038301706,0.04319196566939354
10.906000137329102,-2.753999948501587,1.068671703338623,2.329522132873535,0.07690282166004181,0.023712575435638428,0.03816276788711548,0.23643411695957184
10.906000137329102,-2.753999948501587,1.1392552852630615,5.400251865386963,0.08485540002584457,0.026317434385418892,-0.016475962474942207,0.7203739881515503
10.906000137329102,-1.753999948501587,0.851187527179718,6.269132614135742,0.15425236523151398,1.687634825706482,-0.009492957033216953,0.24930226802825928
10.906000137329102,-1.753999948501587,0.905422568321228,1.7668992280960083,0.13346487283706665,0.12166737765073776,0.0009341648546978831,0.2297397255897522
10.906000137329102,-1.753999948501587,1.1978131532669067,5.227813243865967,0.19938206672668457,0.03552777320146561,0.0613633394241333,0.5209580659866333
10.906000137329102,-0.7540000081062317,0.9355003833770752,5.652958393096924,0.09618694335222244,0.741098940372467,-0.019537389278411865,0.9282407164573669
10.906000137329102,-0.7540000081062317,0.6036050319671631,0.4724956154823303,0.12623733282089233,9.531566619873047,0.18471510708332062,0.001387643744237721
10.906000137329102,-0.7540000081062317,0.46819210052490234,5.418600082397461,0.012701235711574554,0.7137814164161682,0.06624632328748703,0.07037164270877838
10.906000137329102,0.2460000067949295,1.1229467391967773,6.235517978668213,3.9195871353149414,1.2902330160140991,0.3753203749656677,0.049964528530836105
10.906000137329102,0.2460000067949295,0.5496703386306763,1.0600346326828003,0.024379245936870575,0.047880712896585464,-0.20587284862995148,0.5173324942588806
10.906000137329102,0.2460000067949295,0.6364694237709045,0.7948302030563354,0.09262345731258392,1.0045894384384155,0.07104874402284622,0.43270301818847656
10.906000137329102,1.246000051498413,0.8244644999504089,1.4688010215759277,0.11296427994966507,1.0483137369155884,0.09589339792728424,0.3528591990470886
10.906000137329102,1.246000051498413,0.8029487133026123,1.5931038856506348,0.12235359847545624,0.15357261896133423,0.04466550797224045,0.6459277272224426
10.906000137329102,1.246000051498413,1.393567442893982,1.4839351177215576,7.233059883117676,0.4053525924682617,0.32717669010162354,0.001213066279888153
11.906000137329102,-15.753999710083008,0.7598732709884644,3.3875696659088135,0.1560964733362198,0.8171161413192749,0.26424524188041687,0.7510153651237488
11.906000137329102,-15.753999710083008,0.48441970348358154,1.8392983675003052,0.08098185062408447,0.2816234827041626,-0.07099515944719315,0.05043112859129906
11.906000137329102,-15.753999710083008,0.8252441883087158,5.438601970672607,0.23718182742595673,0.36267033219337463,0.23257769644260406,0.19855351746082306
11.906000137329102,-14.753999710083008,1.2161409854888916,4.849693298339844,0.8703094124794006,0.7952837347984314,0.22493787109851837,0.10132604092359543
11.906000137329102,-14.753999710083008,0.8444551825523376,2.8726329803466797,0.10353647172451019,0.4009527862071991,0.04846439138054848,0.3581344187259674
11.906000137329102,-14.753999710083008,0.8148790597915649,4.279189109802246,0.05747178941965103,0.1874978393316269,0.12692853808403015,0.5405396223068237
11.906000137329102,-13.753999710083008,0.9256163835525513,5.828352928161621,0.3986945152282715,0.5653244853019714,0.1589737981557846,0.4436219036579132
11.906000137329102,-13.753999710083008,0.7420021891593933,2.7351019382476807,0.1988624781370163,0.5957080721855164,-0.07032525539398193,0.3228961229324341
11.906000137329102,-13.753999710083008,0.7419703602790833,5.053378582000732,0.0713227391242981,0.3069610893726349,0.12903852760791779,0.2334820181131363
11.906000137329102,-12.753999710083008,0.9672680497169495,5.186640739440918,0.44751453399658203,0.6576988101005554,0.05296630039811134,0.18422429263591766
11.906000137329102,-12.753999710083008,0.5344619750976562,1.777471661567688,0.0536978542804718,1.1303186416625977,0.17906838655471802,0.457365483045578
11.906000137329102,-12.753999710083008,0.5997612476348877,4.747315883636475,0.048370491713285446,0.5492335557937622,-0.03930776193737984,0.3584102392196655
11.906000137329102,-11.753999710083008,1.1267602443695068,3.915027618408203,0.28515878319740295,0.3215140998363495,0.04466148838400841,0.5603518486022949
11.906000137329102,-11.753999710083008,0.5625247359275818,2.717545509338379,0.051923591643571854,1.0935109853744507,0.2693939208984375,0.12248725444078445
11.906000137329102,-11.753999710083008,0.6295223832130432,3.9485340118408203,0.03283930569887161,0.4128277599811554,0.06272069364786148,0.31716087460517883
11.906000137329102,-10.753999710083008,0.9772189259529114,3.815763473510742,0.3072779178619385,0.48397359251976013,-0.057499222457408905,0.14263498783111572
11.906000137329102,-10.753999710083008,0.710989773273468,2.6184704303741455,0.044623542577028275,0.18224109709262848,0.053795311599969864,0.6681633591651917
11.906000137329102,-10.753999710083008,0.5473055243492126,2.8642191886901855,0.02276327833533287,1.1171278953552246,0.1910175234079361,0.18920165300369263
11.906000137329102,-9.753999710083008,0.5959669351577759,4.254263877868652,0.055482618510723114,0.19398266077041626,-0.13515709340572357,0.08222809433937073
11.906000137329102,-9.753999710083008,0.4302878975868225,4.354006290435791,0.012925345450639725,0.12726013362407684,-0.11299031227827072,0.8425578474998474
11.906000137329102,-9.753999710083008,0.6621928215026855,0.6468243598937988,0.014503253623843193,0.13429681956768036,0.33792585134506226,0.07521399110555649
11.906000137329102,-8.753999710083008,0.7893460988998413,4.009867191314697,0.15734784305095673,0.7826082110404968,0.09670037776231766,0.7167040109634399
11.906000137329102,-8.753999710083008,0.42147016525268555,2.8989083766937256,0.11809886991977692,1.5478403568267822,0.08007310330867767,0.01148486789315939
11.906000137329102,-8.753999710083008,0.6022112965583801,4.242402076721191,0.05608980730175972,0.5112374424934387,0.26111748814582825,0.2718111574649811
11.906000137329102,-7.754000186920166,0.5322192907333374,3.7496304512023926,0.1063348650932312,1.5167903900146484,-0.0109734907746315,0.19893421232700348
11.906000137329102,-7.754000186920166,0.46002107858657837,2.923517942428589,0.030873233452439308,0.45555824041366577,-0.11061643064022064,0.22134512662887573
11.906000137329102,-7.754000186920166,0.6038628816604614,3.905332565307617,0.01942608132958412,0.20184049010276794,0.22583207488059998,0.579720675945282
11.906000137329102,-6.754000186920166,0.9178584218025208,6.127913951873779,0.25166499614715576,3.202915668487549,0.005817454308271408,0.042485252022743225
11.906000137329102,-6.754000186920166,1.15765380859375,2.4603564739227295,0.07281529903411865,0.02539513260126114,-0.010963290929794312,0.4651540219783783
11.906000137329102,-6.754000186920166,1.3962513208389282,5.588990211486816,0.11207415163516998,0.025163982063531876,-0.07854707539081573,0.4923607409000397
11.906000137329102,-5.754000186920166,1.1674237251281738,3.948998212814331,1.4405040740966797,2.9188072681427,0.07811445742845535,0.029730496928095818
11.906000137329102,-5.754000186920166,1.2620781660079956,2.387788772583008,0.08912770450115204,0.025664592161774635,0.04587729647755623,0.43357500433921814
11.906000137329102,-5.754000186920166,1.2778282165527344,5.482297420501709,0.09801642596721649,0.0429658442735672,-0.026273783296346664,0.5366945266723633
11.906000137329102,-4.754000186920166,1.1598042249679565,5.085656642913818,0.8328881859779358,3.0172119140625,0.07234865427017212,0.08277787268161774
11.906000137329102,-4.754000186920166,1.3676668405532837,2.347352981567383,0.15113678574562073,0.01953255385160446,0.07255858927965164,0.3186260759830475
11.906000137329102,-4.754000186920166,1.157715916633606,5.488071441650391,0.06283989548683167,0.02678437903523445,0.046613045036792755,0.5985960960388184
11.906000137329102,-3.753999948501587,0.883348822593689,5.758620262145996,0.1562814712524414,2.840985059738159,0.029852496460080147,0.2579628825187683
11.906000137329102,-3.753999948501587,1.0996077060699463,2.2224783897399902,0.08828474581241608,0.031099237501621246,0.07880952209234238,0.17332182824611664
11.906000137329102,-3.753999948501587,1.125701904296875,5.474414348602295,0.070943184196949,0.024558529257774353,0.05946424975991249,0.5687152743339539
11.906000137329102,-2.753999948501587,0.8535167574882507,0.5486235618591309,0.04480310529470444,0.6268405318260193,0.16627569496631622,0.8982621431350708
11.906000137329102,-2.753999948501587,0.781146228313446,1.710628867149353,0.11122889816761017,0.324067085981369,0.09090390056371689,0.08574724942445755
11.906000137329102,-2.753999948501587,0.8464865684509277,5.747170448303223,0.19050505757331848,0.21901041269302368,0.0449993722140789,0.01599052920937538
11.906000137329102,0.2460000067949295,1.157160758972168,0.43745192885398865,1.0120912790298462,0.24960340559482574,0.2627112567424774,0.5301918983459473
11.906000137329102,0.2460000067949295,0.8138034343719482,1.1205724477767944,0.029154270887374878,0.028640275821089745,-0.5462813377380371,0.07022757828235626
11.906000137329102,0.2460000067949295,1.1212584972381592,5.296945095062256,0.17320480942726135,0.1708734780550003,0.40894097089767456,0.3995805084705353
12.906000137329102,-16.753999710083008,0.7786648869514465,1.1240580081939697,0.08705173432826996,2.750410556793213,0.059146810322999954,0.8425846695899963
12.906000137329102,-16.753999710083008,0.7947018146514893,2.9410064220428467,0.08266385644674301,0.11954327672719955,0.18386957049369812,0.09468109160661697
12.906000137329102,-16.753999710083008,1.0359288454055786,6.112004280090332,0.11461366713047028,0.04871577396988869,-0.06088228151202202,0.0627342239022255
12.906000137329102,-15.753999710083008,1.0169516801834106,5.601534843444824,0.9210728406906128,1.1876107454299927,0.18515975773334503,0.019517481327056885
12.906000137329102,-15.753999710083008,0.505649983882904,3.0793399810791016,0.04072464630007744,0.7494843602180481,-0.00059364119078964,0.2092496156692505
12.906000137329102,-15.753999710083008,0.5274393558502197,3.959383010864258,0.01788628287613392,0.14137506484985352,0.23690223693847656,0.7712329030036926
12.906000137329102,-14.753999710083008,0.9490074515342712,6.2332916259765625,0.3011590242385864,0.5709754228591919,0.18117870390415192,0.023786263540387154
12.906000137329102,-14.753999710083008,0.6980682611465454,2.032135248184204,0.06905991584062576,0.24106357991695404,-0.24120332300662994,0.020209968090057373
12.906000137329102,-14.753999710083008,0.8569552302360535,4.6748948097229,0.05418756976723671,0.03783710300922394,0.05096559226512909,0.9560037851333618
12.906000137329102,-13.753999710083008,0.9790708422660828,4.859121322631836,0.24600058794021606,1.1269912719726562,0.07237858325242996,0.0537337101995945
12.906000137329102,-13.753999710083008,0.8937575221061707,1.7728023529052734,0.10436327755451202,0.17478205263614655,0.022832751274108887,0.037600453943014145
12.906000137329102,-13.753999710083008,0.9436895847320557,4.4516801834106445,0.07121942192316055,0.05496960133314133,0.09217783063650131,0.9086658954620361
12.906000137329102,-12.753999710083008,1.0029244422912598,4.992118835449219,0.4274575412273407,0.6365666389465332,0.18606260418891907,0.09331560879945755
12.906000137329102,-12.753999710083008,0.6281152367591858,1.2222239971160889,0.029447408393025398,0.39131760597229004,-0.011290946044027805,0.20586594939231873
12.906000137329102,-12.753999710083008,0.631962776184082,4.755777359008789,0.03604969382286072,0.29692542552948,-0.09191741049289703,0.7008184790611267
12.906000137329102,-11.753999710083008,1.110687017440796,3.8703341484069824,0.2718205153942108,0.4506091773509979,0.027783473953604698,0.3531961441040039
12.906000137329102,-11.753999710083008,0.5677638649940491,2.4377713203430176,0.04173103719949722,1.7828723192214966,0.26098841428756714,0.3886243999004364
12.906000137329102,-11.753999710083008,0.6590619683265686,4.069148063659668,0.031885966658592224,0.6921991109848022,0.11465854942798615,0.25817936658859253
12.906000137329102,-10.753999710083008,1.029432773590088,2.975774049758911,0.4116673767566681,1.199121117591858,0.076419897377491,0.3583223521709442
12.906000137329102,-10.753999710083008,0.5541704893112183,3.864166498184204,0.032689277082681656,0.33494406938552856,0.042209234088659286,0.41594287753105164
12.906000137329102,-10.753999710083008,0.6355616450309753,2.7897629737854004,0.03493647277355194,0.9314044117927551,0.2625716030597687,0.22573480010032654
12.906000137329102,-9.753999710083008,0.9267333745956421,3.5260469913482666,0.3262142539024353,0.706933319568634,-0.08460266143083572,0.06055046617984772
12.906000137329102,-9.753999710083008,0.5933706760406494,2.016355276107788,0.0430181585252285,0.7632861733436584,-0.14375196397304535,0.13041941821575165
12.906000137329102,-9.753999710083008,0.5996299982070923,2.9943482875823975,0.01505336631089449,0.5878495573997498,0.05476687103509903,0.8090301752090454
12.906000137329102,-8.753999710083008,0.7008511424064636,4.650293350219727,0.10036551207304001,0.978028416633606,0.12691332399845123,0.4059517979621887
12.906000137329102,-8.753999710083008,0.6087685227394104,2.1250150203704834,0.07217272371053696,0.3623901307582855,0.1835203617811203,0.2569987177848816
12.906000137329102,-8.753999710083008,0.6846814751625061,4.750269889831543,0.06366424262523651,0.21413953602313995,0.1898302435874939,0.3370495140552521
12.906000137329102,-7.754000186920166,0.9055069088935852,0.16277532279491425,0.23953229188919067,2.7745940685272217,0.012808997184038162,0.0822979137301445
12.906000137329102,-7.754000186920166,1.05696702003479,2.2716352939605713,0.07646214216947556,0.037808336317539215,0.16913850605487823,0.4132189452648163
12.906000137329102,-7.754000186920166,1.0601139068603516,5.484004497528076,0.06344054639339447,0.03334245830774307,0.14682786166667938,0.5044831037521362
12.906000137329102,-6.754000186920166,1.00732421875,5.610581398010254,0.4930270314216614,2.5552268028259277,0.013050641864538193,0.03530709818005562
12.906000137329102,-6.754000186920166,1.073341965675354,2.3787682056427,0.06186388060450554,0.02593216300010681,0.11850415915250778,0.34253838658332825
12.906000137329102,-6.754000186920166,1.2280951738357544,5.50030517578125,0.09284605830907822,0.02638469636440277,0.041890572756528854,0.6221544742584229
12.906000137329102,-5.754000186920166,1.0750553607940674,4.207111835479736,0.9666587114334106,3.5552825927734375,0.09611071646213531,0.016795068979263306
12.906000137329102,-5.754000186920166,1.0999606847763062,2.3699254989624023,0.05913464352488518,0.022685542702674866,0.04083612188696861,0.33220577239990234
12.906000137329102,-5.754000186920166,1.3454846143722534,5.463794708251953,0.11838805675506592,0.022852372378110886,0.021028272807598114,0.6509991884231567
12.906000137329102,-4.754000186920166,0.8007532954216003,0.01743588037788868,0.09001025557518005,1.1279023885726929,0.0298721082508564,0.566645085811615
12.906000137329102,-4.754000186920166,0.8269854187965393,1.842200517654419,0.10267731547355652,0.03182075172662735,-0.01869622990489006,0.1884315013885498
12.906000137329102,-4.754000186920166,0.9719685316085815,5.431185722351074,0.19190767407417297,0.07656429708003998,0.18578320741653442,0.24492338299751282
12.906000137329102,-3.753999948501587,0.8497920036315918,0.8363592624664307,0.1044258251786232,0.857682466506958,-0.02490634098649025,0.2853372097015381
12.906000137329102,-3.753999948501587,0.5151236653327942,0.5950964093208313,0.044337283819913864,0.6463152766227722,0.22374404966831207,0.018315959721803665
12.906000137329102,-3.753999948501587,0.8253706097602844,0.29444050788879395,0.06203034520149231,0.27407774329185486,0.11558019369840622,0.6963468194007874
12.906000137329102,-2.753999948501587,1.1580547094345093,4.620621681213379,1.8244125843048096,0.7312610745429993,0.3349805176258087,0.011751880869269371
12.906000137329102,-2.753999948501587,0.565479576587677,0.5185187458992004,0.013924564234912395,0.2549734115600586,-0.5121765732765198,0.9797746539115906
12.906000137329102,-2.753999948501587,0.7700116634368896,0.79280024766922,0.2929975390434265,3.0591964721679688,-0.09499533474445343,0.008473481982946396
13.906000137329102,-15.753999710083008,0.7870023250579834,0.13319984078407288,0.1243850588798523,1.1595489978790283,0.05991483852267265,0.2382083237171173
13.906000137329102,-15.753999710083008,0.575892448425293,3.1682257652282715,0.07036291062831879,0.23289546370506287,0.22976075112819672,0.7320575714111328
13.906000137329102,-15.753999710083008,0.6734243631362915,4.746814250946045,0.09181146323680878,0.1349613219499588,0.29643765091896057,0.02973412163555622
13.906000137329102,-14.753999710083008,0.9612295627593994,5.169858932495117,0.2583780586719513,0.9832881093025208,0.11587446928024292,0.12611238658428192
13.906000137329102,-14.753999710083008,0.681587278842926,1.8043313026428223,0.047591883689165115,0.2583310604095459,-0.09844621270895004,0.23114459216594696
13.906000137329102,-14.753999710083008,0.754599928855896,4.166172027587891,0.03901153430342674,0.11475732922554016,0.17663860321044922,0.6427429914474487
13.906000137329102,-13.753999710083008,0.9690345525741577,5.150854587554932,0.24401403963565826,1.046398401260376,0.03763832524418831,0.02836447022855282
13.906000137329102,-13.753999710083008,0.8452017307281494,1.9410204887390137,0.07661794871091843,0.1249769926071167,-0.023694973438978195,0.01387747935950756
13.906000137329102,-13.753999710083008,0.9396780729293823,4.075573921203613,0.06222297623753548,0.036706797778606415,0.1903560906648636,0.9577580094337463
13.906000137329102,-12.753999710083008,0.8800168037414551,4.381068229675293,0.20769654214382172,0.5432265400886536,0.19374582171440125,0.39777442812919617
13.906000137329102,-12.753999710083008,0.6659325957298279,1.6954530477523804,0.04405999183654785,0.2703758180141449,-0.009256703779101372,0.08899085968732834
13.906000137329102,-12.753999710083008,0.7084221243858337,4.499850273132324,0.05692608654499054,0.2890264689922333,0.035952214151620865,0.5132346749305725
13.906000137329102,-11.753999710083008,0.8988442420959473,3.6752405166625977,0.14980073273181915,0.6888933777809143,0.07254339754581451,0.5279422402381897
13.906000137329102,-11.753999710083008,0.5563509464263916,2.3737246990203857,0.03978297859430313,0.9342307448387146,-0.02930033951997757,0.30202847719192505
13.906000137329102,-11.753999710083008,0.7337689995765686,4.402810573577881,0.045128777623176575,0.4686106741428375,0.06052488088607788,0.17002926766872406
13.906000137329102,-10.753999710083008,0.8730684518814087,3.5846714973449707,0.12034443765878677,2.744067668914795,0.09866289049386978,0.7815392017364502
13.906000137329102,-10.753999710083008,0.6757912039756775,2.750567674636841,0.06185641884803772,0.19556459784507751,0.07789179682731628,0.0749586895108223
13.906000137329102,-10.753999710083008,0.8331257104873657,5.163585186004639,0.060432303696870804,0.16697654128074646,0.06542746722698212,0.1435021162033081
13.906000137329102,-9.753999710083008,0.8346952199935913,5.987797737121582,0.10067078471183777,1.6810563802719116,-0.04118774086236954,0.3109147846698761
13.906000137329102,-9.753999710083008,1.0515334606170654,1.9894949197769165,0.14616696536540985,0.07179905474185944,0.054283346980810165,0.1616458147764206
13.906000137329102,-9.753999710083008,1.0421302318572998,5.208118438720703,0.10004044324159622,0.046663183718919754,0.07717491686344147,0.5274393558502197
13.906000137329102,-8.753999710083008,1.0817289352416992,5.974420547485352,0.7977728843688965,3.028294324874878,0.027162469923496246,0.0872875526547432
13.906000137329102,-8.753999710083008,1.1661020517349243,2.2811076641082764,0.08479002118110657,0.029552867636084557,0.09235038608312607,0.369852215051651
13.906000137329102,-8.753999710083008,1.1025508642196655,5.4348063468933105,0.0626039206981659,0.022181399166584015,0.11195530742406845,0.5428602695465088
13.906000137329102,-7.754000186920166,1.0604515075683594,0.029578164219856262,0.673797070980072,2.8680243492126465,-0.009226062335073948,0.06120647117495537
13.906000137329102,-7.754000186920166,1.1867496967315674,2.334937810897827,0.07797075808048248,0.02879011258482933,0.14784207940101624,0.36229369044303894
13.906000137329102,-7.754000186920166,1.118531346321106,5.542099952697754,0.05932958424091339,0.024010024964809418,0.08857687562704086,0.5764997601509094
13.906000137329102,-6.754000186920166,0.9602643847465515,0.03260907530784607,0.33144938945770264,2.5029566287994385,-0.03401738032698631,0.06278020143508911
13.906000137329102,-6.754000186920166,1.1630463600158691,2.36851167678833,0.09361080825328827,0.021299239248037338,0.1711481660604477,0.26779788732528687
13.906000137329102,-6.754000186920166,1.1108442544937134,5.504049777984619,0.07090219855308533,0.022141803056001663,0.08559556305408478,0.669421911239624
13.906000137329102,-5.754000186920166,0.6709932088851929,6.204486846923828,0.03566838428378105,1.8070036172866821,0.0014003579271957278,0.808438241481781
13.906000137329102,-5.754000186920166,0.7433266639709473,2.2871880531311035,0.1375703662633896,0.09432395547628403,0.0344865582883358,0.11610302329063416
13.906000137329102,-5.754000186920166,0.8113999962806702,6.026555061340332,0.14604654908180237,0.11734230816364288,0.011522254906594753,0.075458824634552
13.906000137329102,-4.754000186920166,0.9904680252075195,4.601973533630371,0.10669967532157898,0.2555062472820282,0.26725780963897705,0.12168462574481964
13.906000137329102,-4.754000186920166,0.9601694345474243,0.9205111861228943,0.08373048901557922,0.19117027521133423,0.10133901238441467,0.7384791970252991
13.906000137329102,-4.754000186920166,0.8206056952476501,5.088747024536133,0.18578827381134033,0.29746291041374207,0.37189981341362,0.13983626663684845
13.906000137329102,-3.753999948501587,0.4941362738609314,5.474976062774658,0.00835780706256628,0.4872337281703949,-0.12516161799430847,0.9974364638328552
13.906000137329102,-3.753999948501587,0.5400241613388062,0.4283236265182495,0.11140549182891846,1.968307375907898,0.13467571139335632,0.00035657556145451963
13.906000137329102,-3.753999948501587,0.5724517107009888,5.492162704467773,0.019615277647972107,0.7181428074836731,0.13921046257019043,0.002206922974437475
14.906000137329102,-15.753999710083008,0.7588306665420532,1.4023022651672363,0.1340283304452896,1.362807035446167,0.08453809469938278,0.06331367790699005
14.906000137329102,-15.753999710083008,0.7441502809524536,3.6954095363616943,0.04666193947196007,0.12249255925416946,0.10243016481399536,0.9351593255996704
14.906000137329102,-15.753999710083008,0.8516387939453125,4.470901012420654,0.16829273104667664,0.25919732451438904,0.50312739610672,0.0015271020820364356
14.906000137329102,-14.753999710083008,1.0406458377838135,4.624407768249512,0.3565431237220764,1.0408977270126343,0.06649192422628403,0.18491186201572418
14.906000137329102,-14.753999710083008,0.6322969198226929,2.6547560691833496,0.036076270043849945,0.33226823806762695,0.045856911689043045,0.7995408773422241
14.906000137329102,-14.753999710083008,0.647437334060669,3.8376221656799316,0.05033377185463905,1.0167429447174072,0.3689636290073395,0.015547246672213078
14.906000137329102,-13.753999710083008,0.9130578637123108,3.3174195289611816,0.23996789753437042,0.9601895213127136,0.1681254804134369,0.3491723835468292
14.906000137329102,-13.753999710083008,0.6043524146080017,1.571295142173767,0.05086178705096245,0.7104649543762207,-0.04106782376766205,0.014476756565272808
14.906000137329102,-13.753999710083008,0.7218841314315796,4.611241817474365,0.04498051851987839,0.4503592848777771,0.10239074379205704,0.6363509297370911
14.906000137329102,-12.753999710083008,0.6758360862731934,4.19504451751709,0.03358399122953415,0.5790114402770996,0.07977743446826935,0.7124045491218567
14.906000137329102,-12.753999710083008,0.5962898135185242,1.9723955392837524,0.08060324192047119,0.355652779340744,0.2920788526535034,0.010239452123641968
14.906000137329102,-12.753999710083008,0.7192447781562805,4.930903911590576,0.06257844716310501,0.11208342015743256,0.10189282149076462,0.27735602855682373
14.906000137329102,-11.753999710083008,0.7852851152420044,4.734098434448242,0.11120762676000595,2.1638097763061523,0.02385639399290085,0.46392107009887695
14.906000137329102,-11.753999710083008,0.7567230463027954,2.3272571563720703,0.0602143257856369,0.08607741445302963,0.081050343811512,0.3155796229839325
14.906000137329102,-11.753999710083008,0.8873098492622375,5.284911632537842,0.07919012010097504,0.1014448031783104,-0.023791009560227394,0.22049933671951294
14.906000137329102,-10.753999710083008,0.9425570368766785,5.596104621887207,0.191964790225029,2.744879722595215,0.007391930557787418,0.17894123494625092
14.906000137329102,-10.753999710083008,1.0524077415466309,2.3218698501586914,0.08425619453191757,0.033522870391607285,-0.004113200586289167,0.3256498873233795
14.906000137329102,-10.753999710083008,1.197144865989685,5.426604270935059,0.1038864329457283,0.03149128332734108,-0.03778255358338356,0.49540889263153076
14.906000137329102,-9.753999710083008,1.0707957744598389,6.0718512535095215,0.5236502289772034,3.048797607421875,0.008477093651890755,0.07313641905784607
14.906000137329102,-9.753999710083008,1.195416808128357,2.295072555541992,0.10156972706317902,0.027996934950351715,0.07664959877729416,0.38104501366615295
14.906000137329102,-9.753999710083008,1.2033036947250366,5.420154094696045,0.08272603899240494,0.02720077522099018,0.015750285238027573,0.545818567276001
14.906000137329102,-8.753999710083008,1.0549439191818237,0.3951284885406494,0.7557381987571716,3.0634679794311523,0.019215527921915054,0.05364523082971573
14.906000137329102,-8.753999710083008,1.1769896745681763,2.324547529220581,0.07477831095457077,0.028508776798844337,0.07606593519449234,0.37797805666923523
14.906000137329102,-8.753999710083008,1.2260982990264893,5.456571578979492,0.0780261978507042,0.025961460545659065,0.06579145044088364,0.5683767199516296
14.906000137329102,-7.754000186920166,1.0861291885375977,0.08289392292499542,0.6166883111000061,3.061354875564575,0.014339718036353588,0.060853276401758194
14.906000137329102,-7.754000186920166,1.1593255996704102,2.3607325553894043,0.0740916058421135,0.020603090524673462,0.0854879692196846,0.31654369831085205
14.906000137329102,-7.754000186920166,1.285910725593567,5.510349273681641,0.09291186928749084,0.021180106326937675,0.049864791333675385,0.6226030588150024
14.906000137329102,-6.754000186920166,0.8158859610557556,0.1616133153438568,0.09960129857063293,2.8510327339172363,0.013793769292533398,0.3646591007709503
14.906000137329102,-6.754000186920166,1.0082004070281982,2.110004425048828,0.11141877621412277,0.05130331963300705,0.015000807121396065,0.3188566267490387
14.906000137329102,-6.754000186920166,0.9983238577842712,5.487705230712891,0.12728892266750336,0.05598925054073334,0.10832525789737701,0.316484272480011
14.906000137329102,-5.754000186920166,0.8404749035835266,6.053384780883789,0.0953839048743248,0.3545301854610443,-0.07076989114284515,0.11051922291517258
14.906000137329102,-5.754000186920166,0.7655832171440125,1.297403335571289,0.049092650413513184,0.11866451799869537,0.3809473216533661,0.8874987363815308
14.906000137329102,-5.754000186920166,0.7648352384567261,6.204665184020996,0.34307315945625305,2.326319694519043,0.28632813692092896,0.0019820115994662046
14.906000137329102,-4.754000186920166,1.0124800205230713,5.590211868286133,0.2832276225090027,0.3668089807033539,0.1959771364927292,0.00018601457122713327
14.906000137329102,-4.754000186920166,1.5591096878051758,1.778346300125122,0.17320065200328827,0.003953200299292803,-0.08370178937911987,0.9998130202293396
14.906000137329102,-4.754000186920166,1.0516976118087769,5.8544020652771,1.6470234394073486,4.10752534866333,-0.09240476787090302,9.60943111749657e-07
15.906000137329102,-15.753999710083008,0.7295964360237122,0.8134216666221619,0.2516748905181885,1.1822189092636108,-0.0020950085017830133,0.4445505738258362
15.906000137329102,-15.753999710083008,0.6205822825431824,3.3803329467773438,0.07610499113798141,0.447118878364563,0.11599858105182648,0.5272875428199768
15.906000137329102,-15.753999710083008,0.7219980955123901,4.563577651977539,0.08138521760702133,0.19241821765899658,0.3642008304595947,0.028161901980638504
15.906000137329102,-14.753999710083008,0.9338611960411072,4.2063188552856445,0.32631638646125793,1.2296274900436401,0.020372390747070312,0.24432611465454102
15.906000137329102,-14.753999710083008,0.5864725708961487,3.821892261505127,0.034672122448682785,0.2788611948490143,0.10905837267637253,0.6976615190505981
15.906000137329102,-14.753999710083008,0.5952874422073364,4.015478134155273,0.033737488090991974,0.7991235256195068,0.31097015738487244,0.058012403547763824
15.906000137329102,-13.753999710083008,0.8574692010879517,4.187752723693848,0.2892102599143982,1.0168291330337524,0.14632579684257507,0.7996900677680969
15.906000137329102,-13.753999710083008,0.5523858666419983,2.1470835208892822,0.03380827605724335,0.5594512224197388,0.007833464071154594,0.07787953317165375
15.906000137329102,-13.753999710083008,0.6172511577606201,4.401824951171875,0.03327595442533493,1.2091896533966064,0.060344889760017395,0.12243034690618515
15.906000137329102,-12.753999710083008,0.7499144077301025,5.451566696166992,0.05371605232357979,1.2701210975646973,0.003283208003267646,0.7396441698074341
15.906000137329102,-12.753999710083008,0.7327117919921875,2.174914836883545,0.09253446012735367,0.1641780436038971,0.3442201018333435,0.11694379895925522
15.906000137329102,-12.753999710083008,0.9286931157112122,5.303585052490234,0.10104930400848389,0.0663880780339241,0.05353299528360367,0.14341196417808533
15.906000137329102,-11.753999710083008,0.8504437804222107,4.794519901275635,0.15666013956069946,2.4109208583831787,0.0030383544508367777,0.18537333607673645
15.906000137329102,-11.753999710083008,1.1031761169433594,2.4313955307006836,0.09442142397165298,0.027405565604567528,0.1020551547408104,0.30764660239219666
15.906000137329102,-11.753999710083008,1.116660237312317,5.490597248077393,0.08275957405567169,0.025869077071547508,-0.015327751636505127,0.5069800615310669
15.906000137329102,-10.753999710083008,1.0446734428405762,4.830201148986816,0.6866385340690613,2.9533352851867676,0.06024996191263199,0.04447152465581894
15.906000137329102,-10.753999710083008,1.1607621908187866,2.360226631164551,0.08482158184051514,0.025407765060663223,0.024532588198781013,0.386575311422348
15.906000137329102,-10.753999710083008,1.143635630607605,5.472528457641602,0.07962846755981445,0.03153667971491814,0.004968733061105013,0.5689531564712524
15.906000137329102,-9.753999710083008,1.0942633152008057,5.517395496368408,0.8189212679862976,3.0198724269866943,0.06359835714101791,0.05071447789669037
15.906000137329102,-9.753999710083008,1.1680314540863037,2.329190969467163,0.09833797812461853,0.029942946508526802,0.08663726598024368,0.3325352966785431
15.906000137329102,-9.753999710083008,1.1914105415344238,5.455981731414795,0.08320972323417664,0.029423238709568977,0.040205217897892,0.616750180721283
15.906000137329102,-8.753999710083008,0.9684078693389893,6.239588260650635,0.4086267352104187,3.551445722579956,0.024797674268484116,0.037216294556856155
15.906000137329102,-8.753999710083008,1.1783689260482788,2.3338351249694824,0.0884828269481659,0.025609824806451797,0.03757655993103981,0.27308741211891174
15.906000137329102,-8.753999710083008,1.173457145690918,5.44144868850708,0.08248965442180634,0.031489044427871704,0.021825259551405907,0.6896963119506836
15.906000137329102,-7.754000186920166,0.7757659554481506,5.498180389404297,0.04023294895887375,0.8576081395149231,0.015417768619954586,0.8943448066711426
15.906000137329102,-7.754000186920166,1.0253057479858398,1.7207019329071045,0.14554595947265625,0.15394696593284607,0.07900464534759521,0.08024988323450089
15.906000137329102,-7.754000186920166,1.080417513847351,5.6865081787109375,0.19487912952899933,0.09441877156496048,0.2274528592824936,0.02540528029203415
15.906000137329102,-6.754000186920166,1.0258362293243408,5.379652500152588,1.082179307937622,1.282940149307251,0.0612197145819664,0.010122926905751228
15.906000137329102,-6.754000186920166,0.6366772651672363,0.7250178456306458,0.030362749472260475,0.14336834847927094,-0.26723170280456543,0.9642554521560669
15.906000137329102,-6.754000186920166,0.9147850871086121,5.0612287521362305,0.47063323855400085,2.293743133544922,0.3592134416103363,0.025621553882956505
15.906000137329102,-5.754000186920166,0.8296032547950745,5.971944808959961,0.07451747357845306,0.5183612108230591,-0.21424297988414764,0.00767198670655489
15.906000137329102,-5.754000186920166,0.9113193154335022,1.6896777153015137,0.03639182075858116,0.017044737935066223,0.31908419728279114,0.9922288060188293
15.906000137329102,-5.754000186920166,0.8943153023719788,5.538879871368408,0.5348353385925293,2.5998077392578125,0.22578956186771393,9.922078606905416e-05
16.9060001373291,-15.753999710083008,0.8506059050559998,5.045007705688477,0.3375374972820282,0.35119515657424927,-0.0904122143983841,0.27170875668525696
16.9060001373291,-15.753999710083008,0.416568398475647,2.482419490814209,0.03473702818155289,0.755389392375946,0.21692635118961334,0.048139650374650955
16.9060001373291,-15.753999710083008,0.5466815829277039,4.172417640686035,0.022666912525892258,0.2512659728527069,0.23974505066871643,0.680151641368866
16.9060001373291,-14.753999710083008,0.8363162875175476,3.618955373764038,0.15527883172035217,0.8327332735061646,0.04463386535644531,0.2863064110279083
16.9060001373291,-14.753999710083008,0.5976201891899109,3.0014355182647705,0.04452591761946678,0.9180867671966553,0.013710612431168556,0.31164276599884033
16.9060001373291,-14.753999710083008,0.6250558495521545,4.760903835296631,0.02593388222157955,0.4604284465312958,0.08096981048583984,0.40205079317092896
16.9060001373291,-13.753999710083008,0.7368707656860352,5.024200439453125,0.07656966149806976,2.2289180755615234,0.060080014169216156,0.6193158030509949
16.9060001373291,-13.753999710083008,0.6178737282752991,2.7977969646453857,0.057727329432964325,0.09318304806947708,0.048474498093128204,0.14728334546089172
16.9060001373291,-13.753999710083008,0.8527849912643433,5.000929832458496,0.0785008892416954,0.12781165540218353,0.08623071759939194,0.23340092599391937
16.9060001373291,-12.753999710083008,0.9146231412887573,5.528376579284668,0.2597547769546509,2.1475422382354736,-0.017009325325489044,0.19148185849189758
16.9060001373291,-12.753999710083008,1.1712568998336792,2.5133473873138428,0.08988595753908157,0.021751074120402336,0.12977425754070282,0.3154834806919098
16.9060001373291,-12.753999710083008,1.2132900953292847,5.558237075805664,0.0989285334944725,0.02688749134540558,0.025157129392027855,0.4930347204208374
16.9060001373291,-11.753999710083008,1.0796165466308594,3.500638484954834,0.8345560431480408,2.7975058555603027,0.018853217363357544,0.045953650027513504
16.9060001373291,-11.753999710083008,1.3797647953033447,2.4744691848754883,0.15403728187084198,0.023739740252494812,0.21589770913124084,0.36806634068489075
16.9060001373291,-11.753999710083008,1.1823468208312988,5.486408233642578,0.07573627680540085,0.03221677616238594,-0.021259302273392677,0.5859799981117249
16.9060001373291,-10.753999710083008,1.1056450605392456,3.762824296951294,0.9678593873977661,3.013859272003174,0.05955717712640762,0.04182737320661545
16.9060001373291,-10.753999710083008,1.281381368637085,2.4066991806030273,0.1427159160375595,0.026677055284380913,0.13937243819236755,0.33056673407554626
16.9060001373291,-10.753999710083008,1.1885185241699219,5.477593898773193,0.09413023293018341,0.03971906378865242,0.009915768168866634,0.6276059150695801
16.9060001373291,-9.753999710083008,1.0426135063171387,4.792762756347656,0.7180178761482239,3.1929001808166504,0.051492080092430115,0.04204481467604637
16.9060001373291,-9.753999710083008,1.2227673530578613,2.3533074855804443,0.1146126240491867,0.024735016748309135,0.11437039077281952,0.3000844717025757
16.9060001373291,-9.753999710083008,1.1736570596694946,5.472778797149658,0.08116861432790756,0.026836102828383446,0.011136149987578392,0.6578707098960876
16.9060001373291,-8.753999710083008,0.8043496608734131,0.6329706907272339,0.09820742160081863,0.8800435066223145,0.011508302763104439,0.6726799607276917
16.9060001373291,-8.753999710083008,0.92232346534729,1.9498752355575562,0.1632944792509079,0.07259771972894669,0.029465647414326668,0.08643755316734314
16.9060001373291,-8.753999710083008,0.7826141715049744,5.819953441619873,0.062487781047821045,0.050895702093839645,0.16890732944011688,0.24088256061077118
16.9060001373291,-7.754000186920166,0.6629565954208374,1.1650786399841309,0.0745341032743454,0.9727894067764282,0.09948807954788208,0.10175479203462601
16.9060001373291,-7.754000186920166,1.0182340145111084,1.1197551488876343,0.19588632881641388,0.5509540438652039,0.23756438493728638,0.8954238295555115
16.9060001373291,-7.754000186920166,1.1362181901931763,1.001267671585083,0.9816851019859314,0.0794607475399971,0.3548077642917633,0.002821386093273759
17.9060001373291,-15.753999710083008,0.8655065894126892,5.586603164672852,0.09821700304746628,0.17002707719802856,0.022263145074248314,0.831926167011261
17.9060001373291,-15.753999710083008,0.5638473629951477,1.0088326930999756,0.05218685045838356,2.1135990619659424,0.26141583919525146,0.014303108677268028
17.9060001373291,-15.753999710083008,0.7286714911460876,4.843323707580566,0.05467892438173294,0.8138419389724731,0.1926693618297577,0.15377072989940643
17.9060001373291,-14.753999710083008,0.8605297207832336,3.2204160690307617,0.1911313831806183,1.1757534742355347,0.07231971621513367,0.19416901469230652
17.9060001373291,-14.753999710083008,0.45252525806427,2.2540276050567627,0.03669935092329979,1.531870722770691,0.10312023758888245,0.18108652532100677
17.9060001373291,-14.753999710083008,0.6418493390083313,4.658556938171387,0.017122704535722733,0.23475848138332367,0.043473925441503525,0.6247444748878479
17.9060001373291,-13.753999710083008,0.8402636051177979,4.642003536224365,0.15150144696235657,2.8333542346954346,-0.017598357051610947,0.20489279925823212
17.9060001373291,-13.753999710083008,1.0395680665969849,2.5698211193084717,0.08131008595228195,0.028633270412683487,0.13001392781734467,0.2834526598453522
17.9060001373291,-13.753999710083008,1.1619231700897217,5.73588752746582,0.09686743468046188,0.032639872282743454,-0.02127803862094879,0.5116544961929321
17.9060001373291,-12.753999710083008,0.9355453848838806,3.1572461128234863,0.3303377032279968,2.314398765563965,0.038068950176239014,0.04434667527675629
17.9060001373291,-12.753999710083008,1.1846927404403687,2.4889307022094727,0.0818161889910698,0.02588658779859543,0.1526358276605606,0.5022516250610352
17.9060001373291,-12.753999710083008,1.3456820249557495,5.650915622711182,0.13864555954933167,0.028973042964935303,-0.0739593580365181,0.45340171456336975
17.9060001373291,-11.753999710083008,1.0195138454437256,3.729557991027832,0.8015936017036438,2.057363510131836,0.04379646107554436,0.07896779477596283
17.9060001373291,-11.753999710083008,1.3257369995117188,2.481541395187378,0.1300961971282959,0.02730342000722885,0.17936578392982483,0.2621655762195587
17.9060001373291,-11.753999710083008,1.209862470626831,5.516009330749512,0.10924509167671204,0.055196940898895264,0.10302554816007614,0.6588665843009949
17.9060001373291,-10.753999710083008,0.9837076663970947,2.903867483139038,0.4235014021396637,1.8580405712127686,0.00015180699119810015,0.09734661132097244
17.9060001373291,-10.753999710083008,1.4090641736984253,2.4661691188812256,0.2079850435256958,0.020905977115035057,0.2508716285228729,0.22882676124572754
17.9060001373291,-10.753999710083008,1.2273739576339722,5.440734386444092,0.10931824892759323,0.02657875418663025,0.08708588778972626,0.6738266348838806
17.9060001373291,-9.753999710083008,0.762725293636322,0.7238271236419678,0.13074155151844025,1.9606820344924927,0.14604230225086212,0.3869491219520569
17.9060001373291,-9.753999710083008,0.6747812032699585,1.7060332298278809,0.08615303039550781,0.1789877712726593,0.06413980573415756,0.5807017087936401
17.9060001373291,-9.753999710083008,0.7914697527885437,6.089529037475586,0.20719633996486664,0.5246274471282959,0.1825593262910843,0.03234916180372238
17.9060001373291,-8.753999710083008,1.1120274066925049,0.48155879974365234,0.6387008428573608,0.8357589244842529,0.10316785424947739,0.17761346697807312
17.9060001373291,-8.753999710083008,0.7093321084976196,1.0047876834869385,0.034650932997465134,0.4495418071746826,0.3567395806312561,0.4988422989845276
17.9060001373291,-8.753999710083008,0.9059479832649231,0.7240817546844482,0.2038475126028061,0.1583765298128128,0.26980215311050415,0.3235442042350769
18.9060001373291,-15.753999710083008,0.8222838044166565,5.042634963989258,0.2708538770675659,0.5108133554458618,0.0033469107002019882,0.07659309357404709
18.9060001373291,-15.753999710083008,0.5214614272117615,1.620934009552002,0.054737213999032974,0.5909174084663391,-0.04675133153796196,0.003959956578910351
18.9060001373291,-15.753999710083008,0.6200318932533264,4.5723876953125,0.023517880588769913,0.27783381938934326,0.08012441545724869,0.9194469451904297
18.9060001373291,-14.753999710083008,0.7622290849685669,4.837730407714844,0.07506050169467926,1.8360345363616943,0.10384996980428696,0.4857335090637207
18.9060001373291,-14.753999710083008,0.8109580874443054,2.6241390705108643,0.09426745772361755,0.1297444999217987,0.13322526216506958,0.161295086145401
18.9060001373291,-14.753999710083008,0.9727977514266968,5.552106857299805,0.08350178599357605,0.05573960021138191,0.03586459159851074,0.3529713451862335
18.9060001373291,-13.753999710083008,0.9541985988616943,3.5030012130737305,0.37742307782173157,3.2407965660095215,0.04979804903268814,0.09491951763629913
18.9060001373291,-13.753999710083008,1.0523688793182373,2.495995044708252,0.05394674837589264,0.02352241240441799,-0.029537346214056015,0.47628772258758545
18.9060001373291,-13.753999710083008,1.1677131652832031,5.7229390144348145,0.08744434267282486,0.04039887338876724,-0.04520158842206001,0.42879271507263184
18.9060001373291,-12.753999710083008,1.0762593746185303,3.0958058834075928,1.1295357942581177,2.784529209136963,0.07474332302808762,0.025370975956320763
18.9060001373291,-12.753999710083008,1.0809186697006226,2.449791669845581,0.05186549946665764,0.023833654820919037,0.01950584352016449,0.4131109118461609
18.9060001373291,-12.753999710083008,1.2658995389938354,5.664458274841309,0.10753922164440155,0.034308794885873795,-0.05004902184009552,0.561518132686615
18.9060001373291,-11.753999710083008,0.9658029675483704,2.8971049785614014,0.5875252485275269,2.054427146911621,0.10814974457025528,0.06731106340885162
18.9060001373291,-11.753999710083008,1.0920894145965576,2.494358777999878,0.06497298181056976,0.024258170276880264,0.04045262560248375,0.303299218416214
18.9060001373291,-11.753999710083008,1.3841303586959839,5.663546085357666,0.1865418255329132,0.043951474130153656,0.09149926900863647,0.6293897032737732
18.9060001373291,-10.753999710083008,0.9042409062385559,1.9390974044799805,0.36575445532798767,1.8721768856048584,0.06595757603645325,0.3137798607349396
18.9060001373291,-10.753999710083008,0.8006899952888489,2.2619376182556152,0.08063163608312607,0.09970512986183167,0.0862061157822609,0.22304238379001617
18.9060001373291,-10.753999710083008,0.8729997873306274,5.839839935302734,0.07377050817012787,0.07240895181894302,0.028134971857070923,0.4631778299808502
18.9060001373291,-9.753999710083008,1.2696075439453125,0.9091430902481079,0.9885516166687012,0.3323427736759186,-0.020931456238031387,0.0682251825928688
18.9060001373291,-9.753999710083008,0.7346533536911011,0.260063111782074,0.02453465200960636,2.3626062870025635,0.3693637251853943,0.9240018129348755
18.9060001373291,-9.753999710083008,0.8259237408638,0.40559831261634827,0.1606636494398117,22.75146484375,0.09255176037549973,0.00777287594974041
18.9060001373291,-8.753999710083008,1.7465733289718628,0.8240653872489929,3.384737730026245,2.4161124229431152,0.25620290637016296,0.0032041112426668406
18.9060001373291,-8.753999710083008,1.0905718803405762,2.5261545181274414,0.05225757136940956,1.2793506383895874,0.515544056892395,0.10528774559497833
18.9060001373291,-8.753999710083008,1.539427638053894,0.17154258489608765,0.07336379587650299,0.0064582121558487415,0.028036203235387802,0.8915082216262817
19.9060001373291,-16.753999710083008,0.5615756511688232,3.467512607574463,0.02934092842042446,3.268357515335083,0.10630181431770325,0.12814250588417053
19.9060001373291,-16.753999710083008,0.5178635716438293,2.6925711631774902,0.008916604332625866,0.07596799731254578,-0.2212790846824646,0.834904670715332
19.9060001373291,-16.753999710083008,0.7694551944732666,4.579397678375244,0.11613557487726212,0.45377105474472046,0.41230326890945435,0.036952801048755646
19.9060001373291,-15.753999710083008,0.6646511554718018,4.211123943328857,0.11285700649023056,1.5778928995132446,0.04547658935189247,0.4009941816329956
19.9060001373291,-15.753999710083008,0.6268444657325745,2.6808130741119385,0.10294251143932343,0.30096718668937683,-0.07619632035493851,0.10465863347053528
19.9060001373291,-15.753999710083008,0.7499150633811951,4.784181594848633,0.06727293878793716,0.19414231181144714,0.027915123850107193,0.4943471848964691
19.9060001373291,-14.753999710083008,0.903997004032135,4.425266265869141,0.1969715654850006,3.2224700450897217,0.06797579675912857,0.12866835296154022
19.9060001373291,-14.753999710083008,1.1044728755950928,2.520233392715454,0.07634326070547104,0.0318637378513813,0.013450101017951965,0.3518926203250885
19.9060001373291,-14.753999710083008,1.0265809297561646,5.774402618408203,0.06468000262975693,0.050908081233501434,0.03925700485706329,0.5194390416145325
19.9060001373291,-13.753999710083008,1.120988130569458,3.706265687942505,1.2163112163543701,2.7864911556243896,0.095695860683918,0.060854699462652206
19.9060001373291,-13.753999710083008,1.1084176301956177,2.536133050918579,0.046678271144628525,0.027324441820383072,0.0615837499499321,0.4264202117919922
19.9060001373291,-13.753999710083008,1.1047351360321045,5.683562755584717,0.05837920680642128,0.0487666055560112,0.03743019327521324,0.5127251148223877
19.9060001373291,-12.753999710083008,0.9289779663085938,3.8613955974578857,0.3334163725376129,2.7910103797912598,0.0007381199975498021,0.16046465933322906
19.9060001373291,-12.753999710083008,1.0619956254959106,2.50356125831604,0.06186293438076973,0.028052179142832756,0.051264628767967224,0.29470402002334595
19.9060001373291,-12.753999710083008,1.092372179031372,5.676978588104248,0.07355906814336777,0.0371813029050827,-0.028465472161769867,0.5448313355445862
19.9060001373291,-11.753999710083008,0.8220787048339844,4.691882610321045,0.13563880324363708,2.5424423217773438,0.1352861523628235,0.31827008724212646
19.9060001373291,-11.753999710083008,0.9036575555801392,2.31593656539917,0.07647833228111267,0.06764870136976242,0.18967653810977936,0.31427866220474243
19.9060001373291,-11.753999710083008,1.059805154800415,5.54602575302124,0.11117576062679291,0.08502086997032166,0.15458394587039948,0.36745119094848633
19.9060001373291,-10.753999710083008,0.8052475452423096,0.9311565160751343,0.28634124994277954,0.9968889355659485,0.023792922496795654,0.21760782599449158
19.9060001373291,-10.753999710083008,0.5913474559783936,1.6946033239364624,0.034467391669750214,0.25512006878852844,0.3300289511680603,0.7057599425315857
19.9060001373291,-10.753999710083008,0.6141250729560852,0.7718251943588257,0.06475868076086044,0.3221966326236725,-0.08272863179445267,0.07663227617740631
19.9060001373291,-9.753999710083008,2.124732732772827,1.1135667562484741,8.179251670837402,0.044544678181409836,-0.20839963853359222,0.03650251403450966
19.9060001373291,-9.753999710083008,1.1677849292755127,0.11337722092866898,0.05768435075879097,42.97281265258789,0.3048875629901886,0.9350371360778809
19.9060001373291,-9.753999710083008,1.1090773344039917,5.449078559875488,0.34178486466407776,452.3279724121094,0.04912848025560379,0.02846040204167366
20.9060001373291,-18.753999710083008,0.9143965244293213,4.557773113250732,0.7876412272453308,2.639284372329712,0.07193218916654587,0.2411903291940689
20.9060001373291,-18.753999710083008,0.716606855392456,2.7112152576446533,0.04808051511645317,0.07066752761602402,0.11917699873447418,0.44791391491889954
20.9060001373291,-18.753999710083008,0.7794902324676514,5.082276344299316,0.05522643029689789,0.14156515896320343,0.1672889143228531,0.310895711183548
20.9060001373291,-17.753999710083008,0.9643778204917908,3.385406017303467,0.6499135494232178,0.983601987361908,0.06436097621917725,0.017021913081407547
20.9060001373291,-17.753999710083008,0.4178334176540375,2.8163678646087646,0.02319389022886753,1.0970871448516846,0.09679638594388962,0.049965132027864456
20.9060001373291,-17.753999710083008,0.5532576441764832,3.5574657917022705,0.016736438497900963,0.6056626439094543,0.21381403505802155,0.9330130219459534
20.9060001373291,-16.753999710083008,1.0287518501281738,3.7779626846313477,1.15385103225708,1.96150803565979,0.2135947197675705,0.0901479721069336
20.9060001373291,-16.753999710083008,0.5675146579742432,2.2779197692871094,0.013043620623648167,0.3304269015789032,-0.2253609597682953,0.6300438046455383
20.9060001373291,-16.753999710083008,0.6029794812202454,4.231908798217773,0.01844354160130024,0.19368213415145874,0.13221240043640137,0.27980828285217285
20.9060001373291,-15.753999710083008,0.8560186624526978,5.499495029449463,0.17935681343078613,2.4031450748443604,-0.0031368276104331017,0.08534330874681473
20.9060001373291,-15.753999710083008,1.0562411546707153,2.491527557373047,0.12221429497003555,0.0746757984161377,0.06282038241624832,0.3965943157672882
20.9060001373291,-15.753999710083008,1.1678359508514404,5.72107458114624,0.10336877405643463,0.044781289994716644,-0.08721952140331268,0.5180622935295105
20.9060001373291,-14.753999710083008,0.8848210573196411,4.276164531707764,0.1965775489807129,2.976130247116089,-0.00029006414115428925,0.11053765565156937
20.9060001373291,-14.753999710083008,1.1351580619812012,2.595714807510376,0.07333749532699585,0.022894898429512978,-0.009224244393408298,0.36956894397735596
20.9060001373291,-14.753999710083008,1.0834770202636719,5.801730155944824,0.06837895512580872,0.0413835346698761,-0.058246828615665436,0.5198934674263
20.9060001373291,-13.753999710083008,0.8999925255775452,4.165963649749756,0.29249244928359985,2.722179651260376,-0.02090252935886383,0.1022411361336708
20.9060001373291,-13.753999710083008,1.1425248384475708,2.596299886703491,0.07299475371837616,0.020937921479344368,0.09934817999601364,0.2966947555541992
20.9060001373291,-13.753999710083008,1.068324327468872,5.742877960205078,0.0687122642993927,0.047351982444524765,-0.03951993212103844,0.601064145565033
20.9060001373291,-12.753999710083008,0.896050751209259,5.5407633781433105,0.20707052946090698,2.4060065746307373,-0.027855174615979195,0.1622733175754547
20.9060001373291,-12.753999710083008,1.048873782157898,2.5544986724853516,0.06830208748579025,0.01759149879217148,0.187820702791214,0.3008241057395935
20.9060001373291,-12.753999710083008,1.0953936576843262,5.64939546585083,0.06665496528148651,0.03069138713181019,0.010780983604490757,0.5369026064872742
20.9060001373291,-11.753999710083008,0.8560754656791687,6.017664909362793,0.5053948163986206,1.3509154319763184,0.18473462760448456,0.11629966646432877
20.9060001373291,-11.753999710083008,0.6001278162002563,1.9596234560012817,0.031375136226415634,0.6430932879447937,-0.11620357632637024,0.7598884701728821
20.9060001373291,-11.753999710083008,0.6538079380989075,5.625205039978027,0.03326300159096718,0.7889624238014221,0.0611213743686676,0.12381188571453094
20.9060001373291,-10.753999710083008,1.0262079238891602,0.7928981184959412,0.33140701055526733,1.633723258972168,0.09356841444969177,0.18836994469165802
20.9060001373291,-10.753999710083008,0.7893218994140625,1.8026728630065918,0.14909733831882477,1.982309103012085,0.23543213307857513,0.44183534383773804
20.9060001373291,-10.753999710083008,0.9510011672973633,0.29098254442214966,0.11628153175115585,0.31551897525787354,-0.16014164686203003,0.3697947561740875
21.9060001373291,-19.753999710083008,0.7802665829658508,2.5390126705169678,0.2879136800765991,0.5393459796905518,0.16070321202278137,0.08178030699491501
21.9060001373291,-19.753999710083008,0.2580164074897766,2.6617019176483154,0.07904555648565292,6.1624674797058105,0.034998562186956406,0.005724235437810421
21.9060001373291,-19.753999710083008,0.5373805165290833,3.6277356147766113,0.014219087548553944,0.10427799075841904,0.12123982608318329,0.9124954342842102
21.9060001373291,-18.753999710083008,0.8372602462768555,5.192709922790527,0.36933284997940063,1.111485242843628,0.1379772126674652,0.15438055992126465
21.9060001373291,-18.753999710083008,0.47966456413269043,2.3128738403320312,0.05856570601463318,1.3228843212127686,0.003992101643234491,0.18059313297271729
21.9060001373291,-18.753999710083008,0.6570649147033691,4.353374481201172,0.029767360538244247,0.588206946849823,0.2522065043449402,0.6650262475013733
21.9060001373291,-17.753999710083008,0.9326581358909607,4.320798873901367,0.2686699330806732,0.852613091468811,0.11269785463809967,0.44479644298553467
21.9060001373291,-17.753999710083008,0.4479382634162903,2.313518524169922,0.03011142648756504,1.2556045055389404,0.2056902050971985,0.2791227698326111
21.9060001373291,-17.753999710083008,0.5992175340652466,4.334794044494629,0.024045979604125023,0.5743747353553772,0.2155582457780838,0.2760809063911438
21.9060001373291,-16.753999710083008,0.860596239566803,4.846583366394043,0.11688070744276047,1.9676939249038696,0.11292897164821625,0.2835545539855957
21.9060001373291,-16.753999710083008,0.8010634779930115,2.5214879512786865,0.08071888238191605,0.17147552967071533,0.20405037701129913,0.4869552552700043
21.9060001373291,-16.753999710083008,0.8802194595336914,5.173312187194824,0.08443330228328705,0.1603776514530182,0.03182040899991989,0.22949017584323883
21.9060001373291,-15.753999710083008,1.0393056869506836,3.7754530906677246,0.5156420469284058,2.782649040222168,0.08350363373756409,0.08572455495595932
21.9060001373291,-15.753999710083008,1.053557276725769,2.6679484844207764,0.06626324355602264,0.034154102206230164,0.08308408409357071,0.46542489528656006
21.9060001373291,-15.753999710083008,1.1905572414398193,5.828943729400635,0.08927847445011139,0.03467559441924095,-0.09240814298391342,0.4488505721092224
21.9060001373291,-14.753999710083008,0.8971392512321472,4.066679954528809,0.2636575698852539,3.389035224914551,0.04405498877167702,0.07696264982223511
21.9060001373291,-14.753999710083008,1.2187944650650024,2.670208215713501,0.08466310054063797,0.02200240083038807,0.028514057397842407,0.3455660939216614
21.9060001373291,-14.753999710083008,1.1570802927017212,5.817502021789551,0.07438059896230698,0.039274998009204865,-0.0216597318649292,0.5774711966514587
21.9060001373291,-13.753999710083008,0.8284710049629211,4.131757736206055,0.1557261347770691,3.1704344749450684,0.02326526865363121,0.05952760577201843
21.9060001373291,-13.753999710083008,1.2778966426849365,2.6283438205718994,0.11470674723386765,0.016612790524959564,0.18687495589256287,0.23819497227668762
21.9060001373291,-13.753999710083008,1.1248143911361694,5.7552385330200195,0.062103401869535446,0.029841886833310127,0.0017931624315679073,0.702277421951294
21.9060001373291,-12.753999710083008,0.8769618272781372,2.1868605613708496,0.1311575323343277,2.2453160285949707,-0.06960400193929672,0.6745127439498901
21.9060001373291,-12.753999710083008,0.7282003164291382,2.232438087463379,0.07303740084171295,0.10316779464483261,0.20544885098934174,0.1417841911315918
21.9060001373291,-12.753999710083008,0.781899631023407,5.678191661834717,0.06379469484090805,0.142331063747406,0.007413682993501425,0.18370309472084045
21.9060001373291,-11.753999710083008,0.8980612754821777,1.096096396446228,1.0055702924728394,1.5750490427017212,0.10026796162128448,0.010885387659072876
21.9060001373291,-11.753999710083008,0.5936735272407532,1.0574703216552734,0.026322970166802406,0.39638805389404297,0.05142458528280258,0.9882872700691223
21.9060001373291,-11.753999710083008,0.7639134526252747,0.6257914304733276,0.21955999732017517,16.65261459350586,0.05800871178507805,0.0008274061838164926
21.9060001373291,-10.753999710083008,1.1604973077774048,1.7854588031768799,1.9775034189224243,3.2957801818847656,0.06517469137907028,0.0007637529633939266
21.9060001373291,-10.753999710083008,0.9146907329559326,1.7837116718292236,0.1473432183265686,2.0468437671661377,0.12224040925502777,0.48480769991874695
21.9060001373291,-10.753999710083008,0.7940503358840942,5.300230503082275,0.062064412981271744,0.5602123737335205,-0.029125617817044258,0.5144285559654236
22.9060001373291,-19.753999710083008,0.8021457195281982,4.397751808166504,0.17419691383838654,1.6385289430618286,0.07415733486413956,0.4394337832927704
22.9060001373291,-19.753999710083008,0.4966457486152649,1.9176914691925049,0.07464177906513214,0.5698786377906799,0.24186894297599792,0.19055719673633575
22.9060001373291,-19.753999710083008,0.6309304237365723,4.6105265617370605,0.02940625324845314,0.1406979113817215,0.1839064657688141,0.3700089752674103
22.9060001373291,-18.753999710083008,0.8696258068084717,5.389194965362549,0.2672717273235321,0.9661590456962585,0.0757126584649086,0.10295278578996658
22.9060001373291,-18.753999710083008,0.5034932494163513,1.9898416996002197,0.032984260469675064,2.0236520767211914,-0.11033111810684204,0.10057580471038818
22.9060001373291,-18.753999710083008,0.6929017901420593,4.598457336425781,0.019233865663409233,0.2710336446762085,0.14621883630752563,0.7964714765548706
22.9060001373291,-17.753999710083008,0.9558729529380798,4.796906471252441,0.23516809940338135,1.4506962299346924,0.1558384746313095,0.23116649687290192
22.9060001373291,-17.753999710083008,0.6209352612495422,2.711491346359253,0.04545241966843605,1.0220650434494019,0.3160206973552704,0.6158607602119446
22.9060001373291,-17.753999710083008,0.6778010725975037,4.623325824737549,0.03018369898200035,0.18222564458847046,0.06791803240776062,0.1529727280139923
22.9060001373291,-16.753999710083008,0.9477052092552185,5.401407718658447,0.18072950839996338,2.143676996231079,-0.010132532566785812,0.2218329757452011
22.9060001373291,-16.753999710083008,1.0143026113510132,2.5585849285125732,0.10353938490152359,0.06377176195383072,0.27104291319847107,0.29115599393844604
22.9060001373291,-16.753999710083008,1.0238784551620483,5.763741970062256,0.08156111091375351,0.04677126929163933,-0.036944013088941574,0.4870109558105469
22.9060001373291,-15.753999710083008,1.0433506965637207,3.655646324157715,0.5318312644958496,2.6142749786376953,0.04468204826116562,0.09563683718442917
22.9060001373291,-15.753999710083008,1.0744719505310059,2.6561925411224365,0.06373386830091476,0.02489742822945118,0.06219349801540375,0.4098931550979614
22.9060001373291,-15.753999710083008,1.1745092868804932,5.874050617218018,0.08455079793930054,0.040224604308605194,-0.053819309920072556,0.4944699704647064
22.9060001373291,-14.753999710083008,0.9109299182891846,3.4617271423339844,0.2840080261230469,2.284219741821289,0.06246670335531235,0.12329517304897308
22.9060001373291,-14.753999710083008,1.178978443145752,2.6469533443450928,0.08194604516029358,0.023239899426698685,0.1065821647644043,0.28965887427330017
22.9060001373291,-14.753999710083008,1.250228762626648,5.854667663574219,0.0993209108710289,0.031700488179922104,0.010524949058890343,0.5870459675788879
22.9060001373291,-13.753999710083008,0.7475033402442932,4.790586948394775,0.09960728138685226,3.195857524871826,0.06285823881626129,0.18860937654972076
22.9060001373291,-13.753999710083008,1.1268198490142822,2.6431357860565186,0.13707281649112701,0.027512066066265106,0.1981193572282791,0.25520646572113037
22.9060001373291,-13.753999710083008,1.1471278667449951,5.823225498199463,0.08907207101583481,0.025652296841144562,0.08179570734500885,0.5561841726303101
22.9060001373291,-12.753999710083008,0.963895857334137,0.860899806022644,0.22079908847808838,1.910415530204773,0.0032239677384495735,0.6724250912666321
22.9060001373291,-12.753999710083008,0.6475705504417419,1.8754875659942627,0.07445279508829117,0.5587229132652283,-0.06513936072587967,0.22727712988853455
22.9060001373291,-12.753999710083008,0.740273118019104,5.24448299407959,0.13477823138237,1.3364347219467163,0.08018802106380463,0.10029777139425278
22.9060001373291,-11.753999710083008,0.8379226326942444,6.180603981018066,0.5264873504638672,0.6963631510734558,0.3799609839916229,0.0006222938536666334
22.9060001373291,-11.753999710083008,0.8127673268318176,0.7327152490615845,0.02187363989651203,0.039115939289331436,0.3720847964286804,0.9993769526481628
22.9060001373291,-11.753999710083008,0.7351117730140686,0.4283195734024048,1.108529806137085,7.953444004058838,0.1918860822916031,8.674798550600826e-07
23.9060001373291,-20.753999710083008,0.7975162267684937,4.693290710449219,0.023941630497574806,0.5289552211761475,0.00012891166261397302,0.9878589510917664
23.9060001373291,-20.753999710083008,0.7485971450805664,0.45074135065078735,0.3570992946624756,1.9643539190292358,-0.2581685483455658,0.001920466311275959
23.9060001373291,-20.753999710083008,0.9494763016700745,5.54754114151001,0.07766728103160858,0.3998558819293976,-0.06488041579723358,0.010220557451248169
23.9060001373291,-19.753999710083008,0.825469970703125,4.793394088745117,0.1391349583864212,2.934847831726074,0.008605320937931538,0.25482138991355896
23.9060001373291,-19.753999710083008,0.5731878876686096,1.3894773721694946,0.07935873419046402,0.7991618514060974,0.30707159638404846,0.14943289756774902
23.9060001373291,-19.753999710083008,0.6308675408363342,5.64476203918457,0.022077934816479683,0.11243586242198944,0.011394200846552849,0.5957456827163696
23.9060001373291,-18.753999710083008,0.7617165446281433,5.887542724609375,0.07772587239742279,0.8923925161361694,0.051084551960229874,0.5704024434089661
23.9060001373291,-18.753999710083008,0.679436445236206,1.8365520238876343,0.07160332053899765,0.5163675546646118,-0.11303886771202087,0.14847169816493988
23.9060001373291,-18.753999710083008,0.8231698274612427,5.518916606903076,0.08036739379167557,0.3415657877922058,-0.06904134899377823,0.28112584352493286
23.9060001373291,-17.753999710083008,0.9418091177940369,5.16616153717041,0.13191848993301392,2.0737481117248535,0.019857274368405342,0.3804725706577301
23.9060001373291,-17.753999710083008,1.0460200309753418,2.63291335105896,0.12600231170654297,0.2715015411376953,0.3544289171695709,0.4165267050266266
23.9060001373291,-17.753999710083008,0.9822354316711426,5.658173084259033,0.08995900303125381,0.07694203406572342,-0.16296270489692688,0.2030007392168045
23.9060001373291,-16.753999710083008,0.9799469709396362,3.4673964977264404,0.40181422233581543,2.694349527359009,0.03295189142227173,0.11296582967042923
23.9060001373291,-16.753999710083008,1.11933171749115,2.674684524536133,0.06927084922790527,0.019431686028838158,0.12653197348117828,0.4151245355606079
23.9060001373291,-16.753999710083008,1.080424427986145,5.874082088470459,0.06514833122491837,0.031038200482726097,-0.05644185468554497,0.4719095826148987
23.9060001373291,-15.753999710083008,1.1005958318710327,3.3848631381988525,1.0120549201965332,2.823803424835205,0.06023978441953659,0.04538002610206604
23.9060001373291,-15.753999710083008,1.0964034795761108,2.6547446250915527,0.058953654021024704,0.022623958066105843,0.056959185749292374,0.3644925653934479
23.9060001373291,-15.753999710083008,1.125662088394165,5.897185325622559,0.06830763816833496,0.03282390162348747,-0.03817019984126091,0.5901274085044861
23.9060001373291,-14.753999710083008,0.9381152391433716,4.250499248504639,0.27439263463020325,2.587395191192627,0.0538080558180809,0.07570980489253998
23.9060001373291,-14.753999710083008,1.079326868057251,2.650743007659912,0.07216201722621918,0.022548707202076912,0.13380204141139984,0.25648629665374756
23.9060001373291,-14.753999710083008,1.2919539213180542,5.874279975891113,0.10948427021503448,0.024151824414730072,0.01645585335791111,0.6678038835525513
23.9060001373291,-13.753999710083008,0.9081987142562866,5.43035888671875,0.4461064338684082,1.541386365890503,0.09387482702732086,0.058740757405757904
23.9060001373291,-13.753999710083008,0.4959624409675598,3.064890146255493,0.0600927360355854,0.7400446534156799,-0.020858606323599815,0.1397353559732437
23.9060001373291,-13.753999710083008,0.5762971043586731,3.941009998321533,0.02250606194138527,0.09758657217025757,0.2539170980453491,0.8015238642692566
23.9060001373291,-12.753999710083008,1.2345436811447144,1.8268158435821533,0.8270649909973145,0.8090032339096069,0.10953076183795929,0.6502551436424255
23.9060001373291,-12.753999710083008,0.7184461951255798,1.7642998695373535,0.08811420947313309,0.9799847602844238,0.06741838157176971,0.29927289485931396
23.9060001373291,-12.753999710083008,0.8183109760284424,5.65883731842041,0.2536657750606537,2.1024069786071777,0.05380001664161682,0.05047198385000229
24.9060001373291,-19.753999710083008,0.9044543504714966,5.031107425689697,0.13197599351406097,2.964141368865967,0.10712675005197525,0.0753803476691246
24.9060001373291,-19.753999710083008,0.6961576342582703,1.76321280002594,0.2138703465461731,0.646220326423645,0.23633870482444763,0.054239336401224136
24.9060001373291,-19.753999710083008,0.7881655693054199,5.28424072265625,0.05345120653510094,0.08674154430627823,0.025929922237992287,0.8703803420066833
24.9060001373291,-18.753999710083008,0.7161926031112671,0.2151471972465515,0.037124134600162506,1.8301525115966797,0.08139880001544952,0.4525865316390991
24.9060001373291,-18.753999710083008,0.7900792956352234,2.3136229515075684,0.1594427227973938,0.769100546836853,-0.15582478046417236,0.20851582288742065
24.9060001373291,-18.753999710083008,0.9700049757957458,5.6183552742004395,0.1496255099773407,0.2183520793914795,-0.11896117031574249,0.3388976752758026
24.9060001373291,-17.753999710083008,0.9238347411155701,4.772407531738281,0.18500080704689026,2.636775016784668,-0.02956099808216095,0.27802449464797974
24.9060001373291,-17.753999710083008,1.0989396572113037,2.853612184524536,0.10606502741575241,0.059670500457286835,0.1914999932050705,0.35987216234207153
24.9060001373291,-17.753999710083008,1.119188666343689,5.964754104614258,0.09901305288076401,0.045110296458005905,-0.13616116344928741,0.36210334300994873
24.9060001373291,-16.753999710083008,1.0718014240264893,3.2282698154449463,0.7181720733642578,2.46154522895813,0.022073712199926376,0.0760180652141571
24.9060001373291,-16.753999710083008,1.2589958906173706,2.6951708793640137,0.08175234496593475,0.015813548117876053,0.05145205929875374,0.45301011204719543
24.9060001373291,-16.753999710083008,1.1248987913131714,5.889607906341553,0.06549693644046783,0.030830983072519302,-0.011843821033835411,0.47097185254096985
24.9060001373291,-15.753999710083008,1.099116325378418,3.8060226440429688,0.9063853025436401,2.8107707500457764,0.04471998289227486,0.060022030025720596
24.9060001373291,-15.753999710083008,1.1781467199325562,2.659776210784912,0.07550030201673508,0.01905592530965805,0.06657161563634872,0.3118942379951477
24.9060001373291,-15.753999710083008,1.082686424255371,5.883410453796387,0.058367207646369934,0.030377620831131935,-0.027177387848496437,0.6280837655067444
24.9060001373291,-14.753999710083008,0.8891167044639587,4.821598052978516,0.2004205286502838,3.4129717350006104,0.055509209632873535,0.07397012412548065
24.9060001373291,-14.753999710083008,1.0889350175857544,2.6993906497955322,0.07678450644016266,0.019268665462732315,0.07863912731409073,0.27101022005081177
24.9060001373291,-14.753999710083008,1.1586694717407227,5.909059047698975,0.08287104964256287,0.02430032379925251,0.04196057468652725,0.6550197005271912
24.9060001373291,-13.753999710083008,1.156585693359375,0.7898705005645752,1.0857594013214111,1.6714028120040894,0.09641772508621216,0.10852304100990295
24.9060001373291,-13.753999710083008,0.6997323632240295,1.4100912809371948,0.08083445578813553,0.6867819428443909,0.19750583171844482,0.2762741446495056
24.9060001373291,-13.753999710083008,0.648473858833313,0.02635536715388298,0.03152824193239212,0.1685238778591156,0.02302304096519947,0.6152028441429138
24.9060001373291,-12.753999710083008,1.1547980308532715,1.2277015447616577,0.5983415842056274,0.4557376205921173,0.1070551797747612,0.22621235251426697
24.9060001373291,-12.753999710083008,0.7269246578216553,1.4461547136306763,0.07021822035312653,0.2425612509250641,0.20543088018894196,0.7511411309242249
24.9060001373291,-12.753999710083008,0.872074544429779,0.33134377002716064,0.4354623556137085,1.1489335298538208,0.07703718543052673,0.022646594792604446
25.9060001373291,-19.753999710083008,0.8175100684165955,4.312287330627441,0.13578137755393982,2.2312541007995605,0.18500161170959473,0.09240714460611343
25.9060001373291,-19.753999710083008,0.6697503924369812,2.042275905609131,0.17504315078258514,0.5229889154434204,0.14609813690185547,0.027576202526688576
25.9060001373291,-19.753999710083008,0.7511655688285828,4.922635555267334,0.03238314762711525,0.09050795435905457,0.19196929037570953,0.8800166249275208
25.9060001373291,-18.753999710083008,0.7205518484115601,5.791019916534424,0.05617181584239006,2.355302572250366,0.10362771898508072,0.31583306193351746
25.9060001373291,-18.753999710083008,0.6571475863456726,2.826045513153076,0.09903472661972046,0.9882515072822571,-0.0741289034485817,0.23351840674877167
25.9060001373291,-18.753999710083008,0.8318971395492554,5.5038299560546875,0.07008597254753113,0.1242331936955452,-0.03177560865879059,0.4506484866142273
25.9060001373291,-17.753999710083008,0.9441496133804321,4.298957347869873,0.29308831691741943,3.1853249073028564,-0.00539727509021759,0.09707215428352356
25.9060001373291,-17.753999710083008,1.1407113075256348,2.8180580139160156,0.0868111252784729,0.03536750376224518,0.16540077328681946,0.4254004657268524
25.9060001373291,-17.753999710083008,1.17412269115448,5.934722900390625,0.08405943959951401,0.039145421236753464,-0.10689536482095718,0.47752732038497925
25.9060001373291,-16.753999710083008,1.1208691596984863,4.309947967529297,0.7227057218551636,2.802126407623291,-0.01058641355484724,0.061416227370500565
25.9060001373291,-16.753999710083008,1.2306689023971558,2.7214114665985107,0.0686752125620842,0.020170455798506737,0.02607734501361847,0.39890360832214355
25.9060001373291,-16.753999710083008,1.2456815242767334,5.881469249725342,0.08141454309225082,0.029124869033694267,-0.04727419838309288,0.5396801829338074
25.9060001373291,-15.753999710083008,1.1163814067840576,4.297485828399658,0.7305757403373718,2.6641793251037598,0.0551149956882,0.06021314114332199
25.9060001373291,-15.753999710083008,1.2733161449432373,2.7141315937042236,0.08508819341659546,0.018746549263596535,0.06234116852283478,0.2885449230670929
25.9060001373291,-15.753999710083008,1.2251782417297363,5.902107238769531,0.07220618426799774,0.027998831123113632,0.032635398209095,0.6512418985366821
25.9060001373291,-14.753999710083008,0.827582061290741,5.227323055267334,0.11437511444091797,3.632981300354004,0.028861839324235916,0.12979669868946075
25.9060001373291,-14.753999710083008,1.093744158744812,2.6660044193267822,0.09313305467367172,0.02288290299475193,0.10326964408159256,0.2751617133617401
25.9060001373291,-14.753999710083008,1.020675539970398,5.956723213195801,0.06036737188696861,0.02840461954474449,0.07879244536161423,0.5950415730476379
25.9060001373291,-13.753999710083008,1.0698614120483398,1.3593038320541382,0.4887034595012665,0.8502241373062134,-0.11269737035036087,0.12561742961406708
25.9060001373291,-13.753999710083008,0.77201908826828,1.0773425102233887,0.04063579440116882,0.3021630644798279,0.6097878217697144,0.5318253636360168
25.9060001373291,-13.753999710083008,0.7382962107658386,1.2322101593017578,0.0783301442861557,0.14018264412879944,0.20538723468780518,0.3425571918487549
25.9060001373291,-12.753999710083008,1.2575105428695679,0.874432384967804,0.6139141917228699,0.786320686340332,0.10652220249176025,0.025445370003581047
25.9060001373291,-12.753999710083008,0.9676944017410278,1.2998842000961304,0.09770476073026657,0.06951544433832169,0.07527770847082138,0.9717091917991638
25.9060001373291,-12.753999710083008,0.8948484659194946,6.070106029510498,0.2758542001247406,0.773797869682312,0.08453885465860367,0.002845380688086152
26.9060001373291,-19.753999710083008,1.1420034170150757,4.931795120239258,1.067542552947998,1.5207796096801758,0.07963596284389496,0.00012759302626363933
26.9060001373291,-19.753999710083008,0.5551324486732483,0.870195746421814,0.13379181921482086,5.921914100646973,0.05076100677251816,1.5108316802070476e-05
26.9060001373291,-19.753999710083008,0.8819783329963684,5.501833915710449,0.007308934349566698,0.028308415785431862,0.014282545074820518,0.9998573064804077
26.9060001373291,-18.753999710083008,0.7689589858055115,3.8131978511810303,0.05516494810581207,1.5195080041885376,0.2239016592502594,0.5333779454231262
26.9060001373291,-18.753999710083008,0.6522206664085388,2.9992103576660156,0.08520195633172989,1.573249101638794,-0.05015818402171135,0.18377408385276794
26.9060001373291,-18.753999710083008,0.7138316035270691,5.297922611236572,0.03529179468750954,0.13942287862300873,0.056309908628463745,0.28284791111946106
26.9060001373291,-17.753999710083008,1.1492400169372559,4.191100120544434,1.173073649406433,2.920077085494995,0.05287780240178108,0.036654409021139145
26.9060001373291,-17.753999710083008,1.1459592580795288,2.8376572132110596,0.08648978918790817,0.05129013583064079,0.05500437691807747,0.46504539251327515
26.9060001373291,-17.753999710083008,1.2003928422927856,5.923107624053955,0.09222584217786789,0.04847240820527077,-0.07558610290288925,0.4983002841472626
26.9060001373291,-16.753999710083008,1.1986885070800781,4.825520992279053,1.063320279121399,2.7253754138946533,0.03736551105976105,0.03533834591507912
26.9060001373291,-16.753999710083008,1.1319446563720703,2.7553350925445557,0.06090093404054642,0.02894200198352337,0.05613642930984497,0.37519726157188416
26.9060001373291,-16.753999710083008,1.3253228664398193,5.875620365142822,0.1031690239906311,0.026137258857488632,-0.04232798144221306,0.5894644260406494
26.9060001373291,-15.753999710083008,1.0611308813095093,2.7610292434692383,0.5296788811683655,2.4897968769073486,0.09420867264270782,0.046833448112010956
26.9060001373291,-15.753999710083008,1.1890575885772705,2.72542667388916,0.06250832974910736,0.01891898550093174,-0.025204205885529518,0.29545077681541443
26.9060001373291,-15.753999710083008,1.351150393486023,5.911193370819092,0.09910263121128082,0.021281737834215164,0.020177029073238373,0.6577157378196716
26.9060001373291,-14.753999710083008,0.7454131841659546,1.1073850393295288,0.052388306707143784,1.9346137046813965,-0.08564633131027222,0.6802874207496643
26.9060001373291,-14.753999710083008,1.0025029182434082,2.1873559951782227,0.15060682594776154,0.06883601099252701,0.12924717366695404,0.0996033176779747
26.9060001373291,-14.753999710083008,1.0356348752975464,5.878543376922607,0.11064447462558746,0.06387604773044586,0.11096794158220291,0.2201092690229416
26.9060001373291,-13.753999710083008,1.032672643661499,1.1443638801574707,0.32076922059059143,0.5915123820304871,-0.17974995076656342,0.17855653166770935
26.9060001373291,-13.753999710083008,0.8422528505325317,0.7947902679443359,0.030871305614709854,0.332196980714798,0.7138453125953674,0.413739949464798
26.9060001373291,-13.753999710083008,0.8088193535804749,1.6219122409820557,0.09554669260978699,0.15759576857089996,0.2874900698661804,0.4077035188674927
27.9060001373291,-19.753999710083008,0.829064667224884,3.9520456790924072,0.08750928938388824,0.26202094554901123,-0.09284990280866623,0.0008303799550049007
27.9060001373291,-19.753999710083008,0.2975403666496277,1.5138819217681885,0.24749761819839478,48.96223831176758,0.018703972920775414,1.1815050271479777e-07
27.9060001373291,-19.753999710083008,0.48863524198532104,4.77606201171875,0.0029346998780965805,0.04455938935279846,-0.22380320727825165,0.9991694688796997
27.9060001373291,-18.753999710083008,0.7327458262443542,5.0932159423828125,0.05826443433761597,2.3306117057800293,0.06573250144720078,0.5724866390228271
27.9060001373291,-18.753999710083008,0.684306800365448,2.781575918197632,0.07781978696584702,0.5391217470169067,0.12963303923606873,0.21642817556858063
27.9060001373291,-18.753999710083008,0.8720737099647522,5.929773330688477,0.05777249112725258,0.104276642203331,-0.0034478327725082636,0.21108511090278625
27.9060001373291,-17.753999710083008,0.9869973659515381,5.88871431350708,0.30059510469436646,2.805084228515625,-0.001310465857386589,0.0657791793346405
27.9060001373291,-17.753999710083008,1.138314127922058,2.78800368309021,0.0725640282034874,0.034837864339351654,0.09404423087835312,0.4232245981693268
27.9060001373291,-17.753999710083008,1.1448278427124023,5.9689741134643555,0.07278207689523697,0.03344683721661568,-0.03530890867114067,0.5109962224960327
27.9060001373291,-16.753999710083008,1.111307144165039,4.396233558654785,0.7793370485305786,2.844895362854004,0.07244860380887985,0.036310091614723206
27.9060001373291,-16.753999710083008,1.0631695985794067,2.7579548358917236,0.061813972890377045,0.03374139219522476,0.029585689306259155,0.3390781283378601
27.9060001373291,-16.753999710083008,1.1898914575576782,5.954950332641602,0.08082200586795807,0.03326897323131561,-0.04381868243217468,0.6246117949485779
27.9060001373291,-15.753999710083008,0.8693848848342896,3.2731118202209473,0.15246139466762543,2.5530688762664795,0.11299458146095276,0.05077114328742027
27.9060001373291,-15.753999710083008,1.114629864692688,2.7848801612854004,0.07124418020248413,0.027325717732310295,-0.015311120077967644,0.2217881977558136
27.9060001373291,-15.753999710083008,1.3035074472427368,5.942131042480469,0.0974552258849144,0.019825847819447517,0.05731749162077904,0.7274406552314758
27.9060001373291,-14.753999710083008,0.9059263467788696,2.60262131690979,0.6516065001487732,1.9421581029891968,-0.01092416513711214,0.0744599774479866
27.9060001373291,-14.753999710083008,0.6521894931793213,1.534824252128601,0.05211737006902695,0.3905104696750641,-0.1398126631975174,0.92400723695755
27.9060001373291,-14.753999710083008,0.7781670689582825,5.209500312805176,0.1804935485124588,4.136702060699463,0.14984077215194702,0.0015327050350606441
28.9060001373291,-20.753999710083008,1.4395849704742432,4.026156425476074,5.641684055328369,0.7283487319946289,0.05413462594151497,0.2682885527610779
28.9060001373291,-20.753999710083008,0.2504810094833374,2.136643409729004,0.0041700853034853935,0.40411919355392456,0.022887229919433594,0.6418683528900146
28.9060001373291,-20.753999710083008,0.3913426399230957,2.3428196907043457,0.017281770706176758,7.119913101196289,0.5317222476005554,0.0898430123925209
28.9060001373291,-19.753999710083008,0.8422004580497742,4.870528221130371,0.16336366534233093,0.37693339586257935,-6.523769116029143e-05,0.5726404190063477
28.9060001373291,-19.753999710083008,0.3642762005329132,2.703699827194214,0.05826209858059883,1.3742307424545288,0.3083771765232086,0.011456150561571121
28.9060001373291,-19.753999710083008,0.4435983896255493,4.212162971496582,0.022942349314689636,0.14199396967887878,0.10111925005912781,0.4159035086631775
28.9060001373291,-18.753999710083008,0.764457643032074,5.520586967468262,0.1046886146068573,2.2983851432800293,0.036382339894771576,0.30076515674591064
28.9060001373291,-18.753999710083008,0.9989477396011353,2.743274211883545,0.178345188498497,0.11957554519176483,0.12743915617465973,0.3185347318649292
28.9060001373291,-18.753999710083008,1.1465554237365723,5.99854040145874,0.17242367565631866,0.06048252061009407,-0.10939568281173706,0.38070011138916016
28.9060001373291,-17.753999710083008,0.923572301864624,4.832555294036865,0.1392998993396759,2.6157357692718506,0.009012202732264996,0.09016849845647812
28.9060001373291,-17.753999710083008,1.2757515907287598,2.782646656036377,0.10545195639133453,0.03916844353079796,0.06149061769247055,0.4557037949562073
28.9060001373291,-17.753999710083008,1.1766935586929321,5.944448471069336,0.09345787018537521,0.03783232346177101,-0.07047724723815918,0.4541277587413788
28.9060001373291,-16.753999710083008,0.9412006139755249,4.54409122467041,0.3609086275100708,3.0866875648498535,0.11019113659858704,0.04422921687364578
28.9060001373291,-16.753999710083008,1.071812391281128,2.7813215255737305,0.07388238608837128,0.03831710293889046,-0.0026576598174870014,0.27396053075790405
28.9060001373291,-16.753999710083008,1.1447685956954956,5.975562572479248,0.07845302671194077,0.02816900983452797,-0.013094634748995304,0.6818103194236755
28.9060001373291,-15.753999710083008,0.7911543250083923,6.016584396362305,0.08435502648353577,2.8694615364074707,0.08085739612579346,0.23487454652786255
28.9060001373291,-15.753999710083008,0.9644901156425476,2.7474822998046875,0.060661233961582184,0.03987780958414078,0.12020640820264816,0.3402789235115051
28.9060001373291,-15.753999710083008,1.196775197982788,5.989290237426758,0.08918815851211548,0.02517607994377613,0.03633006289601326,0.42484650015830994
28.9060001373291,-14.753999710083008,1.242753505706787,0.37525567412376404,1.9719817638397217,1.3873119354248047,0.07625467330217361,0.06716138124465942
28.9060001373291,-14.753999710083008,0.7302296757698059,1.5317031145095825,0.03913228213787079,0.2103000283241272,-0.34421083331108093,0.9294236302375793
28.9060001373291,-14.753999710083008,0.9001873135566711,5.271106243133545,0.14181724190711975,2.9693710803985596,0.2173953652381897,0.003414957784116268
29.9060001373291,-21.753999710083008,1.0753543376922607,4.989963054656982,0.16134239733219147,0.16778464615345,-0.21864557266235352,0.9016583561897278
29.9060001373291,-21.753999710083008,0.5603438019752502,3.095517158508301,0.09482764452695847,1.0607465505599976,0.3981562554836273,0.0006915624253451824
29.9060001373291,-21.753999710083008,0.5953685641288757,3.5850539207458496,0.009261545725166798,0.24700656533241272,0.17690500617027283,0.09765014052391052
29.9060001373291,-20.753999710083008,1.2191970348358154,2.8850467205047607,0.4954262971878052,1.3548946380615234,0.10028549283742905,0.3181571960449219
29.9060001373291,-20.753999710083008,0.49181151390075684,3.83743953704834,0.0073117404244840145,0.2205195277929306,-0.04723956063389778,0.47343680262565613
29.9060001373291,-20.753999710083008,0.5624417066574097,3.273552894592285,0.011964837089180946,1.063260555267334,0.3368901014328003,0.20840606093406677
29.9060001373291,-19.753999710083008,0.8397428393363953,0.08077966421842575,0.20124760270118713,1.2840594053268433,0.07648590952157974,0.4863205850124359
29.9060001373291,-19.753999710083008,0.6422834992408752,1.836377739906311,0.11602689325809479,1.189375877380371,0.1020662784576416,0.08086878061294556
29.9060001373291,-19.753999710083008,0.6992442011833191,5.438647270202637,0.05205688998103142,0.28418272733688354,-0.019297530874609947,0.4328106939792633
29.9060001373291,-18.753999710083008,0.9784721732139587,4.847723007202148,0.26573625206947327,2.0634074211120605,-0.052769195288419724,0.12327945977449417
29.9060001373291,-18.753999710083008,1.3476805686950684,2.7259185314178467,0.18205125629901886,0.028522741049528122,0.24597032368183136,0.3903111219406128
29.9060001373291,-18.753999710083008,1.22963547706604,5.914609432220459,0.10680878907442093,0.03531620651483536,0.0045672147534787655,0.4864094853401184
29.9060001373291,-17.753999710083008,1.160088062286377,4.158877372741699,0.8158749341964722,2.338317394256592,0.01769828237593174,0.026851169764995575
29.9060001373291,-17.753999710083008,1.2765716314315796,2.732459783554077,0.10142768174409866,0.021246422082185745,0.0595678947865963,0.3803979456424713
29.9060001373291,-17.753999710083008,1.1504064798355103,6.016158103942871,0.06867105513811111,0.033936891704797745,-0.05956043303012848,0.5927508473396301
29.9060001373291,-16.753999710083008,1.0956716537475586,2.7618408203125,0.7933361530303955,3.4590508937835693,0.12891870737075806,0.02432314120233059
29.9060001373291,-16.753999710083008,1.237568736076355,2.7325260639190674,0.09526440501213074,0.02215525694191456,0.004670828115195036,0.21293935179710388
29.9060001373291,-16.753999710083008,1.1198201179504395,5.9796576499938965,0.056880488991737366,0.02959125116467476,-0.031146490946412086,0.762737512588501
29.9060001373291,-15.753999710083008,0.7432436943054199,5.679593086242676,0.05708961933851242,2.813537120819092,0.12119193375110626,0.4593020975589752
29.9060001373291,-15.753999710083008,0.6927608847618103,2.7289319038391113,0.062446095049381256,0.2410823106765747,0.13722731173038483,0.38756874203681946
29.9060001373291,-15.753999710083008,0.9309960007667542,5.832395553588867,0.09278604388237,0.06707429885864258,-0.04826448857784271,0.15312914550304413
29.9060001373291,-14.753999710083008,1.0098631381988525,1.3709161281585693,1.943574070930481,2.106889247894287,0.01609233021736145,0.010904713533818722
29.9060001373291,-14.753999710083008,0.5423550605773926,1.3560134172439575,0.037814971059560776,0.13698503375053406,-0.1870788335800171,0.9883946180343628
29.9060001373291,-14.753999710083008,0.6936155557632446,4.578435897827148,0.22667545080184937,7.960455894470215,0.38436099886894226,0.0007007092353887856
30.9060001373291,-21.753999710083008,1.1411073207855225,4.423670768737793,0.3944023847579956,0.32924753427505493,-0.15820220112800598,0.6656544208526611
30.9060001373291,-21.753999710083008,0.7129046320915222,2.8954222202301025,0.13575367629528046,1.0738542079925537,0.35699450969696045,0.003611077321693301
30.9060001373291,-21.753999710083008,0.6634253859519958,4.437985897064209,0.01689162477850914,0.20374737679958344,0.21671801805496216,0.330734521150589
30.9060001373291,-20.753999710083008,1.0554289817810059,4.344043254852295,0.4601860046386719,4.2603254318237305,0.34195050597190857,0.2578367590904236
30.9060001373291,-20.753999710083008,0.6211437582969666,3.4371821880340576,0.02592102438211441,0.24395959079265594,-0.007921971380710602,0.6758591532707214
30.9060001373291,-20.753999710083008,0.6931960582733154,5.724619388580322,0.03256622701883316,0.5285719037055969,-0.08971881121397018,0.06630416214466095
30.9060001373291,-19.753999710083008,0.9977895021438599,5.8745856285095215,0.12499994039535522,1.9506635665893555,0.014369678683578968,0.32473117113113403
30.9060001373291,-19.753999710083008,1.2301257848739624,2.921546459197998,0.33125224709510803,0.23004528880119324,0.07641351222991943,0.412346214056015
30.9060001373291,-19.753999710083008,1.3656750917434692,5.773202896118164,0.2689255177974701,0.05795089155435562,-0.02692217379808426,0.26292258501052856
30.9060001373291,-18.753999710083008,1.1866590976715088,3.359156608581543,0.7257767915725708,1.7117999792099,-0.02316455729305744,0.14249193668365479
30.9060001373291,-18.753999710083008,1.4186137914657593,2.760805606842041,0.17902782559394836,0.02425382286310196,0.12116730958223343,0.43316158652305603
30.9060001373291,-18.753999710083008,1.377963662147522,5.862137317657471,0.1218264102935791,0.02426893077790737,-0.0038236977998167276,0.4243465065956116
30.9060001373291,-17.753999710083008,1.2973766326904297,4.0372514724731445,1.5149422883987427,2.6247329711914062,0.050438784062862396,0.08932854235172272
30.9060001373291,-17.753999710083008,1.3649598360061646,2.76224946975708,0.14561472833156586,0.027548573911190033,0.05748877301812172,0.34836527705192566
30.9060001373291,-17.753999710083008,1.3076242208480835,5.900059700012207,0.0893525779247284,0.025254691019654274,0.01919086091220379,0.5623061656951904
30.9060001373291,-16.753999710083008,0.9634191393852234,2.8539326190948486,0.32280606031417847,2.904717445373535,0.09711907058954239,0.042403917759656906
30.9060001373291,-16.753999710083008,1.3259649276733398,2.7412760257720947,0.1392323076725006,0.02039630152285099,0.11816707998514175,0.15750519931316376
30.9060001373291,-16.753999710083008,1.169594407081604,6.009552955627441,0.06890300661325455,0.02548476681113243,0.03057223930954933,0.8000908493995667
30.9060001373291,-15.753999710083008,0.8704969882965088,5.334493637084961,0.40546754002571106,1.781801462173462,0.05338415876030922,0.1173144280910492
30.9060001373291,-15.753999710083008,0.6153462529182434,1.6325559616088867,0.047197386622428894,0.9820968508720398,0.18753160536289215,0.20403966307640076
30.9060001373291,-15.753999710083008,0.6337314248085022,5.208437919616699,0.032584741711616516,0.23468953371047974,0.11119073629379272,0.6786458492279053
30.9060001373291,-14.753999710083008,0.9932122230529785,2.5948357582092285,1.1357312202453613,1.2295911312103271,0.0791630819439888,0.017730729654431343
30.9060001373291,-14.753999710083008,0.5729867815971375,1.0330253839492798,0.03233186900615692,0.17308765649795532,-0.15720781683921814,0.9804917573928833
30.9060001373291,-14.753999710083008,0.7398425936698914,5.456699371337891,0.27380505204200745,8.031058311462402,0.3680167496204376,0.0017776105087250471
31.9060001373291,-23.753999710083008,0.8911104202270508,1.464269995689392,0.14259378612041473,1.0548388957977295,0.09085512906312943,0.08458442986011505
31.9060001373291,-23.753999710083008,0.7194271087646484,0.06661343574523926,0.22390346229076385,1.451242446899414,0.2813001275062561,0.015341080725193024
31.9060001373291,-23.753999710083008,0.7076672315597534,5.301294326782227,0.02699781022965908,0.20571480691432953,0.05277084559202194,0.9000744819641113
31.9060001373291,-22.753999710083008,1.1816866397857666,3.3512113094329834,0.30403974652290344,0.29032111167907715,0.2197260707616806,0.10014478862285614
31.9060001373291,-22.753999710083008,0.6580808758735657,0.9486836791038513,0.03688277304172516,1.4193559885025024,-0.11197753250598907,0.0031573171727359295
31.9060001373291,-22.753999710083008,0.6191653609275818,3.925823211669922,0.027940696105360985,0.3371301293373108,0.11260641366243362,0.8966978788375854
31.9060001373291,-21.753999710083008,1.005128264427185,4.617269039154053,0.1700185090303421,0.5299448370933533,-0.09677843749523163,0.37801694869995117
31.9060001373291,-21.753999710083008,0.6640304327011108,2.538936138153076,0.07352026551961899,1.306436538696289,0.2243480384349823,0.01522957906126976
31.9060001373291,-21.753999710083008,0.6429990530014038,4.277129173278809,0.015119325369596481,0.22780917584896088,0.2557893395423889,0.6067535281181335
31.9060001373291,-20.753999710083008,1.0996007919311523,4.080245018005371,1.1661970615386963,4.029885768890381,0.33737820386886597,0.13399864733219147
31.9060001373291,-20.753999710083008,0.5033113360404968,2.8685052394866943,0.035954251885414124,1.8372721672058105,-0.0753202959895134,0.6096128821372986
31.9060001373291,-20.753999710083008,0.6833876371383667,5.288989067077637,0.03796469420194626,0.9716367125511169,0.023598315194249153,0.25638845562934875
31.9060001373291,-19.753999710083008,1.0880823135375977,5.556613445281982,0.28838950395584106,2.831770420074463,-0.04550302028656006,0.04323690012097359
31.9060001373291,-19.753999710083008,1.2359504699707031,2.8330798149108887,0.12001509964466095,0.04480230435729027,0.06245434656739235,0.5475984215736389
31.9060001373291,-19.753999710083008,1.5205098390579224,5.843789100646973,0.22234559059143066,0.02156633511185646,-0.0672500729560852,0.4091646373271942
31.9060001373291,-18.753999710083008,1.2172622680664062,2.9632418155670166,1.155980110168457,1.8873454332351685,0.020861821249127388,0.05360604450106621
31.9060001373291,-18.753999710083008,1.3281340599060059,2.76238751411438,0.14662407338619232,0.031655535101890564,0.05309443548321724,0.3848872184753418
31.9060001373291,-18.753999710083008,1.3604869842529297,5.896418571472168,0.1435391753911972,0.03318984434008598,-0.02690470591187477,0.5615066885948181
31.9060001373291,-17.753999710083008,1.2842158079147339,4.415474891662598,1.749360203742981,2.4837677478790283,0.059817299246788025,0.0431736595928669
31.9060001373291,-17.753999710083008,1.3097482919692993,2.8433687686920166,0.1383344531059265,0.0477164052426815,0.027646150439977646,0.32958686351776123
31.9060001373291,-17.753999710083008,1.361034631729126,5.920048713684082,0.11787335574626923,0.035090379416942596,-0.0174612645059824,0.627239465713501
31.9060001373291,-16.753999710083008,0.8520607948303223,3.460798978805542,0.1929740011692047,2.3425848484039307,0.08111286908388138,0.04849167913198471
31.9060001373291,-16.753999710083008,1.1923953294754028,2.783282518386841,0.11566846072673798,0.033235423266887665,0.06368669867515564,0.16041958332061768
31.9060001373291,-16.753999710083008,1.209248423576355,5.9933319091796875,0.09303360432386398,0.03406144678592682,-0.019381070509552956,0.7910887598991394
31.9060001373291,-15.753999710083008,1.2025901079177856,0.831333339214325,1.0832328796386719,1.8200058937072754,-0.015331410802900791,0.32833340764045715
31.9060001373291,-15.753999710083008,0.7429335713386536,1.45195734500885,0.16243883967399597,1.0303317308425903,0.4073243737220764,0.06393831968307495
31.9060001373291,-15.753999710083008,0.6887584924697876,5.997960090637207,0.03922348469495773,0.130376398563385,0.06320936232805252,0.6077283620834351
31.9060001373291,-14.753999710083008,1.2985814809799194,0.40442028641700745,0.912559449672699,1.3395742177963257,-0.051847606897354126,0.15777376294136047
31.9060001373291,-14.753999710083008,0.8760230541229248,0.7692111730575562,0.12006856501102448,0.493129163980484,0.30523237586021423,0.06293732672929764
31.9060001373291,-14.753999710083008,0.9920205473899841,0.4435049295425415,0.0991763323545456,0.058768998831510544,0.06865400820970535,0.7792888879776001
32.90599822998047,-22.753999710083008,0.7938472032546997,5.938257217407227,0.15779492259025574,1.2920410633087158,0.07977515459060669,0.6878432631492615
32.90599822998047,-22.753999710083008,0.5442641377449036,2.8933217525482178,0.25184276700019836,1.5364478826522827,0.26124438643455505,0.01676700823009014
32.90599822998047,-22.753999710083008,0.8231147527694702,4.984170913696289,0.14104308187961578,0.11149777472019196,0.25494056940078735,0.29538971185684204
32.90599822998047,-21.753999710083008,0.7717421650886536,5.396878719329834,0.08822109550237656,0.7205686569213867,-0.14523625373840332,0.10836003720760345
32.90599822998047,-21.753999710083008,0.584892749786377,2.8467111587524414,0.021857062354683876,0.31231045722961426,-0.11172524094581604,0.044726233929395676
32.90599822998047,-21.753999710083008,0.6308963894844055,3.739675521850586,0.008188351057469845,0.33683785796165466,0.09661058336496353,0.846913754940033
32.90599822998047,-20.753999710083008,0.7583248019218445,3.754829168319702,0.1736917495727539,1.9572734832763672,0.15039823949337006,0.32868197560310364
32.90599822998047,-20.753999710083008,0.48695051670074463,2.6278092861175537,0.058341220021247864,1.4124473333358765,0.051158756017684937,0.20616726577281952
32.90599822998047,-20.753999710083008,0.6886546015739441,4.496479511260986,0.03245564177632332,0.39524582028388977,0.11665346473455429,0.4651508033275604
32.90599822998047,-19.753999710083008,0.9521738290786743,4.433675765991211,0.24447713792324066,2.5416362285614014,-0.019646210595965385,0.12781231105327606
32.90599822998047,-19.753999710083008,1.0508216619491577,2.7381553649902344,0.07233072072267532,0.0360112264752388,0.09891974180936813,0.4429134130477905
32.90599822998047,-19.753999710083008,1.3655610084533691,5.930445194244385,0.16556726396083832,0.02061391994357109,-0.0347452275454998,0.4292742908000946
32.90599822998047,-18.753999710083008,1.1468009948730469,3.9232163429260254,0.8621882200241089,3.026548385620117,0.07546622306108475,0.033199045807123184
32.90599822998047,-18.753999710083008,1.1495980024337769,2.857337474822998,0.07063045352697372,0.039875708520412445,0.08685094118118286,0.4020712673664093
32.90599822998047,-18.753999710083008,1.3804919719696045,5.963078022003174,0.13289307057857513,0.026311812922358513,-0.0916760265827179,0.5647296905517578
32.90599822998047,-17.753999710083008,1.121190071105957,5.53160285949707,0.7749390602111816,2.8260550498962402,0.04986002668738365,0.029028860852122307
32.90599822998047,-17.753999710083008,1.1269079446792603,2.9495532512664795,0.083981953561306,0.07372458279132843,0.02965855970978737,0.34828680753707886
32.90599822998047,-17.753999710083008,1.4215503931045532,5.981006622314453,0.1424630582332611,0.027893783524632454,-0.08685342967510223,0.6226843595504761
32.90599822998047,-16.753999710083008,0.6974326372146606,5.946479797363281,0.1303461194038391,2.2988522052764893,0.07381602376699448,0.31437864899635315
32.90599822998047,-16.753999710083008,0.5661189556121826,3.1210246086120605,0.03205181285738945,0.4802885055541992,0.0039244419895112514,0.5779092907905579
32.90599822998047,-16.753999710083008,0.7804573774337769,6.237285137176514,0.04017183557152748,0.32363444566726685,-0.1706944704055786,0.1077120304107666
32.90599822998047,-15.753999710083008,1.3111860752105713,1.1183398962020874,1.119781494140625,1.2122607231140137,0.09742652624845505,0.20553810894489288
32.90599822998047,-15.753999710083008,0.7633853554725647,1.4153316020965576,0.44167813658714294,1.5905177593231201,0.2882615327835083,0.004461422096937895
32.90599822998047,-15.753999710083008,0.6743238568305969,0.2372901439666748,0.04952162504196167,0.05442168191075325,-0.23305441439151764,0.7900005578994751
33.90599822998047,-22.753999710083008,0.923405647277832,5.6599884033203125,0.37383341789245605,0.8663607835769653,0.09579604864120483,0.5046919584274292
33.90599822998047,-22.753999710083008,0.6189976930618286,3.579867362976074,0.1918996274471283,1.3842127323150635,0.15764734148979187,0.02673821896314621
33.90599822998047,-22.753999710083008,0.9130182862281799,4.88792610168457,0.12652023136615753,0.1133933812379837,0.185417041182518,0.468569815158844
33.90599822998047,-21.753999710083008,0.6278409957885742,4.915122032165527,0.05814583972096443,0.9232663512229919,-0.052847690880298615,0.14525815844535828
33.90599822998047,-21.753999710083008,0.5051847100257874,2.553145170211792,0.029093928635120392,1.153511643409729,-0.1238265186548233,0.2552458941936493
33.90599822998047,-21.753999710083008,0.6345294117927551,4.172840118408203,0.02053259313106537,0.7261577248573303,0.09950552880764008,0.5994959473609924
33.90599822998047,-20.753999710083008,0.7657957673072815,5.950953006744385,0.10054099559783936,3.2771880626678467,0.07099584490060806,0.3283976912498474
33.90599822998047,-20.753999710083008,1.0073661804199219,2.592959403991699,0.13187719881534576,0.09806694090366364,0.159511536359787,0.4444299340248108
33.90599822998047,-20.753999710083008,1.0795470476150513,5.711088180541992,0.13121290504932404,0.08082595467567444,0.08311501890420914,0.2271723747253418
33.90599822998047,-19.753999710083008,0.9902020692825317,4.501099586486816,0.46367090940475464,3.0516104698181152,0.02428514137864113,0.08013716340065002
33.90599822998047,-19.753999710083008,1.1138899326324463,2.7815515995025635,0.09128709137439728,0.03746766597032547,0.038799744099378586,0.43069520592689514
33.90599822998047,-19.753999710083008,1.1603647470474243,5.955142021179199,0.10921964794397354,0.02808869257569313,0.031168300658464432,0.48916760087013245
33.90599822998047,-18.753999710083008,1.0706028938293457,4.6998066902160645,0.47308415174484253,2.2394816875457764,0.06353088468313217,0.09029368311166763
33.90599822998047,-18.753999710083008,1.0710676908493042,2.8737435340881348,0.07115054875612259,0.07168848812580109,0.11726944893598557,0.31708604097366333
33.90599822998047,-18.753999710083008,1.211130976676941,6.069605827331543,0.0975484624505043,0.03912319615483284,0.02315431833267212,0.592620313167572
33.90599822998047,-17.753999710083008,0.9949660897254944,6.240015506744385,0.4206666052341461,2.580814838409424,0.04846514016389847,0.04310100898146629
33.90599822998047,-17.753999710083008,1.055519700050354,2.9853780269622803,0.08750408887863159,0.07076012343168259,0.013134528882801533,0.2512696087360382
33.90599822998047,-17.753999710083008,1.2662075757980347,6.09534215927124,0.10116308927536011,0.022886013612151146,0.005310954991728067,0.7056293487548828
33.90599822998047,-16.753999710083008,0.7966174483299255,0.22402457892894745,0.18237510323524475,1.9593229293823242,0.11329013854265213,0.2708151042461395
33.90599822998047,-16.753999710083008,0.5212627053260803,3.4006474018096924,0.0319482795894146,1.363452672958374,-0.11065834015607834,0.410205602645874
33.90599822998047,-16.753999710083008,0.6652169227600098,6.077436923980713,0.022951126098632812,0.4454839825630188,-0.06938964873552322,0.31897932291030884
33.90599822998047,-15.753999710083008,1.2293859720230103,1.6939767599105835,1.1827110052108765,1.399187684059143,0.10585500299930573,0.36976420879364014
33.90599822998047,-15.753999710083008,0.6905982494354248,1.69283127784729,0.23860977590084076,2.535043954849243,0.13607287406921387,0.0346810445189476
33.90599822998047,-15.753999710083008,0.6325944662094116,0.037701722234487534,0.04260173812508583,0.1223737820982933,-0.17404703795909882,0.5955546498298645
34.90599822998047,-22.753999710083008,1.0079246759414673,4.0398101806640625,1.0280108451843262,0.991885244846344,0.22097192704677582,0.061426792293787
34.90599822998047,-22.753999710083008,0.5600677728652954,4.160515308380127,0.17152121663093567,1.8089274168014526,0.0024303896352648735,0.013550900854170322
34.90599822998047,-22.753999710083008,0.7003153562545776,4.599679470062256,0.07365000247955322,0.18336036801338196,0.09547064453363419,0.925022304058075
34.90599822998047,-21.753999710083008,0.8131169080734253,4.35274600982666,0.16584889590740204,2.7238824367523193,0.0845903754234314,0.2003098428249359
34.90599822998047,-21.753999710083008,0.5699633955955505,1.796662449836731,0.016277749091386795,0.33046382665634155,-0.04322971776127815,0.7084018588066101
34.90599822998047,-21.753999710083008,0.7071597576141357,5.675516605377197,0.0341796837747097,0.5994494557380676,0.11150714010000229,0.091288261115551
34.90599822998047,-20.753999710083008,0.8937537670135498,5.732785224914551,0.14044152200222015,2.901393175125122,-0.008902771398425102,0.14229966700077057
34.90599822998047,-20.753999710083008,1.2206566333770752,2.8006324768066406,0.13412421941757202,0.040287770330905914,0.16157303750514984,0.3880535066127777
34.90599822998047,-20.753999710083008,1.2800759077072144,5.92216682434082,0.132883220911026,0.028747105970978737,-0.03985852375626564,0.4696468114852905
34.90599822998047,-19.753999710083008,1.0733811855316162,4.0357770919799805,0.4302171766757965,2.869410753250122,0.05774391070008278,0.03320935741066933
34.90599822998047,-19.753999710083008,1.2267353534698486,2.8079986572265625,0.10026666522026062,0.03568718954920769,0.10387193411588669,0.4256798028945923
34.90599822998047,-19.753999710083008,1.166844367980957,5.97035026550293,0.0728338286280632,0.030016912147402763,0.0031286661978811026,0.5411108732223511
34.90599822998047,-18.753999710083008,1.1394915580749512,5.319986820220947,0.7596147060394287,2.2157821655273438,0.07081609219312668,0.04733758047223091
34.90599822998047,-18.753999710083008,1.104099988937378,2.83451509475708,0.06768116354942322,0.0542960986495018,0.14148950576782227,0.33533018827438354
34.90599822998047,-18.753999710083008,1.1816599369049072,6.029841899871826,0.07597412168979645,0.032331645488739014,0.09440307319164276,0.6173322200775146
34.90599822998047,-17.753999710083008,0.9824037551879883,0.048387814313173294,0.35248711705207825,2.570646047592163,0.08184074610471725,0.05367361381649971
34.90599822998047,-17.753999710083008,1.1415668725967407,2.952507972717285,0.11050714552402496,0.06099192798137665,0.06552410870790482,0.2524773180484772
34.90599822998047,-17.753999710083008,1.137037992477417,6.127679824829102,0.06525727361440659,0.023318223655223846,0.08668048679828644,0.6938490271568298
34.90599822998047,-16.753999710083008,0.8513216972351074,1.6173646450042725,0.27298688888549805,2.0594358444213867,0.032646648585796356,0.2680349051952362
34.90599822998047,-16.753999710083008,0.5458406209945679,2.3317348957061768,0.040799450129270554,1.4248701333999634,0.0615495890378952,0.5216006636619568
34.90599822998047,-16.753999710083008,0.6291170120239258,0.338980495929718,0.033877868205308914,0.4970792829990387,0.06683099269866943,0.2103644609451294
34.90599822998047,-15.753999710083008,1.0245651006698608,6.128864765167236,1.2731208801269531,0.8397473692893982,0.15753480792045593,0.03061644360423088
34.90599822998047,-15.753999710083008,0.6115119457244873,0.43290701508522034,0.03255182132124901,0.38829484581947327,-0.006461349781602621,0.9654747247695923
34.90599822998047,-15.753999710083008,0.6356299519538879,0.6994154453277588,0.12950082123279572,2.85166072845459,0.15411318838596344,0.003908828366547823
35.90599822998047,-23.753999710083008,0.8225185871124268,4.65241813659668,0.17053185403347015,0.8305545449256897,-0.03334151580929756,0.6827965378761292
35.90599822998047,-23.753999710083008,0.6282618045806885,3.2674930095672607,0.28834888339042664,1.022193431854248,-0.018116330727934837,0.014817004092037678
35.90599822998047,-23.753999710083008,0.7432719469070435,4.616672515869141,0.07987882196903229,0.09842750430107117,0.03988412395119667,0.30238643288612366
35.90599822998047,-22.753999710083008,1.1815919876098633,4.2050652503967285,1.1442303657531738,2.299041271209717,0.21324855089187622,0.14615494012832642
35.90599822998047,-22.753999710083008,0.6003426313400269,4.364975929260254,0.09370021522045135,3.3018925189971924,-0.2167452573776245,0.08550434559583664
35.90599822998047,-22.753999710083008,0.7159144282341003,4.780896186828613,0.03614672273397446,0.4771026074886322,-0.061982411891222,0.7683407068252563
35.90599822998047,-21.753999710083008,0.8541585803031921,5.891151428222656,0.18716515600681305,2.209808588027954,0.10346484184265137,0.30820921063423157
35.90599822998047,-21.753999710083008,0.6048483848571777,2.146007776260376,0.044316135346889496,0.5311931371688843,0.2704516649246216,0.5206876397132874
35.90599822998047,-21.753999710083008,0.810133695602417,0.17050355672836304,0.05700227618217468,0.20665904879570007,-0.04389510303735733,0.17110313475131989
35.90599822998047,-20.753999710083008,1.0047732591629028,5.415773868560791,0.3442069888114929,3.0479655265808105,0.0066846380941569805,0.04582761973142624
35.90599822998047,-20.753999710083008,1.1228671073913574,2.7748522758483887,0.08800058811903,0.04519876837730408,0.030972860753536224,0.385768324136734
35.90599822998047,-20.753999710083008,1.2971811294555664,5.946885108947754,0.10905033349990845,0.025249404832720757,-0.11478941887617111,0.5684040188789368
35.90599822998047,-19.753999710083008,1.0572367906570435,3.361410617828369,0.2444794774055481,2.351732015609741,0.09709275513887405,0.02607896737754345
35.90599822998047,-19.753999710083008,1.1944271326065063,2.8043272495269775,0.08680106699466705,0.03134714066982269,0.062343403697013855,0.3685099482536316
35.90599822998047,-19.753999710083008,1.2510524988174438,5.980921745300293,0.07628380507230759,0.027908803895115852,-0.004337816033512354,0.6054110527038574
35.90599822998047,-18.753999710083008,1.1857819557189941,4.39970588684082,1.0292751789093018,1.9014712572097778,0.11202936619520187,0.018396176397800446
35.90599822998047,-18.753999710083008,1.2003623247146606,2.870603561401367,0.09155193716287613,0.0556659996509552,0.15157246589660645,0.3007151186466217
35.90599822998047,-18.753999710083008,1.181472897529602,6.027714729309082,0.07049261033535004,0.03423522040247917,0.09340295940637589,0.6808887720108032
35.90599822998047,-17.753999710083008,1.0623340606689453,5.519850730895996,0.612259566783905,2.5734267234802246,0.1275542825460434,0.027944903820753098
35.90599822998047,-17.753999710083008,1.2265316247940063,2.9838337898254395,0.12529659271240234,0.06673377007246017,0.09251758456230164,0.23939429223537445
35.90599822998047,-17.753999710083008,1.1312371492385864,6.123568058013916,0.057093311101198196,0.02610834687948227,0.1056695505976677,0.7326608300209045
35.90599822998047,-16.753999710083008,0.7560411691665649,6.267830848693848,0.1526973396539688,1.6323331594467163,0.03704630583524704,0.32934021949768066
35.90599822998047,-16.753999710083008,0.5513483881950378,1.508562684059143,0.04701026529073715,1.1934607028961182,-0.08781521767377853,0.3604966998100281
35.90599822998047,-16.753999710083008,0.6685776710510254,0.14642976224422455,0.04172373563051224,0.8452135920524597,0.06689619272947311,0.31016314029693604
35.90599822998047,-15.753999710083008,0.8858218789100647,2.7243337631225586,0.9434996843338013,0.6479744911193848,0.3106030225753784,0.024459799751639366
35.90599822998047,-15.753999710083008,0.48957550525665283,5.72647762298584,0.015765992924571037,0.4256165027618408,-0.2640225887298584,0.9666997790336609
35.90599822998047,-15.753999710083008,0.5993163585662842,0.058905549347400665,0.0639825090765953,12.639551162719727,0.15139140188694,0.008840345777571201
36.90599822998047,-24.753999710083008,1.2195475101470947,5.1982645988464355,0.3684467375278473,0.68511563539505,-0.02989926189184189,0.014247446320950985
36.90599822998047,-24.753999710083008,0.9631921052932739,3.476592540740967,0.07867514342069626,0.11463361233472824,0.5822834968566895,0.007468624506145716
36.90599822998047,-24.753999710083008,0.9831430315971375,4.8983869552612305,0.0435982346534729,0.01638735644519329,0.03597842529416084,0.9782840013504028
36.90599822998047,-23.753999710083008,0.5844983458518982,6.163753986358643,0.07367408275604248,1.4635605812072754,-0.08530624955892563,0.11368048191070557
36.90599822998047,-23.753999710083008,0.5281473994255066,3.0582985877990723,0.09629379957914352,0.10276038944721222,0.12694594264030457,0.07429592311382294
36.90599822998047,-23.753999710083008,0.7860895991325378,4.630566596984863,0.07904570549726486,0.04129892587661743,-0.00647474080324173,0.8120235800743103
36.90599822998047,-22.753999710083008,0.9035129547119141,4.248224258422852,0.14384448528289795,0.9673933386802673,0.1423853486776352,0.5470095276832581
36.90599822998047,-22.753999710083008,0.6457937359809875,2.805589199066162,0.08352352678775787,3.081456422805786,0.02463669702410698,0.14518164098262787
36.90599822998047,-22.753999710083008,0.7315553426742554,5.77391242980957,0.055480580776929855,0.5046738386154175,0.04596417397260666,0.30780887603759766
36.90599822998047,-21.753999710083008,0.9601356983184814,6.266019821166992,0.17553584277629852,2.3294436931610107,-0.045742206275463104,0.2572556436061859
36.90599822998047,-21.753999710083008,1.0340086221694946,2.697190046310425,0.10355950891971588,0.049806397408246994,0.2706874907016754,0.3913877010345459
36.90599822998047,-21.753999710083008,1.1075012683868408,5.959599018096924,0.13289320468902588,0.057028431445360184,-0.01960219256579876,0.3513565957546234
36.90599822998047,-20.753999710083008,1.0778088569641113,4.6665239334106445,0.5446091890335083,2.8831334114074707,0.03505856543779373,0.06117020919919014
36.90599822998047,-20.753999710083008,1.0930522680282593,2.751391887664795,0.06325965374708176,0.027292629703879356,0.01834399811923504,0.3920763432979584
36.90599822998047,-20.753999710083008,1.261624813079834,5.93472957611084,0.11179427802562714,0.02744937874376774,-0.02075536921620369,0.546753466129303
36.90599822998047,-19.753999710083008,1.15981924533844,2.895322561264038,0.5610039830207825,2.174769639968872,0.12130150198936462,0.016760336235165596
36.90599822998047,-19.753999710083008,1.1484167575836182,2.7718796730041504,0.07361195981502533,0.027555694803595543,0.03891918063163757,0.39425086975097656
36.90599822998047,-19.753999710083008,1.2434076070785522,5.988489627838135,0.08737946301698685,0.03748156875371933,-0.009014955721795559,0.5889887809753418
36.90599822998047,-18.753999710083008,1.164625644683838,3.382046937942505,1.1071964502334595,2.2683181762695312,0.1983916014432907,0.008806206285953522
36.90599822998047,-18.753999710083008,1.1959731578826904,2.8787856101989746,0.0946103110909462,0.06756813824176788,0.07230653613805771,0.15705867111682892
36.90599822998047,-18.753999710083008,1.211443543434143,6.030032634735107,0.07791317254304886,0.04310798645019531,0.0680183470249176,0.834135115146637
36.90599822998047,-17.753999710083008,1.03233003616333,4.248156547546387,0.5381996631622314,2.788573980331421,0.142677903175354,0.033943288028240204
36.90599822998047,-17.753999710083008,1.3240516185760498,3.0825612545013428,0.15704306960105896,0.07696760445833206,0.11652875691652298,0.23496459424495697
36.90599822998047,-17.753999710083008,1.1966792345046997,6.1588311195373535,0.07052426040172577,0.029950715601444244,0.11418581008911133,0.731092095375061
36.90599822998047,-16.753999710083008,0.9544708132743835,2.6095433235168457,0.4936138093471527,1.0120422840118408,0.33599352836608887,0.17588305473327637
36.90599822998047,-16.753999710083008,0.557735800743103,1.3983502388000488,0.020946040749549866,0.3424922525882721,-0.18529212474822998,0.6390325427055359
36.90599822998047,-16.753999710083008,0.6479572653770447,4.690701484680176,0.05166910961270332,2.5960030555725098,0.16684530675411224,0.18508446216583252
37.90599822998047,-23.753999710083008,0.6827954053878784,1.37903892993927,0.08668862283229828,1.8975675106048584,-0.06015579402446747,0.049653310328722
37.90599822998047,-23.753999710083008,0.6797899603843689,2.437831163406372,0.06644543260335922,0.05350710451602936,0.1459091305732727,0.20340217649936676
37.90599822998047,-23.753999710083008,0.8200578093528748,5.109414577484131,0.07679948210716248,0.06676843762397766,-0.01644235849380493,0.7469444870948792
37.90599822998047,-22.753999710083008,0.7941766381263733,4.191161155700684,0.09913890808820724,0.7870115041732788,0.15741750597953796,0.5147563815116882
37.90599822998047,-22.753999710083008,0.7374855875968933,2.2348389625549316,0.16858777403831482,0.6897602081298828,0.1988210380077362,0.23186732828617096
37.90599822998047,-22.753999710083008,0.8028309345245361,5.836909770965576,0.11065985262393951,0.1340278834104538,0.18819041550159454,0.2533762753009796
37.90599822998047,-21.753999710083008,1.0243335962295532,4.0790534019470215,0.2795255184173584,2.30383038520813,-0.0541672445833683,0.15688304603099823
37.90599822998047,-21.753999710083008,1.0987268686294556,2.6283469200134277,0.08644664287567139,0.036600496619939804,0.268838107585907,0.37653008103370667
37.90599822998047,-21.753999710083008,1.0697057247161865,5.919292449951172,0.07449210435152054,0.04365925490856171,-0.10343770682811737,0.4665869474411011
37.90599822998047,-20.753999710083008,1.12601637840271,4.179471015930176,0.5057985186576843,2.6427621841430664,0.054125186055898666,0.037961505353450775
37.90599822998047,-20.753999710083008,1.081933617591858,2.750755786895752,0.058432746678590775,0.039286039769649506,0.060591261833906174,0.43211933970451355
37.90599822998047,-20.753999710083008,1.1903257369995117,5.933958053588867,0.08872923254966736,0.024612409994006157,-0.08482804894447327,0.5299191474914551
37.90599822998047,-19.753999710083008,1.1121776103973389,2.4451167583465576,0.48355039954185486,2.1397833824157715,0.11295407265424728,0.01748933643102646
37.90599822998047,-19.753999710083008,1.1728280782699585,2.7662129402160645,0.07481768727302551,0.02198093570768833,0.028506634756922722,0.38973310589790344
37.90599822998047,-19.753999710083008,1.235276460647583,5.986203193664551,0.09112057089805603,0.03963228315114975,-0.02275451272726059,0.5927776098251343
37.90599822998047,-18.753999710083008,0.9671287536621094,3.760192394256592,0.23418229818344116,2.728825330734253,0.1659546196460724,0.032807718962430954
37.90599822998047,-18.753999710083008,1.1848984956741333,2.8685972690582275,0.1055050939321518,0.07056894898414612,0.07863621413707733,0.17501327395439148
37.90599822998047,-18.753999710083008,1.2449443340301514,6.030975818634033,0.09239689260721207,0.04632696881890297,0.0717378705739975,0.7921789884567261
37.90599822998047,-17.753999710083008,0.943225085735321,4.137050628662109,0.31003010272979736,2.85476016998291,0.07943270355463028,0.05875944718718529
37.90599822998047,-17.753999710083008,1.2791296243667603,2.986114025115967,0.1330348402261734,0.0502358004450798,0.08894751220941544,0.25278255343437195
37.90599822998047,-17.753999710083008,1.221966028213501,6.173892498016357,0.08246297389268875,0.024577144533395767,0.07532297819852829,0.6884579658508301
37.90599822998047,-16.753999710083008,1.0228204727172852,1.8875131607055664,0.8399127125740051,1.775336742401123,0.4269603192806244,0.07895326614379883
37.90599822998047,-16.753999710083008,0.5899240970611572,1.3391259908676147,0.021478578448295593,0.22841916978359222,0.00788853783160448,0.9033589959144592
37.90599822998047,-16.753999710083008,0.6800101399421692,4.431530475616455,0.13925446569919586,3.268509864807129,0.25913888216018677,0.017687803134322166
38.90599822998047,-25.753999710083008,0.7272508144378662,5.3909807205200195,0.13950222730636597,2.0873446464538574,0.07415460795164108,0.18975652754306793
38.90599822998047,-25.753999710083008,0.572073757648468,3.552908182144165,0.016322683542966843,0.02579641342163086,0.3204907178878784,0.6790650486946106
38.90599822998047,-25.753999710083008,0.7292659282684326,4.520504951477051,0.0311930850148201,0.540192723274231,0.3773460388183594,0.13117840886116028
38.90599822998047,-24.753999710083008,1.0489871501922607,0.24430160224437714,0.1831652969121933,1.7185380458831787,0.17556388676166534,0.8185702562332153
38.90599822998047,-24.753999710083008,0.7096652984619141,3.32684588432312,0.06878931820392609,0.22483377158641815,0.38305360078811646,0.15720508992671967
38.90599822998047,-24.753999710083008,0.8121294379234314,5.650073528289795,0.16768330335617065,0.2633233666419983,-0.02587197907269001,0.024224702268838882
38.90599822998047,-23.753999710083008,0.7697635889053345,0.07106219232082367,0.1809297502040863,2.0274524688720703,-0.14201219379901886,0.10938763618469238
38.90599822998047,-23.753999710083008,0.6441314816474915,2.647608518600464,0.05428040027618408,0.10335209220647812,0.11648660153150558,0.05028938129544258
38.90599822998047,-23.753999710083008,0.6603598594665527,4.371066570281982,0.0257915910333395,0.2646760940551758,0.1165161058306694,0.8403229713439941
38.90599822998047,-22.753999710083008,0.7063398361206055,4.736451148986816,0.06416264921426773,1.4008231163024902,0.06688186526298523,0.5839436650276184
38.90599822998047,-22.753999710083008,0.6607881784439087,1.9490859508514404,0.052870262414216995,0.26768815517425537,0.29486915469169617,0.3183137774467468
38.90599822998047,-22.753999710083008,0.7811448574066162,5.7637619972229,0.06643503904342651,0.136720672249794,0.07163769751787186,0.09774255007505417
38.90599822998047,-21.753999710083008,1.0906014442443848,3.076038360595703,0.5319749116897583,2.382441997528076,-0.00444356445223093,0.12692806124687195
38.90599822998047,-21.753999710083008,1.1583307981491089,2.6091270446777344,0.0963992103934288,0.025272218510508537,0.21130166947841644,0.4195556044578552
38.90599822998047,-21.753999710083008,1.1192011833190918,5.922386646270752,0.07121717929840088,0.03572505712509155,-0.1001092940568924,0.4535163342952728
38.90599822998047,-20.753999710083008,1.1032445430755615,4.594463348388672,0.6016659736633301,2.6204824447631836,0.03161914274096489,0.06363392621278763
38.90599822998047,-20.753999710083008,1.1142736673355103,2.673013210296631,0.07751724869012833,0.024564046412706375,0.057602133601903915,0.45887959003448486
38.90599822998047,-20.753999710083008,1.14169180393219,5.943526744842529,0.08012179285287857,0.029860321432352066,-0.01094503328204155,0.4774865508079529
38.90599822998047,-19.753999710083008,0.976920485496521,0.045303020626306534,0.31035181879997253,3.0695743560791016,0.03571727126836777,0.0770614743232727
38.90599822998047,-19.753999710083008,1.1998870372772217,2.6437275409698486,0.08296725153923035,0.02292921580374241,0.13485024869441986,0.2647261321544647
38.90599822998047,-19.753999710083008,1.2685575485229492,5.874680042266846,0.08943875133991241,0.025035154074430466,0.03988879546523094,0.6582123637199402
38.90599822998047,-18.753999710083008,1.0706961154937744,5.050705432891846,0.4763164818286896,2.543050527572632,0.14112892746925354,0.027914196252822876
38.90599822998047,-18.753999710083008,1.0928878784179688,3.0279831886291504,0.09482043236494064,0.13483472168445587,0.09657128155231476,0.2465604692697525
38.90599822998047,-18.753999710083008,1.2126414775848389,6.098968505859375,0.09805572032928467,0.043811868876218796,0.06257474422454834,0.7255253195762634
38.90599822998047,-17.753999710083008,1.0148006677627563,4.657187461853027,0.6089292764663696,2.230586051940918,0.07910734415054321,0.013977578841149807
38.90599822998047,-17.753999710083008,1.1094467639923096,3.0243468284606934,0.06959550827741623,0.04630184918642044,0.05642377957701683,0.33539333939552307
38.90599822998047,-17.753999710083008,1.2758303880691528,6.178217887878418,0.09097842872142792,0.01999826356768608,-0.0916595533490181,0.6506290435791016
38.90599822998047,-16.753999710083008,0.8784216642379761,3.1453781127929688,0.44045230746269226,1.7163357734680176,0.33432719111442566,0.14380186796188354
38.90599822998047,-16.753999710083008,0.5316270589828491,3.736586332321167,0.028576159849762917,0.4720699191093445,-0.09915930032730103,0.27200812101364136
38.90599822998047,-16.753999710083008,0.5963324308395386,4.145175933837891,0.026098407804965973,0.1473771184682846,0.13672684133052826,0.5841900110244751
38.90599822998047,-15.753999710083008,0.9287392497062683,4.138650894165039,0.15259547531604767,1.373936414718628,0.2289341688156128,0.5715121030807495
38.90599822998047,-15.753999710083008,0.5871340036392212,1.4430325031280518,0.06397567689418793,0.786305844783783,-0.16757594048976898,0.21464920043945312
38.90599822998047,-15.753999710083008,0.8762553930282593,0.6383225321769714,0.28387555480003357,0.8879342079162598,-0.05431484058499336,0.21383866667747498
39.90599822998047,-26.753999710083008,0.8429135680198669,4.617001533508301,0.03652946278452873,1.062788486480713,0.07306377589702606,0.16182953119277954
39.90599822998047,-26.753999710083008,0.6201961040496826,3.1245222091674805,0.02118172124028206,0.07464158535003662,0.41339972615242004,0.6862580180168152
39.90599822998047,-26.753999710083008,0.8808807730674744,3.773064613342285,0.051179271191358566,0.0642368495464325,0.19036206603050232,0.15191245079040527
39.90599822998047,-25.753999710083008,0.8282909393310547,4.456441402435303,0.130076065659523,2.5213558673858643,0.0657879188656807,0.6813517212867737
39.90599822998047,-25.753999710083008,0.6102928519248962,2.9689862728118896,0.02631959319114685,0.09944936633110046,0.20226523280143738,0.25515216588974
39.90599822998047,-25.753999710083008,0.7924063801765442,4.683116436004639,0.034903958439826965,0.23318876326084137,0.049534186720848083,0.06349620968103409
39.90599822998047,-24.753999710083008,0.945235550403595,3.5605978965759277,0.20480169355869293,2.496112108230591,0.23609957098960876,0.11891025304794312
39.90599822998047,-24.753999710083008,0.6012058854103088,4.346400737762451,0.013039355166256428,0.27442285418510437,0.10271181166172028,0.8718171715736389
39.90599822998047,-24.753999710083008,0.8501858711242676,0.11655907332897186,0.09108859300613403,0.5583878755569458,0.08270177245140076,0.009272633120417595
39.90599822998047,-23.753999710083008,0.7410832643508911,6.024362087249756,0.0874166190624237,1.432830572128296,-0.01551936287432909,0.8374987840652466
39.90599822998047,-23.753999710083008,0.7473942637443542,2.0849835872650146,0.07920163869857788,0.25466638803482056,0.16182084381580353,0.09468211233615875
39.90599822998047,-23.753999710083008,0.7137466073036194,5.259367942810059,0.021770479157567024,0.2193729132413864,0.17233973741531372,0.06781908124685287
39.90599822998047,-22.753999710083008,0.8157732486724854,0.43409714102745056,0.07956789433956146,1.9767619371414185,-0.09260741621255875,0.7297927141189575
39.90599822998047,-22.753999710083008,1.1404141187667847,2.652785062789917,0.12444138526916504,0.04285983741283417,0.23243051767349243,0.09393416345119476
39.90599822998047,-22.753999710083008,1.2095125913619995,5.769956111907959,0.09752488881349564,0.03335249051451683,0.020720472559332848,0.17627309262752533
39.90599822998047,-21.753999710083008,1.0603679418563843,4.959383010864258,0.30331137776374817,2.1338069438934326,-0.012037120759487152,0.17520999908447266
39.90599822998047,-21.753999710083008,1.1942046880722046,2.6414411067962646,0.09948581457138062,0.03285504877567291,0.2263098955154419,0.36977434158325195
39.90599822998047,-21.753999710083008,1.1889346837997437,5.918362617492676,0.06873967498540878,0.02884199656546116,-0.05038757994771004,0.455015629529953
39.90599822998047,-20.753999710083008,1.0212782621383667,3.8438751697540283,0.3030332624912262,1.5018975734710693,0.053964149206876755,0.07941872626543045
39.90599822998047,-20.753999710083008,1.225927710533142,2.696291208267212,0.11307068914175034,0.04534246027469635,0.15129344165325165,0.34575334191322327
39.90599822998047,-20.753999710083008,1.1101810932159424,5.8632636070251465,0.0838220864534378,0.04268259555101395,0.05224952846765518,0.5748279094696045
39.90599822998047,-19.753999710083008,0.970038115978241,6.2389702796936035,0.24734489619731903,2.1932590007781982,0.07377128303050995,0.03376859426498413
39.90599822998047,-19.753999710083008,1.115174412727356,2.6564977169036865,0.10905540734529495,0.030739279463887215,0.4076988399028778,0.18064282834529877
39.90599822998047,-19.753999710083008,1.1222569942474365,5.814294338226318,0.08207040280103683,0.03750445321202278,0.04767999053001404,0.7855886220932007
39.90599822998047,-18.753999710083008,1.1099536418914795,1.111738681793213,0.6217835545539856,2.778752326965332,0.13690751791000366,0.07518859952688217
39.90599822998047,-18.753999710083008,1.0476255416870117,3.2939422130584717,0.07523217052221298,0.08428975194692612,0.12783129513263702,0.28194957971572876
39.90599822998047,-18.753999710083008,1.1644147634506226,6.269801139831543,0.07273583114147186,0.0337870828807354,0.0657864660024643,0.6428618431091309
39.90599822998047,-17.753999710083008,0.8448038101196289,4.809695720672607,0.10355913639068604,0.789742648601532,0.08404690772294998,0.22134023904800415
39.90599822998047,-17.753999710083008,1.0596998929977417,2.9402732849121094,0.056058119982481,0.03801824524998665,0.05877411365509033,0.2276502549648285
39.90599822998047,-17.753999710083008,1.1435452699661255,6.219036102294922,0.07625094801187515,0.0206668209284544,-0.15521642565727234,0.551009476184845
39.90599822998047,-16.753999710083008,0.9361622333526611,5.154590606689453,0.4730827510356903,3.8663923740386963,0.38495129346847534,0.03145170584321022
39.90599822998047,-16.753999710083008,0.6814165711402893,3.322727680206299,0.03452085703611374,0.2077743411064148,-0.08491993695497513,0.8100728988647461
39.90599822998047,-16.753999710083008,0.7650676965713501,6.103957176208496,0.07507424056529999,0.1895899623632431,0.02044653333723545,0.1584753692150116
39.90599822998047,-15.753999710083008,1.027736783027649,2.1852688789367676,0.2940582036972046,1.9836530685424805,0.07880354672670364,0.04110123962163925
39.90599822998047,-15.753999710083008,0.8220051527023315,2.580742597579956,0.16951167583465576,0.15896426141262054,0.2735457420349121,0.006723213940858841
39.90599822998047,-15.753999710083008,0.9540165066719055,0.028431743383407593,0.06775166839361191,0.07826008647680283,0.17854642868041992,0.9521756172180176
40.90599822998047,-27.753999710083008,1.333518624305725,4.785124778747559,0.46031928062438965,1.2082098722457886,0.10025856643915176,0.9017048478126526
40.90599822998047,-27.753999710083008,0.5477913618087769,3.5974032878875732,0.08385416865348816,3.134453296661377,0.20441679656505585,0.01361782941967249
40.90599822998047,-27.753999710083008,0.6821990013122559,4.625514984130859,0.01925334706902504,0.3783629238605499,0.014405405148863792,0.08467740565538406
40.90599822998047,-26.753999710083008,0.9139437675476074,5.2041168212890625,0.10003461688756943,0.48930248618125916,-0.14611724019050598,0.12152097374200821
40.90599822998047,-26.753999710083008,0.5614773631095886,2.3395392894744873,0.08780781179666519,3.4881887435913086,0.22231894731521606,0.0927630066871643
40.90599822998047,-26.753999710083008,0.6790184378623962,4.083165168762207,0.02669217251241207,0.2476666122674942,0.16198986768722534,0.7857160568237305
40.90599822998047,-25.753999710083008,0.7344973087310791,4.637124061584473,0.23009800910949707,1.709377646446228,-0.017427530139684677,0.042655933648347855
40.90599822998047,-25.753999710083008,0.5015541315078735,2.6338396072387695,0.035029008984565735,0.580783486366272,-0.014686140231788158,0.11146073043346405
40.90599822998047,-25.753999710083008,0.6154509782791138,4.587934494018555,0.016860706731677055,0.3012876510620117,0.0433497317135334,0.845883309841156
40.90599822998047,-24.753999710083008,0.9286957383155823,4.699548244476318,0.2550283372402191,1.6494108438491821,0.15536227822303772,0.3251756429672241
40.90599822998047,-24.753999710083008,0.5506616234779358,2.9493350982666016,0.02153342217206955,0.9618656635284424,0.0495348684489727,0.506376326084137
40.90599822998047,-24.753999710083008,0.6437377333641052,5.124864101409912,0.02164369262754917,1.542251706123352,0.12802036106586456,0.1684480458498001
40.90599822998047,-23.753999710083008,0.948764443397522,5.545367240905762,0.19959759712219238,2.727257013320923,0.06230446696281433,0.43441516160964966
40.90599822998047,-23.753999710083008,1.0679123401641846,2.5469326972961426,0.12880198657512665,0.05543147772550583,0.2772062122821808,0.3747950792312622
40.90599822998047,-23.753999710083008,1.227667212486267,5.860296726226807,0.11472433805465698,0.03892191872000694,0.011620073579251766,0.19078974425792694
40.90599822998047,-22.753999710083008,1.0269827842712402,4.788758754730225,0.3336961567401886,2.650052785873413,-0.06019468232989311,0.1932426542043686
40.90599822998047,-22.753999710083008,1.1740224361419678,2.708585023880005,0.08648987859487534,0.02707965485751629,0.16397154331207275,0.3472519814968109
40.90599822998047,-22.753999710083008,1.3038139343261719,5.844879627227783,0.09218794107437134,0.02144722081720829,-0.10397791117429733,0.45950543880462646
40.90599822998047,-21.753999710083008,1.0367714166641235,3.1348748207092285,0.41358500719070435,2.967461347579956,0.0585208386182785,0.17291295528411865
40.90599822998047,-21.753999710083008,1.156040072441101,2.683154344558716,0.06852324306964874,0.028170796111226082,0.12040349096059799,0.24077108502388
40.90599822998047,-21.753999710083008,1.2386680841445923,5.851965427398682,0.10080509632825851,0.04335278645157814,-0.12314053624868393,0.5863159894943237
40.90599822998047,-20.753999710083008,0.9898402690887451,5.321350574493408,0.26436847448349,1.859941005706787,0.10173187404870987,0.05597394332289696
40.90599822998047,-20.753999710083008,1.2035638093948364,2.9016060829162598,0.09324280917644501,0.08906415104866028,0.05209025740623474,0.2992013096809387
40.90599822998047,-20.753999710083008,1.3048923015594482,5.862499713897705,0.11275128275156021,0.033340610563755035,0.06898663938045502,0.644824743270874
40.90599822998047,-19.753999710083008,1.057819128036499,5.939272880554199,0.36667400598526,1.9279792308807373,0.04681481048464775,0.14172042906284332
40.90599822998047,-19.753999710083008,0.9545145034790039,2.5522639751434326,0.07927898317575455,0.04481581971049309,0.24731722474098206,0.19942457973957062
40.90599822998047,-19.753999710083008,1.0703916549682617,5.810858726501465,0.10726479440927505,0.06174701079726219,-0.01212987583130598,0.6588549613952637
40.90599822998047,-18.753999710083008,1.0563970804214478,0.805783212184906,0.5016058087348938,2.675339937210083,0.16952700912952423,0.05397329851984978
40.90599822998047,-18.753999710083008,0.9230058789253235,3.4105775356292725,0.07443476468324661,0.11224687099456787,0.1653117537498474,0.2114296555519104
40.90599822998047,-18.753999710083008,1.025486946105957,0.21321749687194824,0.06086519733071327,0.041809067130088806,-0.006453970447182655,0.7345970869064331
40.90599822998047,-17.753999710083008,0.9087470769882202,4.658605575561523,0.3221290111541748,2.270190954208374,0.13386376202106476,0.024444198235869408
40.90599822998047,-17.753999710083008,0.8956359624862671,2.90887451171875,0.05807432159781456,0.06196877732872963,0.04911436513066292,0.24333173036575317
40.90599822998047,-17.753999710083008,1.0329509973526,6.210922718048096,0.06300845742225647,0.03180285170674324,-0.14784644544124603,0.7322241067886353
40.90599822998047,-16.753999710083008,1.000180959701538,6.206651210784912,0.49356546998023987,1.3924357891082764,0.18529967963695526,0.29388412833213806
40.90599822998047,-16.753999710083008,0.6790869235992432,2.9564435482025146,0.06255354732275009,0.3097478151321411,0.07719584554433823,0.09250865131616592
40.90599822998047,-16.753999710083008,0.7372465133666992,6.239302158355713,0.03739582374691963,0.09530920535326004,-0.03951068967580795,0.6136071681976318
40.90599822998047,-15.753999710083008,0.8768641948699951,1.3646597862243652,0.1483212262392044,2.367539644241333,0.04414264112710953,0.15060926973819733
40.90599822998047,-15.753999710083008,0.778137743473053,2.632399082183838,0.13244470953941345,0.1678449809551239,0.19787588715553284,0.03506956249475479
40.90599822998047,-15.753999710083008,0.8701225519180298,6.272375583648682,0.06381246447563171,0.08920896053314209,0.03335070237517357,0.8143211603164673
41.90599822998047,-27.753999710083008,0.740295946598053,4.415598392486572,0.131266251206398,1.4361999034881592,0.05368005484342575,0.25113940238952637
41.90599822998047,-27.753999710083008,0.4904901385307312,2.423508644104004,0.08667898923158646,0.423996239900589,-0.027691448107361794,0.004300189670175314
41.90599822998047,-27.753999710083008,0.6517118811607361,4.510695457458496,0.021304938942193985,0.12158073484897614,0.03489399701356888,0.7445603609085083
41.90599822998047,-26.753999710083008,0.8298076391220093,4.8955793380737305,0.10770408064126968,0.6260119080543518,-0.03536897897720337,0.5703157782554626
41.90599822998047,-26.753999710083008,0.5447458028793335,2.1346545219421387,0.09183011204004288,2.053039073944092,0.0924704447388649,0.12289638072252274
41.90599822998047,-26.753999710083008,0.6128665804862976,4.037897109985352,0.02549450285732746,1.1367729902267456,0.16389138996601105,0.30678778886795044
41.90599822998047,-25.753999710083008,0.7251107096672058,5.910888195037842,0.11335823684930801,1.8412590026855469,-0.08480185270309448,0.5034525394439697
41.90599822998047,-25.753999710083008,0.5358831882476807,1.3112578392028809,0.041898973286151886,1.8666746616363525,-0.08603490144014359,0.2500235140323639
41.90599822998047,-25.753999710083008,0.6366598010063171,5.172297477722168,0.018384983763098717,0.7322781682014465,-0.06480719149112701,0.24652397632598877
41.90599822998047,-24.753999710083008,0.9930355548858643,4.024723052978516,0.2080874890089035,1.5671006441116333,0.13519005477428436,0.2160000503063202
41.90599822998047,-24.753999710083008,0.6575934886932373,1.8582701683044434,0.10571254789829254,1.2665990591049194,0.039826467633247375,0.4599832594394684
41.90599822998047,-24.753999710083008,0.6821380853652954,5.083520889282227,0.0436258539557457,1.374994158744812,0.1078619509935379,0.3240167200565338
41.90599822998047,-23.753999710083008,0.935289740562439,6.033945083618164,0.21222510933876038,3.300321102142334,0.013527744449675083,0.19703975319862366
41.90599822998047,-23.753999710083008,1.0638972520828247,2.628838300704956,0.15414881706237793,0.18610183894634247,0.23562809824943542,0.4415092170238495
41.90599822998047,-23.753999710083008,1.2923827171325684,5.943667411804199,0.135817751288414,0.05810417979955673,-0.09262179583311081,0.36145108938217163
41.90599822998047,-22.753999710083008,1.0364913940429688,4.167315483093262,0.2945784032344818,2.9088735580444336,-0.08451555669307709,0.16137544810771942
41.90599822998047,-22.753999710083008,1.255595326423645,2.7530972957611084,0.09879656136035919,0.025201687589287758,0.21096660196781158,0.35850340127944946
41.90599822998047,-22.753999710083008,1.2779573202133179,5.891497611999512,0.11269140243530273,0.039278771728277206,-0.15944762527942657,0.4801211655139923
41.90599822998047,-21.753999710083008,1.0198007822036743,3.853323459625244,0.40044161677360535,2.75852370262146,0.10076256096363068,0.16991493105888367
41.90599822998047,-21.753999710083008,1.1066551208496094,2.7289507389068604,0.07608498632907867,0.04314563795924187,0.07384581863880157,0.2535366714000702
41.90599822998047,-21.753999710083008,1.2126158475875854,5.87516975402832,0.10598765313625336,0.0491098128259182,-0.01003569457679987,0.5765484571456909
41.90599822998047,-20.753999710083008,1.1633782386779785,0.539211630821228,1.0318703651428223,2.0684752464294434,0.157393679022789,0.02399616129696369
41.90599822998047,-20.753999710083008,1.0419774055480957,2.9333178997039795,0.06847976893186569,0.16200484335422516,-0.005877851042896509,0.2555200457572937
41.90599822998047,-20.753999710083008,1.1851770877838135,5.962223529815674,0.0879812017083168,0.0486890934407711,0.038744308054447174,0.7204837799072266
41.90599822998047,-19.753999710083008,0.7765613794326782,0.665939211845398,0.09692870080471039,2.820474863052368,0.1307780146598816,0.4939959943294525
41.90599822998047,-19.753999710083008,0.6255616545677185,2.757746934890747,0.07234206795692444,0.33327731490135193,0.12392082810401917,0.4197762906551361
41.90599822998047,-19.753999710083008,0.7459971904754639,5.961391448974609,0.06303481012582779,0.2477407306432724,0.07968541234731674,0.08622778207063675
41.90599822998047,-18.753999710083008,0.7373068928718567,4.338639259338379,0.06861568987369537,1.8369412422180176,0.1581135243177414,0.36050987243652344
41.90599822998047,-18.753999710083008,0.8172054290771484,3.3470165729522705,0.07938369363546371,0.22928357124328613,0.06655232608318329,0.3018752634525299
41.90599822998047,-18.753999710083008,0.9740070104598999,6.2102203369140625,0.0765371173620224,0.08678148686885834,0.04098617285490036,0.33761486411094666
41.90599822998047,-17.753999710083008,0.7212086319923401,6.1000165939331055,0.08414065092802048,2.336272716522217,0.12304556369781494,0.27218082547187805
41.90599822998047,-17.753999710083008,0.6356120109558105,2.810184955596924,0.06636666506528854,0.26074421405792236,0.09048348665237427,0.20816972851753235
41.90599822998047,-17.753999710083008,0.9018048644065857,6.226628303527832,0.07563719153404236,0.07032568007707596,-0.1689588874578476,0.5196494460105896
41.90599822998047,-16.753999710083008,0.9623759388923645,0.43555063009262085,0.545099675655365,0.8150873780250549,0.16628888249397278,0.056137386709451675
41.90599822998047,-16.753999710083008,0.7016146183013916,1.6609066724777222,0.039105627685785294,0.28464552760124207,0.039909373968839645,0.01923275552690029
41.90599822998047,-16.753999710083008,0.6895611882209778,0.80657559633255,0.036335717886686325,0.38487592339515686,0.021864017471671104,0.924629807472229
41.90599822998047,-15.753999710083008,0.945038378238678,5.598414421081543,0.20211245119571686,3.2295961380004883,0.07737985253334045,0.1366393268108368
41.90599822998047,-15.753999710083008,0.8197498321533203,2.7425899505615234,0.08930318802595139,0.5372230410575867,0.2126089483499527,0.18783853948116302
41.90599822998047,-15.753999710083008,0.8622875809669495,5.998309135437012,0.0634223222732544,0.1750788539648056,0.0085777398198843,0.6755220890045166
42.90599822998047,-27.753999710083008,0.7938241362571716,4.125614166259766,0.35581111907958984,1.012542724609375,0.13378851115703583,0.1608513742685318
42.90599822998047,-27.753999710083008,0.48540472984313965,2.0087947845458984,0.13646146655082703,0.9305561780929565,-0.04719895124435425,0.04523792862892151
42.90599822998047,-27.753999710083008,0.5819135308265686,4.064969062805176,0.05539523810148239,0.7126124501228333,0.10191507637500763,0.7939106822013855
42.90599822998047,-26.753999710083008,0.7691379189491272,5.08303689956665,0.12482167035341263,1.165851354598999,0.11264001578092575,0.4530552625656128
42.90599822998047,-26.753999710083008,0.594756543636322,1.303066372871399,0.09218262881040573,1.2198214530944824,-0.020885229110717773,0.19289237260818481
42.90599822998047,-26.753999710083008,0.6402976512908936,4.382915019989014,0.035895831882953644,0.9758163094520569,0.11808185279369354,0.3540523648262024
42.90599822998047,-25.753999710083008,0.8494617938995361,4.2528791427612305,0.21788017451763153,1.825729489326477,-0.06729469448328018,0.1626654416322708
42.90599822998047,-25.753999710083008,0.5282325744628906,2.015094041824341,0.03450578823685646,1.9411201477050781,-0.11942952126264572,0.10996423661708832
42.90599822998047,-25.753999710083008,0.6199731230735779,4.486973762512207,0.011585530824959278,0.7019062042236328,0.04438824579119682,0.7273703217506409
42.90599822998047,-24.753999710083008,0.9396607875823975,5.107812404632568,0.17690600454807281,1.3413420915603638,0.1115787997841835,0.23212862014770508
42.90599822998047,-24.753999710083008,0.7709785103797913,2.3337972164154053,0.18079181015491486,0.8552895784378052,0.21938806772232056,0.5894081592559814
42.90599822998047,-24.753999710083008,0.8736156225204468,5.903572082519531,0.16082501411437988,0.31797268986701965,0.22105635702610016,0.1784631609916687
42.90599822998047,-23.753999710083008,0.9921754598617554,5.525148391723633,0.25408682227134705,2.559904098510742,0.06871496886014938,0.15321321785449982
42.90599822998047,-23.753999710083008,1.278826355934143,2.8367466926574707,0.24466414749622345,0.29292017221450806,0.20769231021404266,0.2956726849079132
42.90599822998047,-23.753999710083008,1.2604376077651978,5.976515769958496,0.1010284423828125,0.03953394666314125,-0.088286392390728,0.5511140823364258
42.90599822998047,-22.753999710083008,1.2011479139328003,3.6516575813293457,0.928531289100647,2.9988529682159424,-0.006014934275299311,0.04309782385826111
42.90599822998047,-22.753999710083008,1.3029648065567017,2.760366201400757,0.08906444907188416,0.027963100001215935,0.11086897552013397,0.35378211736679077
42.90599822998047,-22.753999710083008,1.3052568435668945,5.9034528732299805,0.10691714286804199,0.04426730424165726,-0.14988093078136444,0.6031200885772705
42.90599822998047,-21.753999710083008,1.0039889812469482,6.030981540679932,0.2554953992366791,2.6451070308685303,0.13179586827754974,0.14290963113307953
42.90599822998047,-21.753999710083008,1.0593291521072388,3.019042730331421,0.08534960448741913,0.14889131486415863,-0.04460761323571205,0.28179892897605896
42.90599822998047,-21.753999710083008,1.1813299655914307,5.8425612449646,0.0921800509095192,0.04392373561859131,0.11808072030544281,0.5752914547920227
42.90599822998047,-20.753999710083008,1.109863042831421,1.251138687133789,0.4293917119503021,2.100785493850708,0.140878826379776,0.07185819745063782
42.90599822998047,-20.753999710083008,1.0111216306686401,3.3105900287628174,0.05683896318078041,0.12323687225580215,0.020354241132736206,0.47308409214019775
42.90599822998047,-20.753999710083008,1.1420282125473022,6.223095417022705,0.08090976625680923,0.05765137821435928,0.06798387318849564,0.45505762100219727
42.90599822998047,-19.753999710083008,0.7729846835136414,1.5007792711257935,0.07869163155555725,2.466917037963867,0.11969650536775589,0.4303154945373535
42.90599822998047,-19.753999710083008,0.673184871673584,3.204775094985962,0.07621952146291733,0.9696216583251953,0.09695079922676086,0.4999160170555115
42.90599822998047,-19.753999710083008,0.7910913825035095,0.030949771404266357,0.06319374591112137,0.3023814857006073,0.016158146783709526,0.0697684958577156
42.90599822998047,-18.753999710083008,0.7907533645629883,4.731078147888184,0.08949632197618484,2.0664422512054443,0.0800577849149704,0.21730729937553406
42.90599822998047,-18.753999710083008,0.9034321308135986,2.7089428901672363,0.15191887319087982,0.19386662542819977,0.10128508508205414,0.1794998198747635
42.90599822998047,-18.753999710083008,0.9838547110557556,6.010675430297852,0.0710342600941658,0.03704788163304329,0.019990189000964165,0.603192925453186
42.90599822998047,-17.753999710083008,0.663503885269165,0.46895062923431396,0.05488443747162819,2.146259069442749,0.22168239951133728,0.4113166034221649
42.90599822998047,-17.753999710083008,0.7169312834739685,2.267228364944458,0.10453908890485764,0.6331131458282471,0.06776506453752518,0.30967026948928833
42.90599822998047,-17.753999710083008,0.9090732336044312,0.12576256692409515,0.09287536889314651,0.07710131257772446,-0.07307001203298569,0.27901318669319153
42.90599822998047,-16.753999710083008,0.8880149722099304,1.4040274620056152,0.22778508067131042,0.8973038792610168,0.2582324147224426,0.2666725218296051
42.90599822998047,-16.753999710083008,0.9497655630111694,1.8452767133712769,0.06476286798715591,0.08684803545475006,0.01865612529218197,0.43357911705970764
42.90599822998047,-16.753999710083008,0.983620285987854,0.7065027356147766,0.22112181782722473,0.3087460994720459,-9.197965118801221e-05,0.29974836111068726
43.90599822998047,-27.753999710083008,0.9156594276428223,4.589983940124512,0.2450459599494934,0.3176679015159607,0.21182799339294434,0.034669749438762665
43.90599822998047,-27.753999710083008,0.42271390557289124,0.014512315392494202,0.13173899054527283,11.060897827148438,-0.1274094134569168,3.172058131895028e-05
43.90599822998047,-27.753999710083008,0.5371307730674744,5.202584266662598,0.0057167173363268375,0.05034002661705017,-0.05195219814777374,0.9652984738349915
43.90599822998047,-26.753999710083008,0.6905278563499451,4.013587474822998,0.16881044209003448,1.1228833198547363,0.07088012248277664,0.3326638340950012
43.90599822998047,-26.753999710083008,0.4836081862449646,0.7215461134910583,0.039353106170892715,1.029083013534546,-0.042601678520441055,0.1372356414794922
43.90599822998047,-26.753999710083008,0.646833062171936,4.305509567260742,0.03020850196480751,0.7053866982460022,0.1681298464536667,0.5301005244255066
43.90599822998047,-25.753999710083008,0.8755882978439331,5.266229629516602,0.3206581175327301,1.418821930885315,-0.04406997188925743,0.1072733998298645
43.90599822998047,-25.753999710083008,0.5534763932228088,2.1376261711120605,0.03243780881166458,0.9213245511054993,0.007481255568563938,0.1925744265317917
43.90599822998047,-25.753999710083008,0.6714836359024048,5.387047290802002,0.018969932571053505,0.9947284460067749,0.1270878165960312,0.7001520991325378
43.90599822998047,-24.753999710083008,0.9150605201721191,5.05008602142334,0.13713042438030243,1.5669232606887817,-0.0011187324998900294,0.44703832268714905
43.90599822998047,-24.753999710083008,0.8747033476829529,2.464545488357544,0.16346687078475952,1.0598201751708984,0.03644460812211037,0.34597423672676086
43.90599822998047,-24.753999710083008,1.2151039838790894,6.153169631958008,0.2913474142551422,0.20042982697486877,0.10780780017375946,0.2069873958826065
43.90599822998047,-23.753999710083008,0.9614912867546082,4.323113441467285,0.26203927397727966,1.774600863456726,0.13310866057872772,0.10961322486400604
43.90599822998047,-23.753999710083008,1.1937729120254517,2.9539785385131836,0.1872061789035797,0.41536426544189453,0.1181819960474968,0.28451043367385864
43.90599822998047,-23.753999710083008,1.298448920249939,5.955993175506592,0.12811927497386932,0.03579918295145035,-0.15795579552650452,0.6058762669563293
43.90599822998047,-22.753999710083008,1.1696281433105469,3.016303539276123,0.687388002872467,2.5351648330688477,0.06069892272353172,0.048383019864559174
43.90599822998047,-22.753999710083008,1.1995038986206055,2.703767776489258,0.07177697867155075,0.038403384387493134,0.1101265549659729,0.24534033238887787
43.90599822998047,-22.753999710083008,1.3290537595748901,5.964838981628418,0.08044853806495667,0.041486214846372604,-0.1744147092103958,0.7062767148017883
43.90599822998047,-21.753999710083008,0.9453555941581726,6.0003814697265625,0.14935390651226044,2.1550722122192383,0.07033726572990417,0.15466955304145813
43.90599822998047,-21.753999710083008,1.083784818649292,2.765594005584717,0.11750384420156479,0.2312963902950287,0.18498201668262482,0.20941928029060364
43.90599822998047,-21.753999710083008,1.1928610801696777,5.9536261558532715,0.08543934673070908,0.042663346976041794,0.028927363455295563,0.635911226272583
43.90599822998047,-20.753999710083008,1.1112133264541626,1.6642118692398071,0.20269058644771576,2.869229555130005,0.15466590225696564,0.3307172656059265
43.90599822998047,-20.753999710083008,1.1254178285598755,3.564406633377075,0.0718202143907547,0.04581480473279953,0.07835868000984192,0.42117637395858765
43.90599822998047,-20.753999710083008,1.125698208808899,0.15850888192653656,0.07163179665803909,0.03711816668510437,0.11011086404323578,0.24810628592967987
43.90599822998047,-19.753999710083008,1.1007964611053467,0.5557445883750916,0.2881603538990021,2.1644365787506104,0.10400452464818954,0.2842787206172943
43.90599822998047,-19.753999710083008,0.8488917350769043,3.057640314102173,0.10695995390415192,1.303773283958435,0.00930533092468977,0.5649558305740356
43.90599822998047,-19.753999710083008,1.0802773237228394,0.2327641248703003,0.09201477468013763,0.08220309019088745,-0.1833251416683197,0.15076540410518646
43.90599822998047,-18.753999710083008,0.7636526823043823,4.850287437438965,0.08192770183086395,1.7798738479614258,-0.011266781017184258,0.26490727066993713
43.90599822998047,-18.753999710083008,0.8624893426895142,2.430450201034546,0.14632727205753326,0.30209407210350037,0.15556393563747406,0.2002568393945694
43.90599822998047,-18.753999710083008,0.992630124092102,5.946327209472656,0.09209708124399185,0.04904291778802872,0.031485751271247864,0.5348358750343323
43.90599822998047,-17.753999710083008,0.7383952736854553,1.372956395149231,0.05615885183215141,1.7528939247131348,0.027115430682897568,0.5469366908073425
43.90599822998047,-17.753999710083008,0.7037296891212463,2.524055242538452,0.14872337877750397,0.8267369270324707,0.11374672502279282,0.06999701261520386
43.90599822998047,-17.753999710083008,0.921318531036377,0.1409134864807129,0.1018594279885292,0.07076843827962875,0.03183415159583092,0.38306623697280884
43.90599822998047,-16.753999710083008,1.0692471265792847,1.6215617656707764,0.65534508228302,3.024000883102417,0.19643522799015045,0.013742213137447834
43.90599822998047,-16.753999710083008,0.9977455735206604,2.187100410461426,0.025314830243587494,0.06683089584112167,0.2798393964767456,0.9723203182220459
43.90599822998047,-16.753999710083008,1.0600860118865967,0.13320332765579224,0.15060070157051086,0.2724488377571106,0.05736280605196953,0.013937405310571194
44.90599822998047,-27.753999710083008,0.9322839975357056,0.9385124444961548,0.2688375413417816,1.576037049293518,0.10713022202253342,0.026293527334928513
44.90599822998047,-27.753999710083008,0.5547706484794617,0.04975558817386627,0.13447217643260956,0.6970244646072388,0.2724580466747284,0.0018426987808197737
44.90599822998047,-27.753999710083008,0.6902170181274414,5.6969428062438965,0.021166950464248657,0.04144468531012535,0.042977962642908096,0.9718637466430664
44.90599822998047,-26.753999710083008,0.7481977939605713,5.256291389465332,0.24037227034568787,1.0488814115524292,0.08785374462604523,0.09982514381408691
44.90599822998047,-26.753999710083008,0.4960173964500427,1.3772153854370117,0.06721017509698868,1.474159836769104,0.01948343776166439,0.010044567286968231
44.90599822998047,-26.753999710083008,0.6028055548667908,4.70283842086792,0.015469340607523918,0.1571548730134964,0.13616685569286346,0.8901302814483643
44.90599822998047,-25.753999710083008,0.9634950757026672,4.923564434051514,0.4273752272129059,1.9523779153823853,0.16968263685703278,0.21506467461585999
44.90599822998047,-25.753999710083008,0.5551173686981201,1.6568107604980469,0.01428732369095087,1.0624046325683594,-0.09348945319652557,0.690227210521698
44.90599822998047,-25.753999710083008,0.7359079718589783,5.778554916381836,0.03406883031129837,2.1297826766967773,0.08885370194911957,0.09470817446708679
44.90599822998047,-24.753999710083008,0.861191987991333,5.359223365783691,0.088655985891819,2.091310501098633,-0.04805473983287811,0.5394914746284485
44.90599822998047,-24.753999710083008,0.904367983341217,2.7567219734191895,0.20891091227531433,1.4347575902938843,0.16937577724456787,0.18884867429733276
44.90599822998047,-24.753999710083008,1.2215914726257324,6.0810747146606445,0.14826233685016632,0.06508924067020416,-0.0437898226082325,0.27165988087654114
44.90599822998047,-23.753999710083008,0.9180749654769897,5.1070990562438965,0.24450966715812683,2.0666279792785645,0.09502565115690231,0.16108521819114685
44.90599822998047,-23.753999710083008,1.0381603240966797,2.8497695922851562,0.12450163066387177,0.2621953785419464,0.07494178414344788,0.31152698397636414
44.90599822998047,-23.753999710083008,1.219992756843567,5.956145286560059,0.11487355828285217,0.04214990884065628,-0.09117674082517624,0.527387797832489
44.90599822998047,-22.753999710083008,1.1295720338821411,4.201663970947266,0.5175061225891113,2.578829050064087,0.04917864501476288,0.08501806855201721
44.90599822998047,-22.753999710083008,1.086515188217163,2.6303205490112305,0.06640270352363586,0.04943779855966568,0.10006924718618393,0.19531168043613434
44.90599822998047,-22.753999710083008,1.2233434915542603,5.963593006134033,0.07496151328086853,0.04773906245827675,-0.12033583223819733,0.719670295715332
44.90599822998047,-21.753999710083008,1.008109211921692,5.391097068786621,0.18848781287670135,2.4600906372070312,0.1107482835650444,0.1603022962808609
44.90599822998047,-21.753999710083008,0.9634374976158142,2.617062568664551,0.0981866791844368,0.4561556577682495,0.2135300487279892,0.31684935092926025
44.90599822998047,-21.753999710083008,1.144182801246643,6.013729095458984,0.09025273472070694,0.06713099777698517,-0.02550591342151165,0.5228483080863953
44.90599822998047,-20.753999710083008,1.1464424133300781,1.6097426414489746,0.16059358417987823,2.9701297283172607,0.18830031156539917,0.581203043460846
44.90599822998047,-20.753999710083008,1.0249501466751099,3.5159928798675537,0.0745428130030632,0.1269558072090149,0.25762325525283813,0.3129737377166748
44.90599822998047,-20.753999710083008,1.1116211414337158,0.24601557850837708,0.07791194319725037,0.03771999478340149,0.057608429342508316,0.10582328587770462
44.90599822998047,-19.753999710083008,1.240702748298645,5.5940985679626465,0.7829478979110718,1.175577163696289,0.02490912191569805,0.06543047726154327
44.90599822998047,-19.753999710083008,0.8567843437194824,2.299633264541626,0.0721544474363327,1.4973537921905518,-0.02452688291668892,0.47235536575317383
44.90599822998047,-19.753999710083008,1.1641335487365723,0.2610539495944977,0.12934772670269012,0.12730656564235687,-0.03624901548027992,0.4622141718864441
44.90599822998047,-18.753999710083008,0.7772248387336731,5.070835590362549,0.14157921075820923,1.0228902101516724,0.010992582887411118,0.151442289352417
44.90599822998047,-18.753999710083008,0.8024662733078003,1.9626853466033936,0.10967423021793365,0.5653935670852661,-0.05485408008098602,0.28325173258781433
44.90599822998047,-18.753999710083008,1.0997716188430786,6.05234432220459,0.220833882689476,0.16435939073562622,0.14462298154830933,0.5653060078620911
44.90599822998047,-17.753999710083008,0.8839930295944214,1.3774358034133911,0.21027082204818726,1.5081459283828735,0.014366252347826958,0.2410047948360443
44.90599822998047,-17.753999710083008,0.6074318885803223,2.1254920959472656,0.07985734194517136,0.909558117389679,0.11299630254507065,0.09030543267726898
44.90599822998047,-17.753999710083008,0.9741826057434082,0.15775299072265625,0.12851941585540771,0.09613386541604996,-0.0402129665017128,0.6686897873878479
44.90599822998047,-16.753999710083008,1.2337621450424194,0.5728809833526611,1.3249980211257935,3.1851744651794434,0.1513821929693222,0.009837603196501732
44.90599822998047,-16.753999710083008,1.0219449996948242,2.4692015647888184,0.02270243503153324,0.09284791350364685,0.1637747883796692,0.9567432403564453
44.90599822998047,-16.753999710083008,1.2239097356796265,5.959583759307861,0.1536608636379242,0.1996432989835739,0.19056086242198944,0.033419184386730194
45.90599822998047,-26.753999710083008,0.9388527274131775,5.035905838012695,0.46747925877571106,2.0048506259918213,0.22888296842575073,0.007663439027965069
45.90599822998047,-26.753999710083008,0.645037829875946,1.6822102069854736,0.1617603600025177,0.871992826461792,0.13244478404521942,0.0054684774950146675
45.90599822998047,-26.753999710083008,0.6256629824638367,5.897712707519531,0.03183641657233238,0.07243281602859497,-0.04206844046711922,0.986868143081665
45.90599822998047,-25.753999710083008,1.0236588716506958,5.831979751586914,0.44021597504615784,0.9423189759254456,0.14681218564510345,0.20095328986644745
45.90599822998047,-25.753999710083008,0.65360027551651,1.3664356470108032,0.11471930146217346,3.7119901180267334,-0.2964105010032654,0.015836236998438835
45.90599822998047,-25.753999710083008,0.6849751472473145,5.473019123077393,0.0412188358604908,1.280487060546875,-0.13502255082130432,0.7832104563713074
45.90599822998047,-24.753999710083008,0.9387033581733704,6.1134796142578125,0.1483963429927826,1.4442188739776611,0.02998899482190609,0.27791833877563477
45.90599822998047,-24.753999710083008,0.8686036467552185,3.0521345138549805,0.1316593587398529,0.6913822293281555,0.2572450041770935,0.10987391322851181
45.90599822998047,-24.753999710083008,1.0199835300445557,6.101634979248047,0.05811210721731186,0.055070988833904266,0.07410003244876862,0.6122077703475952
45.90599822998047,-23.753999710083008,1.1659119129180908,0.3222465217113495,0.6259180903434753,2.9187636375427246,0.06814384460449219,0.08247409760951996
45.90599822998047,-23.753999710083008,1.042401671409607,2.650481700897217,0.05110419914126396,0.04105553403496742,-0.028134819120168686,0.23199893534183502
45.90599822998047,-23.753999710083008,1.109292984008789,5.951053142547607,0.061082735657691956,0.051597315818071365,0.040602173656225204,0.6855269074440002
45.90599822998047,-22.753999710083008,1.0515201091766357,4.971282958984375,0.375881165266037,2.2322354316711426,0.062405213713645935,0.1386641561985016
45.90599822998047,-22.753999710083008,1.0089577436447144,2.521731376647949,0.0724903792142868,0.046732347458601,-0.03891932591795921,0.2799071669578552
45.90599822998047,-22.753999710083008,1.0823441743850708,5.887673854827881,0.06957454979419708,0.04631974548101425,-0.02141333371400833,0.5814286470413208
45.90599822998047,-21.753999710083008,0.9608824849128723,5.384121417999268,0.15456688404083252,2.1055822372436523,0.12443120777606964,0.35848432779312134
45.90599822998047,-21.753999710083008,0.8600985407829285,2.0681025981903076,0.06769800931215286,0.23459018766880035,-0.09958142787218094,0.3386900722980499
45.90599822998047,-21.753999710083008,1.004734992980957,5.929051876068115,0.11109714955091476,0.26630789041519165,-0.12556812167167664,0.3028256297111511
45.90599822998047,-20.753999710083008,1.0133366584777832,4.261096954345703,0.2211344987154007,1.6802550554275513,0.36630475521087646,0.32822513580322266
45.90599822998047,-20.753999710083008,0.7339541912078857,2.5747439861297607,0.03941495716571808,0.4007434546947479,-0.14760880172252655,0.4532296359539032
45.90599822998047,-20.753999710083008,0.9854702353477478,6.2825775146484375,0.18939101696014404,0.6307814717292786,0.04713549464941025,0.21854519844055176
45.90599822998047,-19.753999710083008,1.0990402698516846,4.993365287780762,0.545724093914032,1.2331874370574951,0.09585237503051758,0.08909651637077332
45.90599822998047,-19.753999710083008,0.8881056308746338,1.7595953941345215,0.07732369750738144,0.4962335228919983,0.04830290749669075,0.2780437469482422
45.90599822998047,-19.753999710083008,1.0760328769683838,0.2902105450630188,0.1401376575231552,0.12788133323192596,0.1541736125946045,0.6328596472740173
45.90599822998047,-18.753999710083008,1.0448867082595825,1.4320992231369019,0.5079196691513062,0.6588358283042908,0.07067082077264786,0.20021171867847443
45.90599822998047,-18.753999710083008,0.7196752429008484,1.5626838207244873,0.07645958662033081,0.5330410003662109,0.026142606511712074,0.2877216935157776
45.90599822998047,-18.753999710083008,1.0217119455337524,0.08356720209121704,0.22241538763046265,0.3592106103897095,0.11605416983366013,0.5120666027069092
45.90599822998047,-17.753999710083008,1.1438076496124268,1.2466017007827759,1.1471800804138184,1.2439665794372559,0.05698562413454056,0.033189766108989716
45.90599822998047,-17.753999710083008,0.7276802062988281,1.26314377784729,0.057462748140096664,0.2667295038700104,0.30121204257011414,0.651414692401886
45.90599822998047,-17.753999710083008,1.1338815689086914,0.6140332818031311,0.3430469036102295,0.06001417338848114,0.035818442702293396,0.3153955042362213
46.90599822998047,-25.753999710083008,1.0462133884429932,0.4168016314506531,0.49739062786102295,0.5962638258934021,0.14845122396945953,0.2572915852069855
46.90599822998047,-25.753999710083008,0.5886262059211731,1.6771137714385986,0.16998283565044403,10.526703834533691,-0.13214224576950073,0.016389649361371994
46.90599822998047,-25.753999710083008,0.7084392309188843,5.646219730377197,0.058225635439157486,0.6159272789955139,-0.20932424068450928,0.7263187170028687
46.90599822998047,-24.753999710083008,1.2870818376541138,5.487165451049805,1.453041434288025,1.4636552333831787,0.14508236944675446,0.06327354907989502
46.90599822998047,-24.753999710083008,0.7765039801597595,3.5811212062835693,0.10982741415500641,0.722184419631958,0.3175298571586609,0.04814034700393677
46.90599822998047,-24.753999710083008,0.9586750268936157,5.757587909698486,0.05770157277584076,0.21014399826526642,0.0018571533728390932,0.8885861039161682
46.90599822998047,-23.753999710083008,1.0480793714523315,5.549567222595215,0.27619925141334534,1.332690715789795,0.04267913103103638,0.1338251382112503
46.90599822998047,-23.753999710083008,0.8261823654174805,2.2007105350494385,0.07489068061113358,0.14842179417610168,0.018465697765350342,0.0651102140545845
46.90599822998047,-23.753999710083008,0.995499849319458,5.7550458908081055,0.06784334778785706,0.13351351022720337,0.021904874593019485,0.801064670085907
46.90599822998047,-22.753999710083008,1.0557312965393066,4.487514019012451,0.41701528429985046,0.6728560328483582,0.08439728617668152,0.24140040576457977
46.90599822998047,-22.753999710083008,0.9885515570640564,1.8919291496276855,0.07928380370140076,0.03719557821750641,-0.09885217249393463,0.4885340929031372
46.90599822998047,-22.753999710083008,0.9868589043617249,5.4667277336120605,0.08258087933063507,0.20523807406425476,-0.08014622330665588,0.2700655162334442
46.90599822998047,-21.753999710083008,0.9107510447502136,5.1681108474731445,0.1305636614561081,1.1999363899230957,0.10907866805791855,0.24739590287208557
46.90599822998047,-21.753999710083008,1.083367109298706,1.511663556098938,0.0932733565568924,0.041466716676950455,-0.04196556285023689,0.6637710928916931
46.90599822998047,-21.753999710083008,0.9387555718421936,5.181081771850586,0.1642802208662033,0.2800617218017578,0.04856394603848457,0.08883301913738251
46.90599822998047,-20.753999710083008,0.9454213380813599,5.870603561401367,0.12720905244350433,1.1486786603927612,0.09992125630378723,0.3372074067592621
46.90599822998047,-20.753999710083008,1.0793449878692627,1.4245288372039795,0.10539193451404572,0.0755494236946106,-0.07267896831035614,0.6463379263877869
46.90599822998047,-20.753999710083008,1.061187982559204,6.262763023376465,0.31579867005348206,0.38611963391304016,0.08983956277370453,0.016454685479402542
46.90599822998047,-19.753999710083008,0.9526392817497253,0.5860505700111389,0.3453204333782196,1.2590982913970947,0.19225817918777466,0.35293543338775635
46.90599822998047,-19.753999710083008,0.9479261636734009,1.5163707733154297,0.10986439138650894,0.12475556135177612,-0.039294224232435226,0.5179163813591003
46.90599822998047,-19.753999710083008,0.9911243915557861,0.1601065993309021,0.16667085886001587,0.1105121523141861,0.08581254631280899,0.12914817035198212
46.90599822998047,-18.753999710083008,1.342308759689331,1.8679938316345215,2.9998669624328613,0.6874448657035828,0.1568204015493393,0.024518610909581184
46.90599822998047,-18.753999710083008,0.9749661087989807,0.9725971817970276,0.09178753942251205,0.1498110443353653,0.2934931516647339,0.8978068232536316
46.90599822998047,-18.753999710083008,1.1149266958236694,0.08262723684310913,0.4288594722747803,0.26486438512802124,0.2099284529685974,0.07767459005117416
46.90599822998047,-17.753999710083008,1.3210198879241943,0.16171428561210632,2.6407887935638428,0.6681768894195557,0.15126579999923706,0.0063503943383693695
46.90599822998047,-17.753999710083008,1.3718831539154053,0.6025328636169434,0.09973888844251633,0.06674148887395859,0.44807517528533936,0.7988736033439636
46.90599822998047,-17.753999710083008,1.377891182899475,0.3696807324886322,0.30766820907592773,0.03911275044083595,0.2850438058376312,0.1947760134935379
47.90599822998047,-25.753999710083008,0.9301629066467285,6.217046737670898,0.13409435749053955,0.7450397610664368,0.0436689518392086,0.962011456489563
47.90599822998047,-25.753999710083008,0.8805229663848877,2.3215432167053223,0.04915525019168854,0.08685685694217682,0.15843962132930756,0.02887776866555214
47.90599822998047,-25.753999710083008,1.1347005367279053,5.646081924438477,0.09444977343082428,0.04218609258532524,0.09710616618394852,0.009110802784562111
47.90599822998047,-24.753999710083008,1.0226625204086304,5.8263840675354,0.5474342703819275,1.0380265712738037,0.07841292768716812,0.02156880497932434
47.90599822998047,-24.753999710083008,0.7654536962509155,2.71144962310791,0.15446524322032928,0.6197834610939026,0.05650801956653595,0.005552472546696663
47.90599822998047,-24.753999710083008,0.9456872940063477,5.845923900604248,0.06040274351835251,0.057650718837976456,-0.11938038468360901,0.9728787541389465
47.90599822998047,-23.753999710083008,1.054856538772583,0.5340362787246704,0.10629811137914658,0.40737175941467285,-0.12253506481647491,0.29735201597213745
47.90599822998047,-23.753999710083008,0.9194979667663574,1.5269577503204346,0.282088041305542,1.4623572826385498,0.2715478241443634,0.003317371942102909
47.90599822998047,-23.753999710083008,0.8892543315887451,6.154494285583496,0.07556084543466568,0.1372993290424347,-0.24767331779003143,0.6993306279182434
47.90599822998047,-22.753999710083008,0.9801622629165649,5.33803129196167,0.3230334520339966,0.7865533232688904,0.07660342007875443,0.25818923115730286
47.90599822998047,-22.753999710083008,0.8395485281944275,1.13008713722229,0.17535099387168884,0.31430500745773315,0.09648329764604568,0.006422200705856085
47.90599822998047,-22.753999710083008,0.8495262265205383,5.822391033172607,0.055291589349508286,0.07677758485078812,-0.14223967492580414,0.7353886365890503
47.90599822998047,-21.753999710083008,0.7796321511268616,5.729487419128418,0.059588879346847534,0.13604779541492462,0.09780945628881454,0.3165126442909241
47.90599822998047,-21.753999710083008,1.1351954936981201,0.3990243673324585,0.35650432109832764,0.19007961452007294,0.23388519883155823,0.6358746290206909
47.90599822998047,-21.753999710083008,0.749872624874115,5.791478157043457,0.37341123819351196,0.6184123158454895,-0.05239421874284744,0.04761278256773949
47.90599822998047,-20.753999710083008,0.7747793197631836,0.05158169940114021,0.16060513257980347,0.5069534182548523,0.22495701909065247,0.07276508957147598
47.90599822998047,-20.753999710083008,0.7901251912117004,0.8310291767120361,0.05788806080818176,0.09817825257778168,0.37011221051216125,0.9260269999504089
47.90599822998047,-20.753999710083008,0.5495107769966125,0.2990332543849945,0.3571973741054535,0.8437955975532532,0.10966639220714569,0.0012078866129741073
47.90599822998047,-19.753999710083008,1.1339545249938965,4.6086907386779785,0.5283246040344238,0.8487497568130493,0.13106603920459747,0.005156442057341337
47.90599822998047,-19.753999710083008,0.9565228223800659,0.441547155380249,0.044850368052721024,0.12610720098018646,0.6542968153953552,0.992774486541748
47.90599822998047,-19.753999710083008,0.853298008441925,2.6166481971740723,0.4107320010662079,0.10014988481998444,0.00427248002961278,0.00206908886320889
47.90599822998047,-18.753999710083008,1.6297804117202759,4.429235935211182,1.5514425039291382,0.4533224105834961,0.15343701839447021,0.0015885765897110105
47.90599822998047,-18.753999710083008,1.4795156717300415,0.19184912741184235,0.09046314656734467,0.24459309875965118,0.7003219127655029,0.9954212307929993
47.90599822998047,-18.753999710083008,1.5786367654800415,1.148639440536499,0.5165573954582214,0.08863810449838638,0.09465151280164719,0.0029901904053986073
